Rank,TeamId,TeamName,LastSubmissionDate,Score,SubmissionCount,TeamMemberUserNames
1,16718819,Majkel1337,"2026-09-18 14:06:33",3226.7,2,majkel1337
2,16732748,DSM,"2026-09-18 16:47:26",3124.2,2,"denden12,masspeaks,shimishige"
3,16730524,"THIRD FARM CLUB","2026-09-18 16:06:16",3104.9,2,"bowwowforeach,mooegi,shunrcn,simann"
4,16640510,SpaTaro,"2026-09-16 20:14:02",3104.4,2,tarosqrd2
5,16664246,"Sida Zuo","2026-09-15 22:42:16",3081.2,2,sidazuo
6,16732403,ymg_aq,"2026-09-17 13:21:29",3064.5,2,ymgpalaqs
7,16675778,"Orbital Terraformer","2026-09-15 22:56:40",3049.3,2,tubotubo
8,16730612,"Unknown Mother-Goose","2026-09-18 13:52:58",3040.8,2,linkinpony
9,16817528,QQ,"2026-09-18 10:36:37",3032.1,2,william950615
10,16760569,"Otter Vibe","2026-09-18 11:02:38",3029.8,2,gyuminsong
11,16673205,"Arda Ceylan","2026-09-18 12:41:28",3007.4,2,ardacey
12,16671741,Excluding,"2026-09-18 05:56:05",2996.9,2,excluding
13,16622198,"THUNDER THUNDER","2026-09-18 14:58:42",2996.2,2,thunderthunder
14,16685950,"Planned Economy","2026-09-17 00:10:44",2994.6,2,alturutin
15,16758882,mtmr_s1,"2026-09-18 12:58:21",2991.7,2,mtmrs1
16,16760701,"Yannik Schiffner","2026-09-18 18:39:37",2983.2,2,yannikschiffner
17,16685556,binghua,"2026-09-17 15:39:53",2981.1,2,binghua123
18,16748733,"Driz Lo","2026-09-18 19:09:37",2967.3,2,drizlo
19,16767215,keiz,"2026-09-18 00:00:43",2965.2,2,keizkeiz
20,16693904,DeeperNet,"2026-09-16 12:52:21",2960.6,2,"deepernet,kkkggg,xblade"
21,16882725,Ebi,"2026-09-15 10:01:29",2959.0,2,ebinan92
22,16732521,redblackbst,"2026-09-18 10:34:36",2955.4,2,redblackbst
23,16805699,"feel the agi","2026-09-18 19:28:03",2953.5,2,nulldata
24,16739633,kwa,"2026-09-18 15:17:22",2951.3,2,ikaroskaggle
25,16706222,"Xiangyu Liu","2026-09-15 09:31:18",2945.0,2,xiangyuliu007
26,16863959,"Một hai ba bốn 5 sáu bảy tám 9","2026-09-18 19:36:01",2939.8,2,thangnm1
27,16629685,mikelou1,"2026-09-18 02:00:56",2938.5,2,mikelou1
28,16623716,"tetsuya & yuanzhe & guoqi","2026-09-18 18:22:36",2932.0,2,"guoqingu,tetsuya3510,yuanzhezhou"
29,16857676,"Justin Yang","2026-09-18 06:02:06",2922.7,2,zake7749
30,16640467,Catalyst,"2026-09-18 09:07:27",2922.1,2,vibekaggler
31,16727266,Agricola,"2026-09-17 14:16:46",2917.8,2,ebisuya
32,16658349,lingxiaojun,"2026-09-14 06:10:06",2917.8,2,lingxiaojun
33,16641710,yjshyfy,"2026-09-17 15:48:21",2916.2,2,yjshyfy
34,16706321,lumen,"2026-09-15 06:00:37",2915.0,2,lumenyuto
35,16884121,Radiant,"2026-09-18 02:10:57",2909.1,2,"dnpkkk,xxxxxx6x"
36,16672709,"RS Turley","2026-09-18 17:49:14",2909.0,2,rturley
37,16719123,"Thomas Tschinkel","2026-09-19 00:01:59",2903.3,2,thomastschinkel
38,16915651,"agi here, asi soon","2026-09-18 20:03:09",2903.3,2,c0ldzy
39,16883168,jojo,"2026-09-18 02:16:40",2900.9,2,jojojablon
40,16891703,"Rasmus Hulthe","2026-09-18 21:00:09",2900.2,2,zazmuz
41,16633341,Hak,"2026-09-17 23:39:34",2899.0,2,hakdevelopment
42,16723379,local,"2026-09-18 05:49:30",2897.5,2,matteo123383iend
43,16811948,"xiao xiongwei","2026-09-18 13:45:07",2893.7,2,"huyang111,xiaoxiongwei"
44,16630825,"Black Mamba Farm","2026-09-18 03:40:05",2892.4,2,"asherjyd,frankyhz,qizhiran,yukundu231100"
45,16632021,istinetz,"2026-09-18 14:24:39",2891.1,2,istinetz
46,16629972,"forever young","2026-09-19 00:00:21",2889.7,2,keisukeyokota0428
47,16653982,"Arul Prasad S P","2026-09-18 15:20:06",2889.7,2,arulprasadsp
48,16675240,Leifson1337,"2026-09-18 20:27:39",2889.5,2,leifson1337
49,16867734,SH11235,"2026-09-18 18:54:05",2888.3,2,sh11235
50,16748173,pensukesan,"2026-09-18 10:17:19",2887.8,2,pensukesan
51,16665237,"Ad Space Available","2026-09-17 06:33:47",2887.7,2,"rainchen0411,richardsilence,tongyuexiao"
52,16891058,Navier-stokes,"2026-09-18 10:48:05",2886.1,2,"nguyenkhanhvu,nhtlongcs"
53,16623697,yuto083,"2026-09-18 13:43:43",2885.5,2,yuto0712
54,16865335,"Hire me! 🤗 [Viktor Cikojevic]","2026-09-16 13:41:48",2885.4,2,viktorcikojevic
55,16887437,EthanL67,"2026-09-18 14:34:15",2885.3,2,ethanl67
56,16690867,HowardLeeTW,"2026-09-13 08:07:14",2883.6,2,howardleetw
57,16891396,易思言ysy,"2026-09-17 15:02:45",2878.8,2,ysykevin
58,16668783,Zyy7390,"2026-09-18 18:22:11",2876.8,2,"tigerrrrrr,zyy7390"
59,16644724,"Kaggriculture Agent","2026-09-18 21:06:23",2876.5,2,"jiweiliu,tonylica,yiheng"
60,16773026,アルモンド,"2026-09-18 21:12:06",2875.3,2,almondman0707
61,16623559,DECEM,"2026-09-18 23:33:17",2875.2,2,zy1343930734
62,16740419,IamDiganta.7,"2026-09-17 23:54:22",2874.1,2,iamdiganta7
63,16697767,"Teddy Tennant","2026-09-18 12:46:35",2873.6,2,thtennant
64,16744979,"Ahmed Alhassan","2026-09-13 21:51:58",2873.5,2,ahmed55
65,16890669,"Fuchun Wang","2026-09-18 14:42:40",2872.1,2,wangfuchunag
66,16759402,Capitaalgain,"2026-09-18 17:26:23",2872.1,2,capitaalgain
67,16632224,Roxy,"2026-09-17 11:01:25",2872.0,2,yamakawanin
68,16793600,mogura2.0,"2026-09-18 15:19:54",2869.5,2,mogura20
69,16640048,"extra eclaire","2026-09-18 02:55:40",2866.9,2,"aeniminu,extraeclaire"
70,16751828,地主,"2026-09-18 17:31:57",2866.0,2,toseihatori
71,16727171,yfy,"2026-09-18 11:54:04",2865.7,2,qwidndbdjss
72,16684093,"fog flower","2026-09-17 00:09:47",2863.1,2,fogflower
73,16918411,"Gautier Marti","2026-09-18 19:28:15",2861.3,2,gautiermarti
74,16633100,"Emile Andrieu","2026-09-17 17:36:41",2860.2,2,emileandrieu
75,16810171,kta_jpn,"2026-09-18 17:16:31",2859.3,2,ktajpn
76,16669935,"Roman Svet","2026-09-18 17:04:35",2858.4,2,romansvet
77,16888950,"Qize He","2026-09-18 23:56:09",2857.6,2,watcher996
78,16677337,"xi luo","2026-09-18 15:59:22",2854.3,2,xiluo00
79,16731275,carbonapi,"2026-09-18 02:08:05",2851.6,2,nonempty
80,16810595,dauriel,"2026-09-18 08:21:42",2851.2,2,dauriel
81,16735539,"Joe Muller","2026-09-18 10:45:47",2850.6,2,joemuller
82,16884858,HojunLee,"2026-09-18 20:24:42",2849.8,2,hojuna
83,16775350,"Sourabh Nirwanevht","2026-09-18 16:55:43",2849.4,2,"sourabhnirwanevht,yanggod"
84,16635108,"cabbage corp","2026-09-18 19:53:07",2848.6,2,"kagglercs,phoenix0501"
85,16732496,kanno,"2026-09-18 13:52:15",2848.5,2,kannomasaki
86,16773244,"Yudai Ueno","2026-09-19 00:04:51",2846.2,2,yudaiueno
87,16803103,hugghngkai,"2026-09-18 19:13:44",2845.3,2,hugghngkai
88,16860784,xxxx0314,"2026-09-18 21:19:04",2845.0,2,"kirklandsan,xxxx0314,yunfeiyang223"
89,16910633,Shawn404,"2026-09-17 23:17:15",2842.6,2,shawn404
90,16732552,RyutoKeshi,"2026-09-18 15:59:55",2840.9,2,ryutokeshi
91,16898090,"Zbigniew Kirchner","2026-09-18 15:37:16",2839.7,2,zbigniewkirchner
92,16764394,haseryooooo,"2026-09-18 06:47:32",2839.6,2,haseryooooo
93,16666434,"JOSHNA ACSHA S 21CS","2026-09-18 15:20:14",2839.6,2,joshnaacshas21cs
94,16714457,"Crop Dustas","2026-09-14 17:07:02",2838.9,2,"peikopon,rishigottumukkala"
95,16659555,"Joseph Adamski","2026-09-18 10:48:53",2838.8,2,josephadamski91
96,16653303,open5,"2026-09-18 19:32:00",2835.6,2,"chen2yoimiya,huaidezhang,hyt1nn,wahuwahuwahu,zrurfa"
97,16728071,AI是我的豆包,"2026-09-18 16:07:45",2835.3,2,"blht2026,wocenmma"
98,16661050,Master_S1ave,"2026-09-18 10:00:27",2834.8,2,masters1ave
99,16633790,curiosity,"2026-09-18 17:49:42",2834.2,2,chmffwn1
100,16687294,"Madiyar Khamzanov","2026-09-18 19:19:15",2833.8,2,mkhamzanov
101,16671515,ziheng,"2026-09-18 05:37:46",2833.8,2,zihengedie
102,16732051,Jeryos,"2026-09-18 14:28:10",2833.3,2,joulskaf
103,16719758,pangzi233,"2026-09-18 10:31:17",2832.3,1,pangzi233
104,16709435,"Artyom Lyan","2026-09-18 14:52:51",2832.0,2,arli2016
105,16831965,"Ray Roberts","2026-09-18 14:17:20",2831.1,2,rayroberts
106,16727404,Yichi,"2026-09-18 07:40:25",2829.5,2,yichi02
107,16756510,tongmian1314,"2026-09-18 08:57:13",2828.2,2,tongmian1314
108,16623463,porply,"2026-09-18 03:52:27",2826.8,2,porply
109,16772391,"Jinhan Gao","2026-09-18 18:01:52",2826.6,2,jinhangao
110,16753567,wangkxu,"2026-09-18 14:50:12",2826.6,2,davics
111,16696304,"Utkarsh #2","2026-09-18 17:25:24",2826.5,2,n0va007
112,16762319,"Shiji Zheng","2026-09-18 06:19:52",2826.1,2,zhengshiji
113,16725899,Zhenghongshuang,"2026-09-16 04:55:58",2825.9,2,zhenghongshuang
114,16629033,"Igor V","2026-09-18 22:24:02",2825.9,2,rostigor
115,16644229,"Amy Yuan","2026-09-18 00:03:36",2825.3,2,cozytato
116,16817750,"Baiqing Wang","2026-09-18 08:46:19",2824.1,2,wangbqbqbq
117,16666442,"SHALWIN SANJU","2026-09-18 15:20:20",2823.9,2,shalwinsanju
118,16676904,researchstudio.site,"2026-09-16 16:00:08",2823.2,2,fistyee
119,16731803,JYShane,"2026-09-18 15:58:35",2821.4,2,jyshane
120,16777134,Tom&Jerry,"2026-09-18 14:03:51",2820.9,2,tomjerry101
121,16657449,Timass,"2026-09-18 18:11:07",2820.8,2,timmass2
122,16672315,CemBas,"2026-09-18 21:19:12",2820.1,2,cembas
123,16747273,红烧肉,"2026-09-18 09:24:59",2819.9,2,ra1nac1d
124,16671163,"Suyash Verma","2026-09-17 23:30:24",2819.2,2,suyashdiamond1
125,16776793,"Guilherme Raiuga","2026-09-18 19:34:10",2817.5,2,guilhermeraiuga
126,16688896,"JianYuan Deng","2026-09-17 19:18:52",2816.3,2,jianyuandeng
127,16748382,shiiin9,"2026-09-18 21:42:14",2815.9,2,shiiin9
128,16845367,kyy666,"2026-09-19 00:00:04",2814.4,2,"kyy666,robertmcwang"
129,16736427,KouFu,"2026-09-18 02:48:07",2813.9,2,kouheif
130,16796682,LK30,"2026-09-16 22:10:34",2812.1,2,louisklasing
131,16909118,loxigicck,"2026-09-18 07:36:17",2812.0,2,loxigicck
132,16804863,JezzLynn,"2026-09-18 18:23:12",2810.6,2,"fresnellll,jezzlin,zemengzero"
133,16896998,YehHua001,"2026-09-18 05:33:02",2810.5,2,yehhua001
134,16755911,"Paarth Patel","2026-09-18 06:38:20",2810.4,2,martis10
135,16661743,"Sergey Kutepov","2026-09-18 00:10:02",2810.3,2,natsyst
136,16892313,zszdl0530,"2026-09-18 03:58:11",2809.6,2,zszdl0530
137,16653044,"x - An","2026-09-18 09:35:31",2808.5,2,"binhdth,buphmquc,hainguyenthien,pntan17"
138,16756591,"Hamed Vakili","2026-09-18 21:27:14",2807.4,2,"hamedvakilit0,maryam7713"
139,16655129,"Morylov Yehor","2026-09-18 07:23:17",2806.9,2,morylov
140,16739925,nofreewill42,"2026-09-18 08:51:20",2806.8,2,nofreewill
141,16899084,"Asan Ashirov","2026-09-18 01:29:20",2806.7,2,asanashirov
142,16867799,"Chris Deotte","2026-09-19 00:05:13",2804.7,2,cdeotte
143,16870342,"CHEN Xiang","2026-09-18 18:39:11",2803.9,2,intoxicatinglips
144,16921161,"earl naranja","2026-09-18 14:29:46",2801.9,1,earlnaranja
145,16732670,minoneru,"2026-09-18 18:59:20",2801.2,2,kotaminoshima
146,16711752,"Atakan Aldemir","2026-09-18 14:52:32",2800.8,2,atakanaldemir
147,16736874,mhiro2,"2026-09-18 03:46:40",2800.2,2,mhiro2
148,16656452,Kudo,"2026-09-18 20:42:10",2799.2,2,nguyenchicuong
149,16699082,Sakthei,"2026-09-18 17:14:49",2798.9,2,sakthei
150,16778946,yuki0731,"2026-09-18 01:51:44",2798.7,2,yuki0731
151,16918063,"Dante Lok","2026-09-18 04:31:24",2797.4,2,dantelok
152,16848956,"HadBoumoussa's Farm 🌾","2026-09-18 17:25:43",2797.0,2,hkassimi
153,16743528,shfyyds12138,"2026-09-18 09:03:28",2796.9,2,junwenzhu1314
154,16757727,"Sohshi Nakamura","2026-09-18 09:43:39",2794.1,2,sohshinakamura
155,16839530,"que la cuenten como quieran","2026-09-17 09:30:29",2793.1,2,germanjurado1
156,16683936,Cyrus,"2026-09-18 19:23:39",2792.8,2,jamalsaeedi
157,16693534,HireMe,"2026-09-18 16:43:15",2791.0,2,junta1104
158,16746395,Levin,"2026-09-18 08:48:51",2791.0,2,"sophiexs,zhengliwen"
159,16759037,Yuyannnn,"2026-09-18 06:10:04",2790.9,2,yuyannnn
160,16716263,"Ugnė Miklovaitė","2026-09-17 07:04:58",2789.9,2,ugnmiklovait
161,16762302,OxFFFs,"2026-09-18 16:56:44",2789.6,2,oxfffs
162,16671376,Lebxgue.,"2026-09-18 17:46:51",2788.7,2,yukieja
163,16917382,"Anand Singh","2026-09-18 18:36:48",2787.0,2,anandsingh8687
164,16813899,blueshine,"2026-09-18 10:36:06",2786.4,2,minagawateru
165,16676885,"Riva Kajangu","2026-09-18 13:50:39",2786.1,2,rivakajangu
166,16914744,哈基米南北路多,"2026-09-18 09:30:53",2785.8,2,"freakrk,liushunyao,perrinslutman,sayu1u"
167,16635663,"Pascal Pfeiffer","2026-09-18 08:13:27",2785.2,2,ilu000
168,16697089,"aghbalou Anass","2026-09-18 11:46:40",2784.9,2,aghbalouanass
169,16660251,Yagawa,"2026-09-18 12:47:57",2784.7,2,yagawa
170,16734551,"junseok lee","2026-09-18 00:27:09",2782.8,2,jaslee2
171,16625220,thisray,"2026-09-18 08:10:10",2782.2,2,thisray
172,16623458,datnt114,"2026-09-18 17:53:02",2782.2,2,kingkong153
173,16921800,tmcoder,"2026-09-18 21:41:03",2778.9,2,tm0428
174,16752250,"Takahiro Katsumata (tkatsuma)","2026-09-18 14:32:40",2778.1,2,alextfkd
175,16762735,"Zenith Ye","2026-09-18 11:44:31",2777.9,2,zenithye
176,16657877,zigiella,"2026-09-18 19:41:37",2777.6,2,zigiella
177,16716566,"Junliang Ye","2026-09-18 08:39:41",2777.2,2,junliangye
178,16665331,winstonton,"2026-09-18 09:31:02",2776.9,2,winstonton
179,16662883,OceanMix,"2026-09-19 00:00:23",2775.5,2,"cggonzalezsc,fierus,liesvyvalladares"
180,16668370,"Matthew Labrador","2026-09-17 14:07:15",2773.7,2,m4tyuuu
181,16786517,"Kagdew Valley_HeNU","2026-09-18 02:57:42",2772.5,2,"hongtongyi,hoshiiabc,lizhe125,ypeng1234"
182,16622330,"hiroshi murakami","2026-09-18 18:21:20",2772.2,2,zabojeb
183,16908425,"Tagir Eminov","2026-09-18 20:42:08",2771.9,2,tagireminov
184,16865424,lost,"2026-09-18 09:20:03",2771.6,2,fluorescencexe
185,16814417,"Jane Street Farmers","2026-09-18 16:50:27",2771.6,2,"akamasterpiece,gianghiango,paramizodicrominique,phnhnnguyn,sebastiancooper116"
186,16633178,"Cow Boy","2026-09-18 14:05:08",2771.5,2,shanzhong8
187,16778340,NayuNayu,"2026-09-18 21:00:01",2770.6,2,nayunayu1005
188,16697229,"Masashi Nishimoto","2026-09-18 18:28:15",2769.3,2,masashinishimoto
189,16884417,"malcolm tan","2026-09-18 18:24:39",2766.0,2,malcolmtan
190,16756891,T.Uehira,"2026-09-18 12:01:13",2764.7,2,tuehira
191,16912988,"Roy Zhu","2026-09-18 09:19:05",2764.3,2,roy0zhu0
192,16667774,"Ziad EL ARARI","2026-09-18 14:37:00",2762.1,2,ziadelarari
193,16762208,CrazyML,"2026-09-18 06:06:54",2760.6,2,"janhvikhattri,sorcererbi,vedanshipathak"
194,16748511,HarshPandey-yt-auto,"2026-09-18 03:40:50",2760.1,2,harshpandeyytauto
195,16843315,Talvenn,"2026-09-18 21:08:04",2759.8,2,talvenn
196,16862183,Smackaveli,"2026-09-18 03:06:52",2759.8,2,spoutop
197,16623459,"Peng Wang","2026-09-18 21:02:25",2759.2,2,pengwang91
198,16911021,spark328,"2026-09-18 05:19:59",2758.5,2,spark328
199,16622459,"Munal Singh","2026-09-18 17:57:48",2758.5,2,munalsingh
200,16891718,"Me & myself","2026-09-18 20:15:23",2757.9,2,fannasankh
201,16730223,Ojaswy,"2026-09-18 18:33:57",2757.6,2,ojaswy
202,16867213,한밭대학교컴퓨터공학과정우민,"2026-09-18 19:16:47",2757.4,2,woominyo
203,16743836,"Auto Fermers","2026-09-18 16:57:00",2756.6,2,"artemboltaev,dmitriigluzdov"
204,16737944,ToastUz,"2026-09-18 10:22:13",2756.4,2,tatsuzoosawa
205,16639155,"Arturo Gutiérrez Aguilar","2026-09-18 02:39:11",2755.5,2,jarturo
206,16755705,"Semyon Epanov","2026-09-18 19:20:32",2755.2,2,semyonepanov
207,16795448,ultimatum_game,"2026-09-16 12:21:31",2754.6,2,"ultimatumgame,walrushero"
208,16919139,SynthReaper,"2026-09-18 18:38:47",2754.2,2,synthreaper
209,16851133,"Bryan Pauze","2026-09-18 18:33:14",2754.1,2,bryanpauze
210,16659295,snaykey,"2026-09-18 08:49:41",2753.9,2,snaykey
211,16632294,"Rajan Nagarajan","2026-09-18 15:56:30",2752.6,2,narajan
212,16637597,venks,"2026-09-18 20:18:35",2752.4,2,vterli
213,16637031,"and more","2026-09-18 02:05:55",2751.7,2,kym2022
214,16652175,"Lucas Boesen","2026-09-18 16:41:02",2750.7,2,lucasboesen
215,16806328,"Takamichi Toda","2026-09-18 16:36:45",2750.7,2,takamichitoda
216,16639871,"Aura Farming","2026-09-17 06:29:07",2749.9,2,gauthieravite
217,16811799,"Yuanchen Huang","2026-09-18 11:07:53",2749.7,2,geokocha
218,16637987,Xander,"2026-09-18 00:13:52",2749.2,2,"badboiriri,canqiang,xiuyang88"
219,16756764,"Alperen Aydın","2026-09-18 23:12:29",2749.2,2,alperen5252525
220,16668761,"Lorenzo Regalado","2026-09-18 11:09:06",2749.2,2,lregaladohdez
221,16762289,NineThree,"2026-09-18 15:19:28",2748.8,2,xiaoazuzong
222,16687159,Max64738CB,"2026-09-18 16:08:36",2747.7,2,max64738cb
223,16636536,tetsu2131,"2026-09-18 15:47:37",2746.5,2,tetsutani
224,16919131,"Argyris Anastopoulos","2026-09-18 21:18:29",2746.1,2,argyrisanastopoulos
225,16810275,Adam,"2026-09-18 16:57:40",2746.0,2,potonglantie93
226,16674949,"Lev Neganov","2026-09-18 16:45:22",2745.6,2,levoel
227,16761593,Azathoth,"2026-09-18 15:51:57",2744.5,2,stsaasts
228,16920189,"Son Hoang","2026-09-18 15:05:03",2744.3,2,sonhoang82
229,16783721,lc今天刷了吗,"2026-09-18 15:30:42",2743.6,2,"alkaidchen,limufeng"
230,16622319,"Roman Tamrazov 52","2026-09-18 09:42:10",2743.6,2,romantamrazov
231,16654710,"Ray Brothers","2026-09-18 19:10:24",2743.2,2,"madhurjyaray,vibekodr"
232,16918430,"Huifeng Li","2026-09-18 09:28:38",2742.7,2,stevenli1
233,16889691,"Yango Mango","2026-09-18 00:45:28",2742.7,2,yangbai2026
234,16651244,"Knight of Favonius","2026-09-19 00:00:48",2742.2,2,ladyfaye
235,16748941,"Farmer Shuang","2026-09-18 18:56:03",2741.3,2,shuangxue
236,16659870,"Tien N.","2026-09-18 18:10:44",2740.2,2,tientrum
237,16700634,"Alperen Söylen","2026-09-18 21:32:36",2740.2,2,alperensylen
238,16897094,Ryota-Di,"2026-09-18 13:07:31",2740.1,2,ryota6230
239,16734580,shyjin,"2026-09-18 15:19:26",2740.0,2,shyjin
240,16743639,Hanserong,"2026-09-18 06:20:56",2739.5,2,"ronghedragon,rufus666"
241,16913591,fly,"2026-09-18 07:06:04",2739.2,2,"linjingmax,rong414,w1ll1am10,yuhanleo"
242,16859815,alcanta,"2026-09-18 16:12:04",2738.1,2,ccotiuga
243,16734966,kigasudayooo,"2026-09-18 19:34:49",2738.0,2,argon1215
244,16768449,"Dmitry Volovikov","2026-09-18 20:49:37",2737.5,2,dmitryvolovikov
245,16632783,chocolat,"2026-09-19 00:01:40",2737.4,2,chocolatnya999
246,16903770,UYHHHHYu,"2026-09-18 10:38:54",2737.3,2,yhhhhyu
247,16651332,"Le Viet","2026-09-17 09:29:34",2736.7,2,sleepyssr
248,16654783,quantara.cv,"2026-09-17 06:05:54",2736.3,2,goth55
249,16781166,Ant,"2026-09-18 17:14:59",2736.3,2,anthonytrevino
250,16904732,Weifenhuan,"2026-09-18 05:22:51",2735.6,2,schwa6
251,16867671,Abhinav0370,"2026-09-18 10:35:15",2735.4,2,abhinav0370
252,16781445,"𝕯𝖊𝖔𝖉𝖎𝖒𝖘 & 𝕮𝖔","2026-09-16 12:45:18",2734.7,2,odimdavidchukwuemeka
253,16663632,Seho.Connect,"2026-09-18 15:29:42",2733.4,2,sehoconnect
254,16689844,IchikaHoshino,"2026-09-18 13:42:06",2732.8,2,htunkhi
255,16771200,DeeSaa,"2026-09-18 11:19:16",2732.6,2,deesaa
256,16622509,Ali,"2026-09-18 19:48:19",2732.3,2,asalhi
257,16637546,Forrest,"2026-09-18 02:21:46",2731.7,2,yinxiaogang
258,16723620,3정훈,"2026-09-18 18:36:00",2731.2,2,az05192000gmailcom
259,16691038,"animal crossing","2026-09-18 19:50:31",2731.1,2,hoonchoonc
260,16709809,RiyaSoni20,"2026-09-18 17:14:50",2730.6,2,"riyasoni20,rudraamin06"
261,16632245,u,"2026-09-18 12:22:46",2730.2,2,"apostoloskontarinis,curbotron13,halzweiman,josephmcgonaglebrown,shreyanshpoddar"
262,16805370,"Gaiar Baimuratov","2026-09-18 17:29:09",2730.1,2,baimuratov
263,16870033,"wbcrypto abrams","2026-09-18 11:15:19",2730.0,2,wbcryptoabrams
264,16741639,kirito83,"2026-09-18 13:25:27",2730.0,2,lishsh83
265,16854869,Ibar-Aki,"2026-09-18 16:22:23",2728.1,2,akicolor
266,16822706,"YUE WU","2026-09-18 22:12:14",2727.8,2,yuewuacademic
267,16682879,"Ace Team","2026-09-18 19:06:17",2727.1,2,drpatrickchan
268,16654881,Freddy,"2026-09-18 19:09:18",2727.1,2,twoxding
269,16676336,lemon13418,"2026-09-18 21:12:48",2726.5,2,lemon13418
270,16654158,Hack2Publish,"2026-09-18 19:59:49",2726.4,2,"esfersami50,foysalemonshanto,hosen42,rokaiyasomapti"
271,16864870,JR,"2026-09-18 19:03:09",2725.2,2,jurijsruko
272,16759632,"Rifqi Haikal","2026-09-18 20:22:19",2724.9,2,rifqihaikal
273,16658554,Pai,"2026-09-18 21:41:48",2724.7,2,rajathrpai
274,16655766,前衛,"2026-09-18 16:22:25",2724.3,2,"atharvranjan,shreyasgandhe,siddharth9077"
275,16732727,brightest66,"2026-09-18 17:49:02",2723.9,2,"brightest66,laplacenvmv"
276,16624484,"Tomoki Hirose","2026-09-18 04:36:54",2723.8,2,tomokihirose
277,16665809,"Saravanan Jaichandaran","2026-09-18 16:43:42",2723.6,2,saranchandar
278,16806141,rode1234,"2026-09-18 11:23:01",2723.3,2,rode1234
279,16797457,Aamod06,"2026-09-18 18:45:16",2722.3,2,aamod06
280,16892357,easygame,"2026-09-18 03:06:40",2722.1,2,"kangqinyao,xinjunc"
281,16850509,LS,"2026-09-18 10:43:31",2721.6,2,shannanl
282,16882746,yuiop!,"2026-09-18 19:36:25",2720.9,2,yuiopy
283,16715235,l1aF,"2026-09-18 12:16:12",2720.2,2,hhhoang
284,16656500,"七月七月晴 忽然下起了大雪 不敢张开眼 希望是我的幻觉","2026-09-18 14:23:39",2720.1,2,"a982295350,bertmacutata,blencanierice,dangzhiyuan,imoxzm"
285,16816196,"Bianco Chiu","2026-09-18 02:08:39",2719.7,2,biancochiu
286,16762248,KongKongDe,"2026-09-18 02:49:54",2719.4,2,kongkongde
287,16741965,Ryuichi,"2026-09-16 08:50:49",2719.1,2,ryuichigt
288,16846856,BladeRunner,"2026-09-18 09:17:31",2718.5,2,bladerunner2022
289,16667604,L7n,"2026-09-17 08:29:55",2718.4,2,znwe342
290,16622454,automatylicza,"2026-09-18 21:05:15",2716.3,2,automatylicza
291,16904371,Makhmudov_1602,"2026-09-18 17:01:30",2716.2,2,makhmudov1602
292,16630545,"GAURAV PARKHEDKAR","2026-09-18 15:48:26",2714.6,2,gauravparkhedkar
293,16663603,xsong2020,"2026-09-18 16:24:25",2713.5,2,xstargate
294,16811920,"MINGXI LIU","2026-09-18 04:59:30",2713.4,2,wang5630900
295,16695283,"Mark Baushenko","2026-09-18 09:42:32",2713.0,2,e0xextazy
296,16857766,OmerZalman,"2026-09-18 21:57:04",2710.7,2,omerzalman
297,16811307,elmo,"2026-09-14 15:55:03",2710.4,2,mktakizawa
298,16806346,"Mike chen666","2026-09-18 22:15:40",2710.3,2,"mikechen666,tiffanyjade"
299,16918941,"E-Max AI","2026-09-18 17:43:56",2709.9,2,royalacecat
300,16779388,"Mohammad Alnajdawi","2026-09-18 17:59:39",2709.3,2,mohammadalnajdawi
301,16726915,"인공저능연구소( Artificial Idiocy Lab )","2026-09-19 00:00:15",2708.9,2,megayak
302,16663485,"Jacob Alstrup","2026-09-18 17:30:37",2707.6,2,jacobalstrup
303,16632599,Shadowell888,"2026-09-18 12:20:49",2707.5,2,shadowell888
304,16881395,nikotin55,"2026-09-18 19:02:11",2706.7,2,"isaevsemyon,nikotin55,remihrf"
305,16699947,HKmgikao,"2026-09-18 21:24:06",2706.5,2,hitoshikmgai
306,16838538,"rz cao","2026-09-18 11:08:23",2706.1,2,caoruizhe
307,16882280,K_daisuke,"2026-09-18 16:07:55",2704.9,2,kawakamidaisuke
308,16779977,sue124,"2026-09-18 21:48:26",2704.8,2,ryotasueyoshi
309,16766128,"Oleksandr Parfionov","2026-09-18 07:55:37",2703.8,2,parfyon
310,16884467,jiangnanxn,"2026-09-18 11:32:20",2703.5,2,jiangnanxn
311,16635818,F.A.Nina,"2026-09-18 19:20:54",2703.5,2,nina2025
312,16790660,suk1yak1,"2026-09-18 14:01:05",2702.7,2,suk1yak1
313,16876126,1fan\,"2026-09-18 17:22:41",2700.9,2,wurrfv
314,16633226,test_money,"2026-09-18 19:12:02",2700.7,2,michaelsemenoff
315,16853805,yefenfei,"2026-09-18 12:10:25",2700.6,2,yefenfei
316,16671738,Exposed,"2026-09-18 23:40:48",2699.5,2,erickeller2
317,16643693,"Kerem çelik","2026-09-18 16:38:51",2699.1,2,keremelik
318,16661118,"Sirui Zeng","2026-09-18 15:43:20",2698.8,2,siruizeng
319,16630804,"Emre Cirak","2026-09-18 17:03:40",2698.6,2,"biohack44,merkiraz"
320,16639263,Yam,"2026-09-18 17:31:41",2698.3,2,minyam
321,16661708,"Stanley Honkpehedji","2026-09-18 18:41:13",2697.9,2,stanleyhonkpehedji
322,16631752,"Junichiro Morita","2026-09-18 14:09:15",2697.8,2,junichiromorita
323,16696720,"JAZ COLD HORN","2026-09-18 19:37:23",2697.6,2,"evanmaksud,jazivxt,maulikgajera,niazmohaimanabtahi,victorhorn"
324,16634426,ertu,"2026-09-18 21:25:29",2697.5,2,ozertuu
325,16653385,"Vasilii Buzmakov","2026-09-18 15:51:31",2696.9,2,vasiliibuzmakov
326,16877834,playboicarti,"2026-09-18 16:51:24",2696.9,2,playb0icarti
327,16690353,b13902103_yuhung94,"2026-09-16 02:20:35",2695.9,2,yuhung94
328,16839986,"XIAO MA","2026-09-18 10:02:37",2695.8,2,linusm020311
329,16746275,LittleScottyy,"2026-09-18 06:14:33",2695.1,2,fongwaiyong
330,16832316,"Tatu Helander","2026-09-18 10:22:37",2694.7,2,tatuhelander
331,16778656,Aacceeo,"2026-09-18 23:46:00",2694.7,2,aacceeo
332,16825002,RAVEN,"2026-09-18 02:34:47",2694.4,2,silverlxt
333,16892682,"Yasuhiro Manai","2026-09-18 03:05:11",2693.8,2,yasu01
334,16670371,rkd,"2026-09-18 21:57:31",2693.7,2,ryookd
335,16701697,Pelican,"2026-09-18 15:52:17",2693.6,2,chetanagrawall
336,16745006,UjjwalPardeshi,"2026-09-18 21:22:48",2693.3,2,ujjwalpardeshi
337,16659412,yesterdays_rebel,"2026-09-18 09:42:59",2693.3,2,irfanparaniya
338,16645426,Jun_value,"2026-09-18 20:32:39",2693.1,2,junvalue
339,16684202,Ignat,"2026-09-18 16:19:07",2692.0,2,ignatgotin
340,16621799,"Artem The Farmer 🍅","2026-09-18 22:18:55",2690.2,2,veshkinartem
341,16763761,mkai1981,"2026-09-18 11:09:15",2689.5,2,mkai1981
342,16701051,"Komi ShouKo","2026-09-18 02:32:51",2689.4,2,asdwswdxd
343,16839580,"Søren Ravn Andersen","2026-09-16 13:57:31",2689.0,2,sorenravn
344,16749071,snc5656,"2026-09-18 16:49:05",2689.0,2,jamm1412
345,16623746,Juyong,"2026-09-18 17:00:41",2688.2,2,kimdoong
346,16661665,"Leonardo Viola10","2026-09-18 16:04:03",2688.1,2,leonardoviola10
347,16858087,"Mohd Aasim Ansari","2026-09-18 10:24:32",2687.7,2,aasim2003
348,16796370,MioValentine,"2026-09-18 07:15:00",2687.1,2,yuyizhu
349,16670453,141,"2026-09-18 18:51:50",2687.1,2,"muhammadmustafaxo,siddiqshah"
350,16697891,KuziJA,"2026-09-18 21:38:38",2687.0,2,kuzija
351,16623875,"Pavlo Ivanin","2026-09-18 22:01:21",2686.7,2,pavloivanin
352,16740892,"yuki matsumori","2026-09-18 14:51:57",2686.3,2,yukimatsumori
353,16631460,Kosuke.T,"2026-09-18 12:13:28",2685.3,2,kosuke1992
354,16730946,"Bohann Wang","2026-09-18 03:49:44",2684.9,2,bohannnwang
355,16672251,"Kavinkumar M","2026-09-18 04:40:02",2684.8,2,kavinkumarrkm
356,16798172,"Dmytro Maliarenko","2026-09-18 15:44:17",2684.8,2,arxitekton
357,16891283,tofu1002,"2026-09-18 12:04:19",2684.8,2,tofu1002
358,16847812,"Superman king","2026-09-18 17:31:10",2684.6,2,supermanking
359,16705390,"Subramanya N","2026-09-18 11:00:40",2683.8,2,subramanya1997
360,16763505,"Sai Reddy Pothireddy","2026-09-18 04:30:08",2682.8,2,saireddypothireddy
361,16802322,HongchenDai,"2026-09-18 06:26:41",2682.7,2,hongchendai
362,16675671,Marlubie,"2026-09-18 19:30:48",2681.7,2,kchuang
363,16633340,"Tim Zagrebelny","2026-09-18 12:56:30",2681.6,2,timzagrebelny
364,16725856,"Abhi Datta","2026-09-18 04:04:08",2681.6,2,abhidatta87
365,16730076,SJY321,"2026-09-18 10:44:38",2681.3,2,sjy321
366,16786102,"Anay Garodia","2026-09-18 15:35:51",2680.7,2,anaygarodia
367,16922094,Shiv28,"2026-09-18 19:08:20",2680.6,2,shiv28
368,16731966,ねねね,"2026-09-18 02:07:08",2680.5,2,napier1550
369,16707144,Kirderf,"2026-09-18 17:07:11",2679.6,2,kirderf
370,16655610,GPTatoes,"2026-09-18 05:03:42",2679.0,2,"angran,kaixuanosmas"
371,16632291,"alex chilton","2026-09-18 20:14:30",2678.8,2,alexchilton
372,16720056,"Heads or Tails","2026-09-18 19:11:33",2678.8,2,headsortails
373,16822071,"aisormo P.H","2026-09-18 21:46:16",2678.6,2,aisormoph
374,16706395,"Kunal Desale","2026-09-18 04:08:03",2678.6,2,kunaldesale2408
375,16832192,"No Name #2","2026-09-18 16:59:10",2678.6,2,ivanj0
376,16739018,"Zhou Songyu","2026-09-18 05:52:48",2678.6,2,zhousongyu
377,16682494,Phi,"2026-09-17 03:41:32",2678.4,2,ajinomoto132
378,16633944,Toru59er,"2026-09-18 04:29:47",2677.5,2,toru59er
379,16808111,"Oliver #2","2026-09-18 05:18:10",2675.8,2,wangzn0410
380,16655478,Bruce,"2026-09-18 09:36:59",2675.7,2,bruceqdu
381,16758381,"Yang Kuang Ou","2026-09-18 13:08:44",2675.1,2,yangkuangou
382,16789990,SA,"2026-09-18 00:50:59",2674.9,2,soheiarisaka
383,16624919,"Juste Me (●'◡'●)","2026-09-18 05:27:30",2674.6,2,degnonguidi
384,16865317,"sunil kumar","2026-09-18 03:59:55",2673.9,2,sunil123kumar
385,16746010,"Khoi Tuan Nguyen","2026-09-18 04:35:44",2673.8,2,khoingt
386,16833141,yomogii,"2026-09-18 16:32:08",2673.4,2,yomogii
387,16644643,today,"2026-09-18 22:17:05",2673.2,2,today55
388,16917982,"Haitao56 ","2026-09-18 08:24:39",2673.1,1,haotao56
389,16777767,"Miyanogawa Yuya","2026-09-18 01:38:53",2672.4,2,veritalogos
390,16651695,"Abnormal Guys","2026-09-18 11:19:33",2672.0,2,"gwey1025,koushikrudra"
391,16760241,"Collin Christensen","2026-09-18 23:05:29",2671.4,2,cchristens
392,16634704,"Maham Haroon","2026-09-18 00:47:59",2670.9,2,mahamhc
393,16848063,"Yuan Weijun","2026-09-18 01:13:47",2670.7,2,yuanweijun
394,16769836,weense,"2026-09-18 02:29:10",2670.2,2,weense
395,16859757,"Nathan Jacob","2026-09-18 12:45:01",2669.9,2,nathanjacob
396,16658038,Khanh,"2026-09-18 13:21:13",2669.7,2,khanhp142
397,16632097,PavelLiashkov,"2026-09-18 00:51:04",2669.7,2,bigbag1983
398,16897519,SShota-box,"2026-09-18 05:12:20",2669.1,2,sshotabox
399,16847222,charmq,"2026-09-18 07:30:26",2668.7,2,charmq
400,16660215,"YoungDSML [dsml.kz]","2026-09-18 06:54:08",2668.1,2,"mazgas,nurikw3"
401,16621628,pupen_o,"2026-09-15 21:59:06",2668.0,2,pupeno
402,16676609,cqupt_sdq,"2026-09-18 10:44:22",2666.1,2,sdq2237
403,16741113,kaitle,"2026-09-18 09:32:57",2665.7,2,kaitle
404,16774701,@Suzumaru_1666,"2026-09-18 09:03:46",2665.3,2,suzumaru1666
405,16641171,"Sadettin Şamil Verdil","2026-09-18 12:59:18",2665.2,2,sadettinamilverdil
406,16843860,LH-and-FPGA,"2026-09-18 13:59:30",2664.6,2,lhandfpga
407,16728492,ほのぼの牧場,"2026-09-18 18:43:16",2664.6,2,masatoshitaniguchi
408,16673013,TTT,"2026-09-18 06:21:16",2662.9,2,tadahiroasami
409,16751603,xxxzzz123312123321,"2026-09-18 02:31:01",2662.5,2,xxxzzz123312123321
410,16750779,"Mao Nishino (mao1756)","2026-09-17 21:14:28",2662.4,2,maonishinomao1756
411,16802867,matcha110,"2026-09-18 08:32:42",2661.7,2,matcha110
412,16765884,洛希边际,"2026-09-18 15:24:56",2661.3,2,bxz2003
413,16727998,hidsaito,"2026-09-18 05:58:37",2660.8,2,hidsaito
414,16838914,kikikukikii,"2026-09-18 04:33:53",2660.7,2,kikikukikii
415,16765668,shun_johnny,"2026-09-17 12:56:53",2660.6,2,shunjohnny
416,16839983,hana87hana,"2026-09-18 05:16:15",2660.5,2,hana87hana
417,16852141,"Zhou Hengyu","2026-09-18 14:59:37",2659.7,2,zhouhengyuu
418,16885561,goodpjw2008,"2026-09-18 08:26:11",2659.7,2,goodpjw2008
419,16710459,Nironiro,"2026-09-18 10:55:44",2659.4,2,nironiro
420,16660726,现实是个乐子,"2026-09-18 08:52:13",2659.4,2,gengsr
421,16626191,"kevin park","2026-09-18 15:51:51",2659.4,2,k3v1npark
422,16765807,"Win Suthar","2026-09-18 16:03:35",2659.3,2,ashwanidhukra
423,16738492,"Follow Me Gradient","2026-09-18 07:27:16",2658.2,2,farukece
424,16818060,bnfan,"2026-09-18 04:40:12",2657.9,2,simonfan7
425,16888261,"Andreas meling","2026-09-18 13:36:22",2657.9,2,andreasmeling
426,16751358,Cristiano,"2026-09-18 03:24:20",2657.1,2,zhuangbility
427,16634432,KARGI,"2026-09-18 13:20:58",2656.7,2,learningkin
428,16730334,"Have a nice trip in USST","2026-09-18 16:37:01",2656.1,2,"eugeneyeung,grace7523,tuskig,wzh20050212"
429,16811868,luyinn,"2026-09-18 05:29:39",2656.0,2,luyinn
430,16717114,uninhibited-scholar,"2026-09-18 01:51:12",2655.7,2,uninhibitedscholar
431,16626732,islet,"2026-09-18 11:13:13",2655.7,2,kojimar
432,16727110,yemaoye,"2026-09-18 07:57:52",2655.5,2,yemaoye
433,16806219,"Yiwei Pu","2026-09-18 04:11:50",2654.9,2,"lvyihan1210,raven20010261,yiweipu"
434,16885261,sdy623,"2026-09-17 10:17:37",2652.9,2,jaxa623
435,16732530,可抽奖的冰棒,"2026-09-18 19:26:17",2652.5,2,daniel1547
436,16712560,"Max vrstpan1","2026-09-18 05:59:05",2652.4,2,wdjy123456
437,16647324,GG-bond,"2026-09-18 01:59:06",2652.3,2,wyhwyh123
438,16761693,nhatvo,"2026-09-18 02:25:01",2652.2,2,nhatvo
439,16634716,Eusebius,"2026-09-18 06:53:47",2652.2,2,protuberanzen2000
440,16682885,风沙星辰,"2026-09-18 14:53:58",2651.7,2,"duoliya,linyeping,sereinovov,wangying2026"
441,16809332,"ansheng jhang","2026-09-18 05:27:49",2651.3,2,anshengjhang
442,16731678,ShadowT_T,"2026-09-18 10:14:45",2651.0,2,shadowtt
443,16733851,tangaii,"2026-09-18 08:42:32",2650.7,2,tangai1
444,16698136,"David Estevez","2026-09-18 15:20:18",2649.8,2,destbreso
445,16806000,wyz0210,"2026-09-18 10:27:43",2649.4,2,weiyouzhen
446,16841663,"Ryosei Hara","2026-09-18 12:43:55",2649.2,2,ryhara
447,16889296,"Takauchi Suguru","2026-09-18 06:35:01",2649.2,2,gurusut
448,16848588,"vibe coders","2026-09-18 13:53:22",2648.9,2,"caando,sheryllynntan"
449,16658946,theredbluepill,"2026-09-18 04:47:57",2648.8,2,poonszesen
450,16742369,"Ömer Faruk Yüce","2026-09-18 08:08:06",2648.6,2,merfarukyce
451,16671412,Xman,"2026-09-18 18:05:46",2648.6,2,xuanzhang001
452,16866579,"Fighting Gold","2026-09-18 02:12:12",2648.5,2,sawada
453,16894950,csly666,"2026-09-18 16:38:49",2648.5,2,csly666
454,16730065,Blu3s,"2026-09-18 21:30:59",2648.5,2,"atteincueo,ausrine"
455,16640388,SANNNNN,"2026-09-18 08:08:31",2648.4,2,zuhairsan
456,16718033,TheMightiestMan,"2026-09-18 15:37:17",2648.0,2,themightiestman
457,16794207,AlekseiProvorov,"2026-09-18 12:02:15",2647.9,2,leoprovorov
458,16898271,TheEvilpiggie,"2026-09-17 00:52:51",2647.6,2,theevilpiggie
459,16841826,抵扣豆浆,"2026-09-18 14:32:51",2647.1,2,tootough
460,16633173,"Saulo Quiñones Góngora","2026-09-18 23:42:20",2647.1,2,sauloquionesgngora
461,16638651,Emre,"2026-09-18 14:36:24",2647.1,2,emre690
462,16623128,AdamJonesJohnson,"2026-09-18 16:44:33",2646.9,2,adamjonesjohnson
463,16853054,saberzky,"2026-09-18 14:53:21",2646.9,2,saberzky
464,16666977,"Tagir Analyzes","2026-09-19 00:00:09",2646.3,2,tagirkhairutdinov
465,16705139,gogogo,"2026-09-18 12:55:23",2646.1,2,huzech
466,16740405,by,"2026-09-18 07:59:45",2646.1,2,ibyyue
467,16682753,"Cam-Luan Truong","2026-09-18 03:44:43",2645.9,2,luantruong
468,16916611,"Taha Hassan","2026-09-18 15:13:25",2645.8,2,syedtahahassan
469,16780062,Kousuke55,"2026-09-18 14:39:56",2645.3,2,kousuke555
470,16778707,momohuhu_kkkkkarrot,"2026-09-18 22:25:27",2645.0,2,kjy666
471,16859963,林溪,"2026-09-18 06:02:14",2645.0,2,linxii012
472,16860293,kobq,"2026-09-17 17:26:49",2644.7,2,kooobq
473,16904867,wahaka,"2026-09-18 11:48:27",2644.3,2,wahaka
474,16743427,Under遊具,"2026-09-18 06:00:32",2644.2,2,andayougui
475,16784561,"Rodrigo Ramón","2026-09-18 18:48:47",2644.2,2,rodrigoramn
476,16643319,Jules,"2026-09-18 10:17:27",2644.1,2,julesvanligtenberg
477,16866458,lalal2006,"2026-09-18 12:19:00",2644.0,2,lalal2006
478,16657941,"Nick Styles","2026-09-18 05:52:00",2643.8,2,styles
479,16864113,YYC3,"2026-09-18 05:51:25",2643.7,2,icongovo
480,16748765,"A. R. SEKKAT","2026-09-18 14:55:01",2643.3,2,arsekkat
481,16666805,Kaggs,"2026-09-18 07:58:25",2643.2,2,ayush21042004
482,16851474,"HY ISHI","2026-09-18 05:38:31",2642.9,2,hyugaishioka
483,16790943,"Tashfik Salehin","2026-09-18 13:20:40",2642.9,2,tashfiksalehin
484,16743033,Nagahama,"2026-09-18 08:09:02",2642.8,2,kazukinagahama
485,16656011,"Jiashun Tan","2026-09-18 01:51:18",2642.8,2,jiashuntan
486,16642036,enddl22,"2026-09-18 04:03:45",2642.3,2,enddl22
487,16907393,Logus,"2026-09-18 14:52:39",2642.2,2,logus4704
488,16661533,wangyuou,"2026-09-18 14:27:26",2641.8,2,wangyuou
489,16709930,llRX,"2026-09-18 07:45:35",2641.8,2,"bankkobe,leojeel,ruikaihong"
490,16676193,"Akira Hirohashi","2026-09-18 12:33:33",2641.5,2,akirahirohashi
491,16628765,"Kota Iizuka","2026-09-18 14:55:10",2641.4,2,kotaiizuka
492,16894110,寒月千逸,"2026-09-18 03:41:21",2641.3,2,"hanyueqianyi,leeyang1,sakurahg"
493,16664487,houlidai-jiekiulai,"2026-09-18 06:05:04",2641.3,2,houlidaijiekiulai
494,16739543,"Akshay #2","2026-09-18 10:14:54",2640.8,2,theakshay
495,16784608,shawenher,"2026-09-17 15:18:06",2640.7,2,shawenher
496,16733789,fylgde,"2026-09-17 19:38:02",2640.6,2,fylgde
497,16866933,tech-Mira,"2026-09-18 14:19:35",2639.8,2,itsukiito
498,16663271,"Malyshev Danil","2026-09-18 07:36:37",2639.8,2,malyshevdanil
499,16638551,WinRAR,"2026-09-18 12:04:45",2639.8,2,ryosketchbook2007
500,16667880,DOPEなNOUFU耕すHOPE👨‍🌾,"2026-09-18 07:14:12",2639.6,2,"shin9915,syamoji141chan"
501,16623371,MoZayed,"2026-09-18 12:43:12",2639.4,2,mohamedzayedahmed
502,16887476,"Memory Engineer","2026-09-18 04:11:47",2639.2,2,salazarslytherin
503,16796223,"Bohan Shao","2026-09-18 11:27:52",2639.1,2,bohanshao
504,16775686,"Max Podd","2026-09-18 14:23:22",2639.1,2,maxpodd
505,16851186,kaerururu,"2026-09-18 13:54:52",2639.0,2,kaerunantoka
506,16883863,qhapaq49,"2026-09-18 22:59:14",2638.8,2,qhapaq49
507,16655519,CurveCowboy,"2026-09-18 09:44:12",2638.5,2,curvecowboy
508,16794753,"Yan #2","2026-09-18 07:17:45",2638.3,2,diskya
509,16653199,Koba,"2026-09-18 21:56:45",2638.3,2,zone0906
510,16810306,"Asy Mortenson","2026-09-18 18:59:39",2637.6,2,asymortenson
511,16813655,c_fxy,"2026-09-18 06:54:29",2637.6,2,cfxyai
512,16886174,ZZDW_,"2026-09-18 14:45:39",2637.2,2,"fufustory,hashak,linjunren1016,mushroom1763,yamaer"
513,16723272,"Rimsha Kanwal","2026-09-18 19:18:53",2636.3,2,rimsha234
514,16668227,Yusuraume,"2026-09-18 18:50:35",2633.8,2,sugitatomohiko
515,16681369,GanadorPlusUltra,"2026-09-18 00:51:59",2632.8,2,ganadorplusultra
516,16823116,一路向北,"2026-09-18 06:44:10",2632.3,2,chronoscop
517,16854176,吃白饭的大肥鱼,"2026-09-18 16:05:13",2631.8,2,"deepios,tanpowasd"
518,16792109,rogerrogerroger3r,"2026-09-18 10:06:52",2631.8,2,rogerrogerroger3r
519,16625060,"Subin An","2026-09-18 14:47:01",2631.7,2,subinium
520,16896774,EPHEMORIA,"2026-09-18 05:29:54",2631.3,2,ephemoria
521,16765135,neuro168,"2026-09-18 05:53:52",2630.7,2,lordmc
522,16732666,"Stefano Blando","2026-09-18 15:46:41",2630.4,2,stefanoblando
523,16731186,Naru041104,"2026-09-18 10:32:15",2630.0,2,naru041104
524,16632423,goh,"2026-09-18 10:48:22",2629.6,2,bungohatayama
525,16884244,UCAS_fish_wang,"2026-09-19 00:00:34",2629.5,2,yiliu15
526,16750416,QQ农场,"2026-09-18 21:50:33",2629.0,2,gvione
527,16693557,"Ifeoluwa Adewumi","2026-09-18 20:41:13",2628.3,2,ifeadewumi
528,16865021,"haoming yang","2026-09-18 16:52:25",2628.1,2,yyhm666
529,16890118,chiikavyshy,"2026-09-18 07:41:28",2627.9,2,"marynaborovska,yuriygreben"
530,16653078,pk210495,"2026-09-18 13:31:46",2627.9,2,pk210495
531,16903852,maoxin123,"2026-09-18 12:56:02",2627.4,2,maoxin123
532,16710140,Lynxx,"2026-09-18 13:19:12",2627.4,2,lynnsakurai
533,16726287,BBaRRel.,"2026-09-18 15:10:44",2627.1,2,yujinkk0609
534,16805952,hatakazu93,"2026-09-18 01:01:59",2626.6,2,hatakazu93
535,16635209,4eta,"2026-09-18 15:33:56",2626.4,2,bio4eta
536,16688732,"sAIzeria Harness","2026-09-16 00:18:19",2625.1,2,"gnux1408,tanakaai24"
537,16644565,Suda,"2026-09-18 12:27:06",2624.5,2,"chaneyma,deryawang"
538,16717787,Bull,"2026-09-18 14:02:00",2623.8,2,welshonionman
539,16879636,aaaaLiu123,"2026-09-18 15:04:24",2623.3,2,aaaaliu123
540,16741500,weichy7,"2026-09-18 07:05:30",2622.7,2,weichy7
541,16876869,MAGGR,"2026-09-18 14:06:38",2622.5,2,manojmandal
542,16905685,小娃娃之力,"2026-09-18 18:19:35",2621.9,2,xiewenwei29
543,16722705,我的AI是豆包,"2026-09-18 18:37:22",2621.3,2,"carrotliang,haoxuanjng,kaoqiangzhang,rainhuang0220"
544,16658700,"szlachetny snieg","2026-09-18 12:51:01",2620.9,2,takayukiimoto
545,16655277,GUAM,"2026-09-19 00:04:26",2619.6,2,"analyticaobscura,jeongminlee92,kmmmvs,wnmgrn"
546,16652214,Zhenrui.Weng,"2026-09-18 09:35:02",2618.4,2,zhenruiweng
547,16876865,LR.AIML,"2026-09-18 21:26:01",2618.0,2,"lucasgroot,robkraseu"
548,16657785,"Himanshu Kumar","2026-09-18 07:26:20",2618.0,2,himanshujha2812
549,16698560,"Seungjun Lee","2026-09-18 17:11:22",2617.9,2,seungjunleeofficial
550,16905679,xaxipiruli,"2026-09-18 16:12:18",2617.4,2,xaxipirulazo
551,16915888,"Steve T","2026-09-18 19:34:33",2617.3,2,jamesfitxroi
552,16622376,fmind,"2026-09-18 23:29:25",2617.3,2,freaxmind
553,16677518,"Khor Yin Loon","2026-09-18 04:00:35",2616.7,2,khoryinloon
554,16632476,"Назар Коваль","2026-09-18 11:45:41",2616.1,2,miickey
555,16862666,"Roman Katasonov","2026-09-17 13:32:55",2615.6,2,romankatasonov
556,16863350,"Horatio Eversfield","2026-09-18 15:54:01",2615.6,2,horatioeversfield
557,16920912,jesonw,"2026-09-18 13:38:54",2615.6,1,w20260801
558,16769990,delai50,"2026-09-18 07:12:00",2615.5,2,delai50
559,16723893,iring58,"2026-09-18 08:40:32",2615.5,2,iring58
560,16811224,yuya,"2026-09-18 23:09:44",2615.4,2,yuomori
561,16654076,"Son Pham","2026-09-18 21:55:36",2615.0,2,sonphamorg
562,16667951,KoRo2_JP,"2026-09-18 08:32:27",2615.0,2,koro2jp
563,16709126,"Jamie Nojek","2026-09-18 12:57:24",2614.7,2,jamienojek
564,16684620,kobayasi,"2026-09-18 15:08:33",2612.9,2,"boomvector,tatsuokoshida"
565,16652710,Pilea55,"2026-09-18 16:36:41",2612.1,2,ryutogrrr
566,16921557,"Terry Duan","2026-09-18 16:12:41",2611.5,2,xueyueicu
567,16742684,Inzilbêth,"2026-09-18 11:50:38",2610.5,2,inzilbth
568,16664640,kaggricodex,"2026-09-16 07:04:07",2610.5,2,underestimated
569,16707467,kay.liechtenstein,"2026-09-18 20:28:25",2609.4,2,kayliechtenstein
570,16687649,track,"2026-09-19 00:00:04",2608.5,2,"ahmedberatozer,omerlleez"
571,16634312,"Linh Le","2026-09-18 04:36:27",2608.0,2,linhlethuy
572,16637255,"leave you","2026-09-18 22:09:01",2607.0,2,superallen001
573,16624893,"GURU Prasaatha S","2026-09-18 18:41:58",2606.5,2,guruprasaathas111
574,16775803,Robson,"2026-09-17 03:11:36",2606.2,2,robsonsan
575,16849814,"Mr. Architect","2026-09-17 15:47:46",2605.4,2,vietnguyen130593
576,16809820,"Pramit Das","2026-09-18 11:51:22",2605.2,2,pramitdas
577,16876180,kk.sky.9k,"2026-09-18 17:03:07",2605.0,2,kksky9k
578,16743852,"Giovanni Giorgio","2026-09-18 14:57:23",2605.0,2,"alexandermlad,erikpymay"
579,16690447,Supermercado,"2026-09-18 16:59:05",2605.0,2,ryotaaaaaa
580,16712134,cf696666,"2026-09-18 12:04:18",2604.2,2,cf33333
581,16662910,"shoryakumar mishra","2026-09-18 20:56:50",2602.4,2,shoryakumarmishra
582,16732774,edchax,"2026-09-18 16:31:49",2602.4,2,edchax
583,16738349,Suna-D,"2026-09-18 08:44:48",2599.9,2,sunad0630
584,16921850,"Leon Sakakibara","2026-09-18 18:14:37",2596.7,2,leonsakakibara
585,16680172,TTANE,"2026-09-18 08:03:42",2595.0,2,otmaneelmahdaouy
586,16751140,onick_man,"2026-09-18 23:14:19",2594.9,2,ftakahas
587,16692956,VanKoha,"2026-09-17 22:14:34",2594.1,2,kohasama
588,16664359,Nightingale,"2026-09-18 10:50:19",2594.0,2,apilkhadka
589,16732445,"Николай Леухин","2026-09-18 11:31:46",2593.7,2,kolyaflexcu
590,16907595,"Eric Zhang63","2026-09-18 18:15:50",2593.3,1,"ericzhang63,szqg666"
591,16892288,"Omar Althobaiti","2026-09-18 21:25:12",2592.2,2,omarahmedalthbite
592,16704247,WeAreFarmers,"2026-09-18 16:31:48",2592.0,2,gbmorris1
593,16654697,KawattaTaido,"2026-09-18 10:50:26",2591.9,2,kawattataido
594,16633950,"Matt Motoki","2026-09-18 10:11:33",2591.5,2,mmotoki
595,16636079,"Pawan Rama Mali","2026-09-18 18:02:19",2591.4,2,pawanmali
596,16885735,keith,"2026-09-18 13:56:31",2591.0,2,kamatt
597,16631536,kglctf,"2026-09-18 11:06:24",2589.1,2,kglctf
598,16790091,ChengxuGu,"2026-09-16 16:09:53",2588.8,2,chengxugu
599,16754022,Pico,"2026-09-18 06:36:01",2588.0,2,charithgr
600,16666784,"Michał Łapiński","2026-09-18 19:30:57",2585.8,2,michaapiski
601,16790432,"Field General","2026-09-19 00:03:24",2585.8,2,kevinarvai
602,16685014,"Vishal Kishore","2026-09-18 05:55:30",2585.7,2,kishorevishal
603,16907326,"julien gaza","2026-09-18 23:31:25",2585.6,2,juliengaza
604,16795134,"jiawei li","2026-09-18 13:06:23",2585.4,2,jiaweiaaa
605,16870621,BobtheBot369,"2026-09-18 11:16:19",2585.2,2,bobthebot369
606,16717536,c0nrad,"2026-09-16 23:02:38",2582.6,2,stuartlarsen
607,16779519,"Xiangsong Tian","2026-09-17 22:02:54",2581.5,2,xiangsongtian25
608,16846963,成吉思汗,"2026-09-18 04:01:30",2581.2,2,jddhhdh
609,16657277,"Dude and Destroy","2026-09-18 17:06:09",2577.2,2,raymondbrookman
610,16879127,lihaoruolhr,"2026-09-18 14:28:34",2575.1,2,lihaoruolhr
611,16709101,"Djaafar Lecheheb DL","2026-09-18 00:11:23",2574.9,2,djaafarlechehebdl
612,16860811,XiaoXiaoJ,"2026-09-17 19:38:39",2574.7,2,xiaoxiaoj
613,16777359,"Dmitriy Ulybin","2026-09-18 11:58:10",2573.6,2,dmitriyulybin
614,16792410,"Taewoong Kim","2026-09-18 04:55:59",2573.6,2,aleaiest
615,16875968,"Dias Bakhtiyarov","2026-09-16 19:41:15",2573.1,2,diasbakhtiyarov
616,16716335,JamesJJJJJ,"2026-09-18 12:27:06",2573.1,2,jamesjjjjj
617,16681116,Kagamihara,"2026-09-18 01:39:49",2573.0,2,kagamihara
618,16623488,"Kevin E R MILLE","2026-09-18 13:06:26",2572.2,2,kevinermille
619,16806023,"Eesh saxena","2026-09-18 17:21:47",2572.0,2,eeshsaxena
620,16860907,kuengo,"2026-09-18 05:36:51",2571.6,2,"kuengo,ruoguxu"
621,16751516,uki706,"2026-09-18 05:16:14",2571.0,2,uki706
622,16804768,Chaos,"2026-09-18 15:37:37",2570.1,2,hcfighting
623,16621595,"Farmers From Punjab","2026-09-18 13:58:55",2569.8,2,alisalmanrana
624,16888794,NonCaffeine,"2026-09-18 22:22:07",2569.6,2,noncaffeine
625,16701024,pig7selene,"2026-09-18 13:03:01",2569.0,2,ejlthomas
626,16808396,Dr_F,"2026-09-18 14:43:49",2568.9,2,algebraictopology
627,16635314,"Aurora wy","2026-09-18 15:14:20",2568.5,2,aurorawy
628,16796937,Alan,"2026-09-18 00:27:02",2568.2,2,amunsentom
629,16778012,俺是耕田哩,"2026-09-18 05:09:10",2567.9,2,tianzhenggao
630,16635745,DataRockstar,"2026-09-18 12:21:37",2566.8,2,"amaropeter,jvlegend"
631,16892791,trinitynusca31,"2026-09-18 00:51:53",2566.5,2,trinitynusca31
632,16885430,zoujustkidding,"2026-09-18 08:42:04",2565.2,2,chenxianshen123
633,16843904,wadia,"2026-09-18 00:13:15",2565.1,2,yeshawang
634,16665134,edteoh,"2026-09-18 06:45:48",2564.8,2,edteoh
635,16655423,"Roland Luethy","2026-09-18 15:40:00",2563.6,2,rluethy
636,16732126,iwashi,"2026-09-17 16:04:14",2563.3,2,iwashi
637,16670524,"Nat Bel ML Fun","2026-09-18 07:40:48",2562.9,2,natbel4ml
638,16865168,"Maksym Bilychenko","2026-09-17 19:19:10",2562.9,2,mbilichenko
639,16669926,Jince,"2026-09-18 22:57:09",2562.3,2,jincesaju
640,16744837,JuliaGastellu,"2026-09-18 17:20:10",2562.3,2,juliagastellu
641,16652630,stars_w,"2026-09-18 06:57:00",2562.2,2,starsw
642,16656432,"CornHub Premium","2026-09-18 02:16:16",2562.1,2,nihilisticneuralnet
643,16624339,"Дворкин Евгений Владимирович","2026-09-17 20:13:52",2561.8,2,evgendvorkin
644,16623530,khursani,"2026-09-18 13:07:32",2561.7,2,khursani8
645,16673870,"Yuxiao Wang","2026-09-18 17:10:14",2561.6,2,yuxiaowangx
646,16655789,"wen chong yu","2026-09-17 18:10:57",2560.5,2,wenchongyu
647,16748476,sam_the_rice_cake,"2026-09-18 06:04:38",2560.4,2,"hash548,wliilamsam"
648,16658343,aisamhottman,"2026-09-17 23:09:18",2560.2,2,heuingttiang
649,16732055,DASH村,"2026-09-18 07:16:59",2560.2,2,sobameshi
650,16852826,Phoenix750,"2026-09-18 07:57:54",2559.7,2,richardmaddox
651,16655477,Aurora,"2026-09-17 20:16:15",2559.7,2,"niteshranjansingh,themeghajoshi"
652,16730323,fufufukakaka,"2026-09-18 01:22:03",2558.8,2,fufufukakaka
653,16705790,clora,"2026-09-18 18:08:15",2558.8,2,clora16
654,16908263,Paing,"2026-09-18 00:01:41",2558.7,2,painghtetsw
655,16671361,"Hangyu Yu","2026-09-18 04:16:44",2558.6,2,"cqupthangyuyu,wxgisspider"
656,16745995,"Guido Tapia","2026-09-17 22:40:42",2558.3,2,guidotapia
657,16665829,Shadowfishes,"2026-09-18 23:53:27",2556.5,2,"boandme,ronitagarwal1,shauryasahdev2"
658,16880975,"Shenyu Ma","2026-09-18 15:19:11",2556.2,2,shenyuma
659,16863551,"Fady Mohammed","2026-09-17 20:13:40",2556.2,2,fadymagdy
660,16631640,"dont share my work for value","2026-09-18 17:35:20",2555.9,2,caoyupeng
661,16670537,Silhouette,"2026-09-18 09:30:04",2555.5,2,jamessargsyan
662,16659730,"Zhang Yingluo","2026-09-18 02:46:03",2554.8,2,zhangyingluo
663,16851399,"Ali Eren Konak","2026-09-18 22:18:07",2554.1,2,alierenkonak
664,16872275,"Maciek Kiryla","2026-09-18 21:25:30",2553.2,2,doktorkelp
665,16661558,안녕하세요이세입니다잘부탁드립니다,"2026-09-18 04:12:02",2552.8,2,"moonswalk,municef1"
666,16911850,Farmerjay,"2026-09-18 15:47:03",2552.4,2,officeghost
667,16724801,Noir,"2026-09-18 02:21:49",2552.4,2,nuitnoir
668,16848622,"KUO JEN WEI","2026-09-18 06:49:47",2551.4,2,"kuojenwei,kuyiting"
669,16840212,anngle,"2026-09-18 01:45:55",2550.9,2,anngle
670,16654704,mandgeee,"2026-09-18 12:30:45",2550.8,2,mandgeee
671,16630689,yw8837,"2026-09-18 14:09:28",2548.8,2,yw8837
672,16742139,ALLAI,"2026-09-17 00:52:49",2548.5,2,glorysing
673,16844004,"Takahiro Saito","2026-09-18 05:26:07",2547.5,2,takahiro3110
674,16796238,"Zhongyi Dai","2026-09-19 00:06:44",2547.4,2,zhongyidai
675,16623974,Canon,"2026-09-19 00:02:22",2547.2,2,sotakurihara1
676,16773144,"Mohamed Salah","2026-09-18 04:27:42",2547.1,2,mosalah7
677,16692845,"Yassine Ben Zekri","2026-09-18 22:59:20",2546.7,2,yassinebenzekri
678,16660313,Ctrl+Code,"2026-09-18 17:40:10",2546.5,2,"jayashankar369085,parnikasm"
679,16658895,kunihiro,"2026-09-17 16:57:05",2546.3,2,kunihiro
680,16883355,"Zalyaliev Marat","2026-09-17 23:02:29",2546.0,2,axollo
681,16804757,MAT,"2026-09-18 16:47:19",2545.5,2,mehmetanltays
682,16847478,tokitamago,"2026-09-18 08:08:53",2545.5,2,tokitamago
683,16623635,HiroyukiSasaki,"2026-09-18 01:29:19",2545.3,2,hiroyukisasaki815
684,16661646,"Sergey Shcherbakov","2026-09-18 22:06:19",2545.2,2,sergey140146659
685,16861885,"Олег Бабков","2026-09-18 21:19:22",2544.9,2,jabberwock78
686,16755328,"yang zhang","2026-09-17 14:47:32",2544.6,2,zhang1221ai
687,16644690,Dubnium,"2026-09-18 17:30:53",2543.4,2,ahmetyasin1
688,16679393,"Anvith Pothula","2026-09-17 21:26:50",2542.3,2,anvithpothula
689,16717289,JackChenghao,"2026-09-18 16:11:41",2540.5,2,jackchenghao
690,16826999,donaldxu,"2026-09-18 05:33:59",2540.3,2,abc1705
691,16798724,"junfan shen","2026-09-18 12:15:25",2538.5,2,junfanshen
692,16881336,hanlei,"2026-09-18 01:17:21",2538.5,2,hanleileo
693,16823981,"mou mou","2026-09-18 01:08:06",2538.4,2,moumou6322
694,16693050,Shoko,"2026-09-18 18:19:28",2537.1,2,abreyton
695,16734409,"Yuta Yamazaki","2026-09-18 05:28:22",2536.9,2,yamayuu18
696,16757987,maverick_ss_26,"2026-09-18 12:01:59",2536.2,2,maverickss26
697,16886627,caintly,"2026-09-18 13:28:08",2535.5,2,eyesad
698,16768100,"[Deleted] cb3f19ed-946c-48f2-b45a-3edf6a244520","2026-09-18 10:35:56",2535.3,2,nathaeldias
699,16859157,"David Mensah-Gbekor","2026-09-17 22:03:56",2534.9,2,ravdave
700,16678693,"Maher el Ouahabi","2026-09-18 08:50:38",2534.7,2,maherelouahabi
701,16851343,"Ritwika Kancharla","2026-09-17 20:09:20",2534.6,2,ritwikakancharla
702,16772808,lucataco,"2026-09-18 22:21:33",2532.4,2,lucataco
703,16621075,"Octavi Grau","2026-09-18 09:28:05",2532.2,2,octaviograu
704,16823319,eviltsundera,"2026-09-17 22:09:55",2531.4,2,eviltsundera
705,16806195,unreal,"2026-09-18 01:18:25",2530.2,2,gauravgs1007
706,16707036,"Just a Farmer","2026-09-18 06:37:30",2529.8,2,gunianxue
707,16858303,马嘉蛋爱玩跳棋,"2026-09-17 09:01:14",2528.9,2,"jamalzzj,jlw123456"
708,16855111,PixelPuff,"2026-09-18 20:24:00",2527.4,2,krishpatel290895
709,16832185,"MILANA STARR","2026-09-18 20:59:56",2526.6,2,andrewchist
710,16842786,ScotLee08,"2026-09-18 07:06:16",2526.5,2,scotlee08
711,16659160,"Dmitry Bardonov","2026-09-18 18:20:26",2525.7,2,bdesim
712,16727103,sword3522,"2026-09-18 09:26:30",2525.1,2,"qinyanqiu,sword3522"
713,16693215,"Izzoudine Mohamed KANTA","2026-09-18 19:40:38",2524.8,2,izzoudeenkanta
714,16790765,Aristotle.Chen,"2026-09-18 15:35:53",2523.7,2,aristotlechen
715,16622422,ss,"2026-09-18 05:51:13",2523.2,2,forest2026
716,16709176,Efnutrrionpy,"2026-09-16 02:56:43",2522.1,2,efnutrrionpy
717,16770979,"Paulo Martins","2026-09-18 17:19:40",2521.1,2,paulomartins87
718,16810954,BayramAnnakov,"2026-09-17 21:13:35",2518.6,2,bayramannakov
719,16838362,"Yixuan Yang","2026-09-18 22:34:12",2516.8,2,easoney
720,16905426,futabato,"2026-09-18 13:19:37",2516.5,2,futabato
721,16653093,"willam wu","2026-09-17 11:01:37",2516.0,2,biaaib
722,16781279,zhyphirus,"2026-09-16 11:08:51",2515.6,2,zhyphirus
723,16732714,Mforg,"2026-09-17 17:11:17",2514.9,2,mforg74911
724,16661994,"Suvrat Rai","2026-09-18 09:14:00",2514.2,2,suvrat11rai
725,16684748,"nailong alpha","2026-09-18 07:38:44",2513.7,2,"dejavucry,weiyun22021,yizhewong,yoruet,zekenos"
726,16906651,Izumi_LP,"2026-09-17 03:25:34",2513.2,2,amememe
727,16779067,fishwg,"2026-09-18 14:22:26",2513.2,2,fishwg
728,16695685,"kwon yong deuk","2026-09-17 14:31:14",2513.0,2,kwonyongdeuk
729,16734715,史永刚,"2026-09-18 06:12:55",2512.6,2,shizehao
730,16848396,ColorGram,"2026-09-17 14:04:22",2512.3,2,colorgram
731,16677938,"Hajime Tamura","2026-09-18 15:57:32",2512.1,2,thajime
732,16882022,URAD,"2026-09-16 15:01:43",2511.7,2,uradkr
733,16807373,"junxing peng","2026-09-17 07:28:50",2511.5,2,junxingpeng
734,16794536,HirokiTaniai,"2026-09-18 22:48:36",2511.4,2,nyokinyoki
735,16916418,Lukas,"2026-09-18 11:36:23",2511.2,1,lukasbuck
736,16738503,dddmd,"2026-09-17 23:59:54",2511.1,2,dddmdd
737,16623643,LiXingtao,"2026-09-18 06:10:04",2510.3,2,lixingtao123
738,16778178,kyosan,"2026-09-18 18:38:11",2510.1,2,"azizbekxasanov,dilyorbek"
739,16795070,"HKUST Random","2026-09-18 07:40:17",2510.0,2,siulungfan
740,16772109,Yashvs56,"2026-09-18 21:14:43",2509.8,2,yashvs56
741,16632157,"福原 大知","2026-09-18 13:05:47",2509.1,2,fxxyfox
742,16903912,樱花冷月,"2026-09-18 06:28:43",2508.6,2,yinghualengyue
743,16826555,AioRaito,"2026-09-18 16:49:58",2507.5,2,aioraito
744,16803032,"varshitha kolupuri","2026-09-18 19:15:36",2507.4,2,varshithakolupuri
745,16702691,"Zengyi Mei","2026-09-18 10:38:21",2506.8,2,sfkmzy
746,16685548,"Erfan Eshratifar","2026-09-15 23:57:38",2506.8,2,erfaneshrati
747,16897955,Diganta,"2026-09-18 15:58:46",2506.3,2,digantabhattacharya
748,16743858,kawauso9n,"2026-09-16 22:06:21",2506.0,2,kawauso9n
749,16797699,"Dylan Moraes","2026-09-17 07:24:13",2505.3,2,dylanmoraes
750,16790652,"Pengchao Zheng","2026-09-18 16:08:16",2504.8,2,"mengyihu,pengchaozheng"
751,16693227,"Aniket Sharma","2026-09-18 16:19:36",2504.1,2,aniketsharma00411
752,16848297,chacha260,"2026-09-18 05:07:53",2503.6,2,chacha260
753,16757809,dasfds,"2026-09-17 11:14:35",2500.3,2,dasfds
754,16713262,"Seyit kaan Gunes","2026-09-16 14:16:13",2500.2,2,seyitkaangunes
755,16886856,爱上帝的小熊猫,"2026-09-17 08:39:50",2500.1,2,xuefengxie
756,16799832,"Maman Salto","2026-09-18 06:49:14",2499.4,2,saddamaditya
757,16641077,lucaskna,"2026-09-18 19:51:31",2498.1,2,lucaskna
758,16768236,Baligh,"2026-09-18 18:36:59",2498.0,2,balighmehrez
759,16702975,RicardoLópez,"2026-09-17 21:11:12",2496.3,2,richi2489
760,16633132,"Kaggledew Valley 🏆","2026-09-18 14:29:41",2496.2,2,yanzhou06
761,16640472,"Vsevolod Rakita","2026-09-17 07:45:17",2495.7,2,vsevolodrakita
762,16875659,あかつき,"2026-09-18 22:37:47",2495.3,2,akatuki25
763,16623616,nasubiman,"2026-09-17 14:54:31",2493.3,2,yousukenakamura
764,16628951,"Hiro Nomo","2026-09-18 11:15:58",2492.9,2,morinokuma3
765,16662492,"Lester Leong","2026-09-18 22:02:49",2492.9,2,lesterleong
766,16880856,jinxingweilai,"2026-09-17 03:05:31",2492.9,2,jinxingweilai
767,16782203,"rui xiong","2026-09-17 17:09:00",2492.4,2,xiongruihumingyu
768,16623990,senkin13,"2026-09-18 15:58:35",2491.8,2,senkin13
769,16707547,Lin,"2026-09-17 23:43:43",2491.5,2,linjianrong
770,16716821,めめっち,"2026-09-17 01:51:38",2491.4,2,mechi22
771,16759501,BaconT,"2026-09-17 06:23:28",2491.2,2,bacont
772,16669911,"Batuhan Ustun","2026-09-18 15:04:21",2490.8,2,batustun
773,16776738,"Kundan Bhaskar","2026-09-17 21:23:42",2490.4,2,kundan007
774,16655631,"Djamila Benchikh","2026-09-18 21:08:44",2490.0,2,djamilabenchikh
775,16683755,"Meng Di","2026-09-18 04:41:58",2489.4,2,hughshaoqz
776,16888254,CaliforniaDog,"2026-09-17 20:30:18",2489.3,2,californiadog
777,16841026,"Max Power","2026-09-18 21:55:30",2487.7,2,markbarney
778,16658457,"Uchiha Eren","2026-09-18 17:43:40",2487.6,2,lucsanjay
779,16920678,qinsuikang,"2026-09-18 17:41:57",2486.1,2,"qinsuikang,tudousisi"
780,16803448,jiatu.l,"2026-09-18 22:16:23",2485.7,2,jiatul
781,16889597," Master Bob111","2026-09-18 07:56:32",2484.7,2,masterbob111
782,16624934,"Haramball forever!","2026-09-17 17:19:52",2484.3,2,envyy23120093
783,16624040,kumk,"2026-09-17 17:55:55",2484.2,2,kknagoya
784,16839389,lizs,"2026-09-18 12:49:28",2484.0,2,chiila
785,16732156,"Ца-ри-ца по-лей, ку-ку-ру-за!","2026-09-17 09:07:09",2483.2,2,samvelkoch
786,16899300,"Yassine Chritt","2026-09-17 06:31:14",2483.2,2,yassinechritt
787,16658221,"Roshan Roy","2026-09-18 19:16:57",2483.2,2,"adhilvt,mohamedarifj,roshanroy333"
788,16799428,hatata,"2026-09-18 05:05:05",2482.3,2,hatata3737
789,16635340,"zhuo wamg","2026-09-17 16:51:00",2481.8,2,zhuowamg
790,16709492,abozten,"2026-09-18 21:10:54",2480.7,2,abozten
791,16641524,AkiraIshikawa,"2026-09-18 23:32:58",2480.6,2,akiraishikawa
792,16669089,YujieXing10,"2026-09-18 06:34:16",2479.3,2,yujiexing10
793,16665746,Chiranjieev,"2026-09-18 09:29:56",2477.8,2,"abhirajhiwale,amitambhore27,himanshu2605"
794,16804859,DevashishSoni123,"2026-09-17 16:11:41",2477.2,2,devashishsoni123
795,16660152,LIH.YUN,"2026-09-17 14:24:39",2475.3,2,fxlcee
796,16778640,Kilupy,"2026-09-18 16:22:31",2474.9,2,kilupy
797,16910041,"Gorgulu Fried Chicken Wings","2026-09-18 18:58:55",2474.3,2,"jingshixu,ooorangecatt"
798,16687363,"elegantangel (628700)","2026-09-17 20:45:57",2474.1,2,elegantangel
799,16749079,mraz1006,"2026-09-17 16:34:26",2473.9,2,mraz1006
800,16673336,honjousetuna,"2026-09-16 12:45:25",2473.2,2,honjousetuna
801,16858228,doubao,"2026-09-16 07:08:13",2471.9,2,"erhankangyan,yuanlili123321"
802,16655654,Cacinie,"2026-09-17 15:36:29",2471.5,2,cacinie
803,16718745,"Vishwamitra Mishra","2026-09-18 19:58:25",2471.4,2,vishwa007
804,16676455,"Sarthak Sharma ","2026-09-18 14:24:51",2471.0,2,sarthaksharma14
805,16895147,"DL Julius","2026-09-17 12:12:44",2470.7,2,dljulius
806,16698688,JeremiahMannings,"2026-09-18 15:20:00",2470.4,2,jmannings
807,16633212,goosehaaan,"2026-09-16 15:20:59",2469.2,2,goosehaaan
808,16765233,Shun,"2026-09-17 00:03:39",2469.1,2,shunchan0677
809,16653068,"Shuichi Fushimi","2026-09-15 11:47:34",2468.5,2,shuichifushimi
810,16695046,"Farmers Is All You Need","2026-09-18 16:31:14",2468.5,2,"aurax7,coolinlai,davidsarrat,pseree,zongzishuang"
811,16685982,Snorf,"2026-09-17 20:11:11",2467.3,2,snorfyang
812,16895106,linchuhan,"2026-09-18 11:56:23",2466.5,2,linchuhan
813,16670210,"Ali Alghaithi","2026-09-17 18:09:56",2466.4,2,alioman
814,16838589,iCO,"2026-09-17 18:54:30",2465.6,2,takashimaeda
815,16749466,"The Wolf of Wheat Street","2026-09-16 23:35:18",2464.2,2,"lijuantang19,yuemengzheng01"
816,16664239,VK_Kaggriculture..StartCompet,"2026-09-17 17:40:55",2463.0,2,venkatkumar001
817,16894714,MilkaDVP,"2026-09-17 16:49:46",2462.5,2,gerbertradmirovich
818,16730301,wonder777,"2026-09-18 13:06:28",2462.3,2,wonder777
819,16819431,kkkk,"2026-09-18 19:22:02",2461.8,2,kkkk4649
820,16667242,"Gleb Tumanov","2026-09-16 02:54:16",2460.8,2,crachton
821,16737650,sime_saba,"2026-09-18 23:00:28",2460.3,2,watarukawashima
822,16818313,"haonan zhengh","2026-09-17 03:53:55",2459.6,2,haonanzhengh
823,16767360,"Sinh Nguyễn Đức","2026-09-17 19:30:06",2459.5,2,sinhnguync
824,16746025,Hamachi,"2026-09-18 22:25:19",2458.4,2,hamatz
825,16699165,lime0001,"2026-09-18 09:44:25",2458.3,2,lime0001
826,16834038,"Akio Furutsuka","2026-09-17 18:27:22",2458.1,2,akiofurutsuka
827,16658777,"Jiarui (Jerry) Cao","2026-09-17 04:20:52",2457.1,2,jiaruicao7
828,16779304,"Ari Nakos","2026-09-17 15:21:27",2457.0,2,aristides
829,16674508,"Giulio Ravasio","2026-09-18 16:43:03",2456.7,2,giuliorav
830,16758767,"Mikhail Karchevskiy","2026-09-18 15:11:51",2455.0,2,suvalex
831,16712121,"Hai Dang","2026-09-16 17:11:25",2454.8,2,haidang2405
832,16849801,tq1d,"2026-09-17 22:13:23",2454.3,2,haya03010
833,16621625,YBEJlKA,"2026-09-18 08:40:52",2453.9,2,alexanderchesnokov
834,16759626,"Ghazaros Barseghyan","2026-09-18 10:58:18",2453.2,2,ghazarosbarseghyan91
835,16791248,"Ioannis Tzachristas","2026-09-16 19:33:15",2452.4,2,"ioannistzachristas,lilishyxf"
836,16898049,"Alua Аkhmetkali","2026-09-18 10:17:22",2451.6,2,alua01
837,16853849,emreaydin,"2026-09-19 00:06:47",2450.1,2,aydinemre
838,16702754,"Запрети мне брать H100","2026-09-18 22:55:26",2449.2,2,"amocualg,borismatsakov,kirya1"
839,16806840,"Tavuk Master","2026-09-17 09:02:48",2449.1,2,mkrimenurgm
840,16744842,juisajdiasd,"2026-09-18 14:54:09",2447.9,2,juisajdiasd
841,16765601,"Dinesh Makireddy 7389","2026-09-18 17:07:51",2447.8,2,dineshmakireddy7389
842,16663403,matthewwh,"2026-09-12 22:26:35",2447.5,2,matthewwh
843,16746317,xingyun_byto,"2026-09-17 05:09:49",2447.0,2,xingyunbyto
844,16668736,bhundreds,"2026-09-17 03:10:22",2446.8,2,hundreds1103
845,16785483,xiongrui666,"2026-09-18 02:50:17",2446.8,2,xiongrui666
846,16732129,"payne yam","2026-09-17 06:16:08",2446.5,2,payneyam
847,16829239,tomfng,"2026-09-17 12:37:00",2444.7,2,tomfng
848,16914244,Poemcourt,"2026-09-17 11:14:15",2444.2,1,poemcourt
849,16658365,OnlyFarms,"2026-09-17 00:23:26",2443.7,2,hoowoo
850,16814375,"Yuta Eiki","2026-09-18 02:27:16",2442.7,2,wildauk
851,16890654,"Niloofar Y.","2026-09-18 22:01:50",2442.7,2,niloofaryoonesi
852,16661575,skw1990,"2026-09-17 02:11:51",2441.8,2,skw1990
853,16763669,cm391,"2026-09-18 21:46:22",2441.4,2,mccocoful
854,16914006,Stefano,"2026-09-18 15:28:50",2441.3,2,stefanojp
855,16640394,"MOHAMMADJAFAR ZAMANI","2026-09-18 13:20:09",2440.7,2,mohammadjafarzamani
856,16805244,nari,"2026-09-18 19:03:26",2440.2,2,shoheiyoshinari
857,16709304,"Aleksey SCHUKIN","2026-09-17 06:44:55",2439.5,2,alekseyschukin
858,16623449,"Ryo Takaki","2026-09-19 00:02:45",2439.3,2,ryotakaki
859,16806376,pardival,"2026-09-17 08:59:46",2438.2,2,pardival
860,16676034,"Songyot P","2026-09-18 06:33:06",2438.1,2,songyotpi
861,16681100,Chiranjith,"2026-09-17 11:37:34",2437.8,2,chiranjithdharma
862,16793895,"Moh Notif","2026-09-18 23:34:04",2437.2,2,mohnotif
863,16890988,"Aleksandrov Andrey Alekseevich","2026-09-18 22:39:50",2435.0,2,abbeleve
864,16882868,"Yash Mohan","2026-09-18 23:35:27",2434.3,2,yashm917
865,16830526,"Raghav Agrawal","2026-09-17 14:02:41",2434.2,2,raghagra
866,16888126,Iminabo,"2026-09-17 16:21:33",2433.8,2,iminabo
867,16668737,"Abish Pius","2026-09-18 11:45:21",2433.2,2,abishpius
868,16850683,cooked,"2026-09-18 14:42:16",2432.1,2,"jentopia,toasty3302,xenonminer"
869,16808526,iheng88,"2026-09-17 15:10:40",2430.7,2,iheng88
870,16780455,wadigongren,"2026-09-18 06:39:59",2430.4,2,wadigongren
871,16804022,monsaraida,"2026-09-18 23:29:02",2429.7,2,monsaraida
872,16747306,"Yasasvi Josyula","2026-09-17 06:36:56",2429.5,2,yasasvijosyula
873,16642570,"Mathurin Ache","2026-09-18 13:42:17",2429.3,2,mathurinache
874,16729192,1m0ke,"2026-09-17 14:26:03",2428.5,2,smokelate
875,16622420,RuiFSPinto,"2026-09-18 07:54:54",2427.8,2,ruifspinto
876,16807108,dongdongunique2,"2026-09-18 15:30:18",2427.6,2,yinzhaoren
877,16761652,"Dhruv #2","2026-09-18 11:52:03",2427.6,2,dhruvrama
878,16856629,Methematics,"2026-09-17 15:14:04",2426.8,1,pavelvasilevskiy
879,16840509,"Iskander Yusupov","2026-09-17 09:35:41",2426.6,2,iskanderyusupov
880,16626814,"Vu Tran Hoang","2026-09-17 03:27:27",2426.4,2,hoangvux
881,16654373,thwaitsusa2,"2026-09-18 20:55:14",2426.2,2,thwaitsusa2
882,16795853,GaoKui,"2026-09-18 17:46:58",2426.1,2,gaokui
883,16738408,kujitama,"2026-09-17 12:13:20",2425.9,2,tyamujin
884,16660840,"An Garcia","2026-09-17 23:46:13",2425.3,2,angarcia
885,16632743,"Krizsó Gergely","2026-09-18 20:12:21",2425.0,2,lucifer19
886,16812062,姜上（Integ）,"2026-09-18 16:51:59",2425.0,2,"borealis27,integjs"
887,16686483,"the time is wasting","2026-09-17 15:35:38",2424.4,2,leonstew
888,16847609,"Aura Farmers","2026-09-18 23:04:56",2424.0,2,"adriana0022,ayrnpn,shengkaizhu"
889,16623637,kuro0315,"2026-09-18 21:31:14",2424.0,2,skuro0315
890,16704466,"QQ Farming","2026-09-16 08:28:29",2423.2,2,"dzjiann,hdhsjdjd,keithtyser,mitubant,ngyzly"
891,16784164,Yaojinming,"2026-09-18 13:41:37",2422.8,2,yjm0905
892,16836633,Yukino487,"2026-09-17 05:16:55",2422.6,2,yukino487
893,16878119,Aryan.Ahl,"2026-09-18 01:40:53",2421.7,2,aryanahl
894,16661073,PyJa,"2026-09-16 17:50:06",2421.0,2,pixiux
895,16738424,Yunioshi,"2026-09-17 12:45:31",2420.8,2,yunioshi
896,16741672,张菠,"2026-09-17 02:56:14",2420.1,2,ysqdababa
897,16912052,"Nana Bast","2026-09-18 16:29:38",2419.8,2,"fontainedefurina,nanabast"
898,16698294,"John Doe","2026-09-17 06:51:55",2419.4,2,johndoe90843
899,16817518,Dresden,"2026-09-17 08:58:13",2419.2,2,dresdeng
900,16671017,"Pablo César Ruíz","2026-09-18 21:57:50",2418.4,2,pcruiher08
901,16673131,"Arfin Mustofa","2026-09-17 01:40:55",2417.7,2,arfinmustofa
902,16762926,"Ricky RTG","2026-09-18 06:57:46",2417.3,2,rickyrtg
903,16845833,おかゆん,"2026-09-17 10:58:11",2417.1,2,okayun
904,16802505,daviondk,"2026-09-17 12:57:35",2416.5,2,daviondk
905,16913723,azamat1ch,"2026-09-17 09:47:50",2416.1,1,azamat1ch
906,16806018,トゲアリトゲナシトゲトゲ,"2026-09-18 17:18:26",2415.7,2,togearitogenasi
907,16768385,neibyr,"2026-09-18 00:08:29",2415.4,2,neibyr
908,16866549,"Roman Nesterov","2026-09-17 12:40:36",2415.3,2,romanest
909,16730634,Priestess,"2026-09-18 13:14:33",2415.0,2,kalypheus
910,16904028,BraydenPikachu,"2026-09-17 04:56:21",2414.9,2,braydenpikachu
911,16656337,"Prashant Kikani","2026-09-17 10:34:36",2414.4,2,prashantkikani
912,16811949,PeterDreamHan,"2026-09-17 08:56:04",2414.0,2,"niuwh1004,peterdreamhan"
913,16782520,Durian,"2026-09-17 15:54:45",2413.6,2,rainyjin
914,16692185,"Xu Suyi","2026-09-17 11:08:37",2413.5,2,xuyuhaosuyi
915,16623749,Tejas,"2026-09-17 09:53:36",2412.9,2,tejuuss
916,16784725,prairieee,"2026-09-17 02:45:42",2412.7,2,"haideptry,prairieee"
917,16621590,Yaroslav,"2026-09-17 12:15:52",2411.8,2,yaroslavrogoza
918,16774674,"Perminov Matvey","2026-09-17 08:51:13",2411.7,2,mperminiov
919,16647192,"Sailor Ren","2026-09-17 07:09:02",2411.7,2,sailorren
920,16632757,taopy2,"2026-09-17 03:19:26",2411.3,2,taopy2
921,16731415,BOB,"2026-09-19 00:02:49",2410.8,2,hotpotbro
922,16624571,"Baidalin Adilzhan [dsml.kz]","2026-09-18 14:56:14",2410.1,2,"baidalinadilzhan,qasminumber,zelza0"
923,16682210,Boiled-Sweet-Potato,"2026-09-18 04:32:45",2409.9,2,boiledsweetpotato
924,16681927,"Dariush Afshar","2026-09-17 04:30:38",2409.4,2,dariushafshar
925,16691572,"Lord Momo","2026-09-18 04:20:54",2409.1,2,stevenleehans
926,16656340,MAGMA,"2026-09-17 13:47:56",2408.6,2,infiheart
927,16768702,"Crop It Like It's Hot","2026-09-17 05:21:36",2408.4,2,"davidben10,rachel79"
928,16914801,milkdragon,"2026-09-17 13:08:28",2407.6,1,hhhhhhyc
929,16663264,Adarsh,"2026-09-19 00:00:04",2407.3,2,madarshbb
930,16730673,"John Doge","2026-09-18 06:24:51",2407.0,2,spacedoge
931,16655505,Debmalya,"2026-09-17 10:37:41",2406.8,2,debmalya84
932,16870247,mxt1022,"2026-09-18 04:53:16",2406.7,2,unlome
933,16668430,"john inan","2026-09-17 16:51:53",2406.6,2,johninan
934,16679214,alban,"2026-09-18 22:49:55",2406.3,2,albantiacoh
935,16700068,"My Little Pony","2026-09-17 13:09:37",2406.2,2,"buxiangzaoqi66,juliezhang131,yaoyilv"
936,16664111,"John Park","2026-09-17 12:01:31",2405.9,2,sigint
937,16722399,"Meta learners","2026-09-18 12:50:48",2405.8,2,aditya2909rb
938,16779110,mark,"2026-09-18 08:39:06",2404.9,2,mark
939,16719563,"GPT-5.6 Sol🏆","2026-09-18 08:46:02",2404.6,2,"ctfxiao,gaoruihua,otherworldly777,wennaliu2007,xgentle"
940,16690065,JiangWenfeng1,"2026-09-17 02:35:45",2404.5,2,jiangwenfeng1
941,16802575,saeNeko,"2026-09-17 07:47:44",2403.0,2,sae20gorilla
942,16845531,"Suzuki Yuto - W","2026-09-17 06:59:53",2402.8,2,hoshinoyumemi
943,16726616,9Hash,"2026-09-17 04:43:20",2402.6,2,hashimrazi
944,16861302,YieldCurve,"2026-09-17 22:30:27",2402.6,2,"gendaijin,haruna015"
945,16805778,"Dương Đức Anh","2026-09-17 14:52:22",2401.9,2,"dda2k6,trungdttik55"
946,16732507,iwashhh,"2026-09-18 02:48:12",2401.8,2,"alcoholcat,yuinokogawa"
947,16683808,RuggedBones,"2026-09-17 16:42:46",2401.7,2,ruggedbones
948,16840073,"Kragglenote2 Forwork","2026-09-17 12:27:17",2401.2,2,kragglenote2forwork
949,16632593,skomuro,"2026-09-18 15:52:56",2400.6,2,skomuro
950,16627796,tizawa3,"2026-09-18 14:40:41",2397.2,2,tizawa
951,16777710,"Clement Lau","2026-09-18 16:07:06",2396.0,2,clementlau
952,16860663,久保兼,"2026-09-17 11:25:22",2395.9,2,kuboken
953,16688294,"high frequency farming","2026-09-18 08:38:09",2395.8,2,"gunhcolab,hweowe,markslavin"
954,16635872,"Evgeniya Dmitrieva","2026-09-17 15:41:30",2395.0,2,evgeniyadm
955,16669490,hinemos,"2026-09-18 20:08:18",2394.9,2,hinemos
956,16659081,"JALKARNA GAUTAM","2026-09-17 07:54:19",2394.6,2,jalkarnagautam
957,16623368,"Evgeniy Veselkov","2026-09-18 13:50:19",2394.4,2,evgeniyveselkov
958,16707990,Snorlax,"2026-09-18 16:03:57",2394.4,2,pku1400010735
959,16740207,"As Long As You Love Me","2026-09-17 13:40:30",2393.8,2,theunforgiven7
960,16909973,"Tri Tuc Cao","2026-09-17 09:59:28",2393.8,1,tricao
961,16670967,"Ne ML Clan","2026-09-16 21:44:07",2393.5,2,"al55522me,egoregors,sirgauda,vladmazeev"
962,16662318,"Bardia Bahadori","2026-09-18 15:21:53",2393.4,2,bardiabahadori
963,16641548,"Indium AI Labs","2026-09-17 08:19:29",2392.8,2,"devaanshpa,wolframbopp"
964,16863212,"Jayanth Koppala","2026-09-18 21:21:39",2392.5,2,jayanthkoppala
965,16843582,isk54_34,"2026-09-18 13:59:22",2392.5,2,isk5434
966,16736931,"Sergei Fironov","2026-09-18 11:20:34",2389.0,2,sergeifironov
967,16657152,"K S VIJAYARAAGHAVAN","2026-09-17 18:08:35",2388.8,2,ksvijayaraaghavan
968,16623520,asteriam,"2026-09-18 23:49:54",2388.2,2,masatakashiwagi
969,16693342,takemo,"2026-09-18 02:21:58",2386.5,2,takemoriyuto
970,16857607,inny,"2026-09-17 06:37:51",2386.3,2,innycc
971,16712189,"Kostiantyn Isaienkov","2026-09-18 23:15:20",2385.3,2,isaienkov
972,16644303,"kevin zhou","2026-09-17 00:46:12",2384.4,2,kevinzhou66
973,16849780,"Juan Leiva","2026-09-18 15:30:42",2384.1,2,juank333
974,16908403,"Stepan Ivanov","2026-09-18 15:42:31",2383.8,2,stepanivanov233
975,16861362,我小栗帽要娶藤正进行曲！！！💍,"2026-09-18 17:12:01",2383.4,2,"praveensahukari,rubiakaslana"
976,16726545,whm8016,"2026-09-18 15:34:12",2382.6,2,whm8016
977,16753974,"David Goldrajch","2026-09-17 21:14:34",2382.3,2,elie2003
978,16704580,"Yunho Hwang","2026-09-18 13:58:48",2381.8,2,yunhohwang
979,16693976,rererenore,"2026-09-18 15:28:12",2381.6,2,rererenore
980,16854060,Q,"2026-09-17 04:33:55",2380.9,2,dalll77
981,16875984,cccyou,"2026-09-18 15:56:14",2380.2,2,cccyou
982,16695567,tera358,"2026-09-18 13:05:09",2379.9,2,tera358
983,16799769,manyuA,"2026-09-17 11:43:19",2379.8,2,"forheuristiclifeksh,manyua,realhonest"
984,16682183,lihaha.36,"2026-09-18 12:37:06",2379.5,2,lihaha36
985,16773125,kuroko1t,"2026-09-18 14:29:36",2379.3,2,kuroko1t
986,16658830,"Farhat Pachisa","2026-09-17 05:27:59",2376.6,2,farhatpachisa
987,16824931,Magniverko,"2026-09-18 03:36:26",2376.5,2,huangyingkun
988,16806541,hidenov,"2026-09-18 14:53:19",2376.1,2,hidenov
989,16657100,"Jacky Chan","2026-09-18 13:03:38",2375.6,2,jhkchan
990,16759699,"Mason Cao","2026-09-18 13:37:07",2374.9,2,mzcao7
991,16879879,wulawulacong,"2026-09-18 03:56:01",2374.0,2,wulawulacong
992,16772723,"Zhou Haonan","2026-09-16 13:21:16",2373.8,2,hatsuseizuna
993,16866398,feles99,"2026-09-17 15:50:08",2373.3,2,feles99
994,16633179,infamemconculcemus,"2026-09-18 11:22:02",2372.9,2,jcgweb
995,16732478,Ken_Ken_Pa,"2026-09-18 00:17:47",2372.6,2,kenkenpa
996,16629787,FlameZywoo,"2026-09-18 11:53:20",2371.8,2,zgdllt
997,16897870,妮选择遗忘的,"2026-09-17 13:59:51",2371.8,2,yk120951
998,16798989,"Harvest Sun","2026-09-17 06:18:22",2371.6,2,zaoooo29
999,16652451,JackGong,"2026-09-17 14:15:38",2371.5,2,jackgong
1000,16621616,insuperabilehart,"2026-09-18 16:55:53",2371.0,2,insuperabile
1001,16897489,"East Kowloon","2026-09-17 14:14:36",2370.5,2,"haydenmlh,veron0611"
1002,16742183,alessandrozonta,"2026-09-18 08:25:58",2370.0,2,azonta
1003,16735794,宗宗没有英文名,"2026-09-18 13:49:39",2370.0,2,iver666
1004,16634179,daoviet,"2026-09-18 13:49:10",2368.9,2,daoviet
1005,16887107,"Crazy Spirits","2026-09-17 06:04:46",2367.8,2,latents
1006,16713743,oliver,"2026-09-18 17:18:33",2367.8,2,ollibolli
1007,16654841,"ABHIRUP DAS","2026-09-16 19:30:20",2366.6,2,abhirupdas10
1008,16911681,nena,"2026-09-18 19:35:12",2366.6,2,nena0undefined
1009,16732210,tanadai,"2026-09-18 15:31:36",2366.3,2,da0516
1010,16657931,t-enstar,"2026-09-16 13:43:53",2365.9,2,tstustatama
1011,16849125,"OBSTACLE DEVELOPER","2026-09-18 16:15:58",2365.8,2,obstacledeveloper
1012,16633552,Unkn0wn,"2026-09-17 07:52:29",2365.4,2,"harnadshilpa,nagendraadisesha"
1013,16846677,涵哥,"2026-09-19 00:03:55",2364.8,2,jinfanhahaha1
1014,16641138,"Bharath Varma","2026-09-18 13:26:18",2364.3,2,bharath111l
1015,16736670,"Mark Astrid","2026-09-18 03:24:32",2363.2,2,markastrid
1016,16915895,Shaylynn,"2026-09-17 15:58:29",2363.2,1,shittttttt
1017,16673109,"Surya Bhattiprol","2026-09-17 16:13:40",2363.0,2,suryabhattiprol01
1018,16632327,midnq,"2026-09-16 08:06:06",2362.5,2,midnqly
1019,16661607,choqui62,"2026-09-18 10:29:06",2361.5,2,choqui62
1020,16734435,Economist,"2026-09-18 20:42:17",2361.4,2,jtheyogi
1021,16687901,Khalid,"2026-09-19 00:02:53",2360.7,2,khalid000000
1022,16694110,"Team Amboss","2026-09-16 19:43:40",2360.7,2,alexphilippi
1023,16671150,Mc10nys0n,"2026-09-18 13:32:03",2359.9,2,rattanunt
1024,16911212,zby_4240,"2026-09-18 06:13:27",2358.9,2,"panhiuting,zby4240"
1025,16778744,"Shunsuke Hayashi","2026-09-16 23:29:30",2357.9,2,shunsukehayashi1993
1026,16855295,zhudong1949,"2026-09-18 16:35:47",2356.2,2,zhudong1949
1027,16674312,yuxuan,"2026-09-17 04:57:15",2356.0,2,yuxuan1221
1028,16743656,Deskbo,"2026-09-16 13:45:12",2355.0,2,deskbo
1029,16762195,eliasruntime,"2026-09-16 00:40:26",2355.0,2,eliasruntime
1030,16642139,"Arnav Goel","2026-09-18 08:09:51",2354.5,2,arnavgoel17
1031,16758905,"Iwa Iwa","2026-09-18 08:19:02",2354.3,2,iwaiwa
1032,16727182,FinalSunFlower,"2026-09-18 11:36:22",2354.3,2,finalsunflower
1033,16847247,月之光面,"2026-09-18 08:48:01",2353.5,2,cxcxcxcx
1034,16784943,"Ian lin","2026-09-18 10:15:34",2350.9,2,ianlin310707
1035,16824664,wozijishuode,"2026-09-18 17:39:19",2349.7,2,jamsubmarines
1036,16904984,"Andrej Angelovski","2026-09-16 17:32:42",2349.1,2,cybertiger7
1037,16889224,"Ishan Karnick","2026-09-18 23:40:29",2347.6,2,ishankarnick
1038,16699856,yukio,"2026-09-17 04:22:12",2346.8,2,yukioseki
1039,16698661,"Albert Wang","2026-09-17 21:02:03",2345.7,2,mianwang1024
1040,16771394,"ZHIRUI ZHAO","2026-09-18 08:57:18",2345.0,2,zhiruizhao
1041,16776505,"Duck Typing","2026-09-18 17:40:45",2344.9,2,ahmadamindw
1042,16859434,DearKarl,"2026-09-17 10:25:35",2344.1,2,dearkarl
1043,16674919,yukiZ,"2026-09-18 06:34:00",2343.7,2,hideyukizushi
1044,16651257,PursueML,"2026-09-15 13:38:39",2343.2,2,"cuijohn,pursueml"
1045,16635067,"Berat Egemen Gök","2026-09-16 19:54:25",2342.7,2,berategemengk
1046,16854428,"Marwan Ashref","2026-09-16 17:38:01",2342.2,2,"abobakerabobaker,marwanashref"
1047,16639971,"qi yun","2026-09-18 10:01:43",2342.0,2,qiyun280
1048,16888303,Satuker,"2026-09-17 21:52:34",2341.5,2,filipgaliski
1049,16701768,darasty,"2026-09-19 00:02:24",2339.9,2,darasty
1050,16669711,"Anton Shaniuk","2026-09-18 18:08:55",2339.5,2,antonshaniuk
1051,16768239,Oshbocker,"2026-09-18 21:58:16",2338.7,2,oshbocker
1052,16793385,"Rishav Utkarsh","2026-09-18 00:24:35",2338.7,2,rishavutkarsh
1053,16680144,AM,"2026-09-17 15:52:11",2338.0,2,adammekky
1054,16688159,"aildar &  slopernak & bobot","2026-09-19 00:01:00",2337.9,2,"eldarkhisamutdinov,mernak,vladimirbagmanov"
1055,16736435,Dieter,"2026-09-18 10:39:46",2337.8,2,"arc144,christofhenkel,crodoc"
1056,16904289,"farmer zefeng","2026-09-18 17:11:24",2337.1,2,zefengai
1057,16864016,"Setu Chokshi","2026-09-16 02:09:48",2336.5,2,setuch
1058,16658185,"Juwon Kweon","2026-09-16 15:32:29",2334.5,2,juwonkwon
1059,16657657,ArnabKarmakar,"2026-09-18 00:05:13",2334.3,2,arnabkarmakar
1060,16688460,lllleeeo,"2026-09-16 17:38:13",2334.3,2,lllleeeo
1061,16842183,"Sumukh M G","2026-09-17 05:51:00",2333.9,2,sumukhmg35
1062,16871409,"Aleksandr Isakov","2026-09-18 13:11:58",2333.5,2,aleksandrisakov
1063,16894895,kangmingpeng,"2026-09-17 03:06:12",2332.4,2,kangmingpeng
1064,16660483,TIM,"2026-09-15 23:50:33",2330.3,2,daynoryamil
1065,16867067,jiazepin,"2026-09-18 01:22:51",2330.2,2,jiazepin
1066,16681464,Amyel21,"2026-09-17 18:28:33",2329.6,2,amyel21
1067,16881681,失忆的海_,"2026-09-17 14:44:41",2328.9,2,shiyidehai
1068,16811036,"farmin time","2026-09-18 22:54:56",2328.6,2,jaydenszeto123
1069,16760990,naren_v,"2026-09-17 14:48:49",2328.0,2,varuthakari
1070,16740659,haodou092,"2026-09-17 15:01:03",2327.7,2,haodou092
1071,16791977,JeremyLIU858,"2026-09-18 23:00:31",2326.5,2,jeremyliu1997
1072,16743172,moonzfxs,"2026-09-18 17:16:12",2326.1,2,moonzfxs
1073,16786109,"Thomas Deng","2026-09-15 12:06:46",2325.8,2,tdeng24
1074,16745569,kitchs,"2026-09-17 03:02:57",2325.6,2,kitchs
1075,16839902,"Sōsuke Aizen","2026-09-16 19:50:03",2325.6,2,"soukeaizenz,souvikdbiswas"
1076,16621294,dpquoc,"2026-09-17 08:36:40",2324.8,2,dpquoc
1077,16677810,"Maksim Borisov","2026-09-16 21:33:37",2324.1,2,ma4ypic4y
1078,16875601,forwardidear,"2026-09-18 16:04:09",2323.5,2,forwardidear
1079,16756411,"Maximo Uribarri","2026-09-15 14:59:17",2322.6,2,maximouribarri
1080,16903793,"Zhongkai Shangguan","2026-09-18 04:02:20",2322.4,2,leonshangguan
1081,16922539,Gatswei,"2026-09-18 20:40:23",2322.1,1,gatswei
1082,16641536,"Michael Timbs","2026-09-18 05:39:54",2321.3,2,michaeltimbs
1083,16707994,"Ayush Gupta #2","2026-09-17 22:21:54",2320.4,2,desmond6101
1084,16660678,"Chaitanya Sonaje","2026-09-18 14:35:57",2319.6,2,chaitanya205
1085,16658840,sanju25,"2026-09-18 14:32:41",2318.9,2,sanju25
1086,16721384,Hackoholics,"2026-09-16 05:57:18",2318.0,2,"limyenhui,richierx"
1087,16913081,"Danil Bashkirov","2026-09-18 08:37:53",2317.3,2,chieph
1088,16657623,Restart:),"2026-09-17 04:27:06",2317.1,2,wayne127
1089,16784217,MMN0222,"2026-09-18 05:09:51",2316.2,2,mmn0222
1090,16910590,Hubillionaire,"2026-09-17 06:56:01",2316.1,2,hubillionaire
1091,16639969,"Sheep Are All You need","2026-09-18 03:13:10",2315.8,2,aliyelbekov
1092,16663214,"Mathieu W","2026-09-18 09:28:19",2314.5,2,mathieuw
1093,16662684,"Harshini Reddy","2026-09-18 16:03:18",2313.9,2,luffyh04
1094,16661039,Abracadabra,"2026-09-18 16:02:24",2313.0,2,giovannicr
1095,16758556,bpbpbpbpb,"2026-09-18 22:17:27",2313.0,2,bpbpbpbpb
1096,16655190,"Will Rice","2026-09-18 20:34:51",2312.3,2,willrice
1097,16665077,"Mohit Babel","2026-09-17 21:59:54",2311.8,2,mohitbabel
1098,16632113,"Any Things","2026-09-19 00:02:32",2311.3,2,anythingsj3fare767
1099,16755203,TY0912,"2026-09-17 12:10:48",2311.1,2,samejimatink0
1100,16848394,Polaris,"2026-09-17 02:16:51",2310.9,2,zhanglei226
1101,16881600,"Yoshihiro Hatakeyama","2026-09-16 23:27:13",2310.8,2,yoshihiro1909
1102,16876520,OpenModelMap,"2026-09-18 15:05:55",2309.1,2,openmodelmap
1103,16624047,GUOHAOYANG,"2026-09-16 22:42:54",2309.0,2,pkuszboi
1104,16709837,Sophinator,"2026-09-16 18:50:53",2308.3,2,sophinator
1105,16860129,sonny_01,"2026-09-14 10:17:49",2308.2,2,sonnymupfuni01
1106,16640807,TS,"2026-09-18 00:23:49",2308.1,2,"macomacoo,milkcoffeen,takumi0220"
1107,16683529,"Yanis Belami","2026-09-18 22:45:10",2308.0,2,yanisbelami
1108,16698999,Odyssey,"2026-09-17 01:07:15",2308.0,2,a1spirit
1109,16838479,"Sufi Afifi","2026-09-14 23:01:41",2307.3,2,emrys21
1110,16660485,"Colin Gaffney","2026-09-17 20:55:48",2307.0,2,colingaffney1
1111,16654707,ManasviSharma,"2026-09-18 20:47:16",2306.1,2,manasvi821
1112,16623400,Less,"2026-09-17 08:16:55",2304.9,2,jiaoyouzhang
1113,16868759,Pand,"2026-09-18 15:06:24",2303.0,2,pand999
1114,16624026,"Russell Kirk","2026-09-18 04:58:46",2302.4,2,russcore
1115,16771623,kekuru,"2026-09-14 14:25:08",2302.2,2,soyaishihara
1116,16885548,"Anand Kumar 369o","2026-09-16 15:24:25",2302.0,2,anandkumar369o
1117,16789946,"Oriol Pi Morell","2026-09-18 19:28:33",2301.9,2,oriolpi
1118,16759578,Randy,"2026-09-17 15:02:10",2301.4,2,rvndyerwin
1119,16900902,"Younes Chafi","2026-09-18 08:59:24",2300.9,2,youneschafi
1120,16885498,farmhouse,"2026-09-17 15:44:21",2300.4,2,tomoyayanagi
1121,16755654,oQo,"2026-09-18 10:57:50",2300.0,2,oqoxodk6
1122,16888648,"MAOSEN ","2026-09-18 01:47:15",2299.3,2,maosen
1123,16857404,gachichan,"2026-09-16 23:58:47",2298.7,2,gachichan
1124,16762101,"Kazama Yusuke","2026-09-18 22:42:24",2297.8,2,kazamayusuke
1125,16892796,FunLegendGaming,"2026-09-17 16:27:04",2297.3,2,funlegendgaming
1126,16851853,tryagain123,"2026-09-18 11:42:04",2296.7,2,lanqingsong123
1127,16717255,Ryuuga89,"2026-09-13 16:31:48",2296.5,2,ryuuga89
1128,16764459,在高速上逆行是危险的,"2026-09-16 15:42:04",2294.2,2,"chaojiwudiwujie,qianxiang123"
1129,16805704,ShuHaya,"2026-09-16 23:25:58",2293.3,2,yfqqq088
1130,16623805,"Howon Kang","2026-09-18 10:33:30",2293.0,2,howonkang
1131,16662681,"Vernon Campbell","2026-09-18 01:51:57",2293.0,2,vernoncampbell
1132,16714134,"Raul Tinajero","2026-09-17 19:57:39",2292.9,2,raultinajeroo
1133,16662833,"umair zia","2026-09-16 14:09:52",2291.7,2,aimerscoding
1134,16750268,"Harris Bashir","2026-09-18 21:46:25",2291.5,2,harrisbashir
1135,16731074,UmutUygurr,"2026-09-17 08:40:10",2291.4,2,"dilahbaheci,umuttuygurr"
1136,16797543,Tarang222,"2026-09-13 18:36:05",2289.2,2,tarang222
1137,16871584,xder,"2026-09-16 14:19:43",2289.0,2,xderyeke393
1138,16636756,"K.THARUN KUMAR","2026-09-17 16:47:45",2287.6,2,tharunkumar369
1139,16623920,"Kazuta MIZUTA","2026-09-17 02:45:13",2287.1,2,kazutamizuta
1140,16634803,hongzhouzhou,"2026-09-14 08:45:34",2286.6,2,afterrain42
1141,16809294,Cherie01,"2026-09-16 19:50:07",2286.4,2,cherie01
1142,16793474,"Liu Classmate","2026-09-18 17:02:34",2284.7,2,"lilya98,liuclassmate,yuxuanzhao1203"
1143,16850995,"KOSUKE MATSUDA","2026-09-17 14:22:41",2283.9,2,kosukematsuda
1144,16641884,Blacklions.,"2026-09-18 11:33:06",2281.3,2,blacklions
1145,16623451,Ueddy,"2026-09-16 14:59:36",2279.0,2,ku0807
1146,16623799,"Akhilesh godugu","2026-09-16 15:41:08",2278.3,2,"akhileshgodugu,ashokgodugu"
1147,16891740,quwon_000,"2026-09-16 15:37:02",2278.2,2,quwon000
1148,16870440,GOSS,"2026-09-18 16:08:55",2277.8,2,gossan
1149,16627888,atl132,"2026-09-18 13:10:16",2276.8,2,atl132
1150,16731605,datatuu,"2026-09-17 15:52:47",2276.7,2,yaoguang516
1151,16719733,CleoCantCompete,"2026-09-18 17:40:46",2275.9,2,cleocantcompete
1152,16853132,masa0219,"2026-09-18 18:10:31",2274.6,2,masa0219
1153,16850078,"Safwan Amin","2026-09-16 16:53:04",2273.2,2,bracu23101281
1154,16623577,"Jiayi Tang","2026-09-18 07:28:07",2272.7,2,mannguo
1155,16810078,Sam-wiz,"2026-09-18 13:27:21",2272.6,2,samwiz
1156,16624276,"MKGA(looking for teammates)","2026-09-16 22:19:09",2272.1,2,"horizen12,zejunfool"
1157,16630251,"Handry Novianto","2026-09-18 02:54:27",2271.7,2,handrynovianto
1158,16905157,Moonyk,"2026-09-16 08:16:37",2271.7,1,moonyk
1159,16657576,"SUBHASH B","2026-09-16 15:55:13",2271.3,2,"rishikrish1,subhashb21022"
1160,16632172,Ayodeji,"2026-09-16 16:08:15",2271.3,2,ayodejiibrahimlateef
1161,16676762,"Tomas Escobar Rivera","2026-09-16 01:46:24",2270.9,2,tomasescobarrivera
1162,16632304,"Masataka Suzuki","2026-09-18 22:25:02",2269.5,2,masatakasuzuki
1163,16629165,lingyu07,"2026-09-16 14:38:08",2268.6,2,lingyu07
1164,16639565,yasu,"2026-09-15 19:37:02",2267.9,2,yasutakababa
1165,16912371,Dorararra,"2026-09-18 04:24:39",2267.5,2,dorafairy661
1166,16655379,Ikeda0516,"2026-09-16 20:36:31",2266.8,2,ikeda0516
1167,16666566,"Rairo Mukamuri","2026-09-16 20:33:48",2265.6,2,thetraveller
1168,16693965,ra5anchor,"2026-09-18 23:29:17",2265.2,2,junmitsui
1169,16840857,Meteor,"2026-09-18 13:26:17",2264.8,2,meteorkid
1170,16692711,Deniz,"2026-09-16 14:51:14",2264.5,2,denizeryilmaz
1171,16723096,Shabuuu,"2026-09-17 04:11:08",2264.4,2,shabuuu
1172,16655682,"Azamat Sadikov","2026-09-16 23:07:23",2263.6,2,azamatsadikov
1173,16764901,"Han Chen","2026-09-17 04:57:20",2263.3,2,puffohan
1174,16714159,Lonnie,"2026-09-16 17:40:20",2262.9,2,lonnieqin
1175,16732879,daulettoibazar,"2026-09-16 14:32:16",2262.8,2,daulettoibazar
1176,16768603,Kinance,"2026-09-18 19:36:58",2262.2,2,kinance
1177,16846857,"Tomohiro Nagai","2026-09-16 14:30:47",2261.7,2,tomohironagai
1178,16736985,Colt,"2026-09-17 01:14:29",2261.5,2,nht1990
1179,16881512,"Asem Adnan","2026-09-18 21:19:20",2260.6,2,asemadnan
1180,16623381,cocoaAI,"2026-09-17 04:23:23",2260.1,2,cocoaai
1181,16847543,"Sankalp Wanjari","2026-09-16 18:40:53",2259.9,2,sankalpwanjari25
1182,16725996,MatheusPSorancoDeCarvalho,"2026-09-16 21:35:26",2259.2,2,matheussoranco
1183,16840439,"God Se7en","2026-09-15 17:06:04",2257.4,2,godseven7
1184,16634765,democatXamer,"2026-09-16 21:53:52",2256.6,2,w1326627677
1185,16733839,"Fabian Ruiz","2026-09-17 19:58:26",2256.3,2,fabianruiz3
1186,16666571,"Zhengxu Yu","2026-09-16 10:51:26",2255.6,2,zhengxuyu
1187,16891851,kamranahmmed,"2026-09-17 16:24:53",2253.9,2,kamranahmmed
1188,16652536,Satoshi_SsSs,"2026-09-16 17:19:07",2253.6,2,satoshissss
1189,16848060,juliencst,"2026-09-15 22:41:27",2253.5,2,juliencst
1190,16847936,张志浩1,"2026-09-17 03:05:57",2253.3,2,zzh13332470923
1191,16657728,"T Soo","2026-09-17 17:04:58",2252.8,2,ttgrcgrc
1192,16845907,yt0914,"2026-09-16 17:50:44",2251.1,2,yt0914
1193,16644481,Liquidus,"2026-09-16 02:57:18",2250.8,2,liquidus
1194,16675063,"King Tian","2026-09-18 09:46:31",2250.8,2,tianwang1210
1195,16692895,Manuf,"2026-09-18 13:29:36",2250.7,2,manuelferromorales
1196,16663946,"Hello San Francisco","2026-09-16 12:59:25",2249.6,2,"circiumaru,dulgherustefan,radugoga"
1197,16826465,linmumu009,"2026-09-17 02:08:49",2249.5,2,"linmumu009,renjunxiang"
1198,16799235,K.Piro,"2026-09-18 22:20:34",2248.8,2,agares02
1199,16732735,MMMMMMMMMMMM,"2026-09-16 14:57:27",2248.2,2,hyh273279
1200,16907222,"Harshith Kumar","2026-09-16 17:13:57",2247.6,2,harshith1212a
1201,16681601,Hanaro,"2026-09-18 03:04:53",2247.1,2,lucas040
1202,16706897,"Akshay Mathur","2026-09-16 15:10:36",2246.3,2,akshaymathur777
1203,16815132,"Duc-Anh Nguyen","2026-09-18 09:22:31",2246.2,2,valentinonguyen
1204,16908116,"Kabir Potdar","2026-09-16 18:40:56",2246.0,2,kabir01010
1205,16639844,MaxChen303,"2026-09-16 16:18:46",2245.2,2,maxchen303
1206,16709468,"Andrey Chankin","2026-09-18 22:56:05",2245.0,2,bluepill
1207,16655520,"kaggle Osaka","2026-09-17 15:37:45",2244.7,2,toshiyukitanaka
1208,16869614,"Szymon Miłosz","2026-09-16 18:49:43",2244.6,2,szymonmiosz
1209,16677565,"Avish Sinha","2026-09-17 20:02:53",2244.1,2,avish006
1210,16627148,"HUNGRED XYIS","2026-09-17 12:54:19",2243.8,2,"gleny48,makarrogovik,wooler1"
1211,16853125,"BEIKE YAN","2026-09-16 06:57:48",2243.0,2,craigsid
1212,16897719,"Muhammad Aashir Irshad","2026-09-17 21:57:11",2242.9,2,muhammadaashirirshad
1213,16775030,makishis,"2026-09-16 16:38:41",2242.1,2,makishis
1214,16688568,Sophie555,"2026-09-17 12:20:27",2240.9,2,sophie555
1215,16730015,suzu10,"2026-09-18 01:20:36",2240.1,2,suzu10
1216,16854472,Taimo,"2026-09-16 14:56:55",2239.2,2,taikimori
1217,16898547,"[Deleted] 56e880dc-015c-4899-9c1b-85d9958ef4af","2026-09-15 18:25:34",2239.0,2,del=84798c2d77df7d9d
1218,16644808,"Rotation Theory","2026-09-18 15:36:20",2238.1,2,mikhsank
1219,16688217,"The Grower","2026-09-18 14:49:33",2237.5,2,vigneshsankar1962
1220,16635969,"Omkar Kadam","2026-09-16 13:12:39",2237.5,2,"itzzomkar,khanayanayub,princypaonam"
1221,16878968,"Dale Zhong","2026-09-18 06:40:20",2236.4,2,dalezhong
1222,16832209,enduejdu,"2026-09-16 10:50:47",2236.3,2,"enduejdu,vvennie,yuwenyue"
1223,16726816,"Games Jadley","2026-09-18 05:07:18",2235.0,2,gamesjadley
1224,16822519,Lunospital,"2026-09-18 11:42:09",2234.7,2,lunospital
1225,16751820,yy,"2026-09-16 08:26:25",2234.5,2,hirokiyamazaki
1226,16892458,orangeaugust,"2026-09-17 16:24:04",2234.1,2,orangeaugust
1227,16691512,"Hongxin Su","2026-09-16 20:46:06",2233.7,2,hongxinsu
1228,16623450,S.Aoki,"2026-09-16 12:56:08",2233.7,2,soyaoki
1229,16698308,"Gemini IS ALL YOU NEED","2026-09-18 09:49:05",2232.8,2,"jacqueszhelinzhang,yuan800"
1230,16875653,xuzenkun,"2026-09-18 11:24:34",2232.4,2,xuzenkun
1231,16809211,"Aleix López","2026-09-17 10:12:51",2232.3,2,aleixlopez
1232,16697266,"Top 1 🏆","2026-09-16 16:09:13",2231.7,2,"fahankaudeer,solirus,syntaxprnv,udhaykumarsujeebun"
1233,16809194,Ajanraj,"2026-09-18 17:43:31",2231.6,2,ajanraj25
1234,16848970,massi0411,"2026-09-18 18:51:35",2230.9,2,massi0411
1235,16655922,kusui26,"2026-09-17 09:01:34",2230.5,2,kusui26
1236,16667767,t3l3kin3sis,"2026-09-18 05:17:51",2229.8,2,"daffafariq,hashmatzamaryali,malsabbagh05"
1237,16842300,fanmili,"2026-09-16 11:04:18",2229.7,2,fanmili
1238,16810499,佐藤滉太,"2026-09-18 23:11:40",2229.3,2,s1300200
1239,16783265,"Xiangjiang Zhou","2026-09-17 12:04:25",2229.1,2,xiangjiangzhou
1240,16838625,kyohei2106,"2026-09-17 22:37:42",2228.9,2,kyohei2106
1241,16792661,итмоняяя,"2026-09-18 20:10:32",2228.6,2,"naladwepo,tickflag"
1242,16626332,"MD. Nazmus Sakib Anik","2026-09-16 12:37:30",2227.2,2,beyondlogic
1243,16758954,shenjj02,"2026-09-17 02:30:08",2224.0,2,shenjj26
1244,16823930,"Ghost Rule","2026-09-18 21:50:52",2223.7,2,yiyangxudmm
1245,16849328,"Gaurav #2","2026-09-17 13:14:38",2222.9,2,genesis96839
1246,16754567,"Ashraf 1232","2026-09-18 11:46:33",2220.4,2,ashraf1232
1247,16623691,KevlarZanderChi,"2026-09-18 17:00:18",2219.0,2,kevlarzanderchi
1248,16762935,"ibr mo sal","2026-09-17 02:35:11",2218.7,2,ibrmosal
1249,16789745,LoveLetter,"2026-09-18 23:47:16",2218.4,2,arthasmenethil
1250,16860071,TOSS,"2026-09-18 03:12:17",2216.8,2,toshikawa80
1251,16863383,HanFish,"2026-09-18 23:32:30",2216.2,2,hananfish
1252,16796544,"Xiaonan FU","2026-09-16 01:44:11",2215.5,2,xiaonanfu999
1253,16657775,"Raagav & Pieter","2026-09-17 05:23:22",2215.4,2,"peetapit,raagavanand"
1254,16793553,hoon0303,"2026-09-16 12:38:01",2215.3,2,hoon0303
1255,16905517,Marti,"2026-09-17 09:07:59",2214.6,2,marticn
1256,16702275,Joyal,"2026-09-16 09:41:16",2213.1,2,joyalseejo
1257,16908832,"ranya marwan","2026-09-18 20:46:58",2212.8,2,ranymarwan286
1258,16621683,Shivangoudaa,"2026-09-16 16:04:07",2212.7,2,ishivapatil
1259,16915663,Wlemalin,"2026-09-18 19:55:02",2211.2,2,wlemalin
1260,16659550,"Sai Syam","2026-09-17 15:23:02",2210.5,2,saisyam
1261,16687479,kowalskii,"2026-09-17 08:52:42",2207.6,2,anirudhkumaraheer
1262,16657229,"Adam Plow","2026-09-16 13:58:14",2206.9,2,lizhiiii
1263,16730728,"Le Trong Hieu","2026-09-18 05:15:27",2206.8,2,backtracking
1264,16664751,"Cindy Meng90","2026-09-18 02:24:26",2206.3,2,cindymeng90
1265,16676114,Gekkotron,"2026-09-16 13:35:46",2205.9,2,gekkotron
1266,16682667,"zeel vavliya","2026-09-18 16:17:34",2204.3,2,zeelvavliya
1267,16805906,FENGYESHAN,"2026-09-18 15:18:41",2203.9,2,fengyeshan
1268,16755495,"Leo Udah","2026-09-18 19:40:14",2203.7,2,leoudah
1269,16859316,LP,"2026-09-17 05:23:12",2203.5,2,lihu6666
1270,16728708,"Rishi Jain","2026-09-16 16:05:43",2202.9,2,rishijain07
1271,16801171,"Asterios Terzis","2026-09-16 01:07:43",2202.4,2,asteriosterzis
1272,16806862,JudyWatermelon,"2026-09-16 17:36:49",2201.3,2,judywatermelon
1273,16906626,JY,"2026-09-18 18:03:26",2200.3,2,junyihjy
1274,16738534,"Sakito Horie","2026-09-16 14:14:19",2199.2,2,sakitohorie
1275,16769059,Gabriel,"2026-09-18 00:42:46",2198.6,2,"shawsebastian,tvtdddd"
1276,16667080,King-damon,"2026-09-18 21:02:05",2198.5,2,kingdamon
1277,16799266,"Kucing Garong","2026-09-16 08:39:44",2197.0,2,syaugialkaf
1278,16779564,oycr,"2026-09-18 07:31:26",2195.7,2,"oyxiaobai159,wdt124"
1279,16740996,ikevayansky,"2026-09-17 12:33:55",2195.6,2,ikevayansky
1280,16689741,shinamonmon,"2026-09-16 02:44:27",2195.5,2,shinamonmon
1281,16634952,"Igor Zharov","2026-09-16 12:22:30",2195.1,2,flexonafft
1282,16777394,antadam127,"2026-09-16 03:20:54",2193.7,2,antadam127
1283,16852049,Tremble,"2026-09-17 09:10:51",2191.2,2,"aimeechen1,haoxuanwang12366,junsongzhang,qiyaoxu,yifuandonlyyifu"
1284,16655263,rishavsaigal,"2026-09-16 14:22:59",2190.9,2,rishavsaigal
1285,16633507,"Ivan Vorfolomeev","2026-09-16 08:38:17",2190.6,2,ivanvorfolomeev
1286,16654379,"Sebastian Mateus","2026-09-18 16:22:29",2190.4,2,"brenorb,sebastianmateus"
1287,16717572,kiyomiya-k,"2026-09-18 17:13:57",2190.1,2,kiyomiyak
1288,16701685,shawloong,"2026-09-16 04:15:59",2189.9,2,shawloong
1289,16741096,"Yohanes Lengkong","2026-09-17 12:43:27",2189.7,2,yohanesfc
1290,16652079,Infill,"2026-09-16 07:46:41",2189.4,2,infill
1291,16659942,"Abdoulaye DIAW","2026-09-16 09:58:46",2188.9,2,abdoulayediaw25
1292,16640067,"minghao mei","2026-09-16 07:21:33",2188.7,2,minghaomei
1293,16747982,"Affriza Wildan Fauzan","2026-09-18 12:54:19",2188.6,2,affrizawildanfauzan
1294,16898760,"Berat Erol ÇELİK","2026-09-18 20:41:51",2188.5,2,beraterolelk
1295,16903970,qorlin,"2026-09-16 03:12:00",2188.3,2,qorlin
1296,16659419,"Chahat Mehra","2026-09-18 12:59:07",2188.2,2,chahatmehra
1297,16904006,vorlian,"2026-09-16 03:18:09",2187.9,2,vorlian
1298,16805949,Bigplanedoesnotflyfast,"2026-09-18 02:21:55",2187.1,2,ronav48902753425
1299,16855477,SiriusStarRally,"2026-09-16 09:32:59",2186.7,2,siriusstarrally
1300,16865570,"Kedar Kale","2026-09-17 17:34:16",2186.2,2,kedarkale
1301,16806938,boominginging,"2026-09-18 03:29:01",2186.1,2,"aviator22,boominginging,caiwenjie123,mikeintokyo"
1302,16621154,Zain96,"2026-09-17 18:45:55",2186.1,2,zain96
1303,16708296,LUCKY2,"2026-09-17 21:38:03",2185.6,2,carolezountangni
1304,16811467,Raster0x2a,"2026-09-16 05:12:58",2185.2,2,raster0x2a
1305,16871381,huaiyuyoung,"2026-09-15 23:12:00",2184.8,2,"huaiyuyoung,mushancui,nuoyixu"
1306,16792586,dodoshark,"2026-09-16 14:42:09",2184.7,2,dodoshark
1307,16763551,"PRASHANT SHUKLA91","2026-09-18 18:35:59",2184.7,2,prashantshukla91
1308,16795844,Azamaro,"2026-09-18 07:48:24",2184.5,2,azamaro
1309,16795062,"Satoshi Nguyen","2026-09-18 23:11:39",2184.1,2,satoshinguyenai
1310,16685634,"Syed Asad Ali","2026-09-18 12:36:15",2183.7,2,syed3000
1311,16635910,K3V1NM,"2026-09-18 13:33:33",2183.7,2,k3v1nm
1312,16625921,JinchengZhang1,"2026-09-16 07:40:13",2183.4,2,jinchengzhang1
1313,16731834,Kamma,"2026-09-16 02:08:29",2183.2,2,"cheliu0307,makerfly,vonlanvonlan233"
1314,16693549,別班,"2026-09-18 22:34:52",2181.6,2,"kusurizuke,pepushi,tomokiaki"
1315,16793396,...,"2026-09-16 05:03:59",2180.1,2,shackles6966
1316,16723318,グレイラットルーデウス,"2026-09-16 03:16:04",2179.5,2,rudeus666
1317,16621315,"Reyhan Ksatria","2026-09-16 06:32:06",2179.4,2,reyhanksatria
1318,16690401,Skyspace,"2026-09-16 11:02:11",2178.9,2,empireblue
1319,16827097,"Bình Trần Thanh","2026-09-16 03:47:00",2178.8,2,dsdadasda
1320,16760244,"Alex Paul","2026-09-18 18:54:54",2178.3,2,alexazander
1321,16633190,Gigrise,"2026-09-15 22:33:00",2178.2,2,gigrais
1322,16640540,QYQ1693,"2026-09-16 03:29:19",2178.0,2,qyq1693
1323,16725947,SamarthRawat18,"2026-09-18 14:27:53",2177.9,2,samarthrawat18
1324,16757392,Winter01,"2026-09-17 07:43:05",2177.2,2,wei111111
1325,16827571,"BNBU ","2026-09-16 02:52:49",2176.9,2,"andycooper747,austindengkaggle,BNBUDINGSHANLee21,yuxiang328"
1326,16760523,"Joseph Ayanda","2026-09-17 20:42:24",2175.7,2,josephayanda
1327,16798694,돌,"2026-09-17 00:54:19",2175.6,2,nintendojoa
1328,16742439,"Shangshang Zhang","2026-09-16 03:49:08",2175.2,2,msvzss
1329,16870577,"Kenan Zhang9","2026-09-16 10:25:19",2174.7,2,kenanzhang9
1330,16624056,Raggriculture,"2026-09-16 09:12:34",2174.5,2,ravi123a321at
1331,16693431,"Yi Wang","2026-09-16 02:19:28",2174.4,2,jone520
1332,16907576,"Dat Nguyen Viet","2026-09-16 16:39:59",2173.5,2,datnguyenviet
1333,16768104,"Ivan Aleksandrov","2026-09-18 22:57:56",2172.7,2,ivanblch
1334,16867924,PeaBrain,"2026-09-16 01:22:29",2172.3,2,abiruekanayaka1
1335,16859006,"king huang","2026-09-18 14:49:29",2171.9,2,kinghuang123
1336,16799304,"Rlug mb","2026-09-18 01:39:00",2171.0,2,"minhtrph,rlugmb"
1337,16624309,jjamppongmandu,"2026-09-18 18:12:27",2170.3,2,"beckspeca,hihiimj,jjamppongmandu"
1338,16769967,"Bill Fan","2026-09-17 00:42:50",2169.1,2,billfan88
1339,16652212,"Варим сельский самогон","2026-09-17 08:54:50",2168.8,2,asimandia
1340,16859034,wayg9odysseus,"2026-09-17 19:06:48",2166.8,2,wayg9odysseus
1341,16662314,"Hanh Tran","2026-09-16 09:57:42",2166.7,2,honghanhhh
1342,16690763,chungkuangwen,"2026-09-15 10:29:10",2166.6,2,chungkuangwen
1343,16668071,"Ali Eren Oğuztaş","2026-09-18 22:24:22",2166.5,2,alierenouzta
1344,16624080,yuuuki1111,"2026-09-18 12:23:05",2166.4,2,yuuuki1111
1345,16858207,"David Wang","2026-09-16 09:02:15",2166.2,2,renew66
1346,16878308,Pjchauhan,"2026-09-18 13:27:59",2165.2,2,pjchauhan
1347,16662380,"Brandon Calderon-Morales","2026-09-16 03:44:42",2165.0,2,bmoe640
1348,16701258,ln,"2026-09-16 06:29:13",2164.5,2,nazarov
1349,16729102,"Bruce Zheng","2026-09-16 06:58:02",2164.0,2,brucezheng666
1350,16681893,morality0707,"2026-09-16 07:57:43",2163.5,2,morality0707
1351,16893006,"Duvor Richard","2026-09-16 09:49:33",2163.4,2,duvorrichard
1352,16851147,Saifuddin,"2026-09-18 10:57:20",2163.0,2,syehsyoh
1353,16671306,Yeswanthperni,"2026-09-16 03:11:29",2162.7,2,"tanvicaaa,yeswanthperni"
1354,16883907,lll,"2026-09-16 05:40:11",2162.6,2,lghlgh001
1355,16774699,"Rio Nakamura","2026-09-16 09:25:16",2161.8,2,rionakamura10
1356,16768543,caas_sicca,"2026-09-18 07:47:20",2161.4,2,caassicca
1357,16640600,"Giord Frank","2026-09-17 11:24:34",2160.6,2,tangerinedog
1358,16728135,sukirman,"2026-09-16 03:25:01",2160.4,2,rakbidb
1359,16820794,"Yuxuan Ba","2026-09-16 01:28:17",2159.3,2,"cynthiaaaaa06,yuxuanba"
1360,16841190,dp23334,"2026-09-16 01:29:07",2159.0,2,dp23334
1361,16731911,"liu bo","2026-09-16 05:07:29",2158.9,2,liuboo45586
1362,16806249,CLJY,"2026-09-17 09:35:14",2157.4,2,cljy2026
1363,16630713,"Grzegorz Sionkowski","2026-09-16 11:44:56",2157.3,2,sionek
1364,16886193,"Xiaoyong Zhu","2026-09-15 01:23:47",2156.7,2,xiaoyzhu
1365,16658677,大山,"2026-09-17 22:58:28",2156.4,2,mapodoufu
1366,16880296,"CT in CS","2026-09-18 15:33:58",2156.0,2,"anhphamtranminh,nguyenvietdat,nnvietha"
1367,16681744,team_fn,"2026-09-18 14:02:51",2154.5,2,fjklmn
1368,16705659,"srijan k.r keshri","2026-09-18 18:55:27",2152.0,2,srijankrkeshri
1369,16632867,"Rayk Kretzschmar","2026-09-15 17:56:43",2151.7,2,raykkretzschmar
1370,16689154,CrossEngineered,"2026-09-18 19:15:25",2151.4,2,"danyalsahin1,gkenurk"
1371,16730881,hank0123,"2026-09-18 00:53:47",2150.7,2,hank0123
1372,16875763,"芳村 愛支","2026-09-18 00:14:46",2149.3,2,shin1012
1373,16806080,銅メダルくれくれくれくれくれくれくれくれくれくれくれくれくれ,"2026-09-18 15:45:47",2147.6,2,konbu17
1374,16792681,MorS,"2026-09-17 10:05:41",2147.4,2,mors1337
1375,16791828,Ling,"2026-09-14 21:50:30",2147.0,2,lingbia
1376,16623708,"Chekhlov Dmitrii","2026-09-18 13:45:33",2145.4,2,zoli800
1377,16864346,"Yanwei Lu","2026-09-15 19:27:35",2145.3,2,yanweilu
1378,16670933,Pat,"2026-09-15 05:34:10",2144.5,2,junseia
1379,16743647,bono,"2026-09-15 19:20:46",2143.6,2,kjoonha
1380,16663783,WBF_USA_NYC,"2026-09-15 04:29:07",2142.3,2,wbfranci
1381,16868304,"Aaron amacadu","2026-09-17 11:45:00",2141.7,2,aaronamacadu
1382,16770229,"shivam kanojia","2026-09-14 04:50:37",2141.3,1,shivamkanojia1
1383,16632715,cmasch,"2026-09-18 19:59:14",2141.1,2,cmasch
1384,16673303,"Samuel Sundararaman ","2026-09-16 02:37:40",2139.6,2,neopok919
1385,16901894,"Michael Reid","2026-09-18 22:39:44",2136.5,2,michaelreid2025
1386,16894457,kento2002,"2026-09-17 16:44:18",2136.4,2,kento2002
1387,16840576,kfsky,"2026-09-18 14:41:10",2136.1,2,kengofujii
1388,16622567,"Georgy Mamarin","2026-09-18 21:19:32",2133.8,2,georgymamarin
1389,16862096,"Saksham Gupta","2026-09-15 17:22:16",2133.5,2,mashug
1390,16895014,trying_out,"2026-09-15 20:03:10",2133.4,2,"samiatisha,vickysynapsev"
1391,16839311,"Hagiwara Shigechika","2026-09-15 11:08:05",2131.1,2,hagiwarashigechika
1392,16824010,yuxingyizhou,"2026-09-18 03:29:21",2128.2,2,yuxingyizhou
1393,16743582,ShunkiKyoya,"2026-09-18 23:58:55",2127.9,2,shunkikyoya
1394,16757621,Kurokawa,"2026-09-16 21:22:58",2127.8,2,hiroshikurokawa
1395,16692923,"Pavel Kazlou","2026-09-15 07:03:42",2126.6,2,paulik
1396,16865261,"Kamal Kadakara","2026-09-18 12:04:19",2126.3,2,kamalkadakara
1397,16889522,nyayassist,"2026-09-17 11:37:48",2125.7,2,"gauravnagotanekar,raneyash"
1398,16810408,"Bohdan Boklah","2026-09-15 19:26:30",2125.1,2,bohdanbb2000
1399,16679389,"JOMIN URK21CS1077","2026-09-15 18:47:44",2124.8,2,jominurk21cs1077
1400,16837554,Quickpanda,"2026-09-16 10:46:09",2123.9,2,quickpanda
1401,16865470,J.Moriuchi,"2026-09-18 15:11:32",2123.4,2,hesoponyo
1402,16862967,Unicorns,"2026-09-15 17:50:14",2123.1,2,"isaacjiang,ryokitano"
1403,16659679,Civitasmass,"2026-09-16 18:47:00",2123.1,2,godhand
1404,16854552,ShionMatsuoka,"2026-09-16 05:57:36",2121.6,2,shionmatsuoka
1405,16696593,bplyc15,"2026-09-15 15:30:05",2120.7,2,bplyc15
1406,16881248,Veerakrishna,"2026-09-17 16:30:12",2120.3,2,veerukhannan
1407,16861616,"Gagan Deep","2026-09-15 20:37:03",2119.4,2,gagandeep1
1408,16886400,Nisshi888880,"2026-09-15 14:27:49",2118.7,2,nisshi888880
1409,16859496,KTAcosmo,"2026-09-14 11:04:26",2116.6,2,ktacosmo2kag
1410,16643453,Haumea,"2026-09-17 21:10:00",2116.3,2,chaitanyagullapalli
1411,16733766,Paarthpowa,"2026-09-17 11:01:14",2113.8,2,paarthpowa
1412,16864125,culture,"2026-09-15 12:50:09",2112.2,2,shkurak
1413,16748154,taiseiu,"2026-09-18 23:13:31",2111.6,2,taiseiu
1414,16754823,"tiki tiki tiki","2026-09-17 19:03:17",2110.8,2,slangitup
1415,16642128,"MAC SAHO","2026-09-17 00:48:22",2110.6,2,macsaho
1416,16662914,"Apollo's cattles","2026-09-17 17:10:52",2109.2,2,"icr007,kennethlie16,romanrozen"
1417,16748738,Shymohn,"2026-09-17 07:01:37",2108.8,2,shymohn
1418,16658109,edward1503,"2026-09-17 09:18:59",2107.6,2,nguynnc
1419,16791862,"Emmanuel Mireku","2026-09-18 12:38:50",2106.5,2,eldermireku
1420,16627799,"navazsh fathi","2026-09-16 13:25:35",2106.4,2,navazshfathi
1421,16661622,"Ergin Akın","2026-09-16 21:23:22",2105.4,2,erginakin
1422,16690923,"Maqsoud Tawaliou","2026-09-16 12:05:24",2105.0,2,maqsoudtawaliou
1423,16891588,Krtecek,"2026-09-18 11:06:21",2104.7,2,krtecek
1424,16784416,tatt:)ch,"2026-09-18 12:07:22",2102.9,2,"awewrasdffetfe,tattch"
1425,16773098,Apa,"2026-09-18 10:21:32",2102.2,2,yasso1
1426,16762957,邪悪な暁山瑞希、ジャガイモを量産してフライドポテト市場を独占,"2026-09-18 15:10:58",2101.6,2,yinzimike
1427,16632119,nickyl,"2026-09-17 15:13:55",2100.3,2,nickyjliang
1428,16657316,SCNU,"2026-09-16 01:31:45",2100.1,2,jasonxusk
1429,16898309,"Mohammad Albaddawi","2026-09-15 17:21:23",2100.0,2,m7mdalbaddawi
1430,16896572,latentm,"2026-09-16 02:34:09",2099.4,2,"latentm,quannt9,xanvior,xeloria"
1431,16727893,mmwstudy,"2026-09-15 09:30:20",2099.2,2,mmwstudy
1432,16748142,"Hikaru Umeda","2026-09-17 02:41:06",2099.0,2,hikarumeda1030
1433,16701728,"katya barzova","2026-09-15 17:04:24",2099.0,2,"harlenka,nipah1,sigmaborov"
1434,16658203,Lan_Sky,"2026-09-18 12:24:26",2098.0,2,lansky6
1435,16665416,"zeyu lau","2026-09-16 17:34:13",2098.0,2,zeyulau
1436,16660988,"AI After Hours","2026-09-17 15:29:47",2097.1,2,"akshaythammana,mmehersaipreetam"
1437,16711376,"Arman Tuganbaev","2026-09-18 14:23:28",2096.4,2,armantuganbaev
1438,16630740,"Ramazan Turan","2026-09-15 16:07:50",2095.7,2,ramazanturann
1439,16759786,农场主,"2026-09-17 16:22:48",2095.6,2,zzxhee
1440,16700204,"ZHOU HONGYI","2026-09-16 09:00:26",2095.1,2,zhouhyz
1441,16665357,XW,"2026-09-17 04:33:56",2094.2,2,xuewei
1442,16770842,yatakeuc,"2026-09-18 09:19:05",2094.2,2,yatakeuc
1443,16847412,SuzukiKazuma,"2026-09-16 03:19:48",2093.4,2,suzukikazuma
1444,16864919,ujimaa,"2026-09-14 23:19:55",2092.0,2,ujimaa
1445,16794542,ysd1110,"2026-09-15 15:36:07",2091.5,2,ysd1110
1446,16814409,YuyaSuzuki,"2026-09-17 15:23:34",2091.5,2,yututapp
1447,16673370,JeovaAnderson,"2026-09-18 23:15:01",2091.4,2,jeovaanderson
1448,16897501,"I'm Fine.","2026-09-18 08:30:43",2089.5,2,zkheart
1449,16736198,JetJetGo,"2026-09-15 14:38:28",2088.9,2,psykrishna
1450,16893046,ClaudiCulture,"2026-09-18 22:57:53",2088.5,2,ortimusprime
1451,16896267,HendraDanuSaputraChauwito,"2026-09-16 12:37:41",2086.9,2,usilisme
1452,16857491,cherish_zhang,"2026-09-17 05:51:15",2086.9,2,cherishzhang
1453,16715933,Scomics,"2026-09-15 11:44:19",2086.7,2,"bruceche7797,dongyiqun,jyxxxx"
1454,16892318,"fumiya utsuno","2026-09-17 14:31:58",2085.1,2,fumiya326
1455,16884104,Arsgorynich,"2026-09-17 04:49:58",2084.3,2,arsgorynich
1456,16756062,"Thomas #2","2026-09-16 05:01:14",2084.2,2,tommurakami
1457,16656496,"Vaibhav Gupta","2026-09-19 00:02:51",2083.8,2,vaihero
1458,16758895,daphne,"2026-09-15 15:11:32",2083.7,2,daphne4sg
1459,16626582,"Omer Faruk Merey","2026-09-15 11:50:02",2083.7,2,omerfarukmerey
1460,16893208,hongan,"2026-09-15 21:49:30",2082.9,2,honganzhu
1461,16842246,montplusa,"2026-09-17 00:59:05",2081.7,2,montplusa
1462,16887661,magic101,"2026-09-14 22:48:26",2081.3,2,magicbuttons
1463,16632006,"Adwait Tagalpallewar","2026-09-15 20:25:29",2081.0,2,adwaittagalpallewar
1464,16761267,"Bring Me Money!!!","2026-09-15 11:12:01",2081.0,2,pranavarvind
1465,16807411,tamura_aicon,"2026-09-14 23:09:48",2080.9,2,hayatetaf
1466,16718480,PLReddy23,"2026-09-15 19:41:26",2080.9,2,plreddy23
1467,16716317,yzyhello,"2026-09-16 01:28:48",2080.6,2,yzyhello
1468,16639507,Homii_N,"2026-09-18 22:10:52",2079.6,2,homeshwarrao
1469,16875986,"k hori ","2026-09-15 16:45:11",2078.0,2,khori7
1470,16731799,"Ansh The Farmer 👩‍🌾","2026-09-15 19:05:59",2077.5,2,affection
1471,16716431,m&m,"2026-09-18 00:25:39",2077.3,2,ntrlmt
1472,16845023,zhtmgxr,"2026-09-17 04:53:03",2076.9,2,zhtmgxr
1473,16732857,Rojiomote,"2026-09-18 16:39:03",2076.0,2,rojiomote
1474,16663867,"Stephen Schott","2026-09-15 14:00:01",2074.2,2,steve421471
1475,16841434,soraemon,"2026-09-13 08:11:27",2072.7,2,soraemon
1476,16634493,xixi,"2026-09-15 16:40:52",2072.2,2,huangcarry26
1477,16880792,dre,"2026-09-18 17:27:35",2070.8,2,ahmedelfazouan
1478,16774250,"C R Suthikshn Kumar","2026-09-15 03:57:30",2070.3,2,crsuthikshnkumar
1479,16728366,"RL Learner","2026-09-15 06:56:07",2070.0,2,forrestxlz
1480,16827224,"[HSE Lyceum ML] zaepupno","2026-09-18 21:59:37",2069.2,2,daniilgoryushin
1481,16745959,_demo,"2026-09-15 03:21:32",2069.0,2,fortunaterookie
1482,16630675,"Lucien de Rubempre","2026-09-13 14:14:21",2068.9,2,lucienderubempre
1483,16826719,"Dennis HT","2026-09-18 09:43:32",2068.0,2,dennisht
1484,16829053,BigAngel,"2026-09-14 16:24:46",2067.7,2,kevin8093
1485,16895927,logicorix,"2026-09-15 09:30:21",2067.6,2,logicorix
1486,16736124,GIN,"2026-09-15 09:46:02",2067.0,2,runjinzhang
1487,16847620,york1to,"2026-09-15 19:10:35",2066.5,2,yorkkang
1488,16896033,omnifluxor,"2026-09-15 09:40:03",2065.8,2,omnifluxor
1489,16849282,ancientLuck,"2026-09-15 17:05:23",2065.8,2,ancientluck
1490,16623515,"Apple Joy","2026-09-15 09:06:18",2065.5,2,fishcat37
1491,16899004,Antonoof,"2026-09-15 21:06:44",2065.1,2,antonoof
1492,16677149,"Umataro Tenma","2026-09-18 23:04:01",2063.1,2,umatarotenma
1493,16845736,Gio,"2026-09-18 03:05:59",2062.7,2,giovanizanfra
1494,16769411,Beyond,"2026-09-15 07:12:58",2062.3,2,themanysh
1495,16879253,Bldr2,"2026-09-15 11:03:28",2061.6,2,alphalin2010
1496,16881005,"Donald Trump","2026-09-16 05:33:01",2061.2,2,"seanmtk,sinfonia8838"
1497,16896854,photonova,"2026-09-15 12:29:25",2060.8,2,photonova
1498,16882140,"jiang luo1021","2026-09-17 23:08:53",2060.0,2,jiangluo1021
1499,16878353,"Hongbin Gu","2026-09-16 02:18:10",2059.7,2,guhongbin
1500,16895926,Zengr1,"2026-09-17 09:58:50",2059.1,2,zengr1
1501,16655582,"Yang Jinneng","2026-09-17 03:53:59",2057.8,2,adurey
1502,16682306,岸本湧士郎,"2026-09-15 05:27:08",2057.2,2,yushiro20021111
1503,16891115,tkm7510,"2026-09-15 14:17:17",2056.9,2,tkm7510
1504,16709068,Vib,"2026-09-18 23:25:19",2056.3,2,viblal
1505,16662628,AbhiniveshSharma5354,"2026-09-15 06:38:39",2055.7,2,abhiniveshsharma5354
1506,16729280,"Ryoya Tsuruoka","2026-09-18 06:34:59",2055.3,2,"irohasorange,mrooto,rahaia"
1507,16651806,shawnYiB,"2026-09-13 05:11:04",2055.0,2,"mike17cui,shawnyib"
1508,16768065,"Gradient Grazing","2026-09-18 14:59:32",2054.7,2,adamhusein
1509,16896886,"hemloock ","2026-09-15 12:35:43",2054.6,2,hemloock
1510,16628897,"Kyoungwon Jeong","2026-09-14 23:37:48",2054.2,2,kyoungwonjeong
1511,16810299,spencersi123,"2026-09-18 16:47:02",2053.9,2,spencersi123
1512,16710428,"Mansi Aggarwal","2026-09-18 16:16:22",2053.8,2,mansiaggarwal88
1513,16720316,"Hưng Trần","2026-09-16 10:27:05",2053.7,2,hungtrabiz
1514,16654669,"Jordi Corbilla","2026-09-18 18:36:45",2053.6,2,jordicorbilla
1515,16743218,RYUSHI,"2026-09-15 15:03:52",2053.5,2,ryushisa
1516,16668260,"Yangle Ma","2026-09-16 15:55:55",2053.2,2,yanglema
1517,16763375,Makus,"2026-09-18 00:56:01",2052.6,2,alexmartinez75
1518,16754838,"Berkay Özkan","2026-09-15 09:55:49",2052.6,2,berkayzkan
1519,16665637,Luvsh81,"2026-09-15 14:36:39",2052.5,2,luvsh81
1520,16638557,"Araik Tamazian","2026-09-15 18:06:57",2051.7,2,atamazian
1521,16622531,"musya lyusya team","2026-09-15 17:44:15",2051.3,2,vswz2nqp
1522,16655704,heinado,"2026-09-15 09:15:59",2051.1,2,heinado
1523,16730720,broccoli,"2026-09-17 23:14:55",2051.1,2,norihori0917
1524,16639625,"Dr Chandrasen Pandey","2026-09-15 05:18:23",2049.6,2,devchandra
1525,16634580,akmr,"2026-09-18 08:21:33",2048.7,2,akimaru
1526,16909097,"Yaoxiang Li","2026-09-17 05:09:17",2048.7,2,lzyacht
1527,16742159,mimi！,"2026-09-16 05:57:58",2048.1,2,"morongzhu,we111135"
1528,16752019,"Kaipeng Zheng","2026-09-18 07:54:48",2047.7,2,kaipengzheng
1529,16626093,"Pilkwang Kim","2026-09-15 13:05:50",2047.4,2,pilkwang
1530,16637973,StephenNedumpally,"2026-09-15 07:50:55",2047.3,2,stephennedumpally
1531,16668262,spbforce,"2026-09-15 11:45:58",2046.5,2,spbforce
1532,16655383,MtN,"2026-09-18 23:56:43",2046.4,2,mariotrsn
1533,16762769,"Jacques Buis","2026-09-15 18:35:01",2043.6,2,jacquesbuis
1534,16844233,y3uanm,"2026-09-16 01:54:16",2041.6,2,"delta47x,lunpaixo,y3uanm"
1535,16622937,"Sheep 🐑","2026-09-18 23:57:55",2040.8,2,kabilrh
1536,16764386,Troy_xx,"2026-09-18 15:06:56",2040.7,2,troyxx
1537,16675493,"Ryotaro Minato","2026-09-14 23:15:01",2040.4,2,ryotarominato
1538,16858208,linhaiy,"2026-09-16 12:35:21",2040.1,2,linhaiy
1539,16647607,pumpkin,"2026-09-15 02:47:17",2040.0,2,gealachpumpkin
1540,16866373,kolesnikovia,"2026-09-15 08:12:45",2039.2,2,kolesnikovia
1541,16717440,"farm pt","2026-09-18 15:44:55",2039.1,2,muran169633
1542,16653127,"Talim Aushakhman","2026-09-15 17:29:46",2038.6,2,talimaushakhman
1543,16623199,"Jesse Ferguson","2026-09-18 19:12:40",2038.1,2,jesseferguson
1544,16811251,poijio,"2026-09-16 17:31:10",2036.9,2,poijio
1545,16905643,yngd99,"2026-09-16 12:32:42",2036.7,1,yngd99
1546,16843838,"Alapati Ramakrishna","2026-09-18 14:40:57",2036.0,2,alapatiramakrishna
1547,16705830,"Grim Reaper","2026-09-18 20:34:51",2033.9,2,fathomable
1548,16840447,"Suliman Tadros","2026-09-15 06:10:13",2032.4,2,sulimantadros
1549,16711398," Fable 5.1","2026-09-17 09:38:55",2032.0,2,chenxizhao21
1550,16806882,"Friedhelm Winter","2026-09-15 04:31:47",2032.0,2,friedhelmwinter
1551,16693439,"Ankit Hemant Lade","2026-09-17 18:01:27",2031.1,2,"ankitlade12,jsaikrishna"
1552,16876853,PUN,"2026-09-18 23:39:08",2030.4,2,pshikk
1553,16631421,cg,"2026-09-18 09:38:36",2030.3,2,chaitanyagarg2
1554,16739181,yamu_duck,"2026-09-18 12:14:10",2029.0,2,crazyleg11
1555,16767960,"Yuvraj Bhati","2026-09-14 23:24:32",2028.9,2,avioon
1556,16639642,c-number,"2026-09-13 03:29:40",2028.9,2,cnumber
1557,16839422,Serendipity,"2026-09-15 09:21:43",2028.6,2,stringyixuxi
1558,16769595,Rudra,"2026-09-17 07:19:03",2028.6,2,rudrabhaskar
1559,16878533,HayatoFujihara,"2026-09-14 15:34:37",2027.4,2,hayatofujihara
1560,16752740,BorisV,"2026-09-14 02:13:08",2026.2,2,bvoskresenskii
1561,16694346,ywwywww,"2026-09-14 07:52:56",2026.0,2,ywywww
1562,16848532,peppersaltman,"2026-09-14 14:49:11",2026.0,2,peppersaltman
1563,16891432,porzlck,"2026-09-17 10:07:44",2024.9,2,orzlck
1564,16893291,"We Want... A Shrubbery!","2026-09-17 21:55:10",2024.2,2,timlongii
1565,16666365,yiyu0716,"2026-09-17 17:26:48",2023.0,2,yiyu0716
1566,16891562,"Weverton Guedes","2026-09-14 18:27:43",2022.4,2,owevertonguedes
1567,16629624,"Sayandeep Ghosh","2026-09-18 16:52:48",2022.1,2,sayandeepghosh
1568,16697540,"Jared Floersch","2026-09-16 05:09:23",2021.9,2,jaredfloersch
1569,16839638,keeplooking,"2026-09-16 04:50:00",2021.9,2,keeplooking
1570,16663247,Ak,"2026-09-14 20:13:17",2021.7,2,abisheksrivastav
1571,16681405,"Yusuke Hayashi","2026-09-14 10:10:00",2020.7,2,yhay81
1572,16904305,"YICHEN PAN","2026-09-16 18:39:53",2020.4,2,sakanamango
1573,16880773,最强扫地僧,"2026-09-15 12:52:15",2020.0,2,yyx466005036
1574,16739019,quzhihang,"2026-09-14 06:41:16",2019.0,2,quzhihang
1575,16885944,"Дмитрий Герасимов","2026-09-14 14:56:51",2018.1,2,domager72
1576,16627032,"Kaito Fukami","2026-09-15 06:05:31",2018.1,2,kaitofukami
1577,16761875,eugenn,"2026-09-15 15:07:39",2017.1,2,eugennekhai
1578,16713797,CrazyDave111,"2026-09-15 07:37:31",2017.1,2,crazydave111
1579,16805980,Kifine,"2026-09-14 08:38:12",2016.6,2,liaoyingxi
1580,16865070,carlos-tagosaku,"2026-09-16 03:08:48",2016.4,2,sousugiyama
1581,16716078,既然巅峰留不住，那就重走来时路,"2026-09-14 09:41:36",2013.2,2,"jenzenhuang,luwyeb,wafflebear,wenjiewangdev"
1582,16629308,Sutee,"2026-09-17 02:47:03",2013.1,2,lszlst
1583,16861256,lizh2025,"2026-09-16 15:02:06",2012.4,2,lizh2025
1584,16794090,Euphor_M,"2026-09-17 22:14:23",2012.2,2,euphor
1585,16891965,artem3605,"2026-09-16 15:23:34",2011.4,2,artem3605
1586,16761418,"Piggy Piggy","2026-09-14 23:37:49",2009.8,2,txgg123
1587,16783740,ZiYiMing,"2026-09-16 03:54:41",2009.3,2,ziyiming
1588,16783021,"TAN TIANYE","2026-09-13 03:04:35",2008.2,2,tantianye
1589,16710466,"Charles Backman on LinkedIn","2026-09-14 14:14:42",2007.3,2,charlesbackman
1590,16706892,Ko,"2026-09-13 08:01:21",2007.0,2,syurenuko
1591,16872207,"Tèo Búng","2026-09-18 08:06:06",2006.9,2,teobung
1592,16903902,wanghaozhi,"2026-09-18 07:34:07",2006.2,2,wanghaozhi
1593,16665402,PrasadChopade213,"2026-09-14 12:39:13",2006.0,2,prasadchopade213
1594,16623592,Jack,"2026-09-18 13:56:28",2005.2,2,jackvd
1595,16653828,Boltuzamaki,"2026-09-18 12:25:03",2005.2,2,boltuzamaki
1596,16658909,"evolve faster!","2026-09-17 17:54:00",2004.7,2,junesdata
1597,16750575,Gronk,"2026-09-18 05:18:17",2004.3,2,jianyicai
1598,16889004,SkOnTheRocks,"2026-09-15 11:43:43",2004.2,2,skontherocks
1599,16732763,"Raihan Ramadistra","2026-09-14 12:05:13",2001.8,2,raihanramadistra
1600,16664836,"Adnan Zaman","2026-09-15 15:31:52",2001.5,2,adnanzamanniloy
1601,16758817,Ruwawa,"2026-09-15 14:26:15",2001.1,2,ruwawa
1602,16889791,JinboWang,"2026-09-18 06:26:46",2000.3,2,jinbowang1
1603,16675344,PP_Azalearn,"2026-09-16 02:42:50",1999.3,2,"androidss,keitookamoto,pptakehirokawada"
1604,16755099,"Aleksandr Ulianin","2026-09-14 12:05:33",1998.8,2,aleksandrulianin
1605,16809874,もたざる,"2026-09-17 03:45:33",1996.2,2,havenox
1606,16846069,"Bryce Muhlnickel","2026-09-14 03:27:19",1996.2,2,tokenjunkielabs
1607,16710499,sukeke,"2026-09-15 04:28:10",1995.9,2,sukeke
1608,16639550,"HIDEYO CHIBA","2026-09-18 23:08:09",1995.0,2,hideyochiba
1609,16623524,"Marcus Vinicius","2026-09-15 23:10:38",1994.7,2,marcux777
1610,16677855,Mehrdad_LU,"2026-09-16 19:21:44",1993.6,2,mehrdadal2023
1611,16836787,KSKBL,"2026-09-15 14:20:52",1992.8,2,"length1001,trafalgar1234"
1612,16688787,Fih,"2026-09-16 12:46:18",1992.0,2,vencerlanz09
1613,16884844,Happyfarm,"2026-09-14 10:51:11",1991.3,2,zhengweibin1026
1614,16807380,"D × MirAI","2026-09-17 00:53:47",1991.0,2,kmnkmn
1615,16806728,"Neural Knight","2026-09-17 18:28:35",1989.1,2,"chinmaymnaik,sivasainath06"
1616,16707303,meTeam,"2026-09-15 23:10:32",1987.6,2,aaronzribi
1617,16733016,Quillbolt,"2026-09-18 00:33:45",1987.2,2,tunminhhunh
1618,16888260,"Ndabenhle Ngema","2026-09-17 06:39:05",1986.6,2,ndabenhlengema
1619,16845713,"qweq asd","2026-09-14 04:09:52",1984.9,2,qweqasd
1620,16891791,judy12345.0316,"2026-09-15 05:38:38",1984.7,2,judy123450316
1621,16679827,Juanky_too,"2026-09-17 13:06:42",1984.3,2,juankytoo
1622,16630129,"Yi Lu","2026-09-16 01:54:33",1984.0,2,liqiu0224
1623,16676063,"Kembang Melon","2026-09-15 07:47:20",1983.1,2,wajawaja
1624,16721248,"Raef Guizani","2026-09-16 08:32:44",1982.4,2,raefguizani
1625,16909485,SatoGo,"2026-09-18 14:34:46",1982.3,2,satogo
1626,16699741,Tom3,"2026-09-18 00:37:08",1981.8,2,tomohiroaz
1627,16802442,"Rabia Eda Yılmaz","2026-09-15 19:10:02",1980.4,2,truthisneverlinear
1628,16706227,"Wise Fancy","2026-09-15 02:27:45",1977.0,2,wisefancy
1629,16823957,"kiki yi2","2026-09-18 09:33:52",1976.9,2,kikiyi2
1630,16801351,デワンシュ,"2026-09-15 08:10:28",1976.5,2,shade012
1631,16732292,takaygiiiiiiii,"2026-09-16 02:25:14",1975.9,2,takaygiiiiiiii
1632,16630797,"Seok, Jeongeum","2026-09-18 02:26:11",1975.3,2,seokjeongeum
1633,16921261,Dongdongjiaqi,"2026-09-18 15:10:11",1974.4,2,dongdongjiaqi
1634,16694149,maxout,"2026-09-14 14:11:27",1973.8,2,"aadijoshi19,kavyabhand"
1635,16854477,"Marc Maldonado Lorca","2026-09-15 12:31:41",1973.8,2,marcmaldonado
1636,16893402,tedo,"2026-09-15 00:05:46",1971.5,2,takuroedo
1637,16630752,motemen,"2026-09-13 07:56:37",1971.5,2,motemen
1638,16852766,MCZK,"2026-09-15 00:49:38",1971.4,2,hitoshimochizuki
1639,16884892,AQiDA19,"2026-09-14 02:32:26",1971.1,2,aqida19
1640,16640780,"drezna ultra","2026-09-18 14:14:35",1970.9,2,notakes
1641,16811313,Ta_____ko,"2026-09-18 01:06:18",1970.0,2,tako1249
1642,16862582,StephaneB7899,"2026-09-14 02:34:17",1968.3,2,stephaneb7899
1643,16810030,fukumayo,"2026-09-18 00:02:45",1968.1,2,fukumayouta
1644,16627600,"NiA Farms","2026-09-15 06:17:22",1967.6,2,"adriaft,natliablascoandreo"
1645,16664392,AdamHsieh,"2026-09-17 09:57:53",1966.7,2,adamhsieh
1646,16715828,samg,"2026-09-14 12:28:48",1965.6,2,samgreen2046
1647,16881350,xwl_tree,"2026-09-18 10:40:29",1965.0,2,xwltree
1648,16806206,"Yuan Yongth","2026-09-19 00:04:47",1964.1,2,"sunnylzheng,yuanyongth"
1649,16791924,magu1234,"2026-09-14 08:15:32",1964.0,2,magu1234
1650,16835029,先过我的Gemini,"2026-09-14 10:21:24",1964.0,2,gutssss
1651,16887631,"Wills Cui","2026-09-18 04:55:28",1963.8,2,willscui
1652,16887142,backsider,"2026-09-16 09:34:44",1962.3,2,backsider
1653,16820607,PeriwinkleBlueOvO,"2026-09-18 12:00:57",1962.2,2,"PeriwinkleBlueOvO,wenqiangao1"
1654,16632377,"Legend Brothers","2026-09-18 11:52:12",1961.9,2,"holeguma,shunhirota"
1655,16697411,VynoDePal,"2026-09-18 18:01:48",1961.2,2,kvynodjo
1656,16729413,KharinTymofii,"2026-09-14 01:32:08",1960.4,2,kharintymofii
1657,16866971,"Riad Hossain","2026-09-18 08:22:26",1960.3,2,riadhhossain
1658,16630784,"🚜 Sub-Par Seedlings","2026-09-15 16:54:05",1960.0,2,"dwellement0baser,michaellist,oneupkiwi,wilhelmberghammer"
1659,16719884,ykhnkf,"2026-09-15 13:03:05",1958.6,2,ykhnkf
1660,16728321,Rohitt_94,"2026-09-14 11:49:40",1958.0,1,rohitt94
1661,16674948,habe.sq,"2026-09-15 13:31:54",1958.0,2,habesq
1662,16872754,kitano0104,"2026-09-18 12:37:17",1957.7,2,"kitano0104,ryyymy"
1663,16701074,"One Policy to Rule Them All","2026-09-14 14:41:04",1957.7,2,qujiahui
1664,16623812,"SeshuRaju 🧘‍♂️","2026-09-14 09:02:29",1957.2,2,seshurajup
1665,16833013,"Tariq Alyami","2026-09-18 19:31:44",1957.1,2,tariqalyami
1666,16764546,Thirst,"2026-09-15 13:07:32",1956.9,2,wahidakram
1667,16660488,tehyoni,"2026-09-14 15:15:31",1956.7,2,"gooberdambi,sidcat,suaeng,tehyoni"
1668,16891334,"Ruslan Akhmetov","2026-09-14 12:21:55",1956.0,1,ecolla999
1669,16740644,Terence0914,"2026-09-14 03:00:31",1955.1,2,terence0914
1670,16775684,ketterking,"2026-09-18 16:30:24",1954.4,2,"ketterwang,wwppyywwww"
1671,16667766,vasujain7,"2026-09-14 17:44:19",1954.4,2,vasujain7
1672,16654742,"Aastik Rajan15","2026-09-14 11:58:25",1953.4,2,aastikrajan15
1673,16843303,inori315,"2026-09-14 13:31:27",1952.7,2,inori315
1674,16630312,beijijun,"2026-09-14 12:04:11",1952.5,2,beijijun
1675,16671133,Kazeneko,"2026-09-14 22:39:30",1951.6,2,kazeneko77
1676,16760515,"Kazuo Watanabe","2026-09-14 12:06:35",1951.0,2,watanabekazuo
1677,16866968,HXS-CF13,"2026-09-18 13:26:31",1950.9,2,hxscf13
1678,16682032,"Satkar sarvankar","2026-09-14 14:56:57",1950.9,2,satkar003
1679,16796133,NoMoreThan20Words,"2026-09-15 00:19:25",1950.7,2,nomorethan20words
1680,16658382,vladee,"2026-09-14 14:49:46",1950.1,2,vladee
1681,16657796,"parv goyal2","2026-09-18 09:45:41",1949.7,2,parvgoyal2
1682,16840921,evolved,"2026-09-15 05:03:46",1949.6,2,algunion
1683,16669441,"Chirag Desai","2026-09-18 15:03:16",1949.6,2,cid007
1684,16709504,U023,"2026-09-14 16:44:14",1948.9,2,ryutek
1685,16890503,KevinYongxin,"2026-09-14 08:52:18",1948.5,1,yongxinkwan
1686,16641372,ShoaibSSM,"2026-09-14 11:41:29",1948.0,2,"naveenlx111249971939,shoaibssm"
1687,16769849,"Shuwen(Shawn) Ge","2026-09-14 07:22:11",1947.6,2,shuwenshawnge
1688,16735353,我是刘大聪,"2026-09-14 16:55:50",1947.1,2,smartorz
1689,16738487,"Andrey Shpigar","2026-09-13 20:57:51",1947.1,2,andreyshpigar
1690,16674932,kokinnwakashuu,"2026-09-14 21:28:32",1946.7,2,kokinnwakashuu
1691,16684704,LIQUIDHORSE,"2026-09-14 17:57:58",1946.6,1,liquidhorse
1692,16892272,"Leo #3","2026-09-14 15:44:18",1946.3,1,leo123321
1693,16660209,"Whyme Labs","2026-09-18 11:50:51",1946.0,2,whymelabs
1694,16746372,"Meerub Atiq","2026-09-18 13:00:49",1945.6,2,meerubatiq
1695,16655844,MAFIN,"2026-09-14 12:37:15",1945.5,2,moneyman91
1696,16858464,Taisei_Tsuneki,"2026-09-14 07:09:25",1944.7,1,taiseitsuneki
1697,16651804,"Bocen Li","2026-09-14 03:52:29",1944.4,2,bocenli
1698,16746599,Borrun,"2026-09-14 09:56:38",1944.2,2,borrun
1699,16886298,amosokello451,"2026-09-18 11:36:19",1943.9,2,amosokello451
1700,16761744,"Daiki Takahashi","2026-09-18 01:33:28",1943.9,2,daikitakahashi
1701,16703045,ReCurSiON,"2026-09-14 17:05:11",1943.4,2,ashok205
1702,16728160,Ozi,"2026-09-14 18:37:07",1943.4,2,muhammaduzair21
1703,16696960,pi-500.phys,"2026-09-13 16:46:21",1941.7,1,pi500phys
1704,16867120,"DaoHe Liu","2026-09-14 07:13:16",1941.7,2,daoheliu
1705,16655758,patience,"2026-09-15 14:38:52",1940.0,2,"weirdocurry,wenjunkai124"
1706,16668152,ksew364,"2026-09-16 10:32:36",1939.9,2,ksew364
1707,16764301,"Quýt đây đừng sợ","2026-09-16 11:30:16",1939.2,2,ponschannel
1708,16665129,Doom,"2026-09-18 07:40:43",1938.5,2,"mr6436,sanskaarundale"
1709,16713335,"Muhammad Imran","2026-09-14 09:42:21",1938.4,2,muhammadimranchitral
1710,16696743,"wennan cao","2026-09-18 07:47:44",1938.2,2,wennancao
1711,16828191,wanghongwei111,"2026-09-14 13:07:32",1938.0,2,wanghongwei111
1712,16659771,DieByTheSword,"2026-09-16 08:53:03",1937.3,2,przemysawstroiws
1713,16885090,higuuu,"2026-09-18 15:58:43",1936.4,2,higuuu
1714,16863335,"Bright Choice AI","2026-09-18 11:16:32",1935.8,2,brightchoiceai
1715,16731577,RYnerv,"2026-09-14 11:33:32",1935.7,2,rynerv
1716,16624109,"Nguyễn Thế Minh Đức","2026-09-15 01:01:29",1934.2,2,nguynthminhc
1717,16672136,chupaletas,"2026-09-18 02:43:40",1934.0,2,urvesh
1718,16841910,"Lucky bara","2026-09-14 02:44:27",1933.0,2,luckybara
1719,16630380,JM,"2026-09-16 18:27:33",1932.9,2,julianmukaj
1720,16757320,Jingxiang,"2026-09-12 22:11:32",1932.1,2,jingxiango
1721,16835641,baojidehuangmao,"2026-09-17 10:38:44",1930.8,2,"brittneylewis2,innocentdzzz"
1722,16744914,"El Mehdi EL JAIR","2026-09-13 11:45:42",1930.2,2,elmehdieljair
1723,16802410,"Aleksandr  Larko","2026-09-14 02:42:42",1930.1,2,alexxanderlarko
1724,16783537,JustinybGao,"2026-09-18 19:08:06",1928.6,2,justinybgao
1725,16769435,"Nguyễn Mạnh","2026-09-18 14:27:48",1927.6,2,nguyenmanh97
1726,16845695,"Nam Lê Phương","2026-09-14 06:56:08",1927.2,2,pearpn25
1727,16785523,Doranap,"2026-09-15 05:49:19",1927.0,2,doranap
1728,16842093,aether74,"2026-09-14 06:18:50",1926.6,2,aether74
1729,16658426,RIVEN23,"2026-09-15 04:02:51",1926.3,2,riven5
1730,16806053,hisatarosu,"2026-09-14 06:31:29",1926.1,2,tomako4390
1731,16880558,"Georgi Kanev","2026-09-14 14:42:31",1925.7,2,georgikanev
1732,16806475,sohma,"2026-09-17 14:05:44",1925.2,2,hi210278
1733,16683288,HuaLQin,"2026-09-16 05:48:51",1925.0,2,hualqin
1734,16682514,"Pavel Pavlov","2026-09-14 18:14:33",1924.0,2,akakii
1735,16858986,kam,"2026-09-14 04:55:10",1922.0,2,kotakambayashi
1736,16691001,"Mahmoud Abdelshafy","2026-09-14 20:08:03",1921.9,2,mahmoudabdshafy
1737,16770715,"Vicens Gaitan","2026-09-14 10:21:10",1921.0,2,vicensgaitan
1738,16705523,"Brian Chua","2026-09-15 11:35:40",1919.9,2,chuazhengweibrian
1739,16843042,"Frost Cerberus","2026-09-14 05:21:03",1919.3,2,frostcerberus
1740,16670504,Shirabe,"2026-09-17 03:00:23",1919.3,2,carlmakt
1741,16743546,"Simon Dorcas","2026-09-15 12:32:31",1918.8,2,simondorcas
1742,16791254,player123,"2026-09-16 15:20:19",1918.6,2,prashantbhattarai093
1743,16674295,"Nguyễn Minh Hiếu","2026-09-15 08:01:41",1917.4,2,endermage
1744,16723427,"Nikita Biryukov","2026-09-14 07:00:48",1917.1,2,bnikita
1745,16745761,mitomeat823,"2026-09-18 04:59:39",1916.9,2,mitomeat823
1746,16735744,老乡,"2026-09-14 02:54:38",1916.2,2,hboyang
1747,16672121,"Tiger bonbon","2026-09-14 03:41:59",1914.5,2,fujiwarayuto
1748,16671588,Keisuke,"2026-09-18 22:13:58",1914.3,2,keisukeueda
1749,16709236,rick11224,"2026-09-13 16:37:58",1912.3,2,rick11224
1750,16649314,"Yuka,Ota","2026-09-14 08:17:18",1911.7,2,yukaika
1751,16809200,v0m0v,"2026-09-13 12:09:18",1911.2,2,maguchiya
1752,16855214,"Kazumi Sakamaki","2026-09-15 12:20:09",1909.3,2,hatimitusiropp
1753,16625050,"how to place pokemon","2026-09-15 18:51:24",1909.2,2,ktverdov
1754,16635504,"Datta Dhebe","2026-09-12 22:41:11",1908.2,2,dattadhebe
1755,16862912,"Nicolas Krusche","2026-09-15 00:03:10",1908.2,2,nicolaskrusche
1756,16732422,"Aizat Kashapov","2026-09-17 18:43:55",1907.4,2,liderpartiii
1757,16640933,"Bhanu prasad","2026-09-18 14:25:43",1905.7,2,restlesseagle
1758,16632493,"oni chan arigato","2026-09-13 23:01:31",1905.1,2,"kindasomethin,nabidnur"
1759,16796235,"Keside Onyeocha","2026-09-17 16:06:32",1904.9,2,kesideonyeocha
1760,16799045,qq牧场,"2026-09-17 03:51:51",1904.6,2,"goodchen145,sir2026,zhaosir2026"
1761,16634246,just_calculate,"2026-09-15 09:57:32",1904.6,2,justcalculate
1762,16638804,"Anhad Mahajan","2026-09-18 13:02:52",1903.9,2,anhadmahajan06
1763,16735252,LagrangianLocomotive,"2026-09-18 20:02:35",1903.7,2,lagrangianlocomotive
1764,16716012,LaiCxm,"2026-09-18 01:36:12",1903.6,2,laicxm
1765,16655150,"Benjamin H Pepper","2026-09-16 18:55:03",1903.2,2,bhpepper
1766,16753925,"Tyler Durden","2026-09-15 08:06:49",1902.7,2,jeedimetlacharan213
1767,16659395,HyperX,"2026-09-15 11:53:22",1902.0,2,"diversedharun,harishinkaggle"
1768,16731501,"Shiv Satyam","2026-09-13 22:14:15",1901.7,2,shivsatyam
1769,16686155,梁圣的恩情还不完,"2026-09-14 14:08:46",1900.5,2,yyyyhhhhwww
1770,16879166,NoDash,"2026-09-15 02:56:39",1898.0,2,nodash
1771,16853540,WUZB,"2026-09-14 16:34:29",1897.3,2,wzhengbiao
1772,16780995,"Silver Surfer","2026-09-13 15:19:13",1897.2,2,hausch11
1773,16878458,"Sho Saga","2026-09-18 00:05:55",1897.1,2,shosaga
1774,16854072,r13721,"2026-09-13 13:57:13",1896.9,2,r13721
1775,16674878,KirillKlem,"2026-09-13 18:19:27",1896.3,2,kirillklem
1776,16847706,takumina,"2026-09-13 23:45:40",1894.8,2,takuminakamatsu
1777,16697898,"Yin Li","2026-09-13 12:57:24",1894.8,2,kevin250304
1778,16802843,Dream,"2026-09-16 02:45:24",1894.2,2,"jamesl8,tzeweilim"
1779,16806146,"Factual Explorer","2026-09-12 20:05:48",1893.8,2,factualexplorer
1780,16669650,motono0223,"2026-09-14 15:16:56",1892.0,2,motono0223
1781,16915300,wanhty,"2026-09-18 13:43:54",1891.3,1,wanhty
1782,16675866,DanilChil,"2026-09-15 19:30:24",1891.3,2,danilchil
1783,16707383,"codex is all you need","2026-09-13 01:26:48",1891.2,2,chizhu2018
1784,16697139,Stocks152,"2026-09-17 10:45:09",1890.6,2,stocks152
1785,16646970,juewang1p,"2026-09-14 03:15:01",1890.5,2,juewang1p
1786,16862614,"Andrew Bunn","2026-09-16 22:30:39",1890.3,2,andrewbunn
1787,16674831,"nk for work","2026-09-17 22:55:52",1890.0,2,nkforwork
1788,16845165,Tanuki_boosting,"2026-09-13 12:41:51",1889.1,2,miyamotodaiya
1789,16783642,base_camp_2002,"2026-09-15 06:57:18",1887.6,2,basecamp2002
1790,16736856,misaki,"2026-09-14 13:34:34",1887.0,2,"dicenull,iroharyo,jinnsou0219,misakima"
1791,16841440,CornFormer,"2026-09-17 03:03:35",1885.6,2,linyangtian
1792,16730495,joinus,"2026-09-15 08:34:22",1885.3,2,joinus2003
1793,16696999,"HD h Joratos","2026-09-18 05:17:19",1884.1,2,hdhjoratos
1794,16775242,"Timothee Henry","2026-09-17 05:10:12",1884.0,2,timhenry
1795,16766498,HNUST,"2026-09-15 06:44:18",1883.5,2,"aloemoon,castianhans"
1796,16809842,"zg l1218","2026-09-18 16:20:32",1883.1,2,zgl1218
1797,16641816,"Toshiki Honda","2026-09-16 15:03:37",1882.9,2,toshikihonda
1798,16840588,Q.Ai,"2026-09-13 19:36:27",1880.5,2,"alperennbaran,hseyinemre134"
1799,16886979,"Ivan Toropin","2026-09-13 21:21:17",1880.1,2,ivantoropin
1800,16635351,AAAMIKASA,"2026-09-13 22:13:23",1878.0,2,aaamikasa
1801,16639168,Sergey,"2026-09-13 08:22:45",1877.1,2,sergeymikhailovn
1802,16633853,"funny farm","2026-09-14 12:31:58",1877.0,2,"alannasibullin,alexandrutkov"
1803,16715066,akahane,"2026-09-16 21:06:58",1875.6,2,shuheiakahane
1804,16693942,"Lisan al-Gaib","2026-09-16 14:06:04",1875.2,2,azrihasin
1805,16875464,tllswelp,"2026-09-13 11:07:16",1874.8,2,tllswelp
1806,16841799,珍珠,"2026-09-14 16:49:56",1874.8,2,luochen6
1807,16751411,"lamb Liu","2026-09-18 12:58:26",1874.5,2,liuxiaohua72
1808,16665084,"Wei Han","2026-09-18 16:37:35",1874.4,2,weihan87
1809,16796241,"pavan rajr","2026-09-18 20:19:18",1874.1,2,pavanrajr
1810,16633773,copasta,"2026-09-13 06:16:43",1873.7,2,copasta
1811,16712863,ominteam,"2026-09-16 11:40:51",1872.3,2,"luantony,suruikk"
1812,16663175,Anaconda,"2026-09-18 18:54:10",1870.9,2,anaconda
1813,16845020,AGI,"2026-09-17 18:19:05",1870.4,2,"guusadema,tgroen3"
1814,16791369,dataix,"2026-09-13 19:36:42",1870.4,2,codymachody
1815,16854815,marching_zzz,"2026-09-18 16:42:16",1870.2,2,marchingzzz
1816,16682892,"Alvaro Llamojha","2026-09-16 08:37:03",1870.1,2,alvarollamojha
1817,16881755,MudassarPAPI,"2026-09-14 08:59:06",1869.6,2,mudassarpapi
1818,16698206,"Bark at the Barnyard","2026-09-14 15:22:45",1869.2,2,mming0430
1819,16794630,"Yuchuan Ding","2026-09-14 04:55:24",1867.4,2,yuchuanding
1820,16877997,Mirlan,"2026-09-13 07:44:53",1865.5,2,zmtrxq
1821,16669123,"Alex #2","2026-09-14 04:10:26",1864.8,2,alxdfy
1822,16669604,"Abhijit Pise","2026-09-13 21:25:57",1862.2,2,abhijitpise
1823,16674586,"Stanislav Ilin","2026-09-15 13:33:30",1862.0,2,stanislavilin2026ai
1824,16668564,"Rikito Kanda","2026-09-14 13:01:57",1861.7,2,rikitokanda
1825,16752277,YKuma,"2026-09-14 14:08:15",1861.6,2,ykumazaki
1826,16881121,Annsatz,"2026-09-14 14:59:00",1861.0,2,ansatzkong
1827,16842747,314?,"2026-09-13 19:26:50",1859.6,2,elshahed
1828,16654027,shiv,"2026-09-14 15:18:51",1859.4,2,shivaurora
1829,16865554,"parker tan","2026-09-18 10:42:33",1858.8,2,parkertan
1830,16777836,キムチ納豆,"2026-09-13 07:07:18",1858.7,1,ccchikuwa
1831,16630803,"Mirza Milan Farabi","2026-09-13 21:59:25",1858.3,2,mirzamilanfarabi
1832,16743342,"Артём Свинобоев","2026-09-13 11:38:29",1857.4,2,ssstelmah
1833,16622820,"Sergey Nefedov","2026-09-13 18:00:39",1857.0,2,sergionefedov
1834,16630418,butterchicken,"2026-09-13 12:29:23",1854.9,2,"ritanshuprasad,sriramlingavel01"
1835,16736265,"Marko Rupnik","2026-09-12 21:03:29",1853.8,2,markorupnik
1836,16722295,"Yuya Shintani","2026-09-17 22:50:28",1852.4,2,uplus26e7
1837,16655500,"Zhao Liying","2026-09-13 11:25:50",1851.3,2,yeohzhonghanervin
1838,16798317,"Baran Akyıldız","2026-09-13 19:07:13",1849.6,2,baranakyldz
1839,16855071,Janvi_ch,"2026-09-13 18:22:18",1849.0,2,janvich
1840,16847311,WangYilin_henuAI,"2026-09-14 12:14:10",1848.9,2,"hyhyyh,violin1,xiaoming1238952"
1841,16624969,tf,"2026-09-15 13:20:28",1848.7,2,tfukuhara
1842,16867375,YUXUCH,"2026-09-18 13:21:43",1848.5,1,yuxuch
1843,16811900,"Brejesh Balakrishnan","2026-09-13 05:20:59",1848.3,2,brejeshbalakrishnan
1844,16697893,"YWehbe / ADIA Lab","2026-09-16 11:16:27",1847.7,2,youssefwehbe
1845,16884368,LaManbo,"2026-09-13 10:51:44",1847.3,2,encizhang
1846,16881631,"Arjun Sharma","2026-09-12 14:47:32",1847.1,2,arjundsharma
1847,16623603,"Renji Starfall","2026-09-13 14:14:01",1846.7,2,renjistarfall
1848,16822002,shiokoh,"2026-09-13 16:02:35",1846.5,2,shiokoh
1849,16885455,"Ali Azizi","2026-09-15 10:38:52",1846.4,2,aliazizi1
1850,16629873,UncleWKTK,"2026-09-13 05:24:28",1846.3,2,unclewktk
1851,16697185,"Prince Special","2026-09-17 05:46:38",1846.2,2,temitayogbolahan
1852,16866868,mr_children_0617,"2026-09-14 13:01:56",1846.1,2,mrchildren0617
1853,16871327,"Anh Bui","2026-09-18 04:29:28",1845.8,2,bibanh
1854,16780279,"N Divij","2026-09-12 18:30:06",1845.6,2,divijio
1855,16653311,"Stanislav Tsepa","2026-09-14 03:15:26",1845.1,2,mrtsepa
1856,16655098,"Brotron Carbide","2026-09-13 03:38:35",1845.0,2,brotroncarbide
1857,16793755,"Juank Suarez","2026-09-18 00:13:30",1843.5,2,juanksuarez
1858,16731926,"Pardheev Krishna","2026-09-12 12:08:13",1843.5,2,"anandkumar0901,ayushjiwatramani,nidhibsh,nitindatanylatics,pardheev"
1859,16652272,"nadhir hasan","2026-09-13 14:07:09",1842.0,2,nadhirhasan
1860,16669632,"Kenneth Alonso","2026-09-13 18:49:10",1841.7,2,kennethalonso
1861,16807538,Asterope,"2026-09-16 01:49:58",1841.5,2,jianlee0
1862,16844518,"Haroon Rasheed","2026-09-17 15:00:50",1841.5,2,haroonnsgb
1863,16778627,LXZ538,"2026-09-13 12:58:52",1840.7,2,lxz538
1864,16884932,torvile,"2026-09-13 05:54:14",1840.6,2,torvile
1865,16885704,tavrico,"2026-09-13 09:52:55",1840.6,2,tavrico
1866,16807802,嘴爷,"2026-09-14 02:14:43",1839.1,2,zui0711
1867,16863498,Jackmama-nolfwin,"2026-09-13 04:36:37",1839.0,2,nolfwin
1868,16810141,"Sijie Ma","2026-09-13 14:22:49",1837.3,2,"dimashitong112,sijiema"
1869,16693092,"Andrei Dzis","2026-09-13 15:00:30",1837.2,2,dzisandy
1870,16740161,r2singh,"2026-09-13 19:26:20",1837.0,2,ratnaraj
1871,16684641,t.me/aetheranime,"2026-09-13 10:22:28",1836.1,2,yfrite
1872,16786595,"dbvz sbsbs","2026-09-12 08:37:55",1835.1,2,dbvzsbsbs
1873,16885807,S3unburst,"2026-09-13 10:25:40",1835.0,2,s3unburst
1874,16778835,kiyoc,"2026-09-19 00:00:09",1834.3,2,kiyoshiohno
1875,16634873,shin0000,"2026-09-13 02:40:02",1833.4,2,shin0000
1876,16673230,saitamad,"2026-09-16 04:03:47",1832.4,2,saitamad
1877,16839458,"Agent 0","2026-09-14 00:51:00",1832.2,2,agent0
1878,16854439,"Yosef Zoabi","2026-09-13 21:05:15",1831.4,2,yosefzoabi
1879,16884861,Sky,"2026-09-13 07:20:40",1830.0,2,dhaksheshwarm
1880,16740431,yuikag,"2026-09-16 02:50:40",1829.0,2,yuikag
1881,16716533,wiffany,"2026-09-13 11:23:08",1828.8,2,wiffany
1882,16659103,Arin,"2026-09-13 10:58:50",1828.7,2,skarin
1883,16875849,"Yaotong Niu","2026-09-15 13:37:34",1828.0,2,yaotongniu
1884,16823251,"Khaled Yousef","2026-09-18 19:53:41",1827.8,2,recochet96
1885,16870485,agentic,"2026-09-16 19:21:30",1827.4,2,"audiuphile,mark5221,sidchevvan"
1886,16797154,"Elvern Neylmav Tanny","2026-09-13 23:37:07",1826.7,2,elvernneylmavtanny
1887,16866457,"Qian Jinjin","2026-09-14 05:20:42",1826.6,2,q20020006073
1888,16731983,Gracie,"2026-09-14 14:40:35",1826.5,2,gracie428
1889,16772460,"Дмитрий Онин","2026-09-14 05:22:31",1825.4,2,rejo1ce
1890,16865854,lancerhim,"2026-09-14 04:18:21",1824.5,2,lancerhim
1891,16723988,yuyinghuang,"2026-09-13 07:00:33",1823.2,2,yuyinghuang
1892,16731940,xxxxyt,"2026-09-16 13:44:09",1823.0,2,"shengqinxi,xmxgxcs,xxxxyt"
1893,16641751,Hikari_30,"2026-09-13 12:17:18",1822.1,2,hikari30
1894,16725287,NoahRyan,"2026-09-13 10:37:32",1821.0,2,beginner080
1895,16881882,Fl,"2026-09-14 21:42:24",1818.9,2,flagon
1896,16756765,DharmParmar,"2026-09-18 23:01:52",1818.6,2,dharmparmar
1897,16622032,"Raunak Dey","2026-09-13 13:46:33",1817.6,2,raunakdey07
1898,16715216,Colin,"2026-09-15 12:36:41",1816.5,2,umcolin
1899,16885734,zylvento,"2026-09-13 10:02:37",1816.4,2,"lorvexa,zylvento"
1900,16743055,栗ご飯,"2026-09-13 00:58:59",1816.2,2,criticalpath1903
1901,16630729,"american gothic","2026-09-18 21:45:13",1816.1,2,grennwolf
1902,16884822,reziavon,"2026-09-13 05:38:11",1815.0,2,reziavon
1903,16855992,"Vanshika #2","2026-09-13 04:14:46",1813.4,2,crystalbaby
1904,16864988,"jiangling wang","2026-09-13 10:59:00",1813.1,1,jianglingwang
1905,16885770,"Rahul Jangra","2026-09-13 10:13:19",1812.1,1,leonado10000
1906,16660041,"Hoàng Quốc Việt ","2026-09-13 04:56:59",1811.9,2,viethwang3i
1907,16860547,stargazer7c,"2026-09-12 06:31:25",1811.3,2,stargazer7c
1908,16878707,"Shiva Somasundaram Balaji","2026-09-13 05:58:09",1810.0,2,shivasomasundaramb
1909,16879027,XMHHHH,"2026-09-18 06:15:34",1809.5,2,jkkhhoo
1910,16726461,mocatti,"2026-09-18 14:22:57",1808.9,2,mocatti
1911,16638781,itsuki-data,"2026-09-13 09:38:58",1808.4,2,itsuki89
1912,16770149,rikutokuwayama,"2026-09-13 05:31:48",1808.4,2,rikutokuwayama
1913,16663614,Nevska,"2026-09-15 21:00:10",1808.0,2,nevska
1914,16697461,Agricroporation,"2026-09-14 14:32:23",1807.7,2,"algionightly,kroissant7,officialabhinavsingh"
1915,16689863,yukichi0403,"2026-09-15 12:39:45",1807.7,2,yukitake93
1916,16877685,"Felipe Figueiredo","2026-09-17 22:53:16",1806.7,2,felipefigueiredo02
1917,16733748,"Ashutosh Agarwal","2026-09-15 07:49:32",1805.9,2,ashutoshagarwal088
1918,16661570,"sissoko cheick","2026-09-16 17:19:19",1805.6,2,sissokocheick
1919,16691670,wangbin.dev,"2026-09-17 16:58:12",1804.5,2,wangbindev
1920,16641169,boatlee,"2026-09-12 18:02:28",1804.3,2,boatlee
1921,16875733,Fronta,"2026-09-13 06:47:59",1803.0,2,mirichima
1922,16685763,"koren sabag","2026-09-16 19:53:19",1800.5,2,korensabag
1923,16678080,"Timothy Adeyemi","2026-09-15 13:06:38",1799.7,2,timothyadeyemi
1924,16662984,"Mark Schatza","2026-09-17 18:27:19",1799.5,2,markschatza
1925,16738852,ZJUwlm,"2026-09-13 08:15:00",1796.6,2,zjuwlm
1926,16869555,"Karthik Nambiar","2026-09-15 07:13:16",1795.6,2,karthiknambiar387239
1927,16681049,"SiLin “Can SiLin” Can","2026-09-13 05:44:26",1795.4,2,"k3rn3l,silincansilincan"
1928,16861198,Eggplanck,"2026-09-17 15:33:26",1795.4,2,gyozzza
1929,16672448,"Crisis Liu","2026-09-18 02:04:56",1795.3,2,crisisliu
1930,16732878,modelcollapse,"2026-09-13 10:23:31",1795.2,2,modelcollapse
1931,16855088,Re:dorf,"2026-09-15 12:44:10",1794.5,2,reydorf
1932,16623988,"Charismatic Pizza Party🍕","2026-09-13 06:01:29",1794.3,2,debugendless
1933,16748559,GodofThunder2407,"2026-09-13 06:18:15",1793.7,2,godofthunder2407
1934,16884902,yovrini,"2026-09-13 05:49:06",1793.7,2,yovrini
1935,16735094,RngRng,"2026-09-18 20:39:49",1793.3,2,rngrng
1936,16689430,"Terry Luo","2026-09-10 12:28:44",1792.5,2,eimhluo1764
1937,16882304,"Lokesh Prajapat","2026-09-12 18:20:47",1792.1,1,lokesh0252
1938,16755808,"Van-Phuc Huynh","2026-09-12 21:02:10",1790.1,2,hvanphucs112
1939,16675512,Corgi-Samoyed,"2026-09-18 04:26:34",1789.8,2,corgisamoyed
1940,16657587,PxlPau,"2026-09-13 00:34:27",1789.7,2,studybeetutoring
1941,16672456,hangglider5,"2026-09-12 05:16:44",1789.4,2,hangglider5
1942,16886066,latentb,"2026-09-13 11:55:55",1789.0,2,latentb
1943,16881818,gradfield21,"2026-09-12 15:44:29",1788.8,2,gradfield21
1944,16690500,Mr.NoT_GaMeR,"2026-09-17 08:15:54",1787.5,2,joshdilipkumarpatel
1945,16630274,yutoAb,"2026-09-18 15:37:53",1785.7,2,yutoab
1946,16749352,"Ian Virchenko","2026-09-14 10:23:15",1785.7,2,yvainr
1947,16881237,"Chunlai Li","2026-09-12 13:58:51",1785.7,2,lichunlai123
1948,16749435,SGY2512,"2026-09-14 14:08:53",1785.2,2,sgy2512
1949,16792799,Kohecchi,"2026-09-15 16:17:53",1785.0,1,kohecchi
1950,16868001,"Young MacDonald","2026-09-18 15:16:22",1785.0,2,natert
1951,16748866,masayoshi,"2026-09-13 15:44:29",1784.9,2,masayoshi64
1952,16730344,lvisdd,"2026-09-13 13:33:00",1784.8,2,lvisdd
1953,16881613,refluxor,"2026-09-12 14:44:46",1783.5,2,refluxor
1954,16743356,"Azat Akhtyamov","2026-09-16 10:40:11",1783.3,2,azakhtyamov
1955,16641309,klog,"2026-09-12 04:48:32",1783.1,2,mhrzmmhrzm
1956,16867601,tadashikato,"2026-09-12 12:11:44",1781.1,2,tadashikato
1957,16857641,ZengHL,"2026-09-13 07:35:36",1780.3,2,marshjff
1958,16761293,cha7ura,"2026-09-18 06:10:59",1780.1,2,cha7ura
1959,16728114,yu9824,"2026-09-15 21:41:20",1779.3,2,yu9824
1960,16861637,薄荷喵呜,"2026-09-12 09:39:16",1779.1,2,bohemiao
1961,16669191,"Mohammed Nomaan","2026-09-12 18:28:13",1778.5,2,nomaanz
1962,16862390,huytngo,"2026-09-13 02:44:09",1777.6,2,huytngo
1963,16730578,BostonKaggle,"2026-09-16 14:00:55",1776.4,2,"isthereanycode,lynnkim0"
1964,16784401,east,"2026-09-18 21:20:11",1776.2,2,eastxe
1965,16862944,Luchsus,"2026-09-14 23:29:16",1776.0,2,jansteindlstarlinger
1966,16772204,"Hamam Ahmed","2026-09-16 17:10:41",1775.7,2,hamamelsanousi
1967,16806014,"weihao huang2004","2026-09-15 02:06:07",1774.8,2,weihaohuang2004
1968,16881521,Juniperss,"2026-09-12 14:16:09",1774.7,2,juniperss
1969,16716558,"Evan Tobias","2026-09-17 17:19:57",1774.6,2,evantobias
1970,16790005,"Rohit Kumar Sahoo","2026-09-18 13:35:33",1774.5,2,rohit4118
1971,16668215,renta.k,"2026-09-16 12:17:59",1773.4,2,renta0426
1972,16783173,"Michael Shihong Zhang","2026-09-13 05:39:27",1771.8,2,"excelexx,festyve"
1973,16745138,yok,"2026-09-18 07:50:53",1771.3,2,yokoinaba
1974,16773041,walawala,"2026-09-12 15:14:30",1771.1,2,lixin73
1975,16875618,"Joel P. Joseph","2026-09-16 13:33:52",1770.8,2,joelpjoseph
1976,16708546,"Blue Rain","2026-09-12 04:15:32",1770.1,2,bluefeather386
1977,16839754,"Lauresowe 3D","2026-09-12 10:00:06",1769.1,2,lauresowe3d
1978,16756965,gchauhan,"2026-09-15 06:57:02",1769.0,2,gchauhan
1979,16744573,"Oleksandr Kovalchuk","2026-09-13 12:55:29",1767.6,2,oleksandrkovalchuk
1980,16833095,"ADARSH DWIVEDI","2026-09-15 04:17:03",1766.4,2,adarshcod
1981,16663513,DLTLM,"2026-09-12 08:40:13",1765.7,2,"debayank2024,laveshjadon,laxmikantaroy,moumitaaaaaa,tarunraii"
1982,16866014,htsbrer,"2026-09-12 02:53:05",1765.3,2,ht5brer
1983,16766401,"Gobi Elangovan","2026-09-18 18:16:18",1765.1,2,gobielangovan
1984,16623390,KodamaSec,"2026-09-17 12:21:24",1764.8,2,dfhgfdghfdhg
1985,16730142,static,"2026-09-12 07:01:49",1764.6,2,huangshunhao
1986,16622245,"Vlas Veles","2026-09-12 08:04:18",1764.5,2,vlasveles
1987,16737041,presucc,"2026-09-13 04:13:37",1764.0,2,presucc
1988,16862806,kitsada,"2026-09-11 06:58:01",1762.3,2,wangwaen
1989,16881267,"juu meng","2026-09-13 07:07:40",1761.8,2,juumeng
1990,16671767,Kaileh57,"2026-09-12 20:58:24",1760.7,2,kaileh57
1991,16747069,l'rug,"2026-09-12 11:01:00",1760.5,2,sdfsfsfsdf
1992,16683567,supr3mum,"2026-09-10 11:14:21",1760.3,2,friklez
1993,16635233,"Szymon Kłapiński","2026-09-12 10:11:30",1760.2,2,szymonkapiski
1994,16792542,RB25det,"2026-09-18 09:18:08",1759.4,2,rb25det
1995,16832226,"DI27 RF","2026-09-13 02:34:01",1759.3,2,di27rf
1996,16809721,siren2345,"2026-09-13 09:59:42",1758.8,2,siren2345
1997,16881585,Venqira,"2026-09-12 14:31:19",1758.4,2,venqira
1998,16640873,"Takumu Hata","2026-09-12 21:16:03",1758.4,2,takumuhata
1999,16709463,MKhlystun,"2026-09-14 23:09:29",1758.0,2,mkhlystun
2000,16623897,satoooh,"2026-09-12 05:04:15",1757.2,2,satoooh
2001,16684128,NIklitaCheporev,"2026-09-12 22:36:50",1756.8,2,niklitacheporev
2002,16794527,linyifangzhenshuai,"2026-09-18 08:23:53",1756.7,2,linyifangzhenshuai
2003,16830984,lizhengui,"2026-09-13 06:34:44",1756.5,2,lizhengui
2004,16775473,LuanHengYu,"2026-09-16 19:27:30",1756.2,2,apexml
2005,16842293,"WANG HONGXIANG","2026-09-14 03:46:38",1755.2,2,wanghongxiang
2006,16858414,wantOchange,"2026-09-13 01:00:32",1755.2,2,wantochange
2007,16668789,qaq7864,"2026-09-12 10:01:49",1754.6,1,qaq7864
2008,16731194,"Neglected Turtle","2026-09-14 10:40:18",1754.5,2,pleaselike
2009,16898500,"M Noxon","2026-09-18 21:46:34",1754.3,2,mnoxon
2010,16756153,"🪏Harvest Moon","2026-09-18 12:53:13",1754.3,2,"bbrage,bobmyersthesecond,wguesdon,yutomuroshima"
2011,16660255,"Revanth Tambisetty","2026-09-18 06:00:07",1753.9,2,revanthtambisetty
2012,16881783,novasync88,"2026-09-12 15:27:48",1753.5,2,novasync88
2013,16839489,Q1du,"2026-09-12 10:12:02",1753.3,2,zjecust
2014,16861278,"Michael Pershin","2026-09-18 19:41:25",1752.7,2,michaelpershin
2015,16730357,"My second life","2026-09-18 22:19:33",1752.6,2,"giovannibaldon,jjinho,pavelsavchenkov,ttyn4519"
2016,16696099,moss,"2026-09-13 09:31:52",1752.4,2,kenyashimizu
2017,16905243,ka4869,"2026-09-18 22:31:23",1751.7,2,ka4869
2018,16771703,"Moomin and his farm","2026-09-12 07:03:58",1751.5,2,ataraxyyeah
2019,16847763,MartinZiserman,"2026-09-11 23:53:37",1750.2,2,zarmii
2020,16669461,"suzy su","2026-09-12 12:38:38",1749.8,2,suzysu997
2021,16724298,Orig_lab,"2026-09-11 12:30:00",1749.7,2,chengxixixi
2022,16705318,arminhej96,"2026-09-16 07:54:46",1749.5,2,arminhej96
2023,16674451,NycteacoBa,"2026-09-14 00:50:27",1749.5,2,nycteaowl
2024,16774141,Radiance,"2026-09-12 10:39:19",1749.4,2,"evelyn3976,wangyi01"
2025,16712329,"Andrej Carpenter","2026-09-16 06:47:14",1749.2,2,andrejcarpenter
2026,16674385,"qr farm","2026-09-12 13:59:48",1747.1,2,qrz1201
2027,16684954,"Suneeth reddy","2026-09-11 18:38:08",1744.7,2,suneethreddy
2028,16709967,Matsu,"2026-09-14 07:44:33",1744.0,2,matsuzawahayato
2029,16663387,Ju,"2026-09-18 22:32:19",1744.0,2,juziddd
2030,16643554,"Arnie Jimenez","2026-09-16 16:50:18",1743.1,2,arniejimenez
2031,16790931,100rabh,"2026-09-12 16:42:27",1742.5,2,saurabhkumar234
2032,16745419,elren,"2026-09-14 09:34:15",1742.1,2,elrensmin
2033,16885599,Suiban,"2026-09-16 05:30:06",1741.8,2,suiban410219
2034,16693488,HarvestZero,"2026-09-17 14:13:22",1741.0,2,bernardboatey
2035,16731270,"Arthurs Torres24","2026-09-18 17:04:05",1739.2,2,arthurstorres24
2036,16732945,"Aru Ohta","2026-09-18 07:41:41",1739.0,2,aruohta
2037,16845258,Squirrel,"2026-09-17 23:26:32",1738.1,2,bunnykeeper
2038,16717756,Dominick,"2026-09-15 05:25:13",1738.1,2,kcinimod
2039,16735741,TERMINUS,"2026-09-12 11:24:45",1737.6,2,gdreallygoodman
2040,16660250,Moshel,"2026-09-12 23:06:43",1735.8,2,moshel
2041,16880407,kimuraaa,"2026-09-16 23:12:03",1734.5,2,kimuraaa
2042,16744983,Gappy,"2026-09-16 07:16:43",1734.2,2,takahirohigasa
2043,16854939,nusrati,"2026-09-12 07:49:37",1733.7,2,nusrati
2044,16630779,Jimmer,"2026-09-18 00:19:43",1733.3,2,przemysawonr
2045,16705417,fuxi,"2026-09-18 21:45:37",1732.9,2,"padyue,pytorch5009asd"
2046,16876344,Hyunwoo_Park,"2026-09-18 14:08:01",1732.0,2,uts3125014010829
2047,16663252,"MD Concepcion","2026-09-18 13:34:52",1732.0,2,mikedconcepcion
2048,16677568,yarneo,"2026-09-16 10:07:53",1728.5,2,yarneo
2049,16630331,"Mohamed El-Nageeb","2026-09-14 23:31:06",1728.2,2,thelastsmilodon
2050,16862084,weiooocnnnnnn,"2026-09-15 11:52:22",1727.4,2,weiooocn
2051,16798152,"A secretive person","2026-09-18 14:09:57",1727.3,2,asecretiveperson
2052,16665641,"Alexander Shahramanyan","2026-09-16 06:55:41",1726.2,2,alexshah
2053,16797105,"Rahul vats","2026-09-16 15:22:04",1725.3,2,rahulvats20
2054,16632240,Deepseek的恩情还不完,"2026-09-13 17:54:20",1724.0,2,"iwanys,pedianeko,realybin"
2055,16678609,quantcrypto3,"2026-09-15 13:53:25",1724.0,2,quantcrypto3
2056,16735066,"Saber #2","2026-09-11 16:26:08",1723.6,2,yzheng21
2057,16717794,souldrive,"2026-09-13 13:18:14",1723.5,2,souldrive
2058,16684402,vn1111,"2026-09-11 16:22:10",1723.5,2,vn1111
2059,16744503,"Jun AKita","2026-09-12 04:12:19",1723.2,2,junakita
2060,16844770,Richard,"2026-09-15 02:27:34",1722.6,2,richardwg
2061,16841108,"Sean Peppers","2026-09-15 14:38:35",1722.6,2,gagepeppers
2062,16794309,"Sanyam Jain","2026-09-18 14:45:50",1722.4,2,sjain03
2063,16624979,"Mohamed abdelrazik","2026-09-10 05:10:39",1721.4,2,mohamed3abdelrazik
2064,16728084,iwance,"2026-09-13 10:55:14",1720.9,2,iwance
2065,16689183,Hawksartelier,"2026-09-12 15:10:55",1720.2,2,satyapb2002
2066,16865564,Manat,"2026-09-15 14:42:11",1719.7,2,manatoshoji03
2067,16802486,SHICHIES,"2026-09-18 15:39:23",1718.0,2,shichies
2068,16663929,"Erman Man","2026-09-12 02:05:39",1717.7,2,ermanman
2069,16714161,Slirche,"2026-09-13 10:56:33",1717.7,2,slirche
2070,16665841,"Mohit Rao","2026-09-14 05:22:15",1717.1,2,vmohitrao
2071,16696738,rekhasri,"2026-09-18 17:25:22",1717.1,2,rekhasri
2072,16848765,XJHya233,"2026-09-13 11:56:26",1717.0,2,xjhya233
2073,16859690,Molood,"2026-09-10 20:30:43",1716.9,2,molooda
2074,16868685,"Kotaro Simizu","2026-09-11 20:39:54",1716.4,2,"kotarosimizu,mahiro1214"
2075,16713281,SirShifu,"2026-09-10 22:19:52",1715.9,2,sirshifu
2076,16749034,digitalChaos,"2026-09-12 18:15:34",1715.8,2,digitalchaos666
2077,16804827,"Bala Baskar","2026-09-18 16:59:32",1715.6,2,balabaskar
2078,16672128,Cliffton,"2026-09-17 15:02:47",1715.3,2,rieltzx
2079,16740034,BSCode,"2026-09-14 02:27:32",1715.0,2,bscode
2080,16881857,Pheonix,"2026-09-17 11:51:43",1714.3,2,vikasg1711
2081,16689186,NCK,"2026-09-12 04:31:04",1713.2,2,drnchaitanyakumar
2082,16793340,bee_lx_xl,"2026-09-18 08:53:35",1713.1,2,beelxxl
2083,16854842,ijiiok,"2026-09-11 09:11:10",1712.4,2,ijiiok
2084,16669038,"Nabeel Shar","2026-09-13 09:17:32",1710.5,2,nabeelshar
2085,16722818,"Mukesh R","2026-09-14 09:13:30",1710.4,2,mukeshr06
2086,16621515,"Alexander Gremyakov","2026-09-11 17:04:25",1710.4,2,alexandergremyakov
2087,16659957,LeFarmers,"2026-09-17 02:17:07",1709.9,2,"jaydonjp,kuantumknight"
2088,16843864,IkeKodd,"2026-09-15 16:02:24",1709.3,2,"ikekodd,pinluk"
2089,16784516,pejipej,"2026-09-16 19:51:06",1709.3,2,pejmaneghbali
2090,16875671,"Nikolay Shaulsky","2026-09-18 17:31:07",1709.3,2,nikolayshaulsky
2091,16677342,Fedor,"2026-09-18 13:58:57",1709.0,2,fedorchuprakov
2092,16849377,try,"2026-09-12 20:23:11",1708.5,2,weishanshan033
2093,16808020,"Pulkit Arora 🇮🇳","2026-09-11 09:15:58",1708.2,2,pulkittarora
2094,16741542,"let cats farm","2026-09-18 07:31:28",1707.9,2,amonkizawa
2095,16772119,Workybara.ai,"2026-09-12 03:16:14",1707.3,2,workybaraai
2096,16621153,"Addison Howard (ineligible)","2026-09-18 23:20:21",1707.0,2,addisonhoward
2097,16697395,darktetradgod,"2026-09-14 15:35:29",1706.9,2,darktetradgod
2098,16764228,"Kaixi Zha","2026-09-18 11:43:06",1705.9,2,"huadutry,kaixizha"
2099,16658801,"Thuc Nguyen Dang 111","2026-09-13 05:21:36",1704.4,2,thucnguyendang111
2100,16857987,fujia,"2026-09-18 07:23:36",1704.4,2,fujiasama
2101,16784992,Prasad.tgs,"2026-09-17 13:11:20",1704.0,2,sivaprasadnaidu
2102,16730810,mgoto51004,"2026-09-12 16:07:18",1703.9,2,mgoto51004
2103,16751152,"Andrew Reed","2026-09-10 03:42:42",1703.3,2,andrewreed
2104,16684401,WQAAAA,"2026-09-12 03:28:35",1703.0,2,wqaaaa
2105,16668056,"Quantum Farm","2026-09-14 11:11:03",1702.7,2,"anselem7,divineokwueze,nnanyereuzoma"
2106,16671292,Yuyajk,"2026-09-13 03:35:26",1702.2,2,yuyajk
2107,16880960,Kiriesh,"2026-09-16 18:45:37",1702.1,2,kiriesh
2108,16814701,e0970145,"2026-09-10 11:43:21",1701.8,2,maxxtucker
2109,16885509,HAL,"2026-09-14 07:58:55",1701.3,1,"asunalin,ljimmy2005007"
2110,16757064,"coke lu","2026-09-18 11:52:04",1701.2,2,cokelu
2111,16757417,otter_0714,"2026-09-18 07:09:43",1700.1,2,otter0714
2112,16774075,"Mohammad Yaser Hussain","2026-09-18 20:47:57",1699.8,2,mohammadyaserhussain
2113,16728076,uuu,"2026-09-13 09:12:31",1699.5,2,vovafinogenov
2114,16676085,"Giordano Dolenz","2026-09-11 17:20:50",1698.3,2,giordanodolenz
2115,16728262,wakawakayu,"2026-09-14 12:00:12",1697.6,2,wakawakayu
2116,16880278,jiayi2627,"2026-09-18 11:47:06",1697.5,2,jiayi2627
2117,16775571,Gaurav06520,"2026-09-15 12:38:42",1697.0,2,gaurav06520
2118,16741178,guruguru000,"2026-09-11 04:31:49",1696.8,2,guruguru000
2119,16707915,MGöksu,"2026-09-12 16:05:38",1695.5,2,mgoksu
2120,16746191,たがやす,"2026-09-18 12:46:22",1694.8,2,drktti
2121,16797847,"levski shampion","2026-09-12 23:19:08",1694.1,2,mariomalev
2122,16825815,linchenge,"2026-09-15 13:09:57",1692.3,2,linchenge
2123,16867005,cryptvector2,"2026-09-11 13:22:09",1692.3,2,cryptvector2
2124,16857624,flatton,"2026-09-16 23:02:27",1691.9,2,tomokifujihara
2125,16623385,yurunougyou!,"2026-09-10 12:25:26",1690.4,2,isakatsuyoshi
2126,16730446,photunix,"2026-09-18 23:11:43",1689.1,2,photunix
2127,16907699,"zhirong ye","2026-09-18 16:25:01",1688.9,2,zhirongye
2128,16661462,"Dania Amer","2026-09-11 21:30:53",1688.8,2,dania35
2129,16674839,"hongqian miao","2026-09-11 11:49:44",1688.5,2,hongqianmiao
2130,16755049,gamesu7107,"2026-09-12 18:24:15",1687.0,2,gamesu7107
2131,16698726,加油,"2026-09-14 12:25:38",1686.6,2,honeeyl
2132,16688313,"Gnosys Labs","2026-09-18 00:56:10",1685.3,2,gnosyslabs
2133,16678618,"Manu Nicholas Jacob","2026-09-12 02:13:33",1684.1,2,manunicholasjacob
2134,16692725,"Zhen Li","2026-09-12 10:05:10",1683.6,2,zhenlisak
2135,16876040,hgh404,"2026-09-18 14:45:59",1680.6,2,"gamejoker,hgh1024"
2136,16664761,"Udit Jain #2","2026-09-12 00:14:14",1680.3,2,iamudit
2137,16708791,atsu0905,"2026-09-11 15:08:36",1679.1,2,atsu0905
2138,16791163,woldy,"2026-09-18 03:48:28",1678.8,2,woldywei
2139,16786341,"Farmula One","2026-09-18 07:40:52",1678.8,2,"joesland,mer4yyy,ricaaaovo,zhangxingzhe"
2140,16665294,"Thái Văn Tài","2026-09-17 02:17:37",1678.5,2,thivnti
2141,16641116,SearchingForWife,"2026-09-16 10:03:56",1678.4,2,darksteeldragon
2142,16848952,tubotu,"2026-09-11 14:47:08",1678.1,2,tubotu
2143,16670715,i3,"2026-09-17 12:14:55",1677.3,2,ishijima
2144,16691270,"Piyal Chowdhury","2026-09-17 05:45:48",1676.9,2,piyalchowdhury
2145,16710464,ns0329,"2026-09-12 06:56:56",1676.0,2,ns0329
2146,16808822,-lingluo-,"2026-09-14 01:44:32",1675.5,2,lingluoo
2147,16904440,"Orion on earth","2026-09-18 14:49:58",1675.4,2,oriononearth
2148,16858196,"Cường Dược Sĩ","2026-09-14 06:19:02",1675.3,2,cngdcs
2149,16861723,"Landon Hershberger","2026-09-15 22:04:40",1675.3,2,landonhershberger
2150,16862840,"Ammar Aziz","2026-09-12 11:11:53",1675.1,2,cabtainamamr
2151,16781506,un0o7,"2026-09-11 13:10:36",1674.1,2,hjhsdsdww
2152,16735837,yaki-imo,"2026-09-11 04:35:42",1673.8,2,taichiakiyama
2153,16855665,"Yash Yadav","2026-09-13 06:58:11",1673.6,2,yash2072005
2154,16762019,yukino,"2026-09-10 02:43:41",1673.5,2,"jifengjianhao666,mqingcs"
2155,16867641,"Yuki TASHIRO","2026-09-10 17:17:04",1672.5,2,yukitashiro
2156,16632735,"No Free Lunch, Only Melons","2026-09-11 13:47:28",1672.1,2,kawaharataishi
2157,16741932,"Michael Chen","2026-09-11 05:38:12",1672.1,2,fuqiangchen
2158,16682318,Bibek,"2026-09-13 20:49:12",1671.1,2,bibek777
2159,16855156,"Lior Toledano","2026-09-15 18:15:51",1671.0,2,liortoledano
2160,16673524,"Zikai Chen","2026-09-13 04:29:53",1669.9,2,kyrie1102kai
2161,16792013,"Alec Polansky","2026-09-10 01:58:49",1669.5,2,alecpolansky
2162,16879360,"Neural Subscribed Operator","2026-09-12 06:55:46",1669.3,1,nacl3084
2163,16688587,yamashu,"2026-09-18 10:29:18",1668.1,2,yamashuuu
2164,16906728,"Konstantin Zhar","2026-09-17 20:40:19",1668.1,2,zharkd
2165,16741321,"S. B.","2026-09-18 15:14:06",1668.0,2,aughra
2166,16852208,"LONG NT123","2026-09-15 13:54:10",1667.9,2,longnt123
2167,16628875,TakahiroHon,"2026-09-17 02:59:51",1667.1,2,takahirohon
2168,16759171,"Leonid Kozinkin","2026-09-18 21:09:07",1667.1,2,leon7archer
2169,16799598,RameshG888,"2026-09-11 08:42:57",1666.8,2,ramesh888
2170,16629699,radiant-allomancer,"2026-09-11 00:50:02",1666.7,2,radiantallomancer
2171,16627194,GzmCR632,"2026-09-11 07:01:14",1666.7,2,gzmcr632
2172,16883478,Aggri_goon,"2026-09-16 10:48:29",1666.4,2,ryonagakubo
2173,16662735,"Kurian George","2026-09-11 17:16:25",1666.2,2,kuriangeorge
2174,16731839,mamematcha,"2026-09-12 16:29:27",1665.5,2,mamematcha
2175,16671607,"Chanhyuk Han","2026-09-18 14:07:32",1664.7,2,chanhyukhan
2176,16850105,Pantheon,"2026-09-14 07:40:15",1664.6,2,skyenxt
2177,16907406,herok0809,"2026-09-16 16:49:09",1664.4,2,herok0809
2178,16630142,zawawannko,"2026-09-11 08:03:32",1663.0,2,zawawannko
2179,16811605,"Ryu Sonoda","2026-09-13 06:31:50",1662.9,2,ryusonoda
2180,16675960,"Audric LOKO","2026-09-15 10:02:22",1660.3,2,audricloko
2181,16802578,Yuuki4543,"2026-09-11 06:18:16",1659.5,2,yuuki4543
2182,16810587,"Avineesh Arora","2026-09-16 12:37:39",1657.8,2,avndope
2183,16663166,Rey4Dan,"2026-09-18 21:17:27",1656.9,2,rey4dan
2184,16654914,Nozprod,"2026-09-11 14:55:33",1656.3,2,nozprod
2185,16748487,Hiters,"2026-09-11 00:54:16",1656.3,2,mikehongsz
2186,16659540,"Goua Henri","2026-09-13 21:07:08",1656.1,2,gouahenri
2187,16658618,"philip georgiev","2026-09-18 18:28:40",1653.6,2,philipgeorgiev
2188,16622349,"Mengfei Li","2026-09-18 23:41:38",1653.5,2,meli19
2189,16774712,icelemon2004,"2026-09-11 04:25:32",1652.9,2,"guanghuchen,icelemon2004,mustard64"
2190,16679004,"Kevin Zhao","2026-09-18 09:06:33",1652.1,2,kevinzhao666
2191,16634519,"Darshan Makwana","2026-09-10 10:17:03",1651.9,2,ellipticaloranges
2192,16711317,"yf D","2026-09-18 09:59:02",1651.9,2,dengvitruviano
2193,16771870,"kumi cho","2026-09-10 10:07:29",1651.8,2,kumicho
2194,16728910,Thai,"2026-09-11 06:38:31",1651.6,2,hnthai
2195,16849766,"Uncle Scooge","2026-09-11 13:27:24",1649.6,2,"guzzbr,pascalcoimbra"
2196,16847370,"Suleyman Yollyyev","2026-09-17 15:23:12",1649.1,2,suleyman71
2197,16722849,"Dhruv Bansal","2026-09-10 22:03:08",1649.0,2,dhruvb2028
2198,16842384,"Muhammad Mirza Darma Putra","2026-09-13 04:39:08",1648.5,2,mirzadarma
2199,16790603,xinbao,"2026-09-11 15:50:54",1648.4,2,zww123456
2200,16845382,Alpha_Ashwin007,"2026-09-17 04:36:21",1647.6,2,alphaashwin007
2201,16701612,Kiki,"2026-09-11 06:43:31",1647.4,2,rouiou
2202,16659920,vkhydras,"2026-09-11 12:12:10",1647.2,2,vickimar
2203,16843522,clouds111,"2026-09-10 09:00:49",1646.1,2,clouds111
2204,16630015,星之海,"2026-09-13 08:50:50",1645.8,2,web3cainiao
2205,16663808,"Fae Gaze","2026-09-10 20:30:29",1645.0,2,achievement
2206,16775781,"I am GroOth","2026-09-17 09:54:27",1645.0,2,gideonoba
2207,16630984,TakamaruEX,"2026-09-14 08:20:46",1645.0,2,takamaruex
2208,16849053,z7777,"2026-09-10 14:16:42",1643.3,2,songqizhou
2209,16698281,Neural,"2026-09-17 21:47:07",1643.1,2,kevinkoza
2210,16841595,Jaso1024,"2026-09-10 01:44:10",1642.6,2,jaso1024
2211,16922609,rofa2,"2026-09-18 23:05:58",1642.6,2,"gaoyuanjun,zhdmath"
2212,16621610,NMarkS,"2026-09-13 18:16:06",1642.1,2,nmarks
2213,16867327,Zorvella,"2026-09-11 03:16:36",1642.0,2,zorvella
2214,16621063,Broskis,"2026-09-11 03:19:55",1641.3,2,"aikyatansinha,r1cksync,vamshikrishnaemmadi"
2215,16654511,"Syed Shayan Ali Shah","2026-09-14 06:59:51",1641.1,2,dsshayan
2216,16858157,osteo,"2026-09-11 01:33:23",1640.2,2,logstwo
2217,16749257,rsraki,"2026-09-18 13:07:40",1640.2,2,rsraki
2218,16660735,"Bassel Elbahnasy","2026-09-17 12:46:59",1639.6,2,basselashraf
2219,16728238,ubcict232,"2026-09-10 16:19:32",1638.9,2,ubcict232
2220,16843384,"Anatoly Lyutov","2026-09-11 11:54:44",1638.7,2,anatolylyutov
2221,16860566,黄旭伟aaaabbs,"2026-09-10 02:08:34",1638.4,2,aaaabbs
2222,16671659,Jiang,"2026-09-11 08:12:46",1638.0,2,jncq2006
2223,16644452,Durlabh_Jha,"2026-09-18 19:39:57",1637.9,2,durlabhjha
2224,16755650,"kazuki morikawa","2026-09-10 12:56:10",1637.6,2,kazukimorikawa
2225,16679987,"Said Mohamed Omary","2026-09-18 22:36:48",1637.6,2,saidmohamedomary
2226,16859745,111,"2026-09-17 16:23:00",1637.4,2,guoz112
2227,16868219,"Karim Hamada","2026-09-10 18:14:34",1637.4,1,karimhamada
2228,16789950,"Zachary Zhang","2026-09-09 05:37:03",1637.2,2,zacharyzhang16
2229,16842828,"Smiley Flour","2026-09-13 17:53:03",1637.0,2,"ddlinh212,nguyenvlm"
2230,16766640,watana,"2026-09-11 13:12:40",1636.1,2,yukiwat
2231,16790527,Yuta,"2026-09-10 08:33:55",1636.0,2,yutaecon
2232,16729765,"Caio Ruiz","2026-09-17 12:56:32",1635.6,2,chvruiz
2233,16847304,"eryue shisi","2026-09-14 02:41:20",1635.5,2,eryueshisi
2234,16668622,"Michael McGrain","2026-09-10 10:38:27",1635.4,2,michaelmcgrain
2235,16871705,Bertholdt,"2026-09-18 07:15:59",1635.0,2,bertholdt
2236,16635509,simmons1025,"2026-09-10 15:26:38",1634.7,2,simmons1025
2237,16750448,"Ansh Agarwal","2026-09-11 07:59:45",1634.3,2,anshagarwal2616
2238,16710469,Qimra1729,"2026-09-11 08:09:04",1633.8,2,qimra1729
2239,16770055,"san yin26","2026-09-15 08:14:39",1633.6,2,"amadeusan,sanyin26"
2240,16730675,Platycerium,"2026-09-11 17:27:51",1632.6,2,soutasakurai
2241,16720797,"Vibe Farmer","2026-09-11 02:14:27",1631.6,2,pulakkantibhowmick
2242,16714474,"Glenn Dalbey","2026-09-09 23:44:37",1631.2,2,glenndalbey
2243,16810111,"Saket Singh","2026-09-16 09:03:37",1630.6,2,saketsingh9728
2244,16652764,hikahika,"2026-09-11 13:31:34",1630.6,2,naganohikaru
2245,16764089,UtaAzu,"2026-09-11 02:21:40",1629.9,2,utaazu
2246,16670229,Munshi-PremChand,"2026-09-11 13:26:53",1629.9,2,munshipremchand
2247,16722888,GarrieD,"2026-09-12 14:53:50",1628.4,2,garried
2248,16731630,SatoshiN04,"2026-09-18 15:35:27",1628.3,2,satoshinakamura04
2249,16730676,ActiveMusyoku,"2026-09-15 09:40:07",1628.3,2,"daiki0381,kohei0okazaki,noriyukimori,ryonatori,seipon"
2250,16729130,KoshinM,"2026-09-12 02:07:32",1627.9,2,koshinm
2251,16814378,"Jay Prrajapati","2026-09-09 13:53:13",1627.6,2,jayprrajapati
2252,16720696,Ankit0017,"2026-09-09 14:57:00",1626.5,2,ankit0017
2253,16758232,mech_39,"2026-09-10 21:20:57",1625.4,2,mech39
2254,16669594,euorrl,"2026-09-14 03:07:02",1625.4,2,euorrl
2255,16700211,miya,"2026-09-18 13:29:06",1624.9,2,miyamuratakeki
2256,16662618,"Soledad Santiago","2026-09-13 21:59:18",1624.6,2,soledadsantiago
2257,16631115,prvsiyan,"2026-09-18 09:08:21",1623.3,2,prvsiyan
2258,16767929,Timbydude,"2026-09-14 19:41:18",1622.5,2,timbydude
2259,16719364,Yeh!AIGame,"2026-09-17 10:19:15",1622.0,2,"luluyeh,yehshibang"
2260,16746796,kaguramena,"2026-09-10 07:13:17",1621.9,2,kaguramena
2261,16674961,"Ilya & Yurnero","2026-09-09 10:20:15",1620.7,2,"samson8,test7845"
2262,16831028,"氷見 和","2026-09-10 12:04:15",1620.5,2,himihimi
2263,16691084,"Ke Ma Ke","2026-09-13 09:01:36",1620.5,2,kemake
2264,16866424,"gmmm mmod2","2026-09-11 07:38:54",1619.9,2,gmmmmmod2
2265,16843892,luxinyayaya,"2026-09-15 03:23:21",1619.6,2,luxinyayaya
2266,16890052,Code4life,"2026-09-15 16:46:33",1619.1,2,"huylngcgia,taovietducofficial"
2267,16659464,"Héctor Valverde","2026-09-12 18:14:21",1619.1,2,hvpareja
2268,16635062,DL,"2026-09-10 04:16:38",1618.4,2,distiller
2269,16764349,Solo,"2026-09-12 22:58:37",1618.3,2,solosolo
2270,16717549,"Adejumo Boluwatife","2026-09-11 19:09:23",1617.9,2,adejumoboluwatife
2271,16658149,X,"2026-09-13 06:37:44",1617.3,2,lohithhb
2272,16781550,Lumberjacks,"2026-09-18 17:53:27",1616.8,2,jamesmcgarryiv
2273,16639731,williamrawling,"2026-09-17 03:18:59",1615.5,2,williamrawling
2274,16632527,"GIVE ME A JOB","2026-09-10 09:35:11",1615.3,2,tarokogawa
2275,16661667,"Wufang Hong","2026-09-10 07:14:27",1615.2,2,wufanghong
2276,16848850,Lazyman,"2026-09-17 10:11:10",1613.4,2,lazyman
2277,16627581,AidenSong123,"2026-09-12 14:15:30",1612.3,2,aidensong123
2278,16625082,真的懒,"2026-09-16 04:56:07",1612.0,2,gtccc9
2279,16739578,"Pietro Valocchi","2026-09-15 06:34:30",1612.0,2,pietrovalocchi
2280,16895464,WilsonPzx,"2026-09-18 04:50:41",1612.0,2,wilsonpzx
2281,16740361,"Suba S","2026-09-12 02:56:32",1611.8,2,jupiter79
2282,16622835,"Max Manushin","2026-09-11 01:04:29",1611.0,2,innerf1re
2283,16886357,"Sun Jaden","2026-09-13 21:34:56",1610.9,2,sunjaden
2284,16736079,Maxy5illion,"2026-09-18 06:03:43",1610.4,2,maxy5illion
2285,16843617,Jenny124685,"2026-09-17 05:29:39",1610.0,2,jenny124685
2286,16664788,rian,"2026-09-09 17:32:52",1609.8,2,rian55
2287,16769885,kurushun,"2026-09-10 02:10:21",1609.4,2,kurushun
2288,16867407,Lanqira,"2026-09-11 03:08:56",1608.7,2,lanqira
2289,16864072,"Matvey Skovordin","2026-09-10 04:24:07",1608.3,1,kickassnumberone
2290,16857932,"Ahmed Ansari","2026-09-16 11:57:46",1606.5,2,ahmed1ansari
2291,16805918,"kaito ide 31","2026-09-18 21:24:24",1606.1,2,kaitoide31
2292,16841335,abondrn,"2026-09-15 16:55:55",1605.3,2,abondrn
2293,16714365,meryol,"2026-09-18 00:28:34",1604.9,2,meryol
2294,16865917,"Yihao Wei","2026-09-13 10:07:46",1604.3,2,yihaowei
2295,16809445,takusemba,"2026-09-09 14:50:14",1603.4,2,takusembba
2296,16735628,perrodawn,"2026-09-18 11:16:09",1603.4,2,perrodawn
2297,16854573,"这是 AI 的胜利","2026-09-10 09:15:16",1603.4,2,iaptainmy
2298,16759508,george-nigmatulin,"2026-09-18 20:40:51",1603.2,2,georgenigmatulin
2299,16671596,Sibato,"2026-09-14 12:05:17",1603.1,2,sibato
2300,16641230,"An V1","2026-09-12 01:03:30",1602.6,2,barakuga
2301,16858418,"Nguyễn Công Tuấn","2026-09-17 11:35:08",1602.5,2,nctuan
2302,16809263,"Bertan Pank","2026-09-09 18:58:46",1602.3,2,bertanpank
2303,16655411,フナコシ,"2026-09-17 07:46:06",1601.3,2,kokifunakoshi
2304,16664490,llllllc666,"2026-09-16 09:05:35",1601.2,2,llllllc666
2305,16844845,"Dinesh Amalathasan","2026-09-15 19:55:18",1600.9,2,amaldinesh
2306,16670276,"Egor Trushin","2026-09-10 08:19:32",1599.8,2,egortrushin
2307,16866996,"Marina Afanas'eva","2026-09-10 14:36:18",1599.2,1,proamari
2308,16722378,waticson,"2026-09-10 14:10:56",1595.5,2,yutodennou
2309,16658732,Olympus,"2026-09-12 11:44:20",1595.2,2,jiseungwoo
2310,16688893,CCG,"2026-09-18 16:13:57",1594.9,2,"hirokenn,nagomenk"
2311,16866946,truxivan,"2026-09-10 13:46:58",1594.8,1,truxivan
2312,16623980,Nikita,"2026-09-14 10:05:57",1593.3,2,ivanovnikitawork
2313,16641956,SixGODD,"2026-09-18 16:37:36",1591.5,2,sixgodd
2314,16712007,"Dipin Kothavoor","2026-09-14 13:54:52",1590.9,2,dipinkothavoor
2315,16757123,"Sripad Modali","2026-09-16 14:48:11",1588.2,2,sripadmodali
2316,16802745,"Fuat Çakıcı","2026-09-16 11:56:18",1588.2,2,fuatcakiicii
2317,16712751,haruo_tensai,"2026-09-18 14:01:47",1587.5,2,haruotensai
2318,16857861,Satua,"2026-09-11 06:36:26",1587.4,2,satyasrinivasanandh
2319,16659670,MeeMee,"2026-09-10 07:07:22",1586.8,2,yagi46
2320,16623309,zyvren,"2026-09-11 15:14:31",1585.5,2,"nusratahmmedmaisha,sharif485"
2321,16859585,momo,"2026-09-10 03:06:37",1585.4,2,fyenneyenn
2322,16691451,Nakano,"2026-09-16 15:40:34",1585.3,2,spicatom0914
2323,16676739,"Jonathan Zheng Jiahao","2026-09-10 02:53:21",1584.7,2,jonathanzhengjiahao
2324,16677423,songling,"2026-09-12 13:10:57",1584.2,2,"lvbingrong,oralia"
2325,16855868,PapaSoda,"2026-09-10 17:45:16",1583.8,2,papasoda
2326,16689488,"Ming Fong","2026-09-10 02:48:20",1583.1,2,evilpegasus
2327,16657276,"Пётр П","2026-09-18 14:00:01",1581.8,2,petrinvest
2328,16854090,"Kaichi Morimoto","2026-09-09 11:22:01",1581.5,2,kaichimorimoto
2329,16839834,nouvya,"2026-09-10 15:48:43",1581.5,2,nouvya
2330,16852728,"Ryuto Yoda","2026-09-09 11:05:09",1579.6,2,ryutoyoda
2331,16832866,bgaoi2,"2026-09-09 15:09:29",1579.2,2,bgaoi2
2332,16848217,"Yang Bai","2026-09-10 05:49:28",1578.3,2,jackelysia
2333,16625798,grifth,"2026-09-09 08:20:58",1577.8,2,grifth
2334,16654109,"Mohamed Amine Aichaoui","2026-09-09 23:50:05",1577.2,2,mohamedamineaichaoui
2335,16863501,ATC,"2026-09-10 01:05:59",1576.5,1,t6ccc2
2336,16881694,Novardion,"2026-09-13 11:28:43",1576.2,2,novardion
2337,16756477,Ender,"2026-09-10 11:10:27",1575.9,2,eamonnkashyap
2338,16880437,doublek,"2026-09-16 14:20:16",1575.7,2,doublek
2339,16672997,"Francesco Montone","2026-09-11 10:56:31",1574.5,2,francescomontone
2340,16690805,"Alejandro Ayestaran","2026-09-10 01:37:21",1574.4,2,alejandroayestaran
2341,16806006,2,"2026-09-16 09:59:01",1574.3,2,smallvv
2342,16671504,Agentmaster,"2026-09-16 15:21:27",1573.9,2,"kinjaza,shawnno"
2343,16773064,"Sonu Yadav","2026-09-16 20:48:50",1573.8,2,sonuyadav710
2344,16860160,"Kohei #2","2026-09-09 11:20:08",1573.7,1,confirm
2345,16862155,"Kydyrbek Kozykorpesh","2026-09-09 17:34:41",1573.3,2,kozykappa
2346,16699586,"Linda Liu","2026-09-17 11:58:32",1573.0,2,lpoint
2347,16644702,cracker_1_war,"2026-09-10 07:18:48",1572.6,2,cracker1war
2348,16657671,CyberRacoon,"2026-09-15 10:38:45",1570.9,2,racoontw
2349,16857939,"Le Duy Dong","2026-09-10 16:11:23",1569.7,1,lduynglduyng
2350,16730735,YUK,"2026-09-14 18:00:10",1569.5,2,yu0307
2351,16865693,Eda,"2026-09-10 09:12:31",1569.5,1,edagram
2352,16852910,omoch1,"2026-09-17 09:42:00",1568.9,2,agecom
2353,16685047,Yvonne.,"2026-09-12 08:17:01",1568.8,2,zdawer250
2354,16698134,Hossein,"2026-09-11 02:29:53",1568.7,2,tomi85
2355,16866567,Variiiiiii,"2026-09-11 10:09:24",1568.6,2,variiiiiii
2356,16860164,Ry_Sa,"2026-09-09 11:29:06",1568.4,2,ryqsaq
2357,16839821,"Stepan Pankratov","2026-09-09 14:47:50",1568.1,2,infam62
2358,16854935,이순신,"2026-09-16 14:35:43",1567.6,2,tenkojun
2359,16670020,nanare,"2026-09-16 16:43:03",1566.7,2,nanaresudo
2360,16782708,lcx666,"2026-09-10 12:33:05",1565.5,1,chengxinliang
2361,16669686,"Mert Bayraktar","2026-09-12 18:44:44",1565.3,2,mertbayraktar
2362,16861083,Shoto,"2026-09-09 15:14:42",1565.1,1,bloodymonday
2363,16682843,underline12311,"2026-09-09 13:17:13",1564.9,2,underline12311
2364,16791873,Sanjay,"2026-09-15 13:12:27",1564.1,2,sanjay6727
2365,16732409,kawhi0.0,"2026-09-10 03:44:50",1563.7,2,kawhi00
2366,16845112,"Robert Baburin","2026-09-17 18:23:12",1563.7,2,robertbaburin
2367,16669843,"hikaru kitagawa","2026-09-17 15:32:14",1563.7,2,hikarukitagawa
2368,16625219,MJVinay,"2026-09-12 15:54:42",1563.4,2,mallajayanthvinay
2369,16709501,Galaxantic,"2026-09-09 06:02:29",1563.3,2,neel21yt
2370,16738822,shakedamo0w0,"2026-09-10 03:38:12",1563.0,2,shakedamo0w0
2371,16640991,sometimeafter,"2026-09-09 17:35:05",1562.7,2,xinyeee
2372,16729186,Virtute,"2026-09-16 06:25:56",1562.7,2,nameless001
2373,16811496,Marie,"2026-09-17 07:10:26",1562.7,2,mariashatrova
2374,16857977,namopanda,"2026-09-09 15:41:49",1562.7,2,namopanda
2375,16861903,iwa,"2026-09-13 05:12:38",1562.4,2,ichiko
2376,16732696,naniwazu,"2026-09-09 17:15:52",1561.5,2,naniwazu
2377,16665233,"Akash Deep","2026-09-13 19:50:04",1561.3,2,akashdeepo
2378,16731686,SaiKushal185,"2026-09-10 09:14:13",1560.9,2,saikushal185
2379,16840617,RyotaroAbe,"2026-09-10 14:03:06",1560.8,2,ryotaro45123
2380,16656312,"retiring to farm","2026-09-10 15:50:14",1559.0,2,"avnermlim,belati,hilariusjeremy,matthewpramana,nicholasarditirta"
2381,16623298,Mikhail_Komkin,"2026-09-09 21:21:30",1558.6,2,mikhailkomkin
2382,16632516,"Jiachen Li","2026-09-09 11:29:38",1558.6,2,llccqq624
2383,16644818,chudddc,"2026-09-09 13:57:18",1558.4,1,chudddc
2384,16661846,"Jeffrey Pike","2026-09-09 16:05:56",1557.9,2,jeffreypikeai
2385,16734914,bharat,"2026-09-16 22:24:49",1557.8,2,bharatmohan
2386,16761173,"Shinzo Takayama","2026-09-11 19:55:50",1557.8,2,shinzotakayama
2387,16678061,"Sushanth Tiruvaipati","2026-09-10 06:11:22",1557.8,2,sushanthtiruvaipati
2388,16775474,ERS,"2026-09-10 05:09:16",1557.5,2,shingo257
2389,16731836,"Theo Venturian","2026-09-11 18:03:45",1557.5,2,theodorraulventurian
2390,16633793,adakoda,"2026-09-09 11:55:49",1557.4,2,adakoda
2391,16660987,AdrianWang2003,"2026-09-09 09:32:53",1556.7,2,"adrianwang2003,benlou04"
2392,16811247,"Luca Mussino","2026-09-10 20:53:58",1556.6,2,lucamussino
2393,16859409,wia'ma,"2026-09-09 09:08:21",1556.5,1,wangyiqicy
2394,16779957,养了一群扫福瑞,"2026-09-09 12:13:36",1556.3,2,whq0q7
2395,16741516,"Anh Tu","2026-09-16 14:00:13",1556.0,2,natcs98
2396,16712796,"Kumar Saurabh","2026-09-17 08:13:59",1555.1,2,bakakaka
2397,16749272,giraffeneck,"2026-09-18 17:07:07",1555.1,2,yamajin
2398,16806879,tetsuro731,"2026-09-09 11:46:20",1554.5,2,tetsuro731
2399,16758893,"Sercan Yeşilöz","2026-09-09 12:34:34",1554.4,2,sercanyesiloz
2400,16621500,"Reinforcement Larping","2026-09-10 12:02:23",1553.3,2,egortkachenko
2401,16778334,"Onkar Belure","2026-09-09 16:22:19",1553.1,2,onkarbelure
2402,16677596,Sere1n,"2026-09-11 15:08:02",1552.7,2,chacc0
2403,16661701,premjampuram,"2026-09-09 11:13:52",1551.9,2,"aasthasinha9,anji2705,premjampuram,sheetallodhi"
2404,16870600,"Huayu Wen","2026-09-11 14:17:55",1551.2,2,huayuwen
2405,16870447,"louie lau","2026-09-11 08:22:30",1550.5,1,louielau
2406,16784485,betterme,"2026-09-09 15:54:54",1549.6,2,betterme12345
2407,16692432,"Les 2 oies","2026-09-18 19:06:44",1549.5,2,"sanarceate,youyoucrf"
2408,16677217,Panos,"2026-09-15 12:44:36",1549.2,2,panosc
2409,16861998,bobodict,"2026-09-09 17:26:50",1547.7,2,bobodict
2410,16640264,DhanaLakshmiMalla,"2026-09-09 15:01:45",1547.5,2,dhanalakshmimalla
2411,16810308,Congy,"2026-09-10 05:36:35",1547.2,2,congyingma
2412,16890772,tcipin-egor,"2026-09-18 23:30:10",1547.1,2,egorich51
2413,16630833,"Savan Javia","2026-09-10 10:01:49",1547.0,2,savanjaviya
2414,16798602,uns.t,"2026-09-17 18:03:41",1546.9,2,franksunp
2415,16918460,cotton0025,"2026-09-18 22:16:35",1546.7,2,cotton0025
2416,16769277,卡心农场,"2026-09-18 17:14:44",1545.0,2,"hkd2333,hsiaosuan"
2417,16849330,"Ian Wang","2026-09-16 17:45:54",1544.9,2,ianwang1204
2418,16634082,"Mikey Marszewski","2026-09-11 02:26:39",1544.5,2,mikeymarszewski
2419,16768047,アメリカ農業研究会,"2026-09-17 13:24:54",1544.0,2,flnkhome
2420,16623608,"Dmitry Larko","2026-09-08 23:05:52",1543.8,2,dmitrylarko
2421,16710546,"Russlan Ramdowar","2026-09-09 05:03:58",1543.8,2,russlan
2422,16766796,panda__MB__maximus,"2026-09-09 09:32:32",1543.6,2,tanishmohokar09
2423,16860708,"Nav N","2026-09-10 07:47:42",1543.5,2,navidata
2424,16843047,liyuting,"2026-09-10 07:27:21",1543.2,2,lytqwq
2425,16734667,sadanamaru,"2026-09-10 12:22:11",1543.2,2,sadanamaru
2426,16858828,BlueSky_sora,"2026-09-16 05:31:22",1543.1,2,blueskysora
2427,16814716,edder0798,"2026-09-12 07:57:25",1542.5,2,"edder0798,wangxi608"
2428,16862298,"Varadaraj Borkar","2026-09-13 13:12:11",1542.2,2,varadarajborkar
2429,16860118,Hironobukawaguchi,"2026-09-09 11:53:30",1541.4,2,hironobukawaguchi
2430,16789509,"Yang Wei Hao","2026-09-09 13:02:55",1541.3,2,aichangeworld
2431,16743648,Hei_shao,"2026-09-12 18:48:52",1541.1,2,heishao
2432,16844456,Touk00,"2026-09-13 04:20:04",1540.9,2,touk00
2433,16841960,WessonZ,"2026-09-10 02:11:20",1540.5,2,wessonz
2434,16625214,Malla,"2026-09-09 15:00:57",1540.4,2,mallaphalguni
2435,16876071,NITISH5236GOEL,"2026-09-18 10:14:21",1539.6,2,nitish5236goel
2436,16838312,macaron,"2026-09-09 16:09:18",1539.1,2,hayatotech
2437,16750843,jammings,"2026-09-09 13:11:04",1539.0,2,jammings
2438,16786092,Shiru2,"2026-09-09 19:34:32",1538.9,2,shiru2
2439,16757253,ZEE,"2026-09-16 18:25:15",1538.6,2,randyzhang666
2440,16899240,"Abel Mendez","2026-09-17 02:25:28",1538.5,2,abelmendez
2441,16840536,"Philip Snyder","2026-09-08 05:18:07",1538.5,2,darkhorsecodes
2442,16884028,"Jayden Y","2026-09-18 04:12:11",1537.6,2,jy0810
2443,16860251,"Fabian Henning","2026-09-09 11:37:30",1537.1,1,crustacean
2444,16853498,MaksKhan,"2026-09-08 15:32:14",1537.0,2,makskhan
2445,16771337,titako0000,"2026-09-10 09:00:19",1536.8,2,titako0000
2446,16624303,seven,"2026-09-09 09:18:12",1536.4,2,morikawatakeshi
2447,16623399,Kendamarron,"2026-09-13 16:11:54",1536.3,2,kazuhirokuriyama
2448,16842194,threnox,"2026-09-18 17:36:18",1536.0,2,threnox
2449,16859804,seele,"2026-09-09 10:20:41",1535.0,1,seele1917
2450,16779171,Xunden,"2026-09-09 13:35:24",1534.4,2,xunden
2451,16674174,"Ramesh Arvind","2026-09-18 09:03:35",1532.3,2,rameshln
2452,16634104,FarmGoose,"2026-09-10 09:10:47",1532.1,2,yizhanglou
2453,16763418,overwhelmer,"2026-09-16 17:39:13",1530.8,2,overwhelmer
2454,16790585,wzyxp_123,"2026-09-17 18:26:32",1530.6,2,cloudssdut
2455,16655474,Focus,"2026-09-09 12:04:51",1528.9,2,overvalueawareness
2456,16801797,Tv,"2026-09-13 03:11:19",1528.8,2,linyeah
2457,16863538,e-toppo,"2026-09-10 01:15:27",1528.1,1,masatomatsui
2458,16690019,Around30,"2026-09-15 14:02:49",1528.0,2,"cyanspring,masahiromatsuda,sutesute000012"
2459,16915014,Boey,"2026-09-18 05:41:21",1527.3,2,boeychenjun
2460,16756972,"Đức Hải Hà","2026-09-18 14:02:21",1526.8,2,tankinguyen
2461,16724755,K.nosaka,"2026-09-10 12:07:13",1526.6,2,kenseinosaka
2462,16688130,"Lujia Liang","2026-09-16 21:00:32",1526.1,2,lujialiang123
2463,16674367,"zongze Yan","2026-09-14 11:54:16",1525.7,2,aaayan
2464,16862056,konchu2,"2026-09-10 11:32:13",1524.9,2,konchu2
2465,16734803,guoziyi123456,"2026-09-09 09:31:56",1524.6,2,"ax1lec,guoziyi123456,linhexlu,xuanzhechen"
2466,16767052,KaitoKusumoto,"2026-09-10 12:30:18",1524.0,2,kaitokusumoto
2467,16632612,Farmville,"2026-09-09 16:13:55",1523.7,2,rafaelfigueiredo13
2468,16898290,"Ryan Jonathan Valencia","2026-09-17 17:33:18",1521.2,2,ryanjonathanvalencia
2469,16842242,"Scott Kirila","2026-09-08 09:09:58",1521.0,2,scottkirila
2470,16758629,karinkaito,"2026-09-16 01:08:30",1521.0,2,karinkaito
2471,16659843,"Amer Alkhalili","2026-09-14 14:16:24",1520.8,2,ameralkhalili
2472,16860559,"Sara Lark","2026-09-12 13:36:51",1520.6,2,saralark
2473,16784691,"Here i come","2026-09-16 10:29:57",1520.5,2,emrekuruba
2474,16880953,IAMNAMNAM,"2026-09-16 18:14:09",1520.1,2,iamnamnam
2475,16785321,HaoChi,"2026-09-08 23:38:40",1519.6,2,"lishi321,moxi21"
2476,16752082,"Tian hao Qing Nano7ko","2026-09-09 05:51:47",1519.3,2,tianhaoqingnano7ko
2477,16668610,Sian,"2026-09-18 13:02:05",1519.3,2,arki13
2478,16794730,Fanch,"2026-09-08 08:29:22",1519.1,2,fanch123
2479,16661648,"Vân Nguyễn","2026-09-15 14:45:09",1518.8,2,vunnguyen
2480,16716867,"Kevin Gemilang","2026-09-17 07:00:19",1517.9,2,kevingemilang
2481,16754882,vvs,"2026-09-10 14:35:58",1517.6,2,marvelworld
2482,16623580,matsu997,"2026-09-09 17:35:42",1517.5,2,mastu997
2483,16736838,アナコンダ,"2026-09-09 13:48:32",1516.9,2,"ei1333,unosss"
2484,16704818,probably6767,"2026-09-18 13:58:08",1516.6,2,probably6767
2485,16644578,"Team Name","2026-09-09 03:57:14",1515.9,2,baytree1238
2486,16870461,Fumi,"2026-09-17 09:03:21",1515.2,2,cheersbeer
2487,16793427,wuwuwu,"2026-09-08 00:12:46",1515.2,2,wu1570
2488,16664132,kojingbo,"2026-09-12 15:49:01",1514.0,2,kojingbo
2489,16795704,haodada001,"2026-09-10 01:49:03",1513.1,2,haodada001
2490,16738759,YJR,"2026-09-09 07:24:30",1513.0,2,misakamikoto66
2491,16858113,wli889661,"2026-09-09 13:38:01",1512.9,2,wli889661
2492,16721382,"Milan Leonard","2026-09-12 07:20:12",1512.8,2,milanleonard
2493,16766171,Jonaid,"2026-09-10 22:22:27",1512.4,2,jonaidshianifar
2494,16786496,"Lê Quang Cảnh","2026-09-12 05:44:25",1512.2,2,zhincez
2495,16640701,momoon,"2026-09-15 04:05:16",1511.5,2,nomuraryota
2496,16715729,Ajay_Rao_43,"2026-09-09 05:25:11",1511.2,2,ajayrao43
2497,16654403,"Skibidi Six Seven","2026-09-08 14:20:24",1511.0,2,iam4722202468
2498,16656776,ShaoCharles,"2026-09-09 14:16:17",1510.7,2,shaocharles
2499,16699246,"Labh Khatke","2026-09-11 15:53:22",1510.7,2,labhkhatke
2500,16774884,assssstnuar,"2026-09-16 16:08:18",1508.5,2,assssstnuar
2501,16669256,Shivam_2212,"2026-09-11 00:46:20",1508.1,2,shivam2212
2502,16656806,"Arshad Shemil k","2026-09-09 08:33:09",1507.3,2,arshadshemilk
2503,16773964,trung,"2026-09-18 06:48:15",1507.0,2,trung2006
2504,16774941,Samvrcai,"2026-09-16 22:56:19",1505.0,2,samvrcai
2505,16843203,"Liyi xin jie","2026-09-08 08:39:56",1505.0,2,liyixinjie
2506,16841565,"dar Zaa","2026-09-08 18:04:18",1504.9,2,darzaa
2507,16854541,yangyiqing6,"2026-09-15 06:14:21",1504.1,2,yangyiqing6
2508,16891040,"Nasri Siwar","2026-09-18 18:05:16",1504.0,2,sassounasri
2509,16854616,"Dd National","2026-09-12 13:29:04",1502.8,2,ddnational
2510,16719090,CHSTO,"2026-09-12 21:35:49",1502.3,2,haotianqi
2511,16852605,VTH,"2026-09-08 06:35:01",1501.2,2,storm2501
2512,16848095,"Risha Apps","2026-09-08 15:41:31",1501.0,2,rishaapps
2513,16669269,"yash bhaskar","2026-09-10 15:11:51",1500.9,2,yash9439
2514,16857973,guochangZhang,"2026-09-09 04:24:41",1500.8,1,guochangzhang
2515,16840564,starlovelmj,"2026-09-09 02:16:02",1499.4,2,starlovelmj
2516,16707561,"Nick Rom111","2026-09-18 14:39:15",1499.3,2,nickrom111
2517,16808840,Devansh3007,"2026-09-10 05:02:13",1498.9,2,devansh3007
2518,16851664,koucha,"2026-09-10 10:18:30",1498.8,2,momotakaaoki
2519,16810813,Scorn100,"2026-09-09 17:11:13",1498.6,2,scorn100
2520,16679694,"Yaro Perventsev","2026-09-16 19:27:28",1498.2,2,yaroslavperventsev
2521,16801457," Banned My Account","2026-09-09 08:59:24",1497.8,2,subaru486
2522,16743392,tellurium_rrr,"2026-09-18 03:13:21",1497.7,2,telluriumrrr
2523,16676278,"Om Sangwan","2026-09-15 02:58:53",1497.5,2,omsangwan
2524,16753710,tax_free,"2026-09-10 17:08:47",1496.9,2,taxfreepython
2525,16870780,"John Gates","2026-09-16 05:43:38",1496.8,1,johngates
2526,16844672,"sleeping king","2026-09-09 02:11:59",1496.8,2,sleepingking
2527,16844132,Tamasaki217,"2026-09-07 14:15:02",1496.2,2,tamadesu217
2528,16786139,Trezerg,"2026-09-09 03:22:46",1495.5,2,progtrollwarrior16
2529,16679810,"Patrick Joël MAIRLOT-MBEZELE","2026-09-10 17:54:50",1493.1,2,pigenesis75
2530,16847189,lonelygolem,"2026-09-09 21:03:51",1492.8,2,rocinantt
2531,16827290,"Dhruvik Chauhan","2026-09-08 17:25:24",1492.8,2,dangptdawg
2532,16775190,bianfu,"2026-09-18 23:22:57",1492.7,2,bianfu
2533,16732578,nao.kwmr,"2026-09-19 00:00:54",1492.3,2,naokwmr
2534,16796901,hanhan761,"2026-09-10 05:31:28",1492.1,2,"hanhan761,kiivii,noice12138,xiaobai0417"
2535,16659286,shane18,"2026-09-18 15:29:52",1492.0,2,shane18
2536,16791712,"xiang W","2026-09-08 14:24:56",1491.8,2,"dekonsu,xiangwaaaaa"
2537,16658474,huyimin517517,"2026-09-18 05:03:38",1491.3,2,"huyimin517517,touyouzhaji,wumingshi2006,zxinzzzz"
2538,16641713,"ronsen sun","2026-09-11 08:01:06",1491.3,2,ronsensun
2539,16763001,Eb3lss,"2026-09-09 11:08:19",1489.6,2,eb3lss
2540,16661325,"Max Fofanov","2026-09-16 14:48:43",1489.3,2,maxfofanov
2541,16679098,"KIRTAN RUPESHBHAI BHOJANI","2026-09-17 16:36:24",1489.0,2,kitran17
2542,16706265,questiondlmarks,"2026-09-10 06:09:35",1488.6,2,questiondlmarks
2543,16765484,smsxgz,"2026-09-08 19:09:03",1488.3,2,smsxgz
2544,16702674,"Varun S G","2026-09-18 05:49:16",1488.1,2,warun7
2545,16677847,ShiviWhivi,"2026-09-08 21:01:40",1488.1,2,blackpearls1
2546,16671088,jasonstillchasin,"2026-09-18 13:58:04",1488.0,2,jasonstillchasin
2547,16733111,qihuaz,"2026-09-13 06:35:14",1486.9,2,qihuaz
2548,16700846,"Vaibhav Patel","2026-09-16 08:09:33",1486.8,2,vaibhavpatel
2549,16732352,ORiginators,"2026-09-09 10:47:23",1486.6,2,"sachinpandey721,sunritpal"
2550,16779254,MaxZhuCHN,"2026-09-15 03:39:04",1486.5,2,maxzhuchn
2551,16794758,wppepi,"2026-09-09 03:06:09",1486.5,2,"foxsuzuran,malossov,wppepi"
2552,16856437,"Roshan S. Chauhan","2026-09-14 09:33:55",1486.5,2,vrosenta
2553,16756698,savoelh,"2026-09-07 19:39:38",1486.4,2,savoelh
2554,16717901,"Ahmed Hazem Abdeltawab","2026-09-11 12:10:58",1485.7,2,ahmedhazem23
2555,16841077,melowdramtic,"2026-09-10 02:31:53",1485.4,2,melowdramtic
2556,16635747,"Jeki Wan Taufik","2026-09-08 15:14:33",1485.4,2,jek1wantaufik
2557,16855268,"Jiayi Du","2026-09-08 16:10:56",1485.2,2,jahyee
2558,16840862,HaoKwok,"2026-09-09 03:50:41",1485.1,2,haokwok2002
2559,16763897,BackFiring,"2026-09-13 09:41:16",1485.0,2,backfiring
2560,16855035,"rock paper scissors","2026-09-08 15:03:00",1484.1,1,downbythesallygarden
2561,16658300,"Thành Toàn Vương","2026-09-08 14:14:22",1484.0,2,thnhtonvng
2562,16815985,leemc95,"2026-09-08 21:31:33",1483.6,2,leemc95
2563,16835851,ruizhichen,"2026-09-17 11:21:28",1482.4,2,ruizhichen
2564,16811571,"Daniel Guo","2026-09-08 07:16:12",1481.8,2,denialguo
2565,16774823,fan2goa1,"2026-09-09 07:23:33",1481.6,2,zfun0926
2566,16670879,"old macdonald","2026-09-07 16:11:15",1481.5,2,djschmit
2567,16823467,"Riki Uchida","2026-09-08 13:04:02",1481.3,2,rikiuchida
2568,16633445,Wal8800,"2026-09-10 06:30:12",1480.7,2,wal8800
2569,16840550,henriquejsza,"2026-09-10 13:50:41",1480.6,2,henriquejsza
2570,16808631,ALkkGame,"2026-09-14 15:16:47",1480.5,2,alkkgame
2571,16663851,"Harshith revuru","2026-09-13 00:08:12",1480.3,2,harshithrevuru
2572,16707084,"3G 🐮🍺","2026-09-18 02:34:25",1479.9,2,dfgtde
2573,16809097,volumatic,"2026-09-10 11:00:51",1479.7,2,"kkeevviinn666,volumatic"
2574,16621687,ropeadope,"2026-09-08 10:44:47",1478.4,2,silkross
2575,16672241,dupakdungking,"2026-09-15 13:32:04",1478.2,2,primarizki
2576,16849883,"Rifa Tamanna","2026-09-07 22:07:04",1478.0,2,rifatamanna1109
2577,16854416,"Artemiy Shirokov","2026-09-08 12:53:33",1477.8,1,tema7707
2578,16730473,Kyohei,"2026-09-08 00:42:18",1477.6,2,kyohei3
2579,16639369,"Kyuhwan Cho","2026-09-18 23:24:42",1477.5,2,octoarden
2580,16650824,Orsted_hitogmi,"2026-09-16 07:59:15",1477.1,2,orstedhitogmi
2581,16822395,"Vladimir Galatenko","2026-09-18 04:21:18",1476.8,2,vladimirgalatenko
2582,16706576,王一凡,"2026-09-11 07:28:35",1476.2,2,"liuziyang1016,mikakohinata68"
2583,16659465,AravindLochan,"2026-09-08 10:00:39",1476.0,2,aravindlochan
2584,16842645,zard599,"2026-09-08 16:17:52",1475.8,2,zard599
2585,16838766,"Justin Gao","2026-09-08 08:27:29",1475.7,2,justingao
2586,16843635,"Просто Человек","2026-09-08 18:03:16",1475.5,2,gomunkul
2587,16841313,"Daniel Harkin","2026-09-09 18:24:13",1475.2,2,danielharkin
2588,16765834,Oakzen,"2026-09-15 04:51:50",1474.6,2,gyx517120273
2589,16764605,"Bandito Gangesterito","2026-09-08 17:51:50",1474.0,2,"mrtrueteller,restovrator"
2590,16846958,"Constantin Craciun","2026-09-18 09:35:18",1473.7,2,constantincraciun
2591,16713457,"Poor farmer","2026-09-08 08:45:03",1473.4,2,trnhip
2592,16658665,ChandramouliNagasundaram,"2026-09-17 12:11:49",1473.1,2,"enginegeneral,mouliindian"
2593,16909962,"Peter Shu","2026-09-17 02:29:52",1472.6,2,petershuikun
2594,16706410,lixiaoxin25,"2026-09-17 12:26:37",1472.2,2,lixiaoxin25
2595,16793083,"🐚seek inspiration🐚","2026-09-18 13:18:53",1471.7,2,kurupical
2596,16771010,42X,"2026-09-09 13:43:36",1471.3,2,infcyx
2597,16671454,Shadow,"2026-09-17 07:37:02",1471.2,2,uziahmd
2598,16639570,"Vishesh Banna","2026-09-08 13:07:51",1471.2,2,visheshbanna
2599,16724366,"YASH JAIN","2026-09-18 01:17:11",1471.1,2,yashjain911
2600,16829834,Luxuer,"2026-09-09 08:54:11",1470.1,1,luxuer
2601,16688450,SpiralTip,"2026-09-14 04:11:41",1469.4,2,spiraltip
2602,16663999,"Colton Martin","2026-09-14 15:46:31",1469.0,2,coltonmartinnn
2603,16838560,Aphrodite,"2026-09-08 03:03:11",1469.0,2,aphrodite874
2604,16718823,"Rafael Molina Castaño","2026-09-12 20:45:02",1468.8,2,rafaelmolinacastano
2605,16846391,"here we go","2026-09-09 05:28:41",1466.9,2,j1aliangx
2606,16664619,"Trupen Patel","2026-09-08 15:52:17",1466.4,2,trupenpatel
2607,16652631,"Panagiotis Anagnostou","2026-09-11 10:00:25",1466.4,2,panosanag
2608,16700501,Konno,"2026-09-08 02:40:46",1466.2,2,nearfield1234
2609,16634156,"Hiroyasu Okuno","2026-09-13 07:32:33",1465.2,2,hiroyasuokuno
2610,16838956,"Michael Brown","2026-09-18 22:25:34",1464.8,2,michaelbrown4343
2611,16758709,dk07dk,"2026-09-12 07:13:48",1464.0,2,dk07dk
2612,16832971,"Scott Willis","2026-09-07 17:02:44",1464.0,2,scottgwillis
2613,16842482,Wodo888,"2026-09-15 14:04:44",1463.9,2,wodo888
2614,16842967,yoshiki116,"2026-09-11 05:05:19",1463.8,2,yoshiki116
2615,16673328,"Preetham Prasanna","2026-09-13 10:13:18",1463.5,2,preethamprasanna
2616,16696231,"Oleg Smirnov","2026-09-08 07:17:12",1463.5,2,smirnolegov
2617,16844344,Hyt9797,"2026-09-09 08:19:53",1463.4,2,hyt9797
2618,16671012,"Sean Zhang","2026-09-16 01:44:36",1462.3,2,seanzhang2445
2619,16664760,SN,"2026-09-16 06:11:22",1462.0,2,spirosnianiaras
2620,16728959,"no pain no gain","2026-09-11 09:19:44",1462.0,2,ilyayurov2000
2621,16695242,"Utkarsh Prakash Srivastava","2026-09-08 15:55:37",1461.8,2,utkarshps
2622,16696997,coolin666,"2026-09-09 00:39:53",1460.4,2,coolin666
2623,16796014,keith70,"2026-09-08 07:18:36",1460.4,2,keith70
2624,16811072,Rafael,"2026-09-08 12:43:08",1460.1,2,rafaeldsjhkas
2625,16841113,Andy,"2026-09-07 01:22:11",1459.7,2,andrewmedran0
2626,16655109,"Tia He","2026-09-10 00:54:40",1457.9,2,altheahe
2627,16749576,heralces,"2026-09-10 20:20:39",1457.8,2,heralces
2628,16916142,aryandongare27,"2026-09-18 10:34:00",1457.1,2,aryandongare27
2629,16777107,Pipiripipap,"2026-09-09 10:03:38",1456.9,2,yohalf
2630,16741997,hikarinosenshi,"2026-09-08 00:50:58",1456.9,2,hikarinosensh1
2631,16843221,refine123,"2026-09-08 08:06:29",1456.9,2,refine123
2632,16668647,"THIRUPATHI KANNAN K","2026-09-07 14:59:51",1456.8,2,thirupathikannank
2633,16842066,Atomo333,"2026-09-08 10:35:55",1456.8,2,atomo333
2634,16656382,Aevion-Labs,"2026-09-09 03:03:51",1456.2,2,aevionlabs
2635,16763200,"Alexander Nord","2026-09-07 18:04:42",1455.7,2,"alexandernord123,pizza987"
2636,16672549,"ReinFARMent Learning?","2026-09-11 03:38:53",1454.4,2,arksey
2637,16672858,Lyesterday,"2026-09-07 10:14:39",1454.0,2,ilyas93
2638,16669826,Jesse,"2026-09-12 07:51:27",1453.7,2,jesneuman
2639,16656810,IskanderAkhmetov,"2026-09-13 18:28:30",1453.6,2,iskander2017
2640,16663759,🔥🦫📿🗽,"2026-09-07 19:59:55",1453.4,2,datafad
2641,16717253,Sybery_AI,"2026-09-13 19:51:41",1453.1,2,syberyai
2642,16645203,easonyanyan,"2026-09-18 16:22:41",1452.6,2,easonyanyan
2643,16695664,Bantam,"2026-09-18 05:59:58",1452.5,2,bantam
2644,16898040,王ruizhe,"2026-09-18 13:57:04",1452.4,2,ruizhe28
2645,16727350,"T Hansda","2026-09-08 09:22:20",1451.0,2,hansda
2646,16657265,"Hemant Kumar","2026-09-18 13:53:47",1450.9,2,hemantrajputt
2647,16759913,"Peter Cnudde","2026-09-07 20:08:25",1450.6,2,petercnudde
2648,16736120,"Ricky #2","2026-09-08 02:47:36",1450.3,2,rickyds97
2649,16726559,william,"2026-09-05 02:03:48",1450.2,2,hiricodev
2650,16657341,raccoonForest,"2026-09-08 06:45:18",1449.8,2,gkanamoto
2651,16852377,"Zhong Lyu","2026-09-08 05:20:05",1449.3,2,zhonglyu
2652,16653805,mohsen2050,"2026-09-14 18:25:43",1448.9,2,mohsen2050
2653,16728109,"Sidharth Hulyalkar","2026-09-11 06:16:26",1448.6,2,sidharthhulyalkar21
2654,16849295,"Israa Saede","2026-09-07 17:30:03",1447.6,1,esraaalsaeede
2655,16847096,Jackylw,"2026-09-16 05:52:41",1447.3,2,jackylw
2656,16725851,hetspookjee,"2026-09-07 21:54:39",1446.9,2,hetspookjee
2657,16790472,"Manurupan M","2026-09-17 15:07:46",1445.9,2,manurupanm
2658,16680524,Nealdarkdarkdark,"2026-09-08 04:36:02",1445.9,2,wklyb1
2659,16621165,"xisheng feng","2026-09-16 14:27:15",1445.5,2,xishengfeng
2660,16623466,len8487,"2026-09-08 04:47:16",1445.3,2,len8487
2661,16663498,"Braxton Dyer","2026-09-17 17:43:53",1444.9,2,braxtondyer
2662,16730719,Xiaowenhao404,"2026-09-18 20:50:09",1444.8,2,xiaowenhao404
2663,16810104,HemanthRaju311,"2026-09-09 13:07:35",1444.7,2,hemanthraju311
2664,16734979,NiuLAI,"2026-09-09 01:19:57",1444.7,2,"chunsingyu,chunyinhui,jaminmei"
2665,16743846,"Hemanth Raja Guttikonda","2026-09-11 09:41:59",1444.6,2,"hemanthrajg,poojithakatta18"
2666,16744342,"glupez ","2026-09-13 19:15:15",1444.1,2,glupez
2667,16741563,"Paul Pawletta","2026-09-15 09:16:16",1444.1,2,paulpawletta
2668,16671425,"Gajenddra Raj","2026-09-11 01:18:29",1443.2,2,gajenddra
2669,16663748,Calmracer,"2026-09-08 16:17:56",1442.5,2,ethanhall123
2670,16777406,"Toheeb Ogunade","2026-09-08 22:46:05",1441.5,2,toheebogunade
2671,16845280,"Samuel Watson","2026-09-11 07:06:59",1439.5,2,scwatson
2672,16726431,Manav,"2026-09-07 14:42:18",1439.1,2,manavsangwan
2673,16918530,lingsio,"2026-09-18 13:24:41",1437.2,2,shinshengchiou
2674,16848686,"xiang156 xu","2026-09-08 03:23:16",1437.2,2,xiang156xu
2675,16845510,bugkeeper,"2026-09-08 06:24:57",1436.8,2,bugkeeper
2676,16668998,WarRusher,"2026-09-18 19:29:08",1436.6,2,warrusher
2677,16723967,dk2lone,"2026-09-07 20:04:25",1434.5,2,dk2lone
2678,16845193,Kaan111,"2026-09-17 15:37:21",1434.1,2,kaan111
2679,16768043,"Cropy and Paste","2026-09-13 17:56:08",1433.0,2,tfriedel
2680,16686444,"Syakirin Pahimi","2026-09-06 16:21:15",1430.4,2,syakirinpahimi
2681,16854521,koumiyata,"2026-09-18 23:26:21",1430.4,2,koumiyata
2682,16832231,lst1923,"2026-09-11 16:06:58",1430.2,2,lst1923
2683,16862895,"Quinn Brighton","2026-09-12 00:01:22",1430.1,2,quinnbrighton
2684,16657637,"Ronnie Atuhaire","2026-09-15 14:11:38",1429.9,2,ronnieatuhaire
2685,16731776,ASH,"2026-09-08 06:37:07",1429.6,2,pentannnn
2686,16680290,prospers,"2026-09-08 05:37:42",1429.6,2,prospers
2687,16771080,"Ricky Shao","2026-09-07 17:16:14",1429.6,2,rickyshao
2688,16845083,"Restu Anggoro Kasih","2026-09-07 12:44:58",1428.6,1,restuanggorokasih
2689,16850198,"Daiki Yasui","2026-09-09 17:54:55",1428.4,1,daikiyasui
2690,16797251,"Nguyễn Mạnh Niên","2026-09-06 11:29:31",1428.2,2,jacobrichard312
2691,16623378,"nvidia fan","2026-09-17 06:46:19",1428.1,2,outwrest
2692,16777961,qiwaki,"2026-09-07 15:23:00",1427.7,2,resonayu
2693,16749520,"Andrey Tikhomirov","2026-09-04 16:24:32",1426.7,2,andreytikhomirov
2694,16684250,"Alexander Sokolov","2026-09-06 12:33:49",1425.5,2,cheeec0
2695,16659328,"Muhammed Ashiq Abdul Khader","2026-09-08 05:54:02",1425.5,2,ashiqabdulkhader
2696,16893007,thegoatman7,"2026-09-18 04:04:52",1425.1,2,thegoatman7
2697,16663681,Kometa,"2026-09-07 13:46:54",1424.2,2,petarknezevic1
2698,16693272,ush,"2026-09-10 07:22:13",1423.8,2,kusuha
2699,16631400,JZ,"2026-09-17 11:57:03",1423.4,2,zhoujiachen
2700,16791999,"Dashi Tsybikzhapov","2026-09-10 09:40:51",1422.5,2,dashitsybikzhapov
2701,16842044,StackOverflowed512,"2026-09-07 17:53:32",1421.9,2,stackoverflowed512
2702,16687716,"Joshua Fernando","2026-09-16 12:51:45",1420.3,2,joshuafernandoj
2703,16754974,BurntPotato,"2026-09-09 00:06:54",1419.9,2,burntpotato
2704,16664969,subsubsubagent,"2026-09-08 14:01:20",1419.9,2,"estrellasss,kingsley31,smithshine,wuliaoluis,xuteli"
2705,16666393,saikyo,"2026-09-07 02:04:55",1419.2,2,kyosaikyo
2706,16799362,"James Weatherhead","2026-09-06 21:45:45",1419.0,2,jamesweatherhead
2707,16660020,"Gaddam Shiva Teja","2026-09-18 22:14:16",1418.7,2,shivateja005
2708,16645596,Kosakunin,"2026-09-07 15:14:03",1418.7,2,yugoawawa
2709,16749061,"Wang H2O","2026-09-16 16:07:22",1417.8,2,wangh2o
2710,16823782,yuyutech(Genuine),"2026-09-08 04:32:19",1416.8,2,yuyutechgenuine
2711,16730713,"Michael Mueller","2026-09-18 14:48:35",1416.7,2,michaelmueller26
2712,16704613,alexbstl,"2026-09-14 01:43:31",1416.1,2,alexbstl
2713,16736542,YuRuiZe,"2026-09-06 10:16:45",1415.3,2,ruoyuruize
2714,16838807,"tony boakye","2026-09-08 11:41:30",1414.4,2,tonyboakye
2715,16667998,Speril,"2026-09-11 03:51:03",1414.4,2,speril
2716,16748527,Tsubasa_00,"2026-09-10 00:22:27",1414.0,2,tsubasa00
2717,16724993,Bonkoturyu,"2026-09-10 07:59:12",1413.9,2,bonkoturyu
2718,16681007,AkiraOnojp,"2026-09-08 18:48:33",1413.3,2,akiraonojp
2719,16819030,sunyuxiang136,"2026-09-18 14:17:00",1413.1,2,"hqy0619,orangetailfish,sunyuxiang136,tshen12"
2720,16638994,wpl,"2026-09-06 19:44:50",1413.0,2,peilwang
2721,16765151,htnhtn,"2026-09-17 09:14:22",1413.0,2,htnhtn
2722,16764476,daviddnd,"2026-09-15 07:40:48",1412.8,2,daviddnd
2723,16715358,wuy1hao,"2026-09-07 10:23:01",1411.6,2,wuy1hao
2724,16841097,"Arsonist Duck","2026-09-17 20:21:55",1411.6,2,herbertthebird
2725,16755229,theearthcheng,"2026-09-06 07:09:16",1411.6,2,theearthcheng
2726,16851712,VelloNChiru,"2026-09-17 13:47:43",1411.3,2,janelawrence
2727,16700510,"Shadow Recon","2026-09-18 11:56:18",1411.0,2,gaurav065
2728,16688281,"Luke Stafford","2026-09-15 20:07:13",1410.3,2,luketstafford
2729,16675897,"KANG ZHIPENG","2026-09-16 01:26:34",1410.3,2,kangzhipeng
2730,16634128,ZechHuang,"2026-09-09 08:22:39",1409.3,2,zechhuang
2731,16814637,random_numb,"2026-09-11 05:08:06",1409.0,2,randomnumb
2732,16870585,ba,"2026-09-11 08:25:46",1408.8,2,yusukebaba
2733,16738820,"Ying Li","2026-09-14 15:06:54",1408.5,2,lyee919
2734,16658248,Aaweg,"2026-09-17 10:43:21",1408.5,2,aawegbhaladhare
2735,16728229,twomoon,"2026-09-08 05:22:46",1408.3,2,twomoon036
2736,16740464,"Jorrawar Grewal","2026-09-08 00:43:17",1408.0,2,jorrawargrewal
2737,16738298,tomo0608,"2026-09-06 10:46:22",1407.8,2,tomo0608
2738,16739537,"Bina Salama","2026-09-14 00:25:30",1407.8,2,binasalama
2739,16730375,Floth,"2026-09-07 15:14:58",1407.7,2,suwat513
2740,16857923,Haruki.O,"2026-09-12 08:23:32",1407.3,2,ho0707
2741,16623877,Chikuwabu,"2026-09-08 14:36:45",1407.1,2,prgckwb
2742,16840338,"Shoma Arakawa","2026-09-12 08:55:21",1407.1,2,shomaarakawa
2743,16622898,"sbol ball","2026-09-09 22:13:42",1407.0,2,"linearbasis,maksimkostritsya"
2744,16847289,"Hengxiang Yu","2026-09-09 13:29:09",1406.9,2,hengxiangyu
2745,16845063,"Gaston Zarate","2026-09-15 14:42:36",1406.5,2,gastonz195
2746,16639800,"Yong Ming-Jia","2026-09-15 06:14:00",1406.2,2,ymingj
2747,16759849,kkanayj,"2026-09-18 21:33:13",1405.3,2,kkanayj
2748,16661768,"Lợi Trần Bảo","2026-09-13 19:43:53",1405.2,2,litrnbo
2749,16797036,tksfjn,"2026-09-12 04:06:53",1404.5,2,tks3210
2750,16707562,Snipine,"2026-09-08 01:17:09",1403.9,2,boluosnow
2751,16640878,"Krishna Yadu","2026-09-06 08:18:51",1402.3,1,krishnayadav456wrsty
2752,16669666,RhoenSprudel,"2026-09-11 19:08:43",1402.1,2,rhoensprudel
2753,16736404,¡olé!,"2026-09-08 04:30:34",1401.6,2,hjx1024
2754,16806556,KyryloBakumenko,"2026-09-18 09:05:17",1401.3,2,kyrylobakumenko
2755,16839343,"SAURABH VISHWAKARMA","2026-09-15 17:13:31",1400.6,2,surabhv21
2756,16838898,"Minh Trịnh","2026-09-06 13:38:05",1400.4,2,minhtrinh2002
2757,16802719,uta_ccc,"2026-09-06 07:15:44",1400.2,2,utaccc
2758,16764342,malone001,"2026-09-11 08:18:49",1400.1,2,malone001
2759,16775378,TK256,"2026-09-18 23:30:53",1399.9,2,tk256ailab
2760,16870986,Taeyang,"2026-09-18 03:12:29",1399.6,2,taeyangg4
2761,16783328,AggriTrader,"2026-09-15 13:56:09",1399.3,2,leoluo
2762,16844769,phi,"2026-09-09 18:19:54",1399.2,2,fahisplr
2763,16810490,katlun,"2026-09-13 03:25:31",1399.1,2,"hoyin1212,katlun"
2764,16644160,"Saravana Rajan B","2026-09-07 15:04:38",1398.7,2,saravanarajanb
2765,16661970,"BOB'S ROOM","2026-09-09 12:30:24",1398.7,2,"bobpop123447,datasutudent"
2766,16637241,M4nd4l0r14n,"2026-09-07 21:50:19",1398.2,2,thiagobcunha
2767,16730247,DOM-VASCONCELOS,"2026-09-13 10:03:51",1398.1,2,domcreator
2768,16641099,sieru-copan,"2026-09-05 16:17:32",1398.0,2,sierucopan
2769,16747408,すずき,"2026-09-11 04:23:39",1397.8,2,shumpeace
2770,16725081,ZhouYongqi,"2026-09-06 14:55:06",1397.5,2,xy0v0zhang
2771,16817923,"Adhiraj Jagtap","2026-09-17 08:26:34",1397.4,2,adhirajjagtap
2772,16848220,ggmljs,"2026-09-10 05:10:42",1397.0,2,ggmljs
2773,16765207,Cathy,"2026-09-10 01:48:38",1396.1,2,cathyyou
2774,16805940,Foxure,"2026-09-12 01:51:33",1395.4,2,foxure
2775,16653927,"Fernando GH H","2026-09-05 20:04:42",1395.4,2,fernandoghh2
2776,16623806,黒田彩人,"2026-09-07 21:37:20",1395.4,2,ayato0705
2777,16783517,"dongdong zhang","2026-09-07 03:22:34",1395.4,2,mcdongdongzhang
2778,16667922,JungHwan,"2026-09-06 00:05:59",1395.1,2,najunghwan
2779,16686424,"Thần Thoại","2026-09-08 16:58:05",1394.9,2,thanthoai
2780,16888093,"Alejandro Izaguirre","2026-09-18 13:05:55",1394.4,2,alejandroizag
2781,16824014,"Kotaro Kikuchi","2026-09-07 10:57:06",1394.2,2,kotaro1129
2782,16842187,"rongkai bao","2026-09-06 05:34:57",1393.9,2,rongkaibao
2783,16843555,sol12378,"2026-09-07 02:34:09",1392.5,1,sol12378
2784,16633688,Ryo,"2026-09-06 06:44:25",1391.8,2,ryosukekurakami
2785,16731822,Senn88,"2026-09-08 13:54:19",1391.4,2,senn88
2786,16839429,"Igor Aranovsky","2026-09-08 08:55:51",1391.2,2,igoraranovsky
2787,16660137,Densike,"2026-09-09 17:32:51",1390.9,2,densike
2788,16848929,"Nikoo Yu","2026-09-15 05:06:17",1390.9,2,nikooyu
2789,16644480,"Umut Keltek","2026-09-07 20:47:32",1390.8,2,umutkeltek
2790,16745949,"Miaohua Zhang","2026-09-15 05:48:03",1390.3,2,miaohuazhang
2791,16840452,pan6628,"2026-09-10 04:38:21",1390.2,2,pan6628
2792,16727536,lelelove1225,"2026-09-06 12:58:48",1389.8,2,lelelove1225
2793,16654463,Mark,"2026-09-04 19:38:01",1389.6,2,robotmf
2794,16779942,"YueKai Yu","2026-09-07 01:12:38",1389.5,2,yuekaiyu
2795,16808905,"Yusaku Muroya","2026-09-07 10:35:52",1389.3,2,ymuroya47
2796,16654042,B.Pushpanjali,"2026-09-11 14:13:52",1387.5,2,"bpushpanjali,vinithwade"
2797,16792927,EnricRovira,"2026-09-12 21:58:31",1387.5,2,enric1296
2798,16830000,"Danilo Lapegna","2026-09-17 04:38:46",1387.1,2,danilolapegna
2799,16707057,tamo,"2026-09-06 07:44:38",1386.6,2,ryotakasuya
2800,16843986,"Young Jim","2026-09-07 00:05:04",1386.3,2,youngjim
2801,16758982,Boredom,"2026-09-08 01:50:36",1386.2,2,cudacoding
2802,16830390,"Hajime Kumami","2026-09-07 00:06:54",1386.0,2,hajimekumami
2803,16879199,遠藤裕人,"2026-09-18 23:58:03",1385.5,2,back2525
2804,16768016,JohnBlake,"2026-09-17 06:43:57",1384.8,2,jaybeeja
2805,16893831,"Sasan Nazari","2026-09-16 00:07:26",1383.5,2,sasannazari
2806,16838588,"Nadeem Ishikawa","2026-09-08 23:04:10",1382.8,2,nadeemishikawa
2807,16750726,prince22466,"2026-09-15 15:37:55",1382.5,2,prince22466
2808,16730484,Esperanza,"2026-09-10 00:42:17",1381.7,2,deanpixton
2809,16723955,chunsuri,"2026-09-18 16:42:59",1381.2,2,chunsuri
2810,16842273,2424,"2026-09-08 14:29:16",1381.2,2,takutonishi
2811,16699455,vijaikm,"2026-09-17 03:30:33",1381.0,2,vijaikm
2812,16792123,coder2403,"2026-09-12 17:08:38",1380.9,1,coder2403
2813,16853941,"Baha Enes Ören","2026-09-08 14:52:10",1380.8,2,bahaenesren
2814,16824564,"piu ATI","2026-09-06 10:02:27",1380.0,2,piuati
2815,16854744,"Rostislav Epifanov","2026-09-10 12:14:58",1380.0,2,rostepifanov
2816,16866086,"Table Feng","2026-09-15 15:22:21",1379.6,2,tablefeng
2817,16818508,"Napster Y","2026-09-06 08:55:35",1379.5,2,napstery
2818,16627906,"Tergel Munkhbat","2026-09-17 07:04:41",1378.8,2,tergelmunkhbat
2819,16860587,"Mayo Mafia","2026-09-14 12:41:03",1378.6,2,vasujain12344
2820,16667020,SCLim2022080004,"2026-09-18 14:02:00",1377.9,2,sclim2022080004
2821,16675684,washamba_bots,"2026-09-13 07:38:38",1377.7,2,"billygmwangi,futurecentaur,peterkibetspidey,stephanenjoki"
2822,16659711,williams,"2026-09-06 23:23:25",1377.5,2,williams
2823,16782564,"Chris Tu","2026-09-04 05:14:36",1377.3,2,christu831004
2824,16743484,"薄和叶 Lv.INF","2026-09-03 14:24:47",1377.2,2,lumine01
2825,16662121,One-For-All,"2026-09-03 23:10:22",1376.4,2,indarkarhana
2826,16715383,"Leo Lilley","2026-09-09 03:36:39",1376.1,2,leolilley
2827,16642662,CdeTilly,"2026-09-18 19:47:05",1375.4,2,cdetilly
2828,16689366,"Cuong Le","2026-09-06 15:24:57",1374.5,2,ad1999
2829,16821420,Sight,"2026-09-18 12:38:51",1374.0,2,"cai12341234,jingwenxu85"
2830,16841542,Smmyth,"2026-09-06 22:18:52",1373.6,2,smmyth
2831,16683952,"Maksimov Evgeniy","2026-09-04 01:23:59",1373.3,2,maxevg
2832,16671520,sci-shi,"2026-09-07 10:17:00",1373.0,2,scishi
2833,16842817,darcy132,"2026-09-06 13:16:34",1372.7,2,darcy132
2834,16803592,"Bishal Lamichhane","2026-09-16 13:33:25",1372.0,2,bishallamichhane44
2835,16918646,MsMarch.7,"2026-09-18 09:12:24",1372.0,2,msmarch7
2836,16806809,air,"2026-09-06 09:54:14",1371.5,2,air041001
2837,16805509,"Adel Zebiche","2026-09-06 17:28:28",1371.4,2,adelzebiche
2838,16832556,"Harshit Raj #2","2026-09-10 16:45:16",1371.0,2,harshitraj2123221
2839,16800076,xinwang,"2026-09-07 05:13:34",1370.2,2,xxxtetantion
2840,16885137,"Manjunadh Padarthi","2026-09-18 08:39:42",1368.8,2,manjunadhpadarthi
2841,16683435,CoorDi,"2026-09-08 02:13:42",1368.7,2,bxy0125
2842,16826561,"ANJAN B","2026-09-13 15:34:02",1368.6,2,anjan4646
2843,16697205,"Gould Research","2026-09-08 17:19:28",1368.5,2,"georgeking1,gouldh,gradybos,shanemullahy"
2844,16845426,"Erlik Khan","2026-09-13 23:03:03",1368.3,2,erlikkhan
2845,16810472,YuanKing77,"2026-09-06 03:11:18",1368.3,2,yuanking77
2846,16640785,"syouya tobita","2026-09-16 17:43:22",1367.9,2,syouyatobita
2847,16841276,EmmaL09,"2026-09-09 22:09:29",1367.5,2,emmal09
2848,16626979,"An - x","2026-09-12 15:08:43",1366.9,2,myotterspace
2849,16689748,cheesytoasts,"2026-09-05 17:01:10",1366.5,2,cheesinnn
2850,16843173,"Hansen Zhong","2026-09-06 15:51:46",1366.2,2,onegameonedream
2851,16822602,haru0707,"2026-09-18 16:06:02",1365.8,2,"haru0707,kiduna"
2852,16757635,"Sridip Basu","2026-09-05 15:36:55",1365.7,2,sridipbasu
2853,16734290,CodeAMANSA,"2026-09-09 14:52:52",1365.2,2,bcollazo
2854,16652750,"Bahadir Selim Bakla ","2026-09-15 14:37:30",1365.1,2,bahadirselimbakla
2855,16749342,crasal,"2026-09-16 17:34:41",1365.0,2,crasal
2856,16845366,cdaden,"2026-09-08 06:00:19",1364.6,2,cdaden
2857,16634336,"Arko Bera","2026-09-08 19:08:41",1364.2,2,cartoonistbeard
2858,16758839,"Yusuf Murtaza","2026-09-06 10:23:21",1363.4,2,yusufmurtaza01
2859,16750314,Captainuknow,"2026-09-14 07:39:43",1363.2,2,captainuknow
2860,16712258,Yizhou,"2026-09-06 02:15:23",1362.8,2,yaphellee
2861,16779321,HarryP12,"2026-09-11 16:45:35",1361.5,2,harryp12
2862,16708880,yotsutose,"2026-09-10 10:18:49",1358.6,2,yotsutose
2863,16700767,tkpmnlms,"2026-09-08 19:50:42",1357.9,2,"emorgunov,mikhailkachalin,roniuhle"
2864,16805340,"Md. Rafiul Islam","2026-09-15 12:36:12",1357.0,2,rafiulislamrafi
2865,16836457,Andrew9603,"2026-09-06 12:28:37",1356.8,2,benxvyan
2866,16669715,housssaamos,"2026-09-06 19:42:41",1356.0,2,housssaamos
2867,16707639,Fujinawa,"2026-09-15 12:14:48",1354.9,2,wasshoiwasshoi
2868,16796600,skyShenzi5822,"2026-09-08 08:06:25",1354.7,2,skyshenzi
2869,16771785,"Mencius silverio MENSAH","2026-09-16 16:59:06",1352.7,2,menciussilverio
2870,16660281,"xiy lin","2026-09-08 12:05:25",1351.7,2,xiylin
2871,16666296,A.P.R.I.L,"2026-09-12 16:42:30",1350.7,2,puneeth333
2872,16644287,"Ryo Hasegawa","2026-09-08 16:54:03",1350.6,2,ryohasegawa926
2873,16621481,"zero waste","2026-09-05 14:22:46",1350.2,2,chinnaphatkhun
2874,16669148,"Syed Muhammad Gillani","2026-09-03 19:55:34",1349.6,2,syedmuhammadgillani
2875,16677107,gagacrow,"2026-09-07 16:11:58",1349.4,2,gagacrow
2876,16732433,syuuuuu,"2026-09-06 12:53:05",1348.4,2,syuuuuukun
2877,16775506,"lin qiy","2026-09-05 13:32:19",1348.0,2,linqiy
2878,16802630,takotakosan,"2026-09-09 03:10:10",1346.3,2,takotakosan
2879,16822414,Yassinovich,"2026-09-06 12:50:02",1345.5,2,yassinovich
2880,16726889,stnick,"2026-09-05 19:13:36",1345.4,2,stnick
2881,16660046,"Ikki Katsuyama","2026-09-06 15:46:09",1345.4,2,kacchanwriting
2882,16884338,"Emmet Banker","2026-09-17 04:35:45",1344.7,2,emmetbanker
2883,16803141,"Verdant Meridian","2026-09-08 14:13:17",1344.1,2,xinweizhang003
2884,16801995,"XD tsui","2026-09-03 20:41:03",1343.1,2,xdtsui
2885,16657198,Eldritch,"2026-09-10 15:14:36",1342.7,2,thefool00
2886,16806535,"zhangzhuang li","2026-09-03 18:31:12",1342.6,2,zhangzhuangli
2887,16777894,"Matthew Neba","2026-09-06 21:37:08",1341.9,2,matthewneba
2888,16780141,"One Zero001","2026-09-03 08:43:16",1341.0,2,onezero001
2889,16727147,"Alan Smith","2026-09-09 11:26:14",1341.0,2,acorncupcake
2890,16811890,Bobbbbbbbbx,"2026-09-03 15:25:01",1340.8,2,bobbbbbbbbx
2891,16644255,Rister,"2026-09-04 00:05:35",1340.4,2,"rister101,stharundhatri"
2892,16817077,"Dinesh kumar Thiyagarajan","2026-09-11 08:55:04",1340.2,2,dineshkumar0705
2893,16697877,"Sky kun","2026-09-13 22:36:13",1340.0,2,skykun
2894,16661034,"Devesh Mehta","2026-09-16 12:32:14",1340.0,2,deveshmehtaaie
2895,16838953,HHHyyds,"2026-09-05 12:31:34",1339.6,2,hhhyyds
2896,16695931,"Kers Aoyagi","2026-09-05 19:24:41",1338.7,2,kersaoyagi
2897,16654791,"Dev Rath","2026-09-10 16:32:18",1338.5,2,devbratrath
2898,16676321,"tao wu11","2026-09-06 08:52:36",1337.5,2,"taowu11,xujchill"
2899,16750364,Tangruichen,"2026-09-13 20:00:08",1336.8,2,device666kunkun
2900,16796840,ezalbxx,"2026-09-10 04:09:31",1336.7,2,ezalbxx
2901,16784056,"anh nông dân may mắn","2026-09-15 01:47:35",1336.5,2,nguyen1tri
2902,16799554,dengddd,"2026-09-03 15:30:23",1336.3,2,dengdgq
2903,16654332,"Borys Tymchenko","2026-09-06 13:18:48",1336.2,2,spsancti
2904,16640683,Jason-Oh,"2026-09-19 00:02:34",1336.1,2,dossantoss
2905,16725195,易研学社,"2026-09-06 07:27:43",1336.0,2,"chency17,fengwann,mingyingxin,sjojasdq,tbtbbb"
2906,16706898,Simiyon,"2026-09-08 15:35:12",1335.7,2,blackscythe123
2907,16667964,Shuiys,"2026-09-05 18:41:46",1335.6,2,ysshui
2908,16741819,"Paritosh Kumar Tripathi","2026-09-06 11:51:20",1335.0,2,paritoshtripathi5
2909,16795131,XuanxuChem,"2026-09-11 13:18:00",1334.9,2,zhaonoah
2910,16662204,SM_30,"2026-09-05 15:45:06",1334.9,2,sagarmane104
2911,16672033,"Mohan Prasath P","2026-09-07 09:39:23",1334.3,2,mohanprasath21
2912,16683488,"Ripudaman Parmar","2026-09-14 19:40:39",1333.6,2,"ktkgpt,ripudamanparmar"
2913,16664293,"Adam Lloyd","2026-09-05 07:12:04",1333.6,2,alloyd256
2914,16869870,"Electric Weasle","2026-09-13 15:27:16",1332.1,2,electricweasle
2915,16660220,tomo11111,"2026-09-05 23:47:27",1332.0,2,tomo11111
2916,16622934,"Ümit Anık","2026-09-05 13:54:40",1331.9,2,mitank
2917,16674720,"Prathmesh Lagdive","2026-09-09 10:44:33",1331.5,2,"aglavevaibhav,prathmeshlagdive,shriyashkurud"
2918,16745351,ChrisXie,"2026-09-08 02:14:19",1331.4,2,chrisstan
2919,16796574,cununn,"2026-09-04 18:08:46",1331.1,2,w007425y
2920,16741683,"Lance Wu","2026-09-05 02:17:10",1330.0,2,lancewu722
2921,16778388,"straw hats","2026-09-05 07:07:33",1329.5,2,rushikeshgaonkar
2922,16718138,Haalandspring,"2026-09-04 22:46:54",1329.5,2,haalandspring
2923,16771397,its_mrz,"2026-09-07 17:48:52",1328.5,2,itsmrz
2924,16630548,"YJ Wee 2807","2026-09-08 08:37:02",1327.5,2,yjwee2807
2925,16790359,"laoma fighting","2026-09-07 05:30:45",1327.2,2,laomafighting
2926,16715205,GCarnovale,"2026-09-18 01:20:01",1327.2,2,gcarno
2927,16662810,HarshitSama,"2026-09-15 19:22:03",1326.5,2,harshitsama
2928,16781110,yqz,"2026-09-04 17:57:19",1326.3,2,yuqizheng
2929,16624253,DTrieu,"2026-09-05 13:09:24",1325.9,2,hodinhtrieu
2930,16804549,Feidudu,"2026-09-04 15:51:54",1325.7,2,zenanshao
2931,16652173,"Shardul Gharat","2026-09-18 16:28:54",1325.5,2,shardulgharat
2932,16816445,"Danila Lebedev","2026-09-08 13:54:33",1324.6,2,danilalebedev
2933,16660444,"Сергей Мизин","2026-09-12 08:30:25",1324.4,2,seeergo
2934,16810859,"Michael Silverblatt","2026-09-06 12:39:49",1324.3,2,msilverblatt
2935,16721237,phoenixai0,"2026-09-08 14:15:57",1324.2,2,phoenixultra
2936,16635065,T88,"2026-09-07 09:02:57",1323.7,2,t88take
2937,16707702,"anton leyn","2026-09-08 16:30:11",1323.7,2,antonleyn
2938,16851444,"Vũ Tuấn","2026-09-16 04:05:20",1322.3,2,vtunksdlvnj6
2939,16654068,"Renoir Vieira","2026-09-05 17:42:47",1321.9,2,renoirvieira0
2940,16663626,"yvn kaggriculture","2026-09-17 20:08:35",1321.7,2,"garnikdavtyan,mikayelgr"
2941,16810060,galileo680,"2026-09-05 23:45:08",1321.1,2,keter333
2942,16738810,mararaa,"2026-09-04 10:21:18",1320.6,2,mararaa
2943,16809249,Moro,"2026-09-06 02:48:13",1320.4,2,moromoromoro
2944,16655912,sssskilo,"2026-09-17 09:36:10",1320.2,2,wellkilo
2945,16808433,thenokol,"2026-09-07 12:26:33",1320.0,2,thenokol
2946,16858618,NaokaK,"2026-09-09 06:58:14",1319.7,1,naokak
2947,16662176,"jorge fabian avila","2026-09-04 21:59:02",1319.4,2,jorgefabianavila
2948,16773607,sky1,"2026-09-04 13:54:00",1318.9,2,skyk1jn
2949,16786255,OceFFFF,"2026-09-17 06:46:41",1318.7,2,oceanfujimoto
2950,16789561,"Rohan Kishibe","2026-09-16 06:58:20",1318.6,2,anbianluban1
2951,16765327,master_ssx,"2026-09-04 20:02:23",1318.3,2,masterssx
2952,16734813,"Johan BONILLA MENDIETA","2026-09-05 15:23:38",1317.9,2,johanbonillamendieta
2953,16773069,Grant,"2026-09-05 10:49:32",1317.4,2,leolin05
2954,16722995,July,"2026-09-10 10:42:05",1317.3,2,julyzseven
2955,16786126,"Max Bloom","2026-09-18 20:34:57",1317.1,2,maxbloom
2956,16672040,"Tom Yim","2026-09-07 04:31:34",1316.8,2,tomyim
2957,16811433,"Bx LLLLLLLL","2026-09-05 21:54:10",1316.7,2,bxllllllll
2958,16802039,"Anna Currie","2026-09-04 10:24:33",1316.6,2,hcnfgxsghvbkhbty
2959,16746507,Ushimaru,"2026-09-18 11:53:16",1316.3,2,behindkun
2960,16815841,"Sunshine through fog","2026-09-15 05:48:01",1316.2,2,sunshinethroughfog
2961,16634239,"Radhakrishnan Guhan","2026-09-05 19:54:20",1316.2,2,rmsgrk
2962,16654490,"Furious Monk","2026-09-18 18:20:49",1315.8,2,furiousmonk
2963,16750273,"Nil Lic","2026-09-14 16:44:57",1315.6,2,nillic
2964,16783521,xiannaix,"2026-09-04 09:28:00",1315.5,2,xiannaix
2965,16839548,"Александр Прохоров","2026-09-08 12:30:54",1315.4,2,obbwd12
2966,16719578,blueblue222,"2026-09-11 04:36:53",1315.2,2,blueblue222
2967,16713291,Lperalt,"2026-09-14 08:27:47",1315.0,2,lucianobastidas
2968,16730707,"James Michael","2026-09-04 14:12:29",1314.3,2,ingenio
2969,16782954,"Team Dajiang","2026-09-05 03:10:18",1314.3,2,"jihuaye,toolazyhhh123"
2970,16639746,"Kyle Wang","2026-09-04 15:12:00",1314.1,2,ky1ewan9
2971,16841827,"pohang milk collector","2026-09-10 07:05:12",1314.0,2,"duckhun,idearendil"
2972,16739419,danilka200300,"2026-09-06 12:33:53",1314.0,2,daniilsergeevda
2973,16717186,"Roumak Das","2026-09-04 03:41:55",1312.3,2,roumak77
2974,16838520,"Niu Yuanfang","2026-09-07 07:50:24",1312.2,2,niuyuanfang
2975,16805882,nmdcddwzml,"2026-09-10 11:46:04",1311.6,2,mujian63
2976,16743788,"Emmanuel Lo","2026-09-04 13:07:50",1311.4,2,emmanuello
2977,16786357,guoyihui,"2026-09-05 05:53:59",1310.6,1,guoyihui
2978,16793656,王子铖,"2026-09-04 12:26:08",1309.2,2,aurantium
2979,16808178,qianyuatkaggle,"2026-09-08 00:37:32",1309.2,2,qianyuatkaggle
2980,16855857,tchufers,"2026-09-18 23:07:27",1309.1,2,viniciusraupp
2981,16654752,Agrofitting,"2026-09-12 18:17:22",1308.6,2,"evvfebruary,vinch97"
2982,16678462,"Eric Han Wang","2026-09-06 00:10:04",1308.3,2,ericwang03
2983,16765763,latter0206,"2026-09-06 07:00:54",1308.3,2,shoheiyamanaka
2984,16899030,CardPilotLab,"2026-09-17 00:32:05",1308.2,2,EldieEnfiel
2985,16838305,"Zhiyan Chen","2026-09-05 09:20:32",1308.0,2,zenosga
2986,16772090,"SHIVAJI SHAIK","2026-09-14 13:12:51",1307.9,2,shivajishaik
2987,16811637,mohui666,"2026-09-03 09:21:41",1307.7,2,mohui666
2988,16822109,Meticulousss,"2026-09-10 16:32:31",1307.3,2,meticulousss
2989,16852963,LingLingToshite,"2026-09-18 11:58:04",1306.7,1,lingtoshitehiroki
2990,16655311,"Plant City Planter","2026-09-02 19:03:12",1306.4,2,michaellombard
2991,16824101,"Bala Murugan AIML","2026-09-04 02:20:12",1306.3,1,balamuruganaiml
2992,16806587,"Dear Shark","2026-09-17 07:12:32",1306.1,2,dearshark
2993,16654995,"Artem Voronov","2026-09-14 11:14:51",1305.5,2,artemyvoronov
2994,16779451,kibuna,"2026-09-18 22:08:00",1305.4,2,kibuna
2995,16626462,mango,"2026-09-04 01:11:13",1304.8,2,mango789
2996,16718649,"Zakaria Aala","2026-09-05 19:32:26",1304.7,2,zlordgrim
2997,16623630,noobanot,"2026-09-03 12:05:20",1303.9,2,noobanot
2998,16891911,N_noa21,"2026-09-17 10:09:41",1303.9,1,nnoa21
2999,16795982,Vordax,"2026-09-03 18:17:12",1303.4,2,vordax
3000,16654266,古德拜吃,"2026-09-03 11:26:52",1303.3,2,nosaewang
3001,16799797,"Zimin Zhong","2026-09-05 15:40:17",1303.1,2,zhongzinmin
3002,16794696,"Paul Bryan Elefante","2026-09-08 00:39:10",1302.4,2,heuljax
3003,16815017,Humanitis,"2026-09-18 17:56:05",1302.0,2,humanitis
3004,16631215,"Hira Norm","2026-09-05 00:18:00",1301.9,2,hiranorm
3005,16683199,"Filippo Gombac","2026-09-02 17:16:47",1301.3,2,filippogombac
3006,16657904,xfhdh1,"2026-09-06 09:51:45",1301.1,2,xfhdh1
3007,16846525,Dwaslaop,"2026-09-13 13:24:30",1301.0,2,"dwaslaop,haorunjia"
3008,16657395,"Uchechukwu Ajuzieogu","2026-09-03 14:10:11",1300.0,2,uchechukwuajuzieogu
3009,16851959,Darren0724,"2026-09-11 12:15:26",1299.3,2,darren0724
3010,16658287,ArturoSirvent,"2026-09-12 05:20:34",1298.3,2,arturosirvent
3011,16732221,ringbearer,"2026-09-03 21:56:31",1297.6,2,mehmetbarankrat
3012,16738145,綿鍋だよん,"2026-09-18 14:42:56",1296.9,2,potrue
3013,16825772,liujieyou,"2026-09-14 12:01:35",1296.9,2,liujieyou
3014,16713540,Anruan,"2026-09-05 16:45:53",1296.4,2,xiaowanshen
3015,16682195,celefefwefwe1,"2026-09-02 16:48:52",1296.0,2,celefefwefwe1
3016,16634149,"Hozuma ITOBAYASHI","2026-09-12 10:50:17",1295.9,2,hozumaitobayashi
3017,16753646,"[Deleted] 7d100524-25e6-4751-98db-b4fdce26a5ee","2026-09-02 14:22:45",1295.4,2,del=effabded1aa6d176
3018,16668157,"vineet dairashri","2026-09-13 17:23:11",1294.8,2,vineetdairashri
3019,16742470,AK,"2026-09-06 07:57:50",1294.7,2,aman1391
3020,16639520,"Cary Jin","2026-09-05 22:54:44",1294.0,2,strigiformes
3021,16665700,张广麒,"2026-08-31 08:41:33",1293.7,2,zzggqq
3022,16639771,"DK Armada","2026-09-06 06:33:12",1293.1,2,dkarmada
3023,16839209,yuuuu.T,"2026-09-06 02:01:37",1292.8,2,yuuuut
3024,16695229,X1a0Ch3n,"2026-09-04 16:14:07",1292.0,2,xiaochen20236673
3025,16820116,cotora2121,"2026-09-05 17:42:49",1291.5,2,cotora2121
3026,16721688,"Hi Im Ryo","2026-09-04 15:05:22",1291.2,2,loto610
3027,16654715,"Aqib Raza","2026-09-02 19:21:26",1290.9,2,aqibrazadev
3028,16645705,wataru420,"2026-09-18 00:24:03",1290.8,2,wataru420
3029,16659210,HASHP100D,"2026-09-05 11:23:41",1290.5,2,hashp100d
3030,16679812,"Xiang Li","2026-09-07 00:00:24",1289.8,2,xianglipee
3031,16682867,sneaky6767,"2026-09-18 13:58:00",1289.5,2,sneaky6767
3032,16775076,hiros,"2026-09-03 04:15:51",1289.4,2,hiroshige1
3033,16633850,Pascal,"2026-09-05 04:01:56",1289.2,2,pascalledesma
3034,16664518,senxichong,"2026-09-18 08:01:00",1288.9,2,senxichong
3035,16725793,Krilin,"2026-09-03 18:41:48",1288.2,2,krilin
3036,16659430,"John Keith Weber","2026-09-06 16:32:54",1288.1,2,johnkeithweber
3037,16799934,auhulu,"2026-09-03 12:11:03",1287.6,2,auhulu
3038,16737937,xamad,"2026-09-01 13:19:27",1287.5,2,giannicerrato
3039,16702429,iamlonely,"2026-09-08 16:27:53",1287.4,2,iamlonely
3040,16760490,"nir afek","2026-08-30 21:08:22",1286.8,2,nirafek
3041,16749205,"Wish Coding Guy","2026-09-02 10:33:15",1286.5,2,tommycyd
3042,16794740,"Alexander R Luz","2026-09-11 16:15:45",1286.4,2,alexanderrluz
3043,16918151,"Hidenori Sasaki","2026-09-18 04:47:47",1285.9,2,hidenorisasaki
3044,16786158,"Yi-Chia Chen","2026-09-05 14:14:40",1284.2,1,threerabbits
3045,16763767,"Carson Zhang","2026-09-13 10:53:55",1283.3,2,zmcddn
3046,16886640,holyholy,"2026-09-18 17:22:05",1283.2,2,holy5contents
3047,16632231,"Samrish B","2026-09-05 18:17:55",1283.0,2,samrishb
3048,16661702,"Chattso-GPT (Yasuhito Yanagisawa)","2026-09-05 09:33:14",1282.5,2,yasuhitoyanagisawa
3049,16803930,"Farrukh Ismoilov","2026-09-02 11:30:29",1282.1,2,fismoilo
3050,16824069,"Phương Nguyễn Việt","2026-09-04 03:52:08",1281.5,1,phngnguynvit
3051,16736050,SuperZero11,"2026-09-10 07:44:19",1280.8,2,anandaverma
3052,16668532,"Nir Aberman","2026-09-17 11:58:59",1280.7,2,niraberman
3053,16703315,"Ryan Triplett","2026-09-18 20:01:49",1280.2,2,ryantriplett
3054,16663827,magoemu,"2026-09-03 22:08:53",1280.1,2,magoemu
3055,16670948,wally0593,"2026-09-02 08:31:29",1280.0,2,wally0593
3056,16730049,"r2d2 Dasari","2026-09-07 02:53:56",1280.0,2,r2d2dasari
3057,16802752,hako22,"2026-09-05 13:11:51",1279.9,2,hako22
3058,16747577,"Nolan BONHOMME","2026-09-03 13:22:05",1279.5,2,nolanbonhomme
3059,16734447,"Ali Bauyrzhan","2026-09-13 13:12:11",1279.2,2,alibauyrzhan
3060,16651792,LX,"2026-09-02 10:29:49",1279.1,2,sunnylx
3061,16820988,人畜无害,"2026-09-05 05:01:40",1278.7,2,slowmo19
3062,16728103,Immutable,"2026-09-06 21:33:16",1277.5,1,dishcleaner
3063,16688642,"Natalia Mawyin","2026-09-05 11:08:38",1277.5,2,nmawyin
3064,16716475,"dong & shen","2026-09-03 04:47:45",1277.4,2,"dongcookies,muyouqian4"
3065,16659776,"Ben Hamilton","2026-09-08 23:36:18",1277.4,2,kineticaxisstudio
3066,16674102,没落者,"2026-09-05 11:02:50",1277.3,2,needless090
3067,16735253,银龙,"2026-09-07 07:00:02",1276.7,2,boyanyanbo
3068,16779831,地里偷偷尿尿,"2026-09-06 14:21:55",1276.7,2,jjsdfd22
3069,16871907,"Junya _318","2026-09-14 04:15:18",1276.0,2,junya318
3070,16673250,Prashant,"2026-09-04 16:46:37",1276.0,2,"kajalsinghrajpoot,prashantxo"
3071,16655633,johnny,"2026-08-31 04:55:56",1275.4,2,jonykarki
3072,16729092,"ayman elamin","2026-09-09 12:02:46",1275.3,2,aymanelamin
3073,16665191,JoJa,"2026-09-18 16:11:33",1275.0,2,"mojyou,noahzx"
3074,16756902,"Matt Palmer","2026-09-06 04:17:51",1275.0,2,palmsey
3075,16773039,zyiqun,"2026-09-04 06:12:36",1274.5,2,zyiqun
3076,16665224,tyz123456,"2026-09-18 21:19:09",1273.3,2,tyz123456
3077,16848645,"Chee Keong Sim","2026-09-10 14:59:11",1272.2,2,cheekeongsim
3078,16818589,"Rachmat S. Haryadi","2026-09-10 16:48:09",1271.3,2,rachmatsharyadi
3079,16797393,lingmingzi,"2026-09-05 04:36:26",1271.1,2,lingmingzi
3080,16657594,"Wojciech Krasowski","2026-09-02 20:37:04",1270.7,2,ci3l4k
3081,16798174,"Jan Bartos","2026-09-07 22:28:55",1270.6,2,janbartos
3082,16682932,"Iulian Curte","2026-09-13 10:07:59",1270.5,2,iuliancurte
3083,16682283,"RL is all you need","2026-09-08 13:59:11",1270.5,2,"bpmf577,junzhejiao,jwj1342,liaodid,mrschang"
3084,16721805,kavunidze,"2026-09-03 11:04:48",1270.2,2,kartu72
3085,16730834,TomoyaM,"2026-09-10 00:00:39",1269.9,2,tomoyamiyaake
3086,16808352,Rheinmetall,"2026-09-11 14:27:52",1268.7,2,rheinmetall
3087,16775286,DanilAbdullin,"2026-09-02 05:42:51",1268.5,2,danilabdullin
3088,16866689,snehitha,"2026-09-16 07:46:47",1268.3,2,andapallysnehitha
3089,16697923,"Vincent Debout","2026-09-12 22:24:00",1268.2,2,vdebout
3090,16686513,Vipul_Kumar75476,"2026-09-19 00:06:00",1267.9,2,vipulkumar75476
3091,16841667,Zwxiang123,"2026-09-06 01:27:21",1267.5,1,zwxiang123
3092,16657228,"Vladimir Babin","2026-09-15 04:59:07",1267.5,2,vovababin
3093,16796484,"Ryutaro Tsujii","2026-09-04 00:07:32",1266.0,2,ryutarotsujii
3094,16659215,"Zhizhou Sha","2026-08-31 12:43:52",1265.9,2,zhizhousha
3095,16790658,lxymmd,"2026-09-10 07:59:16",1265.2,2,lxymmd
3096,16732813,Soomana1z,"2026-09-08 17:20:16",1264.7,2,soshionodera
3097,16714057,"T0m0t0m0 W","2026-08-30 07:55:00",1264.4,2,t0m0t0m0w
3098,16810802,"Musa Khan","2026-09-03 16:40:12",1264.1,1,lazer999
3099,16828244,AGSaturn,"2026-09-06 19:42:52",1263.8,2,polyuhst
3100,16625908,trantrikien239,"2026-09-18 13:43:38",1263.7,2,trantrikien239
3101,16791943,tamref,"2026-09-05 02:59:16",1263.3,2,tamreff3290
3102,16719083,"Justin Mai 16","2026-09-07 22:30:10",1263.0,2,justinmai16
3103,16693382,Sandrone,"2026-09-07 15:57:25",1262.9,2,luvgoelo
3104,16742825,"Ritwik Raha","2026-09-05 00:03:10",1262.0,2,ritzraha
3105,16728996,autowin,"2026-09-05 16:20:27",1261.9,2,atharvjairath
3106,16771558,"Vitalie Cervinschi","2026-09-01 00:08:11",1261.5,2,vitaliecervinschi
3107,16659961,faahh,"2026-09-18 18:31:47",1261.3,2,shivam98saini
3108,16655169,Musliadi,"2026-08-31 05:51:39",1260.2,2,timscientia
3109,16795798,"Refrain 1","2026-09-01 09:36:19",1259.8,2,"chisatoy,refrain1"
3110,16628456,kiro,"2026-09-08 06:39:53",1258.4,2,kirosamurai
3111,16783124,Logorhythms,"2026-09-11 12:28:36",1258.3,2,mohammadsaidulislam
3112,16774727,"Dannya AbdulHadi","2026-09-04 11:48:50",1258.3,2,dannyaabdulhadi
3113,16756492,satokato,"2026-09-18 23:36:11",1257.3,2,satokato
3114,16885684,LiYiTingTom,"2026-09-17 17:01:11",1257.0,2,liyitingtom
3115,16771605,Psyrax,"2026-09-17 16:00:11",1257.0,2,psyrax012
3116,16747036,Illusion,"2026-09-04 13:34:36",1256.6,2,briankimtaikab
3117,16752104,WYSSR1225,"2026-09-06 01:09:01",1255.9,2,wyssr1225
3118,16675739,"Jithendra Maddala","2026-09-12 05:12:26",1255.8,2,jithendramaddala
3119,16621831,"Tsung-Yeh, Hsieh","2026-09-09 18:31:09",1255.2,2,"tsungyehhsieh,xinyuloong"
3120,16623480,xmaster6y,"2026-09-08 18:26:54",1255.1,2,xmaster6y
3121,16764068,"Chika Komari","2026-09-02 11:18:48",1254.8,2,gothamjocker
3122,16755414,Danzzzl,"2026-09-05 16:14:12",1254.5,2,okunevda
3123,16702430,"ZeLong Leo","2026-09-18 10:35:32",1253.9,2,zelongleo
3124,16797063,Nianhua1,"2026-09-05 03:35:11",1253.6,2,nianhua1
3125,16783459,LKQ669,"2026-09-02 14:33:50",1253.2,2,lkq669
3126,16706442,tipstar0125,"2026-09-05 11:50:46",1252.9,2,dragonty
3127,16740851,Zefirrr,"2026-09-01 16:46:15",1252.7,2,zefirrrr
3128,16668162,AlejandroAlvarez,"2026-09-11 10:49:13",1252.4,2,theworm
3129,16734225,"Vijay athithya ","2026-09-02 07:06:29",1252.2,2,vijay09
3130,16748187,"Violet Notes","2026-09-09 13:20:38",1252.1,2,dominicjamil
3131,16727544,"Mostafa H","2026-09-01 10:03:53",1251.5,2,mostafahaghiri68
3132,16838821,小等等,"2026-09-16 07:41:23",1251.4,2,atwelve
3133,16754112,"rhythm master","2026-09-02 02:01:23",1250.1,2,"lukaswong,nairurga,zaynedong"
3134,16771456,"Tianrun Liao","2026-09-14 16:08:41",1250.0,2,tianrunliao1
3135,16793478,noisyislands,"2026-09-17 12:12:43",1249.8,2,noisyislands
3136,16843970,dharana77,"2026-09-13 03:41:27",1249.7,2,ylee4574
3137,16713543,"Rustam Bazarbayev","2026-09-17 09:21:40",1247.9,2,rustambazarbayev
3138,16656659,"James Y","2026-08-31 09:51:47",1247.8,2,redoctopusk
3139,16778072,oonumberone,"2026-08-30 02:54:33",1247.4,2,oonumberone
3140,16761324,WLYYYo,"2026-09-14 03:11:51",1246.6,2,wlyyyo
3141,16779652,cheezyp,"2026-08-31 06:26:25",1246.1,2,cheezyp
3142,16778792,"Karthik #2","2026-09-02 17:15:47",1245.5,2,karg14
3143,16743191,"Ryoya Kochiyma","2026-09-05 13:28:19",1245.5,2,"kazutotakekuma,ryoyakochiyma"
3144,16622919,Waffle,"2026-09-03 00:25:52",1245.0,2,waffle3z
3145,16785924,Abhinav_26104,"2026-08-31 15:17:41",1245.0,2,abhinav26104
3146,16734822,Zcy,"2026-08-30 15:01:54",1244.0,2,laura831
3147,16665311,"huayang sun","2026-09-05 06:20:01",1244.0,2,okami001
3148,16654585,"David Pedersen","2026-09-18 17:17:23",1243.7,2,semalytics
3149,16898651,Kitsune0o,"2026-09-18 22:02:47",1243.4,2,theodaimones888
3150,16623890,"rapika rosalia","2026-09-01 17:40:24",1243.1,2,rapikarosalia
3151,16694186,souju00,"2026-09-14 10:52:51",1242.1,2,souju00
3152,16770089,ouga,"2026-09-19 00:01:06",1241.6,2,ouga1shizawa
3153,16632214,roomer,"2026-09-05 03:55:23",1241.5,2,"matsuphy,mqme526,yasunamiura"
3154,16658409,AlexMasip,"2026-09-03 15:37:32",1241.3,2,alexmasip
3155,16664609,Re2lawd,"2026-08-31 05:42:43",1241.1,2,re2lawd
3156,16761641,Diavolo,"2026-09-05 09:31:08",1241.0,2,jeanmarcbah
3157,16825340,xiaoBOSS97,"2026-09-18 04:40:22",1240.7,2,xiaoboss97
3158,16686827,Kronki,"2026-09-05 12:24:58",1240.1,2,kronki
3159,16694016,"Prajwal M","2026-09-02 16:15:52",1239.8,2,estrick
3160,16658962,"Fabian Friedland","2026-09-01 02:35:18",1239.8,2,fabotelli
3161,16768323,thuvuduy16,"2026-08-31 18:59:54",1239.7,2,thuvuduy16
3162,16717113,"Dovydas Ruokis","2026-09-11 19:58:21",1239.6,2,dovydasruokis
3163,16737237,"Ayodeji Adesegun","2026-09-02 12:09:57",1239.5,2,ayodejiadesegun
3164,16701638,"John Stupid","2026-08-30 09:28:55",1238.7,2,bryxosmmm
3165,16732484,tanzaku,"2026-09-06 07:58:50",1238.3,2,tanzaku
3166,16657825,MilanJoshi,"2026-09-01 12:04:31",1238.0,2,mlnjsh
3167,16641183,"Team Name Pending","2026-08-30 15:18:19",1237.9,2,"abdaathaillahhadyan,oliverspiby"
3168,16721980,pend_ts19,"2026-09-03 03:03:36",1237.9,2,pendts19
3169,16806394,Flowers,"2026-09-02 04:03:16",1237.3,1,"guyueyuan,oliver34,wu12138test"
3170,16667724,"Masashi Onda","2026-09-02 12:43:58",1236.3,2,masashionda
3171,16877958,"Igor Buinyi","2026-09-11 23:06:07",1235.9,1,buinyi
3172,16791752,bayachay,"2026-09-13 02:26:18",1235.6,2,bayachay
3173,16777138,"Anna Pakhaliuk","2026-09-16 12:24:12",1235.2,2,annapakhaliuk
3174,16805609,Gleb,"2026-09-01 22:11:48",1234.3,1,korelin
3175,16734199,Iliamna,"2026-09-06 20:44:33",1234.2,2,decotoj
3176,16725410,LE4VES,"2026-09-08 09:27:15",1233.3,2,le4ves
3177,16839975,AlexHan,"2026-09-05 13:16:50",1233.3,1,gksgusrb1212
3178,16639979,naphthalene,"2026-09-01 10:40:26",1232.9,2,"aaa0342,leehyungjoon,minjek,trv449"
3179,16793344,zyichi,"2026-09-02 06:41:30",1232.4,2,zyichi
3180,16860049,Himanshu,"2026-09-15 12:12:33",1232.2,2,himanshuffbfujbf
3181,16659467,AlexMoura2026,"2026-09-16 20:32:34",1230.9,2,alexmoura2023
3182,16675351,-Beterraba,"2026-09-05 18:45:27",1230.5,2,"afonsoo,miguelottoni"
3183,16779598,RiverStead,"2026-09-11 12:27:06",1230.0,2,riverstead
3184,16652912,"Kyle Ellard","2026-09-04 11:51:13",1229.9,2,kyleellard
3185,16669810,CREART,"2026-08-29 16:06:18",1229.7,2,gustardust
3186,16626203,"Manish Kumar Maurya","2026-09-13 13:29:42",1229.6,2,manishkumarmaurya11
3187,16657887,"Yermak Petro","2026-09-18 15:34:51",1229.2,2,yermakpetro
3188,16659627,"Lam Dang","2026-09-17 18:56:36",1228.6,2,lamdang
3189,16660477,SeaGoat,"2026-09-16 20:48:30",1228.6,2,vbandaru
3190,16741551,"Vedant Tiwari","2026-09-02 20:48:05",1228.5,2,vedant7312
3191,16626655,"Surya milenial","2026-08-30 08:21:22",1227.9,2,suryamilenial
3192,16718956,hassan,"2026-09-01 16:14:25",1227.2,2,hasankhhan
3193,16806048,duck_raccooon,"2026-09-02 15:03:04",1226.9,2,duckraccooon
3194,16757418,Janus,"2026-09-18 23:46:55",1226.6,2,khaled1alhasan
3195,16798544,esprit,"2026-08-31 23:47:56",1225.8,1,takuji
3196,16795391,MECHINE,"2026-09-01 03:05:47",1224.6,2,nainglinwai
3197,16716613,Arvin,"2026-09-08 01:18:15",1224.1,2,chesterx
3198,16821542,"Hıdır BozkurtT","2026-09-15 16:56:04",1223.3,2,hdrbozkurtt
3199,16757704,Faustine,"2026-09-10 12:37:00",1223.2,2,faustine649
3200,16632708,__Taichicchi__,"2026-09-17 02:18:01",1223.0,2,hutch1221
3201,16758279,"GO HIROSHIMA 2","2026-08-29 02:51:47",1222.3,2,gohiroshima2
3202,16793287,"Kim Jinseo","2026-08-30 13:47:02",1221.8,2,kimjinseo1
3203,16822745,Jetpack,"2026-09-18 17:14:08",1221.7,2,"m1ngch1,victorye04"
3204,16760656,CharTFboy,"2026-08-24 09:19:37",1221.4,2,chartfboy
3205,16760158,"apple farmer","2026-08-30 01:15:01",1221.2,2,gustavoknudsen
3206,16670527,"Balram Gupta","2026-09-18 05:06:28",1221.1,2,"akankshaparab,bg28898"
3207,16638019,Randynho,"2026-09-15 16:13:30",1220.6,2,randynho
3208,16771361,"It's Ratcha","2026-09-07 18:59:25",1220.5,2,itsratcha
3209,16841061,"Artin yzn","2026-09-09 12:20:47",1220.4,2,artinyzn
3210,16921670,k256.dev,"2026-09-18 18:53:54",1220.0,2,k256net
3211,16768143,KingDellaFarm,"2026-09-02 12:49:02",1220.0,2,"alessandrodestasi,disteroas"
3212,16771843,"Surekha Ramireddy","2026-09-01 15:34:18",1219.6,2,surekharamireddy
3213,16730705,chris,"2026-09-18 01:18:51",1219.6,2,chris62
3214,16637458,OlivierS,"2026-09-09 03:41:58",1219.5,2,oliviers
3215,16660121,10pi,"2026-09-02 01:21:07",1219.4,2,meredith10pi
3216,16653260,"Kadouci Abdelhak","2026-08-29 00:16:50",1218.6,2,kadouciabdelhak
3217,16793106,"Пал Лаич","2026-08-30 12:45:34",1217.8,1,skypunkaudiowalker
3218,16655381,"Varshith K","2026-09-10 22:42:07",1217.7,2,var3604
3219,16623856,aowhite,"2026-09-03 06:12:31",1217.6,2,brandnewyork
3220,16762537,Controlvector,"2026-08-25 08:28:11",1216.2,2,"controlvector,yxdu01"
3221,16748647,"Adar Cohen","2026-08-24 21:27:43",1215.3,2,adarcohen
3222,16768676,Doit,"2026-08-25 02:09:47",1214.6,1,aifccnb
3223,16654196,"Aryaman Chokhani","2026-08-31 06:30:01",1214.5,2,"aryamanchokhani,pranrocky"
3224,16795041,"Denis Revenko","2026-09-01 13:02:36",1214.3,2,denizzko
3225,16757384,straw_Yu,"2026-09-09 01:41:11",1213.4,2,strawyu
3226,16794841,thisArmin,"2026-08-31 04:29:30",1213.1,1,thisarmin
3227,16641982,ZotAZaw3,"2026-08-28 09:43:47",1213.0,2,zotazaw3
3228,16766941,"S Kim","2026-09-10 22:16:57",1212.9,2,sunnyk92
3229,16756630,Shreyas,"2026-08-30 09:58:08",1212.6,2,shreyasdongre25
3230,16774475,LoveB4Sunrise,"2026-09-01 04:42:09",1212.3,2,demacia1314
3231,16677252,カワシギ,"2026-09-03 05:11:27",1212.3,2,kawashigi
3232,16725564,NoPlanB,"2026-09-17 02:57:18",1211.6,2,kduncanrobertson
3233,16702590,"Aashka Kapadia","2026-09-17 07:51:18",1211.5,2,aashka
3234,16756633,TheDanKing,"2026-08-31 05:49:23",1210.6,2,thedanking
3235,16790391,"Kevin Cao","2026-08-29 13:38:03",1210.5,1,kevincao2
3236,16694138,Alex,"2026-09-18 16:42:39",1210.3,2,alex789
3237,16854250,"Jenil Emp","2026-09-15 13:36:48",1210.2,2,jenilemp
3238,16672468,ComposeMage,"2026-09-08 01:51:40",1209.8,2,composemage
3239,16823626,Korokke3,"2026-09-13 14:08:54",1209.6,2,korokke3
3240,16709115,"PARK HYUNSIK","2026-08-26 01:51:31",1209.1,2,hyunsikpark
3241,16753515,"Yosif EL-Rammaal","2026-08-25 16:57:09",1208.8,2,yosifelrammaal
3242,16759250,"Harsh Jain","2026-08-28 06:55:29",1207.3,2,harshjain123
3243,16771457,"HK Fama","2026-09-05 17:51:47",1206.8,2,kenho211
3244,16661393,"razab Bawa","2026-09-06 12:43:30",1206.8,2,razabbawa
3245,16785753,"Mizero Lucky Gall","2026-09-03 17:36:59",1206.2,2,mizeroluckygall
3246,16717665,"Christoffer Thimsen","2026-09-19 00:06:21",1205.8,2,lowasitgoes
3247,16770927,kaptaan45,"2026-08-28 08:06:32",1205.8,2,kaptaan45
3248,16662222,MinerUNLEASHED,"2026-08-24 16:28:40",1205.8,2,minerunleashed
3249,16742232,"Prema Ananda","2026-09-18 15:40:40",1204.7,2,premaananda108
3250,16783630,"fan yanbing","2026-08-30 11:33:12",1204.5,2,jackpudding
3251,16740010,"Kobe BRYANT","2026-09-18 19:40:53",1202.5,2,kobebryantjohn
3252,16729554,"JingSong Yang","2026-08-28 05:33:55",1202.4,2,jingsongyang
3253,16667147,"Daksh Bhalala","2026-08-26 06:41:04",1200.6,2,dakshbhalala
3254,16765154,dreamcxy,"2026-08-31 03:54:16",1200.5,2,dreamcxy
3255,16773170,"yy li","2026-09-17 05:25:39",1200.4,2,yangyili11
3256,16738279,zhangshuosc,"2026-08-26 05:11:57",1200.0,2,zhangshuosc
3257,16773020,HyperNeonByte,"2026-09-18 02:31:39",1200.0,2,hyperneonbyte
3258,16780317,jrcjrcjrc,"2026-09-04 06:03:51",1199.9,2,jrcjrcjrc
3259,16774410,"Rishabh Roy","2026-08-26 09:01:38",1199.9,1,rishabhr0y
3260,16696762,SOSyuki,"2026-08-31 15:37:09",1199.0,2,sosyuki
3261,16764431,"William Diment","2026-09-14 07:50:42",1199.0,2,williamdiment
3262,16686918,JustinLee,"2026-09-18 20:53:14",1198.3,2,justin2061
3263,16689266,"Oleksandr Dudnev","2026-09-09 06:14:10",1197.6,2,dantist
3264,16700771,"Disuru Coba Ama Jaki","2026-08-31 09:50:50",1197.3,2,reiiihel
3265,16691247,"Aneesh Rao","2026-08-27 17:11:07",1196.3,2,sidrao2006
3266,16706523,"Aussie lover","2026-09-04 06:20:53",1196.0,2,aussielover
3267,16662696,"Cengizhan Tümer","2026-08-31 20:54:21",1195.1,2,cengizhantmer
3268,16755921,"Natnael Yerga","2026-08-24 16:43:22",1194.1,2,natnaelyerga
3269,16852043,"pig da","2026-09-08 05:32:31",1194.0,2,qijunjie
3270,16778019,Mr.Frundles,"2026-09-03 02:21:58",1193.9,2,watehell
3271,16669403,mrgrishninsb,"2026-09-13 13:22:10",1193.8,2,mrgrishninsb
3272,16661304,"Jonathan Roy","2026-09-14 17:05:57",1193.7,2,jonathanroy7
3273,16698340,"Yanxi Jiang","2026-08-26 03:24:55",1193.2,2,yanxijiang
3274,16709872,"Tim McGarvey","2026-09-18 18:20:29",1193.0,2,timmcgarvey
3275,16853131,"Awesome Egg","2026-09-10 07:27:41",1192.0,2,newegg
3276,16734699,PangMinShih,"2026-08-28 08:39:27",1191.8,2,shihbonbon
3277,16668756,"Clark Kitchen","2026-09-09 00:54:50",1191.5,2,clarkkitchen
3278,16729906,"Krzysztof Madziar","2026-08-28 05:05:13",1191.4,2,krzysztofmadziar
3279,16770397,Ryu,"2026-09-03 20:15:16",1191.0,2,bexultanashenov
3280,16856449,Sting,"2026-09-16 17:12:20",1190.3,2,sarlnovax
3281,16796980,ChenyuBaii,"2026-09-11 09:56:01",1189.9,2,chenyubaii
3282,16707453,"Kaan Dınız","2026-08-28 09:11:10",1189.8,2,kaandnz
3283,16760509,"gnanadeepika karanam","2026-09-18 15:53:30",1189.4,2,gnanadeepikakaranam
3284,16802775," SonSheungmin","2026-09-03 06:55:03",1189.3,2,sonsheungmin
3285,16761788,"Corenthin Buffard","2026-08-26 13:16:28",1188.4,2,cbuffard
3286,16670999,Maksonch1k,"2026-08-28 23:01:42",1188.0,2,maksonch1k
3287,16784611,sardarkhanyadav,"2026-08-28 16:45:33",1187.8,2,sardarkhanyadav
3288,16689274,Anyeson,"2026-09-18 12:04:00",1187.7,2,anyeson
3289,16769028,"Rishabh Yadav","2026-09-17 01:59:59",1187.3,2,riishabhhh
3290,16692744,"VAIBHAV RASTOGI 90","2026-09-03 23:43:33",1186.0,2,vaibhavrastogi90
3291,16635029,"Oleg Melnik","2026-09-17 16:28:52",1185.8,2,olegmelnik
3292,16811502,"Avi Porath","2026-09-14 04:33:01",1185.7,2,aviporath
3293,16891008,"Golubev Alexander","2026-09-18 17:20:07",1185.6,2,golubevalexander
3294,16838736,"kauan cassiano","2026-09-05 06:42:48",1185.3,1,kauancassiano
3295,16685450,Nadeem,"2026-08-25 09:21:14",1184.7,2,nadeembinshajahan
3296,16658280,"Hemanth Reddy Katta","2026-09-14 22:15:43",1184.3,2,hemanthreddykatta
3297,16775443,NoName,"2026-09-04 23:49:43",1184.2,2,thesonalsingh
3298,16671476,"Mingkang YAN","2026-08-26 08:13:57",1183.2,2,mingkangyan
3299,16745416,yamato035073,"2026-08-30 22:24:34",1183.2,2,yamato035073
3300,16755244,SZU蓝心,"2026-09-01 11:50:45",1182.9,2,jiazhanliu
3301,16733708,RyanHo,"2026-08-29 03:59:12",1182.8,2,ryanrx
3302,16634153,AnpAn_Men,"2026-08-29 19:47:31",1182.3,2,anpanmen
3303,16863344,masat,"2026-09-09 23:46:30",1181.9,1,masatttt
3304,16665753,"Mansour A. S. Ataa","2026-08-26 10:28:34",1181.4,2,profmansoor
3305,16764206,yanjixiang,"2026-08-25 11:37:34",1181.0,2,yanjixiang
3306,16782193,nal_nh906,"2026-09-02 01:42:32",1180.5,2,hhan09
3307,16689569,JovanaLab,"2026-08-27 22:43:51",1180.5,2,"choonesenlu,joxitsai"
3308,16753194,"Saicharan Ramineni","2026-08-26 19:33:02",1180.5,2,godlydonuts
3309,16770998,ket,"2026-08-31 22:14:53",1179.9,2,kentken
3310,16729225,"Aayush Sigdel","2026-09-03 15:47:50",1179.0,2,aayushsigdel
3311,16627472,CloverFarm,"2026-09-08 13:23:55",1178.5,2,ljs2546
3312,16752121,adhsdrtjh,"2026-08-23 15:02:25",1177.7,2,adhsdrtjh
3313,16759058,Miz,"2026-09-17 08:22:50",1177.6,2,ryota040
3314,16844154,シュークリーム,"2026-09-07 03:31:45",1176.4,2,syucream
3315,16727214,"Jaivardhan Raahi","2026-09-04 05:49:08",1175.9,2,jaivardhanraahi
3316,16778358,"Lê Nguyễn Việt Cường","2026-08-28 03:46:51",1175.8,2,lengvietcuong
3317,16790233,"prateek chandra","2026-08-30 15:55:55",1175.5,2,prateekchandra7005
3318,16774129,"Chen Audrey","2026-09-04 13:38:19",1175.3,2,chenaudrey
3319,16738895,SangGold,"2026-09-13 09:18:56",1175.1,2,sanggold
3320,16726547,"Ezra Kho","2026-08-28 04:04:46",1174.9,2,ezrakho
3321,16741826,StackKnight,"2026-08-28 02:12:12",1174.7,2,stackknight
3322,16635681,"Shubham Phapale","2026-09-05 12:46:36",1174.7,2,shubhamphapale
3323,16655255,MalelizarazoP,"2026-08-26 13:34:53",1174.0,2,malelizarazop
3324,16748907,EdwardHwang@123,"2026-08-24 15:32:00",1173.8,2,edwardhwang123
3325,16664537,"Lenin Goud","2026-08-27 01:07:37",1173.5,2,leningoud
3326,16782227,"chen yue li","2026-09-03 01:34:30",1173.5,2,yueelc
3327,16775771,"Ewia Tng","2026-09-09 04:57:46",1173.4,2,ewiatng
3328,16622627,"Erik van de Ven","2026-09-07 13:01:31",1173.3,2,erikvdven
3329,16621497,"Victor @ Tufa Labs","2026-08-26 20:41:50",1172.7,2,vmerckle
3330,16879133,xiepengo,"2026-09-13 14:05:18",1172.7,2,xiepengo
3331,16712432,hengck23,"2026-08-25 17:58:30",1172.6,2,hengck23
3332,16848720,嘎达嘎达,"2026-09-08 07:39:07",1172.4,1,eggyeggygggy
3333,16712714,MiMi,"2026-08-31 08:39:16",1171.4,2,"frank0921,rickytsou"
3334,16842071,buddyY26,"2026-09-07 13:06:08",1171.0,2,buddyy26
3335,16740392,"Amey Thakur","2026-08-25 12:01:41",1170.5,2,ameythakur20
3336,16630711,"Aleks Lviv","2026-08-30 11:46:50",1170.4,2,alekslviv
3337,16762139,AltriaE,"2026-08-25 15:27:52",1169.6,2,altriae
3338,16753125,"Rudransh Singh Rathore","2026-08-26 03:10:23",1169.3,2,rudranshsinghrathore
3339,16763274,vinceybb,"2026-09-10 23:56:06",1169.0,2,vinceybb
3340,16662651,CoatiAI,"2026-09-16 11:06:40",1168.9,2,gjhordan
3341,16745499,"lurs lurs","2026-08-29 02:02:15",1168.6,2,lurslurs
3342,16758791,"qw yi123","2026-09-10 08:06:11",1168.6,2,qwyi123
3343,16778808,"Candace Dudleson","2026-08-31 23:19:12",1168.4,2,candacedudleson
3344,16764738,Lucasty,"2026-08-25 07:04:36",1168.2,2,lucaswty
3345,16666195,"Yihan Guo","2026-08-28 08:44:06",1167.8,2,yihanguo
3346,16769082,"Little Xi","2026-08-26 03:31:32",1167.8,2,littlexi0
3347,16692443,xmkevin2004,"2026-09-08 15:10:46",1167.4,2,xmkevin2004
3348,16778489,dataWr3cker,"2026-08-28 20:40:52",1167.2,2,gourabr0y555
3349,16791549,"Eugenio Schiavoni","2026-08-31 19:14:40",1166.3,2,eugeniokukes
3350,16744905,"Nator X","2026-08-26 22:15:29",1166.0,2,natorx
3351,16675777,"Ml BOY","2026-09-07 18:15:38",1166.0,2,mlboy1
3352,16693663,"YoungCheol Son","2026-08-27 00:51:34",1165.7,2,sonyc5720
3353,16738626,李BCDEFGA,"2026-08-25 06:55:39",1165.7,2,bcdefga
3354,16654526,"Jin Niu","2026-08-26 18:25:33",1165.4,2,gufanmingmie
3355,16673881,"Sebastian Johansson","2026-09-15 08:15:02",1165.2,2,sebbejohansson
3356,16664002,"Guilherme Zanini de Sá","2026-09-18 04:00:21",1165.1,2,guilhermezaninides
3357,16732586,Juniex,"2026-09-09 22:25:54",1165.0,2,juniex
3358,16706185,"Bab Kek","2026-08-25 21:04:53",1164.6,2,babkek
3359,16748000,"Rohit Raj Singh","2026-09-15 13:50:22",1164.6,2,rohitrajsingh555
3360,16838843,"qiu ji123","2026-09-12 02:58:46",1163.9,2,qiuji123
3361,16716549,notoverkil,"2026-08-28 08:16:38",1163.8,2,notoverkil
3362,16670883,G*Sim,"2026-08-28 07:55:59",1162.5,2,guillaumesimiand
3363,16805870,"Ngo Trung","2026-09-12 17:12:53",1162.4,2,trungngotdt
3364,16666165,ChrisLeiteScha,"2026-08-24 15:20:36",1162.2,2,chrisleitescha
3365,16800775,SunSeeker染汐,"2026-09-01 16:47:33",1161.8,2,sunseekerrx
3366,16666468,"J Penman","2026-09-09 07:04:10",1161.8,2,jpenman
3367,16807054,"JSU xiaopoche","2026-09-03 06:35:02",1161.4,1,xhmuvw
3368,16773320,kaka,"2026-09-17 08:53:18",1161.3,2,kakawin
3369,16672202,HealthStone,"2026-08-29 21:04:07",1161.3,2,healthstone
3370,16769116,qiuqiu,"2026-09-11 13:33:23",1161.3,2,qiuqiuh
3371,16752733,zjukop1,"2026-08-25 03:29:28",1160.6,2,zjukop1
3372,16844343,"Gotovtsev Artyom","2026-09-18 20:30:04",1160.3,2,artemgotovtsev
3373,16763437,"⸻AgentZZ ⸻","2026-08-23 20:47:44",1160.3,1,agentzz
3374,16763813,Sydney,"2026-09-10 21:54:55",1160.2,2,n3yan7
3375,16768955,Hunedjekdsfkd,"2026-08-25 03:56:30",1160.2,1,hunedjekdsfkd
3376,16623736,Garigariyong,"2026-09-01 04:31:17",1160.1,2,garigariyong
3377,16728774,あなまか,"2026-09-12 13:08:44",1159.1,2,arakish
3378,16830753,"youyi li","2026-09-06 02:50:01",1158.6,2,liyouyi
3379,16674310,"Ayaz Ahmed Kazi","2026-08-29 18:49:13",1157.6,2,ayazahmedkazi
3380,16793261,Von_Feynman,"2026-08-30 13:35:43",1157.5,1,terrenceluo1017
3381,16759075,"Michael Day","2026-08-24 10:38:52",1157.3,2,michaelday99
3382,16779007,"Teoh jia sheng","2026-09-18 15:22:06",1157.2,2,"nathanael19,teohjiasheng"
3383,16770299,"أحمد فهد الربيش","2026-08-25 09:55:13",1157.1,2,ghr111
3384,16630516,"Seb (allegedly)","2026-09-09 09:22:48",1156.9,2,sebmallia
3385,16758634,Ernnnn4u,"2026-08-24 17:00:46",1156.1,2,ernnnn4u
3386,16740159,CY,"2026-09-05 09:33:08",1156.1,2,aimeny
3387,16713007,"Jerry Hwa","2026-08-23 12:20:13",1155.1,2,"jerryhwa,richarrdyu"
3388,16704603,Tmaxxer,"2026-08-28 14:45:38",1154.9,2,tmaxxer
3389,16725304,"Alexandru A","2026-08-29 07:34:25",1154.4,2,alexandrua01
3390,16736138,Anand,"2026-08-21 06:00:12",1154.2,2,gazzal
3391,16904612,"Naveen Reddie","2026-09-18 04:19:28",1152.5,2,naveenreddie
3392,16664683,"Halapeño Farms","2026-09-14 00:35:12",1151.9,2,haladaj
3393,16848207,vlad,"2026-09-15 11:56:09",1151.8,2,khizanov
3394,16724228,LSS0334,"2026-08-26 00:15:54",1151.7,2,lss0334
3395,16657032,"Ayaan Ghosh","2026-09-18 14:20:22",1151.0,2,ayan9001
3396,16665337,BHackers,"2026-08-26 17:13:11",1150.9,2,clarencepagaduan
3397,16684994,"Katasonov Evgeny","2026-08-30 01:39:34",1150.8,2,katasonoveugene
3398,16832186,"Noah Öksüz","2026-09-15 13:38:56",1150.3,2,noahksz
3399,16662041,"Sarah Ng","2026-09-18 09:45:46",1149.3,2,thunguyen1510
3400,16713771,bndang,"2026-09-18 21:20:48",1149.2,2,bndang
3401,16630323,kaggricultureomnidimensionalut,"2026-08-28 10:51:28",1148.6,2,kumarandatascientist
3402,16709824,pizzahut,"2026-09-17 22:33:20",1148.4,2,csalazoltntams
3403,16722731,"E&M Pioneer","2026-08-30 11:18:55",1147.7,2,hzq2004
3404,16657553,graceyunliu,"2026-09-16 02:43:23",1147.6,2,graceyunliu
3405,16746632,tingyu516,"2026-08-24 06:05:33",1147.2,2,tingyu516
3406,16844277,"Akash Chanran","2026-09-09 16:48:32",1147.2,2,"akashchanran,shruti9345"
3407,16844148,Ethereal49,"2026-09-11 04:17:57",1147.2,2,ethereal49
3408,16675704,reeemii,"2026-08-26 08:51:15",1147.2,2,reeemii
3409,16660492,"Deven Bagul","2026-08-29 11:56:30",1147.1,2,devenbagul
3410,16733932,"Jasper Turnidge","2026-08-24 06:36:23",1147.1,2,jasperturnidge
3411,16725432,Ezra,"2026-09-10 21:42:30",1146.6,2,ezberch
3412,16758152,MiguelLFCG,"2026-08-30 11:20:49",1146.3,2,miguellfcg
3413,16691154,UnknownRobi,"2026-08-31 22:50:27",1146.1,2,canrobichaud
3414,16761019,"yiwen hou","2026-08-25 14:48:43",1146.0,2,hevenhina
3415,16639796,rmizuta,"2026-08-28 15:07:43",1145.8,2,rmizuta
3416,16716081,"dunky su","2026-08-23 06:36:50",1145.1,2,dunkysu
3417,16727529,윤영일,"2026-09-10 14:44:20",1144.6,2,iongil
3418,16695695,"Siva Kumar","2026-09-18 12:21:07",1144.5,2,sivapnlr80
3419,16742267,chandora,"2026-09-08 11:13:06",1144.5,2,chandora
3420,16658245,ziliangCok,"2026-08-28 16:08:13",1144.2,2,ziliangcok
3421,16726011,"Dawid Fleischer","2026-08-25 18:37:25",1144.1,2,dawidfleischer
3422,16677577,"Harsha Vardhan Konisa","2026-09-13 17:33:53",1142.9,2,harshavardhankonisa
3423,16762940,"Davide Andreolli","2026-09-06 09:20:28",1140.9,2,davideandreolli
3424,16723991,"James Holland","2026-08-17 01:40:17",1140.5,2,jkhollandjr
3425,16716930,"Direc M","2026-08-31 04:54:06",1140.2,2,direcm
3426,16767625,"Saurabh Yadav","2026-08-24 17:56:22",1140.0,1,saurabhyadav1305
3427,16737843,"Muhammad Shoaib Memon","2026-08-23 19:52:52",1139.2,2,muhammadshoaibmemon
3428,16664379,N_Matsumoto24,"2026-09-02 08:17:44",1138.5,2,nmatsumoto24
3429,16726281,rperez04,"2026-08-22 23:15:13",1138.4,2,rperez04
3430,16732851,chenry2003,"2026-08-24 02:27:53",1138.2,2,chenry2003
3431,16693193,"Efrain Garay","2026-09-04 20:55:13",1138.1,2,efraingaray7
3432,16738657,Mactorr,"2026-09-02 22:44:15",1137.9,2,mactorr
3433,16763444,"crazy achiever","2026-08-28 18:51:13",1137.7,2,crazyachiever
3434,16757566,"Ankit Kumar","2026-08-23 12:03:53",1137.5,2,imankit57
3435,16743216,xerkey,"2026-09-08 13:52:41",1137.3,2,xerkey
3436,16688907,青烟,"2026-08-24 12:39:28",1136.4,2,"imagine4391,mortal4416"
3437,16692038,CodeHacker,"2026-09-15 14:53:16",1136.4,2,junhanzangai
3438,16737057,Wiz,"2026-08-24 03:15:13",1136.3,2,williamzhou001
3439,16685342,"Kanth Da","2026-09-09 14:24:45",1136.0,2,"kanthda,riteeshreddybysani"
3440,16742228,"bangqun ZHAO","2026-08-27 05:20:56",1136.0,2,bangqunzhao
3441,16786013,sakarush,"2026-09-02 13:17:42",1135.6,2,sakarush
3442,16847725,SOLUCIENCE,"2026-09-18 11:30:27",1135.6,2,solucience
3443,16735232,"Johnson Chishimba","2026-09-03 04:13:50",1134.6,2,johnsonchishimba
3444,16779780,SiVitr2fDrXS.2N,"2026-08-30 15:06:17",1134.4,2,sivitr2fdrxs2n
3445,16730320,Rosebuddychomp,"2026-09-12 07:54:11",1134.2,2,rishabhshetye
3446,16666578,STRAF,"2026-08-23 23:07:25",1133.8,2,nikosstraf
3447,16753831,zhangjiaweii,"2026-09-04 07:26:21",1133.7,2,zhangjiaweii
3448,16666054,Ani,"2026-09-04 21:33:20",1133.1,2,anirudhk333
3449,16662819,THeLAB,"2026-08-17 18:55:16",1133.0,2,feuorme
3450,16659972,"Pelamovic ","2026-08-25 18:03:34",1133.0,2,pelamovic
3451,16855492,"Matin Urdu","2026-09-18 21:52:56",1132.3,2,matinurdu
3452,16727784,Baen,"2026-08-24 06:44:33",1132.3,2,cairh22
3453,16711608,"Thomas Greissler","2026-08-24 00:01:46",1132.2,2,thomasg22202020
3454,16766320,vp_mass,"2026-08-25 20:19:08",1132.2,2,vpmass
3455,16754086,Beenvvv,"2026-08-25 05:57:29",1132.1,2,beenvvv
3456,16845582,"Julio Cesar Filho","2026-09-08 06:10:03",1132.1,2,juliocesarfilho
3457,16654662,"2/3 rounded to two decimals","2026-08-22 00:36:50",1131.7,2,rnold2
3458,16690308,"Fatima Sarhan","2026-09-15 16:52:37",1131.3,2,fatimasarhan
3459,16738721,"Luan Kunyu","2026-09-04 07:05:21",1131.2,2,luankunyu
3460,16782984,crinoid,"2026-09-02 10:59:06",1130.9,2,takemi
3461,16654091,webmaking,"2026-08-19 05:28:56",1130.8,2,webmaking
3462,16861578,Markura,"2026-09-14 11:07:06",1130.5,2,markura
3463,16755071,"Varun Rao","2026-08-26 18:46:59",1130.3,2,varunraosfanlkan
3464,16708965,"Witold Dziurdz","2026-08-23 16:33:47",1129.3,2,witolddziurdz
3465,16863329,"Alvaro Mendizabal","2026-09-18 23:11:07",1129.3,2,alvaromendizabal
3466,16782196,"jingyang tu","2026-09-01 01:49:08",1128.6,2,jingyangtu
3467,16743136,unhappy,"2026-09-18 15:47:25",1128.5,2,chenyahui123
3468,16875537,HeIIo.Darkness,"2026-09-13 23:22:12",1128.5,2,heiiodarkness
3469,16870431,"Adam Brink","2026-09-11 11:09:17",1127.3,2,adambrink
3470,16664566,"Lormann ","2026-08-23 06:24:29",1126.8,2,lormann
3471,16675655,TrebolNoir_,"2026-09-01 12:59:42",1126.7,2,trebolnoir
3472,16757903,"Om Singh","2026-08-27 07:05:06",1126.7,1,spoilyfrog
3473,16692272,Ddere008,"2026-08-21 18:43:56",1125.9,2,ddere008
3474,16709246,"Tariku Mehdi","2026-09-03 00:25:56",1125.3,2,tarikumehdi
3475,16846297,"Zihan Ni","2026-09-07 08:06:53",1125.3,2,lunangai
3476,16886319,novacryptic,"2026-09-13 12:37:51",1125.2,2,novacryptic
3477,16658983,"Titi Huang","2026-09-13 08:28:29",1124.4,2,titihuang
3478,16765313,Hosuke,"2026-09-01 04:19:31",1124.1,1,hosuke
3479,16771994,"Jaden Tang","2026-09-15 09:28:23",1123.7,2,"aayanshah,jadentang17"
3480,16784133,"HASNAIN HAIDER","2026-09-01 17:02:27",1123.5,2,techzero
3481,16664232,"Eddy Despradel","2026-09-01 23:58:35",1123.1,2,eddydespradel
3482,16670659,saumyagupta12,"2026-09-07 11:24:23",1122.8,2,saumyagupta12
3483,16675610,"Srikar Medisetti","2026-08-30 12:06:25",1122.8,2,deathaunter
3484,16748933,Lixrixy,"2026-08-26 06:11:03",1122.8,2,lixrixy
3485,16621741,"Andrey Naymushin","2026-08-24 09:46:41",1122.7,2,andrewsokolovsky
3486,16661772,R3ddrag0n,"2026-09-02 19:43:09",1122.5,2,r3ddrag0n
3487,16707193,"radji kraim","2026-08-26 11:53:17",1122.5,2,radjikraim
3488,16764545,ArX,"2026-08-24 09:44:45",1122.0,2,arx1993
3489,16675161,iVl44d,"2026-09-18 10:54:18",1121.7,2,ivl44d
3490,16732104,sizumita,"2026-09-12 01:21:14",1121.5,2,sizumita
3491,16740399,"Lynn Pigott","2026-08-24 03:32:08",1121.4,2,lynnpigott
3492,16664477,"The T-MAN","2026-08-26 18:51:40",1121.4,2,otmaneelmahda
3493,16729273,"Munib Ur Rehman Memon","2026-08-24 20:48:08",1121.3,2,muniburrehmanmemon
3494,16876214,Yunfei_Z,"2026-09-17 16:32:21",1120.5,1,zhaoyunfei
3495,16870452,SakuraSSS,"2026-09-17 20:47:12",1120.4,2,sakurasss
3496,16677592,keniii,"2026-08-25 00:29:31",1120.4,2,kartheeswaran28
3497,16870771,wangxt1,"2026-09-11 06:19:14",1119.8,2,wangxt1
3498,16746112,"Jonathan Martschinke","2026-08-24 08:52:51",1119.8,2,jonathanmartschinke
3499,16794205,"kiwi apple","2026-09-01 18:56:25",1119.5,2,kiwiapple
3500,16725441,lemon1219,"2026-08-21 15:37:35",1119.4,2,lemon1219
3501,16709203,Ayush_Patel,"2026-08-25 03:34:12",1118.5,2,ayushpatel1305
3502,16732446,"Nuri DUDAK","2026-08-29 09:00:59",1118.4,2,nuridudak
3503,16793229,"Waseem Mushtaq","2026-08-30 13:38:14",1117.9,1,waseemmushtaq045
3504,16743904,minamoto,"2026-08-25 16:53:16",1117.6,2,usermina
3505,16841296,Flesymevoli,"2026-09-06 08:49:58",1117.1,2,flesymevoli
3506,16735341,Ryui68925,"2026-08-24 16:22:30",1116.9,2,ryui68925
3507,16778417,"TANG BUDU 19SD195","2026-09-06 21:01:57",1116.7,2,tangbudu19sd195
3508,16730706,flaty,"2026-09-06 07:05:52",1116.4,2,flat831
3509,16683193,Paami,"2026-08-24 01:21:00",1116.2,2,coldpaami
3510,16739898,"solo levelling","2026-08-18 21:08:16",1116.0,2,munibmemon
3511,16663767,"Tommy Mancino","2026-08-31 23:03:57",1116.0,2,tommymancino
3512,16779275,XuetingWang,"2026-09-01 08:50:53",1115.8,2,snoopy262
3513,16759705,2nod,"2026-08-23 03:42:04",1115.8,2,tsunoten
3514,16691506,Dipak_ISM,"2026-08-29 13:07:18",1115.1,2,dipakism
3515,16828844,"SHOUHEI IKEDA","2026-09-06 23:29:56",1115.1,2,shouheiikeda
3516,16720720,道海孤舟,"2026-08-21 06:59:41",1114.9,2,unseenanch
3517,16715579,Uvais,"2026-08-24 00:58:56",1114.9,2,joshuaedwinjacobv24f
3518,16725335,"Chris #2","2026-08-29 15:32:47",1114.6,2,kagglecompetechris
3519,16638177,stpete_ishii,"2026-08-30 05:35:41",1114.6,2,stpeteishii
3520,16675486,"SALAH ELDIN ELNABARAWY","2026-08-18 21:17:22",1114.2,2,salaheldinelnabarawy
3521,16771277,zhaowenyi7,"2026-08-31 09:18:04",1114.1,2,zhaowenyi7
3522,16822583,"TA ME CHEM","2026-09-13 09:26:11",1113.9,1,tamechem
3523,16744127,Faiz,"2026-08-21 20:33:33",1113.9,2,souraditya26
3524,16689697,Kmart0112,"2026-09-15 13:52:01",1113.8,2,kmart0112
3525,16654021,"Swachhith B","2026-08-24 08:40:04",1113.8,2,swachhithb
3526,16719262,sadjeen00,"2026-08-14 02:15:50",1113.6,1,sadjeen00
3527,16675905,HydFarms,"2026-08-30 11:22:11",1113.1,2,"kumaramar,ronithjaju,shiveshcgatech,vidhishah115"
3528,16795086,Leroll,"2026-09-01 01:54:12",1113.1,2,leroll
3529,16635668,"Mirza Yasir Abdullah Baig","2026-08-21 14:13:17",1112.9,2,myab07
3530,16732654,Goated_Farmers,"2026-08-23 17:09:50",1112.7,2,"mugundhjb,srinathduvvuri"
3531,16664573,AdhithyaRokhith,"2026-08-22 20:34:38",1112.4,2,adhithyarokhith
3532,16656394,"Pushkar K.G","2026-08-18 09:29:08",1112.1,2,dejokz
3533,16662051,"Salem Ali","2026-08-26 07:57:33",1112.0,2,salemali7
3534,16736250,Yizhi,"2026-08-31 06:03:48",1111.7,2,yizhitao
3535,16745312,"Alexie Huynh","2026-08-22 08:27:27",1111.0,1,alexiehuynh
3536,16729640,"Наталья Скляр","2026-08-21 18:11:07",1110.8,2,natsklyar
3537,16845965,Oldplaykid,"2026-09-18 02:51:50",1110.8,2,"tonf3195,zerethon"
3538,16685074,"Emir Can","2026-08-30 20:16:36",1110.3,2,aerospacer
3539,16840001,agheieff,"2026-09-05 13:16:29",1110.1,1,agheieff
3540,16713267,"yq l68135","2026-08-21 21:35:52",1110.1,2,yql68135
3541,16655195,Pirhosseinlou,"2026-08-24 18:17:43",1109.2,2,pirhosseinlou
3542,16712185,"Vishal Khomane","2026-09-02 15:32:38",1109.0,2,vishal567
3543,16689601,"Prathmesh Adsod","2026-08-18 03:55:13",1108.7,2,prathmeshadsod
3544,16663445,"ali dzaki","2026-09-13 14:59:25",1108.6,2,alidzaki
3545,16754560,Kam,"2026-08-21 14:02:39",1108.5,1,kamting
3546,16738745,"Anh Quân","2026-08-24 13:41:30",1108.3,2,qunanh
3547,16725403,tabetai28,"2026-08-18 14:38:57",1108.3,2,taichiabewaseda
3548,16666665,Team-Veraxion,"2026-08-31 08:24:24",1108.2,2,"anuragvelekat,ayushiitomar,faizmemon,hariharigandikota"
3549,16769795,"Edi Marian","2026-08-25 11:01:09",1108.2,2,edimarian
3550,16701633,"Jacob Davis","2026-08-23 15:06:50",1107.7,2,jacobtdavis
3551,16726994,bird,"2026-08-23 05:00:19",1106.2,2,whitebird
3552,16707749,Yuzu,"2026-09-04 10:22:41",1105.8,2,yuzuoctopus
3553,16753618,mushichou4,"2026-08-22 10:20:51",1105.6,2,mushichou4
3554,16655877,"Harish K","2026-08-25 19:09:49",1105.5,2,harishk2209
3555,16736685,kentaro_kato,"2026-09-12 13:34:11",1105.2,2,kentarokato
3556,16690970,"Raoul Biagioni","2026-08-22 06:37:40",1104.8,2,raoulbiagioni
3557,16660268,"Sébastien Mametz (Pixs)","2026-08-14 09:08:39",1104.6,2,sbastienmametzpixs
3558,16725342,little_d1d1,"2026-08-16 04:24:39",1104.3,2,littled1d1
3559,16729691,YinuoChen271,"2026-08-17 15:42:51",1104.2,2,yinuochen271
3560,16721453,"Random Mambo","2026-09-01 09:41:19",1104.1,2,beaten67
3561,16743016,"MD Zeeshan","2026-08-20 18:13:32",1104.1,2,makrovh
3562,16670297,"Gebreab K. Zewdie","2026-08-26 00:22:15",1103.8,2,gzewdie
3563,16728914,d0gied,"2026-08-17 15:12:08",1103.6,2,d0gied
3564,16664128,"Michael Todd Overdorf","2026-08-17 00:32:51",1103.6,2,michaeltoddoverdorf
3565,16712943,"Cesar Marcondes","2026-09-04 13:20:02",1103.5,2,cmarcond
3566,16623152,"agentic warriors","2026-08-21 08:59:44",1103.5,2,"ibadia,isabellawoo01"
3567,16732792,amaotone,"2026-08-20 14:27:36",1102.9,2,amaotone
3568,16739363,kulukkuluu,"2026-09-16 18:56:17",1102.0,2,kulukkuluu
3569,16839557,Superspork,"2026-09-08 03:25:46",1101.9,1,superspork
3570,16841536,"Berkay Hasret","2026-09-07 00:29:45",1101.7,2,berkayhasret
3571,16664762,"John Marinton","2026-09-09 06:09:18",1101.4,2,marintonjohn
3572,16710389,GuerillaMoon,"2026-08-19 22:33:46",1101.0,2,guerillamoon
3573,16666939,20237208_黄奕恺,"2026-08-22 12:53:27",1100.4,2,mrhuangyy
3574,16699772,MrAnalyst,"2026-09-05 10:43:49",1100.2,2,mranalyst
3575,16890232,"Yihan Guo #2","2026-09-18 02:40:07",1100.1,2,kagglebushswill
3576,16701362,"Papa Annan","2026-08-20 21:26:39",1100.0,2,papaannan
3577,16667843,"durgesh dere","2026-08-21 16:10:13",1099.3,2,durgeshdere08
3578,16730688,zy,"2026-08-27 07:25:40",1099.2,2,justforwin
3579,16665543,"Charan Manthena","2026-09-06 08:59:20",1099.1,2,charanmanthena
3580,16665214,Epiphany_Thu,"2026-08-21 12:06:53",1099.0,2,epiphanythu
3581,16685160,Yura,"2026-08-17 07:27:50",1098.6,2,yuratrubitsyn
3582,16778410,"uriel villegas govea","2026-08-28 00:25:47",1098.4,2,urielvillegasgovea
3583,16722319,"༺ANIS YT༻","2026-08-19 13:08:47",1098.2,2,anisyt
3584,16632777,"Alexandrine Cakpo","2026-08-20 10:20:22",1097.5,2,alexandrinecakpo
3585,16780130,与君作田,"2026-08-29 14:01:35",1097.4,2,zhaoxi1244
3586,16752018,三浦桂基,"2026-08-30 04:00:30",1097.2,2,keikipc
3587,16661362,BEETRiX🦋,"2026-08-11 14:42:28",1096.4,2,johannaleighdeley
3588,16632262,Milkomeda,"2026-08-19 13:45:02",1096.3,2,milkomeda74583
3589,16639250,"Hamed Seyed-allaei","2026-08-21 19:11:09",1096.1,2,pinocchio
3590,16738899,Grayden_Lee,"2026-08-21 11:42:07",1095.8,2,haozelii
3591,16634093,gezi,"2026-09-09 08:07:03",1095.7,2,goldenlock
3592,16661352,"Porch Goose","2026-08-21 02:52:24",1095.5,2,jaclyndeem
3593,16665352,"Paul Nassiri","2026-08-22 20:15:33",1095.3,2,laszlolevray
3594,16893654,"Arhaan Aggarwal","2026-09-18 20:37:13",1095.0,2,arhaanaggarwal2
3595,16720841,liuhc1017,"2026-09-14 12:24:08",1095.0,2,liuhc1017
3596,16716991,XristosFilip,"2026-08-18 16:43:34",1094.9,2,xristosfilip
3597,16714498,Zubekanov,"2026-08-18 01:14:49",1094.9,2,zubekanov
3598,16655501,Savko,"2026-08-21 00:33:21",1094.6,2,savchenko
3599,16655718,eveyxy,"2026-09-05 08:58:28",1094.6,2,eveyxy
3600,16680065,Vishodhan,"2026-08-14 23:46:15",1093.8,2,vishodhan
3601,16739488,Restodecoca,"2026-08-19 16:42:34",1093.8,2,restodecoca
3602,16756750,Charu,"2026-08-22 00:45:03",1093.4,2,charu13a
3603,16823751,"Tyler Knecht","2026-09-18 15:27:52",1093.3,2,tknecht
3604,16709295,"Isaac Owomugisha","2026-08-20 16:22:52",1093.2,2,cmplxxyttmt
3605,16679560,LEET,"2026-08-15 00:45:52",1093.2,2,soufianelasfar
3606,16769769,"Artur Shafiev","2026-08-29 05:29:31",1093.1,2,arturshafiev
3607,16733576,"Ojas Aklecha","2026-08-17 18:34:02",1093.0,2,ojasaklecha
3608,16725346,sokoranohimazin,"2026-08-18 19:39:07",1093.0,2,sokoranohimazin
3609,16665336,"maoyuan ma","2026-08-18 11:41:09",1093.0,2,maoyuanma
3610,16662949,"Will English","2026-08-18 17:13:22",1092.4,2,dubascudes
3611,16721070,LiuChen1350,"2026-08-26 05:30:30",1092.4,2,liuchen1350
3612,16637329,Rucbic,"2026-08-19 17:32:21",1092.4,2,rucbic
3613,16728067,"Chenzhao Li","2026-08-18 08:04:21",1092.4,2,heartquest
3614,16682471,Soumya2003,"2026-09-17 09:22:26",1092.3,2,soumya2003uyvv755
3615,16696098,Valmorlee,"2026-08-23 19:40:07",1092.1,2,valmorlee
3616,16727191,"Alexander Kokshenin","2026-08-20 02:08:15",1091.7,2,kokshenin
3617,16750457,"Adrian Ricardo da Silva","2026-08-25 11:21:43",1091.0,2,adrianricardodasilva
3618,16691946,"Hassan Algizani","2026-08-13 20:20:09",1090.7,2,hassanalgizani
3619,16683865,Shin7jp,"2026-08-14 09:51:13",1090.3,2,shin7jp
3620,16733297,sohasoha42,"2026-08-18 17:50:51",1090.0,2,sohasoha42
3621,16663240,"Rilen T. L.","2026-08-18 13:45:46",1089.9,2,"jairosilvabastos,rilentl"
3622,16675503,"Jeff Marc E. Cadet","2026-08-30 17:56:07",1089.4,2,jeffmarcecadet
3623,16716697,"Habil Tobi","2026-08-28 20:57:52",1089.2,2,habiltobi
3624,16719414,SahilKumarTolani,"2026-09-10 16:16:07",1089.2,2,sahilkumartolani
3625,16665927,"bhavya shah","2026-08-17 11:06:22",1088.9,2,bhavyashah007
3626,16668721,"Efe Can Celiksoy","2026-08-13 22:00:41",1088.8,2,efecnc
3627,16719536,"Mandy Lin","2026-08-14 03:18:29",1088.8,2,ydnamlin
3628,16721079,"six seven swag","2026-08-23 09:08:28",1088.7,2,polinababiichuk
3629,16730462,"Xiang Tang","2026-08-28 15:11:51",1088.7,2,flyonthewater
3630,16732381,Raphdraft,"2026-09-03 01:11:34",1088.4,2,raphdraft
3631,16738278,yansf677,"2026-09-01 12:24:29",1088.3,2,yansf677
3632,16724353,PrathamGupta,"2026-08-17 02:04:38",1088.3,2,prathamguptaaaaaaa
3633,16709214,"Ariel Suntasig","2026-08-17 19:46:09",1088.0,2,arielsuntasig2001
3634,16646679,tong00,"2026-08-17 12:02:11",1087.8,2,tong00
3635,16697922,TingyuanLi277,"2026-08-21 03:39:03",1087.7,2,tingyuanli277
3636,16770884,VegetabledogNeo,"2026-08-31 01:23:25",1087.1,2,vegetabledogneo
3637,16653129,"Prashanth Reddy Biyyani","2026-08-20 13:53:37",1087.1,2,"prashanthbiyyani,shivagurrala,sumu1526"
3638,16732685,Tanmay,"2026-08-23 18:16:07",1086.9,2,blankkz
3639,16695615,Celinao,"2026-08-14 08:02:47",1085.8,2,celinao
3640,16625856,takai380,"2026-09-01 02:34:05",1085.5,2,takai380
3641,16774237,"Dennis SH Lai","2026-08-30 17:21:31",1085.5,2,dshihlai
3642,16724060,"Mạnh Linh Hoàng","2026-08-15 15:54:52",1085.5,2,manhlinh1501
3643,16675873,"Zhu Liang","2026-09-18 03:26:47",1085.3,2,paradite
3644,16633222,maxingkong733,"2026-08-18 23:32:58",1085.3,2,maxingkong733
3645,16841647,patitod,"2026-09-06 01:22:09",1085.0,2,anasofaescobar
3646,16673234,MACvengers,"2026-08-19 16:34:04",1084.9,2,"astrojaswanthkumar,ikpikp"
3647,16849778,"Kim Minh","2026-09-18 19:28:12",1084.8,2,hanming14
3648,16722112,nyori,"2026-08-18 10:35:38",1084.7,2,nyoriworks
3649,16628664,"Anton Tikhonov","2026-08-17 16:05:18",1084.3,2,itwastony
3650,16659123,sd,"2026-08-18 17:46:56",1084.2,2,siddharthadevkota
3651,16736969,"york li13","2026-08-19 01:07:02",1084.2,2,yorkli13
3652,16660601,"Rabbiya affan","2026-09-17 09:55:48",1084.0,2,rabbiyaaffan
3653,16727842,"Iadh Jarray","2026-08-17 13:45:11",1083.8,2,iadhjarray
3654,16651833,"Hồ Khánh Duy","2026-08-14 17:52:23",1083.5,2,hkhnhduy
3655,16698930,MrKiwi,"2026-08-19 09:34:31",1083.4,2,mrkiwi
3656,16651672,"Xiaolei Lian","2026-08-19 03:18:04",1083.3,2,xiaoleilian
3657,16735582,"Tumaini Makena","2026-08-18 06:01:09",1082.9,1,tumainimakena
3658,16741131,"Adarsh Balanolla","2026-08-23 19:09:08",1082.6,2,adarshreddyb
3659,16713127,Felis,"2026-09-18 13:00:27",1081.9,2,ilyaafanasenko
3660,16692639,"Bharat Kumar0925","2026-09-04 19:52:25",1081.7,2,bharatkumar0925
3661,16730761,ElephtAI,"2026-09-18 23:50:05",1081.1,2,yuchengj
3662,16715506,"Moo Point","2026-08-17 21:44:26",1081.0,2,"gnarlycow,tianmeiwang"
3663,16674684,next-best-agent,"2026-08-17 15:28:53",1080.9,2,"minhduy13ly,tdtu981"
3664,16742048,SuperGiantLam,"2026-08-25 02:08:17",1080.7,2,zptpsz
3665,16715244,uri_kkyhr,"2026-08-15 04:53:37",1080.4,2,urikkyhr
3666,16653379,"Asakawa Ruriko","2026-08-30 00:31:08",1080.2,2,asakawaruriko
3667,16632164,"Tim Shini","2026-08-30 18:04:29",1080.2,2,timshini
3668,16765215,"arlenjim ","2026-08-24 19:32:48",1080.1,2,arlenjim
3669,16790548,"Francesco Del Sesto","2026-08-31 10:47:27",1079.4,2,francescodelsesto
3670,16722330,"Jean-Louis Roy","2026-08-31 07:44:08",1079.4,2,jeanjean111
3671,16759813,tyf_scu,"2026-08-23 17:11:18",1079.2,2,tyfscu
3672,16724351,"Luxshan Thavarasa","2026-08-24 09:58:38",1079.0,2,luxluxshan
3673,16696607,"Manish modak","2026-08-16 07:37:54",1078.7,2,manishmodak
3674,16764422,"ong bee","2026-09-09 02:25:57",1078.4,2,ongbee
3675,16664120,SaiDuttaAbhishekDash,"2026-08-21 20:30:01",1078.0,2,saiduttaabhishekdash
3676,16743124,"Leo's Demiurge","2026-09-08 15:06:04",1078.0,2,jelurge
3677,16720088,"Oiti Roy","2026-08-14 06:26:04",1077.9,1,oitiroy
3678,16743790,"yuji y","2026-08-28 10:53:06",1077.9,2,yujiyyy
3679,16728901,dqvide,"2026-08-17 19:53:39",1077.2,2,dqvide
3680,16678872,ibrahim,"2026-08-17 19:30:32",1077.1,2,skyfish77
3681,16698884,VVVoyager,"2026-08-14 03:55:10",1076.9,2,"haoxuanshan,hengnui"
3682,16715319,ocha_heaven,"2026-08-19 13:10:14",1076.9,2,ochaheaven
3683,16705907,Adrià,"2026-09-11 10:14:39",1076.7,2,adriamb3
3684,16621163,john,"2026-08-16 14:06:25",1076.6,2,jaejohn
3685,16709529,alhlbx5,"2026-09-03 22:48:54",1076.6,2,alhlbx5
3686,16722120,nekoha,"2026-08-15 15:01:16",1076.5,2,nekoha
3687,16901814,pengurei,"2026-09-18 23:45:09",1076.0,2,pengurei
3688,16726071,"PDF ULTRA","2026-08-20 19:36:33",1075.6,2,"alengevorgyan,gab0yan"
3689,16667324,"Muhammed selim Bilic","2026-08-26 17:02:17",1075.4,2,muhammedselimbilic
3690,16701868,AJ,"2026-09-09 20:53:34",1075.4,2,abduljabbarcalica
3691,16760295,"Luke Hurt","2026-08-24 01:03:42",1075.4,2,lukehurt
3692,16658931,"somewhere after","2026-08-19 08:16:29",1075.3,2,amaterasuuuuu
3693,16623470,rurumi,"2026-09-02 05:21:15",1075.1,2,rurururumi
3694,16710128,"KeHao Liu","2026-08-14 01:52:29",1075.1,2,kehaoliu
3695,16694091,"Nan Leng","2026-08-23 07:41:41",1074.9,2,nleng66ca
3696,16638375,"Tran H Hoang","2026-08-14 17:01:27",1074.9,2,tranhhoang
3697,16697458,"Lissandra Kruse Fuganti","2026-09-01 15:19:00",1074.7,2,lissandrakruse
3698,16686583,techtech69,"2026-09-18 14:46:13",1074.4,2,techtech69
3699,16712535,"Benjamin Beaujard","2026-08-18 11:03:03",1074.4,2,benjaminbeaujard
3700,16634172,"Mario Cicala","2026-09-05 03:06:37",1074.4,2,mariocicala
3701,16668700,"Pranshu Ghori","2026-08-17 22:02:35",1074.0,2,pranshughori
3702,16630839,steubk,"2026-08-21 21:55:39",1073.8,2,steubk
3703,16731432,sieradni,"2026-09-01 06:12:00",1073.7,2,sieradni
3704,16759625,gkg223,"2026-09-03 19:17:02",1073.4,2,gkg223
3705,16683813,WangQrkkk,"2026-08-17 06:54:07",1073.3,2,wangqrkkk
3706,16735075,"Ronchen Luo","2026-08-18 04:29:47",1072.4,2,ronchenluo
3707,16690612,"Mina Gayid","2026-08-16 12:59:16",1071.4,2,minagayid
3708,16632201,neurlog,"2026-09-18 13:04:33",1071.1,2,neurlog
3709,16694710,ponsuk,"2026-08-17 19:01:09",1071.0,2,ponsuk
3710,16698223,"Feng Jiahui","2026-08-18 08:35:04",1070.2,2,junipersky
3711,16670569,Ezzzzzekki,"2026-09-17 22:02:42",1069.9,2,abdullahelzeki
3712,16666057,StopPlantingStartGameTheorying,"2026-09-08 07:53:27",1069.8,2,mymelodyenjoyer
3713,16674683,"Ali Esam","2026-09-11 17:00:03",1068.3,2,zyxsu0
3714,16724452,Jay,"2026-08-20 00:34:34",1068.0,2,jayshimada
3715,16724584,"Jinx JK","2026-08-18 09:08:26",1067.6,2,jinxjk
3716,16744355,"Sameera T","2026-08-22 10:13:47",1067.6,2,sameeramaq
3717,16672003,carlscamt,"2026-08-14 17:19:42",1067.0,2,carlscamt
3718,16678172,"Eishkaran Singh","2026-08-19 19:12:02",1066.5,2,eishkaran
3719,16644877,lu_fish,"2026-08-16 14:13:53",1066.4,2,thefish114514
3720,16708185,XiaoYan12,"2026-09-13 17:57:28",1065.8,2,xiaoyan12
3721,16721383,"Emon xu","2026-08-21 16:14:05",1065.8,2,emon0xuyym
3722,16672530,GUGUGAGA,"2026-08-14 04:33:54",1065.7,2,"ruiyangzhang23,taoguo079"
3723,16656584,Spintronic,"2026-08-19 15:24:17",1065.6,2,spintronic
3724,16661784,"XU XUXIANG","2026-08-27 12:57:06",1065.6,2,"mikeaaaa14,xuxuxiang"
3725,16634166,Yuki.O,"2026-08-19 01:38:42",1065.5,2,yukiohkawa
3726,16678346,"Farhan Abid","2026-08-16 08:41:15",1065.5,2,farhanabidtech786
3727,16660233,ko9ma,"2026-09-08 08:42:33",1065.1,2,kohojung
3728,16708624,"Aboubacar HEMA","2026-08-19 14:24:02",1064.6,2,"aboubacarhema,marcmare,wilfredkouadjo"
3729,16621355,Raiden.B,"2026-09-15 17:53:51",1064.1,2,raidenb
3730,16656399,CROW,"2026-08-14 04:59:30",1064.1,2,"aaayangxh,hanifnoerrofiq"
3731,16726660,"Prime Leo","2026-08-23 14:21:53",1064.0,2,primeleo
3732,16727090,"Deep Blue Pasture","2026-08-17 02:28:34",1064.0,2,shamanah
3733,16771780,Trichoderma,"2026-09-06 04:58:38",1063.8,2,brunoescalhao
3734,16623445,"Hasin Raihan Dhrubo","2026-08-16 09:28:12",1063.5,1,hasinraihandhrubo
3735,16729054,"Shantanu Kesarkar","2026-08-27 05:50:23",1063.5,2,shantanukesarkar
3736,16659614,"Heikki Leskelä","2026-08-22 16:35:42",1063.4,2,heikkileskela
3737,16633096,anvai_agents,"2026-08-20 05:50:45",1062.9,2,"anandgaikwad7781,vaidehidhamnikar"
3738,16639732,"Junbeom Lee23","2026-08-15 02:45:23",1062.7,2,junbeomlee23
3739,16841344,"Abdoul Ahad Diop","2026-09-10 20:22:54",1062.6,2,abdoulahaddiop
3740,16734492,Orynx,"2026-08-19 08:01:33",1062.5,2,"inderj1,jayveersingh6"
3741,16643125,"CARLOS CAADA ROSTRO","2026-08-21 19:23:34",1062.3,2,carloscaadarostro
3742,16621219,"Inna Campo","2026-08-15 09:08:23",1062.2,2,innacampo
3743,16693934,evnchn,"2026-08-23 15:41:50",1062.0,2,evnchn
3744,16670791,Hugelidus,"2026-08-25 03:43:18",1062.0,2,hugelidus
3745,16651402,"Mille Initiate","2026-08-31 04:04:11",1061.9,2,milleinitiate
3746,16670118,"Álvaro Benítez","2026-08-29 15:46:04",1061.8,2,lvarobentezlvarez
3747,16658150,Gravity-x73d,"2026-08-17 09:16:29",1061.7,2,gravityx73d
3748,16644145,"Mehdi Azouz","2026-09-07 11:22:07",1061.4,2,mehdiazouz
3749,16656931,pns,"2026-08-15 09:45:46",1061.1,2,"nikhilkasyap07,premsivasai,saranboddu"
3750,16687068,digiliwigili,"2026-08-22 12:49:07",1060.9,2,kukchyievervin
3751,16765953,"Muhammad Ahmed","2026-08-26 13:46:48",1060.8,2,muhammad4hmed
3752,16802892,YUYA,"2026-09-06 08:34:05",1060.7,2,yuyaizumikawa
3753,16723941,teraSurfer40141,"2026-08-16 01:16:49",1060.6,2,r00tt00r
3754,16625241,"Mutoy Choi","2026-09-01 07:42:20",1060.4,2,mutoy1
3755,16677945,"Quân Trần","2026-08-25 06:43:39",1060.1,2,wuntrn
3756,16663590,"Jakub Dolének","2026-08-13 13:08:32",1059.5,2,dolenek
3757,16634238,SoWwe,"2026-08-29 18:17:46",1059.3,2,sowwe4
3758,16737561,"Raj Aryan Singh","2026-08-18 11:50:54",1058.3,2,kratos14raj
3759,16748246,"Eric S","2026-08-26 12:50:54",1058.2,2,ericsangberg
3760,16661509,JSON_Voorhees,"2026-09-03 00:14:35",1058.2,2,michaelgreenhut
3761,16654548,DataSluts,"2026-08-28 07:00:12",1058.1,2,"rahulmedida,siddarthnayak50,sivasu07"
3762,16722986,"Abhiram 9803","2026-08-15 18:43:09",1057.8,2,abhiram9803
3763,16727019,uitsnf,"2026-08-23 15:45:22",1056.9,2,uitsnf
3764,16675807,cubreto,"2026-08-26 15:00:34",1056.7,2,cubreto
3765,16622367,mg,"2026-08-23 17:49:21",1056.7,2,"egorkashpar,sashaboriskin,smooky"
3766,16729372,"Gaspard Plt","2026-08-17 21:58:55",1056.6,2,gaspardplt
3767,16675088,"Andrei Chulkov","2026-08-15 19:43:12",1056.5,2,andreichulkov
3768,16744043,Take,"2026-08-23 14:17:27",1056.0,2,takeuchidaisuke2001
3769,16651623,"Sarvesh Talele","2026-08-28 05:18:58",1055.0,2,sarveshtalele
3770,16718572,MLarpers,"2026-08-22 14:06:48",1055.0,2,"koteikachannel,mrhornetik"
3771,16680967,Tyooughtul,"2026-08-16 00:58:06",1055.0,2,yooughtul
3772,16771677,"hedy huangyuheng","2026-08-27 02:13:28",1054.8,2,hedyhuangyuheng
3773,16655368,"Mohammed Maqsood L","2026-08-19 10:40:17",1054.6,2,mohammedmaqsoodl
3774,16701897,"Alejandro Lavandeira Casais","2026-08-14 12:56:12",1053.6,2,alejandrolavandeira
3775,16722303,JohannPongratz,"2026-09-10 08:07:38",1052.9,2,johannpongratz
3776,16699745,"Norbert Szolnoki","2026-08-18 11:39:55",1052.8,2,norbertszolnoki
3777,16636094,Hax2456,"2026-08-15 10:05:01",1052.8,2,hax2456
3778,16724262,"Obu obu","2026-08-15 10:48:05",1052.8,2,obuobu
3779,16781170,"Ulugbek Salohiddinov","2026-08-28 02:38:15",1052.7,2,ulugbeksalohiddinov
3780,16716698,gisgisgis,"2026-08-15 05:35:47",1052.1,2,gisgisgis
3781,16698576,monnu,"2026-08-19 05:55:01",1051.9,1,fuumin621
3782,16692851,ichnixhelle,"2026-08-12 22:20:24",1051.8,2,ichnixhelle
3783,16635317,"KAKA Minishijie","2026-08-26 04:36:55",1051.6,2,kakaminishijie
3784,16759652,Fnoa,"2026-08-23 12:26:39",1051.3,2,trasibulo
3785,16682557,"Soumalya Mandal","2026-08-14 14:57:29",1050.9,2,mrcyberhunter
3786,16663818,"Mike Mordetsky","2026-08-18 11:49:58",1050.9,2,mikemordetsky
3787,16659715,masb,"2026-09-17 07:40:20",1050.8,2,affansaied
3788,16664860,ANUJPUROHIT18,"2026-09-01 05:03:07",1050.6,2,anujpurohit05
3789,16631595,CuteClaw,"2026-08-14 01:25:52",1050.6,2,bloodmoonwq
3790,16657803,"Arya Mazloomi","2026-08-14 00:17:11",1049.8,2,aryamazloomi
3791,16756557,"Marius Heuser","2026-08-24 21:41:31",1049.5,2,mariusheuser
3792,16691976,"Harini Panigrahi","2026-08-14 16:57:32",1049.5,1,harinipanigrahi
3793,16710141,htatsumi,"2026-08-15 01:07:11",1049.4,1,tatsumihasebe
3794,16664164,"Elzandi Irfan Zikra","2026-08-15 15:53:21",1049.4,2,"dyahayuretnoningsih2,zangetsufuin"
3795,16651088,ych~sun,"2026-09-11 13:06:05",1049.3,2,ychsun
3796,16724109,"small fry in the underworld","2026-09-11 05:51:16",1049.2,2,wwwwhitley
3797,16717792,han10086,"2026-08-13 15:05:21",1049.2,2,han10086
3798,16709339,"Mohammad Javad Dianat","2026-09-08 12:14:33",1048.8,2,dianatofficial
3799,16667734,SuroRitch,"2026-08-15 16:23:52",1048.7,2,suroritch
3800,16659763,clarkzhang1031,"2026-08-13 12:27:10",1048.7,2,"clarkzhang1031,huafeihuang"
3801,16739298,"ricardo assaad","2026-08-18 19:03:22",1048.7,2,ricardoassaad
3802,16726064,"sana slama","2026-08-15 17:01:13",1048.2,1,sanaslamamm
3803,16724947,teacherli0,"2026-08-16 03:09:09",1048.0,2,teacherli0
3804,16715628,Dian,"2026-08-17 01:57:33",1048.0,2,clas233
3805,16653890,YUKRUB,"2026-09-11 08:55:14",1048.0,2,yukrub
3806,16770785,Brahim,"2026-09-08 09:20:24",1047.8,2,brahimdriss
3807,16622242,"Robert Koval","2026-08-15 07:02:17",1047.1,2,robertkoval
3808,16671424,cicen1139,"2026-08-22 09:37:51",1046.9,2,cicen1139
3809,16807038,mitsuki,"2026-09-12 01:22:28",1046.8,2,mk00000
3810,16715024,"Ömer Özbek","2026-08-22 13:50:34",1046.0,2,omerozb
3811,16662940,"The Coder Geek Squad Leader","2026-08-17 09:23:58",1045.9,2,soulemaneisissifou
3812,16713155,AdarshAleti,"2026-08-18 05:39:57",1045.8,2,adarsh1077
3813,16871053,Ni123456&,"2026-09-18 09:53:36",1045.4,2,bingdongni
3814,16623370,kenmatsu4,"2026-08-14 09:03:08",1045.3,2,kenmatsu4
3815,16708226,asi1024,"2026-08-16 13:14:53",1044.7,2,asi1024
3816,16721947,groots,"2026-08-16 06:32:40",1044.3,2,muhammadismail433
3817,16908326,"Cristiano M Martins","2026-09-18 12:25:53",1044.1,2,cristianommartins
3818,16785505,"Rishiraj Acharya","2026-09-08 04:26:42",1043.6,2,rishirajacharya
3819,16667787,"Daryl Brach","2026-08-17 09:41:51",1043.4,2,dbrach
3820,16786603,"Shutong Hou","2026-09-18 09:20:53",1043.4,2,praxel123
3821,16702547,Dean0016,"2026-08-13 17:56:10",1043.1,2,dean0016
3822,16697936,"Sami Cakiral","2026-08-15 19:43:40",1042.5,2,samicakiral
3823,16691524,"Martim Nascimento","2026-09-05 15:54:47",1042.4,2,martimnascimento
3824,16729421,Oblivix,"2026-09-02 04:16:25",1042.4,2,"aradhyatiwariii,oblivix"
3825,16654381,"Dmitry Belan","2026-08-30 17:16:29",1042.2,2,dimong4
3826,16664759,OrGanAIc,"2026-08-14 22:58:18",1041.7,2,arghyaranjandas
3827,16649313,"Jiajun HAN","2026-08-14 07:13:57",1041.7,2,jiajun1
3828,16712459,松原琉喜,"2026-08-14 14:54:47",1041.4,2,ryuki12kyo
3829,16698214,Juandix,"2026-08-18 03:35:51",1041.1,2,juandix
3830,16726232,"sayed rafi","2026-08-18 21:13:00",1041.1,2,sayedrafi
3831,16656519,"Chris Laska","2026-08-25 19:45:39",1040.7,2,chrislaska
3832,16672199,Vachan,"2026-08-20 07:33:48",1039.8,2,vachanpadival
3833,16705176,"Ruslan Raupov","2026-08-20 09:10:24",1039.7,2,ruslanraupoff
3834,16638823,YDDDDDD999,"2026-09-06 18:22:40",1039.6,2,ydddddd999
3835,16750344,Vaasu0501,"2026-08-28 16:49:39",1039.5,2,vaasu0501
3836,16707598,Kamazarashi,"2026-08-18 05:40:15",1039.4,2,kamazarashi
3837,16748421,lulzx,"2026-08-20 17:52:11",1039.2,2,lulzxy
3838,16719002,eus,"2026-09-14 15:53:57",1039.2,2,eusdotdev
3839,16750477,"Tapabrata Biswas","2026-08-25 13:11:13",1038.6,2,"dumbakaash,ishanhira"
3840,16703300,"Fahd EL ANSARI","2026-08-15 23:47:17",1038.3,2,fahdelansari
3841,16688368,"Lam Vo","2026-08-15 16:39:23",1037.7,2,nhatlam
3842,16668069,jackhsia,"2026-08-23 15:56:13",1037.5,2,jackhsia
3843,16756415,"Mihai Balan","2026-08-31 06:39:25",1037.4,2,mihaibalan
3844,16749347,Shibungi,"2026-09-01 06:52:21",1037.3,2,shibungi
3845,16665596,chunhu666,"2026-08-30 07:05:40",1036.9,2,chunhu666
3846,16670755,"Amine zeDDouk","2026-08-18 09:37:41",1036.1,2,aminezeddouk
3847,16640368,"Nkosi Ndwandwe","2026-09-06 05:03:26",1035.8,2,nkosindwandwe
3848,16705499,byncpy,"2026-08-17 17:18:47",1034.8,1,jinliangbi
3849,16685850,K,"2026-08-14 06:37:41",1033.9,2,kolci017
3850,16674447,"Nathan Thor","2026-09-18 11:07:56",1033.8,2,devofpie
3851,16655335,Justus,"2026-08-19 14:18:38",1033.7,2,justus0
3852,16719006,bouiboui,"2026-08-20 18:55:02",1033.0,2,bouiboui
3853,16690113,m0chi1216,"2026-08-16 15:07:24",1032.8,2,m0chi1216
3854,16691702,kss,"2026-08-13 19:30:20",1031.9,2,l0glikelihood
3855,16672653,Cultuurstelsel,"2026-08-13 16:59:47",1031.8,2,ryuorlandotamin
3856,16696631,"saya akan lawan!","2026-08-21 18:42:23",1031.8,2,nurhadibudhy
3857,16691987,0xalgos,"2026-08-17 09:35:28",1031.6,2,anandvashishtha5362
3858,16722902,"Grigorii IU","2026-08-22 01:54:09",1030.5,2,grigorii220
3859,16732428,"Darren Amadeus Martin","2026-08-19 00:48:02",1030.3,2,darrenamadeusmartin
3860,16840694,"cory cozy","2026-09-06 11:48:38",1030.2,2,corycozy
3861,16719100,"Abhiraj Singh","2026-08-14 12:02:33",1029.4,2,cyberdrago
3862,16727379,"Nicholas Chua","2026-08-20 16:28:44",1028.9,2,nickckb
3863,16628295,qwertykeypadapple,"2026-08-13 19:05:04",1028.6,2,qwertykeypadapple
3864,16821267,1417,"2026-09-11 13:14:32",1028.4,2,"dongyuhao,liuyihang026,yejialin"
3865,16695093,"Ryota Murai","2026-08-27 15:28:04",1028.0,2,rmuraix
3866,16687596,AjPrem,"2026-09-14 02:49:09",1027.3,2,"ajprem,jefferysingh,neelcasula"
3867,16634650,UnfriendlyAI,"2026-08-24 11:44:47",1027.2,2,unfriendlyai
3868,16680931,"Rattan Singh","2026-08-16 04:23:37",1026.6,2,rattans
3869,16770648,"Yoshitaka Nozaki","2026-08-26 00:38:06",1026.2,1,yoshitakanozaki
3870,16679443,albu,"2026-08-15 19:22:12",1026.0,2,albuslaev
3871,16745294,"Ahmed Ehab Fathi","2026-09-05 01:27:13",1025.9,2,ahmedehabfathi
3872,16671694,evananann,"2026-08-19 07:46:36",1025.3,2,evananann
3873,16766905,Antigone_duckduck,"2026-08-24 16:38:37",1025.2,2,antigonexzh
3874,16672243,"Fazil Putra","2026-08-14 01:24:17",1025.1,2,fazilputra
3875,16698256,Mint,"2026-08-17 18:39:08",1025.0,2,rorandangerous
3876,16830837,"Damilare Olayemi","2026-09-08 08:35:23",1024.8,2,damilareolayemi
3877,16713178,Funno,"2026-08-19 17:32:54",1024.7,2,yes711
3878,16624896,"Akmal Azzam o'g'li","2026-08-18 06:03:51",1024.7,1,akmalmir
3879,16728272,"Daris Dzakwan Hoesien","2026-08-16 10:48:22",1024.3,1,darisdzakwanhoesien2
3880,16665125,"David Schindler15","2026-08-14 04:58:39",1024.1,2,"davidschindler15,mz3207"
3881,16725642,"Arav Sharma","2026-08-17 03:51:14",1023.1,2,aravsharma26
3882,16750317,"ELhamdaoui AM","2026-08-30 19:29:43",1023.0,2,elhamdaouiabdelmajid
3883,16718947,"Dani Ortega","2026-08-25 07:07:35",1022.7,2,daniortega99
3884,16749618,Fon1as,"2026-08-21 09:36:42",1022.6,2,fon1as
3885,16793535,Pink,"2026-09-15 08:44:32",1021.6,2,farjanaafrinswarna
3886,16692548,"Rockstar Farmer","2026-08-19 05:15:37",1021.3,2,yuhaili
3887,16719238,"Rômulo Siqueira","2026-08-20 00:15:16",1021.1,2,romulosiqueira
3888,16700737,HechtJP,"2026-08-13 11:12:06",1020.8,2,hechtjp
3889,16723132,Bridgeport,"2026-08-21 20:25:32",1020.7,2,bridgeport
3890,16714902,HunterBlue,"2026-08-13 18:54:47",1020.6,2,marianacodebase
3891,16696208,"kazwzn S","2026-09-18 09:54:28",1020.4,2,kazwzns
3892,16728723,"Ronith Rashmikara","2026-08-18 03:28:52",1020.1,2,ronithrr
3893,16655179,"I Need an Internship","2026-08-15 02:39:23",1019.7,2,dimasibnumuthi
3894,16634143,"manual player","2026-08-14 00:41:13",1019.4,2,prospal
3895,16839110,0x3f,"2026-09-16 12:47:20",1019.4,2,zhangbowen1005
3896,16732754,ikeuchy,"2026-08-29 04:10:41",1019.4,2,ikeuchy
3897,16623226,"Hafida Belayd","2026-09-05 17:12:33",1018.5,2,hafidabelayd
3898,16669897,"Tahsan Ferdous","2026-08-14 19:30:09",1018.4,2,tahsanferdous
3899,16710421,SZ_00_zyz,"2026-08-20 02:54:53",1017.9,2,sz00zyz
3900,16658081,ando,"2026-08-20 01:52:23",1017.8,2,andoshunsuke
3901,16724795,yangqi1234,"2026-08-23 08:26:23",1017.2,2,yangqi1234
3902,16729828,spunkrock,"2026-08-16 20:08:06",1017.1,1,spunkrock
3903,16701759,xycai,"2026-08-14 17:23:35",1017.1,2,xycaipku
3904,16634691,bot-farmer,"2026-08-19 06:16:19",1016.8,2,shauryam25
3905,16860813,hirayuki,"2026-09-18 19:33:13",1016.7,2,hirayukis
3906,16738825,RishabhSpark,"2026-08-28 05:11:27",1016.1,2,rishabhspark
3907,16691830,"Nikita Lugovoy","2026-08-15 03:39:17",1015.9,2,nikital7
3908,16908829,Trafun,"2026-09-18 22:38:08",1015.8,2,alfredoachondo
3909,16710587,durgasai,"2026-09-01 13:14:36",1015.7,2,dsainvg
3910,16674479,"Alan Rosston","2026-08-14 08:20:49",1015.4,2,alanrosston
3911,16636909,"wking edewd","2026-08-21 11:21:57",1015.3,1,wkingedewd
3912,16772993,"dirty farmers","2026-08-26 06:33:12",1015.1,2,jamesgui2007
3913,16710094,winwinwin,"2026-09-03 13:22:51",1014.8,2,"ouyangruize,teecemackenieo"
3914,16663969,"Aarush Kute","2026-08-19 22:06:48",1014.3,2,aarushkute
3915,16663229,kakuteki,"2026-08-28 04:08:43",1013.6,2,kakuteki
3916,16740320,NguyenAn27,"2026-08-20 00:46:32",1013.3,2,nguyenan27
3917,16729484,"Sankalp Nagineni","2026-08-16 17:35:31",1013.0,2,sankalpnagineni
3918,16751899,peggy,"2026-09-18 22:14:35",1013.0,2,refrigerator21
3919,16841176,"Bruce Cole","2026-09-09 00:39:28",1012.8,2,brucecole
3920,16697689,"Pavel Pakhmutov","2026-08-12 23:11:23",1012.7,2,pavelpakhmutov
3921,16803651,gyujinst,"2026-09-05 01:44:38",1012.5,2,gyujinst
3922,16655305,"Junior Sohou","2026-08-14 00:15:42",1012.1,2,juniorsohou
3923,16856021,PSI,"2026-09-08 19:26:40",1012.0,1,vinayak121
3924,16666884,"Antonio Stanciu","2026-08-15 14:33:52",1011.8,2,stanciuantonio
3925,16650372,Greed,"2026-08-12 17:18:47",1011.3,2,greedshen
3926,16622939,"Kamal Das","2026-08-27 12:47:13",1011.2,2,kmldas
3927,16842806,"Yan Tao Tang","2026-09-07 10:41:41",1010.7,2,yantaotang
3928,16729488,"Bala vighnesh Reddy","2026-09-08 07:38:03",1010.2,2,balavighneshreddy
3929,16729874,"Shane Schisler","2026-09-15 20:11:48",1010.1,2,seschis
3930,16763978,"Swayam Gode","2026-09-07 16:15:33",1009.1,2,swayamgode2
3931,16695691,neural-canvas,"2026-08-12 20:46:37",1009.0,2,mrsanap
3932,16697223,"Azizii Gill","2026-09-09 21:27:12",1008.5,2,aziziigill
3933,16731971,s_a_ai_engineer,"2026-09-18 23:46:04",1008.1,2,saaienginner
3934,16700995,"Maram Ali","2026-08-15 09:13:15",1007.7,2,msama01
3935,16701969,旧楚狂人,"2026-08-15 14:20:59",1007.7,2,jiuchukuangren
3936,16759864,exaucedossou,"2026-08-22 17:56:40",1007.6,2,exaucdossou
3937,16726115,helloworld311,"2026-08-17 05:52:20",1007.3,2,helloworld311
3938,16725354,"Swaroop piduguralla","2026-08-19 14:23:28",1006.7,2,pnsaimanitejaswaroop
3939,16894541,"Deepak Mahajan","2026-09-17 05:27:59",1006.5,2,xdipzz
3940,16634824,yuki16,"2026-08-27 02:55:04",1006.4,2,yuki16
3941,16697024,"Jiri Prudky","2026-09-06 06:00:57",1005.4,2,jiprud
3942,16641288,nakagawaren0805,"2026-09-12 10:35:10",1005.1,2,nakagawaren0805
3943,16781516,"Hongbin Guokaggle","2026-08-29 04:16:00",1004.9,2,hongbinguokaggle
3944,16803602,ihiratch,"2026-09-06 15:57:56",1004.5,2,ihiratch
3945,16805171,Mario,"2026-09-18 22:02:08",1003.9,2,mwalkiew
3946,16766840,"Andrey ","2026-08-24 14:27:38",1003.7,1,anti1111
3947,16663694,"Dimitri ZABRE","2026-09-18 22:22:32",1003.7,2,dimitrizabre
3948,16731751,"Nikita Pudovkin","2026-08-17 09:15:54",1003.0,1,nickpudovkin
3949,16651052,lty,"2026-08-18 02:33:01",1002.8,2,linwei9
3950,16633709,"kitory Yeah やきとり","2026-08-15 22:30:08",1002.8,2,kitoryyeah
3951,16775412,"moo moo","2026-09-08 15:54:28",1002.2,2,"amrof122,yassinamr11"
3952,16735238,DHKim0324,"2026-08-25 08:49:34",1001.9,2,dhkim0324
3953,16773559,"Abhishek Mahto","2026-08-26 06:40:07",1001.8,1,abhishek3115
3954,16785100,5386,"2026-09-10 11:08:04",1001.7,2,"ismktkaggle,rairai314,satosis"
3955,16675831,"Thayaparan Kumarakuru","2026-09-15 09:17:55",1001.7,2,"kavishkasubashana,mrkala,thayaparankumarakuru"
3956,16712888,Vux,"2026-08-20 14:32:16",1001.5,2,weiyu85
3957,16696983,"JKM Ventures","2026-08-17 22:58:03",1000.8,2,jeffreydrew
3958,16630315,janson,"2026-08-19 10:54:37",1000.6,2,johnjanson
3959,16765065,"Rohith T R","2026-08-26 13:28:38",1000.4,2,rohithtrgod
3960,16704589,"Lobato MBA IA Big Data","2026-09-16 00:02:11",1000.2,2,lobatombaiabigdata
3961,16679245,"Krzysztof Gonia","2026-09-17 07:39:55",1000.0,2,krzysztofgonia
3962,16851557,SunaoCool,"2026-09-11 04:15:13",999.7,2,yoshikinishita
3963,16639230,Rylan,"2026-08-15 13:15:45",999.4,2,"liuruihan333,wangxiaodundun"
3964,16698439,"Pournami Prakash","2026-09-12 20:17:14",999.4,2,pprakas
3965,16677832,"Maryam Tahir","2026-08-25 15:07:42",999.2,2,maryamtahir09
3966,16892314,"Akshay #3","2026-09-18 22:10:25",999.1,2,akshay1301
3967,16721259,Qsj,"2026-08-28 09:20:10",999.1,2,qiaoshiji
3968,16733547,"Mark Grayson","2026-08-17 18:53:21",999.0,2,flyingsinclair
3969,16775386,kaggler,"2026-08-31 09:29:41",998.9,1,deepkim
3970,16732462,"Aji Samudra","2026-08-24 09:05:21",998.8,2,ajisamudra
3971,16743741,Arooran,"2026-08-24 13:37:47",998.8,2,arooransivakarunai
3972,16666018,"H vv sathwik","2026-08-26 06:49:10",998.7,2,hvvsathwik
3973,16665919,"Labmem Tang","2026-08-31 03:06:37",998.7,2,labmemtang
3974,16725242,chinchilla,"2026-08-19 10:53:07",998.3,2,tgwstr
3975,16768022,"Miles Oberting","2026-08-31 23:48:39",997.8,2,milesoberting
3976,16691012,"Sanzhar Almasuly","2026-08-29 07:28:34",997.3,2,sanzharalmasuly
3977,16623020,Muhandro,"2026-08-20 16:29:57",996.5,2,muhandro
3978,16709462,"KK #2","2026-08-14 09:06:37",996.4,2,kk2909
3979,16689447,"Ivan Berrutto","2026-08-13 04:14:38",996.2,2,ivanberrutto
3980,16663584,"Deployable LLMs","2026-09-18 05:35:18",996.0,2,"lucasveronese,planetoidleser,sinhakprat"
3981,16756399,"old Ryne Mac had a farm","2026-08-21 19:44:11",995.9,1,rynemac
3982,16662615,"Anurag irawit","2026-09-01 14:16:49",995.8,2,anuragirawit
3983,16632444,"Issac “Izreal” Davis","2026-08-13 20:42:03",995.7,2,issacizrealdavis
3984,16649108,"Steve AVOMO","2026-08-17 03:12:41",995.2,2,aurelsteve77
3985,16740103,Adjakou,"2026-08-24 07:31:02",995.0,2,adjakou
3986,16727745,auouer,"2026-08-16 08:20:31",995.0,2,"auouer,guriken,hkamna,insightfulthinking"
3987,16711910,"Artem Zapara","2026-08-18 16:48:51",994.9,2,artemzapara
3988,16718937,62326368,"2026-09-11 22:58:43",994.9,2,mooniim
3989,16690020,shantaitichu,"2026-08-17 09:40:30",994.9,2,shantaitichu
3990,16770832,"Harish Yadav","2026-08-27 06:18:09",994.8,2,harishyadav0506
3991,16735102,"Zhiqi Liu","2026-08-31 02:57:12",994.7,2,crazyqiqi
3992,16664334,"Satishvaran Ragu","2026-08-28 03:07:19",994.6,2,satishvaranragu
3993,16770282,colt,"2026-08-25 09:55:29",994.2,1,xiaomaguo
3994,16763383,"Alexandru Sitaru","2026-08-25 07:05:06",994.1,2,sitaru
3995,16755278,Kaz,"2026-09-04 15:27:28",993.4,2,kazuyago
3996,16729227,Marjao,"2026-08-16 16:49:12",993.1,2,muniburrehman2020
3997,16743737,"Joanna C.","2026-08-20 23:07:09",992.9,2,joannaciesielski
3998,16679688,"Sathwik Chinthakayala","2026-09-15 13:53:57",992.6,2,sathwikchinthakayala
3999,16634654,unknown,"2026-08-13 02:11:22",992.5,2,abdullahshafi2021
4000,16656990,"NALLA SUMANG","2026-08-30 03:15:46",992.5,2,sumangnalla
4001,16658803,"Rahul Jiwane","2026-08-21 06:19:57",992.4,2,rahuljiwane
4002,16662023,"Vikas Kumar","2026-09-08 17:17:57",992.2,2,vikshit104
4003,16774228,"Anggit Maulana Abdi","2026-08-28 14:37:01",992.0,2,anggitmaulanaabdi
4004,16768647,vaultguard,"2026-09-14 21:08:32",992.0,2,vaultguard
4005,16668788,ConnieCodes,"2026-08-17 13:40:25",991.9,2,conniecodes
4006,16655688,"Ryan Shan","2026-08-13 02:43:38",991.7,2,codegold
4007,16623791,rakumo,"2026-08-19 23:46:04",991.5,2,sirakumo
4008,16765526,"Kotala Kishan Reddy","2026-08-24 08:56:22",991.4,1,kotalakishanreddy
4009,16659314,Sandeep063,"2026-08-25 12:44:22",991.2,2,sandeep063
4010,16715187,maker2026,"2026-09-09 00:38:59",991.1,2,maker2026
4011,16656807,Yoganjaneyulu,"2026-08-13 09:20:17",991.0,2,yoganjaneyulu
4012,16624645,"Closed Loop","2026-09-17 22:56:08",990.8,2,hobbisttech
4013,16740700,"Vyas Senthilkumar","2026-08-19 04:26:42",990.6,2,vyassenthilkumar
4014,16764850,"cy zhang","2026-08-27 11:08:45",990.5,2,zcy20051117
4015,16722487,Zotar,"2026-09-18 07:31:00",990.4,2,chunhinma
4016,16716468,"Sakhawat Hossen","2026-08-15 03:28:07",990.3,2,sakhawathossen
4017,16635418,ocean240812,"2026-09-17 04:17:55",989.9,2,ocean240812
4018,16738461,monnosuke,"2026-09-18 07:50:21",989.6,2,shiomi1012
4019,16731243,"[Deleted] dab36be1-9992-4710-95f4-39a9f7a2cd3c","2026-08-24 15:13:27",989.0,2,del=fd92954ed0c92f1a
4020,16655632,"Dmitry Kozlov","2026-08-28 10:06:54",988.9,2,dkozlov
4021,16624682,FrederikZ,"2026-09-02 10:17:51",988.5,1,zkirederf
4022,16748524,TongY26,"2026-08-21 08:33:16",988.4,2,tongy26
4023,16622251,"Moroz Roman","2026-08-20 06:22:05",988.2,2,crissyro
4024,16629292,"Syed Saad Hasan Emad","2026-08-17 06:14:38",987.9,1,syedsaadhasanemad
4025,16698069,k_4821,"2026-09-08 15:11:16",987.8,2,edgarondoodevilclub
4026,16717630,Amer,"2026-08-13 21:23:41",987.8,2,amerhu
4027,16773266,newbyy,"2026-08-26 05:21:47",987.7,1,newbyy
4028,16666853,"Bisola Olasehinde","2026-08-31 13:08:21",987.6,1,bizzyvinci
4029,16655559,"Fajri Yanuar Shiddiq Juanda","2026-08-13 01:40:20",987.2,2,fajriyanuar
4030,16769866,"Suzuki Riki","2026-08-25 12:11:09",987.2,2,suzukiriki
4031,16761849,viber3221,"2026-08-24 13:38:59",986.5,2,viber3221
4032,16914676,"Luon may Man","2026-09-18 09:08:56",986.3,2,luonmayman
4033,16653955,"tanmay singhal","2026-08-29 12:00:53",986.2,2,anexperiencedidiot
4034,16748717,mt,"2026-08-20 13:09:12",986.0,1,mtanakaslgfreak
4035,16766982,"Sir Dona ","2026-08-25 15:54:46",985.7,2,sirdona
4036,16714980,Chenaters,"2026-08-16 08:41:10",985.7,2,chenaters
4037,16789587,"José Luis","2026-09-08 06:49:13",985.2,2,joseluissz
4038,16735125,mtskggle,"2026-08-22 04:50:43",985.2,2,matsusakaggle
4039,16640552,"rupsa roy","2026-09-05 06:45:34",984.8,2,rupsarroy
4040,16699610,"Sneha ","2026-08-17 01:00:34",984.5,2,kharya3
4041,16624824,GoofyGenius,"2026-09-09 16:05:59",984.5,2,goofygenius
4042,16809122,"federico battello","2026-09-10 15:05:02",984.4,2,federicobattello
4043,16772450,"Muneeba Badar","2026-08-25 21:19:13",983.4,2,muneebabadar
4044,16770952,"Satyajeet Kumar","2026-08-25 20:42:40",983.4,2,m4rcuseryx
4045,16714059,Yentür,"2026-08-12 18:47:44",983.2,1,meryentr
4046,16747161,wqlun06,"2026-09-07 06:55:24",983.0,2,wqlun06
4047,16727219,"Chukka Venugopalam","2026-09-18 17:28:22",982.4,2,chukkavenugopalam
4048,16685626,"Livingstone Selassie","2026-08-16 00:26:50",982.2,2,"hackerx019,livingstoneselassie"
4049,16709793,"Victor Hotz","2026-08-13 18:48:06",982.0,2,victorhotz
4050,16663992,小陈同学,"2026-08-18 07:26:54",981.9,1,czastu
4051,16710661,"Pengyi Peng1","2026-09-03 05:48:27",981.6,2,pengyipeng1
4052,16696561,"Ali Ramazanov","2026-09-09 06:53:42",981.4,2,aliramazanov
4053,16661423,"Rishavendra Sharma","2026-08-31 08:38:23",980.5,2,rishavendrasharma
4054,16726512,shash,"2026-08-15 19:41:18",980.1,1,zshashz
4055,16714058,"Ahmet Erdem Pamuk","2026-08-12 18:59:18",979.6,2,ahmeterdempamuk
4056,16663284,"Aman Prakash","2026-08-12 20:58:28",979.5,2,amanprakash777
4057,16624651,"Zihao Zeng","2026-09-04 12:46:45",979.3,2,zihaozeng0021
4058,16671821,donglee,"2026-08-13 09:13:09",979.2,1,dongleeovo
4059,16632788,"Bright O.H.","2026-08-23 03:45:36",979.2,2,brightoh
4060,16878026,yamazaking,"2026-09-18 13:22:17",978.6,2,zacky21
4061,16734450,"Ian Teigen","2026-08-18 00:04:38",978.5,2,ianteigen
4062,16657610,"H Bharath","2026-08-31 18:54:57",978.3,2,hbharath
4063,16665838,wenbodai,"2026-09-01 12:41:51",977.9,2,wenbodai
4064,16633580,Vinymo,"2026-08-23 15:32:23",977.4,2,vinymo
4065,16688153,"Panchajanya Banerjee (Pancham)","2026-08-16 20:28:27",977.0,2,delayedkarma
4066,16734578,"Pascal Andreas","2026-08-26 17:42:14",976.3,2,pascalandreas
4067,16753985,"Narenthira Balaji","2026-08-21 10:54:17",976.1,1,narenthirabalaji
4068,16714162,MarvinTMB,"2026-09-13 23:07:41",975.9,2,marvintmb
4069,16697249,"Sudharsana Rajasekaran","2026-08-13 06:25:58",975.9,2,sudhan03
4070,16693058,"Yuvraj singh","2026-09-18 11:41:37",975.5,2,yuvrajsingh789
4071,16675780,susutem,"2026-08-21 04:03:32",975.2,2,susutem
4072,16689952,"Lazarus Ogero","2026-08-11 16:44:08",975.1,2,lazarusogero
4073,16749251,HawkOsm,"2026-09-03 16:33:13",974.7,2,hawkosm
4074,16744658,Shree85,"2026-09-16 21:16:48",974.0,2,shree85
4075,16699722,Dicere,"2026-08-13 08:00:17",974.0,2,thedark735
4076,16693962,"Changyuan Chen","2026-08-17 14:18:21",973.6,2,changyuanchenmit
4077,16722619,vlavlalva,"2026-09-04 21:48:26",973.5,2,cppcph
4078,16889392,Prit_44421,"2026-09-14 11:29:09",972.9,2,prit44421
4079,16625611,"Karl Smile","2026-08-28 16:42:46",972.8,2,karlsmile
4080,16778206,yuanlao153,"2026-08-28 15:00:04",972.7,2,yuanlao153
4081,16797045,"Carl Pang","2026-09-17 00:21:46",972.6,2,carlpang
4082,16751267,Guojun1,"2026-08-21 01:57:23",971.3,1,guojun1
4083,16726870,"Svanik Kolli","2026-08-16 00:11:14",968.4,1,svanikkolli
4084,16663352,"Avnish Sharma","2026-08-31 14:42:23",967.7,2,kewlaz
4085,16728460,oh-Artistburger-AHA-TastyMeat!,"2026-08-16 11:54:46",967.5,1,akikukeo1
4086,16803913,"SUJIB BARMAN","2026-09-01 16:42:07",966.8,1,cardata
4087,16696887,kt-Kitayama,"2026-09-01 13:23:49",966.6,2,ktkitayama
4088,16683441,Eura73,"2026-08-21 08:07:47",965.7,2,eura73
4089,16763120,"Shivam Singh #2","2026-08-23 16:56:35",964.8,1,shivamsingh17072001
4090,16662568,RaghavMundhra1,"2026-09-18 16:58:47",964.1,2,raghavmundhra1
4091,16730903,noynkmr,"2026-08-25 05:47:01",964.0,1,noynkmr
4092,16748330,Okan,"2026-08-21 11:15:17",962.2,2,okanzkaya
4093,16667729,"Daniel Wu","2026-08-15 14:35:27",962.2,2,danielwuu
4094,16623753,HZM,"2026-09-11 04:34:07",961.7,2,leehann
4095,16831372,"Hazel caviar","2026-09-05 08:07:40",960.8,2,hazelcaviar
4096,16689389,Chukunder,"2026-09-15 17:24:45",960.7,2,"farbricated,sarikajivrajika"
4097,16668049,"Masayoshi Kurihara","2026-08-14 06:20:21",960.1,2,masayoshikurihara
4098,16633414,"sagar tripathy","2026-08-13 15:57:56",960.0,2,sagar8trip
4099,16691714,"Wesley Juraschek","2026-08-19 06:07:37",958.7,2,wesleyjuraschek1
4100,16657494,Trex,"2026-08-12 14:00:14",958.2,2,trexzone
4101,16664217,Shushantw,"2026-09-09 03:07:56",957.8,2,shushantw
4102,16761728,"Vybhav Nath C A","2026-08-30 12:19:48",957.6,2,shadowfax2000
4103,16724533,"Yusei Ito","2026-08-22 19:18:19",957.3,2,yuseiito
4104,16667839,Viet-Tien,"2026-08-22 19:46:21",956.9,2,tiena2cva
4105,16770302,stardxx,"2026-08-26 02:21:35",955.5,2,stardxx
4106,16621735,VN-Orion,"2026-08-21 11:42:27",954.9,2,fastthanh78
4107,16732690,なーでぃー牧場,"2026-09-17 04:38:27",954.6,2,nadyresearcher
4108,16660711,ricardo,"2026-08-15 22:34:26",954.2,2,magania
4109,16679767,Salut!,"2026-08-12 21:56:55",954.1,2,denismekhanikov
4110,16662846,"Kerem Ercin","2026-08-27 05:44:23",954.0,2,keremercin
4111,16658097,Sujay,"2026-09-17 06:08:01",953.2,2,sujayprodduturi
4112,16703099,GansPiro,"2026-08-13 18:34:26",953.2,2,ganspiro
4113,16743165,"Chiachii Liang","2026-09-18 17:11:13",952.7,2,chiachiiliang
4114,16682936,"Latifa Riziki","2026-08-12 09:38:13",952.6,2,latifariziki
4115,16645712,"Changye Li","2026-08-24 06:23:33",951.5,2,antoinegg1
4116,16700314,Giallar,"2026-08-14 16:45:53",951.2,2,andreykrotkikh
4117,16889423,ShinChua,"2026-09-14 12:50:22",951.1,1,shinchua
4118,16656948,"alexander kern","2026-08-24 18:02:17",950.1,2,alexanderkern
4119,16673110,"Sri Jayavel K","2026-08-20 08:18:31",949.4,2,srijayavelk
4120,16737113,"Sergei Myshianov","2026-08-20 03:24:23",949.3,2,sergeimyshianov
4121,16665050,"Praneeth Palugula","2026-08-14 06:28:56",948.4,2,praneethpalugula
4122,16857894,"Ludwig Agurto Contador","2026-09-12 22:35:55",948.1,2,ludwigagurtocontador
4123,16655128,"Somasundar V","2026-09-08 20:24:00",946.8,2,somasundarv
4124,16738467,EnriFermi,"2026-08-26 23:51:18",946.5,2,enrifermi
4125,16749153,"Arnav Mishra","2026-09-12 05:10:43",946.4,2,arnavmishra02
4126,16681749,"rohith vinice","2026-08-11 23:55:16",946.2,2,rohithvinice
4127,16914198,yama,"2026-09-17 18:28:07",946.1,2,y4matt
4128,16724779,"Gavin Cao","2026-08-16 09:00:53",945.2,2,gavinxgcao
4129,16622034,"Aryan Yadav","2026-08-15 18:49:17",945.2,2,simplexcomplex
4130,16693159,"Zonglin Han","2026-08-13 17:10:08",945.1,2,zonglinhan
4131,16687724,Yijue1,"2026-08-11 02:15:05",944.8,2,yijue1
4132,16676356,"Wander waal","2026-08-11 02:48:56",943.9,2,wanderwaal
4133,16695964,"JiMing Feng","2026-08-17 10:56:45",943.6,2,jimingfeng
4134,16701573,"Haggai Musoda","2026-08-17 20:04:00",943.6,2,haggismusoda
4135,16660371,"José Luis Gómezz","2026-08-13 01:37:42",943.1,2,josluisgmezz
4136,16692090,sans,"2026-08-12 03:14:55",943.1,2,sans6262q
4137,16627995,"Fire Bird","2026-08-11 20:36:45",942.9,2,xuanleekaggle
4138,16697675,"Isaac Grossman","2026-08-30 23:21:35",942.8,2,kingisaac
4139,16709744,"Emre Bayram","2026-08-14 09:04:57",942.7,2,emrebayram
4140,16657857,hust_xll,"2026-08-12 05:38:12",942.3,2,hustxll
4141,16767528,"Umut Toygar Göz","2026-08-30 13:01:54",942.3,2,umuttoygargoz
4142,16699659,"Dimas Pasha Akrilian","2026-09-01 01:59:59",942.2,2,dimaspashaakrilian
4143,16697021,Vaishnavi22052006,"2026-08-11 18:43:08",941.9,2,vaishnavi22052006
4144,16635600,"Divyansh Kumar","2026-09-18 10:56:06",940.8,2,"divyanshkumar3,vivekjeetpatel"
4145,16663241,"Kris Adamatzky","2026-08-13 09:49:19",940.8,2,krisadamatzky
4146,16667052,"Dandan Li","2026-08-15 18:07:17",940.6,2,clcll532x
4147,16655826,KKY,"2026-09-15 01:12:26",940.5,2,evilpsycho42
4148,16640058,"Justin CH123","2026-08-11 09:15:28",940.4,2,justinch123
4149,16688436,Zuu3scode,"2026-08-12 15:19:16",939.8,2,zuu3scode
4150,16700116,Goldian,"2026-08-21 16:13:40",939.1,2,goldian
4151,16875777,YinboLiu,"2026-09-17 11:11:46",939.1,2,yinboliu
4152,16709300,炫酷的小克里斯,"2026-08-19 15:54:28",939.0,2,tinfufans
4153,16692138,"Bishwa Thakur","2026-09-05 09:15:47",938.9,2,bishwathakur
4154,16695608,"Elie Elias","2026-09-12 11:11:33",938.7,2,elieelias
4155,16635973,"Code by Nadiia","2026-08-31 13:09:44",938.4,2,codebynadiia
4156,16632146,Haker_Sam,"2026-08-27 10:45:31",938.1,1,hakersam
4157,16656731,"Muhammad Ali","2026-08-14 06:47:06",938.0,2,sardaralimaqsood
4158,16698942,"PRADHAN RS","2026-08-13 18:06:58",937.5,2,pradhanrs
4159,16695376,Garv88,"2026-08-13 12:19:20",937.3,2,garv88
4160,16655715,Chin,"2026-08-12 06:20:32",937.1,2,qinyukun
4161,16655952,"Tianfu Wang (王天夫)","2026-08-12 15:08:12",937.0,2,wangtf96
4162,16781276,"Nikita Greben","2026-09-07 10:55:01",936.9,2,justnik77
4163,16693886,spellstriker,"2026-08-12 22:03:20",936.5,2,spellstriker
4164,16652741,"Sergi Bas","2026-09-18 15:11:30",936.4,2,sergibas
4165,16729650,"Tapiwa Makandigona - Zimbabwe21","2026-08-31 11:36:48",936.3,2,mukanya1994
4166,16774700,たたたた,"2026-09-16 05:24:29",936.2,2,tatatata1111
4167,16674649,寿!,"2026-08-12 06:45:37",935.9,1,taka3776toshi
4168,16756925,"Dread Development","2026-09-05 11:38:51",935.7,2,"dreaddevelopment,seanornberg"
4169,16896283,"WENBO ZHANG","2026-09-16 08:18:39",935.7,1,wenbozhang2026
4170,16808914,slfmmm,"2026-09-02 11:50:26",935.2,1,slfmmm
4171,16663313,onlysmrtsumx,"2026-08-12 01:29:30",935.1,2,onlysmrtsumx
4172,16695137,"Samantha Nicole Bracamonte","2026-08-12 00:35:56",934.5,2,snrbracamonte
4173,16745092,zakihiro,"2026-08-21 07:59:39",934.1,2,zakihiro
4174,16710672,"Yasemin Koç","2026-08-14 05:52:52",934.0,2,yaseminmkoc
4175,16692164,Abdulrahman.su10,"2026-08-11 20:35:39",933.8,1,abdulrahmansu10
4176,16663919,hnhyhj,"2026-08-13 04:05:56",933.3,2,hnhyhj
4177,16651331,"Mohamed Saeed","2026-08-11 18:58:08",932.6,2,m0sm71
4178,16684163,MohamedFD,"2026-08-13 12:32:47",931.5,2,mohamedfd
4179,16705441,CooperJiang,"2026-08-13 06:57:44",931.2,2,gingersna
4180,16692103,HaniJezo,"2026-08-11 20:32:40",930.8,1,hanijezo
4181,16811576,Zi,"2026-09-03 01:52:15",930.7,1,kaigaokaigao
4182,16660333,"Deanos Crew","2026-08-11 13:10:19",930.6,2,jamescole0101
4183,16635280,"Narendra Sirvi","2026-08-12 06:43:07",930.0,2,narendras78
4184,16665702,"Aman Gupta","2026-09-08 16:26:19",929.9,2,amangupta0014
4185,16726948,Stitch,"2026-09-17 11:10:50",929.9,2,mitsuaccessjam
4186,16689770,"Abdillah Sagif","2026-08-11 10:11:23",929.7,2,abdillahsagif
4187,16706283,haogood666,"2026-08-11 08:25:40",929.7,1,haogood666
4188,16659692,"Hùng Nguyễn Huy (Hiirooo)","2026-08-11 03:47:45",929.5,2,hngnguynhuy
4189,16684012,ceh,"2026-08-16 04:58:18",928.5,2,emilhessman
4190,16708333,"Phạm Vương","2026-08-11 16:17:10",928.2,2,vuongphamqq
4191,16687594,"Andrew Markley","2026-08-13 01:19:04",927.7,2,andrewmarkley1
4192,16708573,Benser,"2026-08-15 14:41:24",927.6,2,benser
4193,16668334,Suavemango,"2026-08-12 05:18:03",927.5,2,suavemango
4194,16695176,"Zakaria Settar","2026-08-16 21:52:31",927.4,2,zakariasettar
4195,16625615,"Mobeen Fatima","2026-08-28 16:47:17",927.4,2,mobeenfatimah
4196,16662166,duy,"2026-08-31 08:50:51",927.4,2,hduynguyen
4197,16670433,"Mohammad Osamah Atif","2026-08-19 08:46:32",927.3,2,osamatif
4198,16704027,"Alan Cai","2026-08-10 22:36:40",927.3,1,alancai27
4199,16706004,Divyansh,"2026-08-25 16:38:00",926.8,2,sehgaldivyansh
4200,16676154,"Tuan Tran","2026-08-10 16:29:40",926.7,2,thtuan
4201,16678638,Loshtradz,"2026-08-26 18:40:35",926.7,2,loshtradz
4202,16669643,"Athenix Kaggriculture","2026-08-24 18:23:54",926.2,2,sdafdsfsdfgdsg
4203,16805763,"Masaya Kawamata","2026-09-04 03:39:48",926.1,2,masayakawamata
4204,16692457,t2better,"2026-08-12 11:56:41",925.8,2,t2better
4205,16705584,"Adil Munawar","2026-08-29 21:18:33",925.2,2,adilmunawar
4206,16659803,nRuaif,"2026-08-22 02:47:10",925.1,2,phngdoan
4207,16696769,"maximo lorenzo y losada","2026-08-12 13:07:35",925.0,2,maximolorenzoylosada
4208,16690567,"Falih Kaleel","2026-09-13 12:54:08",924.6,2,alphajet185
4209,16684075,"Tianfang Li","2026-08-13 14:20:13",924.5,2,tianfangli1
4210,16660331,A.K.NITHIN,"2026-08-12 12:07:32",923.7,2,aknithin
4211,16680690,MYOUCER,"2026-09-01 01:20:04",923.2,2,myoucer
4212,16681620,wanwanuil,"2026-08-13 12:43:19",922.6,2,wanwanuil
4213,16681275,"CUG HeQiao","2026-08-12 09:06:14",922.6,2,cugheqiao
4214,16767431,Nine1Eight,"2026-08-24 16:51:12",922.2,1,wethepeople918
4215,16697142,Kujaomega,"2026-08-10 22:13:02",922.1,1,kujaomega
4216,16767164,"yuhan wu","2026-08-26 09:37:53",921.4,2,yuhanwu487
4217,16695501,brocade,"2026-08-15 00:01:12",921.1,2,brocade
4218,16738705,"Atilla Y","2026-09-12 06:51:34",919.8,2,atillay
4219,16823736,"Logan Seitz","2026-09-09 15:07:29",918.4,2,loganseitz26
4220,16666733,"Alberto MV","2026-08-10 23:06:33",918.4,2,albertomv
4221,16702774,FilipJ,"2026-08-16 18:34:05",918.1,2,filipjarmua
4222,16709069,"James Mcquay","2026-08-14 18:05:40",917.9,2,jamesmcquay
4223,16912040,YUYAN457,"2026-09-18 08:13:27",917.8,2,yuyan457
4224,16632579,ZZfancy,"2026-08-11 12:04:42",916.9,2,zzfancy
4225,16670384,"Gordeev Max","2026-09-18 19:34:08",916.6,2,gordeevmax
4226,16687935,"Sardak Pavel","2026-08-24 11:51:58",916.4,1,bebra3222
4227,16627400,"Krasnov Daniil","2026-08-11 06:04:48",916.1,2,daniilkrasnovvv
4228,16691591,"Dheeraj Kumar #3","2026-08-12 04:05:32",916.0,2,kdheeraz
4229,16661983,"Victor's Team","2026-08-12 12:05:19",915.7,2,"dlordsjustified,jezrealmomoh,joludare,victorokpe"
4230,16684947,Hoaquason,"2026-09-04 08:54:54",915.3,2,"datnguyen0102,mibombaclat"
4231,16636004,"Ragunath Ravi","2026-08-11 10:59:07",915.3,2,ragunathravi
4232,16705370,TS2333,"2026-08-11 03:40:40",915.0,2,ts2333
4233,16712651,riicon,"2026-09-13 14:18:39",914.7,2,risakashiwabara
4234,16701221,"Othman Istaiteh","2026-08-10 13:25:38",914.7,2,istatieh
4235,16633886,mudesteven,"2026-08-16 02:54:25",914.7,2,fastlight2007
4236,16707584,sadatch,"2026-08-13 05:18:28",914.6,2,sadatch
4237,16809277,"Shuntaro Tanaka","2026-09-11 01:01:20",914.3,2,shuntarotanaka
4238,16804961,explise,"2026-09-02 08:13:03",914.1,2,explise
4239,16666410,"Binil George","2026-08-12 10:40:43",913.7,2,binilg
4240,16660037,shehai.lrs,"2026-08-11 13:37:32",913.3,2,shehailrs
4241,16650485,nasu726,"2026-08-13 13:51:20",913.1,2,nasu726
4242,16687824,"André Dkw","2026-08-10 17:17:25",912.8,2,andrdkw
4243,16667233,EdGy2k,"2026-08-10 10:41:12",912.5,2,edgy2k
4244,16676043,"Tejash Rai","2026-08-14 07:16:01",912.3,2,tejashrai
4245,16707993,"Sangita Bannore","2026-08-11 14:33:47",912.0,1,sangitabannore
4246,16817309,"TeddyDog Lovely","2026-09-03 10:44:15",911.5,2,teddydoglovely
4247,16656316,"Richard Tang","2026-08-11 01:09:34",911.0,2,richardgtang
4248,16828106,AG,"2026-09-16 08:23:59",910.6,2,lacroix7771
4249,16675582,DavidX,"2026-08-11 06:05:18",910.6,2,davidasx
4250,16632675,"Baran Kucuk","2026-08-11 15:09:58",910.5,2,barankucuk
4251,16677723,"Trip Meiners","2026-08-11 19:26:55",910.2,2,tripmeiners
4252,16733121,saturnliu,"2026-09-10 17:20:24",910.2,2,saturnliu
4253,16692490,"Enes Coşkun","2026-08-11 05:37:38",910.0,2,enscskn
4254,16666282,"Bang sion","2026-08-22 10:06:06",909.5,2,bangsioni
4255,16702482,"Carlos Navarro","2026-08-14 05:26:26",909.1,2,navarr0
4256,16671666,showtree,"2026-09-02 01:53:55",908.7,2,showtree
4257,16672374,"kelly waldeck","2026-08-11 21:07:30",908.2,2,kellywaldeck
4258,16730449,"Shinichiro Yoshida","2026-09-08 00:32:56",907.7,2,sysd00
4259,16633006,Kaiser,"2026-09-01 06:36:38",907.5,1,kaiserm
4260,16700630,apoyusiken,"2026-08-12 06:10:52",907.4,2,umutarpay
4261,16806886,dreamtear,"2026-09-02 05:55:56",907.3,1,mohanzeng
4262,16780558,hxrdxk,"2026-08-29 18:36:48",907.2,2,hxrdxk
4263,16679371,ΛYMΞNRH,"2026-08-11 06:43:55",907.0,2,aymnrh
4264,16631777,KiKi,"2026-09-03 04:27:02",906.8,2,kingkiller2164
4265,16635238,"Tai Tien Ta","2026-09-03 03:25:55",906.4,2,tittin
4266,16736816,LLE,"2026-08-22 16:50:40",906.2,2,"rajaditya01,saiash"
4267,16704622,ray,"2026-08-11 16:30:13",906.1,2,rayenezanned
4268,16728955,"Chris Murphy","2026-09-07 23:33:26",905.8,2,mur418
4269,16652904,TonightIsOver,"2026-09-07 04:41:27",905.6,2,tonightisover
4270,16830784,栀蓝thy,"2026-09-15 10:03:44",905.0,2,tianhaoyuan86
4271,16639476,耶✌,"2026-08-30 19:52:36",905.0,1,qifeihhh666
4272,16655686,Kyle,"2026-09-17 12:35:44",904.9,2,kylezhouzhou
4273,16709473,"Selahattin Günter","2026-08-23 14:07:42",904.8,2,selahattingnter
4274,16624088,Pomiro,"2026-08-11 04:41:24",904.7,2,pomiro
4275,16657091,raw2clean,"2026-08-12 08:12:12",904.2,2,raw2clean
4276,16681848,Haraguchi-T,"2026-09-01 09:03:21",903.5,2,haraguchit
4277,16624625,"Harsha Vardhan","2026-08-10 07:33:35",903.5,2,harshacode101
4278,16729863,Monkeyzl,"2026-08-22 20:02:21",903.1,2,monkeyzl
4279,16659890,"Cu Spoon","2026-08-25 22:02:11",902.9,2,cuspoon
4280,16706315,"Desert Fox88","2026-08-11 12:02:03",902.3,2,desertfox88
4281,16745059,mekduy,"2026-08-29 11:42:07",902.3,2,mekduy
4282,16659662,MOHSIN525,"2026-09-01 15:43:49",902.1,2,mohsin525
4283,16656691,"Sahaj Deep Singh","2026-08-12 01:39:36",902.0,2,sahajdeepsingh9877
4284,16770777,"Oscar Legoupil","2026-09-09 15:43:18",901.8,2,oscarlegoupil
4285,16688136,"Armanzhan Ayan","2026-08-11 16:49:36",901.2,2,armanzhanayan
4286,16688265,"Kyle #2","2026-08-11 01:51:35",901.2,2,georgeturbo
4287,16793275,"Biao Cao","2026-08-30 13:44:48",901.1,1,biaocao398
4288,16665058,"Llin Ding","2026-09-01 05:38:32",900.6,2,llinding
4289,16679519,"Петьо Лазаров","2026-08-10 22:30:35",900.5,2,pesosz
4290,16682303,"Kapadiya Nirav Kumar","2026-08-18 06:24:30",900.5,2,kapadiyaniravkumar
4291,16658487,radozaprazny,"2026-09-12 14:09:06",900.4,2,radozaprazny
4292,16691275,"Muhiminul Islam   Mahim","2026-08-12 10:04:35",900.2,2,muhiminulislammahim
4293,16672579,"Udbhaw Anand","2026-08-22 13:15:18",899.9,2,udbhawanand
4294,16692110,"Ahmed Khudair","2026-08-11 22:33:06",899.8,1,ahmedkhudair121
4295,16698735,Larfii,"2026-08-21 18:01:02",899.4,2,larfii
4296,16793134,sawasawasawa,"2026-09-07 09:06:57",899.2,2,yukisawamura
4297,16644891,yankang_XZK,"2026-09-02 18:29:53",898.7,2,yankang233
4298,16767932,"Mark #3","2026-09-18 18:27:26",898.6,2,markdjadchenko
4299,16726422,"Praveen Kumar","2026-08-29 11:25:55",898.6,2,pankajrepswal
4300,16786082,"Noberto Frota","2026-08-29 00:40:42",898.2,1,nobertofrota
4301,16669494,"Abdullah Razi","2026-09-03 18:39:36",897.9,2,abdullahroninrazi
4302,16729800,"Alchemical Retard.","2026-08-20 07:28:07",897.7,2,alchemicalretard
4303,16661754,edwinis,"2026-09-18 10:41:06",897.7,2,edwinis
4304,16663649,"Akhil Chinta","2026-09-18 01:00:42",897.3,2,akhilchinta1505
4305,16653153,Gbining,"2026-08-09 12:21:06",897.2,2,gbining
4306,16701466,"HELIOS reasonning","2026-08-11 22:38:55",896.9,2,heliosreasonning
4307,16664481,"Siddhu Jaykay","2026-08-12 14:02:29",896.5,2,siddhujaykay
4308,16669778,UknesIruka,"2026-09-18 18:30:56",896.5,2,uknesiruka
4309,16839972,"Yusuf Lee","2026-09-05 15:16:20",896.4,1,yusuflee
4310,16662213,"Yang Zong-Yu phD","2026-09-04 17:15:32",896.4,2,yangzongyuphd
4311,16790115,Starumi,"2026-08-31 00:39:22",896.1,2,starumi
4312,16656181,Vishwa,"2026-08-11 05:46:58",896.0,2,rv1922
4313,16762837,Nagamatsur,"2026-09-17 12:24:55",895.3,2,rihitonagamatsu
4314,16768644,Momoko,"2026-08-25 03:22:50",895.1,1,yangmengyuanmomoko
4315,16705192,"John Ogah","2026-08-16 03:54:21",894.5,2,johnogah
4316,16737482,Lindicaphxag,"2026-08-27 03:41:59",894.5,2,oblivicore
4317,16639496,"Sai Teja Bandaru","2026-08-11 14:51:49",894.0,2,saitejabandaruin
4318,16663820,taka,"2026-09-16 22:06:10",893.4,2,takaakiishi
4319,16667731,"Agent 33","2026-08-28 13:20:28",893.2,2,agent33
4320,16734498,kazuhiro3381,"2026-09-18 23:16:45",893.2,2,kazuhiro3381
4321,16850522,WayneCheng,"2026-09-08 08:07:59",893.0,2,taffy1883
4322,16719551,JamesYip7,"2026-08-20 10:24:50",892.4,2,jamesyip7
4323,16652849,Hejunhui,"2026-08-16 14:15:29",892.1,2,website98
4324,16695903,cerensukaramese,"2026-08-14 09:18:05",891.9,2,cerensukaramese
4325,16654122,"Peter Thompson","2026-08-10 17:59:36",891.9,2,mightytreefolk
4326,16667124,"Chaotic Era","2026-08-12 01:26:13",891.9,2,sani84
4327,16674744,"Burhan Ul Tayyab","2026-08-10 10:55:43",891.2,2,babychick
4328,16696608,beanbamboozled,"2026-08-10 10:45:19",891.0,2,beanbamboozled
4329,16731924,CuddleYokai,"2026-08-19 10:57:11",890.8,2,cuddleyokai
4330,16655693,DePie,"2026-08-10 08:01:37",890.6,2,phucthaiv02
4331,16808116,WWAWW,"2026-09-15 03:47:37",890.1,2,masatowaragai
4332,16662653,"Jordan Schaeffer","2026-09-09 01:49:11",890.1,2,jordanmschaeffer
4333,16758244,yumizu,"2026-09-15 00:47:05",889.7,2,yumizzzz
4334,16711204,"harden james","2026-08-12 08:00:14",889.6,1,ffusername
4335,16688808,"Niranjan Nakkala","2026-08-11 12:26:14",889.3,1,niranjanmudhiraj
4336,16657429,"xiao cat q","2026-08-12 01:41:13",889.3,2,xiaocatq
4337,16660911,"Animesh Ratna","2026-08-23 22:01:35",889.1,2,animeshratna
4338,16643233,"Marco DG","2026-08-11 06:20:14",889.0,2,marcodg
4339,16908623,42,"2026-09-18 19:26:11",888.6,2,"ffy208,kefeiyan"
4340,16692678,Nerozud,"2026-09-10 07:36:41",887.6,2,"lorerubiano22,nerozud"
4341,16684639,Bru3ll,"2026-08-09 15:50:45",886.7,2,bru3ll
4342,16660479,"Lakhindar Pal","2026-08-31 13:26:49",886.3,1,lakhindarpal
4343,16673097,"Sonu Kushwaha","2026-09-01 11:10:15",885.7,2,sonukushwaha124
4344,16667994,"Zhian Wei","2026-09-11 06:57:54",884.4,2,zh1anwe1
4345,16724233,"Rafal Porwol","2026-09-16 16:48:33",884.3,2,rafalporwol
4346,16640869,taijunhao,"2026-08-12 10:26:30",883.7,2,taijunhao
4347,16672075,"Kameron Green","2026-08-11 05:49:32",883.4,2,hgenix20
4348,16784719,"Ayush Shekhar","2026-09-07 13:23:45",883.3,2,ayushshekhar56
4349,16760247,kriskur123,"2026-09-15 14:23:38",882.4,2,kriskur123
4350,16658044,"Roshan Singh","2026-08-22 08:47:57",882.1,2,roshanavadheshsingh
4351,16696644,"Franklin T","2026-09-13 07:17:43",881.9,2,franklin0410
4352,16732140,Miaa1526,"2026-08-24 08:58:42",881.5,2,miaa1526
4353,16737702,"kaneko takafumi","2026-09-17 15:06:58",881.5,2,kanekotakafumi
4354,16644378,"hicham bedrani","2026-08-28 11:33:17",881.3,2,hichambedrani
4355,16713031,"Nahid Hossain Redom","2026-08-13 15:38:30",881.3,2,nahidhossainredom
4356,16623461,MightyK,"2026-08-09 05:36:23",881.1,2,anhhkhoi
4357,16661093,"INDRAJIT SWAIN","2026-08-15 13:23:37",880.9,2,indrajitswain
4358,16736429,Rudra278,"2026-08-18 12:07:42",880.1,1,rudra278
4359,16638998,"khalid harouach","2026-09-17 13:32:02",879.7,2,khalidharouach
4360,16658746,marinxbt,"2026-09-11 14:18:24",878.6,2,marinxbt
4361,16662712,"Roman Stupin","2026-08-27 23:52:01",878.0,2,rcnegby
4362,16685743,"Alex Oranov","2026-08-28 19:30:54",878.0,2,aoranov
4363,16671837,"Ronald K Wilson ","2026-08-28 13:09:38",877.8,2,ronaldkwilson
4364,16676275,Scorpi,"2026-08-12 01:34:25",877.6,2,scorpi
4365,16657598,"Arun Mallikarjuna","2026-08-10 04:29:14",876.9,2,arunmallikarjuna
4366,16725680,henri66,"2026-08-15 21:09:47",876.9,2,henri665
4367,16749776,DataLover,"2026-08-20 16:34:37",876.8,1,paulknidler
4368,16675305,"Justin Sabu Sebastian","2026-08-22 23:19:57",876.6,2,justinsabusebastian
4369,16659585,"Anas Riaz","2026-08-08 20:20:23",876.0,2,anasriaz
4370,16672371,Loren-wen,"2026-08-09 13:23:49",874.7,2,wofusituerte
4371,16688579,"Long Hu","2026-08-09 09:41:04",874.4,1,longhul
4372,16763706,断罪の孤高の神・大宇宙草莓覇皇,"2026-09-18 19:17:36",873.7,2,qilejiang76
4373,16660594,XIAODOUZI,"2026-08-17 12:06:50",873.4,2,xiaodouzi666
4374,16904681,yzhaolabs,"2026-09-17 16:08:59",873.2,1,zhaoyuanzhen
4375,16780967,"black hole sun","2026-09-01 02:25:21",872.9,2,danielefiorino
4376,16668758,"Aman Vishwakarma","2026-08-09 17:33:00",872.7,2,amanvishwakarma01
4377,16639236,"Dhavan Shah","2026-08-12 18:20:38",872.5,2,dhavanshah99
4378,16689471,wenjinyang,"2026-08-11 13:32:09",871.7,2,wenjinyang
4379,16709905,Rospel,"2026-09-15 04:52:59",870.3,2,rospel
4380,16674881,"Saisree Dhanasekaran","2026-08-20 08:09:07",870.1,2,saisreedhanasekaran
4381,16870350,praneethb7,"2026-09-11 08:50:53",869.9,1,praneethbudati
4382,16665500,"Madan kumar","2026-08-13 17:31:57",867.9,2,winklemad
4383,16654322,"Debatreya Biswas","2026-08-10 02:02:38",867.6,2,debatreyabiswas
4384,16675752,"Simon Rüba","2026-08-10 14:23:16",867.4,2,simonrba
4385,16663780,"Hamza Kanice","2026-08-09 00:08:11",867.4,2,hamzakanice
4386,16674353,"Lakshmanan R","2026-09-02 06:32:53",867.2,2,lakshmanankumar02
4387,16724895,russ,"2026-08-19 08:55:30",867.1,2,mdevian
4388,16761975,lixiuqixiaoke,"2026-08-26 09:59:11",866.6,2,lixiuqixiaoke
4389,16653262,"tianwen zhang1","2026-08-08 16:21:18",866.6,2,tianwenzhang1
4390,16670202,"Elizabeth Park","2026-08-09 20:33:17",866.2,2,elizabethpark
4391,16644150,"J.M.Mubasshir Rahman","2026-08-09 17:15:01",866.2,2,jmmubasshirrahman
4392,16666632,to1_10i,"2026-08-19 20:27:42",865.9,2,to110i
4393,16631101,"Muneeb ul Hassan","2026-08-10 09:56:41",865.0,2,muneeb2405
4394,16914530,"zhaorui chen","2026-09-18 02:30:07",864.6,2,zhaoruichen
4395,16815105,"Saurav Chaudhari","2026-09-03 08:46:53",864.3,2,saur3x
4396,16622487,"Sam kramer_1028","2026-08-18 09:40:58",863.4,2,samkramer1028
4397,16891579,"chengxuan yang","2026-09-18 07:43:19",863.3,2,chengxuanyang
4398,16695799,Vaycheslav,"2026-09-13 14:04:41",863.2,2,vaycheslav
4399,16672660,"Straw Hat","2026-08-11 06:14:47",863.0,2,"anuragugargol,tanishafagare114"
4400,16699784,nianyu,"2026-08-10 09:46:32",862.8,2,nianyuc
4401,16658875,"Noah Bishop","2026-08-10 09:56:34",862.7,2,noahbishop1
4402,16683982,Kenny,"2026-08-16 19:43:13",862.7,2,kmonar
4403,16659610,gareeb,"2026-08-10 15:46:50",862.6,2,"arjund29,saqlainsqx,yashawl194"
4404,16664179,animelonerboy,"2026-08-09 15:52:55",862.6,2,adambasa5
4405,16726173,"Aman Bihari","2026-08-23 12:51:05",862.2,2,amanbihari
4406,16694744,XiaoZhiren,"2026-08-10 13:03:56",861.9,2,"ruikangan,xiaozhiren"
4407,16696852,MYGEMER,"2026-08-09 15:43:13",861.6,1,mygemer
4408,16811703,"Han Wang","2026-09-17 03:09:40",861.2,2,hanwang666
4409,16660395,ljx59141421,"2026-08-12 01:27:08",861.1,2,ljx59141421
4410,16732679,argon,"2026-08-19 08:32:47",860.6,2,argonlabs
4411,16665976,"Daksh Goyal","2026-08-08 20:36:06",859.8,2,dakshgoyal387
4412,16702909,SG4265,"2026-09-07 21:14:54",859.7,2,sg4265
4413,16847456,waHAHA,"2026-09-07 09:53:07",859.5,1,wangshen1994
4414,16683036,"Ritesh Thawkar","2026-08-14 08:34:08",859.4,2,riteshthawkar
4415,16811685,benhur0905,"2026-09-18 11:55:19",859.2,2,benhur0905
4416,16915820,CjzmFeng,"2026-09-17 16:08:19",858.8,2,cjzmfeng
4417,16663668,"╰┈➤ˎˊ˗ www.sleepyai.org","2026-08-08 23:49:32",858.7,2,tahsinarafat
4418,16623034,"Vlad Kochetov","2026-08-10 21:43:51",858.4,2,vladkochetov07
4419,16693374,"Henfry De Los Santos","2026-08-12 11:43:51",858.4,2,henfrydelossantos
4420,16676025,"Csaba József","2026-08-31 19:31:00",858.2,2,"jcsaba,peterkiss4"
4421,16692883,coolguy,"2026-08-08 20:56:21",858.2,1,vihangpagare334
4422,16656296,Fususu,"2026-09-05 04:32:44",858.0,2,phuongncn
4423,16799997,Yitao111,"2026-09-18 03:23:08",857.9,2,yitao111
4424,16845514,"Long Fang","2026-09-17 08:02:56",857.7,2,fanglong
4425,16645078,"A Aswanth Raj","2026-08-09 08:57:36",857.6,2,aaswanthraj
4426,16732746,MSG_Encrypted,"2026-09-18 19:41:05",857.6,2,msghais
4427,16905921,关注塔菲喵,"2026-09-16 16:11:46",857.6,2,zuberi05
4428,16904529,"Zhihao Weng","2026-09-17 16:05:23",857.5,2,zhihaoweng
4429,16754552,Touyu,"2026-09-18 10:38:15",857.4,2,yutoaoki
4430,16722500,"Mike Murunov","2026-08-16 15:18:17",857.0,2,mikhailmurunov
4431,16694065,zhangwei02,"2026-08-30 09:29:12",856.8,2,zhangwei02
4432,16655323,roma,"2026-08-09 19:49:51",856.6,2,mnroma
4433,16845420,"Terrance Luangrath","2026-09-08 05:41:53",856.5,2,tksluangrath
4434,16692469,neoistheone,"2026-08-08 18:38:13",856.5,1,neoistheone
4435,16772977,mr_agent_rrr,"2026-09-17 18:20:08",856.1,2,mragentrrr
4436,16662718,xlnt,"2026-08-22 12:37:49",856.0,2,"princebisht,xlnt404"
4437,16904566,Athnnna,"2026-09-17 03:04:04",855.9,2,athnnna
4438,16684852,後藤将斗,"2026-08-24 14:51:20",855.9,2,masato09
4439,16762494,西松大祐,"2026-09-16 02:57:48",855.4,2,wep212
4440,16756592,"Abdalrahman Eissa","2026-08-23 23:43:11",855.4,2,abdalrahmaneissa
4441,16655210,Amon,"2026-08-16 06:09:04",855.0,2,kingaemon
4442,16635518,"ROFIQUL ALAM SHEHAB","2026-08-09 11:49:00",854.8,2,rofiqulalamshehab
4443,16890366,lachesism,"2026-09-18 15:10:02",854.1,2,lachesism
4444,16663928,Auxileon,"2026-08-09 16:20:13",854.0,2,auxileon
4445,16879949,"Du Yutong","2026-09-18 04:22:36",853.8,2,duyutong6
4446,16854347,"Arul Gandhi","2026-09-12 10:19:13",852.5,2,arulgandhi
4447,16664409,"Kathi Munishwar","2026-08-09 03:37:05",852.2,1,kathimunishwar
4448,16692970,LakoMoor,"2026-08-09 17:43:25",852.1,2,lakomoor
4449,16713590,"Александр Арутюнян","2026-08-13 05:20:18",850.2,2,alexarut17
4450,16652827,"Rob C","2026-08-14 03:04:30",849.9,2,robertcheah
4451,16746592,Harvester,"2026-08-21 13:57:05",849.6,2,yudhis16
4452,16661899,AAI,"2026-08-09 14:23:08",849.3,2,aiolapo
4453,16807134,"Chaowei Liang","2026-09-09 01:53:25",849.0,2,chaoweiliang
4454,16672247,"Movie Watch2022","2026-08-18 19:48:12",848.8,2,moviewatch2022
4455,16760101,"Big Moo","2026-08-25 00:52:06",848.7,2,abdullahramadan1
4456,16878695,"Yang Lv","2026-09-15 13:56:56",848.7,2,lvyang199888
4457,16623485,XtraLearning,"2026-08-09 17:10:36",848.1,2,xcessivesmash
4458,16848546,"TaoMark Tao","2026-09-18 15:38:43",847.8,2,taomarktao
4459,16635330,tekatoncat,"2026-08-16 23:42:10",846.5,2,tekatoncat
4460,16806003,"Hazqeel Afyq","2026-09-18 22:36:54",846.5,2,hazqeelafyqathaillah
4461,16676038,"Adyanth M","2026-08-09 05:12:40",846.2,2,adyanthm
4462,16920167,"Jack Deng","2026-09-18 10:40:21",845.7,2,jackdeng123
4463,16708315,beeyan,"2026-09-18 23:56:12",845.5,2,beeyan0821
4464,16653984,"Howard Lyu","2026-08-08 18:35:00",845.2,2,howardlyu
4465,16685828,Ztr0,"2026-08-09 05:53:10",845.1,2,y1amadeus
4466,16705440,Lannuo,"2026-09-18 08:02:04",845.0,2,lannuo
4467,16670545,"Mouad AIT HA","2026-08-18 20:03:55",844.9,2,mo0103
4468,16661249,Yaohui,"2026-08-26 14:59:02",844.5,2,yaohui85
4469,16904666,"Feng ZhouQi","2026-09-18 15:33:18",843.8,2,fengzq777
4470,16661707,"Rudolf HOUNLETE","2026-08-09 11:41:08",843.6,2,queystanle
4471,16734490,Tomeiser,"2026-09-15 23:43:23",843.5,2,tomeiser
4472,16660653,kanchana's,"2026-09-15 17:34:54",843.4,2,"saikanchana,yuvarajkanchana"
4473,16672980,"Thomas Prinz","2026-08-09 13:57:51",843.4,2,xardiphotography
4474,16630372,Q.qlmmm,"2026-08-24 18:25:02",843.2,2,qlammi
4475,16679347,"Youssef EL MSIYAH","2026-08-09 12:07:55",843.1,2,youssefelmsiyah
4476,16882077,telep,"2026-09-18 20:51:07",843.0,2,vitaliypyvovar1
4477,16685116,huanghaoyu7280,"2026-09-11 10:00:17",843.0,2,huanghaoyu7280
4478,16660101,Zarathustra,"2026-08-12 02:48:18",842.7,2,rezkyadytama
4479,16695182,"Ali Haydar Özdağ","2026-08-10 14:29:59",842.7,2,ahoirg
4480,16698467,"Ra'uf Fauzan Rambe","2026-08-10 04:29:13",842.5,2,rauffauzanrambe
4481,16623189,"Aditya Mishra","2026-08-09 03:42:06",842.2,2,adityamishranika
4482,16641535,Tutti,"2026-09-06 15:16:23",842.1,2,malk271828
4483,16667245,"KAIWALYA RAUT","2026-08-09 09:04:25",841.1,2,kaiwalyaatulraut
4484,16795676,cold_star,"2026-09-04 03:54:22",841.0,1,a406161167
4485,16658278,"Malcolm Durosaye","2026-09-17 12:31:05",840.9,2,malcolm95
4486,16847663,Kanny912,"2026-09-13 02:43:55",840.8,2,kanny912
4487,16659618,"Jeevan Jolly","2026-08-13 13:51:52",840.5,2,jeevanjolly
4488,16694317,"PRITIKA SA","2026-08-09 07:17:19",840.3,2,pritikasa
4489,16884751,PSTE,"2026-09-16 04:26:04",840.2,2,"idcode,pychat,regularl2,tokenrank"
4490,16841868,彭文龙,"2026-09-14 02:41:28",839.9,2,pengwenlong
4491,16624485,"Nishant Dahal","2026-08-10 02:24:42",839.8,2,nishantdahal
4492,16845557,lh123463,"2026-09-17 03:16:15",839.6,2,lh123463
4493,16664283,"Nguyễn Hữu Công","2026-08-07 05:24:48",839.5,2,nguynhucng
4494,16840254,"Alexander Liu","2026-09-17 21:15:31",838.8,2,alexanderzhiyuanliu
4495,16661100,"Muhammad Junaid","2026-09-06 21:24:50",838.8,2,junaid512
4496,16921259,Gongshuai,"2026-09-18 14:54:40",837.7,2,dorags
4497,16711725,meatori-nu,"2026-09-05 13:40:48",837.7,2,meatorinu
4498,16857505,"DL Loz","2026-09-11 00:43:18",837.4,2,dllogic
4499,16667219,"Komil Parmar","2026-08-08 10:00:55",837.2,2,komilparmar
4500,16833052,"we lose some 🏆","2026-09-10 16:11:54",837.1,2,sayangoswami
4501,16891841,thx123456121,"2026-09-18 14:34:26",836.8,2,thx123456121
4502,16662592,"Vladislav Yushkevich","2026-08-09 14:54:24",836.8,2,"crazyflyingsheep,vladislavyushkevich"
4503,16660430,"Hassaan Ibrahim","2026-08-10 12:45:55",836.7,2,hassaanibrahim
4504,16789865,AgroByte-dev,"2026-09-02 14:39:25",836.4,2,ylyasyylkybayev
4505,16857488,THFuller,"2026-09-10 03:13:42",836.1,2,neoist
4506,16857636,"Adura Sia","2026-09-13 02:24:43",836.0,2,"bitsmini,corebase,llmrun,opsneo"
4507,16728633,draven,"2026-09-12 07:35:01",835.2,2,ustchx
4508,16840819,clammpon,"2026-09-15 15:09:27",835.1,2,clammpon
4509,16917996,huzhenyi,"2026-09-18 03:08:53",835.0,2,huzhenyi
4510,16655497,cszf_first,"2026-08-09 02:06:46",834.9,2,cszffirst
4511,16904592,YuanQinYi,"2026-09-17 03:04:45",834.9,2,yuanqinyi
4512,16904394,Sylvia47,"2026-09-18 04:16:08",834.7,2,sylvia47
4513,16662161,"Touhidul Alam Seyam","2026-08-10 12:39:51",834.2,2,seyamalam
4514,16698071,nixotrix,"2026-09-07 21:16:50",833.8,2,nixotrix
4515,16671174,Alexandre008,"2026-08-09 12:29:49",833.8,2,alexandre008
4516,16677774,"Abdulatif Mahgoub","2026-09-18 20:50:17",833.5,2,abdulatifmahgoub
4517,16885336,"Hanya Zhang","2026-09-16 04:43:29",833.4,2,hanyazhang
4518,16919136,"Xinye Li","2026-09-18 07:39:29",833.3,2,lxinye09
4519,16659958,brainpick,"2026-08-24 21:54:50",833.1,2,prathvirajpalekar
4520,16910441,"Guanchao Sun","2026-09-18 02:28:49",832.7,2,guanchaosun
4521,16655567,Heisnotanimposter,"2026-09-04 07:23:21",832.5,2,test013
4522,16888071,lawjkj,"2026-09-18 02:09:35",831.6,2,lawjkj
4523,16639645,RamenBoy,"2026-09-08 14:38:35",831.4,2,ramenboyjapan
4524,16857762,zetaex,"2026-09-13 02:32:06",831.2,2,"cvcost,fluxdev,lossvis,zetaex"
4525,16847300,"Lam PayGi","2026-09-08 02:02:17",831.2,2,lampaygi
4526,16680646,Naym0425,"2026-08-14 04:20:36",831.1,2,naym0425
4527,16857685,"waves wang","2026-09-13 02:25:51",830.4,2,"cliwave,cyberpsi,hyperacc"
4528,16866974,"Haoyang David Dong","2026-09-15 02:51:03",829.5,2,haoyangdaviddong
4529,16830079,"Quan Vu","2026-09-04 11:35:57",829.1,2,quan0095
4530,16667091,"Nico Feiler","2026-08-07 14:27:47",829.1,2,nicofeiler
4531,16690897,"Ashok Kumar Garain","2026-08-08 13:26:11",828.8,1,ashokkumargarain
4532,16665935,eternitywinner,"2026-08-08 14:41:53",828.6,2,eternitywinner
4533,16660259,Marcus,"2026-08-08 17:23:34",828.3,2,marcuseno
4534,16665230,"Jack Burley","2026-09-04 21:01:15",828.2,2,jackburley
4535,16773448,"Qamar usman","2026-09-18 17:12:30",827.6,2,qamarmath
4536,16658789,Zhanpeng.W,"2026-08-08 10:05:26",827.6,2,zhanpengw
4537,16694751,im_justmatthew,"2026-08-10 11:27:00",827.1,2,imjustmatthew
4538,16639583,typeIIIfairy,"2026-09-10 10:11:22",827.0,2,typeiiifairy
4539,16857723,"Denise Mo","2026-09-13 02:30:07",826.9,2,"clipcode,daskrank,maskgen,nnmerge,opscfg"
4540,16683909,"Krzysztof ""Chris"" Karaszewski","2026-08-14 08:41:11",826.7,2,futureofworkchannel
4541,16731259,"Manvik singh rathore","2026-08-30 17:18:55",826.6,2,manviksinghrathore
4542,16660613,今日洗澡明日香,"2026-08-07 09:58:49",826.3,2,"jasperkag,ryjiang,timmengzh,yningc"
4543,16907268,"Ilya Fedorov","2026-09-18 14:58:00",825.6,2,sorrow321
4544,16671844,I2nfinit3y,"2026-08-07 02:27:10",825.2,2,i2nfinit3y
4545,16890073,risottoolive,"2026-09-18 13:12:40",824.9,2,risottoolive
4546,16732008,"Phoebe Lin","2026-09-05 01:05:06",824.8,2,phoebe0511
4547,16663457,Furqan102102,"2026-08-09 12:02:35",824.8,2,furqan102102
4548,16684568,"[ODS] waniz","2026-08-08 11:04:42",824.7,1,wanizz
4549,16624003,weedfarmer,"2026-08-08 05:34:16",824.4,2,aleksanderhan
4550,16630249,"Aymar Avohoueme","2026-08-20 10:22:33",823.8,2,aymaravohoueme
4551,16655156,"Pranjal Ranjan","2026-08-06 23:58:43",823.7,2,pranjalranjan299
4552,16675753,Khafidin,"2026-08-12 05:16:26",823.6,2,khafidin
4553,16677399,lyts,"2026-09-13 19:17:03",823.5,2,lytsyyds
4554,16679683,Aberrchan,"2026-08-08 17:44:32",823.4,2,aberrchan
4555,16857621,"yunwen shen","2026-09-12 01:24:42",823.0,2,"cudastack,dlbyte,dsbeta"
4556,16657989,"vishnu gopal P","2026-08-08 12:27:56",822.6,2,vishnugp
4557,16643193,"Shoroogh Ahmadi","2026-08-13 10:36:43",822.4,2,shorooghahmadi
4558,16670406,"jessica jennifer","2026-08-20 15:55:41",822.1,2,jessicajennifer
4559,16669930,"Ilya Klimanov","2026-08-25 13:30:13",821.7,2,ilyaklimanov
4560,16661739,"Spandan Mhapsekar","2026-08-08 10:39:41",821.4,2,spandanmhapsekar
4561,16670361,"Saud Saudesen","2026-08-15 22:16:42",821.1,2,saudsaudesen
4562,16639125,"Caio Coelho","2026-08-09 15:38:12",820.4,2,caio41
4563,16854523,"Mingsi Guo","2026-09-16 12:01:04",820.3,2,mingsiguo
4564,16792989,ALKRIS,"2026-08-31 14:35:26",819.3,2,wasimjbuh
4565,16854059,"Gökmen KÜÇÜKAYDIN","2026-09-17 12:13:40",819.1,2,gkmenkkaydin
4566,16866155,gomamonaka,"2026-09-12 10:10:10",819.1,2,gomamonaka
4567,16660120,gktdgktdgktd,"2026-08-07 07:50:45",818.9,2,gktdgktdgktd
4568,16681226,"tingting shen","2026-08-10 09:24:23",818.8,2,tingtingshen99
4569,16671314,"Robot Farm","2026-08-29 16:54:23",818.5,2,codearranger
4570,16869317,Pikachuexeallen,"2026-09-12 19:46:36",818.2,2,pikachuexeallen
4571,16688898,"Sanskar Omar","2026-08-09 11:10:44",817.8,2,sanskaromar7
4572,16654623,"Asher Goldstein","2026-08-09 17:54:27",816.4,2,ashergoldsteincd21
4573,16835621,"Atharv Santosh","2026-09-05 02:49:27",816.4,1,atharvsantosh
4574,16672629,"Alex Boyd","2026-09-06 15:37:19",816.2,2,alexrayboyd
4575,16838800,"LEE Dailun","2026-09-09 13:59:27",816.0,2,peterccll
4576,16680075,I_luv_magick,"2026-08-07 09:50:30",815.8,2,iluvmagick
4577,16640332,"ning gu","2026-08-21 00:01:22",815.4,2,morninggu
4578,16760841,KIsXcl,"2026-08-24 14:34:11",815.2,2,kisxcl
4579,16653208,FabienDaniel,"2026-08-07 10:17:38",814.6,2,fabiendaniel
4580,16671403,"Alex Karpowicz","2026-08-08 18:36:52",814.5,2,alexkarpowicz
4581,16633043,"Ryan Adams","2026-09-08 23:48:54",813.8,2,ryanadamsai
4582,16684762,X-xuhui,"2026-08-08 10:07:58",813.8,2,xxuhui
4583,16660385,"Jose Santiago Echevarria","2026-08-25 12:02:45",813.5,2,jmsechevarria
4584,16644552,Keanan,"2026-08-08 11:35:17",813.1,2,citerne
4585,16742442,"Anton Dugin","2026-08-21 09:51:07",812.7,2,antondugin
4586,16634174,phibkro,"2026-08-07 03:10:52",812.7,2,phibkro
4587,16664827,"Jose Miguel Diez de la L","2026-08-07 16:08:49",812.4,2,josemigueldiez
4588,16720234,Aditya109,"2026-09-08 05:20:00",811.7,2,"aditya109,tathagattyger"
4589,16884814,"Stcey Cong","2026-09-16 04:30:33",811.5,2,"loopide,mapmicro,modelkit"
4590,16664242,"Alex Lee","2026-08-11 03:43:12",810.1,2,aiexanderr
4591,16881928,"Saad Khan","2026-09-18 07:00:00",809.8,2,saadlohani
4592,16692677,"Ashish Dubey","2026-08-10 06:17:34",809.8,2,ashish124536
4593,16670117,"Raj Aryan","2026-08-07 18:15:04",809.2,2,rajaryan2503
4594,16666358,"GAYATHRI SALINI","2026-08-07 07:55:26",809.2,2,gayathrisalini09
4595,16736559,"Team Rot-Weiß","2026-08-19 13:22:35",809.1,2,moritzpaal
4596,16678930,"Just a moroccan","2026-08-09 13:45:12",808.5,2,zbidaamine
4597,16673002,xubenzheng,"2026-08-07 15:40:31",808.3,2,xubenzheng
4598,16668034,ggggalaxy,"2026-08-28 04:56:40",808.3,2,ggggalaxy
4599,16854074,yudai_000111,"2026-09-18 11:04:39",808.1,2,yudai000111
4600,16732667,Doug,"2026-08-26 23:26:49",807.8,2,dougsgrott
4601,16667479,"Leon Christians","2026-09-13 17:12:37",806.9,2,leonchristians
4602,16673179,"Muhammad Faraz Aftab","2026-08-09 10:18:58",806.3,2,muhammadfarazaftab
4603,16662730,Operator-X,"2026-08-08 10:06:04",806.3,2,"jpexee,lavlinjaisonme23b250"
4604,16656347,OctahedronBB,"2026-08-07 00:52:27",806.1,2,octahedronbb
4605,16661132,"Jia Chen","2026-09-10 20:04:02",806.0,2,jiachenjasper
4606,16670221,fle3n,"2026-08-08 19:48:37",805.5,2,fleongg
4607,16639606,Peach2587,"2026-08-12 03:19:13",805.1,2,momokayoshioka
4608,16666625,"Nguyen Ngoc Thien","2026-08-07 16:12:04",804.9,2,ngocthienai
4609,16664666,"Rheal Thomas","2026-08-21 19:29:44",804.5,2,rhealthomas
4610,16656118,Mutte1904,"2026-08-07 05:03:56",804.4,2,mutte1904
4611,16663569,XYZ,"2026-09-06 00:11:35",804.1,2,h249748fkv7lyhik897
4612,16690889,"B A S E L #","2026-08-08 14:47:22",803.9,2,basselll
4613,16676677,"Clark Stéphane","2026-08-07 18:58:45",803.9,2,clarkstphane
4614,16667714,ZhexinJiang,"2026-08-06 11:26:30",803.8,1,zhexinjiang
4615,16630441,"yjhv buddies","2026-08-07 09:50:05",803.1,2,bender1123123
4616,16666946,pwxc00,"2026-09-08 20:49:33",802.4,2,alert04
4617,16665529,Venneth,"2026-08-08 12:32:20",802.4,2,venneth
4618,16653117,"li jiaqi77","2026-08-07 05:32:06",802.2,2,lijiaqi77
4619,16679848,Nikola010,"2026-08-13 16:29:19",802.0,2,nikola010
4620,16665015,"laiba razzaq10","2026-08-07 14:21:49",801.9,2,laibarazzaq10
4621,16670058,"Dahoui Alex Armel ","2026-08-07 01:02:07",801.8,2,dahouialexarmel
4622,16729165,コーラ,"2026-08-23 07:30:40",801.7,2,cola0912
4623,16637919,NoOneAhead,"2026-08-07 05:12:50",801.6,2,jerrlu
4624,16720913,Candidates,"2026-08-23 17:18:05",801.4,2,"ulyanovmmm,vladimirarchipov"
4625,16880045,"Underground Farmers","2026-09-13 13:04:19",801.4,2,xavierwi
4626,16668995,"MD.Firoj Khondokar","2026-08-06 11:05:13",801.2,2,mdfirojkhondokar
4627,16669491,"Parakh Sharma","2026-08-06 10:59:33",801.2,2,parakh20
4628,16690829,JeremyH43,"2026-08-16 00:06:30",801.2,2,jeremyh43
4629,16663369,csteeve,"2026-08-07 18:44:37",800.9,2,csteeve
4630,16678506,SireeshLimbu,"2026-08-08 08:39:43",800.4,2,sireesh
4631,16669608,"Jesy Lu","2026-08-13 16:21:53",800.3,2,jesylu
4632,16671372,"Meet Sabhaya","2026-08-08 06:02:13",800.1,2,meetsabhaya
4633,16722341,"Pham Huu Bao Chung","2026-09-16 08:57:18",799.7,2,phamhuubaochung
4634,16832686,DongShangYu,"2026-09-16 04:56:40",799.7,2,dongshangyu
4635,16705242,"Chonghao Peng","2026-09-04 21:45:52",799.6,2,chonghaopeng
4636,16634468,"Kun Zhang","2026-09-01 11:38:47",799.1,2,beicicc
4637,16654626,bgsszsa,"2026-08-07 12:01:33",798.8,2,bgsszsa
4638,16685990,VictorAndrew,"2026-09-05 22:20:04",798.7,2,vicktvr
4639,16686843,"Juraj Zelman","2026-08-09 08:40:09",798.2,2,jurajzelman
4640,16625472,"luna is free！","2026-08-29 16:39:51",798.2,2,simingtan
4641,16665353,Sakshamm2587,"2026-08-17 16:50:43",798.2,2,sakshamm2587
4642,16658499,Grifun,"2026-08-09 03:24:51",798.0,2,msingatullin
4643,16658717,"Aditya Kapadia","2026-08-06 14:32:16",797.6,2,adityakapadia2003
4644,16670040,galaxyhunter,"2026-08-17 19:22:06",797.5,2,pkharkwal
4645,16827859,"Ishraq Tanvir","2026-09-04 08:38:08",797.0,2,ishraqtanvir
4646,16666826,"Simone di costanzo","2026-08-07 19:38:11",797.0,2,simonedicostanzo
4647,16758431,"Mathews Jere","2026-08-26 18:10:25",797.0,2,mathewjere
4648,16683852,"Abhiram Anil","2026-08-08 06:26:11",796.9,2,abhiramanil
4649,16670807,mannogun,"2026-09-04 23:15:49",796.8,2,arcanejumper
4650,16633276,"Nolan Liang","2026-08-09 03:26:47",796.8,2,iamlkn
4651,16680408,mochogo,"2026-08-07 05:42:33",796.6,1,mochogo
4652,16687463,"Manolo Chow","2026-08-09 22:56:20",796.5,2,manolochow
4653,16668029,Timbo615,"2026-08-07 11:56:21",796.3,2,timbo615
4654,16665256,zhoujqi,"2026-08-06 18:31:31",796.0,2,zhoujqi
4655,16660537,Furina,"2026-08-08 13:52:01",796.0,2,cjlcjlcjl
4656,16640582,Attension_Seeker,"2026-08-10 06:57:51",795.8,2,aisipu
4657,16669273,Parag,"2026-08-07 02:10:29",795.1,2,paragkale
4658,16659000,xjlgg123,"2026-08-08 12:35:10",794.7,2,xjlgg123
4659,16669518,Galagala,"2026-08-07 18:35:59",794.6,2,b12705059
4660,16664819,"SUBHASRI  S","2026-09-17 14:56:19",794.3,2,subhasri2007
4661,16656393,"Faris Abqari","2026-08-07 00:15:25",794.1,2,farisabqari11
4662,16630758,"Keshav Joshi","2026-08-20 18:53:37",793.8,2,keshavjoshi22
4663,16655076,"Tita Kongolo","2026-08-08 09:08:57",793.7,2,titakongolo
4664,16663052,gh,"2026-09-13 21:30:08",793.2,2,grzegorz
4665,16683439,Goober,"2026-08-10 19:46:41",793.2,2,kongzhisyuen
4666,16655763,"Diogo Sena","2026-08-22 17:08:45",792.8,2,diogodmsena
4667,16681986,"Chirantan Bhardwaj","2026-08-07 10:07:52",792.7,1,chirantanbhardwaj
4668,16753850,"Ahmad Ali","2026-09-09 17:58:10",792.7,2,ahmadali1243534
4669,16867277,"Oriol Hinojo","2026-09-18 10:21:29",792.4,2,oriolhinojocomellas
4670,16638909,mbscgi,"2026-08-04 22:48:03",792.1,2,mbscgi
4671,16670378,"Ari Carter","2026-08-08 23:18:02",791.9,2,aricarter
4672,16654832,mohit,"2026-08-07 00:01:08",791.6,2,mohitvarred
4673,16670065,"Artyom Sayapin","2026-08-18 23:40:18",791.3,2,spielmeister
4674,16652900,cjen07,"2026-08-07 23:33:05",790.9,2,cjen07
4675,16622788,Fitzcarraldo,"2026-08-07 14:17:24",790.7,2,ivankuc
4676,16742806,"Oğuz Karabulut","2026-09-11 07:47:41",790.6,2,ouzkarabulut
4677,16841816,JasonDTao,"2026-09-14 06:38:01",789.9,2,jasondtao
4678,16753826,"Jai Mata Di","2026-08-31 10:09:11",789.8,2,mrigshira
4679,16655364,AmirElite,"2026-09-17 23:10:55",789.8,2,amirelite
4680,16658025,"Dennis Gioche","2026-08-06 09:08:34",789.5,2,dennisgioche
4681,16896810,Xcution,"2026-09-16 18:23:35",789.4,2,gghhjjkk
4682,16735488,"arhaan rai","2026-09-01 19:18:46",789.4,2,arhaanrai
4683,16683764,bf01,"2026-08-21 21:19:05",788.9,2,jalperov
4684,16658384,UwU,"2026-08-10 04:20:44",788.9,2,sewitz
4685,16659525,"Dang Khoa Nguyen","2026-08-17 09:51:16",788.8,2,khoadangnguye
4686,16664360,"Rohan L","2026-09-17 00:08:57",788.7,2,rohanlopes
4687,16678288,"Speedrun retirement","2026-08-30 18:59:23",788.5,2,"josephkimanikamau,nanducode"
4688,16689084,Tam1m,"2026-08-29 09:56:39",788.3,2,booleanwolf
4689,16669971,"Luka Philip","2026-08-08 16:09:32",788.0,2,lukaphilip
4690,16665169,"Rahul Barakoti ITM","2026-08-07 10:58:30",788.0,2,rahulbarakotiitm
4691,16673604,"Jiman Kwon","2026-08-21 17:23:47",787.7,2,jimankwon
4692,16758174,REBEL_K,"2026-08-27 18:30:45",787.0,2,rebelk
4693,16674550,"Jebastin Nadar","2026-08-06 10:09:16",786.7,2,samfc10
4694,16665561,LuoXingda,"2026-08-07 08:22:42",786.3,2,luoxingda
4695,16764419,"Leo #2","2026-08-30 08:17:12",786.1,1,nanlihao
4696,16744809,"Ruben Romero Fernández-Monge","2026-08-25 18:00:39",785.9,2,salieri7
4697,16848841,Spacejam,"2026-09-07 16:15:52",785.7,1,spacejam1221
4698,16742239,"Benny Joseph","2026-09-17 13:06:06",785.6,2,pbennyjoseph
4699,16664890,ideal_m99,"2026-09-14 04:48:27",785.6,2,idealm99
4700,16698489,"JIUZHOU CHAN","2026-09-18 00:58:35",785.5,2,jiuzhouchan
4701,16659820,Accayo14,"2026-08-06 14:20:30",785.0,2,accayo14
4702,16642579,"Desyat IO","2026-08-09 17:31:59",784.8,2,desyatio
4703,16682336,"Çınar Efe Yetişen (Student)","2026-08-19 08:29:20",784.8,2,narefeyetienstudent
4704,16639280,"Faruk Çiftler","2026-08-09 11:27:46",784.5,2,abdullahfaruk
4705,16681065,SYC,"2026-08-07 03:22:25",784.4,1,yichengs
4706,16681480,"Kevin Nguyen","2026-08-14 18:16:29",784.3,2,haidangnguyen1802
4707,16658709,"Kaggler Albafica","2026-08-06 10:05:39",783.9,2,kaggleralan
4708,16635612,Julian,"2026-09-13 07:06:19",783.5,2,mob404
4709,16668357,"B.Pardha Manoj Reddy","2026-08-24 16:57:25",783.0,2,pardhamanojreddy
4710,16652986,"Justin Kimlim","2026-08-26 03:12:37",782.6,2,justinkimlim
4711,16656941,"Winter Lamb","2026-09-09 08:07:56",782.4,2,fabiansyahcahyo
4712,16624600,ariacat,"2026-08-06 07:16:44",782.1,2,ariacat
4713,16676280,agniii,"2026-08-06 17:05:08",781.9,2,agniii
4714,16654081,"Aleksei Ponomarev","2026-08-06 00:43:57",781.8,2,alekseiponomarev
4715,16657957,"Mounika Kommireddy","2026-08-08 07:57:32",781.8,2,mounikakommireddy
4716,16670032,Kenjo1209,"2026-09-18 23:53:54",781.7,2,kenjo1209
4717,16666301,"James Felipe","2026-09-03 05:42:24",781.7,2,jamesfelipe
4718,16747839,"Ich Schmid","2026-09-17 18:20:57",781.7,2,ichschmid
4719,16663591,"Joseph Franck","2026-08-25 10:07:56",781.5,2,josephfranck
4720,16659761,cheng-han,"2026-08-06 08:16:10",781.3,2,neoshie
4721,16745450,GusNicho,"2026-08-24 03:30:55",781.2,2,pineapplepencil
4722,16653855,"Klgv Klgv","2026-08-06 11:54:38",781.0,2,klgvklgv
4723,16712577,"nattapon nakakong","2026-09-18 16:04:18",780.7,2,nattaponnakakhong
4724,16659727,shuaiqiyang,"2026-09-16 01:16:36",780.7,2,shuaiqiyang
4725,16623798,RuiKimura4,"2026-08-27 00:30:45",780.6,2,ruikimura4
4726,16635890,Poojan,"2026-08-06 09:44:47",780.1,2,poojankumartandel
4727,16677240,"Jeevan Malla","2026-08-07 07:37:46",780.1,2,jeevanmalla
4728,16630524,"Omprakash Patra","2026-09-18 18:24:26",780.0,2,omprakashpy
4729,16671407,JBro13,"2026-08-07 02:29:02",779.8,2,jbro13
4730,16655353,"Pablo Montenegro","2026-08-09 02:13:47",779.1,2,pablomontalb
4731,16631665,"jatan sanghvi","2026-09-07 14:03:17",779.0,2,jatansanghvi
4732,16654726,"James Mancillas","2026-08-07 15:46:12",778.4,2,jamesmancillas
4733,16663178,Sm00thiecodes,"2026-08-07 11:00:29",778.4,2,sm00thiecodes
4734,16660555,"Nguyễn Nhật Thanh","2026-08-07 03:45:29",778.2,2,nguynnhtthanhhhhh
4735,16658723,"Waleed Alkhateeb","2026-08-05 13:31:44",777.9,2,waleedalkhateeb
4736,16668668,"George Byne","2026-08-25 10:10:36",777.6,2,georgebyne
4737,16666686,yolo,"2026-08-08 12:08:38",777.4,2,avin55
4738,16623236,"Yonatan Nemtsov","2026-08-06 00:28:01",777.4,2,yonatannemtsov
4739,16879185,"xuhang ren","2026-09-18 02:45:03",777.4,2,xuhangren
4740,16783131,Hawkeye,"2026-09-03 07:15:17",777.3,2,pragneshbagary
4741,16732022,Mosamosa,"2026-09-03 00:42:06",777.2,1,mosamosa
4742,16782792,"[Deleted] bdc3c175-811b-438f-9c3a-c2d9c80c106a","2026-08-29 07:16:45",777.0,2,del=e8b93c44cf962f9e
4743,16665431,"Monojit Nandy","2026-08-06 11:50:38",776.7,2,vedarthmn
4744,16635781,wacata,"2026-08-19 14:53:05",776.6,2,wacata
4745,16693164,nuggettttt,"2026-08-09 02:14:22",776.1,2,nuggettttt
4746,16670671,"TAUIL Abd Elilah","2026-08-11 01:17:39",776.1,2,tauilabdelilah
4747,16698538,"Haozhe Wang 2022","2026-08-24 00:50:02",776.0,2,haozhewang2022
4748,16664368,"Ujjwal Reddy","2026-08-10 19:43:26",775.9,2,ujjwalreddyks
4749,16732722,Kusanagi,"2026-08-24 21:52:54",775.6,1,kusanagiap
4750,16719793,dhuruvapriyan,"2026-08-14 16:06:42",775.6,2,dhuruvapriyan
4751,16677965,felipe9695,"2026-08-12 21:23:05",775.6,1,felipe9695
4752,16792568,李秉叡（ntumlnoob）,"2026-09-13 19:19:44",775.4,2,ntumlnoob
4753,16621802,fgwiebfaoish,"2026-08-13 12:21:54",775.3,2,fgwiebfaoish
4754,16806251,"Seok Jun Kim","2026-09-08 07:51:16",775.2,2,sjk1225
4755,16657942,"Gokul Prasath","2026-08-04 23:38:18",775.0,2,beastgokul
4756,16658670,EveryJust,"2026-08-07 08:33:35",774.9,2,"everyjust,zfc666wsnd"
4757,16677188,Nicooni,"2026-08-06 16:35:01",774.8,1,nicooni
4758,16916213,"Arjun Hans","2026-09-18 02:13:40",774.5,2,arjunhans
4759,16684470,"Soumi Ghosh","2026-08-11 10:59:07",774.2,2,soumighosh911
4760,16668545,Ronty00,"2026-08-06 08:24:07",774.1,2,ronty00
4761,16635679,WUHAOZHE618,"2026-08-15 04:08:45",774.0,2,wuhaozhe618
4762,16702796,Yavuz.YILMAZ,"2026-09-07 12:22:45",773.9,2,yvztpe
4763,16624977,Avikumar93801,"2026-08-11 05:55:19",773.9,2,avikumar93801
4764,16675203,HK,"2026-08-06 11:38:05",773.8,1,hizurukonishi
4765,16676283,jnurik,"2026-08-07 17:24:01",773.8,2,nurdauletmoldik
4766,16667606,Manifolds1,"2026-08-06 16:36:46",773.6,2,ptrakuldit
4767,16660470,"Oğuz Kaan Mavice","2026-08-28 09:39:58",773.2,2,oguzkaanmavice
4768,16659217,Dynamic_fire07,"2026-08-05 18:51:51",773.1,2,"dynamicfire07,tryingmybest123"
4769,16653939,"Amr Yasser","2026-08-06 17:56:07",772.9,2,amryasswe
4770,16870596,juicyorange,"2026-09-18 22:37:04",772.8,2,billychau1
4771,16665898,chengsongtao,"2026-08-23 00:12:59",772.7,2,cheng618
4772,16660819,nya654nya,"2026-09-14 08:30:21",772.7,2,nya654nya
4773,16672520,"Nah I'd win","2026-08-07 08:09:12",772.6,2,asutriy
4774,16656709,"Anh-Vu Mai-Nguyen","2026-09-18 18:53:17",772.5,2,mainguyenanhvu
4775,16677675,"Roman Mironov","2026-08-06 17:30:28",772.4,1,helloromiro
4776,16726025,"Yanrun Chen","2026-09-07 12:15:23",772.4,2,yrchen98
4777,16841445,Challo,"2026-09-16 17:47:15",772.3,2,germantardioperez
4778,16663213,"Takahiro Someya","2026-08-10 22:03:09",772.0,2,takahirosomeya
4779,16730288,matsurih,"2026-09-17 08:34:06",772.0,2,matsurihime
4780,16664300,"swajay nandanwade","2026-08-05 04:57:10",771.6,2,swajaynandanwade
4781,16802695,"Taras Sam","2026-09-07 17:36:00",771.5,2,tarassam
4782,16753820,sbite0138,"2026-09-10 14:12:17",771.0,2,sbite0138
4783,16668060,"Spiros Skarmoutsos","2026-08-08 12:48:07",770.4,2,spirosskarmoutsos
4784,16667547,"miaoqing long","2026-08-06 03:31:43",770.4,2,miaoqinglong
4785,16666245,"Cagatay Morcicek","2026-08-13 06:53:40",770.4,2,thisismylabs
4786,16770912,IsonaEi,"2026-08-26 12:48:48",770.3,1,isonaei
4787,16642154,Burkina_team_mate,"2026-08-06 15:30:54",769.6,2,"belemkalilou,tedjosegregorybere"
4788,16661019,lmq,"2026-08-04 14:47:23",769.6,2,lmminhquang
4789,16847548,"Abhinav Sai Podugu","2026-09-10 06:59:09",769.5,2,abhinavsaipodugu
4790,16644390,"Manan Gupta","2026-08-05 17:08:32",769.2,2,obirdy
4791,16675027,namanbnsl,"2026-08-06 13:02:52",769.0,2,namanbnsl
4792,16669542,Agzam,"2026-08-06 05:09:43",769.0,2,mazgag
4793,16745264,wpang,"2026-09-18 19:08:18",768.9,2,wangshu
4794,16664170,SpookyHippo,"2026-08-06 02:44:29",768.6,2,spookyhippo
4795,16823948,"Alexey Stepanov","2026-09-04 21:57:25",768.6,2,alexey0508
4796,16666609,"visit palja.co","2026-08-15 03:34:49",768.6,2,sselrats
4797,16811628,"Roger Yang","2026-09-08 03:12:08",768.3,2,rogerjyang
4798,16660091,bcTiann,"2026-08-06 05:55:54",768.1,2,bctiann
4799,16858849,"Mark Diamond","2026-09-13 22:11:38",768.0,2,ponkle
4800,16658213,"Ahmet Abdullah Gültekin","2026-09-18 00:20:03",768.0,2,abdullahgultekin
4801,16729472,"Boris Pletenev","2026-08-16 17:23:56",767.9,1,borispletenev
4802,16679155,jeziorop,"2026-08-06 20:34:53",767.8,1,jeziorop
4803,16627023,Farrmer,"2026-08-05 08:02:35",767.8,2,noahfarr
4804,16669400,"Martin Konôpka","2026-08-06 12:16:13",767.6,2,rumburakk
4805,16666163,"Muthuraman Raman 7","2026-08-06 05:25:09",767.6,2,muthuramanraman7
4806,16668329,HakimTaoufik,"2026-08-18 13:06:18",767.3,2,hakimtaoufik
4807,16639043,"saroj bono","2026-08-28 18:42:55",767.3,2,sarojbono197
4808,16659565,Tekin24,"2026-08-13 21:25:21",767.2,2,tekin24
4809,16664775,DoubleZs,"2026-08-06 02:55:02",767.2,2,zhang051018
4810,16673155,"Babar Khilji","2026-08-06 15:55:26",767.2,2,babarkhilji
4811,16664400,Boruiyang21,"2026-08-05 14:56:03",767.1,2,boruiyang21
4812,16794125,"Xero Scythe","2026-09-02 18:57:39",767.0,2,xeroscythe
4813,16687135,"Kavya Bhandari","2026-08-22 17:20:43",767.0,2,kavyabhandari1998
4814,16839782,"mou chen111","2026-09-05 15:00:04",766.8,2,mouchen111
4815,16631016,木下陽平,"2026-08-06 14:52:20",766.8,2,yoheikaggle
4816,16632446,"Abdul Wahab Khan","2026-08-06 04:53:37",766.7,1,abdulwahab2321
4817,16656009,"Steven Liu","2026-08-31 06:25:02",766.7,2,thornkey
4818,16664291,"William Dennis","2026-08-11 07:57:27",766.4,2,williamdennis
4819,16875632,HexTex,"2026-09-12 04:34:49",766.2,2,hexlab
4820,16663099,"Md. Abdullah Al Mamun","2026-08-05 02:16:43",766.0,2,mamun18
4821,16668039,NotEnoughTokens,"2026-08-06 13:04:52",765.9,2,"adofai,jonghyun7777,taglink"
4822,16655493,TheDigitalCK,"2026-08-07 12:31:58",765.8,2,thedigitalck
4823,16654209,"Nirav Mehta 1612","2026-08-10 15:41:47",765.5,2,niravmehta1612
4824,16657861,"Liao Zixu","2026-08-25 04:28:34",765.4,2,liaozixu
4825,16652560,"Ahmed Samir","2026-08-03 12:15:01",765.4,2,ahmedsamir1598
4826,16699080,"Karthikeya Thatipamula","2026-09-12 04:52:19",765.2,2,karthikeya18
4827,16666242,"Lalwani Palash","2026-08-08 07:45:46",764.9,2,lalwanipalash
4828,16862461,"Guilherme Volpe","2026-09-18 03:34:17",764.9,2,guivolpe
4829,16698045,"Vikhas S G","2026-09-07 06:12:25",764.8,2,vikhassg
4830,16762722,"Bruno Romero García","2026-08-31 20:24:32",764.5,2,brunoromerogarca
4831,16757741,"Malte Bories","2026-08-25 20:08:35",764.2,2,maltebories
4832,16654486,alijs,"2026-08-06 14:27:22",764.2,2,alijs1
4833,16790145,"Casper du Jardin Kejser","2026-09-04 09:12:34",763.9,2,casperdujardinkejser
4834,16742362,"AMANI DD","2026-08-23 08:02:47",763.9,2,dkonan
4835,16699699,rudykane,"2026-08-11 16:06:34",763.7,2,rudykane
4836,16762634,"Clement Ling","2026-09-11 08:49:26",763.7,2,clementling
4837,16751999,"Poorna Sai Dumpa","2026-08-25 01:03:04",763.7,2,poornasaidumpa
4838,16661685,"Lê Ngọc Lâm","2026-08-13 15:29:40",763.5,2,lengoclam
4839,16658173,Tamizharuvi,"2026-09-18 18:13:55",763.4,2,tamizh1
4840,16734312,truebelief,"2026-09-09 00:11:41",763.4,2,truebelief
4841,16655534,"Charles Mills","2026-08-06 16:40:27",763.3,2,charlesqmills
4842,16670765,"tensor choko","2026-08-05 23:03:23",763.3,1,tensorchoko
4843,16678250,"RMS Danaraj","2026-09-08 19:52:43",763.1,2,salorajan
4844,16656420,"Aditya Raj #2","2026-08-18 16:37:49",763.0,2,optimus2005
4845,16886420,infoproje,"2026-09-13 12:58:25",762.8,2,infoproje
4846,16641326,IY,"2026-08-05 19:27:31",762.8,2,irotrader
4847,16660376,"Ahmed Sedky 0100","2026-08-06 20:56:37",762.7,1,ahmedsedky0100
4848,16718916,"ROBERT SSEBAMBULIDDE","2026-08-14 19:21:24",762.5,2,robertssebambulidde
4849,16797785,"Vivek Verma","2026-08-31 20:36:45",762.0,2,cosmicescape
4850,16655294,Mobzya,"2026-08-26 23:11:15",761.9,2,mobzya
4851,16632138,kaggle_bbgg,"2026-08-05 11:59:35",761.9,2,kagglebbgg
4852,16849443,"Abhishek Kumar Gupta","2026-09-08 17:27:49",761.3,2,guptabhishekumar
4853,16669282,sky233,"2026-08-06 17:06:04",761.1,2,sky233
4854,16919251,"Eric Fan","2026-09-18 20:27:50",761.1,1,ericfan1110
4855,16653958,seowoohyeon,"2026-08-06 11:48:06",760.9,2,seowoohyeon
4856,16637519,Temprao,"2026-08-03 12:16:43",760.7,1,maruimono928
4857,16748741,"pt ptao","2026-08-26 12:50:45",760.6,2,ptptao
4858,16659045,Rai1,"2026-08-08 11:53:28",760.5,2,rai2003
4859,16650396,RaymondZhao0304,"2026-08-04 00:39:30",760.3,2,raymondzhao0304
4860,16656345,sunchang71,"2026-08-05 14:05:13",760.1,2,sunchang71
4861,16662872,"Artem Garbart","2026-08-05 09:41:29",760.0,2,artyomgarbart
4862,16652896,"R^2 negative","2026-08-04 23:14:38",759.8,2,rktqwe
4863,16667503,Yuzuki,"2026-08-05 12:19:45",759.7,1,yuzukiohya
4864,16898165,"Mahmoud Nasser","2026-09-17 17:37:56",759.7,2,lomnafsk
4865,16662946,uzair,"2026-08-04 18:40:46",759.5,2,quantumcurator
4866,16767453,IterumVici,"2026-09-06 19:28:10",759.5,2,iterumvici
4867,16730045,渡邊征央,"2026-09-18 05:49:15",759.4,2,undertaker3409
4868,16796145,Qian,"2026-09-01 15:04:00",759.2,2,"aurelianz,qianyuchaoni"
4869,16793461,"Muhammad Hokimiyon","2026-09-13 14:49:54",758.8,2,muhammadhokimiyon
4870,16658014,Bharath,"2026-09-19 00:00:27",758.8,2,pes2ug23cs121
4871,16825081,huohuaya,"2026-09-09 06:09:50",758.8,2,huohuaya
4872,16695556,"Prajwal Dongre","2026-08-12 08:53:42",758.8,2,prajwaldongre
4873,16711556,"Avvy Lavoienne","2026-08-18 04:44:16",758.2,2,avvylavoienne
4874,16659676,Light,"2026-08-05 03:07:39",757.7,2,aadarshashrestha007
4875,16772626,"Dr. Mikholae Hutchinson","2026-09-05 19:48:53",757.4,2,drmikholaehutchinson
4876,16657294,"Ragul M","2026-08-04 07:08:51",757.4,2,ragul7002
4877,16661010,"Dante Dyches-Chandler","2026-08-05 04:36:09",757.0,2,dantedycheschandler
4878,16672264,iiTz_AK,"2026-08-15 12:18:44",757.0,2,iitzak
4879,16656503,"Thiago Munhoz da Nóbrega","2026-08-04 20:47:37",756.6,2,thiagommtmn
4880,16625013,sash,"2026-08-05 01:00:10",756.5,2,sash2104
4881,16661410,tmxdlr,"2026-08-05 12:40:54",756.3,2,tmxdlr
4882,16694399,"Sujith Kumar Sashikanth","2026-08-10 00:01:32",756.3,2,sujithsashi
4883,16634752,"Praise the SHOVEL","2026-08-03 16:16:28",756.2,2,barnobarno
4884,16848208,"Takuto Inoue","2026-09-18 23:57:53",756.0,2,takutoinoue
4885,16914287,"Vinzi Leo","2026-09-17 13:04:42",756.0,2,vinzileo
4886,16727696,Milkman,"2026-08-19 15:05:17",755.7,2,talhasahi
4887,16643095,ckyasb,"2026-08-05 14:39:42",755.6,2,ckyasb
4888,16802341,"Yousef Turk","2026-09-08 04:00:16",755.3,2,yousefturk
4889,16734672,"Artom  Wade","2026-09-18 19:01:18",755.1,2,artomwade
4890,16894603,"Riyan Ahasan Araf","2026-09-16 02:11:59",755.1,2,riyanahasanaraf
4891,16653085,"haoran huang430","2026-08-06 02:37:22",754.3,2,haoranhuang430
4892,16764081,"Demir Durbakayım","2026-08-29 21:21:56",754.2,2,sixcode
4893,16657094,irynavs,"2026-08-13 13:23:56",753.6,2,irynavs
4894,16664565,"Wayne Chou","2026-08-05 12:30:14",753.6,2,ambientz
4895,16700265,Reesav,"2026-08-10 14:15:06",753.4,2,reez08
4896,16654271,"Sophie and Yanna","2026-08-19 17:08:47",753.4,2,"morty3500,sophanie"
4897,16917732,qianqiuwushang,"2026-09-18 06:42:57",753.3,1,qianqiuwushang
4898,16673682,MJ.LIU.T,"2026-08-06 08:14:05",753.2,1,mjliut
4899,16729564,"Eirik Tveiten","2026-08-19 13:04:02",753.2,2,eiriktveiten
4900,16630760,dkzmn,"2026-09-04 08:59:03",753.2,2,dmkzmn
4901,16622760,yunus_bayram_kagle,"2026-08-04 07:49:00",752.9,2,yunusbayramkagle
4902,16636148,SanggeunParrk,"2026-08-05 04:04:32",752.6,2,sanggeunparrk
4903,16881685,"Vladislav Mlechko","2026-09-12 16:41:48",752.6,1,vladislavmlechko
4904,16658684,"Takayuki Michishita","2026-09-13 11:00:03",752.5,2,takayukimichishita
4905,16662749,Jordan,"2026-09-17 00:11:22",752.3,2,extergeist
4906,16688868,AlbanMaurel7,"2026-08-14 01:34:07",751.9,2,albanmaurel7
4907,16632055,Bugra0,"2026-08-03 22:44:42",751.7,2,bugra0
4908,16631261,Monster,"2026-08-04 15:46:32",751.6,2,tmtngtrng
4909,16663187,"Teddy McBride","2026-08-07 03:59:53",751.3,2,tedcr100
4910,16634078,"yoho kumedayo","2026-08-15 12:48:29",750.8,2,dorachinyastyle
4911,16660824,"Stitch Clarity","2026-08-04 15:27:53",750.7,2,stevenanctil
4912,16679237,"Danilo Sepúlveda","2026-08-06 21:26:28",750.5,1,daniloseplveda
4913,16660361,"Abhishek Sharma","2026-08-26 10:21:10",750.4,2,abhisheksharma425
4914,16678534,"Filip Strzałka","2026-09-19 00:01:51",750.4,2,snufkin77
4915,16670099,"Jon Snyder","2026-08-06 00:27:21",750.4,2,snyderj1515
4916,16665399,"Shivam Shrivastava","2026-08-13 15:32:37",750.3,2,shivamshrivastava180
4917,16706993,Celibistrial,"2026-09-03 20:28:20",750.2,2,celibistrial
4918,16624073,SoftRL,"2026-09-15 12:22:42",750.0,2,"maruichi01,ppocharl,puws06,tatsukisato,unikina"
4919,16658616,"Amitesh Chaudhary","2026-08-11 10:04:02",750.0,2,amiteshchaudhary
4920,16658261,"Manan Khanna","2026-08-04 07:41:27",750.0,1,manankhanna0
4921,16644861,"kanzaler ensemble","2026-08-11 14:30:36",749.8,2,kanzalerensemble
4922,16786115,"Andy Phan","2026-09-07 01:10:28",749.8,2,andyphan
4923,16802675,manishcs076,"2026-09-16 21:13:06",749.8,2,manishcs076
4924,16667205,"Andrew Lee","2026-08-06 11:16:52",749.7,1,andrewlee23023
4925,16679144,つるげーねふ,"2026-09-14 13:59:04",749.5,2,atom7666
4926,16659435,Zerabyte_X,"2026-08-04 09:52:16",749.3,1,zerabytex
4927,16623665,Giba,"2026-08-05 22:44:41",749.2,2,titericz
4928,16729515,"Emmanuel Tolani","2026-08-29 15:03:36",749.0,2,emmanueltolani
4929,16806635,digimagi,"2026-09-02 05:47:57",748.9,1,digimagi
4930,16633808,mmath2,"2026-08-07 10:52:38",748.9,2,mmath2
4931,16738506,"Rok Sechs","2026-09-16 21:43:58",748.8,2,rokshimiz
4932,16650018,EiMengLove,"2026-08-05 10:27:31",748.8,2,konicty
4933,16832844,aliREZA,"2026-09-17 23:55:15",748.7,2,afazlik1
4934,16678965,MrGS,"2026-08-09 01:18:09",748.7,2,gabrielsderhll
4935,16661376,"YERMES AMINE","2026-08-04 14:13:45",748.4,1,yermes
4936,16716522,"Lavanya Bacche","2026-08-17 08:43:40",748.3,1,lavanyabacche
4937,16644221,"Guzha Panashe H","2026-08-22 15:34:41",748.3,2,guzhapanasheh
4938,16789903,"Netanel Keidar","2026-09-18 21:48:54",748.2,2,netanelkeidar
4939,16666147,"Khalid Bin Hethlain","2026-09-15 20:43:36",748.2,2,khalidbinhethlain
4940,16717448,getalife();,"2026-09-03 06:03:38",748.1,2,"byteknight28,dhairyapandya24,rounakagrwl"
4941,16632250,"Mesut Gözdemir","2026-08-05 17:54:14",747.5,2,gfkfu123
4942,16744640,"Marcin Skalski","2026-09-01 18:25:08",747.3,2,marcinskalski
4943,16632686,strike,"2026-08-06 06:21:38",747.3,2,nicolia
4944,16663273,"Mason Frias","2026-08-06 22:57:08",747.2,2,masonfrias
4945,16807875,meghana,"2026-09-10 23:44:54",747.1,2,meghana284
4946,16621709,smlcr,"2026-08-04 19:35:19",746.6,2,simulacri
4947,16894622,"Matthew B","2026-09-19 00:01:33",746.3,2,mcb68945
4948,16639241,"Alissa King","2026-08-04 05:05:30",746.2,2,alissaking
4949,16698822,JJN8825,"2026-09-18 06:02:52",746.1,2,jjn8825
4950,16629983,Amundsen,"2026-08-05 06:51:46",746.0,2,amundsen
4951,16632694,8ct10nz,"2026-08-04 12:02:49",745.7,2,act10nz
4952,16639471,CaminoLSY,"2026-08-05 01:22:09",745.5,2,lsy37521
4953,16765743,page0526,"2026-08-26 02:08:11",745.1,2,page0526
4954,16654419,kreiack,"2026-08-09 23:47:00",744.9,2,kreiack
4955,16830531,"Nikos Chatzinikolaou","2026-09-16 09:35:52",744.9,2,nikoschatzinikolaou
4956,16885059,"Bhaskar #2","2026-09-14 19:08:31",744.7,2,itikelabhaskar
4957,16654946,AliLucky,"2026-08-05 15:07:59",744.6,2,alilucky
4958,16779063,"Yendrew Y","2026-09-18 13:02:42",744.5,2,yendrewy
4959,16662496,KhalidKhan,"2026-08-05 05:31:07",744.4,2,feedfeed
4960,16654235,"Mwanza Wambua","2026-08-06 10:16:13",744.3,2,mwanzawambua
4961,16797134,Yooho0,"2026-09-07 16:25:05",744.2,2,yooho0
4962,16656171,ishu,"2026-08-04 03:27:45",744.1,2,ishhverma
4963,16766732,"Maziyar Abyari","2026-09-18 23:27:41",744.0,2,maziyarabyari
4964,16663096,Agola_dasacic,"2026-08-04 20:07:50",744.0,2,mnu303
4965,16807575,Rf28,"2026-09-03 10:29:55",743.9,2,rehyyy
4966,16671622,"Isaac Diaz Lopez","2026-09-15 04:59:43",743.8,2,isaacdiazlopez
4967,16702509,KošičanSVK,"2026-08-17 18:04:22",743.5,2,ryanstoner
4968,16625663,sota1111,"2026-09-03 01:43:41",743.3,2,sota1111
4969,16622482,"Veniamin Nelin","2026-08-04 19:40:18",743.3,2,veniaminnelin
4970,16643922,Konstantin03,"2026-09-07 17:03:30",743.2,2,konstantin03
4971,16663899,"Abdelrahman Aboegela","2026-08-05 13:54:26",743.2,2,abdelrahmanaboegela
4972,16819277,"Enshi Zhang","2026-09-05 16:26:29",743.2,2,enshizhang31
4973,16623732,A.S.TENSHU,"2026-08-17 16:25:35",743.1,2,kirvk013
4974,16641093,"Satish ","2026-08-20 04:18:42",743.1,2,satishkommanaboina
4975,16656304,"Gururaj Athani","2026-09-12 02:26:55",742.9,2,gururajathani
4976,16644882,"SAMOILOV MIKHAIL","2026-08-03 02:10:04",742.6,1,samoilovmikhail
4977,16655596,Bela,"2026-08-04 01:18:06",742.5,1,istribaik
4978,16661229,Gena,"2026-08-04 15:18:42",742.4,2,gdonchyts
4979,16688884,"As Wasti","2026-08-14 01:34:26",742.3,2,aswasti
4980,16656444,"christopher athans crow","2026-08-05 00:08:13",741.7,2,cchrisaa
4981,16686707,"Sébastien henry","2026-09-17 14:36:54",741.3,2,sebmontreal
4982,16660853,"lxh unbound","2026-08-05 00:02:02",741.1,2,lxhunbound
4983,16770724,Louras,"2026-08-26 09:49:05",740.9,2,louras
4984,16658264,XiweiZhou,"2026-09-06 23:35:58",740.8,2,xiweizhou
4985,16635055,chch,"2026-09-17 06:37:30",740.8,2,chchentw
4986,16637797,"Xiangchen Li","2026-08-04 09:47:59",740.6,2,xiangchenli07
4987,16644185,"Mimic Mohsin","2026-08-02 18:38:46",740.5,1,mimicmohsin
4988,16654006,"Harish Dhanarajan","2026-08-03 17:23:50",739.9,1,harishdhanarajan
4989,16659874,"ding yumeng","2026-08-26 11:59:06",739.8,2,dingyumeng
4990,16656170,"Chakrabhuana V  Deva","2026-08-05 06:54:50",739.7,2,chakrabhuanavdeva
4991,16676054,"Vladislav Konstantinov","2026-08-08 09:33:35",739.7,2,vladkonstantinov
4992,16866109,AAA-建材批发旭哥,"2026-09-12 03:44:40",739.4,2,aaawenxu
4993,16623540,TheDuck,"2026-08-22 15:50:49",739.2,2,jaxroth
4994,16818086,wwewwt,"2026-09-08 05:44:07",739.0,2,wwewwt
4995,16907246,VROPEXT,"2026-09-16 18:46:53",738.9,2,vropext
4996,16669227,"Tom Dufresne","2026-08-07 11:17:39",738.8,2,tadufre
4997,16713463,"Dillen Perumal","2026-08-29 16:39:37",738.5,2,dxllen
4998,16792155,abc,"2026-09-03 06:45:13",738.5,2,"datqg0,quangnguyn132"
4999,16655828,ack07,"2026-08-06 04:52:07",738.4,2,its07amit10
5000,16695555,S4K50M,"2026-08-12 14:39:41",738.1,2,setiasaksham
5001,16628727,dominyellow,"2026-08-04 11:44:21",738.0,2,dominyellow
5002,16659033,"Farzana Shaju","2026-08-05 07:18:29",738.0,2,"farzanashaju,shaikhharisjamal"
5003,16664221,Anish,"2026-08-14 00:53:48",737.9,2,anishmunje
5004,16651613,"Devin Zhou","2026-08-05 02:27:36",737.8,2,devinzhou
5005,16690050,PersistentLife,"2026-08-08 17:16:17",737.7,2,persistentlife
5006,16634213,kkunizaw,"2026-08-03 20:47:58",737.2,2,kkunizaw
5007,16655530,AlivRick,"2026-08-05 16:18:54",737.1,2,alivrick
5008,16665293,"ADITYA BEECHA","2026-08-10 05:16:38",736.8,2,bechaaditya
5009,16663515,HamsterSashka,"2026-08-20 14:40:55",736.8,2,hamstersashka
5010,16622940,"Enrico Ambrosio","2026-08-06 19:56:30",736.7,2,enricoambrosio
5011,16658562,mashBrian254,"2026-08-04 10:48:33",736.7,2,mash1990
5012,16665994,Rakhansyah,"2026-08-25 13:08:20",736.3,2,rakhansyah
5013,16670304,"Daniel Tomaro1","2026-08-09 03:03:06",736.1,2,danieltomaro1
5014,16630964,LEEKANG,"2026-08-03 14:10:21",736.0,2,poby7722
5015,16623448,HoJoonYun,"2026-08-09 13:43:43",735.9,2,hojoonyun
5016,16657817,"rohith sai midigudla","2026-08-05 12:36:40",735.9,2,rohithsaimidigudla
5017,16655603,"Veeranuch Leelalai","2026-08-11 12:55:29",735.5,2,veeranuchleelalai
5018,16623646,"Minal kharat123","2026-09-16 04:54:01",735.4,2,minalkharat123
5019,16644774,lungjyuanz,"2026-08-07 01:03:20",735.2,2,lungjyuanz
5020,16823938,"Santanu Banerjee","2026-09-13 07:05:31",735.1,2,santanubanerjee9
5021,16651180,yangyefd,"2026-08-03 08:42:57",735.1,1,yangyefd
5022,16664439,"Tony T","2026-09-10 12:16:04",735.0,2,thekke
5023,16679861,Pandabueno,"2026-08-12 15:51:48",734.5,2,ronaldomonzn
5024,16662904,Bharathms1902,"2026-08-08 11:41:54",734.5,2,bharathms1902
5025,16663407,Denis,"2026-08-11 17:42:21",734.5,2,matsiusheuski
5026,16715255,"xiaocai liu","2026-09-13 19:19:43",734.4,2,xiaocailiu
5027,16662094,"moncef elm","2026-09-05 21:39:39",734.4,2,moncefelm
5028,16876275,"JOP OK","2026-09-18 18:09:43",734.3,2,fuveo24
5029,16634022,"Cihan Atak","2026-08-02 16:00:43",734.2,2,cihanatak
5030,16818689,Takashi,"2026-09-12 10:43:09",734.2,2,takashi1
5031,16736314,"wuret henr","2026-08-20 09:10:48",734.0,2,wurethenr
5032,16775250,Junrong,"2026-08-30 00:00:13",733.9,2,fjhgjf
5033,16660939,"Quenux Studio","2026-09-03 17:07:26",733.1,2,dieguis1976
5034,16633083,bsenst,"2026-08-07 12:38:47",733.0,2,bnzn261029
5035,16672672,Koiiiiiopen,"2026-08-08 06:25:21",732.9,2,koiiiiiopen
5036,16740633,zhangtingyu11,"2026-08-20 04:34:32",732.5,2,zhangtingyu11
5037,16635159,Abdulsamad,"2026-08-06 11:48:04",732.4,2,abdulsamadjod1234
5038,16653122,Wei_Chance,"2026-08-23 10:25:14",732.0,2,bystanderq
5039,16632536,"Aleksander Sachuk","2026-08-02 21:33:27",732.0,2,alexsssachuk
5040,16631978,"batuhan kalem","2026-08-02 22:12:00",731.6,2,batuhankalem
5041,16665764,"izh yng","2026-08-21 06:16:21",731.5,2,izhyng
5042,16650701,"Oliver Wang","2026-08-03 16:17:36",731.5,2,oliverwang15
5043,16734321,SubratP85,"2026-08-25 21:03:35",731.0,2,subratp85
5044,16658265,kraken,"2026-09-05 15:23:26",730.9,2,krn0209
5045,16658571,"Yusuke Sato","2026-08-27 03:06:42",730.7,2,wanko123
5046,16747914,"Token's Expired","2026-08-22 16:25:39",730.7,2,"adeebshekh,akratisingh0101,shaankapoor21"
5047,16654153,"Mateus Cruz, Msc.","2026-08-03 17:44:02",730.2,1,matteuscruz
5048,16678370,"Chenhao Wang","2026-08-07 06:37:46",729.9,1,wangles
5049,16721639,"Ankit Sain","2026-08-25 01:14:02",729.7,2,thisankitsain
5050,16659883,"Ahmad Hfdx5","2026-08-05 03:33:48",729.2,2,ahmadhfdx5
5051,16666900,sooflee,"2026-08-12 14:19:50",729.0,2,sooflee
5052,16635680,starclan,"2026-08-14 17:50:55",729.0,2,starclan
5053,16657077,_LT_zyc,"2026-08-05 01:01:42",728.8,1,zyczyc
5054,16770454,"Nawaf Almutairi","2026-09-12 19:23:12",728.7,2,nawafbalmutairi
5055,16622015,"Ioannis M","2026-08-06 08:12:21",728.7,2,imeintanis
5056,16876706,"zijun zhang","2026-09-11 17:47:11",728.6,1,kongmu0503
5057,16642207,"Nerijus Areska","2026-08-04 00:01:32",728.2,2,nerijusareska
5058,16640811,cyberia,"2026-08-02 09:12:23",728.1,1,cyberia
5059,16641489,suminshim,"2026-08-03 06:24:39",727.7,2,suminshim
5060,16680239,"Marinto Richee J","2026-08-12 08:21:02",727.7,2,marintoricheej
5061,16656308,"Srishanth Sriramula","2026-08-08 09:02:13",727.7,2,srishanthsriramula
5062,16623542,Stardrop,"2026-09-04 05:44:53",727.6,1,wscmisx
5063,16763829,"Shane Thivaharraja","2026-09-18 03:19:09",727.2,2,shanethivaharraja
5064,16655712,"Smart Manoj","2026-08-04 01:55:13",727.1,2,smartmanoj
5065,16758889,bomboclat,"2026-08-30 08:52:08",726.7,2,sstprk
5066,16898276,SergioMoras,"2026-09-18 10:49:37",726.6,2,sergiomoras
5067,16630111,jannchie,"2026-08-04 19:09:17",726.3,2,jannchie
5068,16709800,nubx,"2026-08-20 17:12:04",725.9,2,manrajjitsidhu
5069,16739551,arao,"2026-08-28 21:24:55",725.8,2,anjanarao
5070,16730199,kawanot,"2026-08-24 09:15:18",725.6,2,kawano
5071,16682353,"counter puncher","2026-09-16 13:38:14",725.3,2,ahmadabdoumalickdiop
5072,16655588,"The Devil's World 678","2026-08-07 10:39:23",725.2,2,thedevilsworld678
5073,16637489,"Gopal Krishna Gundumalla","2026-08-02 12:39:17",724.3,2,gopalkrishnag
5074,16639810,gytdrop,"2026-08-14 12:47:28",724.2,2,"kartikeyrajbhar,shaikaktharali"
5075,16654743,"Jaume Batlle i Ferrer","2026-09-18 22:50:17",724.2,2,jaumebatlleiferrer
5076,16843436,ktaery,"2026-09-13 11:24:48",724.1,2,ktaery
5077,16667058,"Lê Quốc Duy","2026-08-08 01:03:08",723.8,2,lqucduy
5078,16805598,"I'm just trying out here QQ","2026-09-02 22:31:17",723.8,2,zadatt
5079,16668633,peien5,"2026-08-06 14:44:47",723.4,2,peien5
5080,16846490,MazharShaikh,"2026-09-12 04:53:27",723.1,2,mazharshaikh
5081,16661532,"Fedor Baart","2026-08-05 12:34:21",722.7,1,fedorbaart
5082,16668361,NinhNguyen,"2026-09-12 12:55:39",722.7,2,ninhnt110695
5083,16668748,"Harrison Interactive","2026-09-18 21:32:48",722.5,2,nosiru
5084,16774787,wpk1122,"2026-08-29 01:54:49",722.4,2,wpk1122
5085,16806142,"junjie zhou","2026-09-17 12:50:24",722.2,2,junjiezhou5100
5086,16677752,"Senya Ka","2026-08-08 19:16:00",721.9,2,m1greatcool
5087,16769419,dylanaki,"2026-09-05 15:08:18",721.9,2,dylanaki
5088,16774682,"Tatsuhito Yoshikawa","2026-09-04 02:14:45",721.7,2,tatsuhitoyoshikawa
5089,16667730,"Surya Vijjeswarapu","2026-09-03 18:49:07",720.8,2,suryavijjeswarapu
5090,16671980,601918_กิตติพงศ์,"2026-08-08 08:28:12",720.7,2,bluexg5502
5091,16658252,"Krishnan CS","2026-08-20 05:28:14",720.6,2,krishnanchathadi
5092,16763865,SydneyC666,"2026-08-26 08:50:40",720.5,2,sydneyc666
5093,16662633,"Shekhar Suman","2026-08-15 19:17:49",720.4,2,shekharvc
5094,16738239,"Yaseen Shah7897","2026-09-08 05:57:15",719.9,2,yaseenshah7897
5095,16749524,zzholo,"2026-09-06 00:16:17",719.9,1,zzholo
5096,16623389,"Mominul Islam Hemal","2026-08-02 11:23:03",719.7,2,mominulislamhemal
5097,16658852,"Chhaya Awasthi","2026-08-04 09:37:05",719.7,2,chhayaawasthi
5098,16655339,harmo-miu,"2026-08-23 05:57:37",719.7,2,harmomiu
5099,16730180,zshandy,"2026-09-08 04:57:54",719.5,2,zshandy
5100,16659996,Schwifty,"2026-08-12 20:01:01",719.4,2,schwiftyc137
5101,16667516,Rosastella,"2026-08-05 16:00:48",719.4,2,rosastella
5102,16657419,"Saivedant Hava","2026-08-05 06:36:39",719.3,2,saivedanthava
5103,16844092,Johana01,"2026-09-15 08:10:42",719.1,2,johana01
5104,16798334,"Gabriel othávio","2026-09-02 22:08:55",719.0,2,gabrielothvio
5105,16655396,Tesla1AC,"2026-08-08 08:18:09",718.4,2,mathornton
5106,16639473,"Jeff Borschowa","2026-08-02 00:39:11",718.3,2,jeffborschowa
5107,16644566,"Guangjian Dong","2026-08-02 23:59:18",718.2,1,guangjiandong
5108,16664653,Adir,"2026-08-26 00:49:46",718.0,2,adiradam
5109,16652334,"Aldibek [dsmlkz]","2026-08-27 19:33:18",717.9,2,aldibek
5110,16866097,"Pradeep Kumar Mahato","2026-09-16 14:21:29",717.9,2,pradeepkr12
5111,16898029,"Leonid Kononenko","2026-09-18 04:47:05",717.8,1,"aleksandraavetisova,leonidkononenko"
5112,16636105,"Md. Mehedi Hasan","2026-08-01 14:03:03",717.7,2,mehedi052
5113,16656167,"Minh Quang Do","2026-09-11 04:05:53",717.3,2,mrfreddy0209
5114,16652339,"Mohamed Amine Rebhi","2026-08-03 16:03:07",717.2,2,mohamedaminerebhi
5115,16639330,"Dead Signal Works","2026-08-02 12:40:32",717.1,2,brooklynhalmstad
5116,16675452,Vladislav,"2026-08-12 13:58:35",716.9,2,simmeringoverstep
5117,16639567,YassY_The_AlchemYst,"2026-08-11 15:07:03",716.8,2,yassineelhallaoui
5118,16634036,"Emanuel Lázaro","2026-08-02 14:55:30",716.4,2,emanuellcs
5119,16669052,"Md. Asif Hossain","2026-09-18 05:29:41",716.3,2,sabuktagin
5120,16693903,"Alief Randiansyah","2026-08-09 09:37:39",716.2,1,"aliefrandiansyah,salsaaghnia"
5121,16661670,sansm1,"2026-08-04 16:54:59",716.1,2,sansm1
5122,16726769,"Ci Zhu","2026-09-09 04:10:37",715.3,2,zhuci1993
5123,16809515,"Александр Трифонов","2026-09-12 20:13:15",715.0,2,cybrvibe
5124,16623932,"Axel Ahmer","2026-09-07 15:54:12",714.4,2,blondie1
5125,16654705,"Abu Saleh","2026-09-09 17:01:47",713.6,2,salehjunior
5126,16661353,mithi,"2026-08-11 20:04:07",713.4,2,singhaleo
5127,16644415,Ztrk,"2026-09-03 17:04:24",713.2,2,ztrk123
5128,16675997,"Rintaro Moriwaki","2026-09-16 16:03:10",712.5,2,rintaromoriwaki
5129,16883264,"João Felipe Aguiar","2026-09-13 15:32:14",712.5,2,joofelipeaguiar
5130,16896006,jrw208,"2026-09-15 09:37:51",711.9,1,jrw208
5131,16678666,"Rudranarayan Pradhan","2026-08-09 12:28:32",711.8,2,itzrnp
5132,16775353,"YK Pan","2026-09-14 11:19:52",711.8,2,vansher
5133,16850098,"Bob Gerry","2026-09-09 05:35:31",711.7,2,bobgerry
5134,16798401,"Hunter Mimaroglu","2026-09-02 22:00:37",711.3,2,huntermimaroglu
5135,16626217,"Stanislav Chistyakov","2026-08-05 18:52:47",711.3,2,chistyakov
5136,16891179,feng222666888,"2026-09-15 02:59:51",710.9,2,feng222666888
5137,16643692,Samsay24,"2026-08-02 17:22:45",710.2,1,samsay23
5138,16835371,"Eli Ziv","2026-09-06 00:11:52",709.4,2,eliziv027
5139,16682908,"Masha Mashallah","2026-09-12 09:32:09",709.0,2,mashamashallah
5140,16664249,"Rohan Jain","2026-08-17 20:26:14",708.9,2,rohanjain2312
5141,16876448,"Max Harvestappen","2026-09-15 16:35:36",708.9,2,ryosukefujita
5142,16658569,"Danu A.","2026-08-05 13:12:09",708.8,2,eu1234
5143,16734511,"Marcin Salaterski","2026-09-16 23:18:31",708.7,2,marcinsalaterski
5144,16911078,Tolgii,"2026-09-18 22:37:05",708.7,2,tolgakiremit
5145,16767709,"Mike Anderson","2026-09-18 15:25:34",708.6,2,manderson240
5146,16709136,ryanocm,"2026-08-13 15:08:49",708.4,2,ryanong
5147,16669466,"vuppuluri sriramsubhash","2026-08-06 08:42:50",708.1,2,vuppulurisriram
5148,16672095,"Friaseus ","2026-09-18 20:47:03",707.7,2,friaseus
5149,16622312,"Malak Reda","2026-08-03 09:02:41",707.5,2,malak457
5150,16656934,"Aleks Kolesnik","2026-09-14 19:02:46",707.5,2,aleksandrkolesnik
5151,16775125,weimean,"2026-09-18 03:32:42",707.4,2,gtwm98
5152,16663444,Thomas,"2026-08-11 04:21:42",707.2,2,tartieret
5153,16730326,atsushi11o7,"2026-09-16 11:24:22",706.4,2,atsushi11o7
5154,16733131,Rad,"2026-09-18 23:48:39",706.2,2,vnt174
5155,16884517,"Fizie Fulumaka","2026-09-14 07:46:31",706.0,2,fiziefulumaka
5156,16726093,CocoTeam,"2026-08-18 14:22:45",705.8,2,"albaasca,ceemeese"
5157,16748462,"Jiwon Lee","2026-09-17 22:16:25",705.6,2,jibong7600
5158,16632426,Santhana,"2026-09-17 17:29:43",705.4,2,santhanalekshmic
5159,16668923,"duy tran","2026-08-10 18:38:49",705.1,2,duytran23
5160,16670424,"Josep Audenis","2026-08-11 17:52:07",704.8,2,josepaudenis
5161,16718579,"Nazariy Karpov","2026-08-18 07:28:29",704.7,2,nazariykarpov
5162,16914950,"Alessio Mezzina","2026-09-18 11:05:02",704.7,2,alessiomezzinaaa
5163,16793626,"KO LIH HAN","2026-09-11 01:29:18",704.6,2,kolihhan
5164,16640877,Yorix.um,"2026-08-02 13:31:28",704.6,1,yorixum
5165,16759229,"Samuel Kurabachew","2026-08-28 22:17:20",704.2,2,samuelkurabachew
5166,16655187,cmxu,"2026-08-05 05:31:07",704.1,2,cmxu77
5167,16731990,Karl0106,"2026-09-18 08:35:18",702.7,2,karl0106
5168,16823144,"AARAV JADAV","2026-09-10 03:30:21",702.7,2,aaravjadav
5169,16670842,Cole,"2026-08-15 19:50:43",702.6,2,colechristensen
5170,16882072,"Ahmed Isa Zaweel","2026-09-13 09:57:29",702.6,2,ahmedisazaweel
5171,16677514,mayoristaNLP,"2026-08-09 16:33:23",702.3,2,mayoristanlp
5172,16691481,"Aditi Salvi","2026-08-18 15:24:53",702.3,2,aditisalvi04
5173,16663200,BONES,"2026-08-31 06:05:00",702.2,2,tusharkumar23321032
5174,16659174,Soulwood,"2026-09-06 04:56:32",702.0,2,soulwood
5175,16656379,"Jay Gautam","2026-08-12 12:19:40",701.6,2,jaygautam007
5176,16905608,ChrisVas123,"2026-09-16 09:44:56",701.4,2,chrisvas123
5177,16637340,the_vinci_coder,"2026-08-03 16:27:16",701.3,2,lokijt
5178,16764445,sukesuke012,"2026-09-03 01:40:16",701.0,2,sukesuke012
5179,16638667,"Sarvesh Nikas","2026-08-13 06:50:00",700.3,2,sarveshnikas
5180,16716089,wuzixiao,"2026-09-08 03:36:02",700.0,2,wuzixiao
5181,16845284,KD0G22,"2026-09-07 20:07:47",700.0,2,kd0g22
5182,16659125,"Meet Parekh","2026-08-19 10:31:09",699.9,2,meetparekh1
5183,16692954,"Adam Nhan","2026-08-16 19:10:48",699.6,2,asnhan
5184,16658048,"Joel jaison 391","2026-08-05 02:31:57",699.3,2,joeljaison391
5185,16634876,MakiMakiAi,"2026-08-02 07:52:40",699.3,2,makimakiai
5186,16906012,GarbageOoze,"2026-09-17 16:26:43",699.1,2,"garbageooze,luoruihan12"
5187,16874388,"Shuqi Zhang","2026-09-18 11:21:30",698.9,2,sasalisa
5188,16916717,Rubén,"2026-09-18 18:44:49",698.6,2,rucamaba
5189,16872090,DanielAarhus,"2026-09-17 07:10:37",698.0,1,danielaarhus
5190,16703203,"Hamza Shafik ","2026-08-17 23:48:06",697.7,2,hamzashafik12
5191,16707034,"Muhammed Ali Kul","2026-09-15 14:52:53",697.3,2,muhammedalikul
5192,16697736,"Daniel Correa","2026-09-15 12:55:14",697.1,2,dcorrea1
5193,16718039,Uman_n3l,"2026-08-31 14:40:32",696.5,2,umann3l
5194,16707037,"Cedoque BAGBONON","2026-09-18 22:58:14",695.5,2,cedbag
5195,16632571,"nishchal jain","2026-08-03 07:27:14",695.4,2,nishchaljainds
5196,16726617,"Chase Lebarv","2026-08-19 01:07:58",695.4,2,chaselebarv
5197,16728204,Meshwa,"2026-09-04 11:17:12",695.1,2,meshwapatel4287
5198,16718202,"Abhi Kumar Agrawal","2026-08-18 09:52:24",694.9,2,abhikumaragrawal
5199,16646360,"Asrith Singampalli","2026-08-03 08:46:59",694.9,2,asrithsingampalli
5200,16641068,"Rahul Ray","2026-08-05 14:27:07",694.7,2,rahulray5
5201,16661585,"Fully Liquidated","2026-09-01 01:57:16",694.4,2,kriskilgroe
5202,16786485,"Sam Jenkins","2026-09-01 03:50:16",694.3,2,samjenkinsuk
5203,16758383,"Tong Jing Yen","2026-09-03 20:42:50",694.2,2,tongjingyen
5204,16775210,"Daniel LPD","2026-09-10 14:44:52",694.2,2,daniellpd
5205,16692569,"Mark Kirwan","2026-08-26 08:05:16",694.1,2,markkirwan1990
5206,16698596,ymok,"2026-09-12 02:00:52",694.1,2,iromao
5207,16666452,"victor souza","2026-08-09 17:07:51",693.9,2,victorcaio
5208,16762719,"Ahmet Bilginoglu","2026-09-02 20:34:49",693.8,2,ahmetbilginoglu
5209,16663933,AnshV1,"2026-08-06 03:03:35",693.7,2,anshv1
5210,16875907,"Yash Mathur","2026-09-18 16:13:00",693.6,2,yashmathur03102001
5211,16639719,JASONSLIMWONG,"2026-08-02 08:11:22",693.6,2,jasonslimwong
5212,16880938,nousername22,"2026-09-18 10:21:33",693.3,2,nousername22
5213,16823942,"jiajun chi","2026-09-06 04:18:22",693.2,2,jiajunchi
5214,16770972,"Victoria Makarskaia","2026-08-27 12:28:53",693.2,2,victoriamakarskaia
5215,16670759,"Lemmes Yad","2026-08-09 04:37:37",693.1,2,"austinsemmel,jonallday"
5216,16853417,"Aditya Prasetyo Budiarso","2026-09-11 11:59:34",693.1,2,artsodeva
5217,16755398,takataok_42,"2026-09-16 14:02:03",692.9,2,takataok42
5218,16719451,"Syed Toubur","2026-09-16 06:33:37",692.8,2,syedtoubur
5219,16881370,"xianhao Lin6077","2026-09-15 12:39:40",692.7,2,xianhaolin6077
5220,16684710,"Pratik Singh","2026-08-11 11:34:48",692.7,2,pratikks11
5221,16678044,BJFC,"2026-08-16 09:15:05",691.8,2,"harshithharithsa,svsumanth"
5222,16635127,"Sergey Bryansky","2026-08-26 20:39:37",691.7,2,sggpls
5223,16663356,Farm-ops,"2026-08-06 23:27:37",691.7,2,"dakotavannauker,tsho01"
5224,16715399,"Julia Chien","2026-09-05 08:21:06",691.5,2,juliachien
5225,16640461,"Shigeru Kondou","2026-09-17 19:12:22",691.2,2,shigerukondou
5226,16663678,"Fabiano Adelino","2026-08-24 23:45:56",691.0,2,fabianoadelino
5227,16652984,hxaxd,"2026-08-05 15:09:49",690.8,2,hxaxdcs
5228,16792512,ckd999,"2026-09-06 19:15:19",690.8,2,ckd999
5229,16662375,"Yunusa Hussein Adeiza","2026-08-14 22:12:49",690.4,2,yunusahusseinadeiza
5230,16756176,"Unsh Rawal","2026-09-06 20:29:16",690.3,2,unshrawal
5231,16662138,"Luan He","2026-09-05 21:53:24",690.2,2,luanhe
5232,16759443,"Ayman machhidan","2026-09-12 22:15:45",689.7,2,aymanmachhidan
5233,16809371,"Aashir Noman","2026-09-18 10:03:45",689.4,2,aashirnoman
5234,16670365,"Konstantin Alekseev","2026-08-10 10:58:09",689.4,2,alekskst
5235,16674532,"shoaib khan","2026-08-08 01:57:11",689.3,2,manifoldinfo
5236,16672035,diet1236364,"2026-08-09 23:37:45",688.7,2,kosuke123
5237,16725150,"Nicolae Drabcinski","2026-09-01 11:45:51",688.6,2,nickdrabcinski
5238,16804027,ceir-ceir,"2026-09-03 19:11:09",688.0,2,ceirceir
5239,16799024,Becegatto,"2026-09-18 01:36:52",687.6,2,viniciussignorelli
5240,16657095,"Prashant Kumar","2026-08-20 12:59:11",687.5,2,praskr
5241,16708369,JairSanchez151270,"2026-08-11 16:30:55",687.4,2,jairsanchez151270
5242,16841747,"Carlos Bósquez","2026-09-18 18:37:43",687.4,2,carlosbsquez
5243,16692350,"Emerson Suarez","2026-08-16 05:09:13",687.1,2,jericksystem32
5244,16663343,"Abdullah M. Haque","2026-09-13 18:41:14",687.1,2,abdullahmhaque
5245,16665654,"Anurag H H","2026-09-10 15:05:26",687.0,2,anur4ghh
5246,16708189,Facouse,"2026-08-11 16:09:17",686.7,2,facouse
5247,16758204,kkKaan,"2026-08-24 07:56:58",685.8,2,kkkaan
5248,16760087,Slizzle,"2026-08-30 04:37:40",685.5,2,sloan98
5249,16773966,"Ronel Abraham Mathew","2026-08-26 16:05:26",685.4,2,ronelm
5250,16654193,fvong,"2026-09-04 07:15:22",685.4,2,fvong35963
5251,16655062,KKS,"2026-08-08 07:36:03",685.3,2,sachisgod
5252,16688429,"Omrani Rabah","2026-08-11 22:19:21",685.1,2,omranirabah
5253,16882001,"Satyam Pote","2026-09-13 00:00:04",685.0,2,satyampote
5254,16883641,"Benedek Brandschott","2026-09-15 14:35:05",684.9,1,benedekbrandschott
5255,16702932,kyconf,"2026-09-12 14:10:46",684.8,2,kyconf
5256,16696267,"yu lesui","2026-08-10 05:41:40",684.7,2,yulesui
5257,16662050,HandsOffMyBigMelons,"2026-08-13 22:00:12",684.7,2,scrattle
5258,16666341,"Ege Güvener","2026-09-11 17:20:35",684.5,2,egegvener
5259,16719065,"Aldo Rizona","2026-08-17 15:32:26",684.5,2,aldorizona
5260,16802598,zxcqqe,"2026-09-12 10:56:15",684.5,2,anonimniygeniy
5261,16710621,(´･_･`),"2026-08-16 07:14:53",684.5,2,tanakh
5262,16665301,EricYang03,"2026-08-13 15:49:11",684.3,2,ericyang03
5263,16639973,akky,"2026-08-03 15:39:41",684.3,2,tellxxx
5264,16728069,Taisei7,"2026-09-09 06:27:49",684.2,2,taisei7
5265,16849153,"Zackary Loevseth","2026-09-08 06:14:48",684.1,2,zackaryloevseth
5266,16654491,"Amedeo Biolatti","2026-09-08 16:50:15",683.8,2,abiolatti
5267,16804094,faheem,"2026-09-18 13:19:13",683.7,2,faheemkhaskheli9
5268,16863492,"Andrew Kalita","2026-09-10 03:32:25",683.4,2,andrewkalita
5269,16715251,SoraGinko,"2026-08-28 18:52:17",683.4,2,terrywuu
5270,16636725,shichi,"2026-08-11 12:47:35",683.1,2,shichi
5271,16640619,"Sơn Nguyễn","2026-08-28 08:19:19",683.0,2,sonnguyen10
5272,16658050,"changwei shi","2026-08-18 02:45:47",682.9,2,changweishi
5273,16659749,"Kavsik YVS","2026-08-22 19:30:45",682.8,2,kavsiku0512
5274,16798974,huangbin,"2026-09-18 22:41:02",682.7,2,huangbin1
5275,16664103,izack2666,"2026-08-07 14:41:10",682.7,2,izack2666
5276,16863974,suteno,"2026-09-17 10:28:02",682.6,2,sutekikano
5277,16663659,"Omer Rehman","2026-09-02 11:05:02",682.5,2,omerrehman97
5278,16852559,永井こうたろう,"2026-09-09 04:01:11",682.4,2,kotakota914
5279,16685358,"Nuno Ferreira","2026-09-19 00:03:15",682.0,2,ngcferreira
5280,16718539,"Divyansh Agrawal","2026-08-14 06:58:46",682.0,2,spartan1925
5281,16635049,rooklift,"2026-08-16 06:27:36",681.9,2,rooklift
5282,16719081,数学の山田,"2026-09-15 10:28:05",681.8,2,b612sum1
5283,16685069,derek_kuang0213,"2026-08-22 10:33:21",681.8,2,derekkuang0213
5284,16724522,"stathis maurog","2026-08-26 07:01:48",681.1,2,stathismaurog
5285,16872204,"Nguyễn Trần Thanh Bình","2026-09-14 07:30:35",680.8,2,nguyntrnthanhbnh
5286,16659294,"Muhammad Rafzan","2026-09-05 18:30:44",680.7,2,revianalfariz
5287,16887820,"Radosław Czajkowski","2026-09-18 14:58:36",680.1,2,radoslaw
5288,16664828,Leon,"2026-08-09 09:00:09",680.0,2,leonmyl
5289,16862913,MLEDV,"2026-09-11 18:13:10",679.8,2,edwardvaines
5290,16663238,"Francesco Zaccaria","2026-08-21 07:28:57",679.6,2,francescozaccaria
5291,16738994,"Hem Viramgama","2026-08-21 00:34:48",679.0,2,hemviramgama
5292,16735298,Watary0927,"2026-08-22 23:25:11",678.4,2,watary0927
5293,16684957,"Lucas Ferreira","2026-08-11 18:20:43",678.4,2,lucasdeoferreira
5294,16635848,KartoplyanePure,"2026-08-31 20:43:34",678.2,2,"danylotovp,wizardmp"
5295,16881453,"fahim magsi","2026-09-13 15:18:43",677.9,2,fahimmagsi
5296,16767802,"Luis Fernando Faria","2026-08-31 20:57:29",677.9,2,luisfernandofaria
5297,16669330,"Panagiotis Charalabopoulos","2026-08-26 18:49:46",677.6,2,panagiotischaral
5298,16856888,"Md Mehrab Hossain Opi","2026-09-10 07:16:45",677.4,2,iamopi
5299,16832555,"Yanxi Teng","2026-09-16 18:46:46",677.4,2,yanxiteng
5300,16623555,yindujuxi,"2026-08-01 10:11:35",677.3,2,yindujuxi123
5301,16818110,Kactus,"2026-09-16 00:15:43",677.0,2,kactus
5302,16855147,Kao0207,"2026-09-12 12:32:12",676.6,2,kao0207
5303,16639223,"SIDHAARTH SHREE","2026-08-19 15:03:55",676.5,2,sidhaarthshree
5304,16822523,bvgr,"2026-09-15 19:17:50",676.4,2,vbeeram
5305,16662338,jaepyeocho,"2026-09-13 11:39:37",676.3,2,jaepyeocho
5306,16634582,"Tarun Chaudhary","2026-08-12 06:36:33",676.3,2,tarunchdev
5307,16698366,Fateyongheng,"2026-08-17 15:08:58",676.0,2,fateyongheng
5308,16688929,"Kangqiao LIU","2026-08-18 07:44:55",675.8,2,kangqiaoliu
5309,16757447,soyukke,"2026-09-13 17:38:12",675.7,2,soyukke
5310,16807281,sansh0u0,"2026-09-04 02:16:09",675.6,2,sansh0u0
5311,16815488,"crothety liu","2026-09-05 06:27:35",675.6,2,crothetyliu
5312,16759162,sgsuh,"2026-09-13 13:24:02",675.6,2,seukgyo
5313,16798268,KAEOS,"2026-09-06 20:09:49",675.5,2,hitesh221
5314,16660548,"Viraj Bakshi","2026-08-08 18:50:11",675.4,2,virajbakshi
5315,16624506,zhongtian,"2026-09-17 10:58:10",675.2,2,kmtbang
5316,16674543,"Sujal Agarwal2301","2026-08-09 13:37:43",675.1,2,sujalagarwal2301
5317,16698007,"Juanma Serrano","2026-08-23 15:49:31",674.7,2,juanmaserrano
5318,16658272,"Yash Katiyar","2026-08-08 20:17:05",674.6,2,yashkatiyar409
5319,16658602,aldoktvns,"2026-08-04 15:51:08",674.6,2,alrette
5320,16654267,maniginam,"2026-09-19 00:00:08",674.6,2,maniginam
5321,16667762,KucingGanteng,"2026-09-12 20:04:37",674.4,2,dhiyaussalam
5322,16716300,"Julian Kerignard","2026-09-07 10:12:31",674.3,2,juliankerignard
5323,16661943,"Cow Wizard","2026-08-14 02:14:58",674.0,2,cowwizard321
5324,16822111,hikarimaru,"2026-09-10 14:07:36",673.9,2,hikarimaru
5325,16838855,"Sze Yu Sim","2026-09-09 01:37:05",673.9,2,szeyusim
5326,16723241,TrinhDung16,"2026-08-15 16:23:32",673.8,2,trinhdung16
5327,16846968,kfous,"2026-09-18 08:06:46",673.6,2,kfousekis
5328,16652446,"tine.sh agent","2026-09-17 16:53:41",673.3,2,sidcodegg
5329,16635177,Zacchaeus,"2026-08-07 07:04:15",672.9,2,zacchaeus
5330,16694779,JacobKooi,"2026-08-10 09:16:35",672.9,2,jacobkooi
5331,16625339,kazusw,"2026-09-17 13:28:52",672.9,2,kazusw
5332,16690852,"Naveen Venu Bagadi","2026-08-30 04:38:13",672.7,2,naveenvenubagadi
5333,16662486,"KOTHAPALLI DILEEP","2026-08-10 12:06:14",672.6,2,kothapallidileep
5334,16671217,"Akshay V","2026-08-21 04:01:22",672.6,2,akshayv1001
5335,16713877,FunnyBishop,"2026-08-16 03:19:24",672.3,2,funnybishop
5336,16763977,"Jong Park","2026-08-26 09:21:40",672.0,2,papercat318
5337,16823204,"Adilson Eduardo Tostes Carmo","2026-09-18 23:33:43",672.0,2,eduardotostess
5338,16712321,"Elias Schecke","2026-09-11 15:00:14",671.5,2,eliasschecke
5339,16675475,"Andrey Aristov","2026-08-10 22:02:24",671.4,2,andreyaristov
5340,16770154,Florian,"2026-09-11 07:52:00",671.2,2,ftusek
5341,16674324,"luca fregona","2026-08-08 13:37:49",671.1,2,lucafregona
5342,16694269,Aftxb,"2026-08-11 14:58:08",670.5,2,aftxb07
5343,16746380,JKong,"2026-08-22 01:40:01",670.2,2,kmt2001
5344,16755681,nic001,"2026-08-28 08:06:19",669.6,2,mimamura
5345,16758298,"Jack p","2026-08-30 07:36:22",669.6,2,jtv199
5346,16705345,"DEMON JI","2026-08-14 15:02:11",669.2,2,demonji04
5347,16694575,"Aloise Mutune","2026-09-17 13:48:22",669.1,2,aloisemutune
5348,16663361,protoLabs.studio,"2026-08-06 18:39:50",668.8,2,protolabsstudio
5349,16632950,"Adil Khabibullin","2026-08-04 15:54:11",668.8,2,adilkhabibullin
5350,16624277,"D S S Kumar","2026-08-10 03:22:55",668.6,2,satrusskumar
5351,16910680,colum2131,"2026-09-18 14:55:13",668.5,2,columbia2131
5352,16697844,Noobykiller16,"2026-08-15 06:08:27",668.3,2,noobykiller16
5353,16633923,JackyFan123,"2026-08-01 15:22:04",668.1,2,jackyfan123
5354,16665816,Vikas1306,"2026-08-10 05:53:19",668.0,2,vikas1306
5355,16673477,ArtFix,"2026-08-11 00:51:09",667.7,2,artfix
5356,16669392,cobrapigeon,"2026-08-20 18:43:25",667.5,2,cobrapigeon
5357,16857130,"Joao Araujo","2026-09-09 01:11:50",667.4,2,jhcaextra
5358,16633175,"Umut Kıvanç Sipahioğlu","2026-08-04 15:51:56",667.2,2,umutkvansipahiolu
5359,16661467,sh_sub97,"2026-08-12 15:20:25",667.0,2,shsub97
5360,16797025,"Jonathan Glinton","2026-09-11 17:11:01",666.9,2,jonathanglinton
5361,16888546,"Skskj Sskm","2026-09-16 03:06:12",666.8,2,skskjsskm
5362,16668868,tawashi,"2026-08-13 06:51:45",666.8,2,tawashi
5363,16731443,"Arjun Vinod","2026-08-21 01:00:30",666.3,2,arjun0014
5364,16641348,wata,"2026-09-17 03:32:14",666.2,2,iwatahiroki
5365,16635796,MugaBros,"2026-08-04 05:27:02",666.2,2,"drrocktotpalkonwarh,monjyotid"
5366,16743617,Dancing_Chaos,"2026-08-31 15:42:35",666.1,2,"bailynlove4ever,ripplecddc"
5367,16665984,hepialidae,"2026-08-10 16:05:19",665.9,2,hepialidae
5368,16739640,TeamBanzaiSL,"2026-08-27 17:13:26",665.7,2,teambanzaisl
5369,16780969,"Ewa Suknarowska","2026-08-30 15:53:25",665.5,2,ewasuknarowska
5370,16702713,"Rob Sartin","2026-09-18 21:03:41",665.3,2,robsartin
5371,16763886,"Jackson Sauls","2026-09-04 22:59:51",665.3,2,jacksonsauls
5372,16658083,"Gunjan Solanki","2026-09-03 10:39:28",665.2,2,blackhatv1
5373,16717414,"Akshit Sivaraman","2026-08-13 14:43:40",665.0,2,akshitsivaraman
5374,16811210,"Matt Dowis","2026-09-04 14:41:36",664.6,2,mattdowis
5375,16641141,"Yuri Barbashov","2026-09-15 20:20:49",664.5,2,yuribarbashov
5376,16798478,"Vinicius Pupin","2026-09-02 21:29:51",663.9,2,viniciuspupin
5377,16655142,"Stanislav Kuznetsov","2026-09-03 12:58:20",663.7,2,drtduck
5378,16736632,Leo,"2026-09-15 02:33:58",663.6,2,huangkx666
5379,16684436,Simon-the-sorcerer,"2026-09-17 19:44:09",663.5,2,simonwiller
5380,16840735,"Heavy Drivers 2.0","2026-09-16 22:40:25",663.3,2,"cranjuice,pgggggggggggg,sudhanvaed25b055"
5381,16623645,"ayutin tin","2026-08-14 07:48:31",662.8,2,ayutintin
5382,16668298,"Riki Garcia","2026-08-26 15:36:14",662.7,2,rikigarcia
5383,16656501,"Thái Phạm Công","2026-08-05 03:59:47",662.7,2,thaipc
5384,16760439,XLX,"2026-09-06 03:20:58",662.5,2,lonelygleaner
5385,16665120,nobody,"2026-08-13 14:48:45",662.5,2,rajesh1729
5386,16777222,"José Daniel Ara","2026-08-27 00:12:53",662.5,2,josdanielara
5387,16664241,payoon,"2026-08-07 08:24:05",662.3,2,payoon1234
5388,16741243,"Yasin Mert Şahin","2026-09-18 07:46:05",662.3,2,ymertsahin
5389,16668123,B0RN2BL0W0UT,"2026-09-03 12:36:43",662.0,2,kadenmansur
5390,16859900,ZZZ234234234,"2026-09-18 13:14:30",661.3,2,zzz234234234
5391,16668021,"bali rasem","2026-08-07 16:15:13",661.3,2,balirasem
5392,16664149,"Bushel Seed","2026-08-12 17:10:56",661.0,2,"dmyung,nicholasmschwartz"
5393,16888646,tinaztepec,"2026-09-17 01:51:46",661.0,2,tinaztepec
5394,16741892,astro,"2026-08-20 20:49:49",660.8,2,mayursamrutwar
5395,16915374,"Muaz Husaini","2026-09-18 21:10:21",660.6,2,muazhus
5396,16688108,Special_octo20,"2026-09-14 19:16:13",660.3,2,specialocto20
5397,16635421,"Lennart Haupts","2026-09-18 13:01:48",660.1,2,lennarthaupts
5398,16678246,"Mark Holloway","2026-09-05 22:23:35",658.9,2,markholloway
5399,16678773,"Steve Probst","2026-09-09 01:51:39",658.7,2,steveprobst
5400,16666391,"Harshpreet Singh","2026-08-06 10:32:51",658.1,2,harshpreet931
5401,16666833,DenisKoronchik,"2026-09-14 21:19:27",657.9,2,deniskoronchik
5402,16851573,NaNomin,"2026-09-08 01:55:42",657.8,1,nanomin
5403,16672103,"fred mahinay","2026-08-24 23:34:48",657.7,2,fredmahinay
5404,16655217,"Jiawei Zhao","2026-09-18 12:32:13",657.7,2,c789a123
5405,16657547,"Pranav Thota","2026-09-17 09:55:16",657.5,2,pranavthota
5406,16750175,"Quentin Pr","2026-08-27 18:08:14",657.1,2,quentinpr
5407,16719745,"Masih Pemula Beneran","2026-08-31 02:14:53",656.8,2,mikhaeldhika
5408,16741188,"Adarsh Samanu","2026-08-20 00:01:33",656.5,2,adarshsamanu
5409,16673346,gabrielep09,"2026-08-11 01:52:41",656.2,2,gabrielep09
5410,16759623,"zhenglu wen","2026-08-26 06:24:09",656.1,2,zhengluwen
5411,16860088,Lockers,"2026-09-09 11:32:59",656.0,1,lockers123
5412,16656274,googunmo,"2026-08-08 01:13:58",656.0,2,googunmo
5413,16630519,"Mehmet Özer","2026-08-01 16:51:55",656.0,2,ozermehmet
5414,16702270,"Jonas Jaku","2026-09-09 06:37:15",655.7,2,jonasjaku
5415,16839427,kooooozh,"2026-09-16 11:35:57",655.6,1,grigoriykozhemyakin
5416,16659529,"Sanchit Jain","2026-09-17 21:12:09",655.4,2,sanchit1609
5417,16670214,"Louis @ tradeInsight.ai","2026-08-21 15:18:11",655.4,2,louisquart
5418,16670420,"Mihir Argulkar","2026-08-07 20:03:15",655.2,2,mihirargulkar
5419,16696724,arkmid,"2026-09-09 13:11:46",655.2,2,arkmid
5420,16759351,"Shinsaku Haruta","2026-09-12 23:43:26",655.1,2,shinsakuharuta
5421,16841397,"Petro Tarnavskyi","2026-09-06 12:36:05",655.0,2,petrotarnavskyi
5422,16670834,romin_123,"2026-08-14 01:25:19",654.7,2,romin123
5423,16657646,mountainbob,"2026-09-14 06:30:19",654.6,2,shongpakmanoon
5424,16655744,"Ademola Arigbabuwo","2026-09-03 21:44:49",654.6,2,princedemo
5425,16734712,"Jamshid Ganiev","2026-08-19 06:03:31",654.6,2,jamshidganiev
5426,16679079,"cedric stephan ","2026-08-25 20:39:15",654.4,2,cedricstephan
5427,16635004,"jacob OKOTH O","2026-08-02 05:57:05",654.4,1,jacobokotho
5428,16690988,"Aditya Bharadwaj","2026-08-20 10:02:32",654.4,2,adityabharadwaj26
5429,16755568,KHuShIMaHajan,"2026-08-21 18:55:05",654.4,2,bymista4578
5430,16631353,"Shivam Shinde","2026-08-01 15:29:24",654.4,2,shindeshivam
5431,16636454,epigene,"2026-08-02 10:14:52",654.3,2,nadhu59648
5432,16740404,BarrelAged,"2026-09-13 11:27:04",654.3,2,johnhosack
5433,16667874,Vidushiii,"2026-08-10 12:25:42",654.1,2,vidushianand09
5434,16665942,"Satvik R Shetty","2026-08-09 03:59:52",654.0,2,satvikrshetty
5435,16809800,XYZ-Siddhartha,"2026-09-18 07:40:37",654.0,2,siddharthaganguly26
5436,16623969,"Akira Imae","2026-09-19 00:00:50",653.9,2,imaeakira
5437,16657397,"QSS Technosoft AI Team","2026-08-05 07:47:00",653.8,2,"kunalthedev,nishantkumarabes,prathamydvv,prishagdev,shreyakchakraborty"
5438,16669561,"Nikunj Pahwa","2026-08-15 20:04:36",653.6,2,nikunjpahwa
5439,16888900,"Koh Endru","2026-09-15 10:02:13",653.6,2,kohendru
5440,16676308,DC,"2026-08-19 17:34:02",653.6,2,choudahchiun
5441,16758316,"Roy Lo TW","2026-09-18 11:53:05",653.3,2,roylotw
5442,16797395,"LCNN JJ","2026-09-17 16:38:59",653.0,2,supremebeast08
5443,16701036,"Tiandong Wang","2026-08-19 11:45:32",652.8,1,condone
5444,16675661,June_mk,"2026-09-06 00:08:47",652.8,2,jungoto
5445,16847275,"Giovanni Marco Dall'Olio","2026-09-09 20:43:20",652.6,2,dalloliogm
5446,16875690,jwboost,"2026-09-16 04:31:31",652.6,2,kiritocui
5447,16876021,"Jeff Law #2","2026-09-17 23:31:28",652.6,2,jlaw99
5448,16664154,dwdwdwsdedwd,"2026-08-11 06:29:24",652.5,2,dwdwdwsdedwd
5449,16687808,GorillaGhost,"2026-08-13 23:23:10",652.5,2,gorillaghost
5450,16631090,yoikoarmor,"2026-08-09 07:01:44",652.3,2,yoikoarmor
5451,16899024,"Whoopie Wanja","2026-09-18 17:11:06",652.2,2,"nickazaria,woupyie"
5452,16750036,"Kiệt Lưu","2026-09-05 03:41:19",652.1,2,jaxyss
5453,16656072,Vespidae,"2026-08-14 03:30:03",652.0,2,ianapis
5454,16695822,"Ahmad Elawady","2026-08-18 20:06:59",652.0,2,aielawady
5455,16660310,KOLONEX.NET,"2026-08-10 12:40:46",651.8,2,danielandresmiranda
5456,16695662,"Ollie Lowe2","2026-08-16 16:47:01",651.6,2,ollielowe2
5457,16639679,"Felix Allistar","2026-09-10 22:59:01",651.5,2,felixallistar
5458,16691580,"Toni Blanco","2026-08-11 13:10:45",651.5,2,toniblanco
5459,16747390,SawadaTsurumai,"2026-08-24 09:48:07",651.1,2,sawadatsurumai
5460,16712567,PatWid,"2026-08-18 17:17:20",651.0,2,patwid
5461,16918826,NOTSUREKITTY,"2026-09-18 19:56:52",650.7,2,notsurekitty
5462,16630559,khan,"2026-08-02 12:18:56",650.6,2,khansolov
5463,16705348,"Howard lin","2026-08-20 23:01:36",650.6,2,howardlin007
5464,16658043,"Tran Huy Hoang1312","2026-08-05 01:58:39",650.5,2,tranhuyhoang1312
5465,16665517,"RUEI-HSIANG. CHANG","2026-08-17 15:23:55",649.9,2,rueihsiangchang
5466,16660955,"Nihal l.suvarna","2026-09-17 14:24:23",649.8,2,nihallsuvarna
5467,16799014,"Vaibhav singh kaira","2026-09-12 04:49:54",649.5,2,vaibhavsinghkaira
5468,16755111,ingemarieke,"2026-08-21 15:04:53",649.5,1,ingemarieke
5469,16893361,lemonjuice2312,"2026-09-18 04:33:37",649.4,2,lemonjuice2312
5470,16662128,BenPalmer59,"2026-08-11 19:16:24",649.3,2,benpalmer59
5471,16772673,"Alejandro Rendon B.","2026-09-09 23:15:52",649.1,2,alejandrorendonblan
5472,16709481,"Gerbilles Saucières","2026-08-22 10:38:44",649.1,2,"benjaminhrt30,volbox1902"
5473,16819872,"Shi Van","2026-09-03 16:50:46",649.0,1,shivanufo
5474,16810807,Cordiz,"2026-09-03 22:42:51",648.9,2,cordiz
5475,16637898,"Marek Nurzynski","2026-08-01 16:06:46",648.7,1,marek3000
5476,16677402,"Hıdır Demir","2026-09-10 22:35:54",648.6,2,hdrdmr
5477,16639492,"Vishnu R Mohan","2026-08-08 20:36:19",648.5,2,vishnurmohan
5478,16668168,"Ashutosh Ghodasara","2026-08-10 12:23:21",647.5,2,"asce09,attiraina,hashlord"
5479,16699578,kakanekoka,"2026-09-04 17:45:15",647.2,2,kakanekoka
5480,16892727,Pi,"2026-09-18 12:37:53",646.9,2,liemdt
5481,16630741,mrk,"2026-08-05 09:49:44",646.9,2,matsubaratakuji
5482,16666204,"David Nana Kofi Ofosu-Arko","2026-08-05 11:04:42",646.9,2,davidnanak
5483,16777746,"Daniel Bandy","2026-08-29 02:04:01",646.8,2,goddangitboby
5484,16738805,"Sergey Panasenko","2026-08-31 23:14:50",646.8,2,spanasenko
5485,16679887,ScriptRed,"2026-08-09 00:36:30",646.7,2,scriptred
5486,16631573,uesi,"2026-08-01 12:04:04",646.6,1,uemura687
5487,16658377,Masaya,"2026-09-04 15:10:14",646.6,2,irrohas
5488,16664024,"Juan David Bolanos","2026-08-13 17:06:00",646.5,2,juandavidbolanos
5489,16784960,i-yuki23,"2026-08-30 01:13:11",646.4,2,iyuki23
5490,16918421,"Joseph Kosednar","2026-09-18 19:13:59",646.1,2,josephkosednar
5491,16741660,Dhruv_Goyal990,"2026-09-03 16:20:31",646.1,2,"dhruvgoyal990,prathameshbelavagi"
5492,16656460,dlutwzh,"2026-08-08 06:48:33",645.8,2,dlutwzh
5493,16738538,ZHANG_WuHua,"2026-08-18 16:21:19",645.5,2,zhangwuhua
5494,16633928,ghostiee11,"2026-08-01 01:33:25",645.4,1,ghostiee11
5495,16663736,"Life Is Roblox","2026-08-17 18:58:37",645.3,2,alexlisenko
5496,16777228,"Zach Locke","2026-09-18 10:25:06",645.1,2,zachlocke
5497,16650160,nori8774,"2026-08-10 06:26:21",645.0,2,norimasayamamoto
5498,16724002,Yahia717,"2026-08-20 20:48:31",644.9,2,yahia717
5499,16659974,"anthony sinchi","2026-08-18 00:01:08",644.9,2,anthonysinchi
5500,16761227,Ciel_ing,"2026-08-23 10:03:29",644.7,2,cieling
5501,16665395,"bachi idriss","2026-08-10 15:23:30",644.6,2,bachiidriss
5502,16668089,Goller,"2026-08-26 15:05:53",644.4,2,goller
5503,16879477,liuzewen123,"2026-09-18 07:14:33",644.4,2,liuzewen123
5504,16657570,"Guruprasad Parasnis","2026-08-10 12:04:57",644.3,2,guruprasadparasnis
5505,16679295,Mk26,"2026-09-04 13:52:05",644.1,2,"manishk26,mans31"
5506,16729859,wintermute,"2026-09-02 19:15:07",643.9,2,siraev
5507,16746151,"Nicolas Gomasjaya","2026-08-26 16:57:08",643.9,2,nicolasgomasjaya
5508,16687788,"Me and the Geese","2026-08-26 15:57:41",643.7,2,skalermo
5509,16663784,Aniketh2k7,"2026-08-10 06:02:02",643.6,2,aniketh2k7
5510,16693137,"Ich Benavides","2026-09-06 18:24:52",643.4,2,jabeichbenavides123
5511,16664219,JosephGuhlin,"2026-08-10 08:46:16",643.4,2,jguhlin
5512,16623886,onepunch999,"2026-08-01 07:30:37",643.3,2,onepunch999
5513,16669489,"Yichi Zhang","2026-08-28 19:31:07",643.2,2,yichizhang12
5514,16742073,"nguyễn huệ anh","2026-09-15 15:55:00",643.1,2,akapatu
5515,16780019,"hamza khokhar890","2026-09-07 18:49:09",643.0,2,hamzakhokhar890
5516,16687883,CherylStoned,"2026-08-11 22:53:28",643.0,2,cherylstoned
5517,16654456,"Tristan Peng","2026-08-09 17:00:48",642.9,2,tristanpeng
5518,16784154,JoshJML,"2026-09-03 05:39:26",642.4,2,joshjml
5519,16662191,"Daniele Rufo","2026-09-18 08:53:09",642.1,2,danielerufo
5520,16916387,Nathan,"2026-09-18 14:01:04",641.6,2,nathanpradostapia
5521,16659817,"Viet Anh Ngo ","2026-08-31 09:41:08",641.6,2,vietngogm
5522,16699838,"Harry Taylor","2026-08-21 10:38:18",641.4,2,harryphysics
5523,16809762,"Ryan Wong","2026-09-04 14:47:39",641.2,2,taggatle
5524,16656162,Marisyn,"2026-08-18 18:19:19",641.1,2,marisyn
5525,16669856,StrugglerK,"2026-09-17 21:34:10",640.9,2,muhammedkaanlker
5526,16767934,"taha berk","2026-08-26 15:21:51",640.8,2,tahaberkterekli
5527,16630501,"Haris Ahmed","2026-08-14 10:08:51",640.5,2,harisahmedgenai
5528,16797969,probability,"2026-09-07 09:44:49",640.5,2,probabilitywavepeak
5529,16654855,"Pedro Rezende Gomes","2026-08-06 00:41:30",640.2,2,pedrorzgomes
5530,16726941,CJ103CJ,"2026-08-23 12:52:07",640.0,2,cj103cj
5531,16781242,"Bobby Clare","2026-09-03 17:04:16",640.0,2,bobbyclare
5532,16633269,op_star_platinum,"2026-08-09 17:52:52",639.9,2,opstarplatinum
5533,16635670,"Mr.S hanakosan","2026-08-09 00:31:34",639.7,2,earlgreytea15
5534,16658430,bruyantq,"2026-09-13 08:10:44",639.5,2,bruyantq
5535,16699488,"Kelvin Lai","2026-09-18 20:15:13",639.2,2,kelvin84hk
5536,16645297,Mark_RowSet,"2026-08-09 05:25:39",639.1,2,markrowset
5537,16658224,"Daniel Gallardo Gómez","2026-08-07 08:17:24",639.0,2,danielgallardogmez
5538,16808242,keowpwpwkeo,"2026-09-07 18:23:50",638.7,2,keowpwpwkeo
5539,16636954,"Jeff Horon","2026-09-13 16:30:41",638.7,2,jeffhoron
5540,16636808,"Kaito Ichikawa","2026-09-18 10:15:37",638.5,2,kaitoichikawa
5541,16633772,ayuma,"2026-08-03 06:01:01",638.4,2,onthoze
5542,16675888,"Rob Gonzalez","2026-08-08 14:58:43",638.1,2,robg475
5543,16664457,yaohongfu,"2026-08-10 12:30:43",638.1,2,yhfwww
5544,16756113,"George Megre","2026-09-16 07:04:00",637.9,2,georgemegre
5545,16912690,"Tegh Bindra","2026-09-18 17:33:35",637.7,2,teghbindra
5546,16898204,"MAHESH ISHRAN","2026-09-18 17:47:00",637.5,2,iitm21f1003346
5547,16668711,"David Leati","2026-08-28 00:47:39",637.5,2,davidleati
5548,16885575,"Kotaro Imamura","2026-09-18 00:47:04",637.4,2,kotaroimamura
5549,16664709,kai,"2026-08-18 23:29:11",637.3,2,sungwo101
5550,16638031,vlad101,"2026-08-21 15:10:27",637.2,2,vlad101
5551,16869617,"Denis Chernyshov","2026-09-18 22:32:19",637.2,2,denischernyshov
5552,16668354,"ashraf saiyed","2026-08-13 13:44:31",637.2,2,ashrafsaiyed58
5553,16832474,"Isaac D. Hérnandez G.","2026-09-15 23:52:34",636.9,2,isaacdhrnandezg
5554,16657290,lol-hiker,"2026-09-08 07:32:03",636.8,2,lolhiker
5555,16655340,LGarcia10,"2026-08-17 13:17:31",636.7,2,leonardogarcia10
5556,16763838,"L. Barriga","2026-09-09 10:57:18",636.5,2,lbarriga
5557,16897821,bjthomas,"2026-09-18 13:57:04",636.0,2,bjthomas
5558,16724355,hansama.qht,"2026-09-18 15:48:07",635.8,2,hansamaqht
5559,16752324,"yunchuan liu","2026-09-06 22:21:06",635.7,2,hoteye
5560,16904651,chenpengyu603,"2026-09-18 03:26:29",635.4,2,chenpengyu603
5561,16656013,Asuran,"2026-09-04 04:43:56",635.4,2,zkasuran
5562,16668720,"etienne duplessix","2026-08-10 22:48:53",634.8,2,etienneduplessix
5563,16861544,"Hiroyuki Fujimaki","2026-09-16 01:50:12",634.6,2,hiroyukifujimaki
5564,16781447,"Cody Schrank","2026-08-31 04:38:57",634.6,2,codyschrank
5565,16658660,"Leo Lai","2026-08-13 08:14:45",634.6,2,junweilai
5566,16725010,jenninglim,"2026-08-23 08:38:47",634.5,2,jenningl
5567,16692401,"Abdurehman Iqbal","2026-08-14 09:13:08",634.5,2,abdurehmaniqbal
5568,16667258,"Firman Imam","2026-08-09 02:36:56",634.4,2,piririp
5569,16871483,carnivore,"2026-09-15 10:16:55",634.4,2,prapproved
5570,16653222,StevenYuan7788,"2026-08-17 17:38:44",634.3,2,stevenyuan7788
5571,16656912,"Sami Ali","2026-08-07 00:48:33",633.8,2,mrsamiali
5572,16633240,Igor,"2026-09-13 10:46:09",633.7,2,igor14497
5573,16745972,yamy893,"2026-08-22 02:14:20",633.7,2,yamy893
5574,16737986,"Edris Yawar #2","2026-09-05 09:32:08",633.5,2,edrisyawar
5575,16895824,"Dhruv lele","2026-09-17 08:59:02",633.3,2,dhruvlele
5576,16738261,"Samuel Moreira","2026-08-24 14:11:40",632.9,2,samuelmoreira420
5577,16769767,bruhbruh,"2026-08-28 08:51:26",632.7,2,nguyendinhbach69
5578,16687925,BillDoser,"2026-09-11 21:54:35",632.6,2,billdoser
5579,16633466,"Aarush pandey","2026-08-25 19:17:14",632.6,2,aarushpandey
5580,16733763,Gaurav,"2026-09-04 00:54:37",632.5,2,gauravahlawat
5581,16661529,"AL Najafi","2026-08-08 03:39:39",632.5,2,alnajafi
5582,16685938,"Gautier Fauchart","2026-08-12 05:57:21",632.5,2,gautierfauchart
5583,16739128,"Praneeth Paikray","2026-09-07 11:18:26",632.4,2,paiky1995
5584,16712410,aysfshn,"2026-09-09 15:09:08",632.4,2,aysfshn
5585,16731516,Sumit0694,"2026-09-15 21:17:01",632.0,2,sumit0694
5586,16655199,"Alexander Ulrich","2026-08-12 19:44:20",631.6,2,alexanderulrich01
5587,16660805,"Ramon van Dijk","2026-08-05 05:48:21",631.3,2,ramonvandijk
5588,16777065,"dani yemane","2026-09-17 20:43:13",631.3,2,daniyemane
5589,16745109,deflexor,"2026-08-27 21:35:07",631.1,2,deflexor050
5590,16623533,xthixsl_ml,"2026-09-18 19:12:24",630.9,2,xthistle999
5591,16669164,コノウイ,"2026-09-18 08:23:41",630.5,2,nickhu0414
5592,16718133,KaranjeetSingh1110,"2026-09-16 15:31:45",630.4,2,karanjeetsingh1110
5593,16648215,"Terrence Chuwe","2026-08-03 13:32:15",630.2,2,terrencechuwe
5594,16665342,Prothos,"2026-08-23 13:44:29",630.1,2,vjuenemann
5595,16665990,daffaharil,"2026-08-11 07:56:55",630.0,2,"daffaharil,farhansiddiq"
5596,16736579,rk777848,"2026-09-18 08:46:45",630.0,2,rk777848
5597,16672493,ChloeeeeY,"2026-08-23 06:17:03",629.9,2,chloeeeey
5598,16775652,"Dat Dinh","2026-09-14 02:48:43",629.5,2,dathbdinh
5599,16664112,"Ethan Hung","2026-08-08 21:44:57",629.4,2,chinesegorilla99
5600,16808956,"Denis Zerov","2026-09-03 10:59:46",629.0,2,dinoden
5601,16664159,"james nazareth","2026-08-19 02:13:23",629.0,2,jamesnazareth
5602,16730028,"Ken Qian","2026-08-17 03:10:15",628.8,2,kenqian
5603,16659828,"Lebansty Valan","2026-08-21 14:14:56",628.8,2,lebanstyvalan
5604,16668269,"Rashi Jain07","2026-08-05 17:46:37",628.8,1,rashijain07
5605,16776928,aiexpert1120,"2026-09-01 16:48:18",628.7,2,aiexpert1120
5606,16663963,M0h4m3d-Byte,"2026-09-17 21:53:16",628.2,2,dev3mohamed
5607,16686787,"Lars Kammeijer","2026-08-07 21:31:11",628.1,2,larskammeijer
5608,16709950,"Ryan Myers","2026-09-16 07:50:55",627.9,2,ryanmyers03
5609,16748955,micchy,"2026-09-13 04:59:51",627.9,2,micchy326
5610,16795923,KaluzaKlein,"2026-09-14 10:50:35",627.8,2,kaluzaklein
5611,16748979,"Venkata Madhu Sai D ","2026-08-21 19:49:08",627.5,1,venkatamadhusaid
5612,16663884,DevilQ,"2026-08-23 22:08:52",627.5,2,"parhamesm,samuelescarfone12"
5613,16651593,"huanxian chen","2026-08-11 11:13:05",627.4,2,huanxiachen
5614,16680342,Game_khó_vkl,"2026-08-13 19:28:01",627.3,2,maruusha
5615,16727059,ksankeerth1,"2026-09-03 02:28:22",626.8,2,ksankeerth1
5616,16695633,"Kiran Kumar","2026-09-12 16:57:52",626.7,2,iamrkk
5617,16845664,fabio5050,"2026-09-16 04:04:27",626.6,2,fabio5050
5618,16854582,BlackWizard00,"2026-09-08 15:32:36",626.6,2,blackwizard00
5619,16721960,"Lê Khang","2026-08-18 19:42:43",626.3,1,kobtdatten
5620,16747180,KaiKogure,"2026-09-03 12:46:04",626.3,1,kaikogure
5621,16663922,MoongladeAI,"2026-09-14 03:49:11",626.1,2,moongladeai
5622,16755091,Charlie,"2026-09-05 22:45:41",625.9,2,zephyrlennox
5623,16757614,"Eduardo Molina","2026-09-06 04:04:22",625.9,2,eduardomolinaai
5624,16661225,"Monibee Fudgekins","2026-09-16 18:18:38",625.6,2,monibeefudgekins
5625,16723528,"Singaraj B","2026-09-05 15:33:26",625.6,2,singarajb
5626,16622338,github/shepsci/kaggle-skill,"2026-08-24 17:22:49",625.4,2,shepscientific
5627,16854414,handsomeHBS,"2026-09-13 16:07:19",625.2,2,handsomehbs
5628,16724202,"Sooriya Senthilkumar","2026-08-23 05:25:47",624.6,2,sooriyasenthilkumar
5629,16649344,BeyondAnalytics,"2026-08-28 12:00:36",624.4,2,radumarinion
5630,16854339,"ML Underdogs","2026-09-16 14:05:43",624.1,2,mdjubairhasan
5631,16791960,Boladi,"2026-09-10 00:53:38",623.8,2,boladi
5632,16661650,"Docker container","2026-08-15 18:52:39",623.6,2,yossefaymanzedan
5633,16667514,"Kakarott 10","2026-08-06 09:05:43",623.5,2,kakarott10
5634,16677105,"Chaitanya Yadav","2026-08-16 10:36:07",623.4,2,xhaitanya
5635,16698034,Anatoliy_Fomin,"2026-08-12 12:57:18",623.4,2,anatoliyfomin
5636,16655578,"Ahmed Merie","2026-08-13 00:11:40",623.3,2,aa7767
5637,16880672,"Bennett Hellman","2026-09-18 12:59:02",623.2,2,bennetthellman
5638,16692896,"Guy Lev","2026-08-20 19:18:52",623.0,2,sarthobi
5639,16699415,"Dohwan Kwak","2026-08-31 01:05:28",623.0,2,dohwankwak
5640,16657347,"Hibiki M","2026-08-20 15:30:40",622.9,2,hibikibrise
5641,16766888,"Alex #4","2026-08-24 14:42:19",622.7,1,alxndrvara
5642,16622993,"Yaroslav Tanko","2026-08-18 04:34:12",622.6,2,yaroslavtanko
5643,16696895,BrokeFarm,"2026-09-16 20:46:27",622.6,1,brucec
5644,16749236,"Michael Müller","2026-09-07 15:57:15",622.5,2,michaelmller
5645,16632994,primal,"2026-08-12 16:02:29",622.4,2,primalhost
5646,16655663,"Farmland Destroyer","2026-08-19 13:43:22",622.3,2,minghaopang
5647,16692857,AbeLincoln1865,"2026-08-11 00:10:16",622.3,2,abelincoln1865
5648,16665042,Neo_0x3f,"2026-08-10 21:36:56",621.1,2,neo0x3f
5649,16793189,"Akash Mohan Chaudhary","2026-09-01 18:29:57",621.0,2,akashmohanchaudhary
5650,16671646,Luche,"2026-08-08 04:23:32",621.0,2,henrylucky
5651,16640816,pawaraman,"2026-08-02 19:46:52",621.0,2,pawaraman
5652,16660345,"Aadhithya Ramesh","2026-08-06 08:49:10",620.9,2,aadhithyaramesh
5653,16666188,"XueFeng Chen","2026-09-18 00:46:41",620.8,2,chxfmcs
5654,16642846,"Leonid Zaporozhets","2026-08-02 20:03:13",620.7,2,leonidzaporozhets
5655,16803726,Yaromir_Ko,"2026-09-08 13:25:00",620.5,2,ronanndex
5656,16676254,"Lazy Lagoon","2026-09-17 16:26:05",620.5,2,"mokshoswal137,taniyasankhe"
5657,16789898,"Trung Phạm Đức","2026-09-09 04:00:19",620.4,2,arscil
5658,16660090,"Kaggriculture @ Farmageddon","2026-09-06 06:28:47",620.2,2,gary08phillios
5659,16655629,Mai_Konare,"2026-08-17 06:20:49",620.2,2,maikonare
5660,16723729,"Lucas Cimiano","2026-08-29 17:21:55",620.1,2,lucascimiano
5661,16677366,Gmmastermind,"2026-08-07 01:19:13",620.0,2,gmmastermind
5662,16672687,Liz,"2026-09-17 23:43:24",619.8,2,lizgarcia3
5663,16786437,"Kiran Narayana K","2026-08-30 06:45:20",619.6,2,kirannarayanak
5664,16741121,"Vignesh Nehru","2026-09-14 11:32:38",619.5,2,vigneshnehru
5665,16699292,"Siddharth Kumar Gopal","2026-08-14 16:35:03",619.1,2,siddharthkumargopal
5666,16699091,Umkaaa,"2026-09-15 14:04:55",618.9,2,umkaaa
5667,16724364,Sh4ron,"2026-09-11 15:48:11",618.8,2,sh4ron
5668,16790257,"Shivam Kushwaha","2026-08-30 11:55:08",618.7,2,shivamk21
5669,16744133,"levr hang","2026-09-08 16:39:27",618.6,1,levrhang
5670,16738700,"Bugra Cinar","2026-08-19 07:51:58",618.4,2,bugracnr
5671,16809158,"Kaito Sada","2026-09-08 05:17:26",618.3,2,kaitosada
5672,16662015,"ryan panda","2026-09-09 22:46:56",618.2,2,hollowpurple
5673,16670615,Ahornsirup,"2026-09-06 21:03:14",618.2,2,ahornsirup
5674,16715473,cmrfrd,"2026-08-14 04:58:15",618.1,2,thecmrfrd
5675,16657332,"Amit Malakar","2026-09-18 17:01:40",618.0,2,amitmalakarjoy
5676,16717952,Aydar,"2026-08-29 21:28:35",617.8,2,aydara
5677,16730236,加麻不加辣,"2026-09-17 13:03:48",617.6,2,"shiyuanhe123,zihaokang"
5678,16664884,Abhijeetgg,"2026-08-12 08:53:50",617.6,2,abhijeetgg
5679,16833040,"Vadim Demchuk","2026-09-05 06:07:54",617.4,2,vadimdemchuk
5680,16725913,StarStone_233,"2026-08-16 07:22:12",617.4,2,starstone233
5681,16671940,LJazya,"2026-09-05 02:54:37",617.2,2,jihanelek
5682,16786043,Palimpsesto,"2026-09-08 23:44:50",617.2,2,denzelfuentes
5683,16629844,IsaacJinyu,"2026-08-01 15:39:55",616.8,2,isaacjinyu
5684,16793892,cjc0013,"2026-08-31 18:27:50",616.7,2,cjc0013
5685,16757280,"manos papagiannidis","2026-09-09 08:30:46",616.6,2,manospapagiannidis
5686,16731260,"Jeel Gajera","2026-08-18 07:44:44",616.5,2,jeelog
5687,16759427,Dhruv,"2026-08-23 12:20:16",616.1,2,dtalati1
5688,16692750,"Hoya need job","2026-09-14 21:58:28",616.1,2,pranavwankhade
5689,16675952,bazinga,"2026-09-17 15:18:50",616.1,2,stephanhahn16
5690,16665476,"Zhanghao Chen69","2026-08-19 12:42:33",615.8,2,zhanghaochen69
5691,16756564,"Nicolas Defossé","2026-08-25 21:10:58",615.7,2,nicolasdefoss
5692,16656107,Aotokitsuruya,"2026-09-02 14:35:20",615.3,2,elct9620
5693,16846149,"Arnav Salkade","2026-09-07 15:00:23",615.1,2,arnavsalkade
5694,16792329,"Kumkum Barot","2026-09-18 17:33:13",615.0,2,kumkumbarot02062003
5695,16719696,"Spencer Farrand","2026-08-17 18:40:28",615.0,2,spencerfarrand
5696,16825667,"Lê Minh Dương","2026-09-08 05:45:07",614.9,2,minhduonq
5697,16655140,Efthimios,"2026-09-04 08:28:52",614.8,2,efthimiosfousekis
5698,16623644,Accer_sz,"2026-08-02 00:27:32",614.8,2,accersz
5699,16797356,"Thalía Cantero","2026-09-15 15:41:27",614.8,2,thalicantero
5700,16686715,"Adrien Secondaire","2026-08-08 15:54:58",614.7,2,adriensecondaire
5701,16731832,jackee777,"2026-09-18 06:28:49",614.2,2,jackee777
5702,16793489,hendracos,"2026-09-02 03:10:03",614.2,2,hendracos
5703,16730461,"Mubin Shaikh","2026-08-19 06:09:17",614.1,2,shaikhmubin
5704,16763113,sowhatwillwelearn,"2026-09-01 11:03:47",614.0,2,sowhatwillwelearn
5705,16891689,"Jiawei Xi","2026-09-14 19:46:39",613.7,2,jiaweixi56
5706,16884815,"Idrees Asghar","2026-09-18 01:52:18",613.5,2,adiladil1275
5707,16714208,TirumalaMarri,"2026-08-29 00:04:15",613.0,2,mtreddy
5708,16660491,"Ryan Hancock","2026-08-08 09:56:54",612.5,2,rychanfox
5709,16826098,Nomushin,"2026-09-11 13:22:26",612.4,2,nomushin
5710,16708824,"Tanaka Chiromo","2026-08-20 11:12:22",612.1,2,tanakachiromo
5711,16735476,"Matthew Liew","2026-08-18 08:02:11",612.0,2,matthewliew
5712,16855646,Seshu,"2026-09-09 14:49:33",611.7,2,seshuthota
5713,16780484,"Edmond Kirsch","2026-09-01 17:30:28",611.7,2,edmondkirsch
5714,16677597,InformaBook2,"2026-09-10 05:38:23",611.6,2,informabook2
5715,16743382,"Pavan Rangisetti","2026-09-15 03:42:00",611.5,2,pavanrangisetti
5716,16738653,"Julien Trocmé","2026-08-24 12:48:49",611.2,2,julientrocm
5717,16655013,"Adrian Martinez 1111","2026-08-12 00:52:14",611.2,2,adrianmartinez1111
5718,16671438,"Aot Chanthorn","2026-08-15 16:16:25",611.1,2,aotchanthorn
5719,16732504,"porsche zheng","2026-08-18 08:19:41",611.0,2,porschezheng
5720,16624888,okome_niigata,"2026-08-06 06:47:17",611.0,2,okomeniigata
5721,16843082,"Mohmed Hafez","2026-09-17 12:07:52",611.0,2,mohmedatya
5722,16664041,"an Expired Engineer","2026-08-17 12:02:21",610.8,2,sanggusti
5723,16906666,"selam ya","2026-09-18 18:37:32",610.7,2,selamya
5724,16771001,"0x1369 T-Farm","2026-08-31 04:38:04",610.6,2,xcryst
5725,16755344,"Alizen James","2026-08-23 18:34:30",610.5,2,alizenjames
5726,16700546,"Nightshade Family","2026-09-07 13:24:48",610.4,2,"gihanchamod17,vishmithasamarakoon"
5727,16727241,Yogesh2850,"2026-08-17 09:55:08",610.4,2,yogesh2850
5728,16864558,"Henghan Dong","2026-09-14 03:42:19",610.4,2,henghandong
5729,16671421,"Gryffin Wang","2026-08-08 23:08:40",610.2,2,gryffindoraf
5730,16806165,"Kaige Wei","2026-09-10 12:05:49",610.2,2,kaigewei0403
5731,16692994,turneja,"2026-08-08 23:50:13",610.1,2,turneja
5732,16787200,"HayDay Protestors","2026-09-13 04:26:26",610.1,2,"aaronjoshuaemmanuel,anjulasankalpa,chamathjayashanka,ghostd,prabhashanmadurawala"
5733,16632266,"(ノ◡ <)","2026-09-09 07:15:13",610.0,2,nawfeelrahman1124444
5734,16668819,"ahmedou sidi med","2026-08-19 00:05:55",609.9,2,ahmedousidimed
5735,16731616,"Mohamed Aashik 24","2026-09-14 19:24:28",609.8,2,mohamedaashik24
5736,16665894,"Pedro Wu","2026-09-03 03:40:31",609.6,2,pedropei
5737,16665759,"Shawn Zhang","2026-08-21 10:18:20",609.6,2,shawnzhang0318
5738,16694610,Kshitiz2002,"2026-08-11 15:44:41",609.4,2,kshitiz2002
5739,16735624,"Marc Rippee","2026-08-24 05:03:34",609.3,2,marcrippee
5740,16664096,"Charles Coonce","2026-09-08 02:26:37",608.9,2,charlescoonce
5741,16661210,vizyourdata,"2026-08-07 11:05:08",608.9,2,vizyourdata
5742,16752362,"Shashank Jangid (G25AIT2100)","2026-09-11 16:15:05",608.9,2,shashankjangid
5743,16654328,"QQ Farm","2026-08-28 12:59:12",608.8,2,"huiiyu,titirmt"
5744,16679018,"Kushpreet Singh","2026-09-03 23:23:41",608.6,2,kush639
5745,16750447,Morpheus0303003,"2026-08-24 16:58:42",608.2,2,morpheus0303003
5746,16660319,fahimMK,"2026-09-18 17:11:16",608.0,2,fahimmk
5747,16657172,Honkazu,"2026-08-28 16:55:46",607.8,2,janposlusny
5748,16699689,"David Sedláček","2026-08-10 08:38:38",607.7,2,sibicek
5749,16796625,Nepsirhc,"2026-09-12 11:15:35",607.7,2,nepsirhc
5750,16801855,KooDol,"2026-09-15 20:11:34",607.6,2,koodol
5751,16772678,SuppliLion,"2026-09-02 21:44:21",607.6,2,supplilion
5752,16663656,"Andrii Kavetskyi","2026-08-20 21:48:20",607.0,2,andriykavetsky
5753,16660138,"Sanchit Handa","2026-09-12 18:45:23",606.9,2,"harmanjotsingh8,sanchithanda182006"
5754,16660600,"Beria Kalpelbe","2026-08-07 13:46:47",606.9,2,beriakalpelbe
5755,16882160,"John Doe #2","2026-09-12 18:04:56",606.7,1,realgrape
5756,16660005,DreamX5678,"2026-08-06 07:55:06",606.7,2,dreamx5678
5757,16670356,"Dziriyin wa9il","2026-08-25 19:56:56",606.7,2,"akumanomu,alioualaeddine"
5758,16654746,"Michael Mullen","2026-08-06 11:08:31",606.7,2,mmullen200
5759,16739167,Yeyuqing0913,"2026-09-07 00:36:15",606.6,2,yeyuqing0913
5760,16653534,"Mohamed Amine Ettaki","2026-09-14 20:52:45",606.6,2,amine159
5761,16775770,"Ashish Kumar","2026-08-27 17:18:58",606.6,1,whoashish115
5762,16655595,ashsah,"2026-08-31 08:37:35",606.5,2,ashsah
5763,16687390,"Mark Calvert","2026-08-08 09:51:55",606.4,2,markycalvert
5764,16663210,"Marco Nasuelli","2026-09-13 15:58:07",606.0,2,marconasuelli
5765,16724806,rin2401,"2026-09-19 00:00:54",605.7,2,rin2401
5766,16677701,"Coşkun Bağrıaçık","2026-08-10 00:02:25",605.7,2,cbagriacik
5767,16685785,KSAI,"2026-09-07 14:42:54",605.5,2,kishan2112004
5768,16664804,ryanovovo,"2026-08-05 18:02:38",605.1,2,ryanovovo
5769,16677178,"YOUSSEF FAID","2026-08-11 21:10:38",605.0,2,yousseffaid
5770,16671256,"Navid Zaman","2026-09-08 13:58:31",604.8,2,navidzaman01
5771,16711868,"Mark Cooper","2026-08-16 13:09:02",604.8,2,markjcooper
5772,16759265,AI老爸,"2026-09-06 15:42:27",604.5,2,tsengchienchih
5773,16724747,"Md.Mahfujul Karim","2026-09-18 10:28:16",604.4,2,mdmahfujulkarim
5774,16718838,"josh mathers","2026-08-14 09:26:33",604.4,2,joshmathers
5775,16706456,"Michael van Mill","2026-08-12 09:58:40",604.3,2,michaelvanmill
5776,16661898,Farfadet,"2026-08-12 06:04:18",604.1,2,farfadet
5777,16904550,ukiyois,"2026-09-16 19:54:20",603.5,1,ukiyois
5778,16703310,"israel ntumba","2026-09-14 17:42:47",603.2,2,israelntumba
5779,16795256,"N Nelson","2026-09-05 14:29:25",603.2,2,napoliyannelson
5780,16667500,jiannebab,"2026-08-14 14:29:12",603.0,2,jiannebab
5781,16664003,"Nakul Rajpal","2026-08-05 06:29:24",603.0,2,nakulrajpal
5782,16665692,Straw_hats,"2026-09-01 07:40:19",602.4,2,"charanno,tvigneshreddy"
5783,16783367,hezhiqian,"2026-09-17 00:06:34",602.2,2,hezhiqian
5784,16764149,"Manish Rai","2026-09-06 20:01:53",601.9,2,magiuscain
5785,16767632,"robin baldeo","2026-08-28 17:02:49",601.5,2,robinbaldeo
5786,16684886,HTHub,"2026-08-08 00:12:47",601.5,2,adegokesaidi
5787,16732529,"lixinglong ye","2026-09-09 07:46:16",601.4,2,lixinglongye
5788,16716941,林木子吖,"2026-08-24 09:28:59",601.0,2,linmuzi0108
5789,16786140,valgrinderror,"2026-09-18 19:36:35",600.9,2,valgrinderror
5790,16702411,"Aryuemaan Chowdhury","2026-08-21 07:05:31",600.8,1,aryuemaanchowdhury
5791,16664790,"soumic 1088","2026-08-19 08:34:34",600.6,2,soumic1088
5792,16706455,"John Andrei Martinez","2026-08-18 18:55:04",600.5,2,johnandreimartinez
5793,16734595,"Abhimanyu Singh","2026-08-20 12:52:38",600.4,2,abhimanyusingh170702
5794,16668817,"Sean ODonnell","2026-08-08 03:27:47",600.3,2,sjean11
5795,16697261,nbauerle,"2026-08-14 15:10:38",600.3,2,nbauerle
5796,16689033,arman1o1,"2026-09-01 05:01:27",600.1,2,arman1o1
5797,16655044,"Darius Kolycius","2026-08-04 09:49:01",600.1,2,dariuskolycius
5798,16918087,Kenyo8,"2026-09-19 00:00:06",600.0,2,kenyo8
5799,16848992,"Lee Shit Hoo","2026-09-19 00:01:31",600.0,3,leeshithoo
5800,16915731,INF2_josallo4_anpego3,"2026-09-19 00:00:49",600.0,2,josepsalvador
5801,16919615,"Aditya Murugesh","2026-09-19 00:02:22",600.0,2,adityamurugesh
5802,16848479,nilochan,"2026-09-19 00:02:46",600.0,2,nilochan
5803,16888000,Akhilesh,"2026-09-19 00:03:29",600.0,2,akhilkas
5804,16671092,"tomohito shimura","2026-09-19 00:03:55",600.0,2,tomohitoshimura
5805,16670313,HamzZZzzZZa,"2026-08-06 22:01:28",599.9,2,memesalot
5806,16799391,"Mehdi El M.","2026-09-07 14:08:22",599.9,2,mehdielm
5807,16655521,"Hemadri Rajyaguru","2026-08-04 02:12:55",599.7,2,hemadrirajyaguru
5808,16665060,Pipeweed,"2026-08-27 18:14:40",599.7,2,pipeweed56
5809,16665471,"Dennis Navamani","2026-08-25 11:10:08",599.5,2,dennisnavamani
5810,16658655,HbjaHbja,"2026-08-12 12:18:51",599.4,2,hbjahbja
5811,16663909,HDPark,"2026-08-17 04:48:41",599.2,2,hdpark
5812,16768466,BenJung,"2026-09-16 09:44:23",599.0,2,"benjung2512,hyeonglvl,hyeonho028,limjoonsoo"
5813,16699140,St.Valentine,"2026-08-18 09:49:04",599.0,2,stvalentin3
5814,16728220,Naki,"2026-09-08 11:50:44",599.0,2,nanakiohashi
5815,16668211,"Alejandro Hernández Mairal","2026-09-03 13:28:29",599.0,2,alherma7
5816,16745571,"Yifan Xie","2026-09-03 13:55:15",598.7,2,yifanxie
5817,16666084,"Andaç Demirdelen","2026-08-09 19:18:08",598.4,2,andacdemirdelen
5818,16655027,"Artem Zenkevich","2026-08-16 13:09:58",597.5,2,artemzen
5819,16881624,RetrainMap,"2026-09-12 20:08:45",597.5,2,retrainmap
5820,16639970,Gowtham2962s,"2026-09-14 09:20:56",597.4,2,gowtham2962s
5821,16711567,"Finn Brooks","2026-08-15 04:40:11",597.1,2,finnbr
5822,16657104,"Bashar Gamal","2026-09-15 05:51:30",596.9,2,bashargamal
5823,16663998,"Harith Al-Ani","2026-08-24 00:09:54",596.9,2,abo3losh
5824,16665154,"Omkar Pawar","2026-08-23 12:22:56",596.8,2,omkarrr7
5825,16664134,"Pelayo Fernández","2026-08-07 10:36:48",596.8,2,pelayofdez
5826,16659663,Chintakrinda_Naveen,"2026-09-17 11:02:18",596.7,2,naveen998
5827,16686222,"Nika Chaduneli","2026-08-10 01:21:09",596.6,2,nikachaduneli
5828,16659951,"CHRISTOPHER CRILLY","2026-09-11 12:23:20",596.4,2,christophercrilly
5829,16714100,SuperMercat,"2026-09-09 15:13:08",596.1,2,supermercat
5830,16674950,Davide,"2026-09-03 09:22:38",595.7,2,quanttony
5831,16641893,"Kashyapsinh gohil","2026-09-16 14:03:09",595.7,2,kashyapsinhgohil
5832,16687714,nabilux,"2026-08-09 13:27:11",595.7,2,eminesnabil
5833,16690869,"Yudai Hayashi","2026-08-23 09:14:30",595.7,2,yuhaya9
5834,16733046,Afordancja,"2026-08-24 18:22:42",595.5,2,afordancja
5835,16897403,"Abel Markose","2026-09-18 03:08:38",595.2,2,"abelmarkose,sreehari3301"
5836,16864562,otaniyu,"2026-09-15 00:53:18",595.2,2,otaniyu
5837,16811935,"Bhargavaram Gajula","2026-09-05 18:08:56",595.2,2,bhargavaramgajula007
5838,16792449,SKYisSKYisSKY,"2026-08-31 04:16:07",595.1,2,skyisskyissky
5839,16716365,Murphy,"2026-08-21 14:00:29",595.1,2,taeyounglimdt
5840,16658686,"Alpesh Kumar","2026-08-08 06:12:31",595.0,2,alpeshkumar
5841,16659598,kudston,"2026-09-15 18:38:11",595.0,2,kudston
5842,16789914,AkikJana,"2026-09-07 16:37:53",594.8,2,firewaterair
5843,16722502,Abyss,"2026-08-27 11:26:49",594.8,2,sahiltks
5844,16659341,Aryan88097,"2026-08-05 17:26:57",594.7,2,aryan88097
5845,16911847,LGC,"2026-09-17 08:21:20",594.6,1,victorlingc
5846,16855755,"Jack Yap","2026-09-10 19:43:36",594.6,2,jackyap
5847,16777740,hoangnnh67,"2026-08-28 22:12:22",594.5,2,hoangnnh67
5848,16831074,BiNar,"2026-09-18 19:13:55",594.5,2,durbinar
5849,16641130,LitvinKA,"2026-08-04 18:09:01",594.4,2,litvinka
5850,16892257,ShadowMist01,"2026-09-18 17:19:16",594.4,2,shadowmist01
5851,16732537,Rapha,"2026-08-27 12:08:17",594.3,2,raphaabels
5852,16694064,RRK0123,"2026-08-17 05:30:52",594.2,2,rrk0123
5853,16854776,aruuu,"2026-09-10 14:11:51",594.1,2,arruuu
5854,16733873,"Shirish Chinchanikar","2026-08-30 15:53:12",593.6,2,"codemastersj,shirishchinchanikar"
5855,16763088,mason.jr,"2026-08-25 04:29:36",593.6,2,haophanzx
5856,16845009,"Nyasha Gandah","2026-09-15 06:20:21",593.6,2,nyashagandah
5857,16883048,"Amit Gunjan","2026-09-18 04:55:45",593.6,2,daydreamerthinks
5858,16658019,ไอติวบ้านปังมาเอาแช้มมมม,"2026-08-08 18:43:05",593.5,2,tewnabhat
5859,16913155,DT,"2026-09-18 06:40:06",593.1,2,"bhd233,vatlegend"
5860,16644508,"Vandana Pathania","2026-08-22 21:59:37",592.8,2,vandanapathania
5861,16623836,awarse,"2026-09-04 09:06:23",592.5,2,awarse
5862,16837934,"Osman ILICA","2026-09-09 02:30:19",592.5,2,osmanilica
5863,16717850,"HeeGwan Lee","2026-09-06 11:51:49",592.3,2,heegwanlee
5864,16735408,"Evan S","2026-08-18 20:06:05",592.1,2,evansc123
5865,16774333,"Nazim Shoikot","2026-09-03 11:20:20",591.8,2,nazimshoikot71
5866,16675708,"Mahder Tesfaye Abebe","2026-08-08 08:46:36",591.6,2,mahdertesfayeabebe
5867,16886077,"Rajan Aggarwal","2026-09-17 15:19:02",591.6,2,rajanaggarwal11
5868,16669393,"ÖMER FARUK YILMAZ","2026-08-07 19:54:59",591.6,2,ofyzero
5869,16725871,"Patrice Santiago","2026-09-03 22:19:56",591.3,2,patricesantiago
5870,16670070,"Kirill Molostov","2026-08-31 12:18:26",591.2,2,kirillmolostov
5871,16830678,Voodoo_m88,"2026-09-11 05:21:29",591.1,2,voodoom88
5872,16697941,"Raphael Coelho","2026-08-16 15:24:28",591.1,2,raphaelrrcoelho
5873,16844527,"Suyog Gund","2026-09-12 18:30:05",591.0,2,suyoggund
5874,16744752,"Dean Johnson","2026-08-27 10:26:20",591.0,2,deanjohnson202
5875,16659367,"Tayyab Aamir","2026-08-06 10:59:49",590.9,2,duketi
5876,16666099,"Marcben James Samuel","2026-09-17 05:52:20",590.6,2,marcbenjamessamuel
5877,16661318,"Zeel Kadvani","2026-08-25 11:17:53",590.5,2,zeelkadvani
5878,16634316,"Cao Tùng Lâm","2026-09-01 07:16:08",590.4,2,liamislazy
5879,16854535,Dragon,"2026-09-09 16:48:11",590.4,2,dragon116rus
5880,16689919,"Koren Ben Ezra","2026-08-08 17:49:55",590.3,2,korenbenezra
5881,16732048,jiangletian,"2026-08-24 03:20:40",590.3,2,jiangletian
5882,16682915,"igeo kK","2026-09-12 23:10:17",590.2,2,igeokk
5883,16811603,hundun,"2026-09-04 09:48:18",590.0,2,zhongh4oyang
5884,16791701,"Tired Dad Data","2026-09-12 21:37:23",589.8,2,alexmaggard
5885,16823681,Yielder,"2026-09-10 16:59:40",589.7,2,georgepapasideris
5886,16793802,"Andrew Lam","2026-09-01 09:07:56",589.7,2,andrewlam23
5887,16892496,"Alif Mahmud 1993","2026-09-15 16:35:27",589.6,2,alifmahmud1993
5888,16713249,"vedant patnala","2026-08-27 22:38:03",589.6,2,vedantpatnala
5889,16688175,aarav221w,"2026-08-25 23:40:16",589.6,2,aarav221w
5890,16654761,"Mohammed Mukthar","2026-08-05 02:06:15",589.5,2,mohammedmukthar9
5891,16844875,GBWK,"2026-09-12 20:01:23",589.1,2,gabmaury
5892,16693949,"Eric Worrall","2026-09-12 08:06:03",589.0,2,ericworrall
5893,16667818,AjayVarma555,"2026-08-09 15:14:45",588.9,2,ajayvarma555
5894,16670698,"Tamerlan Dadashov","2026-08-09 10:36:12",588.9,2,tamerlandadashov
5895,16673151,skyblue01,"2026-08-27 07:56:10",588.6,2,skyblue01
5896,16665133,"Abhishek Dubey","2026-08-10 13:28:57",588.6,2,abhishekdubey911
5897,16861102,walnut11,"2026-09-13 17:18:24",588.2,2,walnut11
5898,16714894,"Mitsuaki Inoue","2026-09-15 11:41:23",588.2,2,mitsuakiinoue
5899,16691398,"Time to Win","2026-09-03 04:36:52",588.1,2,yatharthdurgapal
5900,16650930,"Govind Sharma","2026-08-24 09:25:23",588.1,2,govindsarswat
5901,16651661,"Quyền Thịnh","2026-08-07 06:27:45",588.1,2,quynthnh
5902,16843755,oguzok,"2026-09-17 06:08:03",588.1,2,oguzok
5903,16665932,"Fabian Birringer","2026-08-21 18:31:41",588.0,2,fabianbirringer
5904,16808696,마짱MAZZANG,"2026-09-04 09:41:16",587.9,2,mazzang
5905,16717614,Dhanyashree1028,"2026-08-16 15:00:37",587.9,2,dhanyashree1028
5906,16696916,Sundar,"2026-08-11 13:04:59",587.9,2,vsundar17697
5907,16738336,"Guo Xuehan","2026-09-02 05:44:05",587.8,2,zmllls
5908,16755529,"Rafea Almejrab2025","2026-08-29 16:06:34",587.7,2,rafeaalmejrab2025
5909,16755548,"Manuel Ramos","2026-08-27 19:06:26",587.7,2,aizpask13
5910,16664731,UT,"2026-08-21 15:24:42",587.7,2,"sabapunch,wasshan"
5911,16657016,"MD. AS-AID RAHMAN","2026-08-26 15:57:49",587.6,2,mdasaidrahman
5912,16655449,tcvieira,"2026-08-06 18:20:34",587.5,2,tcvieira
5913,16668439,Lugas024,"2026-08-08 05:33:51",587.5,2,lugas024
5914,16658042,"Giampietro Pregnolato","2026-08-13 09:17:36",587.3,2,giampietropregnolato
5915,16682815,"Saiyam Bharara","2026-08-19 15:03:06",587.2,2,saiyambharara
5916,16655039,"Andrew Yip","2026-08-06 20:14:49",587.0,2,yipcma
5917,16866643,"Yan Slabodich","2026-09-15 08:02:34",587.0,2,yanskij
5918,16770891,"Oleg Shatov","2026-09-05 16:34:56",586.8,2,bishkek
5919,16781377,AgriMind,"2026-09-18 22:12:50",586.7,2,slimaneguermat
5920,16712870,"Jose Gibson","2026-08-13 20:09:11",586.7,2,josegibson
5921,16885464,"Javier Hernáez","2026-09-18 17:07:30",586.6,2,javierhernaez
5922,16640504,"Recep Öztürk","2026-08-26 11:19:31",586.4,2,rcpztrrk1
5923,16728799,JulianHahn28,"2026-08-17 21:26:57",586.4,2,julianhahn28
5924,16810497,Garuda,"2026-09-07 06:32:01",586.3,2,santhoshreddypasnoor
5925,16872064,"Jimmy Erickson","2026-09-13 19:43:54",586.3,2,jimmyerickson
5926,16700785,"VIVEK JAMI","2026-08-19 13:57:57",586.2,2,vivekjami
5927,16675832,"Dean Shalev","2026-08-09 04:12:47",586.0,2,deanshalev
5928,16664267,"Alan T. Andrea","2026-08-09 03:22:40",585.8,2,alantandrea
5929,16880648,"Akash Pattani","2026-09-12 18:30:07",585.6,2,akashpattani
5930,16674841,"Syna Bedi","2026-08-15 09:57:28",585.5,2,synabedi
5931,16671942,"JIVRAJ SINGH","2026-09-05 02:33:23",585.4,2,jivrajsingh
5932,16848416,"Mayank Bhatia","2026-09-07 15:09:19",585.4,2,mikemayankb
5933,16675074,ahiokk,"2026-08-07 07:58:44",585.4,2,ahiokk
5934,16672370,"Yash Barhanpurkar","2026-09-10 17:36:18",585.3,2,yashbarhanpurkar
5935,16634204,"m-toshi desu","2026-08-01 06:20:37",585.3,2,mtoshidesu
5936,16635377,het2554,"2026-09-13 07:55:05",585.2,2,crazy2554
5937,16880694,yuxian6666,"2026-09-15 14:46:10",585.2,2,yuxian6666
5938,16896490,"Yiman Gao","2026-09-18 15:16:43",585.2,2,yimangao
5939,16687548,"Shubham Tibrewal","2026-08-22 12:21:02",585.1,2,researchai2026
5940,16731009,"Joseph Paris","2026-08-24 05:32:21",585.0,2,josephkparis
5941,16846408,"Arpit Gole","2026-09-16 02:21:23",584.8,2,connecttoarpitgole
5942,16664313,CompilingCoder,"2026-08-06 09:38:17",584.4,2,compilingcoder
5943,16841559,dal7,"2026-09-09 04:32:12",584.4,2,purelyconceptual
5944,16671680,"Joe Hall","2026-08-10 19:02:30",584.3,2,halljr
5945,16675981,"Luca R","2026-09-18 22:00:41",584.2,2,luck058
5946,16728195,"6 GOD","2026-08-21 15:50:28",584.1,2,tertospacko
5947,16742149,"Ankith Savio","2026-09-16 10:17:23",583.9,2,weedoo
5948,16667630,Sparsh389,"2026-08-06 15:46:09",583.5,2,sparsh389
5949,16682876,"Kartik Garg","2026-08-09 05:21:34",583.5,2,kartikgarg97
5950,16668648,"Mason R. Brito","2026-09-10 16:58:25",583.5,2,masonrbrito
5951,16632510,shi_koyo,"2026-08-04 08:58:56",583.5,2,shikoyo
5952,16704569,"Lorenzo Grattarola","2026-08-16 22:24:15",583.4,2,lorenzograttarola
5953,16706192,rustlers42,"2026-09-02 15:24:05",583.4,2,"lkshrsch,powerofcreation"
5954,16796445,"Md Aminul Islam","2026-09-18 22:43:23",583.3,2,aminulabir
5955,16702993,PLM,"2026-08-30 13:58:34",583.2,2,"ileabogdan,popu23,razvaniga,rvaurs"
5956,16678157,"Ayush Kumawat","2026-08-14 13:10:02",583.0,2,ayushkumawat21
5957,16765031,"Allen JL Li","2026-08-27 06:12:23",582.9,2,allenjlli
5958,16654454,"Haoxiang Li","2026-09-06 09:24:47",582.9,2,haoxiangli789
5959,16800950,"Mani Kanta Kalluru","2026-09-09 17:17:20",582.8,2,manikantakalluru
5960,16655571,yuken,"2026-08-07 13:27:53",582.8,2,yukenai
5961,16654099,"Bhupin Thapa magar","2026-08-10 09:22:06",582.8,2,vupeenthapamagar
5962,16623213,zulfikar.khalwaniev,"2026-08-23 09:08:56",582.8,1,khalwaniev
5963,16673359,hasshi7965,"2026-09-06 10:05:10",582.6,2,hasshi7965
5964,16793680,prajval_p,"2026-09-01 01:03:39",582.5,2,prajvalp
5965,16863952,"Kuei-Hsien Chu","2026-09-10 06:14:39",582.4,2,formosa21
5966,16671237,"Jose Alejandro Rivera Jaramillo","2026-08-07 18:13:13",582.4,2,alejandroriveraj
5967,16697526,"Jurgen Sinjari","2026-08-10 21:21:26",582.4,2,jurgensinjari
5968,16747345,"Alex #3","2026-09-17 08:59:07",582.3,2,alexb99
5969,16689398,Reesh,"2026-08-11 08:55:10",582.3,2,rishileung
5970,16760604,"Thananut Phiboonbanakit","2026-08-25 14:04:44",582.2,2,tphiboonbanakit
5971,16659138,allenbcy,"2026-09-10 14:41:18",582.2,2,allenbcy
5972,16666648,"Sriram Reddy19","2026-08-06 08:40:07",582.2,2,sriramreddy19
5973,16723045,"Albert Einstein F Muritiba","2026-09-18 22:31:36",582.1,2,spideryzarc
5974,16658937,SebastianQbiak,"2026-08-05 06:20:18",582.0,2,sebastianqbiak
5975,16633379,"Artem Prokhorov","2026-07-31 20:53:32",581.9,1,catfield123
5976,16660295,Pentos,"2026-08-10 00:06:56",581.7,2,nishiumi
5977,16736636,torch,"2026-08-18 10:35:29",581.5,2,rhtsingh
5978,16693988,"Pranav Gupta","2026-08-18 03:51:41",581.4,2,kumbhakarann
5979,16762994,AdvancedRising,"2026-09-13 14:54:28",581.3,2,advancedrising
5980,16635021,RiLi,"2026-09-17 11:03:07",581.1,2,hisatosenda
5981,16847801,"Joachim Oliver Mampouya","2026-09-08 14:54:14",581.1,2,olivermam
5982,16774890,SkoopSkoop,"2026-08-31 16:08:04",581.1,2,skoopskoop
5983,16658106,"Devam juthani","2026-08-05 08:18:14",581.1,2,devamjuthani
5984,16683282,ayushk_empire,"2026-08-14 11:50:15",580.9,2,ayushkempire
5985,16690940,NKryst,"2026-08-29 10:57:18",580.8,2,nkryst
5986,16657105,"Mathijs Deelen","2026-08-05 01:16:34",580.7,2,mathijsdeelen
5987,16675457,"Ramana Prabhu Sana","2026-09-15 21:13:41",580.3,2,ramanaprabhusana
5988,16670708,"Mohammad Usman Sajid","2026-09-03 18:26:11",580.3,2,mohammadusmansajid
5989,16851079,"Nathaniel Marshall","2026-09-08 02:04:22",580.2,2,nm4rshall
5990,16844385,"Michael Leo Tan","2026-09-08 02:56:03",580.1,2,michaelleotan
5991,16663708,"Imran Ahamed","2026-08-29 22:00:50",580.0,2,immu4989
5992,16853582,"Qiao Ke","2026-09-09 09:44:44",579.8,1,bridgekk
5993,16899050,SerenaLsr,"2026-09-16 03:35:02",579.7,2,serenalsr
5994,16774843,"Assylkhan Kerey","2026-08-30 03:16:54",579.7,2,n0nlyy
5995,16853993,"Christie Lam","2026-09-16 03:13:27",579.6,2,christielam
5996,16667565,BeeDeeR,"2026-09-10 22:42:41",579.5,2,beedeer
5997,16724819,Dwij12,"2026-08-20 18:28:01",579.3,2,dwij12
5998,16732725,MackTen,"2026-08-19 08:14:01",579.3,2,mackten
5999,16744239,"Diogo Gomes ","2026-08-25 09:39:28",579.1,2,diogogomes
6000,16793913,"Vrushal Patil","2026-09-06 11:13:36",579.1,2,vrushalpatil
6001,16848263,Xenongas,"2026-09-08 14:23:14",579.0,2,xenongas1
6002,16717671,Jeremy,"2026-09-17 16:47:25",579.0,2,lukeenness
6003,16689391,"Tejas Rajput","2026-08-08 17:21:18",578.9,2,tejasrajput123
6004,16730231,chandler14362,"2026-08-29 03:04:49",578.9,2,chandler14362
6005,16621657,"Nikita Batuev","2026-09-12 12:20:41",578.8,2,batuevnikita
6006,16669597,农业农村部,"2026-08-10 19:11:08",578.8,2,"bingzhenghan,hrwan1,krasuszl"
6007,16748603,qianzhonhao,"2026-09-03 08:20:45",578.7,2,qianzhonhao
6008,16704924,jdx,"2026-09-13 17:32:32",578.6,2,jdsemrau
6009,16667794,knadithyavr,"2026-08-13 12:24:05",578.5,2,knadithyavr
6010,16720788,Anson,"2026-09-05 19:45:48",578.4,2,anson0496
6011,16654943,"Alexis Selorm Gbeckor - Kove","2026-08-10 11:44:58",578.4,2,advancedbeginner
6012,16862124,"Lei Yang23","2026-09-16 18:09:55",578.2,2,leiyang23
6013,16652635,panacea9320,"2026-08-05 10:45:06",577.9,2,panacea9320
6014,16660540,Minikotey,"2026-08-16 15:34:40",577.9,2,juliapatarishina
6015,16669595,evanca,"2026-08-08 12:27:56",577.9,2,evanca
6016,16696421,"Koyashiki Mao","2026-08-11 06:40:19",577.8,2,koyashikimao
6017,16621811,"Shaun Andrade","2026-08-01 00:44:42",577.7,2,shaunandrade
6018,16739449,SelvapriyankaRam,"2026-08-24 18:44:21",577.6,2,selvapriyankaram
6019,16700207,"S. Mujtaba Hussain","2026-09-18 09:26:29",577.6,2,smujtabahussain
6020,16882322,hehahakl,"2026-09-18 14:24:40",577.4,2,hehahakl
6021,16839030,minedmap,"2026-09-07 20:19:52",577.3,2,minedmap
6022,16895374,JerryWang19,"2026-09-15 08:09:57",577.2,1,jerrywang19
6023,16877016,"Jasper Wessing","2026-09-18 14:08:07",577.2,2,jasperwessing
6024,16713236,kingofeverything,"2026-09-08 06:20:42",577.1,2,"kingofeverything,skyyyang"
6025,16701034,notnorm,"2026-08-11 10:31:23",576.7,1,notnorm
6026,16697800,DR_Mkelvo,"2026-08-09 20:42:15",576.6,1,drmkelvo
6027,16786297,isxinhe,"2026-09-18 14:34:50",576.4,2,isxinhe
6028,16657871,Lucienne,"2026-08-05 03:13:59",576.4,2,yangnianan
6029,16736261,"Saptanshu Samal","2026-08-22 12:02:42",575.9,2,saptanshusamal
6030,16676360,"Chris Kang","2026-08-17 10:07:49",575.8,2,rukawa917
6031,16794491,"Sushant Pargaonkar","2026-09-02 02:59:45",575.8,2,sushantpargaonkar
6032,16809136,"Xander Lee","2026-09-04 13:56:48",575.8,2,xndlee
6033,16681149,Lee14k,"2026-08-19 17:00:35",575.8,2,lee14k
6034,16662120,"Harpal Gujral","2026-08-25 18:07:07",575.6,2,harpalgujral
6035,16763287,Sathishkumartheta,"2026-08-25 18:53:26",575.6,2,sathishkumartheta
6036,16694134,"Sophia Leng","2026-08-24 20:04:10",575.5,1,sophialeng9
6037,16774524,ShinYingChua,"2026-09-13 15:35:15",575.5,2,shinyingchua
6038,16731173,AynRmio,"2026-09-17 08:48:38",575.2,2,aynrmio
6039,16738235,tenfish,"2026-09-12 11:48:01",575.0,2,"oygdri,takatoyoshikawa"
6040,16712902,"Ethan Benjamin Cole","2026-08-13 12:19:26",575.0,2,ethanbenjamincole
6041,16662421,"Aparna Mantha","2026-08-06 17:23:34",574.7,2,aparnam91
6042,16707078,"Loïc & Zach","2026-08-24 20:25:24",574.7,2,"locmmeteau,zachariedubus"
6043,16639705,"Yuta Tomimasu","2026-08-07 13:02:39",574.6,2,yutatomimasu
6044,16756677,"Pyzh Vladislav","2026-08-24 10:19:44",574.6,2,pyzhvladislav
6045,16777137,Bernardus,"2026-09-18 15:51:35",574.5,2,bernubritz
6046,16887858,"Oleg Zholobov","2026-09-17 09:39:24",574.5,2,olegzholobov
6047,16659418,"Fonge Bertin","2026-08-06 09:26:33",574.5,2,fongebertin
6048,16710512,FishWotou,"2026-08-19 04:45:40",574.5,2,fishwotou
6049,16785687,"AP SEM F STUDENTS","2026-08-31 03:52:37",574.3,2,"advaithn0518,rohanjeyavel,shrivatsamurugan,stitchsages"
6050,16657798,"Ian Kim","2026-08-06 05:07:10",574.2,2,ianpkim
6051,16779539,"Dmitri Bugakov","2026-08-27 16:34:42",574.1,2,dmitrybugakov
6052,16729531,alfphafarm,"2026-08-19 19:09:48",574.1,2,vudattumaniteja
6053,16639867,vibecoder,"2026-08-08 05:34:55",574.0,2,kunal808
6054,16656792,"Gnanaprakash R","2026-08-28 15:05:38",573.9,2,gnanaprakashr
6055,16789550,foundtion,"2026-08-30 13:19:22",573.9,2,foundtion
6056,16877886,"Mohamed el.harery","2026-09-16 00:51:49",573.9,2,mohamedelharery
6057,16675066,Opticulture,"2026-08-16 12:19:48",573.8,2,"bajibaburowthu,ponnuripavankumar,radhakrishnadoredla,veereshkumar1219"
6058,16655272,"Artur Sakhiullin","2026-08-09 14:27:52",573.7,2,artursakhiullin
6059,16851330,umar,"2026-09-16 03:04:16",573.5,2,umar4md
6060,16676534,AlphaBound,"2026-08-25 05:26:32",573.3,2,somsubhrometya
6061,16728743,Miki_Nuummiu,"2026-09-16 20:54:12",573.2,2,mikinuummiu
6062,16795997,"Boyu Wan","2026-09-04 04:58:57",573.1,2,pupudan
6063,16791027,"Ryan Cheung","2026-09-07 04:46:47",573.1,2,doggychip
6064,16686613,Zubatch,"2026-08-15 20:11:39",572.9,2,zubatch
6065,16645431,Amin,"2026-08-08 22:05:02",572.9,2,aminvafaei
6066,16731447,"Rúben Martins","2026-08-19 20:55:42",572.8,2,rubenmartins10
6067,16782993,hayashida,"2026-09-07 14:01:36",572.7,2,daichihayashi
6068,16691518,"Sander Ee","2026-08-09 12:03:09",572.7,2,sanderee
6069,16673981,"Aarya Jadhav","2026-09-17 06:58:06",572.6,2,aaryajadhav0310
6070,16730030,"Jared Wilder","2026-08-17 14:23:15",572.6,2,jaredwilder
6071,16686743,charmander,"2026-09-11 15:44:15",572.5,2,rahuladhi
6072,16625047,BOBQWERA,"2026-08-02 06:34:18",572.2,2,bobqwera
6073,16681660,"Parham Ghazanfari","2026-08-07 20:18:18",572.2,1,parhamghazanfari
6074,16664348,"Rocket Zech","2026-08-29 08:23:04",572.1,2,isaactunglaw
6075,16726873,@F,"2026-08-16 01:43:22",572.1,1,atefbouzid
6076,16704437,babybuffalo,"2026-08-25 16:11:16",571.9,2,babybuffalo
6077,16658009,"Lando Wang","2026-08-05 02:18:17",571.5,2,landowang
6078,16868576,DarkhanShakhan,"2026-09-15 20:17:01",571.1,2,darkhan1991
6079,16668175,el_dedalus,"2026-08-06 14:48:01",571.1,2,eldedalus
6080,16711928,Leraaaa,"2026-08-18 20:01:52",571.1,2,leraaaa
6081,16775001,"Maarij Aqeel","2026-08-26 14:48:03",571.1,2,maarijaqeel
6082,16722366,"Aki Lit","2026-08-14 23:24:20",570.9,2,akilit
6083,16740894,BetOnMe,"2026-08-19 14:40:02",570.9,2,betonme
6084,16904690,"yuya #2","2026-09-17 07:21:26",570.7,2,pineandtree
6085,16845593,matsudaatom,"2026-09-07 14:44:59",570.4,2,matsudaatom
6086,16732307,"Shobha Vashishtha","2026-08-17 12:32:07",570.4,1,shobhavashishtha
6087,16623745,chunluran,"2026-08-27 06:55:55",570.4,2,chunluran
6088,16632504,"[Deleted] c2f6c5d5-ecb1-4f92-95d7-7c9f0fd3474f","2026-07-31 16:04:32",570.3,1,ryota517
6089,16855052,pk954061458,"2026-09-14 10:37:54",570.2,2,pk954061458
6090,16697681,"Mahfujur Rahman Rakib","2026-08-10 05:14:21",570.1,2,mahfujurrahmanrakib
6091,16726080,"Arda Yasar","2026-08-19 06:02:10",570.1,2,ardayasar
6092,16735517,"Philipp k-s","2026-09-13 19:12:05",570.0,2,philippkeussenstrau
6093,16814805,Muzhi11,"2026-09-15 03:20:43",570.0,2,muzhi11
6094,16669545,"Rishabh Gupta","2026-08-06 18:19:04",570.0,2,rishabhguptajs
6095,16769793,"Shivam Batra","2026-08-26 14:21:49",570.0,2,shivam744
6096,16708907,"[Deleted] 84526ff4-3aed-4b4b-a45f-a4486f01cb7b","2026-08-13 20:01:55",569.9,2,del=34c747d6ee8d2bd7
6097,16890342,Bin.Han,"2026-09-17 00:28:13",569.8,2,binhan0514
6098,16700885,"Malala Ramaha","2026-08-29 07:29:11",569.8,2,malalaramaha
6099,16657794,"Aromal vK","2026-08-06 15:35:11",569.5,2,aromalvk
6100,16700441,"Houssem RIAHI","2026-08-27 14:54:09",569.4,2,houssemriahi
6101,16717245,bernard558,"2026-08-24 22:18:16",569.4,2,bernard558
6102,16762010,"Ivan Piaternev","2026-09-15 08:14:40",569.3,2,iamvanya
6103,16691164,"Krishna Saathwik","2026-08-13 13:50:40",569.2,2,krishnasaathwik
6104,16750614,"Shivansh Chaudhary","2026-09-05 06:17:27",569.2,2,shivanshchoo
6105,16709318,"Jana Hagen","2026-08-26 18:00:16",568.8,2,janahagen
6106,16917921,xxxx333,"2026-09-18 04:43:44",568.8,1,xxxx333
6107,16703129,"Pratik Vadher","2026-08-10 21:08:27",568.7,1,pratikvadher
6108,16667143,"Noct-Tech zombie","2026-08-06 13:46:51",568.7,2,jo3thaboss
6109,16674504,"Arunabh Gupta","2026-08-18 11:10:33",568.6,2,"arunabhsgupt4,eggsysy"
6110,16688220,Aadi,"2026-08-24 23:10:37",568.5,2,aadicv
6111,16630837,"Vishal Sharma","2026-08-05 18:24:44",568.4,2,vishal40182
6112,16718445,"Hamza Elmorjani","2026-08-15 12:16:55",568.2,2,hamzaelmorjani03
6113,16732357,"Thales Augusto Leite de Souza","2026-08-23 23:43:38",568.2,2,thalestals
6114,16770674,"Arpit Jain","2026-09-02 11:44:36",568.1,2,arpitjain5
6115,16764330,"Koral Kulacoglu","2026-08-26 04:51:33",567.9,2,koralkulacoglu
6116,16696526,"Reda HEDDAD","2026-09-05 21:17:22",567.8,2,redaheddad
6117,16771283,taroyan-vamos,"2026-09-08 15:31:54",567.5,2,taroyanvamos
6118,16690736,omarkami007,"2026-08-11 18:40:45",567.2,2,omarkami007
6119,16662293,"Alejandro Fonda","2026-09-17 04:30:23",567.2,2,alejandrofonda
6120,16621407,Kh0a,"2026-09-15 06:55:26",567.1,2,llkh0a
6121,16706413,"Song Research","2026-08-18 00:39:36",567.1,2,sangbong91
6122,16702118,"cemal özdeniz","2026-08-10 20:27:17",567.0,2,cemalzdeniz
6123,16728863,Irabala,"2026-09-18 12:54:02",566.9,2,irabala1
6124,16784420,renyxin,"2026-09-18 23:39:45",566.7,2,renyxin
6125,16664116,"Bogdan Sburlea","2026-09-18 16:05:18",566.6,2,bogdan1405
6126,16854398,"VALERIY MIKHALEV","2026-09-08 16:27:24",566.2,2,valeriymikhalev
6127,16826099,"Aykut Çağlar","2026-09-15 16:08:32",566.2,2,aykutcaglar
6128,16777056,"Seb boulba","2026-08-27 21:03:26",566.1,2,sebboulba
6129,16914138,"Amritesh Anand","2026-09-18 13:35:41",566.1,2,amriteshananad
6130,16726839,syunsuke,"2026-08-21 23:12:13",565.9,2,syunsuke1024
6131,16744534,"Leonardo Custode","2026-09-11 09:16:04",565.9,2,leocus
6132,16637499,Yuchen20,"2026-09-02 19:10:43",565.8,2,yuchen2066
6133,16680297,"Ajay Singh","2026-08-08 04:33:24",565.6,2,ajaysinghg
6134,16752899,"Nicolò Alberti","2026-08-23 09:16:36",565.4,2,nicolalberti
6135,16704864,ksj00610,"2026-08-12 08:47:16",565.4,2,ksj00610
6136,16715495,Yashi003,"2026-08-24 04:44:40",565.3,2,yashi003
6137,16655527,"Saurabh Kumar","2026-08-06 08:14:52",565.1,2,sk25oct
6138,16773779,"Daichi Tanaka","2026-08-31 03:38:48",564.9,2,daichit64
6139,16673712,"Alejandro Betato","2026-08-16 10:48:24",564.8,2,alejandrobetato
6140,16693925,"Francisco Corredor","2026-09-17 22:19:46",564.8,2,franciscocorredor
6141,16654351,"Manish Kumar","2026-08-04 07:45:22",564.7,2,manishkumarphd2000
6142,16635746,"jeon hyeon woo","2026-08-13 15:32:43",564.6,2,jeonhyeonwoo
6143,16731996,Chloe,"2026-08-18 02:58:05",564.5,2,chenchloehaimo
6144,16659446,zhaozy233,"2026-08-15 16:51:36",564.4,2,zhaozy233
6145,16823853,Zerbytheboss,"2026-09-06 22:03:05",564.2,2,zerbytheboss
6146,16677303,"Chase Martyn","2026-08-19 02:05:12",564.2,2,chasemartyn
6147,16750751,AarizKh,"2026-09-09 16:28:15",564.1,2,aarizkh
6148,16736111,hexingwei33,"2026-09-01 02:08:11",564.0,2,hexingwei33
6149,16738777,"Balwinder Singh1235","2026-08-20 10:21:34",564.0,2,balwindersingh1235
6150,16743815,"Asanka Pradeep","2026-08-23 14:32:46",563.9,2,asanakapr
6151,16827864,"Tùng Dương Bùi","2026-09-04 14:31:54",563.8,2,tdbui1209
6152,16738640,"Tjay Burger","2026-08-18 17:35:39",563.8,2,tjayburger
6153,16622938,"Farmville Redux","2026-08-03 18:58:04",563.8,2,daveconnor
6154,16654640,"Halil Akbas","2026-08-28 00:32:12",563.6,2,halilbrahimakbas
6155,16655651,"Kevin Cho","2026-09-14 16:40:58",563.5,2,chokevinjs
6156,16673191,juliye,"2026-08-10 03:49:13",563.5,2,juliye
6157,16684674,"Ch Muhammad Umer ","2026-08-11 08:11:36",563.5,2,chmuhammadumer
6158,16691552,"Koshtubh Singh Parihar","2026-08-09 03:19:39",563.0,2,koshtubhsinghparihar
6159,16673923,"Gabriele Giacometti","2026-09-10 12:15:50",562.8,2,gabrielegiacometti
6160,16757211,dacho,"2026-09-16 00:25:14",562.6,2,slothcafe
6161,16730104,BartHeart,"2026-08-20 18:58:23",562.5,2,bartheart
6162,16687448,"Israel Burns","2026-08-12 08:41:38",562.5,2,israelburns
6163,16669396,Fleo98,"2026-08-10 15:43:34",562.3,2,fleo98
6164,16724904,"Carlos Eduardo De Paula Arantes","2026-08-15 15:48:43",562.3,2,carloseduardo1753
6165,16659645,Drakus_Julia,"2026-08-09 02:15:20",562.2,2,drakus74
6166,16655426,engin_zhou,"2026-08-05 15:21:18",562.1,2,enginzhou
6167,16857823,"Hà Công Nga ","2026-09-10 02:49:42",561.8,2,hcngnga
6168,16668022,"Lady and tech","2026-08-19 04:08:50",561.8,2,ladyandtech
6169,16670544,"William Rients","2026-08-06 00:01:02",561.8,2,williamrients
6170,16669165,"IT Neko","2026-08-14 13:17:33",561.7,2,"nirvaanaa,zhexuanyecust"
6171,16671420,"Chengchen Duan","2026-08-17 15:25:09",561.7,2,chengchenduan
6172,16762206,"mohammad khanjani2026","2026-09-06 05:17:52",561.7,2,mohammadkhanjani2026
6173,16749764,Aquaflame,"2026-09-11 16:41:58",561.5,2,aquaflame
6174,16825999,"Atsushi Yoshikawa","2026-09-07 02:06:13",561.4,2,atsushiyoshikawa
6175,16793452,"Ghazaros Ghazaros","2026-09-12 00:26:59",561.3,2,ghazarosghazaros
6176,16888433,SINKO1,"2026-09-18 22:51:59",561.2,2,sinko1
6177,16681509,"Kethan Sai","2026-09-18 09:53:32",561.2,2,kethansaikoneru
6178,16663093,"Akul Sareen","2026-08-21 23:49:50",561.1,2,akulsareen
6179,16665622,one,"2026-08-11 04:10:11",561.1,2,richardsplayground
6180,16690338,dvv_ram,"2026-08-13 00:11:18",560.8,2,ddvram
6181,16662103,"Saravana Thiagarajan K","2026-08-05 21:43:42",560.8,2,saravanatk1984
6182,16726684,"William Lee","2026-08-19 15:35:28",560.6,2,notyouravgwilly
6183,16687604,Harrislrobinson,"2026-08-11 00:25:10",560.5,2,harrislrobinson
6184,16656690,"Sushant Kumar (xWF)","2026-08-06 04:44:38",560.4,2,sushantkumarxwf
6185,16891184,rbjp557,"2026-09-17 10:31:21",560.4,2,rbjp557
6186,16664415,"Imerson Krysthio","2026-08-12 05:37:03",560.3,2,imersonk
6187,16676155,"Adam Carnaffan","2026-08-07 16:48:03",560.2,2,adamcarnaffan
6188,16692995,RafaMartinaitis,"2026-08-22 11:50:10",560.2,2,rafaelmartinaitis
6189,16740534,"Gao Wenjiang","2026-09-02 09:48:37",560.2,2,gaowenjiang
6190,16666988,"Sarthak Vedant Mohanty","2026-08-08 00:10:11",560.2,2,sarthakvedantmohanty
6191,16730577,"Team Rocket’s Orbital Farm","2026-09-11 05:56:54",560.1,2,koheitsutsumi
6192,16664119,FSzekut,"2026-08-07 00:03:04",560.0,2,fszekut
6193,16663766,"Anup Gautam","2026-08-08 01:29:10",559.8,2,anupanda
6194,16762831,026,"2026-09-07 00:58:19",559.8,2,thahaarsh
6195,16699711,"maxscender ","2026-08-13 14:03:35",559.8,2,maxscender
6196,16658775,"Vincent Pan","2026-08-29 12:55:20",559.8,2,"judithhong,vincentpan2005"
6197,16775237,"Haruki Iwase","2026-09-12 14:38:17",559.6,2,harukiiwase
6198,16733910,davidsmith42,"2026-08-19 23:59:03",559.6,2,ananthvydianath42
6199,16756388,"Sam Scott","2026-08-22 22:04:06",559.5,2,shepard5
6200,16660670,"Chirag Bhatnagar","2026-08-31 09:21:45",559.5,2,chiragbhatn
6201,16730740," opus5🏆","2026-08-19 09:58:24",558.9,2,yinpinggao
6202,16686912,@mldsdev,"2026-08-13 02:07:44",558.6,2,lan1mel
6203,16679364,VicD,"2026-08-14 20:16:52",558.3,2,durandv
6204,16674599,"Luka Duvanov","2026-08-19 22:03:46",558.2,2,nekkon
6205,16663437,inversion,"2026-08-04 20:44:41",558.2,1,inversion
6206,16828050,stephenlau,"2026-09-17 08:18:23",558.1,2,stephenlu0422
6207,16671779,"Syed Jawad","2026-09-06 12:12:28",558.1,2,syedjawad11
6208,16848633,umizora,"2026-09-08 13:34:47",558.0,2,yoiisohira
6209,16707767,"Lai Eu Wen","2026-08-16 16:47:50",557.9,2,laieuwen
6210,16675461,mins0_0,"2026-08-30 07:50:53",557.8,2,mins00
6211,16658738,Aman,"2026-08-05 11:12:10",557.7,2,amank95amank95
6212,16658779,"Richard G Atkinson","2026-08-05 00:29:59",557.6,2,richardgatkinson
6213,16840480,jignesh13,"2026-09-16 19:33:04",557.6,2,jignesh13
6214,16657807,"Ragav Rida","2026-08-07 16:22:34",557.5,2,ragavrida
6215,16784599,"Engineer Lisa","2026-09-18 21:25:22",557.3,2,lisamhines
6216,16760226,"Erich Hofstötter","2026-08-24 15:49:06",557.2,2,erichhofsttter
6217,16761451,gulag,"2026-08-24 03:39:54",557.2,2,moglin
6218,16663677,"Aghazie David","2026-08-07 00:32:14",557.1,2,aghaziedavid
6219,16639408,Invictus,"2026-08-11 22:44:04",557.1,2,nicho256
6220,16756131,"Emre Atilgan","2026-08-24 20:20:06",557.0,2,emreatilgan
6221,16698164,"Ruizhang Zhi","2026-09-18 16:03:27",556.9,2,ruizhangzhi
6222,16673034,"Milos Vlainic","2026-09-18 13:10:11",556.8,2,wlakinsson
6223,16705328,"Ester Arias","2026-09-18 15:56:12",556.8,2,esterarias
6224,16637776,MarvelousXun,"2026-08-03 09:33:38",556.8,2,marvelousxun
6225,16621354,pengshy,"2026-08-06 04:54:01",556.7,2,dm15336142
6226,16844334,lsnm,"2026-09-07 15:02:17",556.7,2,eliasnema
6227,16665462,ZSZ,"2026-08-12 13:55:00",556.5,2,zsuzsanna2
6228,16673333,"Dimas Renggana","2026-08-06 23:40:39",556.5,2,dimasrenggana
6229,16640845,"tang yangzhou","2026-08-04 21:36:09",556.5,1,tangyangzhou
6230,16657981,"Arijit Kar","2026-08-18 11:05:52",556.4,2,demonicak
6231,16660850,"Khoa Le","2026-08-05 13:23:55",556.3,2,bryanle2025
6232,16624941,"KO Ho Tin","2026-08-10 03:33:47",556.3,2,b14ckc4tmr
6233,16667346,Artwenty-six,"2026-09-15 14:55:14",556.2,2,rezakautsarinsani
6234,16906705,"Gaurav Vyas","2026-09-18 11:41:56",556.1,2,ctogaurav
6235,16660119,"Dhruva Das","2026-08-05 17:05:52",556.1,2,dhruva77
6236,16642994,"Danila Galkin","2026-08-13 19:22:17",556.0,2,danilagalkin
6237,16732003,"HAO jia liu","2026-08-18 09:58:05",556.0,2,haojialiu
6238,16623071,"Santiago Maniches","2026-09-06 06:32:55",555.9,2,santmani
6239,16670274,"dankwa wadie","2026-09-01 08:45:40",555.8,2,dankwawadie
6240,16717817,"Nick Stoddart","2026-08-14 05:15:23",555.8,2,nickstoddart
6241,16669408,"Josaphat Adjele","2026-08-31 17:26:56",555.7,2,josaphatadjele
6242,16663864,RamónLópez,"2026-09-18 08:13:01",555.7,2,lopeznomar
6243,16670596,prabalsingh_23,"2026-08-26 02:33:14",555.6,2,prabalsingh23
6244,16740662,宣城市机械电子职业技术学院,"2026-09-15 02:05:22",555.6,2,chenzhengy
6245,16697704,"Leonid Matetskiy","2026-08-09 21:39:06",555.4,2,leonidmatetskiy
6246,16778145,TW_益民_li,"2026-09-03 12:28:49",555.3,2,liyimintw
6247,16731887,"hoo aam","2026-08-21 05:37:16",555.3,2,hooaam
6248,16844670,"Zheng haoling","2026-09-07 04:22:40",555.1,2,zhenghaoling
6249,16715225,"Someswararao Tellakula","2026-08-17 01:15:37",555.0,2,someshtellakula
6250,16841589,加藤正樹,"2026-09-06 01:59:11",554.9,2,masaki9920
6251,16663551,"Germinator G-1000","2026-09-18 19:25:47",554.9,2,sinkingpoint
6252,16729157,HahaTaco,"2026-09-12 17:33:16",554.8,2,hahataco
6253,16742172,"Felisitas Mellania","2026-09-11 06:39:04",554.7,2,felisitasmellania
6254,16841858,"Aadit Agrawal","2026-09-08 07:23:56",554.4,2,aaditagrawal
6255,16775749,Yurikada,"2026-09-03 11:13:54",553.9,2,yosukeinada
6256,16722028,"Aw Ming Xuan","2026-08-16 09:24:48",553.9,2,awmingxuan
6257,16756029,EndCreeper,"2026-09-18 15:46:59",553.9,2,endcreeper
6258,16748774,"hakan ulucan","2026-08-25 19:19:11",553.8,2,hakanulucan
6259,16750666,"Mitali Yadav","2026-09-18 21:50:07",553.6,2,mitaliyadav18
6260,16659025,"Mohammed Naseef","2026-08-05 09:01:20",553.6,2,mohammednaseef
6261,16658151,"Nguyễn Phúc Gia Bảo","2026-08-06 15:15:07",553.6,2,kevincrazy678
6262,16621523,"Victor Orihuel","2026-08-18 05:40:18",553.5,2,victororihuel
6263,16753887,"Hong Tang","2026-08-24 21:41:20",553.4,1,hongtang15
6264,16666597,Ramkumar4240,"2026-08-10 12:19:20",553.0,2,ramkumar4240
6265,16846845,Shunsuke,"2026-09-07 15:25:38",553.0,2,shunsukeisono
6266,16701795,Proshian,"2026-08-11 00:01:04",553.0,2,proshian
6267,16720143,"AMAN PANDEY","2026-08-16 13:57:00",553.0,2,amanapofficial
6268,16631772,yuki,"2026-08-03 17:39:58",552.9,2,yururoi
6269,16671364,"Mike Riggs","2026-08-09 03:22:55",552.4,2,riggsasi
6270,16640077,larry54321zhao,"2026-09-09 08:48:32",552.2,2,larry54321zhao
6271,16702481,"Scott G","2026-08-13 15:19:02",552.0,2,verifiedscott
6272,16672463,"Muzammil Baloch","2026-08-07 12:45:39",551.8,2,muzammilbaloch
6273,16727009,B05801037,"2026-08-18 02:28:48",551.8,2,peteropop
6274,16750864,Ymori,"2026-09-16 03:14:11",551.6,2,yasunorim
6275,16833063,"Fidel Escalona","2026-09-18 23:42:52",551.6,2,fbescalo
6276,16660270,Ziel_Lux,"2026-09-13 11:18:14",551.0,2,nahbilafaith
6277,16732609,"Filippo Paninforni","2026-08-19 18:30:22",550.9,2,filippopaninforni
6278,16691938,"PRASHANT SUTHAR11","2026-09-18 13:14:10",550.8,2,prashantsuthar11
6279,16726687,"Rohin Kethipally","2026-09-14 22:41:28",550.8,2,rohinkethipally
6280,16795609,2023314806_이승민,"2026-09-04 10:21:31",550.5,2,sminleeee
6281,16675264,"Alon Bar Koter","2026-08-06 16:16:43",550.5,2,alonbarkoter
6282,16644456,Agbe,"2026-09-17 00:04:26",550.4,2,timmecom
6283,16727376,"Roko Torbarina","2026-08-18 18:31:57",550.2,2,rokotorbarina
6284,16743001,Nikhilasree,"2026-09-03 11:33:45",549.9,2,nikhilasree2003
6285,16674540,"Pratik Priyanshu","2026-08-07 18:28:12",549.9,2,pratikpriyanshu5
6286,16691310,"Ganesh ","2026-09-16 21:40:18",549.5,2,hotshot1798
6287,16730105,"Leonardo Palis","2026-08-17 03:35:05",549.5,2,leonardopalis
6288,16787010,"Samir Patel","2026-09-04 02:59:28",549.4,2,mesamirpatel
6289,16666483,"Salih Erdem Kaymak","2026-08-08 17:32:38",549.3,2,saliherdemkaymak
6290,16685652,LeonDuue,"2026-09-01 06:55:54",549.2,2,leonduue
6291,16662313,"Maximus Sambucetti","2026-08-09 15:36:46",548.9,2,maximussambucetti
6292,16845760,Alyosha85,"2026-09-07 05:42:01",548.7,2,alyosha85
6293,16658477,"chathura prasadh9817","2026-08-06 07:18:04",548.6,2,chathuraprasadh9817
6294,16690152,"The Ceris","2026-08-16 11:49:31",548.5,2,amedeopachera
6295,16767800,awee,"2026-09-07 19:34:52",548.5,2,aweertw
6296,16669118,"yunus yavuz","2026-08-05 21:51:21",548.4,2,yunusyvz
6297,16712746,itsraininnnn,"2026-08-12 16:38:56",548.4,1,itsraininnnn
6298,16685618,"Krupa Vardhan","2026-08-28 09:24:21",548.4,2,krupavardhan
6299,16729202,Sven,"2026-08-27 21:55:40",548.3,2,sventleman
6300,16675585,"Jacob Joy","2026-08-11 12:13:06",548.2,2,jac0b1
6301,16718363,"Jarbas Camurça","2026-08-28 11:15:44",548.2,2,pjarbas
6302,16865454,"Zhihuan Xue","2026-09-16 11:16:53",548.2,2,xuantianfengwu
6303,16692680,"Marc-Luca ","2026-08-11 12:02:15",548.1,2,marcluca
6304,16677231,"Ahmed Bootaan","2026-08-06 18:08:52",548.1,2,ahmedbootaan
6305,16864314,marwar22,"2026-09-10 14:10:20",547.9,1,marwar22
6306,16749104,danielx119,"2026-08-20 16:36:00",547.7,2,danielx119
6307,16660419,"Kai-Shih Chiu","2026-08-06 12:54:22",547.5,2,kaishihchiu
6308,16735475,SunjaeLee02,"2026-08-19 08:12:41",547.5,2,sunjaelee02
6309,16697730,JCN2365,"2026-08-13 18:06:35",547.3,2,jcn2365
6310,16659181,Hongjie04,"2026-08-05 04:07:04",547.3,2,hongjie04
6311,16833476,"Richard Pagan","2026-09-05 03:01:54",547.2,1,richardpagan
6312,16651167,ArmanVardanyan07,"2026-08-03 22:43:13",547.1,2,armanvardanyan07
6313,16655075,"Félix Rodríguez Roble","2026-08-04 09:16:25",547.1,2,flixrodrguezroble
6314,16663232,"Marco Mangan","2026-09-06 21:20:24",547.1,2,masmangan
6315,16623316,"Ondrew Zudin","2026-08-06 23:08:41",547.0,2,ondrewzudin
6316,16660364,dadandsats,"2026-08-14 11:41:04",547.0,2,continuingdev
6317,16727961,"Ebenezer Olumeyan","2026-08-22 15:54:00",546.9,2,eolumeyan
6318,16658074,"Qui Ngx","2026-08-05 05:57:15",546.8,2,quingx
6319,16747163,"Sarthak Patel","2026-08-21 06:36:26",546.8,2,sarthakpatel2028
6320,16678602,"hassan manour","2026-08-07 12:52:23",546.7,1,hassanmanour
6321,16664142,"The Studio 1","2026-08-16 23:04:06",546.4,2,landonsheatsley
6322,16887280,"ronger zhu","2026-09-17 04:03:22",546.2,2,rongerzhu
6323,16840437,nick.ai007,"2026-09-10 06:36:01",546.1,2,nickai007
6324,16671648,"[Deleted] 05e6ae2c-c72f-4044-b02f-dc74277e34ab","2026-08-09 07:21:22",546.1,2,del=871ca06d8c734ede
6325,16814952,"Ngọc Huyền","2026-09-15 03:55:18",546.0,2,ngchuynss
6326,16654890,"Josh Hipps","2026-08-06 14:16:49",546.0,2,joshuahipps
6327,16658290,rrishavrraj,"2026-09-04 10:35:19",545.7,2,"rrishavrraj,shubhamkumar9812"
6328,16738923,Quantum,"2026-08-29 01:40:45",545.5,2,jawadxhassan
6329,16887947,"Blips and Chitz","2026-09-18 13:00:54",545.4,2,michaelriedl
6330,16661564,yang20251228,"2026-09-02 03:40:29",545.4,2,yang20251228
6331,16691271,"Ashler Herrick","2026-08-09 14:54:33",545.3,1,ashlerjohnherrick
6332,16730649,Mink,"2026-09-13 19:27:02",545.1,2,"mahendransaeyohnn,mysterious5577"
6333,16710521,"Natpaphon Nukhunthod","2026-08-17 03:37:15",545.1,2,natpaphonnukhunthod
6334,16768178,Scarttish,"2026-08-26 22:44:26",545.1,2,scarttish
6335,16718366,RATriculture,"2026-08-28 19:15:28",544.9,2,tarasshchur
6336,16716632,shini47,"2026-08-22 20:30:17",544.8,2,shini47
6337,16657401,korpo,"2026-08-25 20:18:13",544.7,2,krisko
6338,16743438,嘎嘎滴辣晒,"2026-08-24 09:30:32",544.6,2,yuhangzhang0621
6339,16656871,"Pedro Henrique","2026-08-07 03:37:29",544.5,2,pedrohets
6340,16630438,"Aayush Bansal","2026-09-17 15:28:32",544.5,2,aayushbansal0330
6341,16709494,"Aditya Dushara","2026-09-10 22:24:55",544.4,2,adityadushara
6342,16790206,"bogdan chirkov","2026-09-15 13:46:30",544.3,2,bogdannchirkovv
6343,16885591,Orange,"2026-09-13 11:30:58",544.2,2,orangecoppers
6344,16719172,"Victor Carriço","2026-08-24 03:35:14",544.2,2,kronossaurus
6345,16669028,"Atishay Kasliwal","2026-08-11 17:54:59",544.1,2,atishaykasliwal
6346,16853288,ypl0lpy,"2026-09-09 07:56:50",544.1,2,ypl0lpy
6347,16655424,Fayche,"2026-08-10 16:50:28",544.0,2,fayche
6348,16806260,"Kotaro Furuno","2026-09-03 14:36:00",544.0,2,kotarofuruno
6349,16659309,irisV11,"2026-08-18 05:23:01",543.9,2,irisv11
6350,16798918,"Toan Nguyen Mau","2026-09-07 08:39:35",543.9,2,toannguyenmau
6351,16673266,Preet,"2026-08-14 05:57:17",543.4,2,hpkaur34
6352,16862225,"Dmitriy Ershov","2026-09-09 19:38:26",543.3,2,bejeweled
6353,16914539,Kou111111,"2026-09-18 10:32:09",543.2,2,kou111111
6354,16713033,Contact-Nade,"2026-09-10 07:44:18",543.1,2,"masanammedha,rayofc"
6355,16845161,"Abate etienne","2026-09-08 00:28:04",543.1,2,abateetienne
6356,16793150,Comet19,"2026-08-31 10:53:04",543.1,2,comet19
6357,16718565,Frankyface,"2026-08-13 18:54:37",542.9,1,frankyface
6358,16699045,"Abu Kayyisah Basyid","2026-09-18 12:06:08",542.8,2,abukayyisahbasyid
6359,16661066,"André Kuster","2026-08-06 00:54:20",542.7,2,andrkuster
6360,16723125,"Shubham Dhapola","2026-08-16 13:35:23",542.6,2,shubhamdhapola24
6361,16696460,"Enzo 7mlk","2026-09-16 15:19:51",542.6,2,enzo7mlk
6362,16666249,Kawa_pt,"2026-09-08 22:24:25",542.3,2,kawapt
6363,16634790,"Steven Lui","2026-08-03 12:22:08",542.1,2,stevenlui
6364,16683918,Thuytien,"2026-08-07 17:20:33",542.1,2,thuytien200529
6365,16738456,"Pritul Raut","2026-08-21 08:45:04",542.0,2,pritulraut
6366,16660173,"PAULO HENRIQUE DE LIMA","2026-08-06 02:42:20",542.0,1,paulohenriquedelima
6367,16676259,Th_Gbay,"2026-08-19 20:42:35",541.9,2,thgbay
6368,16702359,"Ethan Pl","2026-08-11 19:43:21",541.9,2,ethanpl
6369,16692450,duckypants,"2026-08-23 20:36:59",541.5,2,duckypants
6370,16743282,"Srivishnu Charan","2026-09-03 14:06:54",541.4,2,srivishnucharan
6371,16661832,"Roberto Garcia","2026-08-08 15:09:39",541.3,2,robertogarciada
6372,16669470,"ASDM HUB","2026-08-12 20:13:20",541.1,2,jesushechavarria
6373,16823519,GarciasN,"2026-09-07 18:43:18",540.9,2,garciasn
6374,16659507,"Lokesh Lalan","2026-08-26 08:51:50",540.9,2,lokeshlalan
6375,16741766,lrik00,"2026-09-15 13:27:32",540.7,2,lrik00
6376,16666614,"Arjun Annamalai","2026-08-18 09:23:28",540.7,2,arjunannamalai
6377,16868761,TboneBrown,"2026-09-11 17:14:42",540.7,2,tbonebrown
6378,16660035,NoNamedeo,"2026-08-27 14:20:15",540.7,1,nonamedeo
6379,16658718,"Duong Bao Duy","2026-09-15 13:31:45",540.6,2,duongbaoduy
6380,16734901,Breaking1800,"2026-09-08 20:16:46",540.6,2,breaking1800
6381,16731013,"Abimael Firstana","2026-09-11 06:55:02",540.3,2,abimaelfirstana
6382,16744898,"Tore Erdmann","2026-09-13 14:18:13",540.1,2,toreerdmann
6383,16760190,"Florian Tigoulet","2026-08-24 12:37:14",540.1,2,floriantigoulet
6384,16782187,"Margo Kim","2026-08-28 19:15:18",540.0,2,margokim
6385,16664605,"Nathaniel Shou","2026-08-05 17:51:47",540.0,2,nathanielshou
6386,16842527,ko_fusion_JPN,"2026-09-18 14:14:19",539.9,2,kofusionjpn
6387,16662751,ZeD,"2026-08-06 10:11:24",539.8,2,hussamcheema
6388,16635145,"Isaac Menard","2026-08-05 21:11:36",539.5,2,isaacmenard
6389,16920641,"Tailee Kim_7","2026-09-18 23:36:08",539.5,2,emilykim01
6390,16702820,"Plorek ","2026-08-28 11:28:11",539.4,2,plorek
6391,16682076,"Igor Riegel","2026-09-02 14:49:12",539.3,2,igormriegel
6392,16669397,"Abed Kibbe","2026-09-13 06:09:10",539.3,2,abedkibbe
6393,16688366,yokoikazumasa,"2026-08-08 19:25:58",539.2,1,yokoikazumasa
6394,16696163,"Romain Durand","2026-08-17 19:00:46",539.2,2,romaindurand1607
6395,16781545,"Jake Lin","2026-09-04 01:41:22",539.2,2,jakelinai
6396,16686150,"Aek KunKub","2026-08-14 05:21:43",539.2,2,aekkunkub
6397,16718042,"Muddassir Shah","2026-09-02 21:49:44",539.0,2,wisemanseed
6398,16693738,"Sonu Jha","2026-08-14 20:32:37",539.0,2,sonujha090
6399,16696020,"Hugo Voisin","2026-08-11 16:08:06",538.8,2,hugovoisin
6400,16661432,"Ange Adantchede","2026-09-14 09:00:26",538.8,2,angeadantchede
6401,16740709,"Abimael Firstana #2","2026-09-11 07:19:13",538.8,2,abimaelfirstana99
6402,16759246,wangfeifei_si,"2026-08-26 14:27:19",538.7,2,wangfeifeisi
6403,16657400,indrapurnama,"2026-08-08 05:42:05",538.5,2,indr0008
6404,16757407,"Dylan Bailes","2026-08-26 07:11:56",538.4,2,dylanbailes
6405,16795284,"Kostas Tsolis","2026-09-14 09:14:56",538.3,2,tkostas
6406,16662057,DeokJin,"2026-08-05 04:01:38",538.2,2,deokjin
6407,16685800,"Sumit Ridhal","2026-09-05 11:44:15",538.2,2,sumitridhal
6408,16664750,"shubham kumar","2026-09-13 16:24:23",538.1,2,shubzk17
6409,16736368,tora,"2026-08-19 06:54:47",538.0,1,toranosukenoda
6410,16664143,"Lucas Henrique Mateo","2026-08-21 19:10:52",537.9,2,lucashmateo
6411,16688646,lakranitesh,"2026-08-08 12:49:18",537.9,2,lakranitesh
6412,16669479,"Shifa Salsabiila","2026-08-09 02:56:11",537.9,1,shifasalsabiila
6413,16717716,"Диас Издибаев","2026-08-15 05:32:14",537.8,2,diasiz1
6414,16714592,"Carey Casile","2026-08-14 18:34:16",537.8,2,ccasile
6415,16708625,"Lê Văn Pháp","2026-08-29 03:15:56",537.8,2,"linhsarah,lvnphp"
6416,16685582,Wasaanyi,"2026-08-18 09:21:30",537.7,2,"cnakakeeto,wasaanyi"
6417,16693033,AgriBot,"2026-08-13 23:53:10",537.6,2,prcieuxcomlan
6418,16743823,"Zeyu Huang_summer","2026-09-14 15:40:41",537.4,2,zeyuhuangsummer
6419,16848498,KeiroS,"2026-09-11 07:59:01",537.3,2,keiros
6420,16759112,songxin,"2026-09-04 05:01:15",537.3,2,likewaterandwind
6421,16679771,Coolgolf,"2026-09-02 13:56:54",537.0,2,coolgolf
6422,16740646,"Darren Chung","2026-08-25 18:00:27",537.0,2,chungdarren
6423,16795698,ml_gg,"2026-09-18 15:25:40",536.9,2,ramnarayanchoudhary
6424,16871854,"Tanvi Parsam","2026-09-13 16:07:41",536.8,2,tanviparsam
6425,16705183,"Tong Jiakai","2026-08-14 08:23:26",536.5,2,tongjiakai
6426,16796810,JosephErikRibeiro,"2026-09-02 20:21:08",536.5,2,josepherikribeiro
6427,16723037,"Red Cat","2026-09-10 19:23:50",536.3,2,severl
6428,16627751,lzeee,"2026-08-10 14:06:38",536.1,2,shzgong
6429,16715897,shettynaisha,"2026-09-06 17:28:58",535.9,2,shettynaisha
6430,16724269,lava,"2026-09-11 11:22:13",535.9,2,fanxiaozhen
6431,16632118,nk,"2026-09-11 09:55:01",535.9,2,nagatakengo
6432,16780513,"Hugo JOBÉ","2026-08-27 20:51:09",535.8,2,hugojob
6433,16756858,"Rushi A.","2026-08-23 18:54:03",535.5,2,rushia
6434,16657601,Simon,"2026-08-05 15:59:44",535.3,2,benten10
6435,16656317,"Manu Rahi","2026-08-06 16:43:55",535.3,2,manurathi
6436,16715711,"Shawon Biswas","2026-08-19 10:42:24",535.1,2,shawonbiswas11
6437,16840365,"Pranjal Morwal","2026-09-18 18:36:25",535.1,2,pranjalmorwal
6438,16662875,Jimmy,"2026-09-16 15:30:46",535.1,2,jiyo4476
6439,16672333,"Giovanny Rodríguez","2026-09-17 16:32:24",535.1,2,giovannyrodrguez
6440,16753353,"Aayush Kumar","2026-09-17 15:27:36",535.1,2,devaayushkumar
6441,16872190,"Zephyr Pong","2026-09-11 11:07:15",535.0,2,zephyrpong
6442,16692637,"Blox Amaze","2026-08-09 09:47:42",534.8,2,bloxamaze
6443,16786450,fujii,"2026-09-15 14:01:51",534.7,2,kojisoemi
6444,16660360,"Joey Gonzales","2026-08-05 00:00:47",534.6,2,joeygonzales
6445,16660214,ytddsyt1214,"2026-08-09 12:32:06",534.4,2,ytddsyt1214
6446,16623112,Tians12,"2026-08-09 19:10:24",534.4,2,tiansang12
6447,16784966,oouiaa,"2026-09-03 21:53:59",534.3,2,tomofumihata
6448,16672657,"Lochan Naik","2026-08-07 08:41:44",534.2,2,lochannaik
6449,16688134,"Marc Dakuginow","2026-08-13 01:40:44",534.0,2,marcdakuginow
6450,16756987,"Joseph Paggeot","2026-08-24 04:32:57",533.9,2,josephpaggeot
6451,16761751,KrishnaKumar_AIML,"2026-09-02 14:38:24",533.8,2,krishnakumarcsr
6452,16811259,"Aaryan Agarwal","2026-09-03 20:21:00",533.6,1,aaryanagarwal
6453,16655630,askBillyWhatMamaDid,"2026-08-28 02:06:18",533.6,2,askbillywhatmamadid
6454,16795624,"Shashwat Khare","2026-09-02 01:46:54",533.6,2,shshwtkhr
6455,16771972,"Vansh Ahlawat","2026-09-18 11:41:12",533.2,2,vansh5126
6456,16668678,"Madhur Sabherwal","2026-08-14 02:47:14",532.9,2,madhur321
6457,16661550,SeriouS_K,"2026-09-05 08:25:29",532.8,1,serious101
6458,16635744,XDang13,"2026-09-01 00:50:40",532.8,2,xdang13
6459,16764600,"Tanmay Shingavi","2026-09-03 05:43:57",532.7,2,decodingafterlife
6460,16717742,"Ghawwjsb Vsjsjsbs","2026-08-13 22:32:49",532.4,2,ghawwjsbvsjsjsbs
6461,16623678,Mahog,"2026-09-18 14:02:08",532.4,2,mahoganybuttstrings
6462,16680108,dentalsoup,"2026-08-07 09:03:47",532.3,2,afinemonkey
6463,16802663,ipefix,"2026-09-01 17:34:35",532.2,2,nmsis91
6464,16666055,Axit,"2026-08-06 10:16:15",532.1,2,axitslab
6465,16887642,"Dimitrios Giannoulis","2026-09-14 12:38:24",531.9,2,plagiagia
6466,16705480,Mint120,"2026-08-19 05:49:10",531.9,2,mint120
6467,16664370,"Joel Arias","2026-08-06 17:29:01",531.9,1,j4rias
6468,16667025,"Anjitha Mekkayil Anand ","2026-08-28 05:59:46",531.9,2,anjithamekkayilanand
6469,16691007,"Nhật Khoa Phạm","2026-08-14 16:15:43",531.9,2,pnk123456
6470,16886765,LZWang,"2026-09-13 22:00:47",531.8,2,wlzwlz
6471,16920613,"vietnam vo dich","2026-09-18 13:38:00",531.8,2,ctun12
6472,16662741,"Abhiraj Govind","2026-08-04 18:01:16",531.8,1,abhirajgovind
6473,16665046,"Srish Jana","2026-08-06 18:12:59",531.7,2,srishjana
6474,16623302,"Raffi Ardhi Naufal","2026-07-31 18:31:57",531.7,1,raffiardhi
6475,16808750,ssssying,"2026-09-11 14:41:53",531.7,2,ssssying
6476,16686149,"Luc Mantoux","2026-08-09 20:25:33",531.7,2,lucmantoux
6477,16674076,rigsutra,"2026-09-12 16:57:45",531.6,2,rigsutra
6478,16700484,白井孝太郎,"2026-08-15 01:08:02",531.6,2,kotaroshirai
6479,16774317,A_yuki,"2026-08-28 23:42:10",531.5,2,yukiys
6480,16664652,QuasarHeart,"2026-09-04 14:00:05",531.5,2,quasarheart
6481,16749038,Seuz,"2026-08-29 18:40:14",531.5,2,kohdawei
6482,16884148,mengxc410,"2026-09-18 03:42:08",531.4,2,mengxc410
6483,16656913,"Inna Davidov","2026-08-20 04:43:47",531.4,2,innadav
6484,16729914,Christina,"2026-09-14 11:16:46",531.2,2,geekycb
6485,16777150,Eduardo2c,"2026-09-06 14:23:04",531.0,2,eduardo2c
6486,16861492,Adi_271,"2026-09-10 09:47:25",530.9,2,adi271
6487,16845148,"nasa Furiy","2026-09-07 08:24:40",530.8,2,nasafuriy
6488,16669699,nikesh23,"2026-08-08 01:52:56",530.7,2,nikesh23
6489,16752153,zhao569,"2026-09-17 08:34:24",530.7,2,zhao569
6490,16633934,Alexy,"2026-08-25 04:40:02",530.4,2,alexycactus
6491,16720760,ysteh05,"2026-08-15 05:14:53",530.0,2,ysteh05
6492,16828705,"liama liama","2026-09-04 16:37:52",530.0,2,liamaliama
6493,16686655,"Emir Baki Demirci","2026-08-14 22:43:55",529.9,2,emirbakidemirci
6494,16697346,"sayyid mogaka","2026-08-10 21:37:36",529.8,2,sayyidmogaka
6495,16678633,"Tanishq Tayade","2026-09-14 21:39:04",529.8,2,tanishqtayade
6496,16658327,pocari1,"2026-08-19 07:17:28",529.6,2,pocari1
6497,16915853,popwenman,"2026-09-18 05:54:00",529.5,2,popwenman
6498,16661099,TheSven,"2026-08-06 17:05:25",529.5,2,thesven
6499,16740840,"Huchen Jiang","2026-09-02 09:18:47",529.4,2,huchenjiang
6500,16846010,muelsyse111,"2026-09-07 07:52:55",529.4,1,muelsyse111
6501,16664140,Sxwat,"2026-08-23 01:13:13",529.4,2,aybatov
6502,16654596,"khusham sheth","2026-08-13 05:28:55",529.4,2,khushamsheth
6503,16659444,"ANKIT AGARWAL","2026-09-18 05:54:26",529.1,2,ankwall223
6504,16867745,"Carlos Uño Magne","2026-09-13 15:09:49",529.0,2,carlosuomagne
6505,16725847,"Shel Horta","2026-08-18 04:29:55",529.0,2,shelhorta
6506,16740248,KK_nut,"2026-08-25 03:26:52",528.9,2,k0k0nut
6507,16630773,"An Hoang Vo","2026-09-05 14:49:25",528.6,2,anhoangvo
6508,16890221,"Kalebu Makombe","2026-09-14 10:07:31",528.6,2,kalebuomakombe
6509,16725938,"Ben Cheng","2026-09-05 16:03:36",528.5,2,benczb
6510,16633069,"Nur Srijan","2026-08-06 12:55:34",528.5,2,nursrijan
6511,16774134,kokdonbaq,"2026-08-30 14:07:52",528.4,2,darkhan14
6512,16818158,Noza,"2026-09-16 04:36:09",528.4,2,harukanozato
6513,16638645,ChrisDavis,"2026-08-03 23:29:34",528.3,2,alpacas
6514,16654085,"Bill Xu","2026-09-07 05:10:56",528.2,2,billll
6515,16765380,jslee_homeofson,"2026-08-25 13:10:22",528.1,2,jsleehomeofson
6516,16730749,"Đông Hà","2026-09-03 03:04:06",528.1,2,phapsucongu
6517,16793889,zhzz,"2026-09-01 11:28:52",528.0,2,ucsdzhengzeng
6518,16712921,"Come Back","2026-08-20 00:45:45",528.0,2,amirhosseinltf
6519,16709885,"Manuel Pérez","2026-08-14 01:54:02",527.9,2,manuelperezzz
6520,16676320,"Khôi Trần","2026-08-29 14:14:57",527.9,2,khoitrn
6521,16664706,olivbhxf,"2026-08-06 07:10:34",527.5,2,olivbhxf
6522,16857732,bzczz123,"2026-09-17 09:52:43",527.5,2,bzczz123
6523,16768939,"Pratham Sonawane","2026-08-30 17:37:23",527.5,2,prathamsonawane1
6524,16905027,"xiaomeng lin","2026-09-16 08:03:14",527.5,1,xiaomenglin
6525,16742059,dafei2025,"2026-09-03 09:19:34",527.4,2,dafei2025
6526,16657654,TemperaryT,"2026-09-18 05:32:36",527.3,2,temperaryt
6527,16720714,"Lithole Munangiwa","2026-08-19 11:23:49",527.3,2,litholemunangiwa
6528,16784417,"Dallas Odem","2026-08-29 13:14:30",527.2,2,dallasodem
6529,16789996,"Chen Jiaqi","2026-09-02 15:48:25",527.2,2,elaemchen
6530,16845696,Huskkky,"2026-09-07 03:47:13",527.1,2,huskkky
6531,16677360,"Jatin Chawla","2026-08-08 13:45:06",527.1,2,jatin221
6532,16659896,TedT,"2026-08-11 19:36:14",526.9,2,fdsaur
6533,16829729,NoobMaster69,"2026-09-06 09:12:58",526.9,2,thelegend007
6534,16665257,"Ken Li","2026-08-09 12:59:32",526.9,2,kenliwt
6535,16656883,KK,"2026-08-05 10:27:15",526.7,2,kkonzyb
6536,16658820,"Jonathan Ashenaf1","2026-08-11 16:59:20",526.7,2,jonathanashenaf1
6537,16658973,"not today","2026-08-05 05:57:14",526.5,2,cemhan44
6538,16773402,齐乐,"2026-08-28 05:52:43",526.5,2,qile200107
6539,16796509,"Taha Alselwi","2026-09-10 22:26:26",526.3,2,tahaalselwii
6540,16658702,sherlockwatson007,"2026-08-29 08:48:53",526.3,2,sherlockwatson007
6541,16666328,"Dornus !","2026-08-05 21:53:19",526.2,2,dornus
6542,16692246,"Pamod Jayaneth","2026-09-08 05:13:09",526.2,2,pamodjayaneth
6543,16708230,"jose manuel Tinajero","2026-08-25 15:02:46",526.1,2,josemanueltinajero
6544,16767754,"Dr. T","2026-09-13 08:01:21",526.1,2,davinor
6545,16731729,"Sumit Bopche","2026-08-21 15:53:56",525.9,2,sumitbopche
6546,16676663,"This cat is called Fumi","2026-08-11 18:21:43",525.8,2,qwer556617123
6547,16667872,"Pralay Ghosh","2026-09-06 10:12:25",525.8,2,pralayghosh83
6548,16674943,feyZERO,"2026-08-16 10:48:50",525.7,2,faezamora
6549,16685349,Onelux,"2026-08-13 12:58:31",525.6,2,leehomhuang
6550,16723737,HaruhiroKazami,"2026-08-21 16:12:04",525.4,2,haruhirokazami
6551,16654970,"Maycon Coutinho","2026-08-27 21:28:32",525.3,2,coutinhomaycon
6552,16677585,Pan,"2026-08-07 13:54:22",525.0,2,mehdiacho
6553,16663618,Anthaus,"2026-08-09 17:06:35",524.9,2,anthaus
6554,16657681,"Prince Raj","2026-08-11 22:49:02",524.7,2,princerajmdb
6555,16661927,JHCodeQuest,"2026-08-25 11:36:46",524.5,2,josephkhassan
6556,16668509,HarryZ,"2026-09-13 04:29:04",524.4,2,mzhumzhu
6557,16663188,"Ethan Feng","2026-08-05 22:09:38",524.4,2,xenon111231
6558,16778703,kamaras,"2026-08-30 11:58:07",524.3,2,kamaras
6559,16690352,"Aled von Oppell","2026-09-18 10:32:06",524.2,2,aledgvonoppell
6560,16691807,lbs-vadar,"2026-08-26 18:29:57",523.9,2,lbsvadar
6561,16770440,"Tegar Putrayas Dentatama","2026-08-29 06:33:59",523.9,2,tegarputrayasd
6562,16661858,"Lukas Lee e","2026-08-18 00:58:12",523.8,2,lukasleee
6563,16698103,JJ,"2026-09-02 09:46:15",523.4,2,jianjinchen
6564,16701250,T00bii,"2026-08-11 16:11:06",523.2,1,t00bii
6565,16658031,BSam79,"2026-09-12 09:12:39",523.2,2,bsam79
6566,16652952,lackmind,"2026-09-04 18:46:11",523.1,2,lackmind
6567,16894008,"Marcus Jamieson","2026-09-17 12:46:00",523.0,2,marcusjamieson
6568,16722252,pwdh2026,"2026-08-14 22:16:22",523.0,2,pwdh2026
6569,16628487,"Koichi HIRAOKA","2026-08-01 08:42:40",522.8,2,koichihiraoka
6570,16660462,"Vishwanath N Iyer","2026-08-07 07:22:17",522.8,2,vishwanathniyer
6571,16786461,"Caleb Bredlow","2026-09-07 04:17:50",522.6,2,calebbredlow
6572,16676613,LCZ1996,"2026-08-29 02:02:59",522.2,2,lcz1996
6573,16698292,"Dallas Manning","2026-08-17 14:29:53",522.1,2,dallasmanning
6574,16632100,"Mohit Shirke","2026-08-07 17:55:11",522.1,2,orcivion
6575,16664841,vohi01,"2026-09-06 09:53:46",522.1,2,vohi01
6576,16778579,"Jiajia Zhang","2026-08-29 18:19:12",522.0,2,jiajiazhang01
6577,16706985,Valmrnch,"2026-08-24 07:57:56",521.8,2,valmrnch
6578,16663777,"Mortis Beans","2026-08-24 05:27:44",521.7,2,mortisbeans
6579,16705363,"Matt Hall","2026-08-16 01:44:32",521.4,2,matthall0
6580,16678644,"Kanik Aggarwal","2026-08-13 19:01:16",521.3,2,roronoazoro200
6581,16875818,Mateollqw,"2026-09-12 22:08:38",521.3,2,mateollqw
6582,16648589,"Yilan Zhu","2026-08-05 11:23:23",521.2,2,yilanzhu
6583,16675863,"Habib ullah","2026-09-17 13:54:42",520.7,2,habibullah123456789
6584,16709880,"Javier Pérez Robles","2026-08-15 02:21:07",520.7,2,javierprezrobles
6585,16670218,"What is Coding?","2026-08-07 01:47:17",520.6,2,matthewshvarts
6586,16629002,Alpro,"2026-09-08 23:32:24",520.6,2,"dogaakal,egekemalkaraca"
6587,16639244,"Romone Dunlop","2026-08-11 10:19:49",520.6,2,romonedunlop
6588,16899234,vimes1984,"2026-09-17 01:19:19",520.4,2,vimes1984
6589,16684024,"Work From Home 3.0","2026-08-14 12:33:30",520.4,2,"direct1,gongyiqian,jovansee,maxtankialok,n00bcak"
6590,16896566,Bleriot11,"2026-09-15 15:08:27",520.3,2,bleriot11
6591,16907592,may2223,"2026-09-18 08:40:19",520.3,2,may2223
6592,16733948,novodude,"2026-09-06 18:41:26",520.1,2,novomont
6593,16672078,vietlinhh02,"2026-08-08 07:46:53",520.0,2,vietlinhh02
6594,16658160,yunquer,"2026-08-17 07:18:53",520.0,2,yunquer
6595,16662060,"Richard Valino","2026-08-06 16:03:36",519.8,2,richardvalino
6596,16654485,"Mahbub Alam","2026-08-04 02:08:23",519.7,2,mahbubalam214
6597,16687293,"Aurelie Jodelle Kemme","2026-08-20 00:25:43",519.6,2,"audreydemafo,aureliejodellekemme"
6598,16752665,"Dominik Toric","2026-09-14 17:20:14",519.6,2,dominiktoric
6599,16632253,nasuuuuun,"2026-08-04 13:30:11",519.4,2,hikarumatsuzaki
6600,16694171,"guanran wang","2026-08-11 05:57:12",519.4,2,guanranwang
6601,16635481,Jamaisvu,"2026-08-20 15:39:29",519.4,2,jamaisvu
6602,16675477,"Joanne Yun","2026-08-07 13:40:53",519.3,2,joannejyun
6603,16811414,Y-Kitaro,"2026-09-17 02:24:34",519.3,2,yhataktaro
6604,16657674,Warriors,"2026-08-29 14:12:29",519.0,2,"karthikreddykarri,kovvurisaimohanreddy,vikramadityaabhiram"
6605,16668612,"raffael prem","2026-08-06 08:02:13",519.0,2,raffaelprem
6606,16687330,"Mehmet Ensar Çetin","2026-09-06 06:20:19",518.9,2,mehmetensaretin
6607,16683309,"Zealous Sebastian","2026-08-09 12:45:32",518.6,2,zealoussebastian
6608,16645446,gogo98415,"2026-08-29 06:04:15",518.5,2,gogo98415
6609,16661596,t@got@go,"2026-08-10 06:24:24",518.4,2,kamdaanahessod
6610,16682707,"AJAY KUMAR","2026-08-07 19:13:08",518.4,2,worldsslayer
6611,16666652,"Mohamed Fanni","2026-08-17 00:51:38",518.4,2,"arachid,mohamedfanni,soukaynamokhtari"
6612,16914771,"Moritz Schobesberger","2026-09-17 15:21:34",518.2,2,moritzschobesberger
6613,16745655,巴啦啦能量,"2026-09-08 01:30:14",518.1,2,wsh10086
6614,16724395,"Hampton Yeh","2026-08-22 04:07:32",518.1,2,hamptonyeh
6615,16689908,Hyun777,"2026-08-14 01:11:17",518.1,2,hyun777
6616,16852342,"Minh Đăng Lê","2026-09-08 17:30:17",518.1,2,minhngle
6617,16862188,KJ007123,"2026-09-10 07:02:20",517.9,2,kj007123
6618,16799485,"Bartholomew Jordan","2026-09-18 11:31:55",517.6,2,bartholomewjordan
6619,16849108,raypratik,"2026-09-18 18:19:51",517.6,2,raypratik
6620,16726854,"Tâm La Thành","2026-08-27 08:55:02",517.5,2,tmlathnh
6621,16818405,MickyDot,"2026-09-08 08:16:06",517.5,2,mickydot
6622,16680562,devsloppy,"2026-08-10 20:02:19",517.4,2,twu1738
6623,16666371,jiten_topiwala,"2026-08-08 16:51:13",517.3,2,jitentopiwala
6624,16631919,"Ghinwa Allaoui","2026-08-04 16:27:17",517.2,1,ghinwaallaoui
6625,16630903,"Hrushikesh Pawar","2026-08-09 14:44:37",517.1,2,hrushikeshpawar
6626,16763351,shutong114,"2026-08-24 15:17:06",517.0,2,shutong114
6627,16865918,yh00722,"2026-09-14 04:52:38",516.9,2,yh00722
6628,16733644,Gavilán,"2026-08-23 19:41:22",516.8,2,gaviln
6629,16735702,opflare,"2026-09-04 23:47:49",516.6,2,opflare1144user
6630,16806084,"DSDgsdgs SDgsdfgs","2026-09-03 05:19:11",516.6,1,dsdgsdgssdgsdfgs
6631,16760352,"Romain Bomba","2026-08-24 01:27:23",516.5,2,romainbomba
6632,16666709,JSQL,"2026-09-02 18:52:37",516.2,2,jeffreyschott
6633,16641009,"Marius Kirschner","2026-08-03 08:41:47",516.2,2,mariuskirschner
6634,16887274,Shakeel,"2026-09-14 09:55:20",516.2,2,shakeel787
6635,16780915,"Aravind S","2026-09-18 23:48:39",516.2,2,aravind20061981
6636,16659681,"Aditya Seth","2026-09-04 13:12:36",516.1,2,adityaseth777
6637,16693207,"Vamshi Guntupalli","2026-08-11 22:40:36",515.9,2,vamshiguntupalli
6638,16674106,Jaikrishna@007,"2026-09-17 07:11:06",515.9,2,"dineshak07,jaikrishna007"
6639,16701454,"André-Marie BEHANZIN","2026-09-15 11:42:17",515.7,2,andremariebehanzin
6640,16672105,"Natural Stupidity","2026-08-10 19:39:53",515.4,2,"parthb21,sujaygolla"
6641,16779813,zitihc,"2026-08-29 14:18:49",515.3,2,zitihc
6642,16724842,"Mikaela Gkolemi","2026-08-21 19:04:38",515.2,2,mikaelagkolemi
6643,16692168,"Kinshuk Aggarwal","2026-08-09 04:23:32",515.1,1,kinshukaggarwal
6644,16920069,"arar tawil","2026-09-18 13:18:27",514.9,2,araraltawil
6645,16656410,Sam,"2026-08-14 01:58:04",514.9,2,beartrader
6646,16729510,ARM,"2026-09-08 13:01:17",514.6,2,"midhun4126,mrohithjohn"
6647,16840445,"Danko Schroeder","2026-09-18 15:17:05",514.5,1,dankoschroeder
6648,16889005,Dino,"2026-09-18 07:12:51",514.2,2,ngohongthai
6649,16662715,"Great Okwuma","2026-08-17 00:10:46",514.2,2,greatokwuma2
6650,16692644,"Achille Gohin","2026-08-10 00:26:26",513.9,2,achillegohin
6651,16682984,"Rishikesh Bharat Koli","2026-08-08 04:18:06",513.9,2,rishikeshbharatkoli
6652,16714363,guohaowen,"2026-08-13 14:25:48",513.9,2,guohaowen1910
6653,16884997,"Le Huy Tuong","2026-09-17 12:55:49",513.8,2,lehuytuong
6654,16870486,"Sincere Bailey","2026-09-14 12:26:18",513.7,2,sincerebailey
6655,16823067,Francisco,"2026-09-10 18:00:57",513.5,2,cheneblanc
6656,16659261,PromptEngineer48,"2026-08-04 16:44:46",513.4,2,promptengineer48
6657,16679671,Ash0666,"2026-08-09 19:28:52",513.4,2,ash0666
6658,16662201,"Saumitra Verma","2026-08-04 18:28:36",513.3,2,saumitraverma
6659,16668562,"Anthony LOISEAU","2026-08-06 16:07:52",513.2,2,anthonyloiseau
6660,16843633,"Arbnor Grubi","2026-09-13 02:32:30",513.1,2,protocool
6661,16717601,"Mariem Fersi","2026-08-24 23:22:14",512.8,2,"mariemfersi,yassinebrahem2"
6662,16662643,Mohit_Singh,"2026-09-17 07:24:15",512.7,2,mohitsingh955
6663,16769648,"Alok Kumar","2026-08-28 18:04:50",512.6,2,shadowserpent
6664,16631480,"Kumar Abhijeet","2026-07-31 13:29:40",512.6,1,krabhijeet
6665,16685028,"serene ng","2026-08-13 14:53:37",512.5,2,sereneng
6666,16886832,"Ayush Patel","2026-09-13 16:25:18",512.4,2,ayushpatel02
6667,16658344,SOONHANKWON,"2026-08-28 02:00:59",512.4,2,soonabletv
6668,16904318,"wofi poria","2026-09-18 01:33:18",512.4,2,wofiporia
6669,16672473,goldfish,"2026-08-13 03:34:21",512.3,2,dolgfish
6670,16851553,Sentinel,"2026-09-12 19:35:06",512.2,2,atlasar
6671,16644577,"Arthur Merritt","2026-08-04 07:11:11",512.2,2,jarthuph
6672,16674714,"Kaaleedass Manoharan","2026-08-31 19:07:47",512.1,2,kaaleedassmanoharan
6673,16653728,"Iswar Patra","2026-09-18 12:05:09",512.1,2,iswarpatra
6674,16664913,"ABHISHEK KUMAR","2026-08-17 04:20:56",512.0,2,abhishek6545
6675,16810343,"Aleksandr Borodin","2026-09-02 20:29:06",511.6,2,aleksandrbor
6676,16630163,"SEREENA JERRY","2026-08-06 08:59:17",511.6,2,serenajerry
6677,16761589,"Eren -","2026-08-27 08:48:44",511.4,2,erenozyurek
6678,16804924,"Kevin L.","2026-09-09 07:04:46",511.4,2,zorgis
6679,16665511,phoenix_merk,"2026-08-05 09:46:25",511.3,2,phoenixmerk
6680,16656641,AndrewEly8,"2026-08-05 00:56:32",511.1,2,andrewely8
6681,16778947,mart3104,"2026-09-05 15:31:43",511.0,2,mart3104
6682,16655072,Sonuaswar1,"2026-08-04 07:33:47",511.0,2,sonuaswar1
6683,16662722,"Ajeet Jain","2026-08-07 06:32:10",511.0,2,jainajeet29
6684,16771171,Manfucci,"2026-09-12 14:08:47",511.0,2,manfucci
6685,16673214,Boiga7,"2026-08-06 14:03:53",510.9,2,lewiselliot
6686,16843316,"Felipe Chiarini","2026-09-12 12:03:15",510.9,2,felipechiarini
6687,16656689,"Vansh Gupta","2026-08-11 08:56:56",510.7,2,vanshrl9ine
6688,16661507,Siddharth1984,"2026-08-06 13:39:22",510.6,2,siddharth1984
6689,16721877,SuzukiTakumi,"2026-09-18 12:21:15",510.5,2,suzukitakumi
6690,16632368,"Yuelin Bai","2026-08-03 08:15:12",510.4,2,paralym
6691,16749371,"Renisa Assyifa Putri","2026-08-21 05:24:07",510.3,1,renisaassyifaputri
6692,16737362,"moushun chen","2026-08-20 06:45:46",510.3,2,moushunchen
6693,16891695,yuruihito,"2026-09-16 14:04:22",510.1,2,yuruihito
6694,16855185,ArdiaNova,"2026-09-18 11:08:04",510.0,2,ardianova
6695,16664266,"Ian Chung","2026-08-07 23:32:55",509.9,2,iannnnn012345
6696,16724847,"guangchen lu","2026-09-10 03:34:37",509.9,2,guangchenlu
6697,16670779,"Aditya Dube","2026-08-06 01:41:24",509.8,2,dubeaditya
6698,16700661,"Aakash Kavuru","2026-08-12 05:13:05",509.3,2,aakashkavuru
6699,16655899,"Dominic Tedrow","2026-08-17 20:37:28",509.2,2,dominictedrow
6700,16919647,moo_&yuu1,"2026-09-18 15:54:11",509.0,2,"a91zjy,mooyuu"
6701,16825996,"Alex Li","2026-09-04 08:02:19",509.0,2,alexli1998
6702,16673324,Amaranta,"2026-09-18 18:23:38",509.0,2,ulyanovantonamaranta
6703,16641622,datajanko,"2026-08-22 07:40:54",508.9,2,jankoch
6704,16876700,"Omar Mukhtar","2026-09-18 10:05:32",508.8,2,omarmukhtar3
6705,16686645,Ornaat,"2026-09-17 15:44:57",508.8,2,ornaat
6706,16691466,"Jeeta Nandi ","2026-09-04 09:23:34",508.8,2,jeetanandi
6707,16685570,"Micah Fernando","2026-08-07 19:46:31",508.7,2,micahfernando
6708,16863015,"Carlos Jaime","2026-09-14 05:18:14",508.7,2,cjaime708
6709,16794797,zzzyan10,"2026-09-18 07:42:32",508.6,2,zzzyan10
6710,16665080,"RAVI KUMAR696996","2026-08-05 06:14:29",508.6,2,ravikumar696996
6711,16775131,"Re Son","2026-08-27 14:29:31",508.6,2,lemelson
6712,16662647,"Ruben Maya","2026-08-18 20:55:57",508.6,2,rubenmaya
6713,16701761,BalaVignesh,"2026-08-11 17:04:37",508.5,2,balavignesh
6714,16769170,"Hardik Savaliya211","2026-08-25 11:07:10",508.1,2,hardiksavaliya211
6715,16678613,iBooNDK,"2026-08-09 19:03:37",508.0,2,iboondk
6716,16670719,SimoImane,"2026-08-05 23:36:09",508.0,2,simoimane
6717,16890133,Adsterr,"2026-09-14 20:06:19",507.8,1,adsterr
6718,16735251,AlviH47,"2026-08-19 14:25:48",507.8,2,alvih47
6719,16793465,"Farming Sols","2026-09-03 23:40:36",507.6,2,rishitreddypalle
6720,16661443,"STEPHEN ASANTE OPOKU","2026-08-04 16:45:41",507.5,1,stephenasanteopoku
6721,16889078,"Md Waquar Ahmad","2026-09-16 02:52:56",507.5,2,mohdwaquarahmad
6722,16645870,"Barathan Aslan","2026-08-03 08:21:55",507.4,2,barathanaslan
6723,16728137,mchicen,"2026-08-20 16:48:10",507.4,2,"iyaiji,mchicen"
6724,16662043,"Hengcong Zhu","2026-08-05 14:46:24",507.4,2,hengcongzhu
6725,16659813,"Uday Kumar R","2026-08-13 09:47:39",507.3,2,udaykumarramineni
6726,16744572,DivyanshAgg,"2026-08-31 19:30:49",507.2,2,divyanshagg
6727,16718338,"Oladimeji Adeyemi","2026-08-17 15:33:50",507.0,2,adeyemioladimeji
6728,16707159,"Toua Innocent TIA","2026-08-17 16:28:36",507.0,2,centino
6729,16693797,"Riyaz Ur Rehman","2026-08-17 02:21:15",506.8,2,riyazurrehman
6730,16705415,"Mauro Najera","2026-08-11 05:30:13",506.7,2,mauronajera
6731,16888050,"Ayoub Fliless","2026-09-14 17:56:12",506.6,2,ayoubfliless
6732,16775214,"Sambhav R","2026-08-27 15:34:44",506.4,2,sambhavr
6733,16891652,Cristian034,"2026-09-17 12:25:59",506.4,2,cristian034
6734,16885828,U-Bex,"2026-09-16 05:30:55",506.4,2,shuichiurabe
6735,16658627,"Osman Can ÇETLENBİK","2026-08-05 15:25:30",506.3,2,osmancancet
6736,16668154,JuanEspana,"2026-08-09 11:38:32",506.3,2,juanespana
6737,16688383,plong2101,"2026-08-18 06:21:34",506.0,2,plong2101
6738,16726445,"James Patounas","2026-08-19 08:37:06",506.0,2,jamespatounas
6739,16701779,"Chaoqi Luo","2026-08-15 16:42:19",505.8,2,chaoqiluo7
6740,16777132,"Soham Dave","2026-08-27 14:51:01",505.7,2,sohamdave19
6741,16661397,"T. Scharf","2026-08-05 02:54:36",505.6,2,scharf
6742,16699756,"zhang xin","2026-09-13 16:58:12",505.5,2,zhangxin300
6743,16883234,Cpleasance,"2026-09-14 00:24:24",505.5,2,cpleasance
6744,16661934,"Viacheslav Kasatkin","2026-08-10 10:48:25",505.5,2,viacheslavkasatkin
6745,16631981,"Karen Letir","2026-08-10 09:21:51",505.5,2,karenletir
6746,16632105,"shreyas sangalad","2026-08-02 12:01:08",505.4,2,spoortisangalad
6747,16858944,Ashish_G_A,"2026-09-17 18:30:57",505.4,2,ashishga
6748,16810019,M&S,"2026-09-02 17:19:11",505.4,2,"martinhma,yishusheng"
6749,16672798,yaphanqiii,"2026-08-27 07:55:23",505.2,2,yaphanqiii
6750,16623006,"Aaradhy Singhvi","2026-09-08 12:48:10",505.0,2,aaradhysinghvi
6751,16665281,"[Deleted] 899172b8-e148-4564-ba8c-c46356105ab8","2026-08-05 09:55:11",505.0,2,del=cd7e9a4014b872ef
6752,16695102,whitelok,"2026-08-11 12:54:41",504.6,2,whitelok
6753,16656143,"Debanshu Mallick","2026-09-10 13:27:19",504.6,2,debanshumallickiisc
6754,16656470,Glimmeron,"2026-08-12 02:01:48",504.5,2,rishabhraushan
6755,16686109,"Triple Tensor","2026-08-17 08:24:26",504.1,2,"adinathjagtap777,pds178,prajwalzolage05"
6756,16809985,"ADOLE Edache","2026-09-15 09:00:43",503.7,2,adoleedache
6757,16895121,Timmmmmmmy,"2026-09-17 05:51:31",503.6,2,"molic1,timmmmmmmy"
6758,16692480,"Khalis Murfid","2026-08-24 07:03:02",503.5,2,khalismurfid
6759,16733961,"Julia Fredo","2026-09-18 23:30:27",503.4,2,juliafredo
6760,16846143,germanyum,"2026-09-13 14:32:05",503.4,2,germanyum
6761,16668137,"Thomas De Sousa","2026-08-06 06:34:48",503.2,2,thomasdesousa
6762,16889017,Bigwh3el,"2026-09-18 13:26:53",503.0,2,bigwh3el
6763,16909602,jack1e32,"2026-09-18 02:32:58",502.9,2,jack1e32
6764,16647438,"Aderian Setiawan","2026-09-16 09:23:33",502.8,2,aderiannovito
6765,16780592,sergey,"2026-08-27 19:09:25",502.8,2,sadsdfsdf
6766,16762168,Lewbei,"2026-09-10 04:58:43",502.8,2,lewbei
6767,16832891,"Kana Kuroyanagi","2026-09-15 03:41:44",502.8,2,kanakuroyanagi
6768,16718295,doinggyu,"2026-08-18 12:56:58",502.6,2,doinggyu
6769,16639814,"Nikhil Krishna A","2026-09-07 07:37:56",502.2,2,techmasternikhil
6770,16725483,PQ_Marz,"2026-08-15 16:25:50",502.2,2,pqmarz
6771,16689372,"Kiran Yerpude","2026-08-12 05:39:43",502.1,2,kiranyerpude
6772,16890976,zyh222,"2026-09-15 00:04:04",502.0,2,zyh222
6773,16623938,flashthunder,"2026-09-14 08:04:09",502.0,2,thunderflash
6774,16674308,"Ayush Roy","2026-08-06 20:28:57",501.9,2,ayushroy39
6775,16765488,chenyinheng30,"2026-09-06 14:26:22",501.9,2,chenyinheng30
6776,16679958,Bum_Fy_Mz,"2026-08-13 20:31:44",501.8,2,bumfymz
6777,16809677,"Phong Khổng Hoàng","2026-09-12 12:30:45",501.4,2,phongkhonghong
6778,16661930,zzangsunghyeon,"2026-08-08 16:22:21",501.4,2,zzangsunghyeon
6779,16764751,"Abhishek Parmar","2026-08-26 04:06:39",501.3,2,abhisheknparmar
6780,16658115,SantaClaws,"2026-08-10 14:50:31",501.2,2,vovikdrg
6781,16918361,DrLiMingz,"2026-09-18 15:10:58",501.1,1,drlimingz
6782,16760191,"Kushal Shiva1","2026-08-26 20:19:36",501.0,1,kushalshiva1
6783,16664608,sid,"2026-08-07 18:18:04",501.0,2,sidshastri04
6784,16633577,Boxy,"2026-08-15 18:55:40",500.6,2,boxyml
6785,16755781,NaveenManwani,"2026-08-28 05:37:31",500.6,2,naveenmanwani
6786,16771340,pang,"2026-09-05 16:41:51",500.5,2,pangwenfeng
6787,16726913,"T T‗Worker","2026-08-22 11:08:14",500.4,2,ttworker
6788,16659183,"Leonard Yaw Mensah","2026-08-05 02:22:25",500.4,2,leonardyawmensah
6789,16895340,Prakhareshwar,"2026-09-16 14:36:42",500.3,2,prakharpathak12
6790,16695400,"Karam Khasawneh","2026-08-10 20:29:16",500.3,2,karamkhasawneh
6791,16722109,Navneet,"2026-08-14 14:02:35",500.2,2,zxcdfg
6792,16687538,aefinityaiinc,"2026-08-27 20:59:35",500.2,2,aefinityaiinc
6793,16729081,"Venkata Y","2026-08-19 00:45:13",500.0,2,venkatayerrapothu
6794,16666637,"Uttam Limbani","2026-08-07 13:41:14",500.0,2,uttamlimbani
6795,16665364,"Shien Zhang","2026-08-06 06:50:46",499.9,1,shienzhang
6796,16719857,"Howey do it","2026-08-14 23:06:06",499.6,2,ronincoppins
6797,16664252,"Huy Hoang","2026-08-15 03:59:40",499.6,2,themeend
6798,16630335,"Solve Langseth","2026-08-05 06:48:57",499.6,2,solvelangseth
6799,16649077,"Yifan Yang 135","2026-08-11 06:22:40",499.5,2,yifanyang135
6800,16687942,"Arya Arun","2026-08-16 08:52:26",499.4,2,aryaarun07
6801,16686972,"Ankit Maurya","2026-08-23 07:05:44",499.4,2,"ankitmaurya16,rudraprasadsah"
6802,16667101,SundharSteyn,"2026-08-27 02:41:04",499.2,2,sundharsteyn
6803,16706277,"ratat Zheng","2026-08-12 10:25:38",499.1,2,ratatzheng
6804,16664502,"Alejandro Morales","2026-08-10 01:05:59",499.1,2,langley96
6805,16678083,"Abdeljalil Idalahaj","2026-09-05 04:28:08",498.7,2,abdeljalilidalahaj
6806,16880689,yasmine0809,"2026-09-12 16:19:37",498.6,2,yasmine0809
6807,16679096,WilliamXylean,"2026-09-16 16:40:09",498.6,2,williamxylean
6808,16724470,"Mahdi Rafati","2026-08-24 15:32:51",498.5,2,mahdirafati
6809,16744610,"Safiullah Baig","2026-08-20 13:16:58",498.4,1,safm1rza
6810,16867132,"Dilara Adıgüzel","2026-09-17 14:18:23",498.4,2,dilaraadgzel
6811,16693045,"Huseyin Battal","2026-08-09 05:41:25",498.4,2,huseyinbattal
6812,16743494,"ROHAN Exploit","2026-09-08 11:13:08",498.2,2,rohanexploit
6813,16668324,"Alden Jenish S","2026-08-06 14:02:09",498.2,2,aldenjenishs
6814,16674605,Versilogic,"2026-08-16 07:54:48",498.2,2,versilogic
6815,16733785,"Stuart Gilbert","2026-08-30 01:52:41",498.1,2,stuartgilbert
6816,16701046,"Thanakorn Kaewwiang","2026-08-14 17:13:39",497.8,2,deweytng
6817,16774035,"Shengfeng Wang","2026-08-26 07:28:46",497.7,1,shengfengwang
6818,16762881,Yuki0x80,"2026-09-17 16:45:41",497.6,2,saiyuki1919
6819,16623824,zhangende02,"2026-08-01 01:15:21",497.6,2,zhangende02
6820,16654885,"Jason Kong","2026-08-04 06:52:19",497.5,2,jasonkongie
6821,16661682,"Rishi Gupta","2026-08-05 07:46:38",497.5,2,rishigupta07
6822,16663327,Gnr8tr,"2026-08-13 14:16:44",497.4,2,wilburjpereira
6823,16920427,"giyogoio hlrlqll","2026-09-18 15:32:08",497.3,1,giyogoiohlrlqll
6824,16656573,"Ashiq Firoz","2026-08-17 18:20:11",497.0,2,ashiqfiroz
6825,16702281,"Dhruv Patel #2","2026-08-10 21:25:08",497.0,2,dhruvpatel1972
6826,16871722,agenlu,"2026-09-18 22:27:29",496.9,2,agenlu
6827,16752191,"Wenxuan Ye","2026-09-04 07:10:28",496.9,2,akomwins
6828,16706143,Adityaupadhyay0805,"2026-08-20 04:28:06",496.9,1,adityaupadhyay0805
6829,16665865,"Agrippa Beaulieu","2026-08-08 19:09:28",496.9,2,agrippabeaulieu
6830,16694146,"JIlong Zhou","2026-08-26 15:04:38",496.8,2,acemaker
6831,16773194,NgNhan3110,"2026-08-27 09:36:17",496.7,2,ngnhan3110
6832,16791550,Team21,"2026-09-08 12:53:38",496.7,2,"fchen121,muktharam"
6833,16707865,"bb aa","2026-09-10 15:39:17",496.6,2,bbaa233
6834,16725123,"Pham Quang Nghia","2026-08-22 15:00:51",496.6,2,phamquangnghia
6835,16654174,"Dharmeswar Basumatary","2026-09-09 11:09:15",496.5,2,dharmeswarbasumatary
6836,16793080,"Lonan Syayf","2026-08-31 19:44:09",496.5,2,lonansyayf
6837,16798775,Lissabon,"2026-09-07 03:36:41",496.5,2,lissabon
6838,16726155,miyawakiayaka,"2026-08-15 18:50:10",496.5,2,kanatakon
6839,16662938,CarlitrosParra,"2026-08-05 21:34:52",496.4,2,carlitrosparra
6840,16917535,"Edric Zhou","2026-09-18 00:29:01",496.3,1,edriczhou
6841,16627463,dnish,"2026-08-05 07:37:16",496.2,2,dnishio
6842,16729152,Antoine,"2026-08-17 10:12:04",496.1,2,a11t01n3
6843,16856778,"Johnathan King","2026-09-18 00:01:58",496.1,2,johnathanking1278
6844,16831839,404_Brains_Not_Found,"2026-09-18 16:00:49",496.0,2,"manavtejani,rohangadhiya1911,trushankvaghasiya"
6845,16725955,"Aditya Pandey","2026-08-17 00:10:10",495.7,2,adipandey777
6846,16680799,zixma13,"2026-08-25 13:12:44",495.7,2,zixma13
6847,16880707,Joy_22@1,"2026-09-18 17:23:09",495.6,2,joy221
6848,16751058,"Henrique Loyola ","2026-08-21 05:29:59",495.5,2,henriqueloyola
6849,16705149,"Allen Chun","2026-08-15 04:59:05",495.4,2,allenchun
6850,16660089,ChristosGrigoras,"2026-08-07 22:41:49",495.3,2,cgrigoras
6851,16637649,cameronezrajones579,"2026-08-15 15:49:12",495.1,2,cameronezrajones579
6852,16725757,AchyutKishore123,"2026-09-17 09:23:50",495.1,2,achyutkishore123
6853,16621437,AdamBelniak,"2026-08-03 18:15:21",495.0,2,adamos581
6854,16659505,"Duleeka Mevan","2026-08-06 09:32:46",494.9,2,duleekamevan
6855,16715769,Ethereallll1,"2026-08-14 15:21:12",494.9,2,ethereallll1
6856,16696716,MatiasMG,"2026-09-18 17:23:36",494.9,2,matiasmgonzalez
6857,16783713,Gale,"2026-09-05 02:29:43",494.5,2,na1vel
6858,16641948,JustForFun,"2026-08-18 08:00:36",494.4,2,thangphung215
6859,16794598,"Andrew Yu","2026-09-02 04:51:57",494.3,1,andnyu
6860,16737532,lsystudyhard,"2026-08-22 12:16:47",494.2,2,lsystudyhard
6861,16658925,CYBWithFlourish,"2026-08-06 15:56:28",494.2,2,cybwithflourish
6862,16662995,"carlos mario de oro aguado","2026-08-06 21:08:28",494.1,2,cdeoroaguado
6863,16664251,zzy123123,"2026-08-08 09:22:51",494.1,2,zzy123123
6864,16675060,"Xinger Gao","2026-08-31 08:52:07",494.0,2,xingergao
6865,16883859,"Carlos Daniel Polanco","2026-09-15 22:48:08",493.8,2,carlospolanco00
6866,16688873,cancel,"2026-08-18 06:50:33",493.8,1,rugaru
6867,16640399,Hubbahub,"2026-08-04 20:40:39",493.7,2,hubbahub
6868,16707986,Pones_kaggle,"2026-09-01 22:08:32",493.6,2,pyd966
6869,16840130,tkm_ktn,"2026-09-05 15:48:40",493.6,2,takumikotani
6870,16798074,"Akkapop Prasompon","2026-09-09 12:17:36",493.6,2,akkapopprasompon
6871,16656797,"رحيم محمد","2026-08-04 20:05:45",493.5,2,darkmaxedwe
6872,16668461,SobanAli,"2026-08-19 15:49:03",493.2,2,soban256
6873,16660081,fakyyy,"2026-08-09 11:19:15",493.1,2,manideepreddyakula
6874,16661950,moonmelonpizza,"2026-08-09 12:25:23",493.0,2,moonmelonpizza
6875,16711812,"zhan renyi","2026-08-31 05:24:39",492.9,2,zhanrenyi
6876,16663822,BhavyaSaini001,"2026-08-29 23:10:34",492.4,2,bhavyasaini001
6877,16756561,"Eren Tekin","2026-09-14 23:41:50",491.8,2,erennntkn
6878,16694314,"Ali Abbas Baig","2026-08-28 19:55:16",491.6,2,aliabbasbaig
6879,16685412,Praveen8775,"2026-09-17 13:55:54",491.4,2,praveen8775
6880,16728318,T3jas06,"2026-08-22 19:45:13",491.4,2,t3jas06
6881,16775236,hohohoZzZ,"2026-09-16 16:14:37",491.2,2,hohohozzz
6882,16627324,"Attack on Kaggle","2026-08-06 13:27:22",491.2,2,user19394494
6883,16774958,"Charles Wuytack","2026-08-27 14:58:07",491.1,2,charleswuytack
6884,16719257,"Alexander Morozov","2026-08-14 23:53:53",491.0,2,scanhex
6885,16639577,Haitaks,"2026-08-16 09:42:16",490.9,2,haitaks
6886,16876859,Broncat,"2026-09-15 02:27:28",490.8,2,broncat
6887,16661402,"Abin Biju","2026-08-11 18:00:35",490.8,2,abinbiju1
6888,16736951,giacomovin,"2026-08-25 20:14:52",490.8,2,giacomovin
6889,16676803,"Josue Villao","2026-08-14 05:20:13",490.7,2,josuevillao
6890,16655600,"VYSHAKH G NAIR","2026-08-04 21:31:24",490.7,2,vyshakhgnair
6891,16745065,MrEvidentYew,"2026-08-24 18:36:02",490.6,2,mrevidentyew
6892,16668698,Addie,"2026-08-08 05:21:08",490.4,1,addie999
6893,16681924,WEcoS,"2026-08-10 04:32:03",490.4,2,aungkhainghtun
6894,16636973,"Ali Ali G","2026-08-03 18:36:40",490.2,2,alialig
6895,16819549,APEX101,"2026-09-06 06:16:51",490.0,2,"akshitasrivastava1,irongm"
6896,16893233,"Garrick Lai","2026-09-15 08:44:07",490.0,2,garricklai
6897,16723583,"varun chindage","2026-09-05 14:52:13",489.9,2,stormy420
6898,16862497,DefiAudit,"2026-09-18 00:48:19",489.9,2,defiaudit
6899,16659558,Ayuroshbo,"2026-09-18 18:33:45",489.9,2,ayuroshbo
6900,16773195,"Pham Nguyen Thanh Huy","2026-08-27 05:25:55",489.8,2,huyphmnguyenthanh
6901,16692263,"ADITYA CHAVAN","2026-08-09 17:44:15",489.8,2,adityasnr7
6902,16805275,"Women or something","2026-09-12 04:22:27",489.6,2,"appalachianmounta1n,reneeschmidt"
6903,16880843,"Triều Đinh Hải","2026-09-12 19:41:11",489.6,2,triuinhhi
6904,16844262,"S Aishvarya","2026-09-15 16:46:13",489.6,2,saishvarya
6905,16681637,nasu01,"2026-08-07 10:14:10",489.3,2,nasu01
6906,16644410,"Swaroop Kallakuri","2026-08-04 15:40:29",489.3,2,ksjpswaroop
6907,16738218,kiyo,"2026-09-10 13:01:37",489.2,2,kiyohiro
6908,16774849,RiyadhLakadimu123,"2026-08-31 19:51:17",489.0,2,riyadhlakadimu123
6909,16664211,"Ben Wilson","2026-08-06 23:57:29",488.9,2,crispyryse
6910,16685722,"Jiahan Cao","2026-08-12 09:01:22",488.8,2,jiahancao
6911,16709487,Kohei,"2026-08-19 20:54:42",488.7,2,kshintani
6912,16826447,"Absara viswanathan","2026-09-07 06:16:20",488.5,2,viswanathanabsara
6913,16654347,"aarav maheshwari1","2026-08-26 05:57:03",488.4,2,aaravmaheshwari1
6914,16705661,"Toshiki Touda","2026-08-13 06:51:05",488.4,2,toshikitouda
6915,16749271,"Shoki Suzuki","2026-09-01 13:48:43",488.3,2,shokisuzuki
6916,16889822,CornReform,"2026-09-17 16:13:10",488.2,2,cornreform
6917,16665424,taaaaanq,"2026-08-17 14:23:35",488.2,1,"chuayaplong,flashtigro,huayu05,taaaaanq"
6918,16731636,関西人,"2026-08-24 06:23:14",488.2,2,m1333666888
6919,16697568,"Sergey Fedorov","2026-08-20 21:25:34",488.1,1,bd01ar
6920,16657383,"Shih Hua Chou","2026-08-18 03:51:08",488.0,2,shihhuachou
6921,16920464,reddishregent,"2026-09-18 11:40:22",487.9,1,reddishregent
6922,16630520,dimitris_x94,"2026-08-23 21:10:57",487.8,2,dimitrisx94
6923,16762427,Raj_craj,"2026-08-30 20:27:00",487.8,2,rajcraj
6924,16765194,henry,"2026-08-24 13:39:29",487.8,2,zchenry
6925,16683934,"Teja Madala","2026-08-10 14:46:07",487.7,2,tejamadala
6926,16668606,"Hasith Kulathilaka","2026-08-31 19:09:39",487.7,2,hasithkulathilaka
6927,16699707,"Afana Khalit putra","2026-08-11 08:57:25",487.5,2,afanakhalitputra
6928,16653118,"Elmira Yekani","2026-08-18 17:05:20",487.4,2,elmirayekani
6929,16660060,AnkitGoyal,"2026-08-05 15:33:29",487.3,2,goyalankit
6930,16861019,CloriTeam,"2026-09-09 15:34:28",487.3,2,lorenzocomis
6931,16761657,Picu,"2026-08-23 10:42:49",487.1,2,rumoschilling
6932,16721814,"DOAMBA Jean Edouard Odilon","2026-08-24 14:48:43",487.1,2,doamba
6933,16657528,"Symekah Shadrack Basweti","2026-08-05 10:17:09",486.7,2,symekah99
6934,16668108,"Suresh Chandra Mangena","2026-08-11 09:32:31",486.6,2,sureshchandramangena
6935,16651042,Mira_332,"2026-08-27 04:58:29",486.6,2,ichiiohno
6936,16726211,RepeatAfterMe,"2026-08-17 08:21:41",486.5,2,bekirsciftler
6937,16762154,lli,"2026-09-07 19:04:26",486.4,2,colesuoseue
6938,16911383,PurpleNightmare,"2026-09-18 09:23:26",486.0,2,purplenightmare
6939,16693233,"Noah Wheeler","2026-09-16 02:28:07",486.0,2,nwheeler806
6940,16625216,"Emre Can","2026-08-01 17:05:51",486.0,2,seicatsu
6941,16799023,"Alkava Ind","2026-09-18 13:04:01",486.0,2,alkavaind
6942,16755101,"Thomas van der Meer","2026-08-26 11:19:19",485.8,2,tvdermeer
6943,16670986,"Anas Erami","2026-08-08 01:38:43",485.8,2,anaserami
6944,16779152,"taijiu int","2026-09-04 22:22:20",485.8,2,taijiuint
6945,16720049,"aditya emmadishetty","2026-08-14 13:20:54",485.7,2,adityaemmadishetty
6946,16663368,"Laurence Dale","2026-08-12 18:00:07",485.7,2,laurencedale
6947,16654984,"Guseinov Elvin","2026-08-08 21:44:00",485.6,2,guseinovelvin
6948,16883044,"Muhammad Olamide","2026-09-16 10:59:44",485.6,2,muhammadolamide
6949,16759381,"Subhan Hussain","2026-08-26 10:37:25",485.5,2,subhanhussain0205
6950,16678154,"Hashim Far","2026-08-08 04:20:32",485.5,2,hashimfar
6951,16717018,"Urvashi Bansal","2026-08-17 09:12:29",485.3,2,urvashibansal123
6952,16713218,"Julien Baumgartner","2026-08-14 08:36:27",485.3,2,julienbaumgartner
6953,16655069,"Jason Harrison","2026-08-05 20:56:59",485.1,2,jasonharrisonco
6954,16892006,"Leul Hailemichael","2026-09-16 21:00:15",485.1,2,leulhailemichael
6955,16668813,zhaowang,"2026-08-06 05:19:52",485.0,2,zhaowangwang
6956,16886012,smartkdy7,"2026-09-13 11:37:51",484.9,1,smartkdy7
6957,16726044,"Lena Traczuk","2026-08-22 12:03:58",484.6,2,lenatraczuk
6958,16671602,"Nithin Nambi","2026-08-07 00:09:31",484.6,2,nitthewit
6959,16661460,Lucky,"2026-09-03 07:49:58",484.4,2,tmiya0107
6960,16674612,"Muhammad Dhiaz Rafilianza","2026-08-22 05:48:04",484.4,2,dhiazr
6961,16765688,jihunai,"2026-08-26 23:15:54",484.4,2,jihunai
6962,16693003,ShirrleyChen,"2026-08-15 12:54:58",484.3,2,shirrleychen
6963,16631547,"Chong Xuan Ng","2026-08-08 15:38:52",484.3,2,chongxuanng
6964,16645841,Lucien,"2026-09-17 01:29:28",484.2,2,lucienhu6775765
6965,16638883,LeiYang,"2026-08-03 15:04:07",483.9,2,leiyangcq
6966,16700080,Kaushik,"2026-08-10 11:11:18",483.8,2,kgarumugam
6967,16687237,Khalibryler,"2026-08-11 09:17:03",483.7,2,khalibryler
6968,16758970,"Jason Wong","2026-09-16 16:00:15",483.6,2,jsin27
6969,16767585,Hyena,"2026-08-25 22:17:26",483.5,1,hemant0
6970,16882021,"lucas honoratodesouza","2026-09-14 05:21:58",483.3,2,lucashonoratodesouza
6971,16798512,"Yuichiro Kinoshita","2026-09-18 10:56:22",483.2,2,yuichirokinoshita
6972,16716531,tebenia,"2026-08-16 08:06:58",483.1,2,tebenia
6973,16637894,"Leonardo Domingues","2026-09-06 10:38:08",483.1,2,leonardodomingues
6974,16783677,"Đặng Anh Thịnh","2026-08-28 08:31:12",483.1,1,nganhthnh
6975,16884418,xuechengzou,"2026-09-13 12:22:43",483.0,2,xuechengzouinkaggle
6976,16663622,sammuq1,"2026-08-10 23:56:19",482.9,2,sammuq1
6977,16842936,"Sreejit Pradhan","2026-09-12 19:11:37",482.9,2,sreejitpradhan
6978,16766803,"Kanishk Sharma","2026-09-01 23:52:42",482.6,2,kan1shq198
6979,16656431,"Venetta Smithen","2026-08-20 02:19:45",482.6,2,venettasmithen
6980,16727920,"Youssef Yacoup","2026-09-04 16:50:53",482.3,2,youssefyacoup
6981,16840641,"Yukar Fu","2026-09-16 00:29:30",482.2,2,yukarfu
6982,16915448,asdfghjklbelinda,"2026-09-18 01:55:15",482.0,2,"asdfghjklbelinda,yyyemin,zhouqingwen"
6983,16663707,DotBix,"2026-08-12 21:45:54",481.9,2,dotbix
6984,16699207,"Bipin Rimal","2026-08-10 07:45:21",481.8,2,bipinrimal314
6985,16709522,"Sanjay Dilip","2026-09-18 15:00:02",481.6,2,sanjaydilip
6986,16741053,"Bui Minh Thanh","2026-09-07 18:50:23",481.3,2,buiminhthanh
6987,16691628,"Gavin Walsh (N1DGE11)","2026-08-08 16:07:24",481.3,2,gavinwalshn1dge11
6988,16903652,LokeshGiri,"2026-09-17 05:05:07",481.3,2,lokeshjasrotia
6989,16887058,"Michael Eberhard","2026-09-15 20:29:09",481.2,2,michaebe
6990,16809898,wodDAOdun,"2026-09-14 07:14:35",481.2,2,kylaucode
6991,16858984,Katherine_2002,"2026-09-17 15:19:36",481.1,2,katherine2002
6992,16768079,Sohee087,"2026-08-24 20:21:01",481.0,1,sohee087
6993,16659919,"SILVISTON EMMANUEL","2026-08-06 06:51:55",481.0,2,silvistonemmanuel
6994,16851860,"Senih Bayankulu","2026-09-08 03:13:24",480.9,2,senihbayankulu
6995,16645302,LuCcc,"2026-08-03 09:45:35",480.8,2,luuuuccccc
6996,16728014,Alpha223,"2026-09-05 15:51:24",480.6,2,alpha223
6997,16722561,Asia214,"2026-08-30 02:26:16",480.6,2,asia214
6998,16871538,freesoso,"2026-09-15 13:11:39",480.6,2,freesoso
6999,16661287,"Jacob Hanlon","2026-08-11 13:59:58",480.6,2,jacobhanlon
7000,16709712,IWA_setu,"2026-09-18 03:44:45",480.4,2,sdcarson
7001,16668068,"Neural Harvest","2026-08-27 19:23:44",480.1,2,meghashyampawar
7002,16657664,"Nguyễn Anh Kiệt 28","2026-08-06 04:17:40",480.1,2,nguynanhkit28
7003,16760480,yat0i811,"2026-09-13 14:13:59",480.1,2,yat0i811
7004,16847224,Kfarmer,"2026-09-18 05:29:43",480.1,2,"cwy0904,jasonchao89,jaspersooks,makomek,peiyingtok"
7005,16767147,"Hacker Trinity","2026-09-09 12:20:12",480.0,2,hackertrinity
7006,16658476,"goksel yesiller","2026-08-04 11:07:53",480.0,2,gokselyesiller
7007,16654401,ChronoForensics,"2026-08-08 17:26:11",479.9,2,ryanwollmuth
7008,16668589,"Gleb Naumkin","2026-08-05 22:46:26",479.8,1,glebnaumkin
7009,16715942,_@HimShukla23,"2026-08-18 03:57:15",479.8,2,himshukla23
7010,16687648,"RSJ CorneR","2026-08-08 10:57:54",479.6,2,rsjcorner
7011,16627313,"Zafer Liu","2026-08-03 05:13:39",479.4,2,zaferliu
7012,16681778,kzeus@003,"2026-08-12 05:12:15",479.4,2,kzeus003
7013,16867680,Asuka,"2026-09-11 05:45:46",479.3,2,asuka0langley0soryu
7014,16665436,Aeternum,"2026-08-15 18:31:32",479.3,2,"donbinoy2004,surajkumarks"
7015,16761979,"Chaitany Patel","2026-09-17 14:59:29",478.8,2,chaitanypatel
7016,16654312,Xmeeeee,"2026-08-05 00:11:29",478.8,2,xmeeeee
7017,16772803,"Linneu Holanda","2026-09-11 00:03:53",478.7,2,linneuholanda
7018,16843921,Ruijiehe1213,"2026-09-13 03:40:30",478.4,2,ruijiehe1213
7019,16730870,"Jiang Ryan","2026-09-03 03:37:12",478.3,2,jiangryan
7020,16665184,woorym,"2026-08-10 03:04:12",478.3,2,woorym
7021,16661382,CBenaventte,"2026-09-02 13:35:27",478.2,2,cbenaventte
7022,16763898,"Tarık Sarıcı","2026-08-24 09:54:31",478.1,2,ssarici
7023,16666716,"Fanis Alexakis","2026-08-17 11:59:15",478.1,2,fanisalexakis
7024,16663040,"BARBARA GASKINS","2026-08-12 01:08:47",478.0,2,barbaragaskins
7025,16636719,"Naman Durve","2026-09-12 16:14:56",477.9,2,namancdurve
7026,16732200,"Louis WhoEat","2026-08-24 12:02:40",477.7,2,louiswhoeat
7027,16657502,Jasmeen,"2026-08-16 08:59:05",477.7,2,jasmeen0207
7028,16847740,FarmAre,"2026-09-07 17:31:01",477.5,2,abishekak
7029,16661233,"Uriel Johnson","2026-08-05 08:45:24",477.5,2,urieljohnson
7030,16780097,"wei chang","2026-09-13 00:42:40",477.4,2,wayne0404
7031,16858250,"ayush kumar","2026-09-14 10:35:32",477.3,2,ayushkumar1610
7032,16661323,mzyktkhs,"2026-08-10 13:21:59",477.2,2,mzyktkhs
7033,16661449,"Samarjeet Singh","2026-08-23 04:32:19",477.2,2,samarjeet010
7034,16756900,Kome_Sh,"2026-08-30 13:40:56",477.1,2,komeshun
7035,16758526,"sudo give_me_the_prize","2026-08-24 16:34:02",477.0,2,ibrahimab2
7036,16655080,"Mohamed Judi","2026-09-07 19:18:31",477.0,2,mhjudi
7037,16666071,"Arda Yıldız","2026-08-20 09:33:54",476.6,2,xreina8
7038,16701871,"Raj Nandan","2026-08-10 15:13:30",476.5,1,imrajnandan
7039,16716636,"Mahamane Lawaly","2026-08-13 10:22:51",476.4,1,mahamanelawaly
7040,16688662,"Faz Forward","2026-08-08 09:03:10",476.2,2,fazforward
7041,16719742,"Varun Dave","2026-08-31 22:56:07",476.1,2,"pranavtrivedi02,varundave95"
7042,16915747,xiao,"2026-09-17 17:03:40",476.1,2,xiao789
7043,16665949,Rbda,"2026-08-06 14:18:03",476.0,2,brazvan
7044,16683837,"Blessed Ngorima","2026-08-18 09:40:53",475.8,2,blessedngorima
7045,16667078,dprinzensteiner,"2026-08-05 14:06:26",475.7,2,dprinzensteiner
7046,16625434,"Chirapathleo Saelim","2026-09-08 08:40:06",475.6,2,chirapathleosaelim
7047,16797002,ZhixinLuo,"2026-09-01 14:16:09",475.3,2,zhixinluo
7048,16780783,priscilamaria5363,"2026-08-28 15:10:15",475.2,2,priscilamaria5363
7049,16670651,Echare,"2026-09-15 23:28:38",475.1,1,echare
7050,16711823,Abi_e,"2026-09-07 09:47:37",474.9,2,abidjacquelineanadi
7051,16890884,"Michael Swartz","2026-09-14 17:50:04",474.9,2,michaelbruwerswartz
7052,16627009,c0sm1c,"2026-08-01 11:06:14",474.7,1,tanghao111
7053,16661628,PradipBanerjee,"2026-08-05 21:03:11",474.7,2,pradipbanerjee
7054,16675686,"PRERIT MAURYA","2026-08-14 06:37:51",474.7,2,preritmaurya
7055,16655881,"Zhuoran Zhao","2026-08-07 16:50:04",474.6,2,yearcakes
7056,16675916,Lorenzo176ITA,"2026-08-14 11:02:15",474.4,2,"alessiopap,lorenzo176ita"
7057,16664205,"shr Wei","2026-09-03 06:00:47",474.3,2,shrwei
7058,16665374,UmangDobhal03,"2026-08-06 03:46:29",474.3,2,umangdobhal03
7059,16626105,sasaki,"2026-08-24 02:34:55",474.2,2,rsasaki
7060,16636333,xiaoyang66,"2026-08-17 13:35:28",474.2,2,kennethhao8
7061,16623263,ASHML,"2026-07-30 23:28:50",474.0,2,ashml
7062,16718828,"Tejas Nisar","2026-08-23 17:04:45",473.5,2,tejasnisar
7063,16728933,dOvOb,"2026-09-08 14:51:10",473.4,2,waytosleep
7064,16657929,Robert-zwr,"2026-08-05 11:15:48",473.2,1,robertzwr
7065,16776824,"Manuel Santiago Atencio","2026-09-09 21:24:06",473.0,2,manuelsatencio
7066,16668688,"Nezihe Sözen","2026-09-18 11:58:47",473.0,2,nezihesozen
7067,16881765,"aakriti & tanya","2026-09-18 11:53:42",472.9,2,"aakritiinchaos,tanyac1"
7068,16732513,Taogege,"2026-09-08 08:02:16",472.7,2,"liyiyiyi6,taogege520"
7069,16757806,Richardwe,"2026-09-08 08:43:12",472.7,1,richardwe
7070,16794499,smileMAN13912339850,"2026-09-07 10:01:07",472.6,2,smileman13912339850
7071,16755394,"Ruben Lucas","2026-08-21 21:50:16",472.5,2,rubenlucas
7072,16914972,cdwswb,"2026-09-18 13:42:38",472.4,2,cdwswb
7073,16671033,"Alexandr Shustikov","2026-09-17 22:35:17",472.3,2,alexandrshustikov
7074,16715126,준환,"2026-09-10 11:28:25",472.2,2,paulguilbert
7075,16745574,"Yadunandan Raman","2026-08-22 12:20:06",472.2,2,yadunandanraman
7076,16675000,"Carl Bell","2026-09-16 20:55:33",472.2,2,allegedcarlbell
7077,16689881,"yuki #2","2026-09-16 13:37:24",472.1,2,hosikusa
7078,16649421,Eltormtace,"2026-08-14 04:35:15",471.9,2,eltormtace
7079,16693795,kurt,"2026-08-30 15:22:47",471.6,2,syarht
7080,16768456,清水一希,"2026-08-25 00:47:38",471.5,1,kazukishimizu0427
7081,16796273,"Kiplangat Vincent","2026-09-14 11:08:50",471.4,2,balvins
7082,16799224,"Tian Yan666","2026-09-03 14:48:42",471.2,2,tianyan666
7083,16705276,layr0,"2026-08-14 00:53:11",470.9,2,layr0dotdev
7084,16772455,dextrecity,"2026-08-30 11:37:56",470.8,2,"dextrecity,leo0pa"
7085,16838981,"Adil Shamim","2026-09-09 13:55:52",470.6,2,adilshamim8
7086,16646286,"C Aravindhan","2026-08-04 05:03:22",470.6,2,caravindhan
7087,16675468,"atakan akgün","2026-08-13 15:32:32",470.4,2,atakanakg
7088,16712488,"Vansh Bhura","2026-08-12 14:23:18",470.4,2,vanshbhura
7089,16745980,"Arif Amijoyo","2026-08-30 07:54:40",470.3,2,arifamijoyo
7090,16690698,posty_melek,"2026-08-15 05:06:40",470.3,2,srisaraswati
7091,16697448,"Mykola Mazniuk","2026-08-15 17:57:39",470.2,1,mykolamazniuk
7092,16870864,"Overfitting Is All You Need","2026-09-18 09:25:23",470.2,2,ryylll
7093,16625808,"Etsushi Yamamoto","2026-08-09 16:50:41",470.1,2,etsushiyamamoto
7094,16661576,"Yash Jumde","2026-08-15 20:09:59",469.6,2,yashjumde
7095,16688296,"Michael Pollind","2026-08-28 13:30:32",469.6,2,mpollind
7096,16621367,Numari,"2026-07-31 16:30:01",469.5,2,numaritaisei
7097,16713179,"Enise Zengin","2026-09-15 02:53:02",469.4,2,enisezengin
7098,16662790,"Derek Earnhart","2026-08-04 18:04:01",469.2,1,derekearnhart
7099,16707331,"Simon Ziegs","2026-08-23 22:54:11",469.2,2,simonziegs
7100,16876642,Gruberx,"2026-09-14 07:24:35",469.1,2,gruberx
7101,16743015,"Sword's Frost","2026-09-04 00:53:30",469.1,2,alexwilliam7
7102,16687959,"Destin Nedjou","2026-08-27 05:45:33",469.0,2,destinnedjou
7103,16755677,"Rutwik Kumar M","2026-08-26 16:31:00",468.9,2,rutwikkumarm
7104,16918433,"Mingkang He","2026-09-18 18:42:21",468.9,2,mingkanghe
7105,16670155,Kiznaiver,"2026-08-23 14:27:19",468.7,2,kiznaiver
7106,16809943,"A Rook","2026-09-03 19:06:08",468.7,2,rookcastle
7107,16669117,"Shrikant Lambe","2026-08-10 23:31:50",468.6,2,shrikantlambe
7108,16885547,L0k1xd,"2026-09-13 10:04:10",468.6,2,l0k1xd
7109,16757204,hhcjj,"2026-08-22 06:42:32",468.5,2,hhcjjkk
7110,16677166,Spectrobot,"2026-08-08 11:11:46",468.4,2,spectrobot
7111,16785352,"joão Vitor","2026-09-05 20:19:12",468.3,2,jaov30718
7112,16640516,"Alfandi Hassan","2026-08-08 03:41:33",468.3,2,alfandihassan
7113,16792069,"Yen Hung1021","2026-09-03 16:09:33",468.1,2,yenhung1021
7114,16919088,"John Moncel","2026-09-18 22:18:12",468.1,2,johnmoncel
7115,16768578,"Patrick Lzz","2026-08-25 02:56:30",467.5,2,patricklzz
7116,16809022,CheeseFunction,"2026-09-05 06:58:36",467.4,2,cheesefunction
7117,16704597,"Wallace Switzer","2026-08-12 01:09:49",467.3,2,wallaceswitzer
7118,16667722,Radhouen911,"2026-08-06 21:37:37",467.3,2,radhouen911
7119,16709512,Rustamdurdyyev,"2026-08-31 19:59:56",467.2,2,rustamdurdyyev
7120,16764151,Jpadilla987@gmail.com,"2026-08-25 21:00:27",467.1,2,jpadilla987gmailcom
7121,16651872,Evgen21,"2026-08-05 14:03:50",466.9,2,evgen21
7122,16853895,sailohith07,"2026-09-08 10:49:11",466.8,2,sailohith07
7123,16838929,Charlesm85,"2026-09-06 05:56:26",466.6,2,charlesm85
7124,16664327,"Maged Hegazy","2026-08-06 13:13:28",466.4,2,magedhegazy
7125,16756812,"Alex Amirkhanyan","2026-08-24 05:51:16",466.4,2,aleksamirkhanyan
7126,16662111,"Mood Vikram","2026-09-05 23:15:35",466.3,2,"moodvikram,sidhantchauhan"
7127,16653049,"Umut Doruk Öztürk","2026-09-02 09:52:16",466.3,2,umutdorukztrk
7128,16653809,acbabc123,"2026-08-04 13:53:53",466.3,2,acbabc123
7129,16659658,"Tim Wong","2026-08-06 02:02:30",466.1,2,wai0186
7130,16843511,"JiaHui Ni ","2026-09-13 14:59:35",465.6,2,jiahuini
7131,16875460,"Safa Nasrin","2026-09-18 06:39:54",465.4,2,safanasri
7132,16786264,"THISHA S","2026-09-06 06:53:09",465.2,2,thishas
7133,16916293,Hun731r,"2026-09-17 20:49:12",465.2,2,hun731rkooki
7134,16621572,"Abdulazeez AbdulMumeen","2026-08-05 10:59:27",465.1,2,ayobeen
7135,16661154,"gronky goobers","2026-08-15 14:39:05",465.1,2,"viktoriusontop,yoshisurjuise"
7136,16645936,"Abhy Rejikumar","2026-08-22 19:26:23",464.8,1,abhyrejikumar
7137,16677524,"Phúc Phạm","2026-08-07 20:16:24",464.7,2,phucpham77
7138,16855836,"Srinivasan Raghavan","2026-09-08 18:07:38",464.6,1,srinivasan1812
7139,16695692,Saadii2279,"2026-08-11 16:44:39",464.6,2,saadii2279
7140,16725957,"Ayman Tarig Mohammedosman Elgadi","2026-08-24 02:57:16",464.5,2,aymantarig17
7141,16640888,"Dhe Yeong","2026-09-18 15:30:58",464.2,2,dheyeong
7142,16646318,"I wanna Die","2026-09-06 16:25:14",464.1,2,chrisopherjoshy
7143,16696271,"Neeta Sanjay Gajabi","2026-08-09 14:48:42",464.0,2,neeta2574
7144,16664506,"Jonatan Asketorp","2026-08-23 02:57:42",464.0,2,weft169aston
7145,16708348,"Edilaine Arceno","2026-09-18 13:54:13",463.7,2,edilainearceno
7146,16658521,"Vishal Dhariwal","2026-08-08 11:43:36",463.6,2,user412
7147,16625149,Rubylicious,"2026-07-31 07:53:00",463.6,2,labibahalya
7148,16690221,"HISOKY DEV","2026-08-10 09:42:03",463.5,2,omarfahid
7149,16892644,ElKnilcho,"2026-09-14 19:01:37",463.5,2,elknilcho
7150,16802580,WarlockCode,"2026-09-03 14:07:58",463.5,2,maktub83
7151,16719521,xarquin,"2026-08-25 03:16:23",463.3,2,xarquin
7152,16670634,"Narayan Sharan","2026-09-12 06:55:27",463.3,2,narayansharan
7153,16916104,"Dayi Zhang","2026-09-18 07:03:06",462.9,2,dayizhang
7154,16890511,"Alex Solonsky","2026-09-14 08:57:30",462.8,1,alexsolonsky
7155,16891902,Farmcore,"2026-09-18 16:34:46",462.7,1,betmyex
7156,16793145,KarlNUrban,"2026-09-05 12:19:50",462.6,2,karlnurban
7157,16785568,"Sneha Bhargava4","2026-09-16 17:56:17",462.6,2,snehabhargava4
7158,16734096,"Cem Ali Görmez","2026-09-06 10:48:37",462.5,2,cemaligrmez
7159,16664044,IntentionalSayshara,"2026-09-05 14:45:02",462.3,2,jaelle
7160,16841679,Chafuuu,"2026-09-09 16:26:02",462.3,2,chafuuu
7161,16709918,GUI666,"2026-08-26 16:17:40",462.2,2,gui666
7162,16811454,"Zakaria Taouil","2026-09-07 16:11:13",462.1,2,ztaouil
7163,16661105,"Vignesh Murugan","2026-08-04 19:57:46",462.0,2,vigneshv1cky
7164,16657201,ShayML,"2026-08-08 09:02:05",461.7,2,shayml
7165,16665966,aj000,"2026-09-11 09:21:27",461.5,2,anishjagdaleaj
7166,16661786,Nagaraju,"2026-08-10 01:53:04",461.5,2,orugantn
7167,16765310,"Aria Muse","2026-09-04 06:00:22",461.4,2,ariamuse
7168,16903680,"marwan na","2026-09-18 13:01:34",461.1,2,marwanna
7169,16635406,ykuroka,"2026-09-12 19:59:56",460.8,2,ykuroka
7170,16706790,"Stas Chereshkevich","2026-08-19 12:23:33",460.8,2,staschereshkevich
7171,16778886,"Sandeep Das","2026-08-31 09:48:37",460.8,2,sandypos
7172,16773043,"Petani Baik","2026-09-03 00:56:35",460.6,2,durrahandri
7173,16757366,"Sean Connolly","2026-09-05 04:10:21",460.6,2,seanconnolly
7174,16728549,Karatelb,"2026-08-16 17:45:59",460.5,2,karatelb
7175,16687602,"jithin manoj","2026-08-12 13:00:23",460.5,2,jithingmanoj
7176,16728414,"Pedro Caycho","2026-08-16 12:40:26",460.4,1,pjcc1123
7177,16681655,"Tae seong Gim","2026-08-14 14:14:10",460.3,2,taeseonggim
7178,16908418,Ayush_1319,"2026-09-17 11:59:04",460.2,2,ayush1319
7179,16757135,Agrihand,"2026-09-02 15:00:23",459.7,2,mayur756
7180,16728845,"Mohamed Kaleel","2026-08-22 16:12:58",459.6,2,mdkaleel
7181,16729086,samanyu,"2026-08-23 10:13:11",459.5,2,samanyu1808
7182,16628268,toxic_2499,"2026-09-14 13:39:02",459.0,2,toxic2499
7183,16676327,shu10038,"2026-09-14 12:07:16",458.8,2,shu10038
7184,16644053,Rafiozoo,"2026-08-03 19:26:40",458.8,2,rafiozoo
7185,16791617,"Neil Li","2026-08-30 00:10:32",458.8,1,neilliroub
7186,16731790,"A random farmer","2026-08-18 02:19:53",458.8,1,hinatatokuda
7187,16724984,anish711,"2026-08-22 17:54:18",458.6,2,anish711
7188,16686093,"Muhammad Usman Butt","2026-08-07 22:00:04",458.5,2,debugdemon
7189,16785932,"Thomas Yi","2026-09-04 00:33:06",458.5,2,tyyslashd
7190,16852845,quantumgeek,"2026-09-12 06:54:58",458.3,2,yk1598
7191,16661539,"Ilia Mironov","2026-08-09 13:51:47",458.1,1,millcool
7192,16660455,"Alex Kapend","2026-08-05 08:42:26",457.8,2,alexkapend
7193,16786351,"Pradeep P","2026-09-14 16:39:50",457.8,2,pradeeppuranam
7194,16771725,"Rijusmit Biswas","2026-09-18 10:55:33",457.8,2,rijusmitbiswas
7195,16657093,"sixer srinath","2026-08-26 10:48:12",457.7,2,srinath2495
7196,16786101,Cai0Emanuel,"2026-08-29 01:11:51",457.7,1,cai0emanuel
7197,16723490,"Panashe Arthur Mhonde","2026-08-22 11:41:19",457.5,2,panashearthurmhonde
7198,16682906,Masiki,"2026-09-05 13:55:54",457.4,2,blackseed
7199,16661360,"Jasper Jiss","2026-08-13 18:45:37",457.3,2,jasperjiss
7200,16669168,"Kingsley Jide","2026-08-31 21:30:18",457.2,2,kingsleyjide
7201,16644765,MoeCode,"2026-09-12 16:46:28",457.2,2,syrianeagle
7202,16660330,wangyikai,"2026-08-09 07:59:45",457.0,2,wangyik
7203,16667517,"Recep Barkın Topcu","2026-08-31 05:30:02",456.9,2,recepbarkntopcu
7204,16794052,"Sarthak Mishra","2026-09-18 06:45:52",456.9,2,"aarushverma04,pg541425,sarthak25b15310182,yadavup50"
7205,16640814,"Kritika Adhikari","2026-08-07 09:25:26",456.8,2,kritikaadhikari
7206,16675340,"SHAURYA SHARMA","2026-09-03 00:57:48",456.8,2,shauryas555
7207,16657312,"baolood herid","2026-08-06 13:13:48",456.8,2,baoloodherid
7208,16640965,jidaoluckey,"2026-08-08 07:10:45",456.7,2,jidaoluckey
7209,16721940,DarkLayer,"2026-08-22 02:07:13",456.6,2,nnpaopao
7210,16655783,KonaKonaz,"2026-08-04 09:36:57",456.5,2,konakonaz
7211,16714488,"HusseinNadem Nadem","2026-08-26 01:53:13",456.4,2,husseinnademnadem
7212,16683390,Christopher34,"2026-08-08 00:20:59",456.3,2,christopher34
7213,16654394,sserges,"2026-08-08 20:46:14",456.3,2,sserges
7214,16747670,"Luis Molina","2026-08-26 07:40:36",456.1,2,micuentadecasa
7215,16663267,"Sravya Isukapatla","2026-08-11 10:14:54",456.0,2,sravyaisukapatla
7216,16655415,"Ivan Jarp","2026-08-29 17:07:03",456.0,2,ivanjarp
7217,16654458,"Likith Narakala","2026-09-10 20:27:03",455.9,2,likith17052004
7218,16663594,"NGU BLACK SANTA","2026-08-05 15:23:10",455.7,2,ngublacksanta
7219,16623271,"William Morley","2026-07-31 10:09:16",455.6,2,williamkmorley
7220,16654974,"ACd Rooy","2026-08-11 06:35:28",455.6,2,acdrooy
7221,16662690,"Pablo Gomez Perez","2026-09-04 16:45:32",455.5,2,pablogp
7222,16701367,CryptoQuant1992,"2026-08-11 13:04:12",455.5,2,cryptoquant1992
7223,16752081,"Ahmad Dehaini","2026-08-30 06:04:54",455.4,2,ahmaddehaini
7224,16668185,"Swayam Chavan","2026-08-09 01:12:23",455.3,2,swamboy
7225,16664558,"Praneeth Annapureddy","2026-08-05 04:52:45",455.3,2,praneethannapureddy
7226,16706184,"Lingaraju Saikumar","2026-08-16 11:51:34",455.3,2,lingarajusaikumar
7227,16659414,TTGP_TEAM,"2026-08-06 15:33:09",455.3,2,phttrntrnggia
7228,16638953,"Joe Young","2026-08-03 19:23:13",455.2,2,jsphyg
7229,16660420,tipofyzik,"2026-09-05 14:34:30",455.2,2,tipofyzik
7230,16656568,"FARIATHTHEEN F","2026-08-04 11:44:49",455.1,2,fariaththeenf
7231,16755159,"Kay Gijzen","2026-08-23 11:51:31",455.1,2,kaygijzen
7232,16683761,"Chiefmen749 Aris","2026-08-10 07:42:42",455.0,2,saysplayz
7233,16715456,"wilson LUNG","2026-08-17 23:54:10",454.9,2,wilsonlung
7234,16820596,Karina,"2026-09-16 11:36:45",454.8,1,karinajoey
7235,16840624,Deepakexplores,"2026-09-11 17:51:43",454.8,2,deepakexplores
7236,16623712,Dapp,"2026-08-03 23:09:19",454.7,2,lgloria
7237,16711918,"Pavel Filin","2026-08-13 05:23:28",454.6,2,pavelfilin
7238,16892976,"Tony He","2026-09-16 19:21:18",454.6,2,tonyyang0504
7239,16692618,"Ali Zakaee","2026-08-09 10:13:02",454.5,1,itheequalizer
7240,16858543,"Fakhar Mustafa","2026-09-10 05:07:39",454.5,2,fakhar90
7241,16725065,"Maxim Smirnov","2026-08-15 13:21:05",454.3,2,smirnoffmg
7242,16699633,Nafmo,"2026-08-11 17:10:53",453.9,2,nafmo2
7243,16872182,yxxchh,"2026-09-11 13:18:38",453.8,1,yxxchh
7244,16695521,"Chen Ken","2026-09-07 16:32:18",453.8,2,nuty
7245,16804902,"aitahmed amina","2026-09-08 16:15:15",453.6,2,aitahmedamina
7246,16638967,"Jenny Luo","2026-08-01 23:55:07",453.4,2,"jennyluo96,kyeoh92"
7247,16651939,"Yogesh Jadhav","2026-09-17 06:54:06",453.1,2,dynamo14324
7248,16660990,"Bunny Tang","2026-09-10 14:33:23",453.0,2,tanghung64
7249,16696703,Farmer,"2026-09-18 06:02:48",453.0,2,alekseic
7250,16679872,"Kirby Won","2026-08-19 16:47:21",453.0,2,kirbywon
7251,16718517,"Jessica Yin","2026-08-17 00:10:31",453.0,2,jeqyin
7252,16773032,fecrescencio22,"2026-09-02 21:07:10",452.7,2,fecrescencio22
7253,16676482,GitLyf,"2026-08-16 12:47:59",452.6,2,"jaideva30,rohithkrishnaak"
7254,16693522,shadycoderalltime,"2026-08-22 14:00:16",452.4,2,shadycoderalltime
7255,16739711,SBC,"2026-08-20 10:16:10",452.3,2,"anusasaha2406,harshkumar3014,rahulmaity"
7256,16674266,HamYad,"2026-08-06 18:19:46",452.3,2,hamyadlab
7257,16694330,"Jack Way","2026-08-10 11:48:42",452.2,2,jackway05
7258,16797029,phospholipid,"2026-09-16 05:06:13",452.2,2,phospholipid0614
7259,16726285,Dhananjay,"2026-08-15 18:48:20",452.1,2,dhananjaylakkawar
7260,16655820,"Cory Tortorici","2026-08-08 15:20:42",451.9,2,corytortorici
7261,16735934,"Uday Kiran003","2026-08-18 06:23:18",451.9,1,udaykiran003
7262,16652661,"Petru-Mihai Craciun","2026-08-05 14:55:07",451.6,2,petrumihaicraciun
7263,16879532,kiwamizamurai,"2026-09-14 20:27:53",451.4,2,kiwamizamurai
7264,16729996,"Michael Roust","2026-08-18 16:09:56",451.4,2,michaelroust
7265,16809168,"Shaun the Sheep ","2026-09-18 09:30:59",451.3,2,badlandsram
7266,16885346,"Michael Handal","2026-09-13 16:23:03",451.3,1,michaelhandal
7267,16623198,"Chris D'Mello (ineligible)","2026-07-31 17:32:46",451.3,1,cdmello
7268,16663871,"Iyed Djebbi","2026-08-07 09:25:07",451.3,2,iyeddjebbi
7269,16922872,EricWang,"2026-09-18 23:56:44",451.2,1,ericwang915
7270,16667601,"Audrius Molis","2026-08-27 19:30:39",451.0,2,vienas
7271,16823197,Cowabunga,"2026-09-18 05:56:32",450.8,2,ameripreye
7272,16815817,haiy_qq,"2026-09-04 01:41:26",450.7,2,haiyqq
7273,16729522,all-coder,"2026-08-16 17:55:08",450.6,2,allcoder
7274,16676497,"Non-veg plants","2026-08-07 09:54:00",450.5,2,mohammadshadabshaikh
7275,16700596,"Markel Iru","2026-08-13 15:52:53",450.5,2,markeliru
7276,16668810,ZZZZGOD,"2026-08-07 19:11:09",450.4,2,zzzzgod
7277,16669945,"Turab Zaidi","2026-08-07 13:27:44",450.3,2,turabzaidi
7278,16668267,Saran,"2026-08-27 14:18:05",450.3,2,saran2
7279,16690793,"MOHAMMAD ALRASHED","2026-08-08 18:33:34",450.3,2,mohammadalrashed
7280,16684031,"Phillip Kamundia","2026-08-14 20:35:15",450.2,2,phillipkamundia
7281,16917703,"Tommy Mac Bird","2026-09-18 02:14:59",450.1,1,tommymacbird
7282,16659080,VENKY,"2026-08-07 17:22:03",450.1,2,venkateshthatha
7283,16692128,gibocx,"2026-08-10 18:10:34",449.9,2,gibocx
7284,16697396,"Collective Win","2026-08-18 05:10:12",449.9,2,collectivewin
7285,16719460,"Amon #2","2026-08-15 12:40:41",449.8,2,ezjameng
7286,16745485,"Thamires dos Santos ","2026-09-18 23:53:39",449.6,2,thasantos
7287,16624414,"Chaitanya Jamble","2026-07-31 05:42:10",449.5,1,chaitanyajamble
7288,16664004,"Me, Myself, and I","2026-08-11 03:57:46",449.5,2,notlunarxd
7289,16658520,drownedsnake,"2026-08-05 01:03:22",449.4,2,makerplay
7290,16844010,"Nori Miya","2026-09-06 15:17:38",449.4,2,norimiya
7291,16665647,hr15de,"2026-08-28 10:00:50",449.4,2,hr15de
7292,16729214,kisamaki0815,"2026-08-28 01:21:57",449.2,2,kisamaki0815
7293,16659520,"Play Code","2026-08-05 14:28:00",449.1,2,codenya
7294,16717051,"Chirag Hosdurga","2026-08-13 13:38:41",448.8,2,chiraghosdurga
7295,16666924,esis_ai,"2026-09-16 15:26:26",448.8,2,alexesn
7296,16621402,Maxim,"2026-08-13 07:01:03",448.7,2,ektarr
7297,16668095,Menna_Allah_Samy12,"2026-08-15 15:04:56",448.6,2,mennaallahsamy12
7298,16716002,"Preethi Gnanaprakasam","2026-08-14 09:10:46",448.4,2,preethignanaprakasam
7299,16735177,shilpa.rpns,"2026-08-22 04:57:10",448.4,2,shilparpns
7300,16682386,"Charbel Nehme","2026-09-18 23:42:54",447.9,2,charbelnehme
7301,16838619,HeroGod,"2026-09-05 12:25:27",447.7,2,herogod
7302,16639764,CortexExplorer,"2026-09-17 21:32:32",447.7,2,cortexexplorer
7303,16728821,"Alen Maria Nirmal","2026-08-17 21:51:03",447.6,1,alenmarianirmal
7304,16664352,"Shreyash Asati","2026-08-06 10:40:56",447.5,1,shreyashasati
7305,16705510,"Palak Choudhary","2026-08-11 07:12:44",447.3,2,palak2564
7306,16698287,"Ethan J. Schauder","2026-08-12 18:21:50",447.0,2,ethanjschauder
7307,16632855,Shreyash_Automation,"2026-08-21 00:06:49",447.0,2,shreyashautomation
7308,16838460,"Yash Vardhan","2026-09-08 07:39:50",447.0,2,poruskapil1
7309,16662896,"Adrian Dubois","2026-09-12 22:49:02",446.6,2,adriandubois
7310,16653429,mktdev,"2026-08-10 12:19:54",446.6,2,mktdev
7311,16785010,"Victor Wangles","2026-08-28 16:01:17",446.5,1,victorwangles
7312,16675631,"Aswini Gowda","2026-08-10 05:37:33",446.5,2,aswinigowda
7313,16637342,SupremeWarrior108,"2026-09-17 13:52:59",446.2,2,supremewarrior108
7314,16698141,Zippo,"2026-08-16 05:44:18",445.9,2,gagemerrick
7315,16792630,Vipluv1,"2026-09-04 20:32:56",445.8,2,vipluv1
7316,16751979,"Sasha Sam","2026-08-27 20:02:46",445.8,2,sashasam
7317,16728345,ron,"2026-09-13 00:49:44",445.7,2,romart
7318,16773264,LA28,"2026-09-03 19:44:02",445.7,2,saisreelasyaappali
7319,16658678,"Manav Aghera","2026-09-06 18:16:28",445.4,2,manavaghera
7320,16880393,flower_s,"2026-09-14 15:37:50",445.4,2,flower244140625
7321,16856112,"Thomas White","2026-09-08 19:39:13",445.4,1,leopardguy
7322,16735206,"Shiyal Kishan","2026-08-20 04:01:28",445.3,2,shiyalkishan01
7323,16675215,"Viljen Apalset Vassbø","2026-08-06 22:24:44",444.8,2,viljenapalsetvassb
7324,16724556,"Yixiang Wu","2026-08-28 03:34:55",444.6,1,yixiang964
7325,16634060,"Chí Thành Đỗ","2026-08-02 05:11:58",444.4,2,chithanhdeptrai
7326,16897148,"Ikrame Ibn Hayoun","2026-09-15 14:26:06",444.4,2,ikrameibnhayoun
7327,16660531,greySnow,"2026-09-10 23:39:09",444.3,2,shlomoron
7328,16656989,Crunchex,"2026-08-29 10:52:11",444.2,2,"asmo04,chinmaysoni48,codencry"
7329,16641501,Sonal,"2026-08-08 22:07:46",443.8,2,sonalm13
7330,16742009,"Mutyam kavyanjali","2026-08-19 10:25:06",443.8,1,mutyamkavyanjali
7331,16795877,"Marco Polo","2026-09-16 00:02:55",443.7,2,zhesong1
7332,16722819,Anna,"2026-08-21 15:01:26",443.4,2,annatmp
7333,16907577,"Дмитрий Витальевич","2026-09-17 07:59:28",443.4,2,mtkrqt
7334,16683316,moonriver0922,"2026-08-11 07:04:11",443.3,2,moonriver0922
7335,16658051,SethuMadhavan004,"2026-08-09 09:38:27",443.2,2,sethumadhavan004
7336,16859368,"Emmanuel King Christopher","2026-09-09 23:31:24",443.2,1,emmanuelkingchris
7337,16692782,"Andres Regino","2026-08-23 20:26:03",443.1,2,andresregino
7338,16668241,"Shreyansh Kanotra","2026-08-08 19:56:15",443.1,2,shreyanshkanotra
7339,16660923,naganikshith,"2026-08-06 08:01:09",442.4,2,naganikshith
7340,16784731,Alfred,"2026-09-06 13:27:19",442.4,2,holleyalfred
7341,16632841,AGG,"2026-09-05 18:33:20",442.2,2,aleixgim
7342,16666132,andres555,"2026-08-28 14:36:21",442.1,2,"andres555,violalin"
7343,16633097,"Matheus Bonjour Laviola da Silva","2026-08-02 11:08:21",442.0,2,matheusbonjour
7344,16713557,kaggri-kal-chal,"2026-09-16 18:53:51",441.7,2,"nainikaanish,shrivastavaaryan"
7345,16664512,oggyiu,"2026-09-01 07:46:10",441.6,1,oggyiu
7346,16663258,sawe,"2026-09-16 09:10:13",441.6,2,boiihhh
7347,16707437,"Ivan Plekhanov","2026-08-11 12:03:11",441.6,1,nnob0dy
7348,16677047,LINOXYR,"2026-08-15 13:13:58",441.5,2,linoxyr
7349,16702200,"ANGAD JANGIR","2026-08-11 02:01:38",441.4,2,angadjangir
7350,16885124,"LABHESH YAWALKAR","2026-09-13 07:45:34",441.4,1,labheshyawalkar
7351,16668368,"Waleed Hasan","2026-08-12 01:42:22",441.0,2,whasan
7352,16676205,"Alhassan Fedawy","2026-08-14 17:15:07",440.6,2,alhassanfedawy
7353,16660317,esgranja,"2026-08-04 18:58:48",440.5,1,esgranja
7354,16691761,"Evie Barker","2026-08-15 13:40:05",440.5,2,eviebarker
7355,16715033,"Colton Byers","2026-08-17 10:41:50",440.4,2,coltonbyers
7356,16661194,"Sandeep Vanapalli","2026-08-04 15:37:06",440.3,2,mrleaf
7357,16891504,"Taha N Kaya","2026-09-14 14:03:21",440.3,1,tahankaya
7358,16708409,toshiconner,"2026-08-12 06:30:06",440.2,2,toshiconner
7359,16662133,"Ding Lifeng","2026-08-29 08:20:49",440.1,2,dinglifeng
7360,16853371,JIAWEILI0001,"2026-09-10 05:05:16",440.1,2,jiaweili0001
7361,16721942,"Daniel Rodriguez Bothe","2026-08-18 16:57:00",440.0,2,danielrodriguezbothe
7362,16726882,"Albert Yu","2026-08-17 00:01:53",439.9,2,yukinying
7363,16796102,yiliang,"2026-08-31 12:55:20",439.7,2,yilianglv
7364,16649339,"华东 朱","2026-09-17 23:34:00",439.7,2,mgdbzny
7365,16795330,"Alejandro Villacampa","2026-09-02 17:32:11",439.6,2,avillacampa
7366,16662167,"Tara Singh Kharwad","2026-08-05 17:13:10",439.6,2,tarasi7261
7367,16845679,"Wenhai Tang (raisin)","2026-09-07 03:33:14",439.5,1,wenhaitangraisin
7368,16707951,K_ChanHo,"2026-09-17 11:40:29",439.4,2,kchanho
7369,16807636,"Liu Panfeng","2026-09-05 00:30:20",439.3,2,liupanfeng
7370,16877297,"Aaryan Gole","2026-09-15 09:37:08",439.2,2,aaryangole
7371,16668093,Sai_Dattu,"2026-08-07 07:35:01",438.7,2,saidattu2003
7372,16657520,"Joel De la Cruz Fuertes","2026-08-12 16:33:48",438.5,2,joeldcf
7373,16777612,"zebra G","2026-08-27 15:46:59",438.3,1,zebrag
7374,16862542,"Mitchell Luciana","2026-09-15 03:06:15",438.3,2,mitchellluciana
7375,16700627,"Benedict Ebito Boyubie","2026-08-10 11:03:38",438.2,1,bboyubie
7376,16623503,"D Mohith","2026-08-01 01:06:22",438.2,2,dmohith
7377,16776777,cerceanit,"2026-08-29 14:51:48",438.1,1,uaisamangeldi
7378,16865650,Azhi,"2026-09-10 09:02:01",438.0,1,azh1sdad
7379,16623631,SeaEag1e,"2026-07-31 06:26:17",438.0,1,seaeag1e
7380,16660484,"Waiswa Geoffrey","2026-08-31 08:29:58",438.0,2,waiswageoffrey
7381,16694497,Kawai,"2026-08-23 18:33:10",438.0,2,"lavendermoon19,sumitwod"
7382,16831179,"Andrey Baranov","2026-09-10 15:10:38",438.0,2,baranov
7383,16829367,"quant park","2026-09-15 10:29:07",437.7,2,quantpark
7384,16658500,"abhinav rai1","2026-08-18 17:24:56",437.6,1,abhinavrai1
7385,16640810,まさやん,"2026-08-12 15:22:53",437.5,2,masayam1234
7386,16804231,illegalplumbing,"2026-09-16 02:55:22",437.4,2,illegalplumbing
7387,16662726,"Juan Carlos González Aguilar","2026-08-14 19:54:48",437.3,2,juancg
7388,16667759,"Nafis Fuad Shahid","2026-08-05 19:21:39",437.3,2,nafisfuadshahidd
7389,16848309,"Angela Wu","2026-09-09 03:56:03",437.2,1,angelawurx
7390,16906032,Volkan,"2026-09-18 10:12:05",437.2,1,volkan97
7391,16805621,"DIVYANSH KUMAR SINGH CHAUHAN","2026-09-02 04:04:53",437.2,2,capdiv
7392,16726441,Enrique.rfm,"2026-09-14 16:40:46",436.8,2,enriquerfm
7393,16890098,"Binief Ta","2026-09-14 14:08:36",436.8,2,biniefta
7394,16660343,"Mert Olgun899","2026-08-05 13:05:07",436.6,2,mertolgun899
7395,16660899,"Clarence Trinidad","2026-09-16 18:28:20",436.5,2,claree007
7396,16665152,"Ahmed Karim","2026-08-17 11:32:15",436.3,2,versusic
7397,16696939,"Keaton Zang","2026-08-10 21:24:20",436.2,1,keatonzang
7398,16656156,"Kshitij aucharmal","2026-08-06 04:35:27",436.0,2,narutoaucharmal
7399,16634016,"Adrien Thomas","2026-09-13 16:40:18",436.0,2,adrienthomas
7400,16759765,"Ososanwo Idris Olaitan","2026-09-11 18:38:06",435.9,2,ososanwoidrisolaitan
7401,16660697,"Dannis Wong11","2026-09-09 10:07:46",435.8,2,danniswong11
7402,16750931,"Antonio Rotundo","2026-08-27 12:52:58",435.6,2,antoniorotundo2
7403,16641513,"Sameer Chakravedi","2026-08-15 16:06:11",435.6,2,sameerchakravedi
7404,16665040,"Arnav Yashlaha","2026-08-05 05:44:26",435.4,2,arnavyashlaha
7405,16726765,"Ali Al-Killidar","2026-08-16 09:47:37",435.2,1,alialkillidar
7406,16671773,"Sawyer Lundberg","2026-08-07 03:33:23",435.1,2,sawyerlundberg
7407,16691704,"Rahman Aliyev","2026-09-10 17:59:57",435.1,2,rahman4li
7408,16734601,sweetlesson,"2026-08-18 00:40:55",435.0,2,sweetlesson
7409,16659269,"Bedirhan Dinçer","2026-08-10 20:26:46",434.9,2,bedirhandiner
7410,16888455,Erin,"2026-09-14 02:55:17",434.8,2,eringobyte
7411,16760377,"Yuxuan Qian","2026-08-29 23:45:28",434.8,2,yuxuanqian
7412,16768174,lambdap,"2026-09-06 13:25:29",434.8,2,lambdap
7413,16654175,abhiv142,"2026-08-11 13:22:03",434.8,2,abhiv142
7414,16663259,erush,"2026-09-08 03:16:44",434.7,2,erushia
7415,16735012,"Shuvam Swapnil Dash","2026-08-28 19:56:48",434.1,2,"shashwatmandal,shuvamswapnildash"
7416,16666878,aaronykchen,"2026-08-17 15:06:13",434.0,2,aaronyukuchen
7417,16662589,"Arunagirinadan Sudharshan","2026-09-06 07:07:50",434.0,2,sudhanaruna
7418,16706843,"yh z","2026-08-11 09:32:56",433.9,1,yhz123456
7419,16662079,"Farrukh Hussain","2026-09-08 11:36:07",433.9,2,farrukhhussai
7420,16713723,"Jyot Buch","2026-08-12 23:09:41",433.6,2,jyotbuch
7421,16673009,CruelShow,"2026-09-13 10:36:40",433.5,2,cruelshow
7422,16743032,"Sabarishvar S S","2026-09-03 17:49:08",433.5,1,sabarishvarss
7423,16661751,"Shailaja J","2026-08-12 14:51:15",433.3,1,shailajaj
7424,16664129,"Mr M 8641","2026-08-06 18:57:45",433.3,2,mrm8641
7425,16665228,Jason_Qian,"2026-08-05 16:00:43",433.2,2,jasonqia
7426,16651157,StupidXie,"2026-09-17 00:02:01",433.2,2,stupidxie
7427,16675043,malibu_orange,"2026-09-05 13:27:13",432.9,2,malibuorange
7428,16759239,SunYaoXi,"2026-08-27 09:32:42",432.8,2,sunyaoxi
7429,16670090,"Gianpaolo Nettis","2026-08-24 08:42:07",432.8,2,rakes7
7430,16662985,DanTheDataScienceMan,"2026-08-05 17:40:06",432.5,1,danthedatascienceman
7431,16713061,Yuk!,"2026-08-16 10:59:12",432.4,2,mitsuyukiokamura
7432,16676256,"Kotaro Nakamura","2026-08-11 22:18:41",432.3,2,kotaroma
7433,16759916,"Jeevith G","2026-08-23 06:58:50",432.2,2,jeevithg090
7434,16698029,"Meet Vachhani","2026-08-10 18:34:55",431.8,2,meetvachhani7
7435,16655891,"Yukihito Ikoma","2026-08-27 03:55:41",431.7,2,yikoma
7436,16765863,MADUPU.SRINIDHI,"2026-09-05 10:31:08",431.7,2,madupusrinidhi
7437,16655997,tanatet8,"2026-09-05 11:00:05",431.5,2,tanatet8
7438,16758987,"Irtaza Ahmed Khan","2026-09-08 06:38:25",431.5,2,yrrebeere
7439,16658366,kuroneko,"2026-08-04 10:43:29",431.4,2,kurorosuke
7440,16702980,GCSudarshanReddy,"2026-08-15 17:32:06",431.4,2,gcsudarshanreddy
7441,16689256,"Pavan Pusapati","2026-09-17 11:26:52",431.4,1,pavanpusapati
7442,16696993,healer2408,"2026-08-15 07:10:57",431.3,2,healer2408
7443,16662095,"Buzz shocker","2026-09-13 20:28:48",431.3,2,buzzshocker
7444,16674278,"Niels de Gier","2026-08-07 15:57:04",431.3,2,nielsdegier
7445,16732041,"Vallapu Nandini","2026-08-17 10:22:47",431.0,1,nandinivallapu
7446,16827781,c1626343198,"2026-09-04 14:50:37",430.8,2,c1626343198
7447,16660073,"Mahad Kakooza","2026-09-06 20:30:18",430.7,2,mahadkakooza
7448,16676397,Rohan_Joshi6404,"2026-08-13 13:58:56",430.6,2,rohanjoshi6404
7449,16880350,喜欢逢坂大河,"2026-09-16 08:36:54",430.5,2,yhsno69
7450,16881479,GG,"2026-09-13 11:27:34",430.2,2,ggroth
7451,16825489,"Monishwar S","2026-09-06 17:28:12",430.2,1,monishwar2718
7452,16699436,"Oluwaseun O Adeya","2026-08-23 01:22:24",430.1,2,oluwaseunoadeya
7453,16691790,"Akshay Sawant","2026-08-08 19:33:14",430.0,2,akshaysawant8983
7454,16775069,JWlKIM,"2026-08-26 23:22:43",430.0,2,jwlkim
7455,16656951,"[Deleted] 6015b650-8e16-4705-8036-db40bdd2d353","2026-08-04 09:08:05",429.9,1,del=084ea76838ad756b
7456,16655316,Nader,"2026-08-10 14:49:21",429.9,2,naderamin
7457,16723614,"James Atteh","2026-09-12 06:28:17",429.9,2,jamesatteh
7458,16669170,AsadUsmanFAST,"2026-08-05 22:37:33",429.8,2,asadusmanfast
7459,16671665,"Kobata Sota","2026-08-06 07:17:03",429.8,1,kobatasota
7460,16857747,shaoxw,"2026-09-15 08:33:39",429.6,2,shaoxw
7461,16854266,もふもふ神,"2026-09-12 16:26:42",429.5,2,mohumohukami
7462,16633786,tuannm3812,"2026-08-28 08:00:42",429.5,2,tuannm3812
7463,16774592,"Oliad Dandana","2026-08-27 09:28:20",429.3,2,olidan
7464,16692373,"Ornevis Montero","2026-08-20 01:59:43",429.1,2,ornevisbolaosmontero
7465,16738441,"Moritz Huber","2026-08-30 21:00:10",428.8,2,moritzhuber
7466,16717420,"Muhammad Yasir Sarwar","2026-08-13 14:40:09",428.7,2,muhammadyasirsarwar
7467,16728394,"Aisultan Davletkan","2026-08-16 13:01:38",428.6,1,aisdav
7468,16657712,"samuel job Adeola ","2026-09-04 23:18:57",428.6,2,samueljobadeola
7469,16714240,"The Shovel","2026-08-26 03:21:18",428.5,2,"astapasta0,qotqat"
7470,16706054,"ErrorX Info","2026-08-20 11:30:03",428.1,2,"errorxinfo,shyampatel47"
7471,16701064,KMishra011,"2026-08-20 20:30:34",427.9,2,kmishra011
7472,16634911,onlytimeknows,"2026-08-22 12:31:11",427.9,2,onlytimeknows
7473,16890155,GSD,"2026-09-18 13:33:14",427.8,2,gsdeepakkumar
7474,16632503,"Wei Hsiang Lin111","2026-08-01 07:42:33",427.7,2,weihsianglin111
7475,16744018,"ZK Adam","2026-08-27 17:40:04",427.7,2,zkadam
7476,16763523,"Nam Khánh Lê","2026-09-02 06:28:44",427.6,2,"khanhss,khimbodoi"
7477,16658202,"SNAEHATH P","2026-08-06 13:51:15",427.6,2,snaehath
7478,16663104,Sohan,"2026-08-23 14:42:40",427.4,2,sohansinghrawat
7479,16675385,Apex🦾,"2026-08-14 18:00:17",426.7,2,"raghadabdullara,renadahmadalamri,zzainh"
7480,16669703,AnubhavBhadani142,"2026-08-15 06:32:19",426.5,2,anubhavbhadani142
7481,16721530,revv0o,"2026-08-15 13:58:34",426.4,2,revv0o
7482,16729155,WangZihao5649,"2026-08-24 02:32:08",426.4,2,wangzihao5649
7483,16761319,Yuvraj,"2026-08-23 07:29:44",426.3,1,yuvrajkr01
7484,16668522,"Moatez Litaiem","2026-08-06 16:57:54",426.3,2,moatezlitaiem04
7485,16845067,"Vineet Gupta","2026-09-14 09:08:20",426.2,1,"graceydugar,vineetgupta2023"
7486,16738351,"Haidar Faruqi","2026-08-25 05:00:00",425.9,2,haidarfaruqi
7487,16630662,Akshatjhawar777,"2026-08-05 12:18:30",425.9,2,akshatjhawar777
7488,16855885,"Shinonome Seiga","2026-09-10 05:10:04",425.9,1,shinonomeseiga
7489,16656579,"Riad Rayhan","2026-08-15 06:40:35",425.7,2,riadrayhan
7490,16663976,"wangyang denis","2026-08-12 06:26:08",425.7,2,wangyangdenis
7491,16669434,"Saugat Kannojia","2026-08-07 11:45:47",425.2,2,saugatkannojia
7492,16748500,stimmie,"2026-08-30 16:11:56",424.9,2,stimmie
7493,16660515,"pooja sandali","2026-08-08 05:51:03",424.9,2,poojasandali
7494,16723411,CaZen,"2026-08-15 10:48:16",424.8,2,cathzwah
7495,16702935,"Defne Demir","2026-08-11 18:27:36",424.7,2,defnedemir
7496,16695095,"Jayanth Chowdary","2026-08-22 17:50:39",424.4,2,jayanthchowdary24
7497,16792685,李明,"2026-08-31 00:46:42",424.2,2,liming2026good
7498,16624935,"Anjana mohan","2026-08-01 06:06:39",424.1,2,anjanamohan13
7499,16811013,"Sara Vahidestakhri","2026-09-03 00:32:07",424.0,1,saravahidestakhri
7500,16670464,halfpintcider,"2026-09-16 08:50:31",424.0,2,"amoghdeshpande2021,visspric7"
7501,16666066,Khush3e,"2026-09-16 23:20:51",423.7,2,khush3e
7502,16684776,"D Rithika","2026-08-10 18:36:30",423.7,2,drithika
7503,16670475,Adib,"2026-08-06 02:02:27",423.6,2,adibemohamed
7504,16723779,Matheubern,"2026-09-07 02:24:32",423.6,2,matheubern
7505,16623054,"Max Bond ABE","2026-08-15 22:43:34",423.5,1,maxbondabe
7506,16659659,"michael J king","2026-09-15 07:11:18",423.4,2,michaeljking
7507,16908873,KelOliHar,"2026-09-18 20:02:58",423.4,2,kelolihar
7508,16847947,"Phongwit Sri","2026-09-14 04:24:54",423.3,2,phongwitsri
7509,16666447,"Shuaib ayad Jasim Jasim","2026-08-06 20:51:47",423.1,2,shuaibayadjasimjasim
7510,16715404,"karthik reddy","2026-09-04 01:34:50",423.0,2,karthikreddyp
7511,16662089,"Alonso Gallego Pacho","2026-08-27 13:27:36",422.8,2,alonsogallegopacho
7512,16656627,"Soykot Podder","2026-08-14 05:39:06",422.2,2,diptopodder
7513,16716299,Biwaaa67,"2026-08-13 19:57:06",422.2,1,biwaaa67
7514,16664818,"B M Dimpu Shree","2026-08-21 10:51:22",422.2,2,bmdimpushree
7515,16851939,"Naoya Mieno","2026-09-11 06:19:02",422.1,2,naoyamieno
7516,16685615,Spectra,"2026-08-07 16:14:32",422.0,2,thomaskressig
7517,16695828,rihiRule,"2026-08-11 13:40:24",421.9,2,rihirule
7518,16854332,kotaross,"2026-09-09 15:18:06",421.8,2,kotaross
7519,16840668,"Aratrika Ruhal","2026-09-13 23:35:13",421.8,2,aratrikaruhal
7520,16622943,"Erwin Huizenga","2026-09-06 15:04:57",421.7,2,erwinh
7521,16717912,"Anu Kumari","2026-08-13 18:03:07",421.5,1,anuk16020
7522,16661966,Rocket,"2026-08-29 18:05:35",421.0,2,"aarchie4,nick16541,siddharthdongardive"
7523,16659459,"Akandé Philippe ABIODOUN","2026-08-06 11:58:09",421.0,2,vrmelo
7524,16661014,manu,"2026-08-16 04:45:12",420.9,2,manupandit
7525,16623528,"Faijur Rahaman","2026-08-20 09:40:07",420.8,2,faijurrahaman
7526,16783050,"Charles Chen","2026-09-07 06:24:21",420.4,2,charles2580
7527,16902856,"Laura Vanegas Torres","2026-09-18 02:10:40",420.4,2,lauravanegastorres
7528,16802750,"[Deleted] fafa60dd-8026-43cc-b656-34ca4625ef7d","2026-09-01 12:22:13",420.3,1,del=e2a734cecd171934
7529,16693255,"Carlos Hideo Yamaguchi","2026-08-10 00:59:12",420.2,2,carloshy
7530,16839457,HugoLee_dreamer,"2026-09-14 01:18:31",420.2,2,hugoleedreamer
7531,16686954,"Davie Mdumuka","2026-08-09 19:40:56",419.9,1,daviemdumuka
7532,16659720,Project_Kurukshetra,"2026-08-16 05:01:34",419.8,2,"chaitanyaterli05,lavanyayandapalli"
7533,16708896,"Alberto Scinetti","2026-08-13 19:18:11",419.7,2,albertoscinetti
7534,16750435,"Oleksandr Zalievskyi","2026-08-23 18:34:59",419.7,2,sashaworker
7535,16630020,"Piotr Gabrys","2026-08-09 16:53:59",419.7,2,piotrekga
7536,16686796,"Harinath Reddy A","2026-08-23 21:23:45",419.6,2,harynath
7537,16875479,"Debasish Gorai","2026-09-16 18:41:56",419.6,2,debasishgorai
7538,16796474,"Chaitanya Mundhe ","2026-09-13 12:27:10",419.5,2,chaitanyamundhe
7539,16663286,"Fan Wang","2026-08-10 21:12:40",419.4,2,wangfan420
7540,16664064,lookapmaka,"2026-08-10 17:19:05",419.3,2,lookapmaka
7541,16633984,"Mongkhon Hatit","2026-08-04 11:58:56",419.3,2,mongkolhatit
7542,16700685,"Preeti Dhotmal","2026-08-27 11:25:29",419.2,2,preetidhotmal
7543,16806568,"Mumtaz Ahmad Maitla","2026-09-15 08:15:34",419.2,2,mumtazahmadmaitla
7544,16798347,"Mr Michael Chung","2026-09-14 19:39:17",419.1,2,mrmichaelchung
7545,16629201,"GUILLERMO REY PANIAGUA","2026-08-01 16:41:58",419.1,2,guillermoreypaniagua
7546,16753895,Andrew98,"2026-08-22 13:10:58",419.0,2,vitem98
7547,16711374,Jascha,"2026-08-13 11:22:30",419.0,2,lippja
7548,16736432,"Sarthak #2","2026-08-18 12:33:53",419.0,2,srthkdixit
7549,16623582,yunsuxiaozi,"2026-08-01 13:59:57",419.0,2,yunsuxiaozi
7550,16693307,"Vlad Gavrilov","2026-08-09 04:00:29",418.7,2,vladgavrilov
7551,16668331,"Maitreya Mohapatra","2026-09-10 20:52:30",418.7,2,maitreyamohapatra
7552,16657574,harikrishnacs,"2026-08-04 12:28:53",418.7,2,harikrishnacs
7553,16656023,JD_Mello,"2026-09-06 01:41:52",418.6,2,jdmello
7554,16728945,"Suryansh Kulshreshtha","2026-09-01 14:39:14",418.5,2,"busyfellow,suryanshkulshreshtha"
7555,16805176,"Hritvika Tawde","2026-09-13 11:22:46",418.4,2,hritvikatawde
7556,16709337,"Chris Turnbull","2026-08-11 22:15:57",418.2,2,christurnbull
7557,16666479,"Prajwal Nivangune","2026-08-09 18:33:51",418.1,2,prajwalnivangune
7558,16675232,"Rafif Ariq Rabbani","2026-08-27 19:37:32",417.9,2,rafifariqrabbani
7559,16689286,"Telman Yusifov","2026-08-09 07:08:46",417.9,2,yusifovtelman
7560,16659018,"Ramziddin Toxirov","2026-08-11 04:58:03",417.8,2,ramziddintoxirov
7561,16660413,Ritesh-2006,"2026-08-21 10:21:53",417.8,2,ritesh2006
7562,16793657,Xin_T,"2026-08-30 16:48:11",417.8,1,xint666
7563,16663804,"Fredy Meyer","2026-08-05 20:19:51",417.7,2,alexmeyerm
7564,16728839,Mharfe,"2026-09-06 23:26:08",417.7,2,mharfe
7565,16644023,"Yiğit Efe Albaş","2026-08-02 18:34:39",417.5,1,yiitefealba
7566,16696959,"Joe Filfli","2026-08-11 10:47:03",417.2,2,joefilfli
7567,16857871,SHP123SHP,"2026-09-10 03:20:57",417.2,2,shp123shp
7568,16778939,"Stepan Antonov","2026-08-27 07:59:30",417.1,1,stepanantonov
7569,16675462,bkcoban,"2026-08-07 18:22:48",417.1,2,bkcoban
7570,16761148,Deku,"2026-08-23 13:36:57",417.0,1,piyushsharma5654
7571,16671911,"Dwi Eflatino","2026-08-16 10:44:17",416.9,2,eflatino
7572,16840626,"Christopher Márquez","2026-09-12 22:23:02",416.6,2,christophermrqz1174
7573,16666873,"linli duan","2026-08-12 15:06:42",416.5,2,linliduan
7574,16907973,Mainafly,"2026-09-18 16:48:04",416.5,2,ishakuyusufmaina
7575,16658498,cheesama,"2026-08-04 23:36:18",416.4,2,cheesama
7576,16631609,dlougen,"2026-08-04 16:40:03",416.2,2,dlougen
7577,16786328,"DanishGW School","2026-09-02 03:50:19",416.1,2,danishgwschool
7578,16659588,"Priya J","2026-08-14 05:57:46",416.1,2,priyaj21
7579,16681441,"Lamiaa Al-bdrani","2026-08-07 04:25:50",416.0,1,lamiaaalbdrani
7580,16653998,www1727,"2026-09-15 16:45:05",416.0,2,www1727
7581,16639916,BloomBerry,"2026-08-12 12:38:31",415.9,2,kagglepalandata
7582,16705640,"Dongre Laxman","2026-08-12 12:36:29",415.5,2,dongrelaxman
7583,16772511,"Max Gläser","2026-08-26 23:39:34",415.4,1,maxglser
7584,16802028,Dong,"2026-09-11 03:53:23",415.3,2,protostar
7585,16664406,"MURDER GOOSE","2026-08-05 09:45:33",415.3,2,ujjwalar
7586,16834632,casua132,"2026-09-05 07:56:17",414.9,1,casua132
7587,16716589,"Shaik Adilazeez","2026-08-13 09:29:44",414.8,1,shaikadilazeez
7588,16725349,"Saj Patel","2026-08-15 21:55:42",414.6,2,sajpatel15
7589,16701885,"Mehdi L.","2026-08-13 13:41:14",414.5,2,lmehdi
7590,16896794,Cidoai,"2026-09-18 08:45:45",414.0,2,cidoai
7591,16665470,KanakoS,"2026-08-18 13:13:58",413.5,2,kanakos
7592,16890562,Names231,"2026-09-14 16:08:48",413.4,2,names231
7593,16671913,res67,"2026-08-07 16:22:30",413.3,2,junyeanyap
7594,16751796,"Leo Pallorina","2026-08-23 14:06:17",413.1,2,lelelsp
7595,16716657,"Jasti Phani","2026-08-19 08:38:00",413.1,1,jastiphani
7596,16656608,"Jeffrey Dilley","2026-08-04 15:40:08",413.1,1,jeffreydilley
7597,16630896,OpenBuilder,"2026-08-08 12:09:06",412.8,2,weijunguo
7598,16719296,Mr.TtT_Games,"2026-08-14 04:58:39",412.8,2,mrtttgames
7599,16741746,"Ahmed Harfoush","2026-08-19 09:47:45",412.7,1,ahmed1harfoush
7600,16719679,ZhiruiLuo,"2026-08-25 15:52:57",412.7,1,zhirluo
7601,16796572,"Phan Van Hieu ","2026-08-31 14:23:03",412.5,2,phnvnh
7602,16621518,jaccobian,"2026-08-29 08:11:50",412.3,2,harshraj22
7603,16712906,"Sharad Garg","2026-08-13 14:54:43",412.2,2,sharadgarg
7604,16897491,"Santipab Tongchan","2026-09-15 14:39:58",411.9,1,santipabtongchan
7605,16716702,"majjati khalid ","2026-08-19 14:12:32",411.9,2,khalidma
7606,16663055,jainish_d24ce180,"2026-08-10 13:54:40",411.8,2,jainishshah35
7607,16689017,"Mounica Challa","2026-09-17 19:39:39",411.8,2,mounicachalla
7608,16698570,MurphyIIVan,"2026-08-10 03:35:41",411.8,2,murphyiivan
7609,16689877,Amr_Said1233,"2026-08-08 08:48:28",411.6,1,amrsaid1233
7610,16726168,"Shrey Modi","2026-08-15 19:42:14",411.5,2,shreymodi2
7611,16809931,"john crick","2026-09-16 02:07:20",411.4,2,johncrick
7612,16808233,"Yash Hingane","2026-09-04 12:53:43",411.2,2,yashhingane
7613,16690299,"EL GORRIM MOHAMED","2026-09-01 10:59:10",411.2,2,elgorrimmohamed
7614,16664450,"Fritz Adelbertus","2026-08-10 01:13:44",411.2,1,fritzadelbertus
7615,16678819,"Digant Kathiriya","2026-08-07 02:07:51",411.2,2,digantkathiriya
7616,16885604,"Shashank Kalled","2026-09-17 17:05:40",411.1,2,"shashankkalled,tridiv14"
7617,16758681,"Sahil suman","2026-08-26 16:26:13",410.9,2,gruntingtorch
7618,16693098,broken_gpu,"2026-08-30 10:07:27",410.8,2,brokengpu
7619,16888334,"Ohene A","2026-09-14 17:36:00",410.7,2,pamo12
7620,16726052,"Peter Mugoya","2026-09-17 08:35:32",410.6,2,petermugoya
7621,16732340,"BJ Kim","2026-08-19 15:17:16",410.5,2,doitdoit80
7622,16768262,"Brayan Miranda G","2026-08-26 19:40:15",410.4,2,brayanmirandag
7623,16673583,"Priyanshu Jha","2026-08-16 08:10:08",410.4,2,codewithjha
7624,16678298,"RITIK CHAUDHRY","2026-08-10 13:34:35",410.4,2,ritikchaudhry13
7625,16784030,"Pooja Gera","2026-09-02 15:10:47",410.3,2,poojagera00
7626,16658535,khanna.rohit5,"2026-08-10 05:00:31",410.2,2,khannarohit5
7627,16662319,ethan.ai,"2026-08-13 18:16:35",410.0,2,ethanai
7628,16818498,"AARYAN VISHAL","2026-09-07 11:53:23",409.7,2,aaryanvishal
7629,16673201,"Sanjay Varma Malladi","2026-09-18 07:00:17",409.4,2,sanjayvarmamalladi
7630,16654290,"Srinivasa Ranga","2026-09-17 17:40:48",409.4,2,srinivasaranga
7631,16691891,"Gagan Thakur","2026-08-16 04:36:51",409.3,2,gaganthakur2006
7632,16701713,"Максим Хованский","2026-08-10 14:35:38",409.3,1,yeezynaizi
7633,16675900,"Pranav Advani","2026-08-23 14:43:09",409.2,2,pranavadvani
7634,16653006,"anthony mbadiwe ikeme","2026-08-18 09:08:02",409.2,2,anthonymbadiweikeme
7635,16790718,"Carlos Alves","2026-09-02 04:29:42",409.1,2,carlosone
7636,16864670,"Takahiro Cho","2026-09-10 04:55:10",408.8,1,takahirocho
7637,16686411,NeoCodes.Dev,"2026-08-23 23:53:10",408.8,2,neocodesdev
7638,16621243,"Jesse Bullard","2026-09-14 16:01:59",408.7,2,jessebullard
7639,16667615,"Zayd Mulani","2026-08-08 23:05:57",408.5,2,zaydmulani
7640,16709299,"Divyanshu Choudhary","2026-09-04 13:13:32",408.4,2,divyanshuchoudhary25
7641,16666944,"Meghnath S","2026-08-11 01:56:22",408.3,2,meghnaths
7642,16671532,"Yuri Nakayama","2026-08-13 11:34:55",408.3,2,yurinakayama
7643,16659939,"Mouafak Dakhlaoui","2026-09-05 13:26:34",408.3,2,sharmoul
7644,16666216,missss,"2026-08-06 06:49:00",408.1,2,missssb
7645,16802866,"Antonio Di Cecco","2026-09-01 18:37:02",408.0,1,antdic
7646,16717679,mureee,"2026-09-10 05:46:33",407.8,2,"hosyan3279,mureee54"
7647,16913940,"Mustafa Rehman","2026-09-17 10:24:09",407.3,1,mustafar34
7648,16662646,"Jay Parsana","2026-08-09 18:07:10",407.3,2,jay051
7649,16735580,"Dhiya Nachimuthu","2026-08-30 06:13:38",407.2,2,dhiyanachimuthu
7650,16808705,Danielaijdkx,"2026-09-03 11:29:34",407.2,1,danielaijdkx
7651,16774921,"conor lowth","2026-08-28 10:46:42",407.0,2,conorlowth
7652,16659247,cindrella_18,"2026-09-18 12:00:03",406.9,2,"ankithraj30,neharaj1518"
7653,16732395,"Nikita Antonov","2026-08-23 08:33:03",406.8,2,nantonov
7654,16664514,"Henry Adjanor tetteh","2026-08-12 00:43:41",406.6,2,henryadjanortetteh
7655,16723301,mayukistarry,"2026-08-15 02:20:13",406.6,2,mayukistarry
7656,16681209,AgenticBuilder,"2026-08-13 18:44:29",406.5,2,gau2112
7657,16661453,"Disleve Kanku","2026-08-14 15:32:51",406.5,2,dislevekanku
7658,16784400,K_DHEERAJ_11,"2026-08-31 02:58:38",406.5,2,kdheeraj11
7659,16867305,Prikat,"2026-09-18 19:27:00",405.9,2,prikat
7660,16624879,indira,"2026-07-31 06:52:02",405.7,2,inansia
7661,16860003,"Aatif Sayyad","2026-09-10 21:31:13",405.6,2,aatifsayyad
7662,16665988,"Ronel maamoc","2026-08-31 09:37:13",405.3,2,ronelmaamoc
7663,16657054,"ömer umut güngör","2026-08-05 06:10:22",405.0,2,merumutgngr
7664,16676911,"Michał Ścibak","2026-09-18 21:24:31",404.9,1,michacibak
7665,16695627,"Xu Lou","2026-08-09 13:01:23",404.7,2,xuxiaozhou666
7666,16855738,"Anuj Gupta","2026-09-09 07:38:48",404.7,2,anuj6540
7667,16658304,"KETHAVATH Aadarsh","2026-08-05 21:00:45",404.7,2,kethavathaadarsh
7668,16793391,"Muhammad Ussman","2026-09-15 20:17:40",404.5,2,muhammadussman
7669,16764608,messibeatgravity,"2026-08-24 05:34:05",404.4,1,messibeatgravity
7670,16684225,"Aum Savaliya","2026-08-10 20:10:02",404.4,2,aumsavaliya
7671,16679904,"Joshua Bensemann","2026-09-12 12:08:09",404.3,2,qazcat
7672,16685904,KavYaHD,"2026-08-10 13:02:45",404.2,2,kavyahd
7673,16804803,"01000110 01010101 01000011 01001011 00100000 01011001 01001111 01010101 00100001","2026-09-14 16:38:59",403.9,1,f01010101
7674,16729669,HYPEREUCLIDEAN,"2026-08-19 07:47:48",403.8,2,hypereuclidean
7675,16850232,"Kharchenko Bogdan","2026-09-09 18:57:16",403.6,2,kharchenkobogdan
7676,16666596,"Daumas Benjamin","2026-09-03 10:05:38",403.5,2,daumasbenjamin
7677,16663815,"Tetsuya Sasaki","2026-09-05 00:00:30",403.4,2,sasakitetsuya
7678,16757351,SaiVenkatesh,"2026-09-05 10:30:00",403.3,2,nothingnew
7679,16657545,"Deepak Singh","2026-08-11 13:50:31",403.2,2,vihaannegi
7680,16809998,chzCharbs,"2026-09-15 08:14:49",403.2,2,chzcharbel
7681,16660287,BhatNasir,"2026-08-04 16:29:18",403.1,2,nasir94
7682,16690812,zhangkai_0121,"2026-08-09 01:40:21",402.7,2,zhangkai0121
7683,16669102,Ritik,"2026-08-07 18:11:13",402.6,2,xritikx
7684,16790615,"Suryansh Vashisth","2026-08-31 10:38:54",402.3,2,songoku2005
7685,16783870,郭一贤,"2026-08-29 07:22:41",402.3,2,guoyixian2
7686,16881853,Sleepyman,"2026-09-15 09:22:24",402.1,2,alishakeri1
7687,16666334,UnderBlade,"2026-08-05 09:56:11",401.5,2,"athillazaidan,kurtmikhael"
7688,16757336,Stevejustin,"2026-08-31 04:18:31",401.2,2,stevejustin
7689,16662964,"Tim Ogilvie","2026-08-13 13:18:59",401.1,2,timogilvie
7690,16663981,"Steven Pun","2026-08-07 01:59:52",401.0,2,stevenpunn
7691,16911283,"Apratim Bajpai","2026-09-18 17:19:51",401.0,2,apratimbajpai
7692,16670188,orivael,"2026-08-05 21:20:17",401.0,2,orivael
7693,16697627,abinandhan03,"2026-09-01 10:38:15",400.9,2,abinandhan03
7694,16661717,"Yaswanth Ippili","2026-08-06 11:32:13",400.6,2,yaswanthippili
7695,16667987,"Kunj Kansara","2026-08-05 13:41:26",400.6,1,kunjkansara
7696,16690197,"Ankit Kushwaha_06","2026-08-18 08:10:12",400.3,2,ankitkushwaha06
7697,16695177,"Ajith Bagali","2026-08-15 12:23:37",400.1,2,ajithbagali
7698,16875657,"Валерия Захарова","2026-09-12 23:53:56",400.1,2,melomanpanda
7699,16916938,MC1127,"2026-09-18 21:23:30",400.0,2,mc1127
7700,16739939,crescent_star,"2026-09-09 04:42:10",400.0,2,cenzop
7701,16623135,mohduwaishchaudhary,"2026-07-30 22:05:45",399.9,2,muwaish5
7702,16662081,Ayush_Bhaskar_25323010,"2026-08-08 19:49:56",399.5,2,ayushbhaskar25323010
7703,16796834,"Harsh Gupta #2","2026-09-09 19:20:48",399.5,2,harshgupta0415
7704,16735307,"Ayush Dhabsa_real","2026-09-10 09:13:50",399.5,1,ayushdhabsareal
7705,16693087,osprey2k,"2026-09-09 02:34:27",399.4,2,osprey2k
7706,16672292,"KARTIKEY PANWAR","2026-08-06 05:46:16",399.3,2,kartikeypanwar
7707,16707987,"Big Balls Entertainment","2026-08-12 10:18:24",399.3,2,"pavivin,semenkolesnikov"
7708,16727022,Saharkh99,"2026-09-01 00:18:26",399.3,2,saharkh99
7709,16712259,geqiulin,"2026-08-13 04:46:11",399.1,2,geqiulin
7710,16660228,"Ochuwa Pearl Isa","2026-08-06 09:29:36",399.0,2,pearlisa
7711,16912864,zhzhang,"2026-09-18 07:55:45",398.7,2,lililizh11
7712,16661276,Middle,"2026-09-14 04:43:00",398.7,2,aydagul
7713,16689344,"Shalini Gangrade","2026-08-09 13:17:30",398.6,2,shalinig1
7714,16882081,Aabualella,"2026-09-13 00:58:37",398.6,1,aabualella
7715,16809202,amano,"2026-09-03 13:44:49",398.4,2,amanoshotaro
7716,16725177,misaka12435,"2026-09-17 23:17:35",398.3,2,misaka12435
7717,16747782,"Muhammad Agam Febryan","2026-08-29 18:22:04",398.3,2,muhammadagamfebryan
7718,16671670,"Karla Ziegler","2026-08-08 21:14:37",398.1,2,karlaziegler
7719,16749503,ally,"2026-08-23 11:48:49",397.9,2,phamngoclinh
7720,16727326,AhmedMousaHassan2510,"2026-08-17 12:56:01",397.4,2,ahmedmousahassan2510
7721,16898258,"Eugene Blackman","2026-09-17 10:38:37",397.1,2,eugeneblackman
7722,16849620,rgbweston,"2026-09-07 18:00:17",396.6,1,rgbweston
7723,16661633,"Joseph Garcia","2026-08-19 16:28:08",396.5,2,josephpgar
7724,16715097,"Yusuf Yavuz","2026-08-13 00:25:40",396.4,1,yusufyavuzz
7725,16759225,"Andrea Jordan Paro","2026-08-24 11:24:14",396.3,2,andreajordanparo
7726,16661331,"John Wessel","2026-09-18 19:24:53",396.3,2,johnwessel
7727,16689349,"Adunola Abdulrahman","2026-08-10 17:38:47",396.3,2,adunolaabdulrahman
7728,16664454,"Naga Vinay Avvaru","2026-08-05 07:04:44",396.2,2,anagavinay
7729,16660294,"Mohamed Amadu Bangura","2026-08-04 16:14:07",396.2,1,mohamedamadubangura
7730,16656902,"Ram Chandra Gupta","2026-08-05 10:18:41",396.0,2,ramchandra142
7731,16691565,"Blu cky","2026-08-09 19:13:27",396.0,2,llmdablucky
7732,16638704,"Lee Yen Fei","2026-09-01 03:31:45",395.9,2,leeyenfei
7733,16661659,"Ivan Zagorulko","2026-08-05 10:53:13",395.8,2,normaldaki278
7734,16658882,"toukali samir","2026-08-07 13:43:05",395.7,2,toukalisamir
7735,16758192,"Dev Monk","2026-08-29 14:03:22",395.7,2,devmonk63
7736,16768884,z y f 007,"2026-08-31 05:39:35",395.6,2,zyf007
7737,16893255,"Amal Raj Singh","2026-09-17 21:07:11",395.5,1,amalrajsingh
7738,16894573,VISHWAPRIYAI,"2026-09-18 04:54:27",395.4,2,vishwapriyai
7739,16719603,"sravan Tirumala","2026-08-14 03:05:43",395.3,1,sravantirumala
7740,16658512,fatariq,"2026-08-10 21:18:35",395.2,2,fatariq
7741,16679850,AryaGarg23,"2026-08-09 03:33:14",395.2,2,aryagarg23
7742,16662162,"THE predict","2026-08-13 21:18:25",395.0,2,vikaspal505
7743,16794302,bettta11,"2026-09-04 23:25:27",395.0,1,bettta11
7744,16715912,"Hiroshi Sakiyama","2026-08-14 13:22:19",394.8,2,hiroshisakiyama
7745,16689970,"Константин Паращук","2026-08-08 09:15:08",394.6,1,kangchenxi
7746,16674012,ahankesumah,"2026-08-16 07:34:05",394.6,2,ahankesumah
7747,16664401,"Pranav Premchand","2026-08-05 03:07:24",394.6,1,pranavpremchand
7748,16702771,n_samii,"2026-08-14 01:20:08",394.4,2,nsamii
7749,16669229,"Kayvan Sinha","2026-08-11 15:23:35",394.1,2,kayvansinha
7750,16705401,"Nguyen Hong","2026-09-17 14:02:51",394.0,2,nguyenhongbubu
7751,16639727,"Andres Mohali","2026-08-13 23:03:25",393.9,2,mohax3
7752,16890029,"Siqing Jing","2026-09-15 02:53:04",393.7,2,siqingjing
7753,16673310,dffzno1,"2026-08-14 01:44:55",393.7,2,joyzip
7754,16780101,jjjhoon,"2026-08-28 04:04:26",393.5,2,jjjhoon
7755,16692825,"Saad Arain","2026-08-09 12:27:08",393.4,2,saad451
7756,16712633,"Andy Andy","2026-08-13 08:11:38",393.3,2,andy3373
7757,16790076,Jessewudao,"2026-09-04 16:54:58",393.1,1,"jessewudao,zongruixie"
7758,16638938,Light&Thunder,"2026-08-09 06:39:19",393.1,2,yerne39
7759,16716488,"Will Henderson290","2026-08-14 13:27:25",392.9,1,willhenderson290
7760,16721615,"Dai Dai","2026-09-08 07:59:14",392.9,2,jumpingdaidai
7761,16757017,"William Green","2026-09-05 01:33:23",392.6,1,dskswu
7762,16839419,"Gunratna borkar","2026-09-05 23:32:33",392.4,2,gunratnaborkar
7763,16658116,Emmy,"2026-09-17 11:55:21",392.2,2,emmyone
7764,16661990,"Olaoluwa Abiodun","2026-08-05 14:57:07",391.9,2,laoluwaa
7765,16709179,"SATENDRA SINGH","2026-09-17 03:39:22",391.4,2,satendrasingh9876
7766,16660929,ttkk,"2026-08-12 16:39:58",391.4,1,optimavia
7767,16898808,katoue,"2026-09-16 21:47:46",391.2,2,katoue
7768,16906688,"Qiao Ruicheng","2026-09-17 11:47:47",391.1,2,qiaoruicheng
7769,16660852,"K VISHALINI","2026-08-13 06:59:27",390.8,2,kvishalini
7770,16727480,MSAM,"2026-09-07 13:43:02",390.7,2,arashdeepsinghmaan
7771,16695479,Anandhasabesan,"2026-08-09 13:50:37",390.6,1,anandhasabesan
7772,16734431,"Maxwell Herron","2026-08-19 02:06:34",390.5,2,maxwellherron
7773,16747683,"Jianyu Lin","2026-08-27 13:05:05",390.3,1,jianyulin1999
7774,16710241,"Julien Serbanescu","2026-08-12 14:32:50",390.1,2,julienserbanescu
7775,16770085,AllenCheng329,"2026-08-25 10:05:43",389.7,1,allencheng329
7776,16665959,"Lourenz Baliber","2026-08-18 00:34:06",389.6,1,lourenz
7777,16696384,Sisu16,"2026-08-13 20:13:27",389.5,2,sisu16
7778,16773370,"Nishant #1","2026-08-26 06:11:42",389.2,1,nishanttomar110
7779,16706516,"Mohit Khade13","2026-08-26 16:03:22",389.2,2,mohitkhade13
7780,16625770,"Đức Trung Trần","2026-08-24 11:01:33",389.2,2,ctrungtrn
7781,16655737,Dharshini,"2026-08-08 15:00:05",389.0,2,dharshini1812
7782,16663674,"Mason Mahar","2026-08-30 04:00:17",389.0,2,masonmahar
7783,16867865,"ADITYA RAJ","2026-09-13 08:16:10",388.6,2,adityaraj2026yp
7784,16890222,"Borisov Emilian","2026-09-18 05:14:34",388.4,2,emili123
7785,16856809,"Mateusz Kuzniar","2026-09-08 22:14:50",388.2,2,mateuszkuzniar
7786,16705300,T3485D5T,"2026-09-03 08:20:18",388.1,2,"danijelbilalli,t3485d5t"
7787,16641330,"Takuya Yoshimi","2026-08-04 05:16:22",388.1,2,tkyysm
7788,16888733,"Sébastien Callegari","2026-09-14 03:49:42",388.1,1,sbastiencallegari
7789,16714425,sileza,"2026-08-13 12:57:35",388.0,1,azelis
7790,16668268,"Kunal Rout","2026-08-06 05:48:25",388.0,2,charlotte26
7791,16657063,"those how","2026-08-04 07:50:57",387.8,2,thosehow
7792,16891519,SongShijieCC305,"2026-09-14 16:03:59",387.8,2,songshijiecc305
7793,16726569,"Andrey Balvaneda","2026-08-17 20:59:45",387.8,2,andreybalvaneda
7794,16717797,"patan hashmi","2026-08-13 15:02:52",387.7,1,patanhashmi
7795,16723569,"Trishanth Mellimi","2026-08-15 07:09:55",387.7,2,trishanthmellimi
7796,16667177,"Raunak Phull","2026-08-10 11:14:44",387.7,2,raunakphull4
7797,16669218,"Shaik Sabiya","2026-08-12 09:15:22",387.7,2,shaiksabiya55
7798,16793944,"Grupo 808","2026-08-30 22:36:59",387.6,1,grupo808
7799,16892255,"Jegors Čemisovs","2026-09-14 18:31:10",387.6,1,fortemate
7800,16784379,超级陆战队,"2026-08-29 14:43:33",387.6,2,luyi61227
7801,16755264,wsdsby,"2026-08-21 15:16:42",387.6,2,wsdsby
7802,16848262,Philedo,"2026-09-12 14:33:59",387.5,2,philedo
7803,16747544,OliverYip,"2026-08-25 06:01:07",387.5,2,oliveryip
7804,16828390,Yuhuping,"2026-09-04 11:22:14",387.5,1,yuhuping
7805,16750743,"Nagimov Timur","2026-08-20 21:10:30",387.2,2,nagimovtimur
7806,16785676,Bilal11122,"2026-08-29 08:15:46",387.2,1,bilal11122
7807,16662267,"Fahim Montasir","2026-08-10 16:15:10",387.2,2,fahimmontasir
7808,16660318,"Aiman Al-Shalfi","2026-09-14 12:39:08",387.1,2,aimanalshalfi
7809,16658367,"Prachii Sonii","2026-08-31 17:28:45",386.7,2,prachiisonii
7810,16666958,TinkerBotics,"2026-08-05 20:29:19",386.5,2,salosojaedwin
7811,16654258,"Ashray Bagde","2026-08-13 08:13:00",386.5,2,ashrayaaaaa
7812,16730589,山谷知輝,"2026-09-02 02:03:05",386.4,2,tomokiyamaya
7813,16670257,RonitKhanna333,"2026-08-12 12:22:11",386.2,2,ronitkhanna333
7814,16655689,花朝,"2026-08-05 04:10:02",386.2,2,xhxyyds
7815,16706257,dlv,"2026-08-13 11:11:14",386.2,2,ducott1
7816,16658219,"Deepesh Pankaj","2026-08-15 05:58:07",385.9,2,deepeshpankaj
7817,16722122,Abhas20,"2026-08-19 10:02:51",385.9,2,abhas20
7818,16779769,"Pravin jeyavel","2026-09-14 05:39:48",385.8,2,pravinjeyavel
7819,16669516,GorgeousCookie,"2026-08-06 09:17:13",385.6,2,axellindqvist
7820,16758093,_student,"2026-08-23 22:21:25",385.4,2,drvtalan
7821,16664617,BarkeviousBingo,"2026-08-19 04:34:59",385.3,2,barkeviousbingo
7822,16892509,"Konko M","2026-09-14 18:52:34",385.2,2,konkomaji
7823,16641665,huangjunjia,"2026-08-04 14:12:26",384.6,2,huangjunjia777
7824,16671512,"Darren Grendi","2026-08-10 00:38:51",384.4,1,darrengrendi
7825,16716670,"Aremanda Yasaswini","2026-08-13 09:27:46",384.4,1,aremandayasaswini
7826,16733318,"Anuj Bolewar","2026-08-18 11:11:01",384.4,2,anujbolewar
7827,16794153,"harshita harshita","2026-08-31 17:47:11",384.3,2,harshitaharshitaaaa
7828,16637762,"Greek olive oil","2026-08-09 19:56:48",384.2,2,alexanderchar
7829,16670387,"Oracle69 AI","2026-09-17 19:17:17",384.1,2,princeadewaleadewumi
7830,16638383,"Yunus Emre Sarıduman","2026-08-12 12:57:08",383.9,2,emresariduman
7831,16799743,"Luc Tellier","2026-09-05 08:31:17",383.8,1,luctellier
7832,16658227,Gugu888,"2026-08-14 04:27:57",383.8,2,gugu888
7833,16677804,"Pravin Takpire","2026-08-11 08:17:51",383.7,2,pravintakpire
7834,16729708,msmsuman,"2026-09-06 11:11:45",383.7,2,msmsumanmuskan
7835,16666257,"Shijian Wen","2026-08-06 09:40:44",383.6,2,shijianwen
7836,16671714,"Donnell Layne","2026-08-07 15:40:35",383.0,2,jupiter1127
7837,16808646,"Yimeng Wang","2026-09-08 06:33:38",382.9,2,yimengwang0814
7838,16771187,FernandoRB,"2026-08-26 15:53:49",382.7,2,fernandorb
7839,16732355,"Nagesh gite","2026-09-06 07:44:05",382.6,2,"kuberb,nageshgite,vasugupta1121"
7840,16681188,"Tresor Mufalme.","2026-08-08 09:29:05",382.5,2,tresormufalme
7841,16670565,"Grant Biellak","2026-08-05 22:52:01",382.4,2,grantbiellak
7842,16906238,Naaz,"2026-09-17 06:33:26",382.4,2,naaz03
7843,16794088,"Felipe Colombarolli","2026-08-31 00:46:32",382.2,2,felipecolombarolli
7844,16634720,Thiyo,"2026-08-18 11:51:04",382.1,2,thimirajayasekara
7845,16794285,Penelope.pnlp,"2026-09-01 15:38:43",382.0,2,penelopepnlp
7846,16716585,"tejaswini kakollu","2026-08-13 09:12:37",381.6,1,tejaswinikakollu
7847,16685207,"Koushik Thummu","2026-08-07 18:15:47",381.3,2,koushikthummu
7848,16661095,"AAYUSHMAAN PATEL","2026-08-09 08:16:53",381.3,2,aayushmaanpatel
7849,16728897,kaba777,"2026-09-14 14:43:55",381.2,2,kaba777
7850,16738335,"Xuzhou Dong","2026-08-20 14:39:16",381.2,2,xuzhoudong
7851,16661476,slowpoke,"2026-08-29 16:33:07",381.0,2,banboyechristains
7852,16682869,"Sepideh Rahmati","2026-09-14 09:43:57",380.9,2,sepidehrahmati
7853,16758663,"Light In","2026-08-22 19:18:51",380.9,2,lightin45
7854,16658286,"Jatin Gujarathi","2026-09-03 08:43:39",380.8,2,jatingujarathi
7855,16656190,"Akshaj Shandilya","2026-08-06 03:14:36",380.8,2,akshajshandilya
7856,16675093,"Nikhil Srivastava","2026-08-15 08:47:12",380.5,2,nikhilsrivastavark
7857,16622097,"Garrick C.P.","2026-08-10 18:12:06",380.5,2,garrickchinnis
7858,16676726,"Manaswi Bansal","2026-08-16 06:28:05",380.2,2,manaswibansal
7859,16690029,Nitesh_Prajapati2569,"2026-09-15 07:04:17",380.0,2,niteshprajapati2569
7860,16729351,vlad.shorodok,"2026-08-16 18:05:09",379.9,2,vladshorodok
7861,16668141,"Soichiro Mochizuki","2026-08-07 22:13:36",379.7,2,soichiromochizuki
7862,16759115,chabinhwang,"2026-08-22 14:33:59",379.7,1,chabinhwang
7863,16628404,theken,"2026-08-09 12:19:19",379.7,2,theken
7864,16867501,aueurm,"2026-09-11 05:07:13",379.4,2,aueurm
7865,16691753,"Jan Moilanen","2026-08-09 12:02:17",379.3,2,janmoilanen
7866,16662197,"Zehra Basaral","2026-08-07 10:42:57",379.3,2,zehrabaaral
7867,16630772,"Mitsuhiro Iizuka","2026-08-04 10:31:00",378.6,2,mitsuhiroiizuka
7868,16745497,"Handsome Heretic","2026-08-21 19:14:30",378.6,2,handsomeheretic
7869,16654808,Vishwajeet-maker,"2026-08-17 21:17:02",378.6,1,vishwajeetmaker
7870,16668431,"Harshpreet Singh #2","2026-08-06 01:06:28",378.5,1,harshpreetsingh45
7871,16733007,"Not Found","2026-08-17 16:32:16",378.4,4,"ammarkhan05,zainabirfanansari"
7872,16634352,"sovit karki","2026-08-12 17:21:13",378.3,2,sovitkarki
7873,16763938,"joel paul","2026-08-26 02:05:07",378.3,2,joelpaulf
7874,16710244,Bytemindd,"2026-08-26 10:20:45",378.3,2,"daisy023,sruthikanv,thasneemj,uthayanandhini,vajraparameswari"
7875,16658960,"Amit Kumar","2026-08-06 05:44:30",378.2,2,anmitkumar
7876,16668159,ABDELGHANY,"2026-08-12 11:04:36",378.1,2,abdelghanyrageh
7877,16640901,"Kian Maghsoodi","2026-08-20 23:01:51",378.1,2,kizmodo
7878,16625418,"Hariprasanth Paranjothy","2026-08-01 05:52:19",378.0,2,hariprasanth8
7879,16704985,"Ethan Marchisano","2026-08-24 21:36:54",377.8,2,ethanmarchisano
7880,16730060,"Enzo Pio","2026-08-21 16:44:03",377.6,2,enzopio
7881,16665449,AgroVisionAI,"2026-08-11 19:52:49",377.4,2,"aishwaryvarshney,bhuppisharma,kirtisharmaphd,pragyasingh59,priyasingh0590"
7882,16779805,"Ákos Blaschek","2026-09-01 17:21:44",377.3,2,kosblaschek
7883,16794871,IMosia,"2026-09-14 04:49:49",377.3,2,ivanmosiagin
7884,16734894,"MP Gamimg","2026-08-26 14:47:08",377.1,2,okadahiroshi
7885,16894517,kuchinwei,"2026-09-17 14:52:52",377.1,2,kuchinwei
7886,16655555,Bharath2411,"2026-09-03 07:14:26",377.0,2,bharath2411
7887,16791546,fatimakhlid,"2026-09-10 21:00:33",376.7,2,fatimakhlid
7888,16654213,"Hojin Jang","2026-08-20 09:59:20",376.6,2,hojinjang
7889,16779823,"Jean Dem","2026-08-31 12:38:41",376.4,2,jeandem
7890,16628521,arai9953,"2026-08-24 22:46:57",376.2,2,arai9953
7891,16657687,"Siddardha Shayini","2026-09-15 12:52:57",376.2,2,siddardhashayini3
7892,16685164,cleanledger,"2026-08-07 13:38:23",376.1,2,cleanledger
7893,16668523,Bumblerrr,"2026-08-06 19:46:02",376.1,2,bumblerrr
7894,16662791,"Shiva Neshan yuva","2026-08-15 18:39:16",376.0,2,shivaneshanyuva
7895,16831875,"Hamza Mughrabi","2026-09-06 19:10:53",376.0,2,hamzamughrabi
7896,16721948,ziszim,"2026-08-26 14:38:30",375.9,2,ziszim
7897,16665400,FieldOps,"2026-08-10 16:16:03",375.8,2,sycpr1me
7898,16660489,"Luca Lullo","2026-08-05 20:21:38",375.8,2,lucalullo
7899,16675324,"Attempt Seven","2026-08-10 10:13:50",375.6,2,attemptseven
7900,16870467,wentingyun,"2026-09-11 10:21:01",375.2,1,wentingyun
7901,16891781,"mohamed saafan","2026-09-14 14:54:04",375.2,2,mohamedsaafan
7902,16677950,"Rounak Laddha","2026-08-15 01:47:41",375.1,1,rounakladdha
7903,16777871,嵇禄lugent,"2026-09-01 00:00:35",375.1,2,lugent
7904,16773858,"Kundan Kumar","2026-09-12 08:08:12",375.1,2,edkundan
7905,16668479,"Muneera Mahjabeen","2026-09-15 03:45:05",374.8,2,muneeramahjabeen
7906,16757338,Dewakaran,"2026-08-22 05:34:35",374.7,1,dewakaran
7907,16664671,Acteus,"2026-08-06 00:01:12",374.6,2,acteus
7908,16663990,"OURNO PAPA SALIF","2026-08-07 23:18:43",374.6,2,belfiremine
7909,16677761,"Rithuraj Nambiar","2026-08-06 18:11:41",374.5,2,rithurajnambiar
7910,16670724,"Neel Patel","2026-08-14 19:33:43",374.4,2,n33lpat3l
7911,16761784,"Ghaith Kammoun","2026-08-24 21:19:54",374.0,2,ghaithkammoun
7912,16668673,"kyran sinha","2026-08-14 14:21:34",373.8,2,kyransinha
7913,16666275,HeatS33ker,"2026-08-15 14:37:36",373.8,2,byronokou
7914,16668592,"Ashutosh jatav","2026-08-09 13:34:45",373.8,2,ghost1412
7915,16668286,"Sabari V","2026-08-15 14:38:41",373.5,2,sabari112005
7916,16652230,BorisSpider,"2026-08-13 11:34:46",373.4,2,borisspider
7917,16657438,"Udit Aggarwal1","2026-08-08 19:09:27",373.3,2,uditaggarwal1
7918,16876167,"kjl jkl","2026-09-17 15:51:01",373.3,2,kjljkl
7919,16683087,qiuchenglong,"2026-08-07 09:25:48",373.1,2,qiuchenglong
7920,16668091,Solidscripts.io,"2026-08-23 23:41:23",373.1,2,juancamera1
7921,16677747,"Yuvraj Bhatt","2026-08-10 08:38:11",372.8,2,bhattyuvraj22
7922,16662577,"Shreyash Suryawanshi","2026-09-02 19:42:31",372.8,2,shreyashsuryawanshi
7923,16752444,zama,"2026-08-25 04:31:12",372.7,2,zamami
7924,16658519,"David kinyanjui","2026-08-31 07:10:00",372.6,2,davidkinyanjui
7925,16739447,"Jacob Stambaugh","2026-08-19 17:53:29",372.3,2,jacobstambaugh
7926,16715416,"Md. Adnan","2026-09-17 11:15:00",372.2,2,mdadnan96
7927,16770270,"salthiel nishimwe","2026-08-25 10:45:23",372.2,2,salthielnishimwe
7928,16696419,detectivseb,"2026-08-12 10:34:45",372.2,2,detectivseb
7929,16831106,asd1984,"2026-09-05 17:40:01",372.0,2,asd1984
7930,16735966,kyone,"2026-08-18 08:09:32",371.9,1,xtraky
7931,16654947,"Ömer Hüseynov","2026-08-08 22:06:03",371.8,2,omarhuseynov
7932,16845314,ryvhii,"2026-09-17 01:27:37",371.7,2,ryvhii
7933,16848598,"Work 3","2026-09-12 09:26:57",371.7,2,nanisriram
7934,16769491,"Ivan Ternovskiy","2026-09-07 08:44:15",371.6,2,aristophanivan
7935,16660980,"João Marcelo Curi","2026-08-05 18:31:19",371.5,2,joomarcelocuri
7936,16771216,"Hugo Ponce","2026-08-25 17:54:30",371.4,2,hugoskn
7937,16733886,LuisMV8,"2026-09-18 16:52:32",371.4,2,luismv8
7938,16778127,Nimmokumar,"2026-09-11 13:37:45",371.4,1,nimmokumar
7939,16685625,"silvan ion","2026-08-08 13:05:39",371.4,2,john1one
7940,16705696,"TS Farmer","2026-08-13 11:22:09",371.3,2,"shivangkainth,tusharsekhri27"
7941,16633475,betagammashtrit,"2026-08-29 16:24:03",371.2,2,betagammashtrit
7942,16641606,"Tanisha Sahu","2026-08-02 14:39:27",369.9,2,tanisha3
7943,16634219,"Michael J Hammel","2026-08-01 11:37:10",369.7,2,michaeljhammel
7944,16654758,f--n,"2026-09-06 13:37:43",369.7,1,a17442473
7945,16691027,"Jelle Maas","2026-08-08 14:58:19",369.5,2,jellemaas
7946,16673167,Karam96,"2026-08-08 11:40:36",369.5,2,karam96
7947,16755029,"Jashan Bajwa","2026-08-22 12:56:30",369.5,2,jashanbajwa
7948,16731108,"Vipparla Nandini","2026-08-17 06:29:48",369.4,1,vipparlanandini
7949,16803129,hdttnk,"2026-09-02 14:13:00",369.4,2,hdttnk
7950,16639624,"Nishanth Rajan","2026-08-02 03:25:35",369.1,2,nishanthrajandev
7951,16716594,"U Anand Williams","2026-08-13 09:19:09",369.0,1,uanandwilliams
7952,16735593,"timur tytrin","2026-08-18 07:37:46",368.8,2,timurtiutrin
7953,16716322,zhaimh,"2026-08-14 02:43:21",368.6,2,zhaimh
7954,16629742,yun,"2026-08-15 09:10:21",368.4,2,yuyumarupython
7955,16662854,"NISCHAY SANJAY JIWANKAR 23115098","2026-08-13 05:38:18",368.1,2,nischay2908
7956,16879578,"kabir Merakeb","2026-09-15 01:01:53",368.0,2,kmerakeb
7957,16710417,"Aryant Jadhav","2026-08-15 18:57:18",368.0,2,aryantjadhav
7958,16656932,"Thivvin Raj","2026-08-13 03:53:35",367.8,2,thivvinraj
7959,16690077,"GOMATHI PRIYA","2026-08-13 06:38:45",367.7,2,gomathipriyaraj22
7960,16657056,"Jacob Ross Piedad","2026-08-06 12:15:14",367.6,1,jacobrosspiedad
7961,16894000,"Vivek Silimkhan","2026-09-15 11:11:29",367.6,2,viveksilimkhan
7962,16717447,zhiyue666,"2026-09-10 09:01:07",367.6,2,zhiyue666
7963,16668271,"Shashank Raj","2026-08-06 14:27:00",367.5,2,ssr6156
7964,16630007,"Yuankun Liu","2026-07-31 15:48:13",367.5,2,lyk1652
7965,16638343,"Phong Khoi","2026-08-04 12:20:52",367.4,2,phongkhoi
7966,16653105,James,"2026-08-17 16:52:18",366.8,2,jamesquirk
7967,16796468,suin7328,"2026-09-05 02:05:08",366.6,2,suin7328
7968,16844410,ナポレオン,"2026-09-07 15:46:40",366.6,2,naporeondesu
7969,16862308,"Furkan CAT","2026-09-10 15:07:24",366.5,2,furkancat
7970,16735751,"Hasan Taşkın","2026-08-24 19:36:02",366.3,2,hasantaskin
7971,16841549,"Ayush Kumar #4","2026-09-06 03:30:02",366.3,2,akyushumar
7972,16693147,"Oliver Curtis1","2026-08-09 14:51:57",366.2,2,olivercurtis1
7973,16778526,starkhushi,"2026-08-27 07:01:28",366.2,2,starkhushi
7974,16684677,"Sean Southwick","2026-08-27 14:45:32",366.0,2,seansouthwick
7975,16661390,"Raúl García Gómez","2026-08-04 17:04:39",365.9,2,corso138
7976,16905792,"Omar Tarek Fahmy","2026-09-16 10:59:04",365.8,1,omartarekfahmy
7977,16696800,"VEER GOMA","2026-08-14 15:42:47",365.8,2,novaxoxo
7978,16652422,Kite,"2026-08-17 16:26:55",365.7,1,kiteyinlong
7979,16690947,"Veiled Star","2026-08-10 13:36:49",365.6,2,veiledstar
7980,16770758,"Maor talker","2026-08-26 20:18:59",365.6,2,maortalker20
7981,16658011,"Arooba Hanif","2026-08-05 07:24:53",365.4,2,aroobahanif
7982,16777515,Abhimanyu21,"2026-08-27 13:33:38",365.2,2,abhimanyu21
7983,16656860,SamReiswig,"2026-09-02 04:04:09",365.2,1,sreiswig
7984,16780268,"SAI ESHWAR S","2026-08-29 06:26:11",365.2,1,saieshwars
7985,16782192,"Marcelo Correa","2026-09-18 10:26:15",365.1,2,mvcorrea
7986,16695592,"André Luiz Pedroso","2026-08-09 11:59:19",364.5,1,andreluizpedroso
7987,16673825,h_jun,"2026-08-10 06:21:12",364.3,1,lhjoon77
7988,16795163,"Nguyễn Đỉnh","2026-09-14 05:05:43",364.3,2,nguyendinh1507
7989,16656919,Sumaiya,"2026-09-09 18:09:44",364.2,2,ayeshasummaiyya
7990,16711383,"Monika Kocianova","2026-08-14 11:01:11",364.2,2,monikakocianova
7991,16763255,"I P Tharun Gowda","2026-09-16 17:24:11",363.9,2,iptharungowda
7992,16657883,jps,"2026-08-06 08:36:04",363.9,2,jahaziel
7993,16723273,"Bradley ZODOME","2026-08-19 07:06:18",363.9,2,bradleyzodome
7994,16696439,VaraPrabha,"2026-08-10 04:36:00",363.7,2,galiveetipoornima
7995,16709519,"p pxl16","2026-08-19 09:49:35",363.6,2,ppxl16
7996,16739702,"Vasantha Kumar552","2026-08-19 07:22:10",363.6,2,vasanthakumar552
7997,16786280,Shambhavi21,"2026-09-06 17:20:56",363.5,2,shambhavi21
7998,16821967,"Nakul Maurya","2026-09-17 15:44:33",363.4,2,nakulmaurya
7999,16679392,Dickie,"2026-08-09 09:05:10",363.4,2,dickieho
8000,16655257,"Afia Animah Fosu","2026-08-04 18:21:50",363.1,2,afiaanimahfosu
8001,16719869,"Swamy Gadila","2026-09-15 04:28:29",363.1,1,testfridaycore2
8002,16866482,"Sunday Ibidapo","2026-09-10 21:46:49",362.7,1,sundayibidapo
8003,16702742,"Kavyanshu Singh","2026-08-11 10:47:02",362.6,2,kavyanshusingh
8004,16659312,qwertyDmitry,"2026-08-05 13:44:24",362.5,2,qwertydmitry
8005,16667105,"Vikram Tiwari","2026-08-10 11:12:26",362.4,2,vikramtiwari
8006,16669176,"Karakam Sridevi","2026-08-11 07:44:48",362.4,2,karakamsridevi
8007,16896207,"Bùi Cao Trí","2026-09-15 16:17:43",362.3,1,bicaotr
8008,16628409,"yann sadowski","2026-07-31 09:39:25",362.2,1,yannsadowski
8009,16722757,"Sebastian Adamatzky","2026-08-14 19:10:23",362.2,2,sebastianadamatzky
8010,16732873,"Yash Rana","2026-08-18 04:57:04",362.1,2,yashrana24
8011,16735393,Dai_Research,"2026-08-18 10:40:17",361.9,2,dairesearch
8012,16880664,"Nodir Xamdamov","2026-09-15 10:37:08",361.7,2,nodirxamdamov
8013,16714166,"Naman Malik","2026-09-12 00:06:39",361.7,2,"adenijielijah,anapau11,marydata,namanmalik81714"
8014,16688364,"Om Raval08","2026-08-21 02:57:23",361.6,2,omraval08
8015,16685649,YUYUTA,"2026-08-09 05:39:50",361.6,2,yuyuta
8016,16629476,NOOBS,"2026-08-09 19:58:48",361.4,2,"patelkrishna8,sakshamranawade,shravanideshpande25"
8017,16668012,"Aleksander Iżemski","2026-08-05 20:52:54",361.4,2,aizemski
8018,16855459,"Shune Lae lae Khaing","2026-09-11 17:55:19",361.3,2,shunfloryn
8019,16632620,"[Deleted] d9d74cbb-c76e-4fbb-a4bf-35e25b48627d","2026-08-08 16:00:16",361.2,2,del=c21e6a8a03ad3b3c
8020,16668340,"Sibi Vishnu","2026-08-08 10:35:33",361.2,2,sibivi
8021,16666997,"Krishnamurthy Venkatasubramanian","2026-08-05 15:09:46",361.1,2,krishnamurthyvenkat
8022,16692710,"Baran Haydar","2026-08-12 06:56:50",360.9,2,baranhaydar
8023,16643278,"Giovani Moresco","2026-08-06 05:30:45",360.7,2,giovanimoresco
8024,16831170,"None #2","2026-09-05 04:16:51",360.4,2,mdmorshalinemojumder
8025,16728881,Ch.Manvita,"2026-08-16 16:33:52",360.4,2,chmanvita
8026,16683400,"wo zhe yi sheng ru lu bo bing","2026-08-10 16:53:48",360.3,2,"ivanlo103,panckck,waijai"
8027,16681397,"Vishal Dubey","2026-08-11 08:51:13",360.3,2,visha1dubey
8028,16717522,kyunyoung,"2026-08-14 07:16:00",360.1,2,kyunyoung
8029,16653001,"Alexey Kuleshov","2026-08-04 12:07:51",360.1,2,alexkulll
8030,16757236,"Erlanda Miko P","2026-08-23 07:02:01",359.7,2,snneva
8031,16625011,"Heng Yu","2026-08-18 06:30:56",359.7,1,megalobox1
8032,16656135,"JAYASURYA R","2026-08-05 15:43:01",359.6,2,suryar261
8033,16622809,"German Vdovin","2026-08-03 00:38:01",359.4,2,ertrerhtytmnbdsefdw
8034,16710564,"Clarice Harijanto","2026-08-14 04:28:13",359.4,2,clariceting
8035,16661157,Shenlai,"2026-09-17 14:02:50",359.2,2,shenlai
8036,16715988,"Hsyn Kskn","2026-09-03 12:08:15",359.2,2,hsynkskn
8037,16658817,"Andrew Glez","2026-08-04 12:10:17",359.0,1,andgos
8038,16641140,NITISH_GOYAL1,"2026-08-27 06:42:29",359.0,2,nitishgoyal1
8039,16688381,"Teresa Fitzgerald","2026-09-13 21:02:07",359.0,2,teresafitzgerald
8040,16654330,"Perumalla Pujitha","2026-08-12 18:09:24",358.9,2,perumallapoojitha
8041,16721529,"Danny De Bree","2026-08-20 09:46:36",358.9,1,dannydebree
8042,16682342,"Jebez Oswald","2026-08-10 05:38:15",358.8,2,jebezoswald
8043,16883375,"Sam Robin Singh E","2026-09-14 22:42:51",358.8,2,samrobinsinghe
8044,16740197,Winssk,"2026-08-27 01:55:06",358.7,2,winssk
8045,16701060,"Paula Jimenez","2026-08-22 16:18:37",358.2,2,paulajimenez
8046,16876354,A_Mose,"2026-09-12 08:57:15",358.2,2,mmameh
8047,16682108,"Shadow Monarch","2026-08-17 06:45:10",358.2,2,avinashk01
8048,16659260,hitesh,"2026-08-05 19:29:28",357.8,2,shahhs
8049,16711573,"Sushmitha Vasantha","2026-08-13 09:08:29",357.7,1,sushmithavasantha
8050,16717483,Caerno,"2026-09-18 20:16:01",357.6,1,caerno
8051,16689718,HumsAuraTech,"2026-08-21 17:11:42",357.6,2,humaima03
8052,16762021,Dhananjai1729,"2026-09-14 06:13:33",357.5,2,dhananjai1729
8053,16655919,"Tạ Minh Lễ","2026-08-04 06:46:45",357.5,2,tminhl
8054,16730191,rRTZZZ,"2026-08-17 02:43:14",356.9,2,rrtzzz
8055,16665460,"Shubham kumar jha","2026-08-23 07:36:36",356.9,2,shubhamjhakr
8056,16671519,"Mandhati Sai ganesh","2026-08-06 06:36:45",356.1,2,mandhatisaiganesh
8057,16732936,"Kateryna Dudko","2026-08-25 12:15:40",356.0,2,dudkiina
8058,16716497,xpxg,"2026-08-16 17:04:22",355.8,2,deepxchat
8059,16783322,kentaro,"2026-08-29 03:55:45",355.8,2,kentarokujo
8060,16661891,BALLEN1337,"2026-08-04 19:22:30",355.6,2,ballen1337
8061,16624102,Khadersha.sk,"2026-08-03 02:45:03",355.6,2,khadershask
8062,16718662,Safin,"2026-08-22 17:50:27",355.6,2,safinlynx
8063,16666590,"Hoàng Anh Tú","2026-08-12 23:59:58",355.5,2,anhtu9999
8064,16912574,好运连连,"2026-09-18 15:08:14",355.3,2,"jiangxinyuan616,xiaoranx"
8065,16624029,"Miguel Angel Rodriguez Fonseca","2026-08-07 03:55:38",355.2,2,miguelangelrodriguez
8066,16716649,"Meghana Busse","2026-08-13 09:33:08",355.1,1,meghanabusse
8067,16656732,"Shivam Kashyap","2026-08-04 05:28:03",355.1,1,shiyan0090
8068,16656480,"Dip Biswas","2026-08-07 04:35:56",354.9,2,dipjacobiswas
8069,16660397,Divyansh82Raj,"2026-08-04 15:01:28",354.6,2,divyansh82raj
8070,16851029,john01234,"2026-09-08 04:57:12",354.5,2,john01234
8071,16661002,"Eliyas sk","2026-09-02 12:32:51",354.5,2,eliyassk
8072,16687699,jegazhu,"2026-08-13 22:25:15",354.4,2,jegazhu
8073,16700360,"Thanush Soma","2026-08-10 09:49:02",354.4,2,thanushsoma
8074,16917267,"jean-thomas Dauchel","2026-09-18 21:41:23",354.3,1,jeanthomasdauchel
8075,16726381,"Adriana Redondo","2026-08-15 19:39:41",354.3,1,adrianaredondo
8076,16697694,"Adithya Thiruvalluvan","2026-08-29 17:28:42",353.9,1,forestfire7
8077,16654788,bumbum,"2026-08-14 12:59:51",353.7,2,krzysztoff1
8078,16662874,"Dev Shah","2026-08-08 01:52:52",353.4,2,imdevshah11
8079,16666218,"sugan Chandrasekar","2026-08-16 11:02:09",353.2,2,suganchandrasekar
8080,16659394,"יוסף בש","2026-08-09 15:11:23",353.1,2,josiii123212
8081,16646644,BeyondBirthday,"2026-08-09 06:39:01",353.1,2,near07
8082,16680015,"Khôi Trương","2026-08-10 01:11:55",353.0,1,kiykhoi
8083,16674725,"rajan jha","2026-08-13 12:05:42",352.9,2,rajan1673
8084,16668696,Fabian,"2026-09-03 15:52:06",352.8,1,fabiantoh98
8085,16661012,"Tesfahun Feleke","2026-09-18 23:37:57",352.8,2,tesfahunfeleke
8086,16762854,J8young,"2026-08-26 13:52:54",352.7,1,j8young
8087,16635130,Pongsaky,"2026-08-01 12:56:02",352.7,2,gantanch
8088,16676416,"Abhishek Mishra","2026-08-10 10:09:30",352.7,2,abhishekmishra23
8089,16896549,"Nived P A","2026-09-15 16:39:35",352.3,2,nivedpa
8090,16747403,"Kanchan Chavan","2026-09-12 17:46:56",352.2,2,momovedant
8091,16758426,"Attique Ansari","2026-08-22 11:50:42",352.2,2,attiqueansari
8092,16785821,"Naresh Meena","2026-08-28 21:24:31",352.1,1,nareshmeena12
8093,16801437,"Koh Saito","2026-09-05 06:01:20",351.7,1,kohsaito
8094,16661191,"Yudha Eka Saputra","2026-08-04 19:28:31",351.4,2,yudhaekasaputra
8095,16769110,tianlululing,"2026-08-26 13:09:45",351.0,2,tianlululing
8096,16655652,Emergence,"2026-08-10 03:21:04",351.0,2,daylighth
8097,16738563,"Amrutha H","2026-09-16 13:19:31",350.5,2,amr13utha
8098,16690775,"Prasanna Raut","2026-08-08 20:41:38",350.5,2,prasannaraut
8099,16795677,"Carol bright","2026-08-31 09:30:28",350.4,2,carolbright
8100,16723047,"Matheus Finger","2026-09-11 19:15:11",350.2,2,matheusfinger
8101,16656472,angusdddsa,"2026-08-04 06:04:22",350.1,2,angusdddsa
8102,16658319,"Huỳnh Nguyễn Trọng Tín","2026-08-06 06:23:40",350.1,2,tnhunhnguyntrng
8103,16677470,"Saish Walavalkar02","2026-08-09 12:44:51",349.9,2,"harichaudhari1,kaiserjayin,meetramjiyani,nirbhaygajabi30,saishwalavalkar02"
8104,16624235,appu2431,"2026-08-11 15:56:41",349.7,2,appu2431
8105,16657142,"Vishisht Gupta","2026-08-16 16:16:54",349.6,2,vishishtgupta
8106,16649794,"Wanzhu Zhao","2026-08-04 13:04:05",349.6,2,wanzhuzhaora
8107,16658733,luoqiuy,"2026-08-04 10:46:04",349.4,2,luo912
8108,16792188,anisotropies,"2026-09-12 05:25:04",349.2,2,achan31
8109,16659234,"MARY RAISA P","2026-08-27 07:06:43",349.1,2,"harinimala21,maryraisap,saha0102"
8110,16817520,shreyansh0103,"2026-09-15 09:18:38",348.9,2,shreyansh0103
8111,16692427,"Infy ","2026-08-09 20:48:09",348.8,2,infydes
8112,16709754,"Simon Preuss","2026-08-12 16:39:55",348.7,2,simonpreuss01
8113,16691667,jeremyllll,"2026-08-12 03:30:26",348.6,2,jeremyllll
8114,16714418,AdriMonFer,"2026-09-01 12:15:21",348.6,2,adrimonfer
8115,16735080,"SARTHAK PATIL","2026-09-02 19:23:03",348.4,2,sarthakpatil23
8116,16674394,"Ishant Mittal","2026-08-08 09:24:57",348.0,2,ishantmittal95
8117,16665980,cshara,"2026-08-06 08:41:16",348.0,2,cshara
8118,16752067,neuroxaker,"2026-08-22 14:50:32",347.9,2,neuroxaker
8119,16655250,"Juan Pablo Ponce","2026-08-08 03:34:18",347.8,2,juanpabloponce28
8120,16659410,TTH,"2026-08-07 08:21:16",347.4,2,tthungdz
8121,16652805,"Rodrigo Batista da Silva","2026-08-13 13:35:19",347.3,2,eurodrigobatista
8122,16663738,"Handre Bezuidenhout","2026-08-04 23:27:08",347.3,2,handrebezuidenhout
8123,16657658,"Esther Usman","2026-08-25 23:45:50",347.3,2,estherusman
8124,16660246,taqnik,"2026-08-08 11:54:39",347.2,2,taqnik
8125,16919106,Jocelyn--JY03,"2026-09-18 09:35:12",347.1,2,jocelynjy03
8126,16794431,"Yash Apps","2026-09-08 04:12:52",347.0,2,yashwanthgajji
8127,16762424,AuroraXXiiaa,"2026-09-10 15:57:10",347.0,2,auroraxxiiaa
8128,16741512,Offenders,"2026-08-30 15:08:39",346.8,2,"karthicchockalingams,shakil2411,shehnaaz01"
8129,16665996,AVATAR3905,"2026-08-06 18:14:01",346.7,2,avatar3905
8130,16711497,"Korvi sai kumar","2026-08-13 08:02:21",346.7,1,korvisaikumar
8131,16670988,"Pavle Skoric","2026-08-21 21:34:32",346.6,1,pavleskoric
8132,16662967,"Amalio Gomez","2026-08-04 22:07:16",346.5,1,amaliogomez
8133,16728261,"Smit Deshaval","2026-08-24 17:44:12",346.4,2,smitdeshaval11
8134,16765805,"sayyad karimun","2026-08-25 10:14:26",346.3,1,sayyadkarimun
8135,16666577,"Jatin khandelwal112","2026-08-05 11:26:41",346.2,2,jatinkhandelwal112
8136,16732296,"duong nguyen","2026-08-20 14:51:38",346.2,1,duongnguyen161
8137,16692906,CodeZee,"2026-08-09 19:50:49",346.1,2,codewithzaeem
8138,16731458,"Arthur Baygildin","2026-08-17 10:06:55",345.9,1,arthurbaygildin
8139,16876529,"Νικόλαος Μπριάκος","2026-09-17 09:06:24",345.8,2,bnikos
8140,16659688,Daniel,"2026-08-05 12:21:37",345.5,2,danielyazgi
8141,16716713,"T Vamsi Krishna","2026-08-13 09:37:43",345.4,1,vamsee3763
8142,16665907,"Jonathan Saina","2026-09-15 23:12:31",345.4,2,jonathansaina
8143,16677732,"Alessandro Mermali","2026-08-06 20:52:35",345.2,2,alessandromermali
8144,16921300,tamakawa,"2026-09-18 16:10:41",345.0,2,tantantama1192
8145,16784712,SIDDpat,"2026-08-30 08:13:50",344.6,2,siddpat
8146,16743604,KeswaniRohit,"2026-08-22 17:19:18",344.2,2,keswanirohit
8147,16623739,SarsaShen,"2026-08-05 07:12:00",344.1,2,sarsashen
8148,16721675,stork8i,"2026-08-14 13:16:26",343.7,1,stork8i
8149,16810051,Reddi_twelve,"2026-09-03 23:26:30",343.7,1,redditwelve
8150,16877927,"EFE ULKER","2026-09-12 00:13:05",343.6,2,efeulker
8151,16871894,sx2154,"2026-09-15 03:31:27",343.4,2,sx2154
8152,16672168,"Justin Rutkowski","2026-09-13 08:13:41",343.3,2,justinrutkowski
8153,16668471,Broomva,"2026-08-05 14:57:35",343.1,1,broomva
8154,16845081,"Sera Ria Gomes","2026-09-10 12:28:43",343.0,2,serariagomes
8155,16912620,"Mitul Khemani","2026-09-17 09:25:17",343.0,2,mitulkhemani
8156,16898498,"Prakash Bandi","2026-09-18 00:44:47",342.7,2,prakashbandi
8157,16673152,"Arijit Raj","2026-08-06 08:23:14",342.6,2,arijitraj02
8158,16770232,MinhTran2346,"2026-09-07 14:12:04",342.5,2,minhtran2346
8159,16665360,"Ayush Bhadauria","2026-08-19 11:11:51",342.5,2,ayushbhadauria50
8160,16660568,Fascetta,"2026-08-07 20:48:53",342.4,2,fascetta
8161,16768551,"AAYUSHMAAN SINHA","2026-08-25 02:43:00",342.3,2,aayushmaansinha
8162,16668453,"Kawish Hassan","2026-08-05 16:51:03",342.0,2,kawishhassan
8163,16672020,"Arum Puri ","2026-08-18 14:03:33",341.9,2,arumpuri
8164,16915613,MDM,"2026-09-17 16:03:54",341.8,2,themdm
8165,16690166,"Niteshwar Mishra","2026-08-08 10:02:22",341.8,2,niteshwarmishra
8166,16749568,"Nana Hung","2026-08-23 02:17:34",341.6,2,nanahung
8167,16759407,"Giovanni Colpani","2026-08-22 17:02:37",341.4,2,giovannicolpani
8168,16683075,"Manuel lasarte León","2026-09-04 10:27:02",340.8,2,manuellasarte
8169,16870360,"Tedi Septiana","2026-09-14 06:57:54",340.7,2,tediseptiana
8170,16656946,"Sambit Padhan","2026-08-05 10:10:10",340.5,2,sambitpadhan
8171,16797284,Alice7371,"2026-08-31 17:58:22",340.3,1,alice7371
8172,16682229,"mayuri sarangi","2026-08-29 14:03:36",340.3,2,mayurisarangi
8173,16715791,CustardApple47,"2026-09-06 11:34:26",340.3,2,custardapple47
8174,16657145,"Shudipto Trafder","2026-08-04 19:25:24",340.1,1,iamsdt
8175,16655729,"Arnab Mallick","2026-08-04 02:41:48",340.0,2,arnabmallick24
8176,16662856,"Pranjal Arya","2026-09-11 09:30:08",339.9,2,pranjalaryaa
8177,16909521,"Rabs Cats","2026-09-17 02:10:02",339.8,1,rabscats
8178,16713366,BANKAI,"2026-08-16 15:24:28",339.4,2,igors97
8179,16710906,Krunal.ix,"2026-08-12 07:06:58",339.0,1,krunalix
8180,16701902,"Matthew Souza Chong","2026-08-11 05:58:50",338.8,2,matthewsouzachong
8181,16738581,"mr moradi1","2026-08-18 14:31:26",338.7,1,mrmoradi1
8182,16729572,"Aswin Ramanathan","2026-08-17 16:17:38",338.4,1,aswinramanathan
8183,16666115,"Iam Intolerable","2026-08-06 07:48:28",337.9,2,iamintolerable
8184,16706276,MitulbhBhatia,"2026-08-18 04:02:38",337.7,2,mitulbhbhatia
8185,16639067,"ToMY F.","2026-08-11 11:34:31",337.6,1,tomyfdev
8186,16660099,Desireog71,"2026-08-08 15:01:19",337.5,2,desireog71
8187,16658897,"Teja Pattem","2026-08-07 10:42:44",337.3,2,tejapattem
8188,16694264,"Vansh Visariya","2026-08-10 09:00:11",337.3,2,vanshvisariya
8189,16654407,"Serendeep Rudraraju","2026-09-04 03:17:43",337.3,2,serendeeprudraraju
8190,16641294,YogeshG22,"2026-08-03 17:58:51",337.2,2,yogeshg22
8191,16676974,"Deveshwar U","2026-08-31 01:10:42",337.1,2,deveshwaru
8192,16741982,barry_Paddi,"2026-08-27 07:10:52",336.8,2,barrypaddi
8193,16654688,"Terrell Millz","2026-08-10 16:08:33",336.7,2,terrellmillz
8194,16709165,"Yooraj Gole","2026-08-13 18:10:17",336.7,1,yoorajgole
8195,16623405,nbarlow,"2026-08-12 20:01:08",336.7,2,nickbarlow
8196,16682632,Sebastiaan,"2026-08-27 18:24:40",336.4,2,sebastiaanreinders
8197,16859646,Andy2009,"2026-09-09 12:12:02",336.3,2,andy2009
8198,16677312,"Kavuri Sravya","2026-08-19 02:33:01",336.1,2,kavurisravya
8199,16894314,curious007hi9387983,"2026-09-17 07:41:07",336.0,1,curious007hi9387983
8200,16691936,"Adhar Chaudhari 07","2026-08-09 08:13:35",335.9,2,adharchaudhari07
8201,16662428,"Sonu kumar","2026-08-24 05:18:49",335.9,2,sonukumar9142
8202,16783863,"Vivek Vardhan Reddy","2026-08-31 06:14:34",335.3,2,vivekvardhanreddy77
8203,16754141,SicilyTing,"2026-09-08 14:53:25",335.2,2,sicilyting
8204,16661351,"Adekojo Adeyemi","2026-08-04 15:25:52",335.2,1,adekojoadeyemi
8205,16690098,"Akshay Kashyap","2026-08-10 17:10:28",334.9,2,akshaykashyapakku
8206,16624990,"Tanjim Ahmed Kingshu","2026-08-02 07:05:52",334.9,2,tanjimahmedkingshu
8207,16844246,"CS Abhinay","2026-09-17 08:56:32",334.8,2,csabhinay
8208,16712257,Banarto,"2026-08-13 07:49:16",334.5,1,banarto
8209,16635243,MlMlDev34,"2026-08-01 11:26:52",334.3,2,mlmldev34
8210,16666171,"JD Crew","2026-08-06 12:52:58",334.1,2,"abhijnanpodder,ahsafabid"
8211,16659523,"Ahmad Khidir","2026-08-27 22:33:31",334.0,1,ahmadkhidir
8212,16858795,"Радик Владимирович Хорошев","2026-09-10 07:59:02",334.0,2,rodionkh
8213,16913989,Sanatan21,"2026-09-18 11:41:17",333.8,2,sanatan21
8214,16686716,"menna hassanM","2026-08-28 21:49:51",333.8,2,mennahassanm
8215,16770039,"Yevhen Tsyba","2026-09-18 21:27:46",333.6,1,yevtsy
8216,16854519,nmw,"2026-09-09 15:23:56",333.2,2,rubikkaggle
8217,16866140,Mantis,"2026-09-11 04:49:40",333.1,2,orchidmantis
8218,16658450,"Krish Singh","2026-08-05 16:11:00",333.0,2,krishsingh2283
8219,16670812,"Brian Toman","2026-08-09 15:56:22",332.9,2,briantoman
8220,16777607,"je nap","2026-08-30 01:56:28",332.8,2,johnenapoles
8221,16865101,"Hanlinh ","2026-09-11 03:58:09",332.6,2,hanlinh227
8222,16686332,毛治钦,"2026-09-01 05:05:37",332.6,2,maozhiqinf
8223,16658452,Hillclimber,"2026-09-13 01:50:22",332.5,2,driessmit1
8224,16659533,"Pavan Desai","2026-08-10 16:29:20",332.5,2,pavancdesai
8225,16690183,ankit8924praj,"2026-08-14 15:43:56",332.4,2,ankit8924praj
8226,16681177,"Ivan Kevin Garcia Hernandez","2026-08-17 19:25:34",332.0,2,jedilgh
8227,16660341,"Nefise Aybar","2026-08-04 12:37:29",332.0,2,nefiseaybar
8228,16661212,AnkitRaj4004,"2026-08-23 13:17:37",331.8,2,ankitraj4004
8229,16802128,"vaman soni","2026-09-02 10:08:49",331.6,1,vamansoni
8230,16655811,"Duy Trần","2026-08-04 08:23:27",331.5,1,duyqtrn
8231,16660996,"Thịnh Nguyễn Chí Tiến","2026-08-08 01:49:40",331.4,2,thnhnguynchtin
8232,16670881,"Amir Y. Sajjadi","2026-08-05 23:56:26",331.4,1,amirysajjadi
8233,16665252,"Harsh Katara","2026-08-05 06:51:14",331.3,1,harshkatara
8234,16683136,"Stefano Ciaci","2026-08-16 14:47:29",331.3,2,stefanovcciaci
8235,16658320,"Justin Eight","2026-08-27 07:29:52",331.3,2,justineight
8236,16713319,"David Tilman","2026-08-12 18:56:13",330.9,2,davidtilman
8237,16661551,SimonAx,"2026-08-10 09:41:59",330.9,2,simonaxel
8238,16778327,WangYingChen,"2026-08-28 03:11:28",330.8,1,wangyingchen
8239,16868034,"Vivek Teja","2026-09-14 19:25:09",330.5,1,vivektejaraju
8240,16660436,turkenm,"2026-08-06 13:03:36",330.3,2,turkenm
8241,16765997,"Diya Sharma","2026-09-13 18:08:07",330.2,2,diyasharmanexa
8242,16672138,mostafa69ca,"2026-08-06 05:03:43",330.0,1,mostafa69ca
8243,16666056,"sarthak gupta1303","2026-08-05 11:01:04",329.9,2,"sarthakgupta1303,sathviktummalapenta"
8244,16661690,codefusiondu,"2026-08-06 04:53:25",329.8,2,codefusiondu
8245,16636643,"Babul Kumar","2026-08-02 07:46:50",329.5,2,babulkumar07
8246,16715576,bhavnachavda21,"2026-09-18 04:14:55",329.4,2,bhavnachavda21
8247,16698739,"Sahrul Adicandra","2026-08-11 04:06:08",329.3,2,sahruladicandra
8248,16665661,Ikhbar,"2026-08-05 09:50:57",328.2,2,ikhbar
8249,16767037,"Yubraj Sigdel","2026-08-24 15:45:56",328.2,1,yubraj11
8250,16867163,"Harikesh Shukla","2026-09-14 05:04:51",328.0,2,harikeshshukla
8251,16655446,"Ismael Omar Leonidas Hurtado Vargas","2026-08-04 00:07:01",327.7,1,ihurtadov
8252,16823229,aper,"2026-09-05 08:42:58",327.5,2,todaya
8253,16740263,"Scott Weeden","2026-09-18 08:06:39",327.3,2,scottweeden
8254,16660369,"Dev MCP","2026-08-04 12:59:09",327.3,1,nishant2905
8255,16725769,NikunjMakhija_,"2026-08-19 13:01:57",327.3,2,nikunjmak
8256,16670600,"Leon Lum","2026-08-20 14:58:27",326.9,2,leonlum
8257,16774954,Ye_xz233,"2026-08-26 15:35:23",326.5,2,yexz233
8258,16763916,"Mohamed Nchourupouo","2026-08-24 09:28:47",326.4,2,mohamednchourupouo
8259,16724976,Soham,"2026-08-18 11:28:07",326.2,2,soham308
8260,16633737,nrg,"2026-08-04 20:19:50",326.2,1,nargizaskarbekkyzy
8261,16682454," Vandanaa R","2026-09-02 09:48:24",326.0,2,vandanaar
8262,16657729,"Kandregula V S S V P Krishna Murthy","2026-08-08 15:29:35",326.0,2,kkandregula
8263,16692084,"Kaggri Farmers","2026-08-29 19:47:29",325.9,2,"jayant99acharya,satvikkolluru"
8264,16791680,"Surja Sarker","2026-09-04 12:12:24",325.9,2,surjasarker
8265,16652970,"Abhay sarkar","2026-08-05 14:40:05",325.9,1,abhaysarkarai
8266,16850246,"Makarand Gokhale","2026-09-14 12:20:03",325.7,2,makarandgokhale
8267,16683178,soulasin,"2026-08-07 14:32:26",325.4,2,soulasin
8268,16628296,NoxMetenis,"2026-08-15 17:54:03",325.4,1,avasgaire
8269,16663351,MiguelS,"2026-08-07 15:25:29",324.9,2,lordm758
8270,16669725,chosunghwan,"2026-08-06 03:52:24",324.5,1,chosunghwan
8271,16895317,MrUserm,"2026-09-18 18:38:15",324.2,2,mruserm
8272,16716476,lnssan,"2026-08-20 13:05:18",324.1,2,lukanilssandmayr
8273,16838645,"Deepak #2","2026-09-06 10:20:54",324.1,2,deepakup85
8274,16660658,Shlok_Sharma0001,"2026-08-19 09:31:48",324.0,2,shloksharma0001
8275,16728571,hasibirok0,"2026-09-06 01:16:24",324.0,2,hasibirok0
8276,16792780,"Sreekar Reddy","2026-09-01 15:33:38",323.9,2,eshured
8277,16719709,Rishiii360,"2026-08-18 03:46:23",323.5,2,rishiii360
8278,16689841,Pavani2325,"2026-08-08 10:00:56",323.4,2,pavani2325
8279,16666353,"Pal Savani","2026-09-14 19:01:01",323.2,2,palsavani
8280,16661068,ZeViX,"2026-09-08 06:29:42",323.1,2,"codinggeek101,vedantkhete"
8281,16664469,"Thorlapati Nikhil","2026-08-11 19:11:09",323.0,2,thorlapatinikhil
8282,16624553,"Abiram Bharathi S.A","2026-09-08 11:40:32",323.0,2,abirambharathisa
8283,16681801,majj,"2026-08-11 03:07:46",321.9,2,m313786372
8284,16662659,"Chiziterem Eze","2026-08-11 12:20:48",321.8,2,chiziteremeze
8285,16667033,"Geethika Sandireddy","2026-08-15 07:04:31",321.6,2,geethikasandireddy
8286,16690055,"Prem Kumar","2026-09-02 05:56:28",321.2,2,premkumar099
8287,16794729,Copperford,"2026-09-08 00:41:27",321.2,2,copperford
8288,16688859,"Muhammad Fayaz Khan","2026-08-08 06:36:02",321.2,2,mfayazkhan
8289,16698591,FestusKipkoech,"2026-08-28 18:58:28",321.2,2,festuskipkoech
8290,16740191,"Arjun Dhillon","2026-08-19 15:15:57",321.1,2,arjundhillon07
8291,16675048,Wizard_King,"2026-08-06 19:35:41",320.9,2,anshumanrayy
8292,16696061,Mingyuan2002,"2026-08-28 17:15:00",320.9,2,mingyuan2002
8293,16667406,"Abdulrahman AlAsali","2026-08-05 13:20:41",320.5,1,abdulrahmanalasali
8294,16706181,"Juvenal Pedro Baptista","2026-08-16 14:58:40",320.1,2,juvenalpedrobaptista
8295,16660992,"Vishnu Vardhan Dumpala","2026-08-05 18:17:30",320.1,1,vishnuvardhandumpala
8296,16700876,"Oyegoke Emmanuel","2026-09-04 11:32:28",319.8,2,oyegokeemmanuel
8297,16751311,JoangHZ,"2026-08-21 09:18:57",319.7,2,joanghz
8298,16662495,Earth,"2026-08-15 10:54:03",319.6,2,earthearth
8299,16666639,"Dheeraj Pranav","2026-08-24 19:38:42",319.5,1,dheerajpranav
8300,16678653,Wzjj98,"2026-08-06 19:31:39",319.4,1,wzjj98
8301,16769212,"jason vetter","2026-08-25 05:48:22",318.5,1,jasonvetter
8302,16658391,"Jack #2","2026-09-15 16:46:57",318.2,2,jack1233
8303,16659415,PincheCabrón,"2026-08-17 17:34:01",317.9,2,pinchecabrn
8304,16859269,BAILW,"2026-09-09 13:47:08",317.9,1,baimatubama
8305,16858496,"Aziz Alqwm","2026-09-18 04:07:38",317.7,2,azizalqwm
8306,16693821,"DARSHAN A","2026-08-11 18:02:26",317.5,2,ad12345kag
8307,16668166,Pikachu,"2026-08-05 14:52:15",317.5,2,"arpankumarsinha,phantomboy69,subhojitpaul2006"
8308,16662403,"ulaş özen","2026-08-05 19:49:16",317.4,2,ulazen
8309,16705294,"zhenf Liu","2026-08-11 07:51:06",317.3,2,zhenfliu
8310,16672689,"Yusuf Yemez","2026-08-06 06:51:07",317.0,1,yusufyemez
8311,16655621,xia0910,"2026-08-08 11:03:21",317.0,2,xia0910
8312,16700187,"adrian purnama","2026-08-10 10:50:45",316.9,1,adrianpurnama
8313,16664718,Vedika_,"2026-08-11 18:28:09",316.9,1,lighjt
8314,16721849,ayushai8714,"2026-08-28 09:36:41",316.9,2,ayushai8714
8315,16694673,"B T Chinmayi","2026-08-27 19:47:10",316.8,2,btchinmayi
8316,16727044,"Kai Leisten","2026-08-16 10:19:42",316.8,2,kaileisten
8317,16730679,"Hoàng Trọng Hiếu","2026-09-13 08:32:32",316.8,2,hongtrnghiu
8318,16758856,"Ali Zaib","2026-08-27 20:12:02",316.7,2,alizaib001
8319,16675218,데미안과마루,"2026-08-18 14:16:13",316.5,2,siver3
8320,16807668,kilariHemalatha,"2026-09-05 04:33:19",316.3,1,kilarihemalatha
8321,16628190,Horizonx30,"2026-08-09 18:06:56",315.7,2,horizonx30
8322,16686700,"Hakkı selim Ak","2026-08-07 17:06:03",315.7,1,hakkselimak
8323,16839939,Lemonabc,"2026-09-05 12:56:42",315.5,1,lemonabc
8324,16764868,y129besan,"2026-09-05 23:47:35",315.0,2,y129besan
8325,16659696,"Lakshyaraj Singh Rathore","2026-09-05 18:47:32",314.8,2,lakshyarajrtm
8326,16681638,aadi_065_,"2026-09-14 05:38:37",314.5,2,aadi065
8327,16656351,"Triet Ho","2026-08-07 07:27:33",314.5,2,trietho247
8328,16723487,RoboDavo,"2026-08-19 00:36:17",314.5,2,robertdavidson1911
8329,16682345,Gordy,"2026-08-31 07:39:13",314.2,2,gordyii
8330,16720606,Williamtime,"2026-08-17 03:11:34",314.2,2,williamtime
8331,16689923,Dhinesh,"2026-08-09 08:39:37",314.2,2,dhineshwarrs
8332,16666033,"Shota Takano","2026-09-12 23:15:51",314.2,2,shotatakano
8333,16757557,BitxWolf,"2026-08-22 19:06:48",314.1,2,bitxwolf
8334,16690514,"Aditya #3","2026-08-09 06:29:48",313.9,1,a0x1ab
8335,16838913,LunaT2,"2026-09-05 09:10:21",313.6,1,lunat2
8336,16774471,"Seymour Schmidt","2026-09-16 10:56:11",313.5,2,angrybread
8337,16660308,zhangzhenman,"2026-08-25 06:14:26",313.4,1,zhangzhenman
8338,16658725,"syed jawad","2026-08-17 08:49:32",313.4,1,syedjawad663
8339,16682559,"Punit Pritam Mohanty","2026-08-11 06:21:03",313.4,2,punitpritammohanty
8340,16723046,"Pedro Joás","2026-09-11 14:59:09",313.4,2,pedrojos
8341,16691813,Hyezir4,"2026-08-10 08:36:47",313.3,2,hyezir4
8342,16843393,"Rizki Syawaldi","2026-09-06 15:42:28",313.1,1,rizkisyawaldi
8343,16716592,"Poma Mikhail","2026-09-10 09:08:04",313.1,2,ambisinistra
8344,16757233,"Tet Toe Wai","2026-08-24 07:51:45",312.9,1,tettoewai
8345,16653903,Manav2805,"2026-08-04 09:25:08",312.7,2,manav2805
8346,16721533,"Lakshya Sharma","2026-08-16 06:01:34",312.5,2,lakshyasharma007
8347,16711348,ticoraph,"2026-08-21 18:55:56",312.5,2,ticoraph
8348,16654348,rkeshwani,"2026-08-07 16:17:49",312.4,2,rkeshwani
8349,16632558,RUI,"2026-09-18 11:34:17",312.4,2,zaiwubian
8350,16690163,"Abhay Upadhyay","2026-08-08 18:05:54",312.3,2,abhay18s
8351,16666719,helenkwok,"2026-09-12 06:53:13",312.1,2,helenkwok
8352,16791786,BladeOffline,"2026-08-30 03:42:42",311.9,1,bladeoffline
8353,16746121,Nononoi,"2026-08-21 07:18:02",311.8,1,nononoi
8354,16855181,Komal_Rani,"2026-09-08 16:39:15",311.8,2,komalvinayak
8355,16687403,"Raja Sai Vardhan","2026-08-09 08:19:22",311.7,2,rajasaivardhan
8356,16785111,"JEFFREY KIRUBA J ","2026-08-28 18:07:41",311.5,1,jeffreykirubaj
8357,16784538,"mou1234568 fdsfds","2026-08-28 18:05:29",311.5,2,mou1234568fdsfds
8358,16728465,"Abdurrahman Assegaf","2026-08-16 12:13:15",311.2,2,amanshop
8359,16684308,Itsside_jay,"2026-08-07 11:46:48",311.1,1,itssidejay
8360,16662491,Rudra070311,"2026-08-11 17:06:39",310.8,2,rudra070311
8361,16682262,"Pardeep Singh","2026-09-01 11:01:27",310.7,2,pardeep06
8362,16729246,"Ayodeji Akinola","2026-08-29 19:45:30",310.5,2,ayodejiakinola
8363,16778585,Deepa,"2026-09-11 11:13:56",310.1,2,deepa42639
8364,16641866,"Prem Gandhi","2026-08-06 19:48:18",310.0,2,gprem352
8365,16757689,YanXiaohan666,"2026-09-14 03:29:51",309.8,2,yanxiaohan666
8366,16734670,Sparsh,"2026-08-22 01:48:51",309.5,2,sparshsinha24
8367,16659975,"Rahul Sain","2026-08-05 18:54:58",309.4,2,rahulsain2001
8368,16702052,"Beny Pratama Putra","2026-08-12 16:18:20",309.1,2,benypratamaputra
8369,16633330,"danielle Ange","2026-08-12 16:26:03",308.9,2,danielleange
8370,16728948,L3MG,"2026-08-16 21:17:06",308.7,2,lemgyy
8371,16684223,"Aayush Shah","2026-08-13 17:57:28",308.4,2,aayushshah265
8372,16795802,Kk,"2026-09-09 08:50:14",308.0,1,cudamax
8373,16747086,Karma_350234,"2026-08-20 09:56:52",307.7,1,karma350234
8374,16659865,Rithikaaaaah,"2026-08-17 07:09:08",307.4,2,rithikaaaah
8375,16690882,"Meet P. Shah","2026-09-05 04:32:03",307.2,2,meet47
8376,16669535,sakshitantak,"2026-08-08 05:16:32",306.8,2,sakshitantak
8377,16623730,"Ethan Higgins","2026-07-31 02:25:21",306.6,2,ethanhigginz
8378,16725135,"clement cg","2026-08-19 07:54:00",306.5,2,clementcg
8379,16732315,"Filip Chladek","2026-08-17 13:37:38",306.3,2,filipchladek
8380,16800468,Vaishnavi,"2026-09-01 11:13:30",306.3,1,vaishnavisri09
8381,16732280,"Akarsh kumar shukla","2026-08-18 20:38:35",306.2,1,akarshkumarshukla
8382,16664147,JordanM10,"2026-08-05 19:54:08",306.1,1,jordanm10
8383,16654430,"Rishoban Y","2026-08-07 13:46:37",306.0,1,rishoban
8384,16868524,"Chutayu Adhittayawong","2026-09-11 03:30:13",305.9,2,arteezy009
8385,16661639,"Jayanth Kumar D","2026-08-06 13:36:46",305.6,2,jayanthkumard
8386,16713082,"Siyam Molla","2026-09-06 08:06:43",305.4,2,siyammolla
8387,16621557,"Vijay Krishna Lanka","2026-08-26 01:20:53",305.4,2,vijaykrishnalanka
8388,16839430,EliaSav,"2026-09-06 15:33:34",305.4,2,eliasav
8389,16766823,suikkee,"2026-09-02 05:05:50",305.4,1,suikkee
8390,16755632,"Adarsh Yadav","2026-08-21 16:34:37",305.3,1,adarsh12yadav
8391,16631989,"VIDIT SHRIMALI","2026-07-31 17:13:46",304.2,1,viditshrimali
8392,16691354,"Vedika Gupta","2026-08-08 14:20:25",304.1,1,vedikagupta0
8393,16811407,"Souta Wakatsuki","2026-09-15 19:51:30",304.1,2,souwaka
8394,16668464,Mauro,"2026-08-05 15:57:27",304.0,2,ilmaurino
8395,16646076,"Ajeet Krishnasamy","2026-08-04 19:52:27",303.7,2,ajeetkrish
8396,16653054,Khongor2424,"2026-08-03 15:32:17",303.7,2,khongorkikaik21
8397,16785050,"MITHIL J URK26CS7067","2026-08-28 18:29:14",303.5,1,mithiljurk26cs7067
8398,16789486,TanjiahaoXX,"2026-08-29 07:47:37",302.9,1,tanjiahaoxx
8399,16661955,Bingos,"2026-08-05 11:43:07",302.9,2,bingos
8400,16882973,"Omar Tarek Abdelkader Ahmed El Belbeisy","2026-09-12 22:59:07",302.8,2,patmux
8401,16655315,SL,"2026-08-13 01:50:18",302.7,2,xndr007
8402,16777489,"Yousef Elbaz","2026-08-27 11:18:54",302.6,1,yousefelbaz
8403,16671959,"Sintu Verma","2026-08-09 05:44:56",302.2,2,sintuverma
8404,16672670,RonTroy,"2026-08-13 04:46:15",302.1,2,rontroy
8405,16664199,SomyaSingh_07,"2026-09-17 15:37:54",302.1,2,somyasingh07
8406,16707118,"DEVEN BAGADE","2026-08-11 11:24:10",301.6,2,devenbagade
8407,16726021,"The Farm Game","2026-09-02 13:23:00",301.6,2,"tacostew,thomasbower6"
8408,16665758,"Oladipo Bashir","2026-08-31 10:23:51",301.3,1,oladipobashir
8409,16847927,"Laiba Hameed","2026-09-12 09:00:51",301.2,2,laibahameed08
8410,16678521,"Arina Nevolina","2026-08-06 20:31:22",301.2,1,nevolinaa
8411,16879958,Sash.a,"2026-09-12 18:09:09",300.9,1,smashaza
8412,16845556,"li Insomenia","2026-09-07 04:07:10",300.6,2,liinsomenia
8413,16761681,"Ming Myung","2026-08-24 05:12:56",299.4,2,vanhaminhquan
8414,16659453,"Ishwar Rathod","2026-08-06 03:29:27",299.1,2,ishwarrathodofficial
8415,16656506,"Piyush Harde","2026-08-04 12:54:26",299.0,2,piyushharde
8416,16652899,Isha,"2026-08-22 05:51:50",299.0,2,aarohi20
8417,16882689,Soodari,"2026-09-12 21:56:31",298.9,2,soodari
8418,16623161,"Charles Kalaba","2026-08-08 13:06:02",298.5,2,charleskalaba
8419,16664218,"Nguyen Vu Tue Khang","2026-08-24 03:32:10",298.5,2,nguyenvutuekhang
8420,16650070,"jakub slavíček","2026-08-04 12:58:40",297.9,2,jakubslavicek
8421,16668559,Goups,"2026-08-22 09:11:46",297.8,2,hervrenard
8422,16773545,faithk7u,"2026-08-31 21:57:43",297.5,2,faithk7u
8423,16818690,"Arionchen TitanTeam","2026-09-04 08:52:16",297.3,2,arionchentitanteam
8424,16655875,PLLZ,"2026-08-17 01:11:41",297.3,2,pllzzz
8425,16784225,sulala,"2026-08-29 08:51:26",297.2,2,sulala
8426,16664072,"victor aguilera","2026-09-16 13:04:15",297.0,2,viaguilera
8427,16893490,"Thales Galuchi","2026-09-18 01:25:28",297.0,2,thalesgaluchi
8428,16683421,"Ruchita Yadav","2026-08-13 18:09:54",296.8,2,ruchitayadav20
8429,16690187,"Amrita Singh","2026-08-08 10:34:51",296.3,2,amrita004
8430,16659060,Pratham3gewg,"2026-08-06 18:26:51",296.1,2,pratham3gewg
8431,16633982,Nikunj1375,"2026-08-07 08:40:29",296.0,2,nikunj1375
8432,16784605,"Iniyan M D R","2026-08-28 13:53:22",295.8,1,iniyanmdr
8433,16657891,"Joshua Kinnah","2026-08-07 23:00:45",295.7,2,joshuakinnah
8434,16657159,"Amey Malpurkar","2026-08-11 07:35:27",295.6,2,"ameymalpurkar,siddheshsadarao"
8435,16661290,"Kelian Esteve","2026-08-04 14:33:13",295.0,1,kelianesteve
8436,16858604,"Ye Naing","2026-09-10 02:42:59",295.0,2,yenaing
8437,16637025,kodalien,"2026-08-10 15:21:00",294.7,2,kodalien
8438,16673753,hmmmSure,"2026-09-15 18:13:47",294.4,2,gerardnitt
8439,16707092,"Asharani Sahu","2026-08-11 11:19:08",294.0,1,asharanisahu
8440,16660543,"BUTUH DUIT","2026-08-06 07:39:16",293.7,2,abulkahfi
8441,16659493,"Ori Glisko","2026-08-09 14:27:44",293.4,2,origlisko
8442,16796258,"Lanzhi Jiao","2026-09-03 08:31:13",293.3,1,lanzhijiao
8443,16682623,"Aditya Paul","2026-08-14 12:44:45",293.0,2,adityapaul634
8444,16662913,"IYAMPAYE ribert","2026-08-04 19:01:38",292.7,1,iyampayeribert
8445,16658676,"Abdul Roheem Abdul Warith","2026-08-04 18:59:04",292.6,1,albasoliyy
8446,16830884,"Khalil hafni","2026-09-14 23:51:56",292.5,1,hafnix
8447,16663600,"Adrián Flores","2026-08-05 00:38:36",292.5,2,foward2892
8448,16671566,renmin517,"2026-08-17 07:31:19",292.4,2,renmin517
8449,16652276,Phare111,"2026-08-04 15:09:55",292.3,1,phare111
8450,16662054,"phantom of shubh","2026-08-11 07:54:46",292.2,1,shubhamkumar123490
8451,16761731,"James Hu","2026-08-23 17:50:28",291.5,1,cnjameshu
8452,16685996,"Universal Entropy","2026-08-07 16:22:28",291.4,1,fennerjw
8453,16736202,杨雨灿,"2026-09-08 00:51:59",291.3,2,yucanyang
8454,16676084,"Abir Majdi","2026-08-24 00:24:35",291.0,2,abirmajdi
8455,16765570,"Akhand Soni","2026-08-24 12:47:42",291.0,1,akhandsoni
8456,16659581,"isah ridwan","2026-08-07 09:02:00",290.8,2,isahridwan
8457,16844194,小林周人,"2026-09-17 14:57:34",290.7,2,kobashu
8458,16748712,"Amit Kumar Gupta","2026-08-21 13:33:00",290.4,2,eramitg
8459,16882182,":T Eh?","2026-09-13 09:16:32",290.1,1,goulustis
8460,16660473,"Owen M Kelley","2026-08-10 00:53:11",290.1,2,owenmkelley
8461,16849173,"Sarvajith Adyanthaya","2026-09-07 16:51:17",290.0,1,sarvajithadyanthaya
8462,16665114,"Francesco Benincasa","2026-08-05 09:56:52",289.9,2,francescobenincasa
8463,16656881,"Eugene Nyondo","2026-08-30 22:33:50",289.8,2,eugenenyondo
8464,16661879,"Pham Truc","2026-08-07 07:21:46",289.1,1,genti1206
8465,16805109,"иван астахов","2026-09-10 21:30:35",288.7,2,iastakhov
8466,16676302,Arnav,"2026-08-08 06:10:01",288.7,2,arnav03101
8467,16652397,"Aniket Kumar","2026-08-06 13:29:50",288.7,2,kalkiavatar3
8468,16634769,Fivingone,"2026-08-03 03:47:43",288.5,2,fivingone
8469,16629403,Galza98,"2026-07-31 10:09:02",288.1,1,galza98
8470,16895472,codeWS,"2026-09-16 11:40:02",288.0,1,codews
8471,16667042,"Adarsh Mukundan","2026-08-07 17:12:28",287.9,1,aadarshmukundan
8472,16643303,sigireddyBalasai,"2026-09-12 11:40:23",287.7,2,sigireddybalasai
8473,16809426,"The Nafl","2026-09-10 11:20:55",287.4,2,nafalrust
8474,16682422,"SABBIR HOSSAIN 2029","2026-08-16 14:23:24",287.1,2,sabbirhossain2029
8475,16624246,"xu j1ayang","2026-08-11 05:12:47",287.1,2,xuj1ayang
8476,16660529,Imaanga,"2026-08-10 11:41:21",287.1,2,imaangababy
8477,16762084,"Krishna Lokhande","2026-08-23 14:08:48",287.0,1,krishnalokhande8080
8478,16853894,"Ilya Usmanov","2026-09-18 10:40:08",286.6,2,ilyausmanov
8479,16654253,"Gaius K Biju","2026-08-03 18:51:18",286.6,2,gaiuskbiju
8480,16683970,"Zakhar Homyakov","2026-08-07 11:14:41",286.4,2,zakharhomyakov
8481,16683284,"Haha Farming","2026-08-07 14:38:04",286.2,1,"akshitharamesh,harinir1423"
8482,16668333,VishalVivek,"2026-08-07 09:46:17",286.2,1,vishal14332
8483,16713204,Mohamedg,"2026-08-24 23:15:06",285.7,2,mohamedgcroesus
8484,16740795,Yanshaoo2026,"2026-08-19 08:40:17",285.4,1,yanshaoo2026
8485,16712086,"Zubair Shafi","2026-08-16 23:23:04",285.3,2,zubairshafi5050
8486,16840506,"Jayanth Earla","2026-09-10 16:46:21",285.3,2,jayanthearla
8487,16753817,Karmers,"2026-09-04 14:46:31",285.2,2,"prasenjittadake,swapnilpatil2737"
8488,16730653,"Daham Dissanayake","2026-08-21 03:17:15",285.1,1,"dahamdissanayake,dinuginimnara"
8489,16658990,"Muhammad Burhan SE-45-02","2026-08-07 04:26:18",284.9,2,muhammadburhanse4502
8490,16677034,gollapallysaikiraan2,"2026-09-18 21:45:24",284.9,2,gollapallysaikiraan2
8491,16698562,Kyoko004,"2026-08-11 04:38:18",284.9,1,kyoko004
8492,16865663,GauravPramodJain,"2026-09-10 09:44:04",284.8,1,gauravpramodjain
8493,16661213,"Daniel Siersleben","2026-08-05 12:53:41",284.8,1,danielsiersleben
8494,16687151,harshi101,"2026-08-08 06:32:37",284.5,2,harshi101
8495,16698920,"Rishabh Bhartiya","2026-08-12 13:48:26",284.2,2,rishabhbhartiya
8496,16655734,dworld,"2026-08-05 04:13:18",283.8,2,jagdishhalde
8497,16707179,"Achintya Rai","2026-08-12 11:15:16",283.7,2,achintyarai
8498,16675037,"Stanislav Pashkov","2026-08-08 20:50:16",283.3,2,stanislavpashkov
8499,16658357,heetmehta18,"2026-08-07 13:30:40",283.0,2,heetmehta0000
8500,16665243,"Harshit Jha","2026-08-05 13:40:16",283.0,2,harshitjha28
8501,16772388,XiaozhenWu2002,"2026-08-29 16:21:55",282.7,2,xiaozhenwu2002
8502,16686789,Hay-gent,"2026-09-07 05:37:52",282.7,2,"alagusuriyas,gayathrisrimai"
8503,16794647,"Michael Cahill","2026-09-01 07:46:28",282.5,2,michael1232
8504,16920837,"Borys Koza","2026-09-18 13:00:28",282.4,1,boryskoza
8505,16707228,"Milind Bansal","2026-08-11 11:45:00",282.1,1,milindbansal18
8506,16659387,dharssshiniii,"2026-08-04 09:48:15",281.5,1,dharssshiniii
8507,16651668,Haiku,"2026-08-05 06:28:54",281.5,2,yangjiefu
8508,16658941,Matts6591,"2026-08-17 07:59:36",279.9,1,mathwithmatt
8509,16667700,"Omar Mohammad","2026-08-05 15:52:54",279.8,2,omarmohammadw
8510,16689926,"Yongxiang Zhao #2","2026-08-12 03:33:27",279.8,2,yongxiangzhao
8511,16746682,"julio cesar valencia","2026-09-09 20:37:35",279.6,1,juliocesarvalencia
8512,16748410,Lemons,"2026-08-21 19:44:07",279.5,1,takahiromatoba
8513,16669576,"zarnab waheed","2026-08-17 19:20:34",279.4,2,zarnabwaheed
8514,16741555,"Rushikesh Shirwalkar","2026-08-19 11:02:46",279.2,2,rushikeshshirwalkar
8515,16808492,"beginner's luck","2026-09-06 02:32:36",279.1,1,"naohs01,tropicalbanana"
8516,16686950,"Kittikhun Pachana","2026-08-08 00:16:11",279.1,2,kittikhunpachana
8517,16632319,Valentin,"2026-07-31 21:14:24",279.0,1,vaha94
8518,16756768,"Sayeed Ibrahim","2026-08-22 01:32:12",278.9,2,sayeedibrahim
8519,16660144,"Léandre ELISHA","2026-08-09 12:25:44",278.8,2,landreelisha
8520,16725104,ManasviVarma,"2026-08-23 10:20:35",278.8,1,manasvivarma
8521,16765329,"Bart Woz","2026-08-31 14:18:24",278.2,2,bartwoz
8522,16885028,"wen yimeng","2026-09-13 09:26:04",277.9,1,wenyimeng
8523,16762045,ADV,"2026-08-23 13:28:56",277.8,1,shuntianjiang
8524,16672982,"Enes Aytaç","2026-08-14 12:12:24",277.6,2,enesayta
8525,16662861,"Chirag Tutlani","2026-08-04 19:13:05",277.6,1,chiragtutlani
8526,16697373,"Sumit Bhattacharjee","2026-08-29 18:29:11",277.5,2,sumitbhattacharjee
8527,16911725,"casey blanche","2026-09-18 23:50:00",277.3,2,caseyblanche
8528,16678362,"Mitiku Yohannes","2026-08-07 00:00:37",277.3,2,mitiku
8529,16649650,"Ashish Barnawal","2026-08-11 04:08:04",277.2,1,klein4
8530,16790545,Adnane,"2026-09-01 02:18:09",277.1,2,adnaneel
8531,16862181,"M chetin","2026-09-12 18:51:14",276.8,2,cetin95
8532,16754845,"LG Music","2026-08-21 22:48:01",276.1,1,lgmusic
8533,16780106,"Mirangga Jakti","2026-09-09 20:05:22",275.9,2,miranggajakti
8534,16712089,"yui seya","2026-08-12 12:17:02",275.9,2,yuiseya
8535,16676007,"Lao KENAO","2026-08-15 01:15:48",275.6,2,laokenao
8536,16672325,Ispagiytiy,"2026-08-06 08:58:30",275.4,2,ispagiytiy
8537,16666316,adityakr1001,"2026-08-05 09:33:41",275.4,1,adityakr1001
8538,16658489,小出和見,"2026-08-13 23:23:04",275.1,2,kzmk8d
8539,16658795,"Case Seller","2026-08-30 06:46:45",275.0,2,caseseller
8540,16756174,"Mateo Coelho","2026-09-02 19:10:01",275.0,2,mathsco
8541,16864283,"Nguyễn Cường","2026-09-10 05:03:59",275.0,2,nguyncngo
8542,16707372,"zidu cheng","2026-08-11 13:30:40",275.0,1,ziducheng
8543,16662105,PunnatatJAY,"2026-08-04 16:22:50",274.3,1,punnatatjay
8544,16790483,"ivo nahuel jasinskas","2026-08-29 14:08:28",274.2,1,ivonahueljasinskas
8545,16670004,Zinc-Eater,"2026-08-19 22:50:41",274.0,2,zans7331
8546,16655003,"Paramjeet Kaur","2026-08-04 21:09:02",273.4,1,kauxp26
8547,16697283,Puranjay02,"2026-09-10 07:09:06",273.0,2,puranjay02
8548,16663869,CYBER_TECH99,"2026-08-05 01:40:15",272.9,2,cybertech99
8549,16665461,"Krishna Golwala","2026-08-24 18:39:08",272.3,2,krishnagolwala
8550,16740506,Growingduck,"2026-09-02 03:18:21",272.3,2,jaeminkang2021
8551,16761994,"Talha Sayyad faim","2026-08-23 11:32:37",272.3,1,talhasayyadfaim
8552,16663253,"Albert Benjamin Asare","2026-08-06 19:29:05",271.7,2,albertbenjaminasare
8553,16880785,"CHIDANANDA G L","2026-09-12 11:18:48",271.4,2,chidanandagl
8554,16654329,"Aby K Prakash","2026-09-17 17:04:51",271.3,1,abykprakash
8555,16673369,Frame,"2026-08-06 07:59:47",271.1,1,rainorwang
8556,16684191,"Patel Aryan D","2026-08-10 07:36:13",271.1,2,patelaryand
8557,16743603,tanmoypal11,"2026-08-19 15:19:36",271.1,1,tanmoypal11
8558,16842088,"Hrithik Reddy","2026-09-07 09:46:01",270.9,1,hrithik22122
8559,16713601,"Omar spok","2026-08-19 13:27:13",270.9,2,omarspok
8560,16658620,"Dina Chettouh","2026-08-04 09:13:27",270.6,2,dinachettouh
8561,16676305,JTHEFROG,"2026-08-08 12:09:45",270.5,2,joshyuasa
8562,16658065,"Parul Mittal","2026-08-06 13:55:51",270.2,1,pisces83
8563,16740800,"Shiva Sai","2026-08-19 03:54:27",270.1,1,shivasai846
8564,16677629,"XIE Jintao","2026-08-06 18:47:28",269.5,2,xiejintao
8565,16690161,"Sudipto Event","2026-08-11 09:25:00",269.3,2,sudiptoevent
8566,16814858,"Sankalp Patidar","2026-09-15 08:57:20",269.2,2,sankalppatidar
8567,16711610,cc_z_kaggle,"2026-08-12 09:33:23",269.0,1,cczkaggle
8568,16759726,Phoenix,"2026-08-22 19:43:10",268.6,1,seanht1
8569,16689933,"Anjali Shah","2026-08-17 09:30:28",268.4,2,anjalishah0306
8570,16656595,"Sithija Amarathunga","2026-08-04 10:09:50",268.0,2,sithijaamarathunga
8571,16669523,Jackson55171,"2026-08-05 18:21:00",267.4,2,jackson55171
8572,16767173,AgriNexus,"2026-09-12 12:58:54",267.4,2,rashmirajput0102
8573,16757098,"Tharun kumar Jaya kumar","2026-08-30 02:29:39",267.4,1,tharunkumarjayakumar
8574,16785789,"Mateus Sousa do Carmo","2026-08-28 21:23:10",267.3,2,mateaadsaf
8575,16671302,"Pratish Chaudhary","2026-08-10 00:35:01",267.0,1,pratishchaudhary
8576,16881250,"Enes Altunbaş","2026-09-18 18:22:47",266.8,1,enesaltunba
8577,16755664,"Shivam Rajdev","2026-09-04 19:28:36",266.7,2,shivamrajdev
8578,16670185,"Odilon Yehouenou","2026-08-13 20:23:58",266.5,2,odilonyehouenou
8579,16889340,aryansaini1612,"2026-09-15 04:04:12",266.5,1,aryansaini1612
8580,16795353,BlurreA,"2026-08-31 06:42:30",266.4,1,blurrea
8581,16785434,"Caik Franco","2026-08-28 18:05:21",266.2,1,caikfranco
8582,16723065,"Kaio Castro","2026-08-28 17:24:26",266.1,1,kaiocastro
8583,16701041,"Meet Babariya","2026-08-10 14:21:06",265.2,1,meetbabariya
8584,16706312,"shabbar taj","2026-08-11 16:35:57",264.8,2,shabbartaj
8585,16819370,"István Csik","2026-09-03 13:39:36",264.6,2,istvncsik
8586,16659698,"Duy Anh Nguyễn","2026-08-07 10:23:27",264.5,1,duyanhnguyn
8587,16670674,"Foodle Jang","2026-08-19 22:14:34",264.3,2,foodlejang
8588,16790137,sinchir0,"2026-08-30 12:52:05",264.0,1,sinchir0
8589,16660579,mayank,"2026-08-06 14:41:12",264.0,2,mayank921
8590,16667063,"Amiksha S","2026-08-09 15:16:49",263.9,1,amikshas
8591,16666512,RexHuang936,"2026-08-07 08:51:41",263.9,2,rexhuang936
8592,16748206,ArtlexYang,"2026-08-25 08:43:28",263.8,1,artlexyang
8593,16758007,stoicsatvik,"2026-08-22 12:37:48",263.5,1,stoicsatvik
8594,16644398,Nurkan123,"2026-08-16 21:20:24",263.2,2,nurkan123
8595,16666553,DevChheda26,"2026-08-05 09:53:22",262.9,1,devchheda26
8596,16656679,"Sadiqa Bibi","2026-08-27 09:52:29",262.4,2,sadiqabibidata
8597,16659804,"Gashahun Demise","2026-08-04 13:23:20",262.3,2,gashahundemiset
8598,16655813,minerppdy,"2026-08-04 06:06:58",262.3,1,minerppdy
8599,16661587,"Debashis Mohapatra","2026-08-05 09:05:50",262.1,2,debashismohapatra
8600,16718890,"Andy Symonds","2026-08-19 23:04:11",262.1,2,andyivanhoe
8601,16783872,"Soupau Lev","2026-09-01 09:50:33",262.0,1,olivierauffret
8602,16654318,"Aryan Raj Ayush","2026-08-23 08:34:14",261.8,1,aryanrajayush
8603,16885883,"Stepan Kobaidze","2026-09-16 18:12:28",261.6,2,stepankobaidze
8604,16707941,ニイエチカイン,"2026-08-14 15:28:42",261.0,2,j4ck99
8605,16739918,POLAROID_86,"2026-08-18 21:56:04",260.9,2,polaroid86
8606,16684875,"Amitrakshar Mukherjee","2026-08-07 13:21:32",260.8,2,amitraksharmukherjee
8607,16662039,"Ajat Rosadi","2026-08-04 16:58:10",260.3,2,ajatrosadi
8608,16907754,Shenghan,"2026-09-17 10:15:54",260.1,1,shenghanxie
8609,16654293,"Jatin N. Soni","2026-08-18 09:59:05",260.1,2,jatinsoni111
8610,16772089,"Ana Riquele","2026-08-26 18:11:38",259.9,2,anariquele
8611,16684168,"Roaya Saed","2026-08-10 14:36:20",259.4,1,roayasaed
8612,16653997,"Alekya Valapushetty","2026-08-05 13:52:08",259.4,2,alekyavalapushetty
8613,16760903,"Derrick Lace","2026-08-23 04:23:40",259.4,2,derricklace
8614,16623823,"Julieta Rubis","2026-07-31 04:45:53",259.3,2,julietarubis
8615,16649074,nanato,"2026-08-28 04:27:29",259.2,1,nanato
8616,16643821,"arnav chaturvedi123","2026-08-02 22:16:08",258.8,2,arnavchaturvedi123
8617,16785175,SonOfNike,"2026-08-28 17:20:58",258.6,1,sonofnike
8618,16841154,Kinjal,"2026-09-05 22:13:51",258.5,2,kinjalparmar5009
8619,16665719,"[Armenia] Narek Petrosyan1","2026-08-05 07:49:34",258.4,1,narekpetrosyan1
8620,16740950,Shaw,"2026-08-23 10:07:14",258.3,2,shaw06
8621,16822994,"Peter Danilov","2026-09-03 18:16:23",258.2,1,pndanilov
8622,16658783,"Devesh Choudhury","2026-08-07 17:08:33",258.2,2,deveshchoudhury
8623,16658383,"SIVA S","2026-09-18 05:53:11",258.0,2,codingmaster24
8624,16661469,"Qiqi Xie","2026-08-06 20:53:32",258.0,2,qiqixie123
8625,16664157,"Runjie Zhu","2026-08-10 11:49:13",257.9,1,damiendesolei
8626,16669314,"Editor Jugnu AI","2026-09-06 08:31:32",257.8,2,editorjugnuai
8627,16663459,"Cristian Yeanpaul Palomino Calderon","2026-08-06 04:14:17",257.7,2,dawo0t
8628,16654306,Shubham,"2026-08-03 19:09:40",257.6,2,sanjayshubham24
8629,16733204,"Sompalli Akhil Kumar","2026-08-18 10:14:08",257.5,2,sompalliakhilkumar
8630,16719618,Javierrcs,"2026-08-14 13:16:05",257.5,1,javierrcs
8631,16748092,Luckshith,"2026-08-20 12:59:43",257.4,2,luckshith
8632,16695937,Ryckiii,"2026-08-09 13:03:24",257.4,1,ryckiii
8633,16737009,"Alexandre Pedrosa","2026-09-03 07:42:20",257.4,1,alexandrepedrosai
8634,16708480,"Omar M.Moustafa","2026-08-11 18:55:58",257.3,2,omarmmoustafa
8635,16676003,franck,"2026-08-06 14:59:55",257.3,2,bakura
8636,16666574,"hrishit prakash","2026-08-05 13:26:37",257.3,2,hrishitprakash
8637,16627717,da_pond,"2026-07-31 08:33:57",257.3,1,dapond
8638,16724204,chestnut,"2026-08-21 02:15:17",257.0,2,yskkrbysh
8639,16657426,"M.Mukunda Reddy","2026-08-17 06:18:11",257.0,2,mmukundareddy
8640,16659374,"[Deleted] 8f7327b9-2576-439b-bd6e-3f5fde366ebe","2026-08-04 10:12:44",256.9,1,del=8b215115eb53cbc1
8641,16625775,liubingxin205,"2026-08-15 06:29:40",256.8,2,"hongjuw,liubingxin205"
8642,16697712,"Daniel Hebenstreit","2026-09-06 11:53:20",256.7,2,danielhebenstreit
8643,16659203,"Praful Nayak","2026-08-05 08:17:06",256.7,2,prafulnayak2003
8644,16736084,"Kaishang Zhang","2026-09-02 13:41:28",256.7,2,kaishangzhang
8645,16683428,"Darsh Jilka","2026-08-19 09:03:08",256.5,2,darshjilka
8646,16677788,DorianCo,"2026-08-06 18:10:06",256.4,2,dorianco
8647,16683998,"Mahoraga save me","2026-08-07 22:09:22",256.3,2,yqngyv
8648,16676501,"[Deleted] cf820879-5b51-45ff-9f0a-1d88833299b5","2026-08-08 08:32:10",256.3,2,kamraanmulani
8649,16684535,Moonlight,"2026-09-07 14:16:17",256.2,2,rajesh1joc
8650,16771048,"Aditya Pawar","2026-08-25 16:55:04",256.2,1,aditya22102001
8651,16660471,"Obsessed Beings","2026-08-24 16:44:48",256.1,2,"meur99,muhammedsaeed315,obsessedbeing,studentwork01"
8652,16691322,"Anita rai98765","2026-08-16 19:05:43",256.0,2,anitarai98765
8653,16657378,doteeee,"2026-08-14 11:43:40",255.8,2,narendra
8654,16641331,ushi,"2026-08-05 13:33:18",255.8,1,yuki508
8655,16666383,"Sindhi Vishal","2026-08-14 10:46:32",255.5,2,sindhivishal
8656,16677517,justnyoike,"2026-08-10 01:12:56",255.5,2,justnyoike
8657,16774202,Wrs,"2026-08-26 09:21:40",255.3,1,wrsarch
8658,16809620,"Mohamed Alaa Elboraay","2026-09-02 19:11:42",255.1,2,mohamedalaa10
8659,16660957,CREVATEC,"2026-08-11 09:30:33",255.1,2,"olakunleolalekan,samueloladeji"
8660,16655159,"Marcel Relaford","2026-08-13 01:26:26",255.1,1,marcelrelaford
8661,16738539,"Sharath S","2026-08-21 05:19:45",254.9,2,akicodes
8662,16688231,"Antoine Matemane Mahirwe","2026-08-10 19:40:15",254.9,2,antoinemah
8663,16635098,"Charvi Upreti","2026-08-15 05:43:59",254.9,1,charviupreti
8664,16658888,NovaBytes,"2026-08-06 07:06:34",254.8,2,"drashtisingh14,kjjkjjk3107"
8665,16711673,losingself,"2026-08-12 09:07:45",254.8,1,level14taken
8666,16661231,"R Ajay Kumar12","2026-08-04 14:12:11",254.7,1,rajaykumar12
8667,16660450,"prashant prakash","2026-08-08 09:45:36",254.5,2,prashantprakash28
8668,16669411,"Atta Ullah","2026-08-10 13:28:30",254.4,2,attaullahqau
8669,16822259,"Craig Goldswain","2026-09-07 14:52:01",254.3,2,craiggoldswain
8670,16633483,"benkerrouche abdelbasset","2026-08-07 16:11:50",254.2,1,bassetkerouche
8671,16659900,"Abu Bakr","2026-08-04 18:30:29",253.8,2,mohamed32010
8672,16668032,pat999,"2026-08-08 08:30:58",253.7,2,pat999
8673,16919599,yygg2026,"2026-09-18 09:38:47",253.4,1,yygg2026
8674,16632145,kazuki_kazukazu,"2026-07-31 14:53:13",252.8,1,kazukikazukazu
8675,16727383,"Minchul Shin","2026-08-20 07:50:37",252.8,1,nashory
8676,16656198,N9uy3nPham,"2026-08-06 10:56:04",252.4,2,n9uy3npham
8677,16751488,Klixel,"2026-08-21 03:35:28",252.3,1,klixel
8678,16852383,"Ahmed Mostafa #2","2026-09-08 06:46:03",252.3,2,republic966
8679,16637845,"Hadjmohamd Seif","2026-08-08 21:47:53",252.1,2,hadjmohamdseif
8680,16762459,GNR_network,"2026-08-23 13:59:19",252.1,1,gnrnetwork
8681,16681959,"shun takinami","2026-08-07 05:43:47",252.1,1,shuntakinami
8682,16744954,charley8,"2026-08-22 06:23:36",252.0,2,charley8
8683,16793148,"Hoàng Trung Nguyễn","2026-09-01 08:08:00",252.0,2,hongtrungnguyn
8684,16633833,"mohammad javad Kamali","2026-08-19 05:13:42",251.9,1,mohammadjavadkamali
8685,16670506,"Juan Andres Bravo Mejia","2026-08-05 21:40:17",251.4,1,juanandresbravomejia
8686,16689903,wangbohuan,"2026-08-08 09:35:12",251.2,2,wangbohuan
8687,16687891,qklent,"2026-08-09 19:44:12",251.0,1,qklent
8688,16708091,"Dipak Kumar Samanta","2026-08-11 15:17:04",250.9,1,dipak889
8689,16659001,"Tim Wanjohi","2026-08-12 11:43:16",250.9,2,timwanjohi
8690,16750033,davidw001,"2026-08-20 17:13:07",250.8,1,davidw001
8691,16811524,PeiyuQian,"2026-09-11 16:00:55",250.8,2,peiyuqian
8692,16750526,"Marcel Biezunski","2026-09-05 16:44:52",250.6,1,marcelbiezunski
8693,16862268,"Vishal Harry","2026-09-12 21:26:48",250.5,2,vshr777
8694,16658152,MingSUN007,"2026-08-04 13:46:29",250.4,2,mingsun007
8695,16806577,ShinYAM1002,"2026-09-06 17:33:20",250.0,1,shinyam1002
8696,16662066,"Yug Savalia","2026-08-06 19:06:26",250.0,1,"priyankagarg19,yugsavalia"
8697,16686316,"Ali mohon","2026-08-07 16:16:43",249.8,2,alimohon
8698,16729884,"Chaimaa Matrag","2026-09-05 19:51:34",249.7,2,chaimaamatrag
8699,16698987,"Shree Ashok L","2026-09-01 05:16:16",249.3,2,"praneelbaskar,rishivarathan,santhoshkumarp24,shreeashok72"
8700,16821068,"Danila Goncharenko","2026-09-03 15:22:12",249.2,2,danilegovich
8701,16779857,0x74,"2026-09-03 14:03:17",249.1,1,i0x74i
8702,16894802,"phus sea","2026-09-15 16:23:01",248.9,2,phussea
8703,16632795,"vishwottam kudekar","2026-08-05 18:19:02",248.6,1,vishwottamkudekar
8704,16724743,"Dr. James Gambrah","2026-08-17 08:48:47",248.4,2,jamesgambrah
8705,16639684,Rubel,"2026-08-05 18:49:11",248.3,2,rubel01
8706,16724512,"Diw Gupta","2026-08-21 13:45:51",248.3,1,diwgupta
8707,16723075,"Cauã Freitas","2026-08-28 17:35:54",248.2,1,cauafreitas
8708,16841277,"Luis Garza Gonzalez","2026-09-08 05:07:26",248.0,2,luisgarzagonzalez
8709,16657440,Lz7_129,"2026-08-04 15:26:01",247.9,1,lz7129
8710,16665614,MesonLabs,"2026-08-11 06:17:27",247.8,1,mesonlabs
8711,16667691,alexanderctrl,"2026-08-18 10:10:51",247.3,2,alexanderctrl
8712,16707519,"Pradnya Khanse","2026-08-11 12:52:07",246.8,1,pradnyakhanse
8713,16755126,"David ter Kuile","2026-08-21 14:01:59",246.8,2,davidterkuile
8714,16699790,Aryanpal07,"2026-08-16 12:28:53",246.7,1,aryanpal07
8715,16758090,"JOYMIE TALICUAD","2026-08-22 10:07:40",246.5,1,joymietalicuad
8716,16712990,shreyaaaaa9,"2026-08-12 16:17:06",246.4,1,shreyaaaaa9
8717,16790992,"Matthew Knyazev","2026-08-29 17:53:40",246.3,1,matthewknyazev
8718,16784952,"Adria Barreto","2026-08-28 16:06:57",246.3,1,adriabarreto
8719,16669756,AlgSaid,"2026-08-05 18:54:07",246.1,1,imabdallah
8720,16849556,"Peter Bull","2026-09-08 12:41:45",245.9,2,peterbull
8721,16685128,"Rohan Hake","2026-08-10 12:48:36",245.9,2,rohanhake
8722,16672767,"FasterYouChase FasterIRun","2026-08-09 13:15:12",245.7,2,icoguser
8723,16703295,Yuting,"2026-08-13 20:42:16",245.6,2,yutinghanuxd
8724,16716407,"Ibrahim Adamu Anka","2026-08-13 09:01:38",245.3,2,ibrahimadamuanka
8725,16701143,macneil,"2026-08-14 14:53:54",245.3,2,macneil
8726,16645300,szyulian,"2026-08-04 04:42:36",245.1,1,szyulian
8727,16759675,TianKitty,"2026-08-27 04:43:06",245.1,1,tiankitty
8728,16728350,fajarnadeem808,"2026-08-16 13:07:59",245.1,2,fajarnadeem808
8729,16745293,Harvey,"2026-08-22 04:20:10",245.0,2,celestia0113
8730,16818924,"super penguin king","2026-09-03 12:35:44",244.9,1,superpenguinking
8731,16773557,"Rudra kalyan","2026-08-26 09:08:54",244.8,2,rk1144
8732,16657777,"sandeep kumar","2026-08-04 11:41:21",244.5,2,sandeep088
8733,16696266,"Pandarasamy Arjunan (Samy)","2026-08-09 14:16:03",244.5,1,samy101
8734,16656692,"kinza aftab 714","2026-08-04 05:43:51",244.5,2,kinzaaftab714
8735,16749514,"M Harini","2026-08-20 16:43:59",244.4,1,rvmharini
8736,16695733,"Imad Zaanine","2026-08-11 02:11:15",244.3,2,imadzaanine
8737,16768507,"Dhanush Ballanki","2026-08-25 00:33:27",244.3,1,dhanushballanki
8738,16654853,"Saketh Rao","2026-08-03 21:43:14",244.0,1,sakethrao
8739,16817626,"Jaya Singh","2026-09-15 13:30:37",243.9,2,jayasingh12
8740,16675104,"khwaja Moula'Ali","2026-08-06 11:30:49",243.5,1,khwajamoulaali
8741,16662048,"Deekshitha Prabhakar","2026-08-06 18:15:45",243.5,2,deekshithaprabhakar
8742,16782747,goodgreen,"2026-08-28 04:30:23",243.3,1,goodgreen
8743,16679467,"Ahmed Zedan","2026-08-18 00:28:27",243.2,2,ahmedzedan11
8744,16725615,carside,"2026-08-29 04:49:31",243.1,1,carside118
8745,16664863,zzzhhcc,"2026-08-13 06:15:42",243.0,2,zzzhhcc
8746,16792392,pansya,"2026-08-30 08:13:58",243.0,1,pansya
8747,16712979,"Yusuke Tsukuda","2026-08-12 14:58:39",243.0,1,yusuketsukuda
8748,16668654,"Zharkyn Makhanbet","2026-08-10 18:28:08",242.7,1,imadparadoxi
8749,16660321,syafanidwina,"2026-08-05 00:41:33",242.3,1,syafanidwina
8750,16678647,"Zorawar Singh","2026-08-06 19:55:53",242.3,2,zorawarsingh677
8751,16813582,Soham_7391,"2026-09-16 09:59:13",242.2,2,soham7391
8752,16644210,"حسنين ساجد","2026-08-07 22:08:44",242.2,2,kutghngf98687er
8753,16728249,"Ahmet Kiraz","2026-08-17 07:23:30",242.1,1,ahmetqiraz
8754,16663003,devzohaib,"2026-08-04 21:27:30",242.1,1,devzohaib
8755,16723467,"Vladas Verkelis","2026-08-15 14:23:42",242.0,1,vlaveris
8756,16690494,StevenBeyen,"2026-08-13 07:55:32",241.9,2,beyensteven
8757,16796678,ka,"2026-08-31 16:16:03",241.7,1,kandruszek
8758,16831820,"Raihan Saladin","2026-09-12 17:21:34",241.7,2,raihansaladin
8759,16663066,"Mithun Kore","2026-08-29 19:18:28",241.6,1,mithunkore
8760,16680521,"Luis Enrique Dalmau","2026-09-04 09:45:18",241.4,2,luisenriquedalmau
8761,16659280,"yahaya zayyan","2026-08-04 10:51:16",241.4,1,yahayazayyan
8762,16667365,"leul dereje","2026-08-08 06:54:54",241.1,2,leuldereje
8763,16632881,"Brisa Marina","2026-08-07 16:13:15",241.0,1,brisamarina
8764,16659703,"Ananya #2","2026-08-04 12:00:26",241.0,1,ananyax8
8765,16856961,"Victor Egbo","2026-09-10 08:38:48",240.9,2,victoregbo
8766,16665704,"Sreesanth M S","2026-08-05 07:12:05",240.9,1,sreesanthms
8767,16714263,Lmfm24,"2026-08-12 20:38:01",240.8,2,lmfm24
8768,16748882,gsv,"2026-08-20 16:13:45",240.8,1,ram1o1
8769,16655762,"Idrisse Moundhir","2026-09-05 08:21:45",240.7,1,idrissemoundhir
8770,16733752,Abhi,"2026-08-17 19:34:16",240.5,1,zeroday19
8771,16659572,"ABHILASH PRAHARAJ","2026-08-04 11:24:21",240.4,1,abhilashpraharaj
8772,16882350,akacome,"2026-09-12 18:32:37",240.0,1,akacome
8773,16655508,bigsea,"2026-08-04 01:31:58",239.2,2,sakamakihiromi
8774,16658644,"Hitarth Pandey","2026-08-09 03:04:42",239.2,1,hitarthpandey
8775,16725288,mustafasadiqi,"2026-08-15 12:26:35",238.7,1,mustafasadiqi
8776,16731838,"zhexun Liu","2026-09-18 00:52:34",238.1,2,zhexunliu
8777,16762167,"Arkoday Roychowdhury","2026-08-24 01:29:19",237.7,2,arkodayroychowdhury
8778,16654568,Samiksha_Chan1022,"2026-09-18 12:06:19",237.4,1,samikshachan1022
8779,16635610,JeffFosterUK,"2026-08-01 17:16:52",237.2,2,jefffosteruk
8780,16712844,"ray hengbo","2026-09-01 03:35:31",236.9,1,rayhengbo
8781,16663191,"Arnav Anand","2026-08-04 19:53:08",236.4,1,arnavair27
8782,16782525,"Ashish Mittal","2026-08-28 05:27:46",236.3,2,ashish1502g
8783,16667550,"Oseni Sakariyau Oluwadamilare ","2026-08-23 10:05:56",236.0,2,sakabambam
8784,16830761,Skarmory,"2026-09-04 13:05:56",236.0,1,syarnorke
8785,16658567,"Sharif Mohamed (1)","2026-08-04 13:16:47",235.9,1,sharifmohamed1
8786,16680789,Marouane,"2026-08-15 02:41:18",235.6,2,marouanealahyane
8787,16744545,"Aditya Kumar Singh 013","2026-08-19 18:45:42",235.6,1,adityakumarsingh013
8788,16706591,"Poorvi Shetty","2026-09-17 23:16:04",235.4,2,poorvishetty1
8789,16823858,"James Mills","2026-09-18 17:50:07",234.8,2,jamesmills1975
8790,16667684,"Tim Neale","2026-08-06 13:01:12",234.7,1,timothyjneale
8791,16654067,DataForge,"2026-08-05 10:19:25",234.6,2,"chanduchandini,goriparthiramatulasi,srilakshmipanitini,suryachakradhar"
8792,16623099,"Bovard Doerschuk-Tiberi","2026-07-30 21:04:23",234.5,1,bovard
8793,16690286,imunderthetree,"2026-08-08 12:25:51",234.4,2,imunderthetree
8794,16655786,leavts,"2026-08-04 02:35:50",234.3,1,leavts
8795,16809584,"Kinnal Rutu","2026-09-02 15:01:01",233.6,2,kinnalrutu
8796,16784360,"Suraj Kumar","2026-09-08 10:20:42",233.4,2,suraj99km
8797,16684908,"Nidal Saleh","2026-08-08 14:08:20",233.4,2,nidalsaleh
8798,16678355,"Tanuj Saxena","2026-08-07 10:10:24",233.1,2,tanujsaxena
8799,16756743,"Ismail Alli Adekunle","2026-08-21 22:59:18",233.0,1,ismailalliadekunle
8800,16802203,"Sadaf Mughees","2026-09-11 15:16:39",232.9,2,sadafmughees
8801,16661810,AGNES33,"2026-08-16 19:09:18",232.8,2,agnes33
8802,16662603,"Shem Gikunda","2026-08-06 17:24:48",232.8,1,shemgikunda
8803,16698399,liuzhangzhen,"2026-08-10 09:49:23",232.7,1,liuzhangzhen
8804,16655292,"Ingrid Fellah","2026-08-04 06:31:35",232.6,2,ingvor
8805,16660291,"Abhijit Rajkumar","2026-08-04 13:27:44",232.4,2,abhijitrajkumar
8806,16807657,Dechant,"2026-09-14 08:39:17",232.1,1,dechant
8807,16861601,aliksey,"2026-09-11 17:22:46",232.0,2,aliksey
8808,16623846,"masatoshi hiraki","2026-07-31 07:52:39",231.9,2,masatoshihiraki
8809,16799132,"Marlon Vasquez","2026-09-01 08:07:31",231.9,2,vexmeavf
8810,16663525,"Eric Hilary Smith","2026-09-16 19:15:20",231.5,2,erichilarysmith
8811,16676991,"Jack Hopkins","2026-08-19 19:11:37",231.4,2,jackhopkins
8812,16802535,"To be happy","2026-09-18 15:53:48",230.9,2,yaokaixinya123
8813,16811014,"Overfit and Chill","2026-09-18 12:41:38",230.8,2,toyeshchakravorty
8814,16682051,"Noorjahan Siddiqui","2026-08-10 09:33:35",230.3,2,noorjahansiddiqui
8815,16687574,"Yash Raghuvanshi","2026-08-07 22:09:38",230.2,2,yashraghuvanshi25
8816,16708246,StudyForUse01,"2026-08-11 16:58:19",229.9,1,studyforuse01
8817,16654256,"KONGARA PRASANTH","2026-08-04 03:40:27",229.8,2,prasanth2008
8818,16728152,"Kenji Tai","2026-08-16 18:27:33",229.5,2,kenjitai
8819,16710929,"Pooja Divekar","2026-08-16 08:22:48",229.1,1,poojadivekar123
8820,16723726,"Erika Worrall","2026-08-15 23:09:17",229.0,1,erikaworrall
8821,16798369,"Olabode James","2026-09-01 20:40:53",228.8,1,olabodejames
8822,16850036,Sumzali083,"2026-09-07 19:23:11",228.2,1,sumzali083
8823,16669298,"Dinesh Naveen Kumar Samudrala","2026-09-18 14:13:52",228.2,2,dnkumars
8824,16809006,Ilya,"2026-09-02 13:23:05",228.2,1,zhukov
8825,16762081,VKAUL3,"2026-08-23 12:09:08",227.6,1,vkaul3
8826,16769754,daguniang,"2026-08-26 00:44:59",227.5,2,daguniang
8827,16653941,"Sachin Kumar Kushwaha","2026-08-11 08:45:11",227.2,2,sachinkumarkushwaha
8828,16885658,mio114,"2026-09-13 14:05:56",227.0,2,mio114
8829,16658761,!Aman212,"2026-08-04 12:10:28",226.8,2,aman9142424
8830,16913778,"Ugwushi Chijioke","2026-09-17 12:30:36",226.7,2,ugwushichijioke
8831,16760920,"Román Eliezer Pérez Ríos","2026-08-31 18:07:43",226.4,2,perezrios
8832,16665701,ManuelWick-Eckl,"2026-08-27 16:01:18",226.2,2,manuelw
8833,16691583,Caleb,"2026-08-09 14:32:52",226.0,2,collev
8834,16666027,CropBOTS,"2026-08-13 16:12:42",225.6,2,"anshultickoo,itsmepooja,manuakumar,sapnajain115"
8835,16743329,"Daniel Obioma emenike","2026-09-11 12:32:22",225.1,2,danielobiomaemenike
8836,16761134,mash3gt,"2026-08-23 06:10:12",224.4,1,shiroguitar
8837,16895191,"Oluwatobi Ojekanmi","2026-09-16 12:53:27",224.2,2,oluwatobiojekanmi
8838,16750285,LeEmperor,"2026-08-22 04:36:18",224.1,2,leemperor
8839,16656515,"Rushal Manandhar","2026-08-06 04:15:01",224.1,1,rushalmanandhar
8840,16744221,Dizzy1829,"2026-08-29 04:15:48",223.8,1,dizzy1829
8841,16922345,"MESK WADHAH ABDULQADER ABDULQADER","2026-09-18 19:20:58",223.4,1,meskelemin
8842,16887893,"Sridhar C","2026-09-13 20:12:56",223.2,2,sridharchinnasamy
8843,16725537,"Ayan Bashir Sheikh","2026-08-15 18:02:07",223.1,2,ayanbashirsheikh
8844,16780411,K.Satwik,"2026-08-27 16:23:04",223.0,2,ksatwik3220
8845,16858512,lkjmo123,"2026-09-09 06:45:18",222.8,1,lkjmo123
8846,16654244,"Saad Nanawala","2026-08-03 18:17:33",222.7,1,saadnanawala
8847,16778545,Mizunooo,"2026-09-10 10:16:12",222.6,2,mizunooo
8848,16656633,N25H03A1028,"2026-08-05 05:18:45",222.6,1,pardhusadhu
8849,16760392,Владимир,"2026-08-23 00:19:23",221.8,1,vgkuvshinov
8850,16706134,NK11FC,"2026-08-25 11:30:00",221.6,2,nk11fc
8851,16675956,"Hassan Alghamoudi","2026-08-10 02:36:36",221.5,2,hassanabdulhafid
8852,16654314,Mahamudul_Hassan_8012,"2026-08-03 18:33:07",221.5,2,mahamudulhassan8012
8853,16711840,OverfitMilkCake,"2026-08-13 06:36:21",221.0,1,overfitmilkcake
8854,16777986,小雨姑娘,"2026-08-27 21:51:19",220.6,2,skewcy
8855,16633342,farm75,"2026-08-03 14:03:14",220.3,2,sakthi75
8856,16689364,"Udbhav Purwar","2026-08-11 10:12:00",220.1,1,udbhavpurwar
8857,16889852,"Abdikaliq osman","2026-09-16 00:48:05",219.7,2,abdikaliqosman
8858,16639692,"Nirmal Patel","2026-08-06 03:05:27",219.7,2,nirmalpatel02
8859,16739908,"Asfam Parvez Kawser","2026-09-10 09:42:54",219.6,2,asfamparvezkawser
8860,16663658,oriolgalceran,"2026-09-16 05:10:58",219.1,2,oriolgalceran
8861,16663910,"Shivram Nekkanti","2026-08-07 14:38:04",218.8,1,shivramnekkanti
8862,16669060,Twansss,"2026-08-15 04:37:59",218.1,2,twansss
8863,16653319,"Md. Rasel Meya","2026-08-06 14:42:18",217.8,2,raselmeya
8864,16723404,"Mahdi Al Hajji","2026-08-20 02:13:12",217.7,2,mhh1430hacker
8865,16860288,"VIKASH YADAV","2026-09-18 09:07:57",217.6,2,vikashyadav05
8866,16636540,"Burkova Nastia","2026-08-01 13:34:02",217.6,2,"burkovanastia,ellvalerie"
8867,16687337,"sravani kamjula","2026-08-07 19:38:39",216.9,2,sravanikamjula
8868,16668024,"Igor Burkov","2026-08-07 04:35:37",216.8,2,igorburkov
8869,16663438,"Varun Prajapati","2026-08-08 21:54:54",216.5,2,"krunalasari,varun2206"
8870,16845903,"Tsubasa Hizono","2026-09-07 05:47:46",216.4,2,tsubasahizono
8871,16659910,"Shraddha Kumbhar","2026-08-07 09:55:58",216.4,2,raj113
8872,16920587,"Agnieszka Jabłońska","2026-09-18 14:17:48",216.4,1,agnieszkajaboska
8873,16621290,"Muhammad Ahsan","2026-07-30 17:35:00",216.3,2,ahsanneural
8874,16639465,"Gabriel Aguiar Leao","2026-08-02 00:23:49",216.1,1,"gabrielaguiarleao,marcositta"
8875,16890196,hello518123,"2026-09-14 08:51:52",216.1,1,hello518123
8876,16762162,"Shota Hirao","2026-08-23 12:34:05",215.2,1,shotahirao
8877,16624000,Leneen,"2026-08-31 16:02:47",214.9,1,leneen
8878,16656900,Hxrsh09,"2026-08-10 14:39:46",214.8,2,hxrsh09
8879,16701138,superpig,"2026-08-19 09:43:31",214.5,1,geniussuperpig
8880,16831130,"Khushar Pal","2026-09-06 15:21:15",214.2,2,khusharpal
8881,16663913,"Aanaa Kaliil","2026-08-05 15:15:31",213.8,2,aanaakaliil
8882,16751141,DeadJed,"2026-08-26 11:10:40",213.8,2,deadjed
8883,16692652,"Harsith R","2026-08-08 20:26:56",213.7,1,chiefofpredicitions
8884,16662353,"LAYAL ALNASHMI","2026-09-12 11:37:55",213.3,2,waitups
8885,16696952,tronxz8,"2026-09-09 13:51:31",213.2,1,tronxz8
8886,16670747,"Aryan Kumar Chaudhary","2026-08-11 22:46:05",212.5,2,"aryankumarchaudhary,rakshitmundra"
8887,16700992,Abhishek_1355,"2026-08-25 09:17:08",212.3,1,abhishek1355
8888,16889817,"Om Patelxyz","2026-09-14 07:04:40",212.3,2,ompatelxyz
8889,16716386,"Dev Marya","2026-08-13 09:26:18",211.3,1,devmarya
8890,16687514,Dark_1926,"2026-08-07 20:30:33",211.1,1,dark1926
8891,16663333,"Iago Moura e Moreira","2026-08-04 20:05:06",210.9,1,iagomouraemoreira
8892,16654482,SarahShams,"2026-08-14 16:36:06",210.8,2,sarahshams
8893,16668379,dccgps,"2026-08-08 05:44:36",210.7,1,dccgps
8894,16697020,"Hossam elden Mohamed","2026-08-15 01:13:51",210.2,2,hossameldenmohamed
8895,16730086,HanaGhanem,"2026-08-16 23:44:56",210.1,1,hanaghanem
8896,16657525,"Alae Lakhdar","2026-08-05 08:10:49",210.1,1,alaelakhdar
8897,16744461,"Adiratna Kamble","2026-08-21 22:05:13",210.0,1,adiratnakamble
8898,16632724,"Sayan Dutta","2026-08-04 07:47:42",209.7,1,sayan1507
8899,16685568,Secertive,"2026-08-08 17:59:52",209.7,1,secretiveplotter1863
8900,16885565,"Shiva Rupan S","2026-09-13 11:19:14",209.5,1,shivarupan20me
8901,16769114,angayoung,"2026-08-25 07:22:00",209.3,1,joaga0603
8902,16915882,BandaruLakshmi1234,"2026-09-17 16:50:15",209.2,1,bandarulakshmi1234
8903,16892144,"Ruichen Yin","2026-09-17 16:10:38",209.0,2,superaier
8904,16671342,"Danh Nguyen 1303","2026-08-09 14:47:52",208.9,1,danhnguyen1303
8905,16698886,pied_piper,"2026-08-10 14:11:15",208.8,2,ahanhalder
8906,16773358,yogeshgoudapatil,"2026-08-27 14:59:13",208.8,2,yogeshgoudapatil
8907,16660309,"Hazem Mahmoud Elsayd","2026-08-04 16:34:31",208.6,2,hazemmahmoudelsaid
8908,16639615,rickzai,"2026-09-01 05:37:21",208.1,2,rickzai
8909,16684891,SARTHAK,"2026-08-14 19:07:26",208.1,1,s4rth4k01
8910,16658311,zkskhurram,"2026-08-05 07:59:40",208.1,2,zkskhurram
8911,16700832,Blitz,"2026-08-10 11:37:18",207.4,1,premshinde
8912,16666414,salyamq,"2026-08-05 16:41:38",207.3,1,salyamq
8913,16732342,"Viktor Antonov","2026-08-18 10:22:32",207.0,1,viktorantonov
8914,16623274,Mhmda81,"2026-08-03 00:10:04",206.4,2,mhmda81
8915,16659283,"DILEEP POTHULA","2026-08-08 06:43:15",206.4,2,dileeppothula
8916,16717555,"Mariem GLIOUEZ","2026-09-10 15:21:07",206.2,1,mariemgliouez
8917,16886819,"Rebecca Shirievo","2026-09-16 17:29:07",206.2,2,rebeccashirievo
8918,16724325,Melancholian,"2026-08-15 06:43:12",206.2,1,kasaneru
8919,16661689,"David Rao","2026-08-04 18:27:01",205.5,1,davidrao63
8920,16794720,"paola hernandez55","2026-08-31 04:19:31",205.5,1,paolahernandez55
8921,16682689,HenryRichardson1,"2026-08-07 10:00:12",205.3,1,henryrichardson1
8922,16866478,aktk,"2026-09-10 16:43:56",205.2,2,aniltk
8923,16660930,"Chung Ching Yeh","2026-08-04 14:44:34",205.1,2,chungchingyeh
8924,16672284,"Dhruv | AI/ML Engineer in Progress","2026-08-07 06:55:13",205.1,1,dhruvdipakchudasama
8925,16702060,Mcusac,"2026-08-13 19:42:54",204.8,1,mcusac
8926,16735735,Rishabh@1304,"2026-09-12 10:08:51",204.4,2,rishabh1304
8927,16660146,4Solver,"2026-08-08 02:06:19",204.0,2,msfbiolinhares
8928,16867344,"shayan yadegaridehkordi","2026-09-12 17:05:44",203.9,1,shayanyadegari32
8929,16877079,"Saptak Banerjee","2026-09-11 19:09:58",203.8,1,saptakbanerjee123
8930,16681610,"team maccy","2026-08-07 20:27:06",203.7,1,robertgama
8931,16653906,swaroop41,"2026-08-04 05:53:29",202.9,2,swaroop41
8932,16657628,Hamo,"2026-08-07 12:00:21",202.8,2,mohamed2223
8933,16881244,"Atharva Govind Salunke","2026-09-18 17:50:01",202.8,2,atharvagovindsalunke
8934,16677786,"[Deleted] aec7dc1f-59cb-486f-998a-d2407e297536","2026-08-26 13:39:08",202.7,2,del=0fde9ba2630fee3c
8935,16712395,"Zuohong Pan","2026-08-12 12:15:40",202.7,1,pshuaibi
8936,16841294,"Annu Rana1","2026-09-09 18:12:34",202.6,1,annurana1
8937,16898240,jimmy5566,"2026-09-15 17:41:24",202.4,1,jimmy5566
8938,16706557,"Nurullah Gundogdu","2026-08-11 17:52:07",202.3,2,nurullahgundogdu
8939,16668506,"Louie Tang","2026-08-08 06:56:52",202.0,2,louietang
8940,16749225,"Hisyam Prasetyo","2026-08-27 11:26:07",201.6,2,hisyamprasetyo
8941,16688190,"Win M","2026-08-08 00:28:18",201.4,1,winmet
8942,16860921,jayjayfff,"2026-09-10 01:25:36",201.1,2,jayjayfff
8943,16675428,"Farhan Khairullah","2026-08-09 16:22:00",200.7,2,farhankhairullah06
8944,16665463,Seendon,"2026-08-06 19:19:25",200.6,2,informationminer
8945,16717586,wangjialu2333,"2026-08-15 09:29:36",200.3,1,wangjialu2333
8946,16656287,sandip_shaw123,"2026-08-05 10:02:07",199.8,1,sandipshaw123
8947,16838890,"Yisher Xia","2026-09-05 16:09:13",199.6,1,yisherxia
8948,16660749,"PavanK Saketh","2026-08-04 13:38:48",199.4,2,pavanksaketh
8949,16661494,"Arulmaniyan Rajavel","2026-08-22 13:46:58",198.4,2,arulmaniyanrajavel
8950,16633133,Holeneckles,"2026-09-16 17:15:47",198.3,2,holeneckles
8951,16668438,"Sahil Suman","2026-08-16 17:09:20",198.1,1,sahilmanavraunak
8952,16851731,"Amar 5454","2026-09-14 10:28:42",198.0,2,amar5454
8953,16826118,shishuyang11,"2026-09-04 06:50:04",197.8,1,shishuyang11
8954,16895750,"charles Ndemo","2026-09-16 13:27:43",196.8,2,charlesndemo
8955,16664315,happy_boy_2007,"2026-08-12 09:04:40",196.7,1,happyboy2007
8956,16920891,"Renfei Wang","2026-09-18 13:14:40",196.5,1,renfei123456
8957,16656771,"thushara bandara","2026-08-07 04:13:43",196.1,2,dushyanthibandara
8958,16656196,"Vishwash Golakiya","2026-08-27 01:07:00",195.9,1,vishwashgolakiya
8959,16724242,"Romash Koirala","2026-08-20 11:34:14",195.9,1,romashkoirala
8960,16684237,Zen_0910,"2026-08-07 17:07:02",195.6,1,zendeptrai
8961,16769470,HaHHYbYY,"2026-08-26 07:52:33",195.5,1,hahhybyy
8962,16662108,nhkien,"2026-08-05 06:52:18",194.8,2,nhkien
8963,16665371,"Kevoh Mutwiri","2026-08-24 19:31:27",194.6,2,kevohmutwiri
8964,16723262,"Tiago OliveiraLL","2026-08-28 18:22:12",194.3,1,tiagooliveirall
8965,16679470,"GamaL Mahmoud","2026-08-08 13:33:52",193.9,2,gamalmahmoudtaha
8966,16655482,Apoorv007,"2026-08-04 01:55:41",193.8,1,apoorv007
8967,16918569,"Ashee Softworks","2026-09-18 05:59:35",193.7,1,asheesoftworks
8968,16623131,"Liam Carrig Newsam","2026-08-04 00:00:03",193.4,1,liamcarrignewsam
8969,16807557,coolz,"2026-09-09 06:35:51",193.0,2,cooolz
8970,16669473,"William Bickelmann","2026-08-05 17:47:13",192.7,1,williambickelmann
8971,16674093,"Hoàng Trần Đặng Minh","2026-08-06 08:54:38",192.6,1,hongtrnngminh
8972,16651507,jappanini,"2026-08-03 09:14:04",192.5,1,jappanini
8973,16768568,Nour102006,"2026-08-27 04:46:00",191.8,2,nour102006
8974,16709957,"Lei Gao","2026-08-12 04:03:42",191.4,1,leigao31
8975,16823341,"Agnieszka Sobala","2026-09-03 20:15:55",191.2,1,agnieszkasobala
8976,16661252,"Andrzej Walczak","2026-08-05 09:46:19",190.4,2,andrzej1983
8977,16693318,meow3301,"2026-08-09 02:33:34",190.2,2,meow3301
8978,16889278,"Ari Kurniawan92","2026-09-14 08:32:53",190.1,1,arikurniawan92
8979,16662933,"Marcelo Pereira","2026-08-19 01:14:40",190.0,2,marcekkusrp
8980,16734896,pattikamo,"2026-08-27 10:52:28",189.3,2,pattikamo
8981,16741239,"fjf 1asd","2026-08-19 08:46:31",188.6,1,fjf1asd
8982,16736759,"Lavesh Kadam","2026-08-18 10:55:05",188.3,1,laveshk314
8983,16668048,"Gazi Sayem Uddin Samir","2026-08-05 14:29:51",188.0,2,gazisayemuddinsamir
8984,16679713,"John william Vicente 🇧🇷","2026-08-07 00:38:57",187.9,1,chrollo079
8985,16768453,phicis8911,"2026-09-16 00:41:21",187.8,2,phicis8911
8986,16644360,Mathous,"2026-08-02 20:28:00",187.7,1,mathisdac
8987,16652159,Boson328,"2026-08-04 10:06:13",187.0,1,boson328
8988,16863892,brunoarpa,"2026-09-10 02:43:09",186.9,1,brunoarpa
8989,16666037,"Matheus Marques","2026-08-06 06:03:28",184.0,2,mathmarquesbr
8990,16882682,"BALQEES GHWANMEH","2026-09-18 20:24:43",183.8,2,balqeesghwanmeh
8991,16859770,"Praful Tiwari1","2026-09-14 10:37:58",183.1,1,prafultiwari1
8992,16915627,"Yash Pratap Singh","2026-09-17 14:59:02",182.9,1,yashpratapsingh10
8993,16663448,"Adel I.","2026-08-07 12:55:44",182.6,2,adelid
8994,16912044,"[Deleted] 0b2c3d58-9494-483e-ad4c-1465b66166ca","2026-09-17 08:46:46",182.5,2,del=2e39a6893da554dc
8995,16676992,NIDHIHEER01,"2026-08-16 17:09:00",182.0,1,nidhiheer01
8996,16727681,JanV123,"2026-09-06 05:37:07",181.9,2,janv123
8997,16685093,"Huzaifa Inam","2026-08-07 13:47:15",181.6,2,huzaifainam
8998,16668406,"VAP RF5","2026-09-18 12:53:56",181.6,2,vaprf5
8999,16658693,leehuilong,"2026-08-06 12:49:22",180.9,2,leehuilong
9000,16667238,"Srija ganguluri","2026-08-07 10:14:48",180.9,1,srijaganguluri
9001,16697628,"Yash Sharma","2026-08-17 15:33:32",180.7,2,yashsharma42
9002,16718139,"shah jatin","2026-09-14 15:40:49",180.6,2,shahjatin
9003,16625043,"Ivan Litvak","2026-09-16 16:36:06",180.4,2,trydotatwo
9004,16665223,"Sawon Mitra","2026-09-06 17:13:28",180.4,2,sawonmitra
9005,16657306,"Krunal Chavda","2026-08-07 21:38:11",179.6,2,krunalchavda21
9006,16717600,"Collistus Kibe","2026-08-21 22:13:38",178.6,2,collistuskibe
9007,16677328,"Eng. Husnain","2026-08-08 13:13:23",178.5,2,enghusnain
9008,16869551,"Adrien ple","2026-09-11 12:48:34",177.9,2,adrienple
9009,16656278,"Bhuvaneshwari Rebba","2026-08-04 09:20:36",177.9,1,bhuvaneshwarirebba
9010,16640914,inconnu,"2026-09-17 12:01:07",177.8,2,kajarnaklokossou
9011,16662630,"M.mohamed Muhasir","2026-08-05 18:25:39",177.3,2,mmohamedmuhasir
9012,16698307,AnasAl7,"2026-08-10 13:08:08",177.1,2,anasal7
9013,16743630,TRP,"2026-09-01 17:06:48",177.0,2,tejratanpaulrocky
9014,16691502,"DILANE FOGUE KAMGA","2026-08-08 15:20:05",176.6,1,dilanekamga
9015,16671985,"vishal waghchaure","2026-08-07 09:25:36",176.5,2,vishalwaghchaure
9016,16719771,"Oleg Papulov","2026-09-12 11:31:22",175.6,2,olegpapulov
9017,16752481,"Thanh Toan","2026-08-21 08:33:13",175.3,2,tonnglthnh
9018,16891082,"surya prakash Nayak2","2026-09-14 10:56:23",175.2,1,suryaprakashnayak2
9019,16655573,"Probablyaphilosopher ","2026-08-16 00:01:40",175.2,2,probablyaphilosopher
9020,16886344,Weiiyangkang,"2026-09-18 13:17:17",174.9,1,weiiyangkang
9021,16871895,"Sahil Raval","2026-09-15 10:57:48",174.6,1,sahilraval1311
9022,16663945,anyasri,"2026-08-18 03:52:31",174.6,2,anyasri
9023,16766274,"Satwato Dey","2026-09-18 16:43:06",174.5,2,satwato
9024,16773333,"Abdullah javed Javed","2026-09-05 03:13:57",174.4,2,abdullahjavedjaved
9025,16674390,yangluo1,"2026-08-08 01:31:08",174.2,2,yangluo1
9026,16660978,"Maksym Khavil","2026-08-04 13:43:48",174.1,1,maksymkhavil
9027,16752120,"Görkem Tuğ","2026-08-24 10:45:35",174.1,2,grkemtu
9028,16854169,"[Deleted] fe7af88d-d80f-4441-a8c5-3cca6b980e41","2026-09-09 12:41:02",174.1,2,del=0749851e202390c3
9029,16793648,Sarda___,"2026-08-30 16:51:21",173.9,2,brainnotfound3
9030,16730745,"Aymerou Yaya Koné","2026-09-16 04:57:31",173.9,2,aymerouyayakon
9031,16663334,"sameer mughal","2026-08-29 20:12:57",173.6,2,sameermughal109
9032,16740815,Remielle,"2026-09-18 17:05:49",173.6,2,remielle
9033,16630725,"vaibhav vyas","2026-08-06 10:56:52",173.5,2,vaibhavvyas0
9034,16664458,"Prantik Chandra","2026-08-05 05:47:10",173.2,1,prantikchandra
9035,16659929,"MAMADOU LY (LY BOUSSO 45)","2026-08-13 11:43:25",172.9,2,mamadoulylybousso45
9036,16683903,Saju,"2026-08-17 11:31:45",172.5,1,sajutr
9037,16632111,"Arda Çiftçi","2026-08-04 20:03:37",172.0,2,ardaciftci
9038,16760025,DEBI,"2026-09-17 21:07:44",172.0,2,"mayarabdelfattah,omarelmaghraby03"
9039,16653462,"Ruchi Scott","2026-08-12 12:19:19",171.9,2,ruchiscott
9040,16701106,moshito,"2026-08-10 14:13:58",171.7,2,"danamaulana123,moshito,naufaldhiaulhaq01"
9041,16672322,"khalil ur Rehman","2026-08-13 05:10:03",171.6,2,khalilurehman
9042,16658033,"sanjay Ghalagi","2026-08-27 15:29:34",171.6,2,sanjayghalagi
9043,16654827,"ADITYA KUMAR MISHRA","2026-08-03 20:07:22",171.6,1,aditya1kumarmishra
9044,16697466,"hunain shahid","2026-08-11 06:12:38",171.4,2,hunainshahid230
9045,16785085,"THEEPAN S.S","2026-08-28 16:35:39",171.0,2,theepanss
9046,16658577,farmercode261,"2026-09-12 03:26:38",170.9,2,hifnikhakim
9047,16668018,"DAVID CHEW HL","2026-08-06 06:36:34",170.8,2,davidchewhl
9048,16713329,qrcodeTH,"2026-08-13 08:22:40",170.6,2,thanaphumsaywonin
9049,16897043,"Suyog Dahal","2026-09-15 12:57:27",170.5,1,uzumakidahal
9050,16692568,"Muhammed Gulfam Toor","2026-08-13 19:04:32",170.5,2,gultoor
9051,16635248,eosphor,"2026-08-01 09:46:59",170.5,2,eosphor
9052,16791131,"Maria Carolina BRAY","2026-09-18 12:21:35",170.3,2,mariacarolinabray
9053,16840189,"Sneha yadav","2026-09-18 04:04:52",170.0,2,sneha463
9054,16681895,Akshar,"2026-08-07 06:16:19",170.0,2,aks0625
9055,16654098,"Mohd Zaki","2026-08-26 01:46:45",170.0,2,mdzaki08
9056,16690188,Anurag,"2026-08-08 10:20:42",169.9,2,kumaranu2007
9057,16802035,"sanchit atre","2026-09-01 09:31:07",169.8,2,sanchitatre
9058,16670777,"Aman Yitbark","2026-08-13 05:43:27",169.5,1,amanyitbark
9059,16712562,"Sagar Singh","2026-08-17 09:28:26",169.4,2,acrejzz
9060,16784932,"Shefali Pradhan","2026-08-29 10:03:30",169.4,2,shefalipradhan
9061,16656954,"Marwan Elmetwally","2026-08-04 05:56:29",169.3,2,marwanelmetwally
9062,16737641,"PATIL ATHARV VIJAYKUMAR","2026-09-07 05:35:17",169.3,2,"atharv095022,patilsarthakvilas,sonuretusharsuresh"
9063,16664875,SaiSujitPunukollu,"2026-08-05 05:46:11",169.2,1,saisujitpunukollu
9064,16670662,"Gina Lee","2026-08-11 22:45:21",169.0,2,ginaleegdm
9065,16633003,"K Mukhiya ","2026-08-01 12:09:51",168.9,2,kmukhiya
9066,16669142,"Jaclyn Agee","2026-08-07 15:21:06",168.8,2,jaclynagee
9067,16784431,"Régis Meyssonnier","2026-08-28 14:47:27",168.8,1,rgismeyssonnier
9068,16715354,"Alyssa Clark","2026-08-14 02:52:26",168.6,2,a1yssaclark
9069,16654124,"Aditya Kumar Singh","2026-08-05 09:57:29",168.5,2,adityq121608
9070,16683577,"Ankush Kumar M","2026-08-07 13:19:05",167.9,2,ankushkumarm
9071,16623563,"Jocelyn Dumlao","2026-09-01 02:35:54",167.8,2,jocelyndumlao
9072,16712568,"Tanvi Dobariya","2026-08-14 17:39:52",167.8,1,tanvidobariya
9073,16657892,"Boonanan namna","2026-08-17 04:36:04",167.6,1,boonanannamna
9074,16690112,"Ayush Tripathi","2026-08-17 09:03:03",167.6,2,ayushtripathi112
9075,16713002,"Adithya M","2026-08-13 15:42:17",167.5,2,adithya3907
9076,16688165,"David @ Koantek","2026-08-25 23:53:17",167.4,2,artificialbrilliance
9077,16677403,bababoy,"2026-08-15 14:55:17",167.4,2,adrienrenard
9078,16660285,"Sawan Kohli","2026-08-06 13:11:44",167.1,2,sawankohli
9079,16658440,"Gloria Lourelynn S","2026-08-04 15:16:09",167.0,1,glorialourelynn
9080,16793392,"reda elkrouchni","2026-09-02 16:16:05",167.0,2,redaelkrouchni2
9081,16697339,"Muhammad Safwan Ahmad Saffi","2026-08-15 00:28:21",166.8,2,safwanahmadsaffi
9082,16680858,"Harshul Gupta","2026-08-21 04:40:05",166.8,2,harshulgupta77
9083,16849230,"Md. Mahim Babu","2026-09-18 11:27:55",166.6,2,mdmahimbabu
9084,16740144,Salmon,"2026-08-21 12:55:13",166.4,2,shin3110
9085,16676026,"Bedashree Swarupa Das","2026-08-06 14:14:21",166.4,1,ashokkumardasbedashr
9086,16780986,Azizbek,"2026-09-01 14:26:45",166.4,2,miracle88
9087,16795043,"SONU RAUT","2026-09-05 11:51:59",166.2,2,sonuraut
9088,16656164,"Justin Schomer","2026-08-09 09:05:59",166.2,2,fathersecurity
9089,16756875,"Meryem Kevser Keskin","2026-09-01 21:30:35",165.8,2,meryemkevserkeskin
9090,16657227,"Anusha Marla","2026-08-04 07:05:53",165.6,2,anushamarla
9091,16750391,"Batuhan Yerebasmaz","2026-08-20 18:34:21",165.4,2,batuhanyerebasmaz
9092,16632418,"Bretokce 3amich","2026-08-07 12:18:26",165.4,2,bretokce3amich
9093,16662803,"Ashish Gawade","2026-08-04 19:11:19",165.1,2,ashishgawade
9094,16875898,"Sai Krishna Pakkir","2026-09-11 17:30:49",164.8,2,saikrishnapakkir
9095,16624973,"Mrunmayee Kulkarni","2026-07-31 06:16:46",164.7,1,kulmrun
9096,16721941,"Rita Ohabuenyi","2026-08-14 12:57:37",164.7,2,ritaohabuenyi
9097,16756868,"Anisha Maurya","2026-09-05 19:29:41",164.6,2,anishamaurya
9098,16668495,Herisitraka,"2026-08-05 17:16:28",164.6,2,herisitraka
9099,16725990,"Parth Tomar","2026-08-24 12:35:45",164.5,2,parthtomar193
9100,16656210,"Sanjay Suthraye","2026-08-04 14:55:13",164.3,2,sanjaysuthraye96
9101,16707062,"G DOLANARASIMHA","2026-08-11 12:18:02",164.3,2,gdolanarasimha
9102,16688288,"Ojo Oluwadamilare","2026-08-08 01:43:30",164.1,2,ojooluwadamilare
9103,16658401,"Aryan Lonare","2026-08-04 09:55:47",164.1,2,aryandyalullonare
9104,16757671,xxxxc47,"2026-08-22 08:25:52",164.0,1,xxxxc47
9105,16730380,"FOKRUL ISLAM LECTURER","2026-08-19 01:56:28",164.0,2,fokrulislamlecturer
9106,16724995,dice1494,"2026-08-16 08:51:34",163.8,1,dice1494
9107,16799001,"Trịnh Quang Minh","2026-09-01 05:16:32",163.7,1,trnhquangminh140
9108,16658635,"Deepak Kumar ","2026-08-05 02:38:29",163.4,2,deepak2026ml
9109,16777923,Sho,"2026-09-18 17:37:30",162.3,2,shoito08190904
9110,16662269,"KAMLESH KUMAR POKHARNA","2026-08-06 17:25:51",162.1,2,kamleshkumarpokharna
9111,16893966,"Nguyễn Thái Duy","2026-09-15 08:12:14",162.1,1,nguyenthaiduytgu
9112,16659271,Hamish,"2026-08-12 12:48:51",161.9,2,hamishdickson
9113,16657344,"Ombayo fredrick","2026-08-04 14:04:04",161.9,2,ombayofredrick
9114,16904721,"Creeper Thánh","2026-09-16 06:35:52",161.7,1,creeperthnh
9115,16664586,"Owen Lim","2026-08-05 05:42:25",161.5,2,owenlim45
9116,16777407,"Fahrur Rozzi","2026-08-26 23:01:52",161.5,1,frozzi18
9117,16654384,"Alladi Sai Kalyan Raman 24BCE1509","2026-08-30 09:33:11",161.4,2,alladisaikalyanraman
9118,16625029,Hilarus,"2026-08-01 15:59:02",161.0,2,hilagbag
9119,16632458,"RAMAN BANSAL","2026-08-24 04:35:56",161.0,1,ramanbansal
9120,16714589,xinsu9898,"2026-08-16 22:26:49",160.7,1,xinsu9898
9121,16631135,"Fernando Liazar Luemba Salvador","2026-09-18 21:41:27",160.7,1,fernandollsalvador
9122,16667886,"Ubaid ur rehman 0345","2026-08-05 15:23:12",160.2,2,ubaidurrehman0345
9123,16662662,"Joaquim Jose1","2026-08-04 17:57:03",160.0,1,joaquimjose1
9124,16690433,"Amar Amar Gupta","2026-08-15 10:08:37",159.9,2,amaramargupta
9125,16657462,"CROP CODERS","2026-08-10 18:00:28",159.9,2,"dhanvanthraj,raghavan9944,shanmugam666,sitha2345,sumaiyahibrahim"
9126,16690195,"Manshi Shukla","2026-08-08 10:12:24",159.6,2,manshishukla
9127,16661500,"yagnit sutariya","2026-08-04 15:34:39",159.5,1,yagnitsutariya
9128,16670462,"Talha Kayar","2026-08-15 15:24:03",159.3,2,talhakayar
9129,16832928,"Ilgar Gurbanov","2026-09-10 12:41:23",159.1,2,ilgargurbanov57
9130,16657578,raushancoursework,"2026-08-05 06:54:51",159.0,1,raushancoursework
9131,16686834,Kaabbil,"2026-08-09 16:14:49",158.9,2,"dr3aking,kaabbil"
9132,16715896,新木,"2026-08-18 05:25:46",158.8,1,sunchief
9133,16633551,"Subarno Sen","2026-08-25 04:42:35",158.8,2,lordfiftyfive
9134,16662099,"The Algorithmist","2026-08-04 23:41:59",158.0,2,riyagheewala
9135,16748453,LINJINYAN,"2026-09-06 14:25:23",157.9,2,linjinyan
9136,16722089,"Saidjon Ramazonov","2026-08-16 05:51:50",157.9,2,saidjonramazonov
9137,16718605,"صفاء عبد الرقيب","2026-09-06 19:27:10",157.8,2,bssgirl
9138,16641277,Zenieverse,"2026-08-30 05:09:04",157.8,2,zenieverse
9139,16778908,"PATIL ADITYA PANDURANG","2026-09-01 17:34:33",157.5,1,"jagdalepranavsagar,patiladityapandurang,pavankadam7005"
9140,16629426,"Abdullah Qureshi","2026-07-31 10:00:44",157.5,2,abdullahqureshi120
9141,16666706,baijiachang,"2026-08-05 11:04:21",157.4,1,baijiachang
9142,16671232,"sms tcil","2026-08-07 13:03:30",157.1,1,smstcil
9143,16658189,"Zale John","2026-08-26 00:48:24",157.1,2,zalejohn
9144,16663265,"Darlington Ayakazi","2026-08-04 20:26:08",157.0,1,darlingtonayakazi
9145,16756887,"Rushika S","2026-09-13 12:26:14",156.9,1,rushikas
9146,16802348,Shergill_17,"2026-09-01 11:17:15",156.9,2,shergill17
9147,16658522,"Amna khanii23","2026-08-07 05:15:47",156.7,2,amnakhanii23
9148,16640468,"Sohangkumar Patel","2026-08-26 15:00:44",156.6,2,samsamurai
9149,16701997,zran1t,"2026-08-15 14:10:18",156.3,2,zran1t
9150,16814946,"Bekama Regasa Negewo","2026-09-03 07:30:36",156.0,1,bekamaregasanegewo
9151,16840168,"gratefully dumb","2026-09-09 16:11:57",155.9,1,gratefullydumb
9152,16705360,Elahi,"2026-08-18 05:49:00",155.6,2,mmelahi
9153,16723068,"Clara Lima Silva","2026-08-21 21:39:57",155.6,1,claralimasilva
9154,16667968,ChronosData,"2026-08-18 14:25:43",155.4,2,codex5843
9155,16667231,bettsy,"2026-08-05 12:12:35",155.2,2,bettsy
9156,16662557,"Naman Sudershan","2026-08-05 13:21:08",154.9,2,namansudershan
9157,16723289,"Caio Saboia","2026-08-28 18:24:29",154.8,1,caiosaboia
9158,16654363,"NIKHIL YADAV","2026-08-17 21:20:32",154.5,2,nikhilyadav232223
9159,16679979,Pranav6657,"2026-08-07 02:40:48",154.2,1,pranav6657
9160,16658969,"Yuri Maslov","2026-08-04 10:11:45",154.1,1,yurimaslov
9161,16661447,"Sibel Özbek","2026-08-04 20:50:27",154.1,1,sibelzbek
9162,16775010,"Alexey Kuznetsov","2026-09-18 23:21:36",153.9,2,legtarrr
9163,16658898,"SRI shiva","2026-09-16 04:42:25",153.7,2,srishiva
9164,16739102,"Mithulya Kumarapeli","2026-08-30 03:53:39",153.7,1,sandalim
9165,16729010,"karan sankhe","2026-08-16 15:15:45",153.7,2,karansankhe1356
9166,16872073,"Positive Quark","2026-09-18 13:51:27",153.6,2,quarkliu
9167,16864193,"[Deleted] b3063c6b-024a-4ece-902e-6edde232fe9f","2026-09-10 06:27:50",152.8,2,del=d26e59586a26ce18
9168,16690199,"Lavkush Yadav","2026-08-08 10:20:55",152.0,1,lavkushyadavcse
9169,16907555,"Pandidurai E","2026-09-17 16:08:13",151.1,2,pandiduraie
9170,16756344,"Pasindu Perera","2026-08-21 19:21:11",151.1,1,amavinperera
9171,16697716,ZEO,"2026-08-09 19:43:41",151.0,1,anuppatil29
9172,16658362,MHaurel,"2026-08-09 15:32:45",150.8,1,hetax17
9173,16659036,"Mohammed Kaif","2026-08-04 10:41:22",150.3,2,mkaif001
9174,16634761,"CHARHBILI Moad","2026-08-07 13:44:23",150.2,1,charhbilimoad
9175,16697143,"Jeisa Mathew","2026-09-06 13:04:00",150.0,2,jeisamathew
9176,16775493,"JOE DEVA JERRY D ","2026-08-26 15:41:55",149.8,1,joedevajerryd
9177,16772354,"Gleidistony Mendes","2026-09-18 12:01:25",149.8,2,gleidistonymendes
9178,16630041,"Devi prashad tripathi","2026-08-03 17:56:58",149.7,1,deviprashadtripathi
9179,16730922,"Shengyuan Yin","2026-09-13 08:07:37",149.6,2,flaming0
9180,16677081,"Brandon Gaston","2026-08-12 23:49:58",149.4,1,mushmon
9181,16789570,wyananwyanan,"2026-09-16 03:05:19",148.9,2,wyananwyanan
9182,16843225,"Tobenna Okeke","2026-09-06 12:09:22",148.7,2,tobezzi
9183,16883962,"Ilakk manoharan","2026-09-18 20:45:06",148.6,2,ilakkmanoharan
9184,16691729,"ADOLF FAUSTINE","2026-08-18 02:42:39",148.1,2,adolffaustine
9185,16713896,"Quantum Fusion","2026-08-14 12:12:34",148.0,1,gugurobotics
9186,16662083,ihabkaggle,"2026-08-07 00:42:33",147.7,2,ihabkaggle
9187,16680419,"Tech Changer","2026-08-17 12:31:58",147.5,1,johnbibin
9188,16659062,"MOHAMMAD SUBHAN PASHA","2026-08-17 07:14:09",146.4,1,mohammadsubhanpasha
9189,16785398,"Vitória Freitas","2026-08-28 20:07:12",145.8,1,vitoriafreitas13
9190,16662859,"Mohamed Zahran","2026-08-05 04:41:56",145.6,1,zrnking2012
9191,16748612,"Priyadharshini B","2026-08-24 12:06:18",145.4,1,priyadh29
9192,16754111,"Kalpana Patki","2026-08-22 16:05:10",144.9,1,kalpanapatki
9193,16884753,God111,"2026-09-13 05:22:00",144.3,1,god111
9194,16637099,tobhull,"2026-09-09 01:58:40",143.9,2,tobhull
9195,16662334,"Andres Beltran","2026-08-04 22:58:11",143.7,2,andresbeltran05
9196,16661969,"Raja T","2026-09-18 14:59:47",142.7,2,rajathiagaraj
9197,16674774,"Dine ALASSANE","2026-08-07 05:53:28",142.5,2,dinealassane
9198,16858886,twispur,"2026-09-09 07:38:09",142.2,1,twispur
9199,16737040,"Joseph Djian","2026-09-09 10:30:17",142.0,2,djian55
9200,16686902,"Aaditya Jain","2026-09-14 06:22:21",141.7,2,aadityajain2312
9201,16662142,"Adnan Khan","2026-08-30 06:22:52",141.0,2,iamadnankhan313
9202,16777666,Lithops1112,"2026-09-05 08:20:21",140.6,2,lithops1112
9203,16729148,"Marco M","2026-08-16 22:51:36",140.4,1,marcoms1000
9204,16841612,"Jordan #2","2026-09-10 16:51:25",140.1,2,jordantay
9205,16756264,query_stop,"2026-08-27 00:24:14",140.0,2,jaared
9206,16847667,"Tushar Barman","2026-09-12 20:30:34",139.5,2,tusharbarman
9207,16827437,kaedehs33-max,"2026-09-08 03:06:50",138.8,1,kaedehs33max
9208,16705490,"KASTHURI DEVI M","2026-08-13 10:42:42",138.3,2,kasthuridevim
9209,16807010,cjsrudals,"2026-09-13 08:33:47",138.0,2,cjsrudals
9210,16662230,"Angus Mc Gregor","2026-08-13 21:25:46",137.1,2,angusmcgregor
9211,16671827,"Shourya Gupta","2026-09-18 05:50:22",137.0,2,siriuspotter
9212,16669311,Schoki,"2026-08-17 22:26:49",136.8,2,jensdnisch
9213,16763400,"Parth Sarnobat","2026-09-18 19:02:38",136.4,2,parthsarnobat
9214,16738778,"DILIP BAVISKAR","2026-09-13 09:12:49",136.2,2,dilipbdilipb
9215,16707146,kaganou,"2026-08-11 13:19:53",136.1,1,kaganou
9216,16662714,"Amilcar Rodriguez","2026-09-01 04:22:39",134.2,2,amilcarskt
9217,16868591,"Lucas A. Rizzieri","2026-09-11 00:22:41",133.8,2,lucasarizzieri
9218,16861721,"SJ Gamsyy","2026-09-11 09:40:23",133.6,2,sjgamsyy
9219,16621565,"salih chindo","2026-08-12 19:45:58",133.6,1,salihchindo
9220,16731986,Vugar3,"2026-08-17 10:51:29",133.1,2,vuqarxudvrdyev001342
9221,16755329,SBedrosian123@,"2026-08-21 15:07:41",133.0,1,sbedrosian123
9222,16629441,Sofia_Gilka,"2026-09-18 14:41:35",133.0,2,sofiagilka
9223,16776990,"Yash Kumar #2","2026-09-18 17:00:33",132.2,2,yashkumargunnersshot
9224,16775483,"Parv Malav","2026-08-26 16:20:27",131.8,2,parvmalav
9225,16662123,hannhu40022,"2026-08-04 18:45:07",131.6,2,hannhu40022
9226,16771841,"Panagiotis Alimisis","2026-09-14 19:04:58",130.2,2,palimisis6
9227,16670547,"Maduako Prince","2026-08-05 22:53:03",130.1,2,maduakoprince
9228,16681056,"Aryan Jhingan","2026-08-11 18:53:48",129.3,2,aryanjhingan
9229,16654556,anjipoo,"2026-08-05 15:33:04",127.8,2,anjana0812
9230,16727876,"Harrison Wachira","2026-08-16 08:50:03",127.6,1,harrisonwachira254
9231,16621770,"Rudraksh Zodage","2026-07-30 20:07:49",127.1,2,rudrakshzodage
9232,16793536,yukko08,"2026-09-14 16:37:04",127.0,1,yukko08
9233,16717094,"[Deleted] 3efc3b54-b875-4c05-8e11-1214498e2853","2026-08-13 12:30:26",126.5,1,del=386289f87b91311f
9234,16659871,"Abel Kpoton","2026-08-04 20:41:20",126.4,2,abelkpoton
9235,16659041,"uma mahesh23","2026-08-04 11:50:03",126.2,2,umamahesh23
9236,16921938,"Hikaru Kambe","2026-09-18 17:18:44",126.1,1,hikarukambe
9237,16674977,BarbateP,"2026-09-18 14:12:32",125.8,2,barbatep
9238,16712406,"L Sangeetha","2026-08-18 01:56:24",125.5,2,lsangeetha
9239,16690499,SuperAI@2615,"2026-08-11 16:42:48",125.5,2,superai2615
9240,16659840,"Dasari Giri Gabrelu","2026-08-05 13:41:11",125.4,2,giridasari
9241,16680165,"Radwa ALkalifa","2026-08-23 08:39:37",124.6,2,radwahamada
9242,16713435,"Visruti Patidar","2026-08-16 11:18:23",124.5,2,visrutipatidar
9243,16716402,"Shashvat Singham","2026-08-13 10:56:39",124.3,1,shashvatsingham
9244,16794292,"Taylor Clark","2026-09-18 18:28:33",123.8,2,taylorclark637
9245,16656235,"Zain Ul Abideen Samo","2026-08-06 15:22:02",123.8,2,zainulabideensamo
9246,16636855,"Wynn Koo","2026-08-01 14:03:04",123.7,1,yongfenggg
9247,16770924,rohit,"2026-09-12 05:08:35",123.1,2,rohitsrinivasan31
9248,16656815,"Atharva S. Naladkar","2026-08-06 06:46:40",122.3,2,atharvasnaladkar
9249,16640323,"KOUSHIK KUMAR DINDA","2026-08-29 01:55:31",122.3,2,koushikkumardinda
9250,16658297,"Charishma Pillapalem","2026-08-11 12:46:56",122.3,2,charishmapillapalem
9251,16656643,"Willetta Dettore","2026-08-05 15:33:52",122.0,2,willettadettore
9252,16653934,"Ayomide Abdulrahmon","2026-08-03 19:22:32",121.9,2,ayomideabdulrahmon
9253,16683220,Kongali,"2026-08-10 01:24:37",121.8,2,kongali
9254,16794281,"adilio freitas","2026-08-30 22:25:36",119.6,1,adiliofreitas
9255,16623660,"Taylor S. Amarel","2026-07-31 23:36:48",119.4,1,taylorsamarel
9256,16765566,DIYANSH_JAIN7,"2026-09-03 10:56:38",117.6,1,diyanshjain7
9257,16674328,daniel,"2026-08-06 09:34:23",117.5,1,dkamgamegasoft
9258,16657486,"Turhan TAS","2026-08-10 09:21:40",117.4,1,turhantas
9259,16723091,"Naiely Silva","2026-08-28 00:53:34",117.1,1,naielysilva
9260,16725070,"Mehak Iftikhar","2026-08-15 13:21:30",117.1,2,mehakiftikhar
9261,16668691,BeltusTebid,"2026-08-05 16:01:45",117.0,1,beltustebid
9262,16662455,"Nenavath Shashi","2026-08-04 18:04:52",116.7,2,nenavathshashi
9263,16735064,"Harshada Thorat 129","2026-08-18 03:58:34",116.5,1,harshadathorat129
9264,16679847,"Julio Contreras","2026-08-21 20:29:09",116.3,2,juliocontreras
9265,16841368,lware5829,"2026-09-05 20:57:52",116.0,1,lware5829
9266,16626218,"Srishti Gauraha","2026-08-08 05:40:23",115.7,1,srishtigauraha
9267,16661098,"Muhammad aufa azmi","2026-08-04 15:18:35",115.5,2,muhammadaufaazmi
9268,16662809,"Chukwu Excellent","2026-08-08 22:06:34",115.1,2,chukwuexcellent
9269,16743822,Surya,"2026-08-19 16:21:21",114.4,1,suryapandian
9270,16659097,noril09,"2026-08-04 11:56:35",113.6,2,noril09
9271,16914127,"Aditya Jha","2026-09-18 06:49:35",113.5,2,theadijha
9272,16654509,"Shruti Kondabathula","2026-08-07 18:17:56",113.2,2,shrutikondabathula
9273,16658695,"Muskan Zahid","2026-08-04 14:14:02",113.1,2,artificial52
9274,16731873,"Abhishek Singh Solanki","2026-08-19 07:24:47",112.9,1,realabhi5hek
9275,16707468,"SBJ 2205","2026-08-12 09:59:33",112.7,1,sbj2205
9276,16662547,"hiteshsinh solanki","2026-08-05 07:59:16",112.5,2,hiteshsinhsolanki2
9277,16719809,"Milanto FR","2026-08-14 05:37:48",112.3,2,milantofr
9278,16659582,"Srikanth Adivanna","2026-08-04 11:25:45",112.3,1,srikanthadivanna
9279,16626159,"Cảnh Đinh Tiến","2026-08-02 09:17:36",110.0,2,tourist110406
9280,16659308,Attaerabi,"2026-08-05 07:52:52",109.7,2,attaerabi
9281,16661160,"Roobhasridevi P","2026-08-04 14:31:22",109.6,1,roobhasridevi
9282,16913975,"Tom Dooley","2026-09-17 11:48:20",109.2,2,tomdooley123
9283,16670368,"Gary Gitton","2026-08-19 17:03:04",108.5,2,garygitton
9284,16676977,"Akash Babu","2026-09-04 06:45:03",108.4,2,akashbabu17
9285,16657303,"Tejas Tiwari","2026-08-04 07:32:17",108.2,1,tejaat
9286,16662295,"benja cooper","2026-08-04 17:41:28",106.4,2,benjacooper
9287,16762458,"Promise Matorofa","2026-08-24 10:00:04",106.0,2,promisematorofa
9288,16660342,"Adapa Gopireddy","2026-08-04 12:49:43",105.0,1,adapagopireddy
9289,16657561,Roshdibenrojo83,"2026-08-04 07:19:05",104.4,2,roshdibenrojo83
9290,16670552,"Harsh Chaudhary ml","2026-08-05 22:16:25",104.1,1,harshchaudharyml
9291,16746655,"Charan Reddy321","2026-08-25 06:27:38",103.7,1,charanreddy321
9292,16656685,"Shravani Hibare","2026-08-05 10:15:36",103.4,2,shrahib4725
9293,16633511,"joshan gladston","2026-08-01 01:19:57",103.3,2,joshangladston
9294,16912163,"Umar Tabbsum","2026-09-17 14:36:46",102.0,2,umartabbsum
9295,16677441,"ERREGUI YOUSSEF","2026-08-06 18:02:39",101.5,2,erreguiyoussef
9296,16848578,"Tuấn Anh","2026-09-09 04:28:16",101.2,2,tuananhdata
9297,16726311,"Prince Diwakar","2026-08-16 12:55:18",100.7,2,princediwaker
9298,16641109,zzgtylors,"2026-08-06 06:21:50",100.2,2,zzgtylors
9299,16658666,"VMax Agents","2026-08-04 10:57:49",100.0,1,"akhiildheep,mithun5353"
9300,16744618,"Roberth Douglas UFC","2026-08-27 16:33:10",98.8,2,roberthdouglasufc
9301,16665079,"Maguluri Keerthi","2026-08-05 06:16:03",98.1,2,magulurikeerthi
9302,16654559,"Kerem Ali AVCIOĞLU","2026-08-03 19:28:49",97.5,2,keremaliavciolu
9303,16691542,Tushar_SVC,"2026-08-11 04:12:09",97.2,2,tusharsvc
9304,16798631,dzlabs,"2026-09-01 09:57:10",96.8,2,dzlabs
9305,16669346,"Jalpesh Vasa","2026-09-17 19:32:59",96.7,2,"deep1812,jalpeshvasa"
9306,16658299,"Bakar Prabowo!","2026-09-05 08:14:32",95.3,2,"galihrattn,kingki19,ranggacarkawan"
9307,16659451,anero98,"2026-08-22 20:47:29",93.3,2,anero98
9308,16663161,"Pial Mahmud","2026-08-17 10:38:21",93.1,2,pialgroup
9309,16898267,Tannybro,"2026-09-18 14:45:15",92.8,2,tannybro
9310,16660340,"pawan sondhiya","2026-08-07 06:22:38",92.6,2,pawansondhiya
9311,16731142,yshinok,"2026-09-16 23:32:47",92.5,2,yukishinohara0114
9312,16743241,"Adhvaith KS","2026-09-02 14:30:35",92.1,1,adhvaithks
9313,16886704,"mohammed alshokry","2026-09-15 14:06:43",92.1,2,mohammedalshokry
9314,16848280,"Oladipupo Olapoju","2026-09-08 00:24:32",91.3,2,pupoolapoju
9315,16621519,Ᏸ𐍂Ꭷ,"2026-07-30 17:30:30",90.7,2,dheerajkannaujiya
9316,16656485,stunningvn,"2026-09-08 07:40:44",88.7,2,dedquoc
9317,16656240,"SACHIN KUMAR","2026-08-10 03:13:24",87.3,2,sackm123
9318,16735323,"Souvik Routh","2026-08-18 04:30:21",87.0,1,souvikrouth
9319,16666836,"Emir Ayvaz","2026-08-07 05:57:00",86.4,2,emirayvaz
9320,16662243,"Cepeda Braxton","2026-08-04 19:31:54",86.3,2,cepedabraxton
9321,16666273,"Wondu Zerihun","2026-09-08 07:55:57",85.9,2,zerihun369
9322,16714335,"Jake Mordan","2026-09-06 22:35:04",85.7,1,jakemordan
9323,16730854,src,"2026-09-14 06:56:17",85.0,2,skthtu
9324,16667489,"Cornol Lieto","2026-08-05 12:31:14",84.8,1,lietocornol
9325,16803074,"fumihito mori","2026-09-01 14:00:16",84.4,1,fumihitomori
9326,16857111,tfcygv,"2026-09-09 00:09:00",84.0,2,tfcygv
9327,16656777,"Salam Alqerem","2026-08-31 10:59:33",82.7,2,salamalqerem
9328,16700316,"Pranav Waghmare","2026-08-11 16:29:05",82.6,1,waghmarepranav6
9329,16623094,"Claudia Arias Gonzalez","2026-09-18 21:02:35",82.5,2,claudiaariasgonzalez
9330,16867026,"Aashish Bagmar","2026-09-11 05:14:45",81.6,2,aashishbagmar
9331,16623953,"Denuwan Wijesinghe","2026-08-01 07:57:04",80.7,2,denuwanwijesinghe
9332,16687620,Goktug1,"2026-09-18 18:47:26",79.7,2,goktug1
9333,16654711,"Rupam Bhattacharjee1","2026-08-14 16:43:07",78.3,1,rupambhattacharjee1
9334,16663277,"Mariana Mejía","2026-08-24 23:58:54",78.2,2,marianameja
9335,16693819,"Hossein Shad Manaman","2026-08-12 03:14:58",77.6,2,hosseinshadmanaman
9336,16736939,"Flandre 29","2026-08-26 08:23:01",77.0,2,flandre29
9337,16661419,"Shivansh Soni","2026-08-04 15:08:01",76.8,2,shivanshsonii
9338,16678283,"Ajinkya Digurkar","2026-08-21 10:56:03",76.2,2,"ajinkyadigurkar,sakshiagrawal8818"
9339,16789546,"lsm jii","2026-08-29 08:48:51",76.2,2,lsmjii
9340,16665345,saurabh10june,"2026-08-05 11:53:47",75.3,2,saurabh10june
9341,16655748,revathip,"2026-08-06 06:00:14",75.2,2,revathiprakash
9342,16808545,"Qinyong Wang","2026-09-02 11:53:03",74.8,2,magicwqy
9343,16769234,"Akshar #2","2026-09-03 09:38:13",74.8,2,aksharzala
9344,16780057,"Njabulo Hope Makana","2026-09-18 15:46:55",74.3,2,njabulohopemakana
9345,16659675,"M.Athallah Rafif Aldera","2026-08-06 12:40:14",74.2,2,mathallahrafifaldera
9346,16663897,jayaBhavagan,"2026-08-05 19:34:36",73.3,1,jayabhavagan
9347,16728931,Sathwik2006,"2026-08-16 14:25:36",72.6,2,sathwik2006
9348,16668599,"Hafsa Anwaar","2026-08-05 17:43:21",72.0,2,hafsaanwaar
9349,16663406,"Elshan Kazim","2026-08-16 08:38:43",71.2,1,elsnkazm
9350,16633018,purelilyth,"2026-08-20 19:43:09",70.9,2,purelilyth
9351,16881964,"Vipeen Kumar","2026-09-16 13:58:16",69.8,2,vipeen
9352,16667773,ShashankJha,"2026-08-11 15:41:47",69.6,2,shankinfy
9353,16858278,"Sukma Ramadhan A","2026-09-12 13:22:49",68.7,2,sukmaramadhana
9354,16846758,"Harish More","2026-09-07 07:44:25",67.9,2,harishmore812
9355,16710773,Openaiskrip,"2026-08-12 07:54:38",67.9,2,openaiskrip
9356,16657055,RedKiwi,"2026-08-05 05:57:34",67.7,2,tnmthai
9357,16794173,"Kamran Arshad","2026-08-31 07:19:49",67.3,2,kamranarshad
9358,16730708,ysakuragi,"2026-08-19 01:30:12",66.5,1,ysakuragi
9359,16666072,Abinash,"2026-08-05 15:07:52",66.4,2,abinashsinha1726
9360,16785477,"ASHMIL P URK25CS7129","2026-08-28 18:26:11",64.5,1,ashmilpurk25cs7129
9361,16735237,"YASH CHIMAN","2026-08-18 04:20:24",64.2,1,yashchiman
9362,16680428,"Surabhi veda","2026-08-07 01:49:35",62.9,1,surabhiveda
9363,16661711,"Wild Star217","2026-08-30 18:00:18",62.3,2,wildstar217
9364,16785053,"Rinosh Bethala","2026-08-28 17:52:26",61.8,1,rinoshbethala
9365,16660886,"Dr.Eldirdiri Fadol ","2026-08-05 05:30:48",61.6,2,dreldirdirifadol
9366,16904320,"Flying Duck","2026-09-17 04:24:31",60.6,2,dreame1
9367,16698958,"Shanjaya SK","2026-08-28 15:25:11",60.6,1,"payuu03,shanjayask"
9368,16658100,"Nanda Riansyah","2026-08-04 08:55:54",59.7,2,nandariansyah
9369,16867360,kagg24293,"2026-09-11 08:19:36",59.0,2,kagg24293
9370,16654087,Gabriela_Fernandes4,"2026-08-04 19:12:33",58.0,1,gabrielafernandes4
9371,16780027,rotto,"2026-09-01 13:18:33",54.4,2,pirotototo4023
9372,16667339,"Victor Chege","2026-09-01 13:56:51",54.1,2,victorchege0
9373,16640594,Win2207,"2026-08-07 12:05:07",53.0,2,win2207
9374,16716562,"Ananya Maurya","2026-08-13 10:01:25",51.2,2,ananyamaurya
9375,16761007,"Pankaj Nakhat","2026-08-23 11:48:21",50.5,2,pankajnakhat
9376,16707646,ppssbb09,"2026-09-17 13:40:43",48.8,1,ppssbb09
9377,16644474,"Vihaan Ahluwalia","2026-08-05 13:16:21",48.6,2,vihaanahluwalia
9378,16698953,Locked_in_hell,"2026-08-13 18:31:55",48.6,2,stealthknight
9379,16761521,"Artificial Silicon","2026-08-29 10:17:46",47.9,1,artificialsilicon
9380,16660161,"Antimo Carlino","2026-09-08 19:09:46",44.6,2,antimocarlino
9381,16835282,nico23t,"2026-09-07 14:18:22",44.4,2,nico23t
9382,16714192,"Nishanth Palugula","2026-08-14 06:51:09",43.7,2,nishanthpalugula
9383,16675209,lavica,"2026-08-11 13:23:03",42.5,2,lavica
9384,16684847,"M.Harshavardhan Raju","2026-08-09 16:15:49",42.3,2,mharshavardhanraju
9385,16705637,"Vedant Ghodekar","2026-08-11 05:28:57",40.2,1,vedantghodekar
9386,16673372,"Hadyan Adira","2026-08-14 03:16:30",39.2,2,hadyanadira
9387,16731524,"Tsyrenov Mergen","2026-08-17 09:42:39",38.0,1,tsyrenovmergen
9388,16679410,"Leke Glean","2026-08-07 17:29:04",37.6,2,lekeglean
9389,16644519,"Shambhu Shekhar Sinha","2026-08-12 18:55:43",35.1,2,shambhushekharsinha
9390,16723050,"Ítalo Albuquerque","2026-09-11 18:32:23",35.0,2,taloalbuquerque
9391,16839644,Mikhail,"2026-09-06 06:52:57",34.9,1,mih2501py
9392,16716079,shaurya_pandey@19,"2026-08-13 09:27:49",34.5,2,shauryapandey19
9393,16784650,LukasM1,"2026-08-28 14:15:24",32.2,1,lukasm1
9394,16624064,"Hemant Ahlawat","2026-07-31 15:52:56",31.6,2,happyahlawat
9395,16675819,RohitS001,"2026-08-11 18:05:54",30.5,2,rohits001
9396,16770096,Program,"2026-09-14 11:35:12",30.5,2,panagiotapanora
9397,16792786,"Fusion Flux","2026-09-07 06:29:03",30.4,1,mithilleshkumar
9398,16719441,Gatranova,"2026-08-14 04:11:54",30.3,2,rafiabiyyuairlangga
9399,16665139,"Siddharaj Kulkarni","2026-08-16 05:23:21",29.6,2,siddharajkulkarni
9400,16720136,"Roaring Cotton","2026-09-15 20:07:58",29.0,2,daviddavidelijah
9401,16633932,omikbop,"2026-08-02 12:36:52",28.8,2,omikbop
9402,16633250,Myst19,"2026-08-03 13:25:15",24.6,2,jakeschweikhart
9403,16662721,"Manish Sharma","2026-08-12 17:44:16",23.0,2,themihirsharma
9404,16654026,"joju shaji","2026-08-09 16:36:43",20.9,2,jojushaji
9405,16771156,"Ronald Ayamba","2026-08-25 19:16:26",20.7,1,ronaldayamba
9406,16656753,"TAMAL SINGHA ROY","2026-08-05 07:57:48",20.1,2,tamalsingharoy
9407,16687628,ruchit,"2026-08-28 11:22:16",18.5,1,ruchitkhade
9408,16696104,"Harshit Meesari","2026-08-09 14:31:00",16.7,1,harshitmeesari
9409,16708290,"Hrishikesh Thakare","2026-08-12 14:45:08",14.5,1,hrishikeshthakare
9410,16676428,wayzhengong27,"2026-08-08 06:34:59",13.4,2,"kkkuek,wayzhengong27"
9411,16632413,"Varun Patil","2026-07-31 18:41:34",12.5,1,varunpatil262005
9412,16852322,"Harshit Varma45","2026-09-08 03:54:30",12.2,1,harshitvarma45
9413,16868098,"Arya Patil","2026-09-11 08:00:49",7.9,1,shutterstack
9414,16662922,BrandonDucar,"2026-09-12 23:12:40",7.7,2,brandonducar
9415,16658745,"Shabby farms 2.0","2026-08-16 03:10:28",5.4,2,rahulk5418
9416,16669011,"Siddiqui Rehan Ahmed Furqan","2026-08-07 05:24:38",4.0,2,siddiquirehanahmed
9417,16673732,"Async Null","2026-08-06 16:55:26",3.6,1,asyncnull
9418,16661152,"Dr.Abdulbaset Musleh","2026-08-19 20:09:26",2.4,2,drabdulbasetaledresi
9419,16809774,farmci,"2026-09-02 16:59:50",1.3,1,ermismel
9420,16667959,"Fourth Quadrant","2026-09-17 05:51:24",1.3,2,flynnfei
9421,16721495,"404 Crop Not Found","2026-09-01 08:45:29",0.1,2,"aiprojector,boazx15"
9422,16778494,"Agda Niya","2026-08-28 06:43:07",-0.5,2,agdaniya
9423,16659501,Duckey,"2026-08-04 13:02:16",-2.2,2,bokangletsapo
9424,16755807,PokeTrader,"2026-09-16 16:52:46",-2.4,2,poketrader
9425,16721567,"Neeraj Sharma","2026-09-04 07:21:50",-4.4,1,neerajsharma897
9426,16732320,"Malik Muhammad Arbaz","2026-08-18 13:05:51",-6.4,1,malikmuhammadarbaz
9427,16689555,"kelvin waruingi","2026-08-09 22:45:23",-11.3,2,kelvinwaruingi
9428,16657568,"Manpreet Singh","2026-08-08 13:45:41",-17.0,2,manpreet1994
9429,16674526,"Imdadul hasan hamim","2026-08-13 07:32:37",-18.9,1,imdadulhasanhamim
9430,16780318,"Piyush Darinda","2026-08-27 17:28:07",-21.3,2,piyushdarinda
9431,16664822,"Prateek Singh","2026-08-05 05:30:22",-21.7,2,pra73ek
9432,16654404,"Madhan Sidmal","2026-08-11 21:28:45",-22.3,2,madhansidmal
9433,16721501,αίνιγμα,"2026-09-17 15:57:56",-22.5,2,"muditnagori09,shahidnadaf001"
9434,16679250,srskat,"2026-08-16 08:26:30",-30.1,2,srskat
9435,16811344,"Vineeth Nannuri","2026-09-10 05:19:07",-32.1,2,vineethnannuri
9436,16644439," علي ساجد","2026-08-02 21:40:07",-33.4,2,jdvdjdv97171ushd
9437,16624666,"Avik Das","2026-08-21 08:57:10",-34.5,2,avikdas567
9438,16731488,"James Kimani","2026-08-27 13:18:20",-34.7,1,jaykim122
9439,16790678,Pujolaras,"2026-09-03 14:45:14",-38.3,1,pujolaras
9440,16676890,luciferingstar256,"2026-08-20 15:40:55",-42.3,1,luciferingstar256
9441,16659057,"Jolvin James","2026-08-07 08:04:22",-42.4,2,jolvinjames
9442,16891699,Sriram102,"2026-09-15 04:49:02",-42.6,1,sriram102
9443,16689681,"Prakash Rajan","2026-08-09 16:37:56",-43.5,2,prakashai
9444,16792531,"subash jayakumar","2026-08-30 20:14:56",-44.3,2,subashjayakumar
9445,16735078,"SUDHANSHU PATIL","2026-08-18 04:37:33",-48.3,2,sudhanshupatil10
9446,16622991,"Fedor Grigorev","2026-08-27 15:30:57",-54.3,1,fedorgrigorev
9447,16629006,ymym_tymblack,"2026-08-22 09:44:39",-57.9,2,ymymtymblack
9448,16805234,Ryuzaki2325,"2026-09-01 19:44:54",-57.9,1,ryuzaki2325
9449,16758417,AthulJenson,"2026-08-22 14:21:26",-58.0,1,athuljenson
9450,16755427,"Daksh Jain","2026-08-21 15:18:57",-68.5,1,dakshu081
9451,16663728,"Al'Humairah Ali","2026-08-10 17:28:01",-70.2,1,alhumairahali
9452,16709661,sapphirey,"2026-09-07 11:21:05",-75.0,2,sapphirey
9453,16713011,"Tasmayu Swain","2026-08-14 15:49:35",-80.0,1,tasmayuswain
9454,16683041,Abhishektyagi649,"2026-08-07 08:37:09",-83.5,2,abhishektyagi649
9455,16657035,"Christvin Mathew","2026-08-04 08:55:56",-97.8,2,christvinmathew
9456,16731829,"Alexandra Tricia","2026-08-19 07:03:33",-98.2,2,alexandratricia
9457,16681125,"M & M & P & Q","2026-09-17 00:24:47",-106.0,2,"morimo,msd0110,piiiiiiiii,qistripute"
9458,16685888,LeulYT,"2026-08-10 05:35:44",-106.1,2,leulyt
9459,16808566,"contemporary dance","2026-09-02 22:44:14",-109.1,2,shigeria
9460,16675801,"Neeraj Jha","2026-08-06 13:43:18",-115.7,1,neerajjha1996
9461,16885774,"Adama Savadogo","2026-09-14 17:34:16",-115.8,2,adamasavadogo
9462,16885473,Razazazazaza,"2026-09-15 13:23:00",-123.0,2,razazazazaza
9463,16719181,SaltyCode,"2026-08-16 04:56:22",-146.3,1,saltycode
9464,16695221,"Muhammad Daud Abbas","2026-08-12 20:04:32",-175.2,2,muhammaddaudabbas
9465,16724138,"Tuna Xiao","2026-09-07 15:05:12",-179.6,1,tunaxiao
9466,16794008,HyperPlanz,"2026-08-31 13:08:38",-180.5,2,domiandr000
9467,16889642,"calvin Grimm","2026-09-14 06:15:04",-180.8,1,calvingrimm
9468,16660261,"YO_ONE CHAUHAN","2026-08-08 23:49:54",-182.7,2,yoonechauhan
9469,16668701,"Nihal Jamadar","2026-08-09 04:28:26",-185.7,2,nihaljamadar313
9470,16717416,"Timofey Kalyak","2026-08-20 07:04:06",-189.1,1,timofeytweaky
9471,16692837,"Sai Uttam Gite","2026-08-09 11:36:32",-191.1,1,saiuttamgite
9472,16659881,SantosR,"2026-09-08 14:27:04",-191.9,2,santosr
9473,16659864,"Twin Titans","2026-08-08 07:50:33",-192.8,2,"sivahokage,solaisararaju"
9474,16665495,"sai chand Boppudi","2026-08-07 04:19:58",-198.3,2,saichandboppudi
9475,16728276,"ROHAAN ASIF","2026-08-16 11:20:59",-203.5,2,ordinarydev007
