Rank,TeamId,TeamName,LastSubmissionDate,Score,SubmissionCount,TeamMemberUserNames
1,16718819,Majkel1337,"2026-09-11 02:18:56",3232.9,2,majkel1337
2,16681125,"M & M & P & Q","2026-09-13 12:18:07",3118.3,2,"morimo,msd0110,piiiiiiiii,qistripute"
3,16621799,"Artem The Farmer 🍅","2026-09-13 07:25:22",3111.7,2,veshkinartem
4,16640510,SpaTaro,"2026-09-11 09:15:53",3041.2,2,tarosqrd2
5,16622349,"Mengfei Li","2026-09-11 21:52:47",3036.4,2,meli19
6,16732403,ymg_aq,"2026-09-13 15:09:30",3015.7,2,ymgpalaqs
7,16805699,"feel the agi","2026-09-13 14:05:13",2992.2,2,nulldata
8,16760569,"Otter Vibe","2026-09-08 11:36:43",2983.9,2,gyuminsong
9,16730524,"THIRD FARM CLUB","2026-09-13 10:23:45",2965.7,2,"bowwowforeach,mooegi,shunrcn,simann"
10,16685556,binghua,"2026-09-08 13:50:16",2956.6,2,binghua123
11,16796238,"Zhongyi Dai","2026-09-13 17:20:00",2956.0,2,zhongyidai
12,16732748,DSM,"2026-09-13 10:07:33",2948.5,2,"denden12,masspeaks,shimishige"
13,16690867,HowardLeeTW,"2026-09-13 08:07:14",2944.6,2,howardleetw
14,16732521,redblackbst,"2026-09-13 15:38:23",2941.1,2,redblackbst
15,16848479,nilochan,"2026-09-13 14:00:47",2939.5,2,nilochan
16,16675778,"Orbital Terraformer","2026-09-13 18:05:36",2938.7,2,tubotubo
17,16667242,"Gleb Tumanov","2026-09-10 18:44:35",2938.7,2,crachton
18,16644724,"Kaggriculture Agent","2026-09-13 17:24:56",2936.2,2,"jiweiliu,tonylica,yiheng"
19,16640467,Catalyst,"2026-09-13 02:27:19",2927.9,2,vibekaggler
20,16767215,keiz,"2026-09-12 14:49:18",2927.8,2,keizkeiz
21,16731275,carbonapi,"2026-09-13 09:11:03",2927.0,2,nonempty
22,16705390,"Subramanya N","2026-09-13 19:07:10",2926.4,2,subramanya1997
23,16690353,b13902103_yuhung94,"2026-09-12 09:38:49",2917.6,2,yuhung94
24,16714457,"Crop Dustas","2026-09-13 06:48:27",2917.4,2,"peikopon,rishigottumukkala"
25,16633178,"Cow Boy","2026-09-13 18:17:10",2913.8,2,shanzhong8
26,16773026,アルモンド,"2026-09-13 01:53:48",2913.7,2,almondman0707
27,16841434,soraemon,"2026-09-13 08:11:27",2911.0,2,soraemon
28,16707467,kay.liechtenstein,"2026-09-13 17:04:50",2908.9,2,kayliechtenstein
29,16641710,yjshyfy,"2026-09-13 16:32:04",2905.4,2,yjshyfy
30,16730612,"Unknown Mother-Goose","2026-09-13 12:23:53",2902.6,2,linkinpony
31,16696304,"Utkarsh #2","2026-09-13 16:52:54",2901.4,2,n0va007
32,16704247,WeAreFarmers,"2026-09-13 20:34:07",2897.3,2,gbmorris1
33,16843315,Talvenn,"2026-09-13 17:04:44",2893.0,2,talvenn
34,16685634,"Syed Asad Ali","2026-09-13 17:11:44",2888.8,2,syed3000
35,16652710,Pilea55,"2026-09-13 11:14:32",2888.0,2,ryutogrrr
36,16654783,quantara.cv,"2026-09-13 06:41:59",2888.0,2,goth55
37,16845367,kyy666,"2026-09-13 11:59:02",2885.9,2,"kyy666,robertmcwang"
38,16651244,"Knight of Favonius","2026-09-13 15:28:24",2883.6,2,ladyfaye
39,16704466,"QQ Farming","2026-09-10 18:07:39",2883.2,2,"dzjiann,hdhsjdjd,keithtyser,mitubant,ngyzly"
40,16723620,3정훈,"2026-09-11 10:44:14",2882.9,2,az05192000gmailcom
41,16867213,한밭대학교컴퓨터공학과정우민,"2026-09-13 14:01:23",2882.1,2,woominyo
42,16659679,Civitasmass,"2026-09-13 03:36:47",2877.4,2,godhand
43,16727171,yfy,"2026-09-13 08:27:28",2877.3,2,qwidndbdjss
44,16622198,"THUNDER THUNDER","2026-09-12 18:58:41",2876.0,2,thunderthunder
45,16727266,Agricola,"2026-09-13 13:48:40",2874.3,2,ebisuya
46,16741542,"let cats farm","2026-09-12 18:53:51",2874.1,2,amonkizawa
47,16637255,"leave you","2026-09-13 14:13:58",2872.1,2,superallen001
48,16806541,hidenov,"2026-09-13 17:06:24",2871.2,2,hidenov
49,16778640,Kilupy,"2026-09-13 14:58:58",2870.9,2,kilupy
50,16804863,JezzLynn,"2026-09-13 19:09:22",2870.1,2,jezzlin
51,16884858,HojunLee,"2026-09-13 12:14:42",2866.1,2,hojuna
52,16632783,chocolat,"2026-09-13 18:46:54",2864.3,2,chocolatnya999
53,16706222,"Xiangyu Liu","2026-09-09 13:36:50",2863.8,2,xiangyuliu007
54,16859496,KTAcosmo,"2026-09-13 15:27:45",2861.2,2,ktacosmo2kag
55,16762101,"Kazama Yusuke","2026-09-13 17:44:26",2860.1,2,kazamayusuke
56,16632566,maco-macoo,"2026-09-13 15:13:27",2858.5,2,macomacoo
57,16655129,"Morylov Yehor","2026-09-13 21:06:09",2858.4,2,morylov
58,16811948,"xiao xiongwei","2026-09-13 14:32:53",2856.4,2,xiaoxiongwei
59,16759786,农场主,"2026-09-13 16:41:26",2853.2,2,zzxhee
60,16652175,"Lucas Boesen","2026-09-13 21:03:53",2852.6,2,lucasboesen
61,16641077,lucaskna,"2026-09-13 19:13:27",2850.2,2,lucaskna
62,16766128,"Oleksandr Parfionov","2026-09-13 13:12:41",2848.6,2,parfyon
63,16762735,"Zenith Ye","2026-09-13 17:45:30",2848.0,2,zenithye
64,16688896,"JianYuan Deng","2026-09-13 18:26:00",2847.9,2,jianyuandeng
65,16839580,"Søren Ravn Andersen","2026-09-13 10:45:52",2847.7,2,sorenravn
66,16732578,nao.kwmr,"2026-09-13 04:05:03",2846.7,2,naokwmr
67,16693549,別班,"2026-09-13 05:11:25",2845.5,2,"kusurizuke,pepushi,tomokiaki"
68,16623990,senkin13,"2026-09-13 16:15:52",2843.9,2,senkin13
69,16717787,Bull,"2026-09-13 12:55:39",2842.4,2,welshonionman
70,16633340,"Tim Zagrebelny","2026-09-13 14:11:39",2841.3,2,timzagrebelny
71,16693965,ra5anchor,"2026-09-13 00:28:29",2840.6,2,junmitsui
72,16681893,morality0707,"2026-09-13 15:39:53",2838.6,2,morality0707
73,16833141,yomogii,"2026-09-13 15:51:22",2837.5,2,yomogii
74,16832316,"Tatu Helander","2026-09-13 05:30:33",2837.4,2,tatuhelander
75,16881350,xwl_tree,"2026-09-13 10:52:19",2832.5,2,xwltree
76,16630752,motemen,"2026-09-13 07:56:37",2832.4,2,motemen
77,16852826,Phoenix750,"2026-09-13 16:56:46",2832.1,2,richardmaddox
78,16860811,XiaoXiaoJ,"2026-09-13 14:49:11",2831.8,2,xiaoxiaoj
79,16629787,FlameZywoo,"2026-09-13 10:05:22",2830.9,2,zgdllt
80,16651806,shawnYiB,"2026-09-13 05:11:04",2830.8,2,"mike17cui,shawnyib"
81,16863959,"Hiểu Vy","2026-09-13 12:47:17",2830.6,2,thangnm1
82,16777134,Tom&Jerry,"2026-09-12 22:02:59",2830.5,2,tomjerry101
83,16730065,Blu3s,"2026-09-12 20:24:18",2828.9,2,"atteincueo,ausrine"
84,16870986,Taeyang,"2026-09-13 14:45:11",2828.4,2,taeyangg4
85,16657931,t-enstar,"2026-09-13 13:31:14",2825.7,2,tstustatama
86,16838479,"Sufi Afifi","2026-09-13 13:36:12",2823.7,2,emrys21
87,16629033,"Igor V","2026-09-13 12:31:04",2823.2,2,rostigor
88,16817518,Dresden,"2026-09-13 06:45:50",2822.2,2,dresdeng
89,16693534,HireMe,"2026-09-13 03:28:59",2822.1,2,junta1104
90,16665402,PrasadChopade213,"2026-09-12 15:10:37",2819.6,2,prasadchopade213
91,16623459,"Peng Wang","2026-09-13 02:24:19",2819.2,2,pengwang91
92,16758882,mtmr_s1,"2026-09-13 05:55:03",2817.6,2,mtmrs1
93,16881600,"Yoshihiro Hatakeyama","2026-09-13 13:05:16",2817.5,2,yoshihiro1909
94,16633341,Hak,"2026-09-12 21:41:46",2816.2,2,hakdevelopment
95,16875763,"芳村 愛支","2026-09-13 19:01:37",2815.8,2,shin1012
96,16865070,carlos-tagosaku,"2026-09-13 14:04:24",2815.1,2,sousugiyama
97,16783721,lc今天刷了吗,"2026-09-13 13:29:01",2814.9,2,"alkaidchen,limufeng"
98,16660726,自己找差距,"2026-09-13 15:57:13",2812.2,2,gengsr
99,16622422,ss,"2026-09-13 14:59:56",2809.2,2,forest2026
100,16881395,nikotin55,"2026-09-13 16:57:52",2807.6,2,nikotin55
101,16623697,yuto083,"2026-09-13 07:34:54",2805.2,2,yuto0712
102,16748173,pensukesan,"2026-09-13 14:24:23",2804.5,2,pensukesan
103,16621628,pupen_o,"2026-09-13 21:08:06",2802.4,2,pupeno
104,16637031,"and more","2026-09-13 16:17:26",2802.4,2,kym2022
105,16805906,FENGYESHAN,"2026-09-13 15:15:59",2802.0,2,fengyeshan
106,16675240,Leifson1337,"2026-09-13 17:39:03",2799.5,2,leifson1337
107,16807411,tamura_aicon,"2026-09-12 15:47:04",2798.6,2,hayatetaf
108,16847936,张志浩1,"2026-09-13 03:08:32",2797.2,2,zzh13332470923
109,16699947,HKmgikao,"2026-09-13 14:59:29",2796.7,2,hitoshikmgai
110,16732879,daulettoibazar,"2026-09-13 13:03:33",2795.4,2,daulettoibazar
111,16765884,洛希边际,"2026-09-13 14:58:43",2794.7,2,bxz2003
112,16731605,datatuu,"2026-09-13 14:27:44",2794.6,2,yaoguang516
113,16858228,doubao,"2026-09-13 15:00:00",2793.9,2,"erhankangyan,yuanlili123321"
114,16662684,"Harshini Reddy","2026-09-13 15:52:24",2793.8,2,luffyh04
115,16791254,"Prashant Bhattarai093","2026-09-13 14:36:59",2793.0,2,prashantbhattarai093
116,16664246,"Sida Zuo","2026-09-12 03:03:29",2792.5,2,sidazuo
117,16837554,Quickpanda,"2026-09-13 05:04:07",2791.4,2,quickpanda
118,16630825,"Black Mamba Farm","2026-09-13 18:57:48",2789.9,2,"asherjyd,qizhiran,yukundu231100"
119,16864919,ujimaa,"2026-09-13 18:58:39",2789.6,2,ujimaa
120,16845833,おかゆん,"2026-09-13 14:05:06",2788.2,2,okayun
121,16728071,AI是我的豆包,"2026-09-13 17:17:52",2786.4,2,"blht2026,wocenmma"
122,16845165,Tanuki_boosting,"2026-09-13 12:41:51",2786.1,2,miyamotodaiya
123,16881512,"Asem Adnan","2026-09-13 18:36:19",2785.7,2,asemadnan
124,16659555,"Joseph Adamski","2026-09-13 10:55:53",2783.4,2,josephadamski91
125,16658038,Khanh,"2026-09-13 14:48:38",2783.3,2,khanhp142
126,16783021,"TAN TIANYE","2026-09-13 03:04:35",2781.4,2,tantianye
127,16717255,Ryuuga89,"2026-09-13 16:31:48",2780.9,2,ryuuga89
128,16654710,"Ray Brothers","2026-09-13 17:34:32",2778.5,2,"madhurjyaray,vibekodr"
129,16764459,在高速上逆行是危险的,"2026-09-13 17:38:25",2778.0,2,"chaojiwudiwujie,qianxiang123"
130,16867734,SH11235,"2026-09-13 17:57:42",2777.2,2,sh11235
131,16886193,"Xiaoyong Zhu","2026-09-13 15:53:12",2776.4,2,xiaoyzhu
132,16753567,Davics,"2026-09-13 13:45:48",2776.3,2,davics
133,16768100,Nathael,"2026-09-13 03:08:27",2775.4,2,nathaeldias
134,16847222,charmq,"2026-09-13 15:33:35",2774.8,2,charmq
135,16696960,pi-500.phys,"2026-09-13 16:46:21",2774.0,1,pi500phys
136,16848588,caan_do,"2026-09-13 20:19:39",2772.8,2,caando
137,16859757,"Nathan Jacob","2026-09-13 17:21:58",2771.7,2,nathanjacob
138,16622509,Ali,"2026-09-13 15:51:44",2771.2,2,asalhi
139,16833013,"Tariq Alyami","2026-09-13 13:15:55",2770.9,2,tariqalyami
140,16762208,CrazyML,"2026-09-13 19:23:13",2770.7,2,"janhvikhattri,sorcererbi,vedanshipathak"
141,16748154,taiseiu,"2026-09-13 13:50:27",2768.8,2,taiseiu
142,16632867,"Rayk Kretzschmar","2026-09-13 17:37:36",2767.4,2,raykkretzschmar
143,16866933,tech-Mira,"2026-09-13 13:24:51",2767.1,2,itsukiito
144,16621294,dpquoc,"2026-09-13 15:15:43",2767.0,2,dpquoc
145,16804768,Chaos,"2026-09-13 18:16:02",2767.0,2,hcfighting
146,16706892,Ko,"2026-09-13 08:01:21",2766.8,2,syurenuko
147,16674878,KirillKlem,"2026-09-13 18:19:27",2766.7,2,kirillklem
148,16784561,"Rodrigo Ramón","2026-09-13 01:52:54",2766.0,2,rodrigoramn
149,16665637,Luvsh81,"2026-09-13 13:15:40",2765.6,2,luvsh81
150,16644481,Liquidus,"2026-09-13 19:02:38",2765.3,2,liquidus
151,16657877,zigiella,"2026-09-13 16:14:21",2764.6,2,zigiella
152,16885498,wanwan7123,"2026-09-13 12:03:18",2763.2,2,tomoyayanagi
153,16880856,jinxingweilai,"2026-09-13 08:11:37",2759.9,2,jinxingweilai
154,16675671,Marlubie,"2026-09-13 16:18:38",2759.9,2,kchuang
155,16771623,kekuru,"2026-09-13 04:01:45",2759.0,2,soyaishihara
156,16697898,"Yin Li","2026-09-13 12:57:24",2757.8,2,kevin250304
157,16777359,"Dmitriy Ulybin","2026-09-13 01:04:59",2757.3,2,dmitriyulybin
158,16716558,"Evan Tobias","2026-09-13 10:36:51",2757.3,2,evantobias
159,16867799,"Chris Deotte","2026-09-13 20:10:43",2756.0,2,cdeotte
160,16626191,"kevin park","2026-09-13 15:49:45",2755.9,2,k3v1npark
161,16642139,"Arnav Goel","2026-09-13 09:06:31",2752.6,2,arnavgoel17
162,16769990,delai50,"2026-09-13 14:40:14",2752.3,2,delai50
163,16732051,Jeryos,"2026-09-13 12:57:06",2751.2,2,joulskaf
164,16860129,sonny_01,"2026-09-13 20:01:26",2750.2,2,sonnymupfuni01
165,16625050,"how to place pokemon","2026-09-13 11:18:37",2749.3,2,ktverdov
166,16880792,dre,"2026-09-13 17:09:13",2749.2,2,ahmedelfazouan
167,16879127,lihaoruolhr,"2026-09-13 14:07:40",2748.5,2,lihaoruolhr
168,16745959,"Haocheng Fu","2026-09-13 14:17:17",2748.2,2,fortunaterookie
169,16737944,ToastUz,"2026-09-13 13:07:55",2747.9,2,tatsuzoosawa
170,16748733,"Driz Lo","2026-09-13 12:04:20",2747.8,2,drizlo
171,16811224,yuya,"2026-09-13 18:31:34",2747.3,2,yuomori
172,16748142,"Hikaru Umeda","2026-09-13 18:35:25",2746.3,2,hikarumeda1030
173,16818060,bnfan,"2026-09-13 01:52:06",2746.3,2,simonfan7
174,16778946,yuki0731,"2026-09-13 09:33:16",2745.5,2,yuki0731
175,16667767,t3l3kin3sis,"2026-09-13 12:48:58",2744.0,2,"daffafariq,hashmatzamaryali,malsabbagh05"
176,16768065,"Gradient Grazing","2026-09-13 09:13:08",2741.8,2,adamhusein
177,16814417,"Jane Street Farmers","2026-09-13 14:01:14",2741.1,2,"akamasterpiece,gianghiango,paramizodicrominique,phnhnnguyn"
178,16791369,dataix,"2026-09-13 19:36:42",2740.9,2,codymachody
179,16622459,"Munal Singh","2026-09-13 09:18:22",2740.9,2,munalsingh
180,16786109,"Thomas Deng","2026-09-13 20:28:03",2739.8,2,tdeng24
181,16777836,キムチ納豆,"2026-09-13 07:07:18",2739.0,1,ccchikuwa
182,16839986,"XIAO MA","2026-09-13 12:56:58",2738.3,2,linusm020311
183,16721384,Hackoholics,"2026-09-13 14:55:05",2738.3,2,"limyenhui,richierx"
184,16624484,"Tomoki Hirose","2026-09-13 00:58:29",2738.1,2,tomokihirose
185,16745569,kitchs,"2026-09-13 12:55:21",2737.5,2,kitchs
186,16690763,chungkuangwen,"2026-09-13 14:38:08",2737.4,2,chungkuangwen
187,16812062,姜上（Integ）,"2026-09-12 18:07:22",2736.4,2,integjs
188,16680144,AM,"2026-09-13 01:58:22",2735.5,2,adammekky
189,16623199,"Jesse Ferguson","2026-09-13 17:45:08",2734.2,2,jesseferguson
190,16709492,abozten,"2026-09-13 18:21:34",2733.9,2,abozten
191,16875464,tllswelp,"2026-09-13 11:07:16",2733.8,2,tllswelp
192,16633212,goosehaaan,"2026-09-13 20:58:21",2733.7,2,goosehaaan
193,16732763,"Raihan Ramadistra","2026-09-13 13:16:24",2733.4,2,raihanramadistra
194,16716078,既然巅峰留不住，那就重走来时路,"2026-09-13 16:38:19",2733.0,2,"jenzenhuang,luwyeb,wafflebear,wenjiewangdev"
195,16863383,HananFish,"2026-09-13 19:05:12",2732.0,2,hananfish
196,16674508,"Giulio Ravasio","2026-09-13 13:08:20",2731.3,2,giuliorav
197,16854815,marching_zzz,"2026-09-13 18:17:41",2731.1,2,marchingzzz
198,16735539,"Joe Muller","2026-09-13 15:02:51",2730.7,2,joemuller
199,16846069,"Bryce Muhlnickel","2026-09-12 09:03:01",2730.4,2,tokenjunkielabs
200,16623559,DECEM,"2026-09-13 21:37:19",2729.9,2,zy1343930734
201,16628951,"Hiro Nomo","2026-09-12 10:05:24",2729.0,2,morinokuma3
202,16756764,"Alperen Aydın","2026-09-13 18:14:06",2728.6,2,alperen5252525
203,16663632,Seho.Connect,"2026-09-13 18:20:08",2728.4,2,sehoconnect
204,16670933,Pat,"2026-09-13 12:12:37",2727.7,2,junseia
205,16657728,"T Soo","2026-09-13 09:44:56",2726.0,2,ttgrcgrc
206,16710466,"Charles Backman on LinkedIn","2026-09-12 17:11:50",2725.6,2,charlesbackman
207,16840439,"God Se7en","2026-09-13 21:07:30",2724.1,2,godseven7
208,16875659,あかつき,"2026-09-12 17:59:40",2723.6,2,akatuki25
209,16740405,by,"2026-09-13 15:27:36",2723.6,2,ibyyue
210,16662492,"Lester Leong","2026-09-13 17:24:23",2722.8,2,lesterleong
211,16712189,"Kostiantyn Isaienkov","2026-09-12 23:40:16",2721.8,2,isaienkov
212,16790660,suk1yak1,"2026-09-13 08:47:09",2721.6,2,suk1yak1
213,16739925,nofreewill42,"2026-09-13 13:43:02",2721.2,2,nofreewill
214,16879879,wulawulacong,"2026-09-13 16:24:17",2719.2,2,wulawulacong
215,16661558,안녕하세요이세입니다잘부탁드립니다,"2026-09-13 18:19:53",2718.2,2,"moonswalk,municef1"
216,16701074,YAN,"2026-09-13 16:54:56",2718.2,2,qujiahui
217,16657775,"Raagav Anand","2026-09-12 21:16:23",2716.8,2,raagavanand
218,16632119,nickyl,"2026-09-13 14:06:04",2716.7,2,nickyjliang
219,16635504,"Datta Dhebe","2026-09-12 22:41:11",2715.4,2,dattadhebe
220,16793600,mogura2.0,"2026-09-13 15:39:28",2715.1,2,mogura20
221,16631460,Kosuke.T,"2026-09-13 15:34:34",2715.0,2,kosuke1992
222,16731186,Naru041104,"2026-09-13 14:20:41",2714.9,2,naru041104
223,16665084,"Wei Han","2026-09-13 04:53:01",2714.8,2,weihan87
224,16846857,"Tomohiro Nagai","2026-09-13 02:41:12",2714.7,2,tomohironagai
225,16730761,ElephtAI,"2026-09-13 18:37:03",2714.6,2,yuchengj
226,16881005,Sinfonia8838,"2026-09-13 17:39:47",2713.6,2,"seanmtk,sinfonia8838"
227,16866457,"Qian Jinjin","2026-09-12 08:19:45",2713.5,2,q20020006073
228,16731415,BOB,"2026-09-13 01:06:37",2713.4,2,hotpotbro
229,16853054,saberzky,"2026-09-13 15:22:56",2712.3,2,saberzky
230,16640600,"Giord Frank","2026-09-13 16:03:05",2711.8,2,tangerinedog
231,16726545,whm8016,"2026-09-13 19:48:05",2710.8,2,whm8016
232,16838538,"rz cao","2026-09-13 07:07:40",2710.3,2,caoruizhe
233,16826465,linmumu009,"2026-09-12 15:10:29",2710.2,2,"linmumu009,renjunxiang"
234,16730301,wonder777,"2026-09-13 16:45:26",2710.2,2,wonder777
235,16752740,BorisV,"2026-09-13 11:48:06",2709.1,2,bvoskresenskii
236,16621154,Zain96,"2026-09-12 15:58:32",2708.7,2,zain96
237,16669935,"Roman Svet","2026-09-11 07:30:02",2708.0,2,romansvet
238,16709176,Efnutrrionpy,"2026-09-13 13:35:36",2706.7,2,efnutrrionpy
239,16769595,Rudra,"2026-09-13 04:28:24",2706.7,2,rudrabhaskar
240,16762248,KongKongDe,"2026-09-13 18:44:00",2705.7,2,kongkongde
241,16677149,"Umataro Tenma","2026-09-13 15:06:38",2705.5,2,umatarotenma
242,16744914,"El Mehdi EL JAIR","2026-09-13 11:45:42",2703.7,2,elmehdieljair
243,16731971,s_a_ai_engineer,"2026-09-13 10:11:42",2703.0,2,saaienginner
244,16882022,URAD,"2026-09-13 02:25:43",2701.7,2,uradkr
245,16669123,"Alex #2","2026-09-13 15:11:41",2700.9,2,alxdfy
246,16884417,"malcolm tan","2026-09-13 11:26:47",2700.5,2,malcolmtan
247,16780995,"Silver Surfer","2026-09-13 15:19:13",2699.5,2,hausch11
248,16880773,最强扫地僧,"2026-09-13 13:30:52",2699.5,2,yyx466005036
249,16879253,"Lin Alpha","2026-09-13 15:44:58",2699.3,2,alphalin2010
250,16623616,nasubiman,"2026-09-12 17:56:51",2698.1,2,yousukenakamura
251,16665746,Chiranjieev,"2026-09-13 17:21:17",2696.3,2,"abhirajhiwale,amitambhore27,himanshu2605"
252,16779564,oycr,"2026-09-13 09:54:19",2693.2,2,"oyxiaobai159,wdt124"
253,16786595,"dbvz sbsbs","2026-09-12 08:37:55",2693.1,2,dbvzsbsbs
254,16734966,kigasudayooo,"2026-09-13 01:08:17",2693.0,2,argon1215
255,16748738,Shymohn,"2026-09-13 15:07:19",2692.9,2,shymohn
256,16731926,"Pardheev Krishna","2026-09-12 12:08:13",2692.3,2,"anandkumar0901,ayushjiwatramani,nidhibsh,nitindatanylatics,pardheev"
257,16806146,"Factual Explorer","2026-09-12 20:05:48",2691.5,2,factualexplorer
258,16630729,"american gothic","2026-09-13 20:43:09",2691.4,2,grennwolf
259,16633226,test_money,"2026-09-13 12:34:38",2691.3,2,michaelsemenoff
260,16732552,RyutoKeshi,"2026-09-13 07:41:24",2690.8,2,ryutokeshi
261,16762769,"Jacques Buis","2026-09-13 19:55:06",2690.6,2,jacquesbuis
262,16658554,Pai,"2026-09-13 09:32:05",2690.3,2,rajathrpai
263,16845907,yt0914,"2026-09-13 19:44:24",2690.2,2,yt0914
264,16806141,rode1234,"2026-09-13 15:08:35",2688.8,2,rode1234
265,16853805,yefenfei,"2026-09-13 02:53:26",2688.8,2,yefenfei
266,16659870,"Tien N.","2026-09-13 18:39:43",2688.6,2,tientrum
267,16684748,"nailong alpha","2026-09-12 16:14:46",2687.9,2,"dejavucry,weiyun22021,yizhewong,yoruet,zekenos"
268,16878533,HayatoFujihara,"2026-09-13 00:25:25",2686.9,2,hayatofujihara
269,16762319,"Shiji Zheng","2026-09-13 14:22:32",2686.2,2,zhengshiji
270,16781445,"Odim David Chukwuemeka","2026-09-13 19:14:23",2686.0,2,odimdavidchukwuemeka
271,16671017,"Pablo César Ruíz","2026-09-12 21:08:36",2685.9,2,pcruiher08
272,16870349,badboiriri,"2026-09-13 11:05:08",2685.7,2,"badboiriri,xiuyang88"
273,16854072,r13721,"2026-09-13 13:57:13",2685.4,2,r13721
274,16743639,Hanserong,"2026-09-12 13:08:37",2683.3,2,"ronghedragon,rufus666"
275,16757320,Jingxiang,"2026-09-12 22:11:32",2682.6,2,jingxiango
276,16756062,"Thomas #2","2026-09-13 12:04:17",2682.4,2,tommurakami
277,16864346,"Yanwei Lu","2026-09-13 16:41:45",2682.4,2,yanweilu
278,16699082,Sakthei,"2026-09-13 20:49:24",2681.3,2,sakthei
279,16744979,"Ahmed Alhassan","2026-09-13 10:42:31",2680.9,2,ahmed55
280,16712121,"Hai Dang","2026-09-13 11:26:10",2680.5,2,haidang2405
281,16630675,"Lucien de Rubempre","2026-09-13 14:14:21",2680.0,2,lucienderubempre
282,16778656,Aacceeo,"2026-09-13 18:13:46",2678.8,2,aacceeo
283,16865470,J.Moriuchi,"2026-09-13 10:31:47",2678.4,2,hesoponyo
284,16655277,GUAM,"2026-09-13 01:25:53",2678.3,2,"analyticaobscura,jeongminlee92,kmmmvs,wnmgrn"
285,16639642,c-number,"2026-09-13 03:29:40",2676.7,2,cnumber
286,16809874,もたざる,"2026-09-13 11:37:13",2675.9,2,havenox
287,16626732,islet,"2026-09-13 17:22:45",2675.7,2,kojimar
288,16760241,"Collin Christensen","2026-09-13 08:28:45",2675.0,2,cchristens
289,16790091,ChengxuGu,"2026-09-13 16:20:03",2674.7,2,chengxugu
290,16740161,r2singh,"2026-09-13 19:26:20",2674.7,2,ratnaraj
291,16734580,shyjin,"2026-09-13 20:14:39",2674.5,2,shyjin
292,16811036,"farmin time","2026-09-13 00:48:33",2672.4,2,jaydenszeto123
293,16652536,Satoshi_SsSs,"2026-09-13 03:56:09",2672.3,2,satoshissss
294,16741500,weichy7,"2026-09-13 12:21:20",2672.2,2,weichy7
295,16861637,薄荷喵呜,"2026-09-12 09:39:16",2672.0,2,bohemiao
296,16644565,Suda,"2026-09-13 11:48:58",2671.9,2,chaneyma
297,16653068,"Shuichi Fushimi","2026-09-13 11:06:17",2671.8,2,shuichifushimi
298,16791248,"Ioannis Tzachristas","2026-09-13 11:13:00",2671.6,2,"ioannistzachristas,lilishyxf"
299,16651332,"Le Viet","2026-09-13 20:52:02",2670.6,2,sleepyssr
300,16640048,"extra eclaire","2026-09-13 02:33:12",2670.1,2,"aeniminu,extraeclaire"
301,16780279,"N Divij","2026-09-12 18:30:06",2669.9,2,divijio
302,16742139,ALLAI,"2026-09-13 04:06:39",2668.5,2,glorysing
303,16881121,Annsatz,"2026-09-13 06:23:39",2667.8,2,ansatzkong
304,16884892,AQiDA19,"2026-09-13 16:26:24",2667.8,2,aqida19
305,16738503,dddmd,"2026-09-13 09:13:52",2666.6,2,dddmdd
306,16755203,TY0912,"2026-09-13 09:43:07",2666.5,2,samejimatink0
307,16697229,"Masashi Nishimoto","2026-09-13 09:10:33",2666.4,2,masashinishimoto
308,16654027,shiv,"2026-09-13 07:00:00",2665.8,2,shivaurora
309,16807802,嘴爷,"2026-09-13 08:03:34",2665.6,2,zui0711
310,16779110,mark,"2026-09-13 06:31:41",2664.1,2,mark
311,16682494,Phi,"2026-09-13 19:55:06",2663.9,2,ajinomoto132
312,16655500,"Zhao Liying","2026-09-13 11:25:50",2663.7,2,yeohzhonghanervin
313,16860293,kobq,"2026-09-13 10:17:04",2663.7,2,kooobq
314,16730495,joinus,"2026-09-13 16:56:05",2663.5,2,joinus2003
315,16881631,"Arjun Sharma","2026-09-12 14:47:32",2663.0,2,arjundsharma
316,16630804,"Emre Cirak","2026-09-13 19:19:16",2662.0,2,"biohack44,merkiraz"
317,16822002,shiokoh,"2026-09-13 16:02:35",2661.5,2,shiokoh
318,16641524,AkiraIshikawa,"2026-09-13 12:26:23",2661.5,2,akiraishikawa
319,16655098,"Brotron Carbide","2026-09-13 03:38:35",2661.1,2,brotroncarbide
320,16659081,"JALKARNA GAUTAM","2026-09-13 14:45:43",2660.9,2,jalkarnagautam
321,16881248,Veerakrishna,"2026-09-13 15:16:07",2660.8,2,veerukhannan
322,16637546,Forrest,"2026-09-13 10:33:36",2660.7,2,yinxiaogang
323,16633853,"funny farm","2026-09-13 18:44:17",2660.0,2,"alannasibullin,alexandrutkov"
324,16885944,"Дмитрий Герасимов","2026-09-13 11:52:44",2660.0,2,domager72
325,16629873,UncleWKTK,"2026-09-13 05:24:28",2659.5,2,unclewktk
326,16622376,fmind,"2026-09-13 09:09:54",2657.8,2,freaxmind
327,16656500,我的豆包是AI,"2026-09-13 10:28:52",2656.9,2,"a982295350,bertmacutata,blencanierice,dangzhiyuan,imoxzm"
328,16803103,hugghngkai,"2026-09-13 12:07:05",2656.5,2,hugghngkai
329,16651257,PursueML,"2026-09-13 13:15:49",2656.2,2,"cuijohn,pursueml"
330,16667766,vasujain7,"2026-09-13 19:48:27",2655.8,2,vasujain7
331,16626093,"Pilkwang Kim","2026-09-13 05:42:53",2655.2,2,pilkwang
332,16849814,"Mr. Architect","2026-09-12 20:19:46",2654.7,2,vietnguyen130593
333,16764301,"Quýt đây đừng sợ","2026-09-13 07:31:39",2654.6,2,ponschannel
334,16727182,FinalSunFlower,"2026-09-13 03:09:10",2653.6,2,finalsunflower
335,16853540,WUZB,"2026-09-13 18:40:14",2652.9,2,wzhengbiao
336,16657229,"Adam Plow","2026-09-13 11:49:23",2652.7,2,lizhiiii
337,16673205,"Arda Ceylan","2026-09-12 18:36:58",2652.1,2,ardacey
338,16885261,sdy623,"2026-09-13 16:04:18",2651.6,2,jaxa623
339,16782520,Durian,"2026-09-13 05:46:26",2650.7,2,rainyjin
340,16678534,"Filip Strzałka","2026-09-13 09:11:16",2650.3,2,snufkin77
341,16842786,ScotLee08,"2026-09-13 09:33:20",2649.8,2,scotlee08
342,16757621,Kurokawa,"2026-09-12 20:30:41",2648.5,2,hiroshikurokawa
343,16803032,"varshitha kolupuri","2026-09-13 18:30:26",2647.9,2,varshithakolupuri
344,16841663,"Ryosei Hara","2026-09-13 00:48:50",2647.2,2,ryhara
345,16627796,tizawa3,"2026-09-13 02:45:43",2645.4,2,tizawa
346,16725856,"Abhi Datta","2026-09-13 09:20:39",2644.3,2,abhidatta87
347,16879636,aaaaLiu123,"2026-09-13 14:51:20",2644.1,2,aaaaliu123
348,16848970,massi0411,"2026-09-13 13:13:45",2643.3,2,massi0411
349,16810171,kta_jpn,"2026-09-13 03:10:34",2643.2,2,ktajpn
350,16738424,Yunioshi,"2026-09-13 15:31:13",2642.9,2,yunioshi
351,16839389,lizs,"2026-09-13 12:09:44",2642.9,2,chiila
352,16880975,"Shenyu Ma","2026-09-13 12:59:56",2642.5,2,shenyuma
353,16804022,monsaraida,"2026-09-13 16:29:22",2642.2,2,monsaraida
354,16877997,Mirlan,"2026-09-13 07:44:53",2641.1,2,zmtrxq
355,16756411,"Maximo Uribarri","2026-09-12 18:40:16",2641.0,2,maximouribarri
356,16847706,takumina,"2026-09-12 23:35:50",2640.8,2,takuminakamatsu
357,16623603,"Renji Starfall","2026-09-13 14:14:01",2640.1,2,renjistarfall
358,16745006,UjjwalPardeshi,"2026-09-13 10:31:33",2639.8,2,ujjwalpardeshi
359,16810141,"Sijie Ma","2026-09-13 14:22:49",2638.9,2,"dimashitong112,sijiema"
360,16885734,zylvento,"2026-09-13 10:02:37",2638.8,2,"lorvexa,zylvento"
361,16666977,"Tagir Analyzes","2026-09-13 08:50:36",2638.6,2,tagirkhairutdinov
362,16743342,"Артём Свинобоев","2026-09-13 11:38:29",2638.3,2,ssstelmah
363,16674586,"Stanislav Ilin","2026-09-13 05:22:19",2637.8,2,stanislavilin2026ai
364,16775686,"Max Podd","2026-09-13 03:39:44",2637.6,2,maxpodd
365,16635209,4eta,"2026-09-11 01:29:45",2637.1,2,bio4eta
366,16736931,"Sergei Fironov","2026-09-13 16:25:30",2636.8,2,sergeifironov
367,16771200,DeeSaa,"2026-09-12 23:30:52",2636.8,2,deesaa
368,16687294,"Madiyar Khamzanov","2026-09-13 11:18:08",2636.8,2,mkhamzanov
369,16669490,hinemos,"2026-09-13 15:37:48",2636.2,2,hinemos
370,16668071,"Ali Eren Oğuztaş","2026-09-13 08:26:04",2635.8,2,alierenouzta
371,16661575,skw1990,"2026-09-13 07:42:30",2635.6,2,skw1990
372,16624919,"Juste Me (●'◡'●)","2026-09-13 21:14:18",2634.7,2,degnonguidi
373,16839983,hana87hana,"2026-09-13 08:45:39",2634.7,2,hana87hana
374,16668688,"Nezihe Sözen","2026-09-13 14:56:37",2634.6,2,nezihesozen
375,16632224,"牧瀬 紅莉栖","2026-09-13 09:30:39",2634.5,2,yamakawanin
376,16881755,MudassarPAPI,"2026-09-13 12:50:53",2634.4,2,mudassarpapi
377,16624893,"GURU Prasaatha S","2026-09-13 20:01:38",2633.9,2,guruprasaathas111
378,16624276,MKGA,"2026-09-13 18:26:03",2633.1,2,"horizen12,zejunfool"
379,16875849,"Yaotong Niu","2026-09-12 13:38:33",2632.7,2,yaotongniu
380,16626332,"MD. Nazmus Sakib Anik","2026-09-12 22:58:57",2631.5,2,beyondlogic
381,16727998,hidsaito,"2026-09-13 09:20:04",2631.3,2,hidsaito
382,16751828,hatry,"2026-09-13 03:57:09",2631.1,2,toseihatori
383,16805980,Kifine,"2026-09-13 07:07:26",2631.0,2,liaoyingxi
384,16699741,Tom3,"2026-09-13 04:17:17",2630.9,2,tomohiroaz
385,16870440,GOSS,"2026-09-13 15:55:07",2630.5,2,gossan
386,16884861,Sky,"2026-09-13 07:20:40",2630.1,2,dhaksheshwarm
387,16623400,Less,"2026-09-13 11:37:54",2629.5,2,jiaoyouzhang
388,16773098,Apa,"2026-09-13 02:06:38",2629.3,2,yasso1
389,16722399,"Meta learners","2026-09-13 13:35:52",2627.2,2,aditya2909rb
390,16687649,track,"2026-09-13 12:13:01",2627.1,2,"ahmedberatozer,omerlleez"
391,16811900,"Brejesh Balakrishnan","2026-09-13 05:20:59",2626.7,2,brejeshbalakrishnan
392,16818313,"haonan zhengh","2026-09-13 03:22:51",2624.8,2,haonanzhengh
393,16864125,culture,"2026-09-13 19:21:31",2624.6,2,shkurak
394,16621595,"Farmers From Punjab","2026-09-13 13:10:10",2624.5,2,alisalmanrana
395,16760244,"Alex Paul","2026-09-13 18:42:43",2624.4,2,alexazander
396,16652272,"nadhir hasan","2026-09-13 14:07:09",2623.9,2,nadhirhasan
397,16761418,"Piggy Piggy","2026-09-13 13:56:58",2623.7,2,txgg123
398,16630803,"Mirza Milan Farabi","2026-09-13 13:54:18",2623.2,2,mirzamilanfarabi
399,16759037,Yuyannnn,"2026-09-13 13:33:26",2623.2,2,yuyannnn
400,16635818,F.A.Nina,"2026-09-13 13:00:52",2623.1,2,nina2025
401,16683529,"Yanis Belami","2026-09-13 10:30:25",2623.0,2,yanisbelami
402,16885704,tavrico,"2026-09-13 09:52:55",2622.4,2,tavrico
403,16740815,Remielle,"2026-09-13 15:49:01",2621.9,2,remielle
404,16722295,"Yuya Shintani","2026-09-12 22:06:53",2621.7,2,uplus26e7
405,16746317,xingyun_byto,"2026-09-13 00:23:18",2621.4,2,xingyunbyto
406,16798602,uns.t,"2026-09-13 11:57:33",2621.3,2,franksunp
407,16731940,xxxxyt,"2026-09-13 11:03:28",2620.6,2,"shengqinxi,xmxgxcs,xxxxyt"
408,16729413,KharinTymofii,"2026-09-13 05:35:43",2619.8,2,kharintymofii
409,16689430,"Terry Luo","2026-09-10 12:28:44",2619.8,2,eimhluo1764
410,16698999,Odyssey,"2026-09-13 13:12:41",2619.3,2,a1spirit
411,16865261,"Kamal Kadakara","2026-09-13 04:35:55",2618.8,2,kamalkadakara
412,16796235,"Keside Onyeocha","2026-09-13 13:28:53",2618.5,2,kesideonyeocha
413,16775030,makishis,"2026-09-13 12:58:46",2617.8,2,makishis
414,16661646,"Sergey Shcherbakov","2026-09-13 19:53:11",2617.7,2,sergey140146659
415,16667774,"Ziad EL ARARI","2026-09-13 12:36:28",2617.5,1,ziadelarari
416,16659412,yesterdays_rebel,"2026-09-13 10:23:40",2617.1,2,irfanparaniya
417,16622454,automatylicza,"2026-09-13 18:57:30",2616.0,2,automatylicza
418,16665357,XW,"2026-09-12 17:57:01",2615.8,2,xuewei
419,16637987,Xander,"2026-09-13 01:48:12",2615.8,2,canqiang
420,16748765,"A. R. SEKKAT","2026-09-13 11:18:52",2615.7,2,arsekkat
421,16748476,sam_the_rice_cake,"2026-09-13 13:44:10",2615.5,2,"hash548,wliilamsam"
422,16809820,"Pramit Das","2026-09-13 15:21:18",2615.4,2,pramitdas
423,16778627,LXZ538,"2026-09-13 12:58:52",2614.9,2,lxz538
424,16758895,daphne,"2026-09-13 07:22:13",2614.0,2,daphne4sg
425,16663271,"Malyshev Danil","2026-09-13 17:05:50",2613.9,2,malyshevdanil
426,16623635,HiroyukiSasaki,"2026-09-13 01:17:15",2613.4,2,hiroyukisasaki815
427,16797457,Aamod06,"2026-09-13 17:36:09",2612.6,2,aamod06
428,16716533,wiffany,"2026-09-13 11:23:08",2612.3,2,wiffany
429,16769849,"Shuwen(Shawn) Ge","2026-09-13 12:10:35",2612.1,2,shuwenshawnge
430,16867067,jiazepin,"2026-09-13 10:35:58",2611.8,2,jiazepin
431,16683755,"Meng Di","2026-09-13 17:42:28",2611.7,2,hughshaoqz
432,16697266,"Top 1 🏆","2026-09-13 08:41:37",2611.3,2,"fahankaudeer,solirus,syntaxprnv,udhaykumarsujeebun"
433,16750268,"Harris Bashir","2026-09-13 18:19:28",2610.2,2,harrisbashir
434,16741096,"Yohanes Lengkong","2026-09-13 17:15:14",2609.4,2,yohanesfc
435,16849125,"OBSTACLE DEVELOPER","2026-09-13 12:12:14",2609.4,2,obstacledeveloper
436,16884368,LaManbo,"2026-09-13 10:51:44",2608.8,2,encizhang
437,16716821,めめっち,"2026-09-13 14:33:59",2608.7,2,mechi22
438,16668430,"john inan","2026-09-13 12:26:02",2607.7,2,johninan
439,16884932,torvile,"2026-09-13 05:54:14",2607.5,2,torvile
440,16802442,"Rabia Eda Yılmaz","2026-09-13 21:16:57",2605.1,2,truthisneverlinear
441,16866373,kolesnikovia,"2026-09-13 15:55:23",2604.1,2,kolesnikovia
442,16636536,tetsu2131,"2026-09-13 16:31:38",2603.5,2,tetsutani
443,16870342,"CHEN Xiang","2026-09-13 15:01:44",2603.3,2,intoxicatinglips
444,16629165,lingyu07,"2026-09-13 14:13:23",2602.7,2,lingyu07
445,16688294,"high frequency farming","2026-09-13 08:10:23",2602.7,2,"gunhcolab,hweowe,markslavin"
446,16659103,Arin,"2026-09-13 10:58:50",2601.9,2,skarin
447,16886979,"Ivan Toropin","2026-09-13 21:21:17",2601.9,2,ivantoropin
448,16840588,Q.Ai,"2026-09-13 19:36:27",2601.7,2,"alperennbaran,hseyinemre134"
449,16659419,"Chahat Mehra","2026-09-13 17:11:33",2600.1,2,chahatmehra
450,16623637,kuro0315,"2026-09-13 10:28:10",2600.0,2,skuro0315
451,16796937,Alan,"2026-09-13 01:43:28",2599.8,2,amunsentom
452,16763505,"Sai Reddy Pothireddy","2026-09-13 18:34:51",2599.1,2,saireddypothireddy
453,16849801,tq1d,"2026-09-13 07:59:55",2598.8,2,haya03010
454,16740431,yuikag,"2026-09-13 13:17:06",2597.8,2,yuikag
455,16707383,"codex is all you need","2026-09-13 01:26:48",2597.4,2,chizhu2018
456,16797543,Tarang222,"2026-09-13 18:36:05",2596.7,2,tarang222
457,16864113,YYC3,"2026-09-13 06:44:15",2596.2,2,icongovo
458,16683808,RuggedBones,"2026-09-13 16:07:50",2595.8,2,ruggedbones
459,16629972,"forever young","2026-09-13 17:54:26",2594.8,2,keisukeyokota0428
460,16795062,"Satoshi Nguyen","2026-09-13 19:55:45",2594.3,2,satoshinguyenai
461,16624309,jjamppongmandu,"2026-09-13 14:45:49",2594.0,2,"beckspeca,hihiimj,jjamppongmandu"
462,16867671,Abhinav0370,"2026-09-13 15:56:07",2593.9,2,abhinav0370
463,16623875,"Pavlo Ivanin","2026-09-13 03:52:16",2593.8,2,pavloivanin
464,16692185,"Xu Suyi","2026-09-13 10:51:33",2593.6,2,xuyuhaosuyi
465,16684093,"fog flower","2026-09-13 15:46:36",2593.4,2,fogflower
466,16802322,HongchenDai,"2026-09-13 08:23:42",2591.8,2,hongchendai
467,16671412,Xman,"2026-09-13 09:56:25",2591.7,2,xuanzhang001
468,16729280,"Ryoya Tsuruoka","2026-09-13 05:16:40",2591.7,2,"irohasorange,mrooto,rahaia"
469,16654158,Hack2Publish,"2026-09-13 17:10:04",2591.7,2,"esfersami50,foysalemonshanto,hosen42,rokaiyasomapti"
470,16660483,TIM,"2026-09-13 15:25:53",2591.0,2,daynoryamil
471,16756492,satokato,"2026-09-13 08:36:31",2590.9,2,satokato
472,16658946,theredbluepill,"2026-09-13 14:33:00",2590.1,2,poonszesen
473,16755808,"Van-Phuc Huynh","2026-09-12 21:02:10",2589.6,2,hvanphucs112
474,16622420,RuiFSPinto,"2026-09-13 15:38:18",2588.7,2,ruifspinto
475,16806328,"Takamichi Toda","2026-09-13 19:57:17",2588.7,2,takamichitoda
476,16655682,"Azamat Sadikov","2026-09-13 16:11:34",2588.5,2,azamatsadikov
477,16632304,"Masataka Suzuki","2026-09-13 03:36:14",2588.1,2,masatakasuzuki
478,16862582,StephaneB7899,"2026-09-13 20:25:47",2588.0,2,stephaneb7899
479,16675493,"Ryotaro Minato","2026-09-13 10:15:37",2586.4,2,ryotarominato
480,16665331,winstonton,"2026-09-13 18:08:54",2584.7,2,winstonton
481,16658909,junesdata,"2026-09-13 18:30:48",2584.4,2,junesdata
482,16801351,デワンシュ,"2026-09-11 00:02:35",2583.7,2,shade012
483,16657941,"Nick Styles","2026-09-13 20:33:16",2583.0,2,styles
484,16736856,misaki,"2026-09-13 14:38:23",2583.0,2,"dicenull,iroharyo,jinnsou0219,misakima"
485,16684641,t.me/aetheranime,"2026-09-13 10:22:28",2582.8,2,yfrite
486,16848394,Polaris,"2026-09-13 14:21:38",2582.6,2,zhanglei226
487,16681049,"SiLin “Can SiLin” Can","2026-09-13 05:44:26",2582.0,2,"k3rn3l,silincansilincan"
488,16743055,栗ご飯,"2026-09-13 00:58:59",2581.7,2,criticalpath1903
489,16804757,MAT,"2026-09-13 11:57:11",2581.0,2,mehmetanltays
490,16640807,TS,"2026-09-12 23:00:06",2580.6,2,"milkcoffeen,takumi0220"
491,16855088,Re:dorf,"2026-09-12 10:09:07",2580.0,2,reydorf
492,16642570,"Mathurin Ache","2026-09-13 19:19:38",2579.8,2,mathurinache
493,16661994,"Suvrat Rai","2026-09-13 13:35:38",2579.4,2,suvrat11rai
494,16662380,"Brandon Calderon-Morales","2026-09-13 09:13:24",2578.4,2,bmoe640
495,16863498,Jackmama-nolfwin,"2026-09-13 04:36:37",2577.9,2,nolfwin
496,16672136,chupaletas,"2026-09-12 18:41:06",2577.3,2,urvesh
497,16775378,TK256,"2026-09-13 03:31:40",2577.0,2,tk256ailab
498,16658365,OnlyFarms,"2026-09-13 13:03:33",2576.8,2,hoowoo
499,16848992,"Lee Shit Hoo","2026-09-13 00:02:19",2576.0,2,leeshithoo
500,16660152,LIH.YUN,"2026-09-13 17:10:46",2575.4,2,fxlcee
501,16861198,Eggplanck,"2026-09-13 01:33:47",2575.1,2,gyozzza
502,16660255,"Revanth Tambisetty","2026-09-13 05:06:50",2573.6,2,revanthtambisetty
503,16715216,Colin,"2026-09-13 15:41:34",2572.9,2,umcolin
504,16880558,"Georgi Kanev","2026-09-13 15:25:34",2572.8,2,georgikanev
505,16733748,"Ashutosh Agarwal","2026-09-13 08:30:32",2572.8,2,ashutoshagarwal088
506,16639168,Sergey,"2026-09-13 08:22:45",2572.6,2,sergeymikhailovn
507,16716263,"Ugnė Miklovaitė","2026-09-13 20:57:45",2572.5,2,ugnmiklovait
508,16660041,"Hoàng Quốc Việt ","2026-09-13 04:56:59",2572.4,2,viethwang3i
509,16639625,"Dr Chandrasen Pandey","2026-09-13 04:06:36",2571.9,2,devchandra
510,16621075,"Octavi Grau","2026-09-13 10:08:50",2571.2,2,octaviograu
511,16758905,"Iwa Iwa","2026-09-13 12:50:49",2570.6,2,iwaiwa
512,16748559,GodofThunder2407,"2026-09-13 06:18:15",2570.2,2,godofthunder2407
513,16671738,Exposed,"2026-09-13 02:13:58",2569.9,2,erickeller2
514,16829053,BigAngel,"2026-09-13 15:58:24",2569.9,2,kevin8093
515,16862967,Unicorns,"2026-09-13 19:05:51",2569.6,2,"isaacjiang,ryokitano"
516,16838589,iCO,"2026-09-13 06:37:37",2569.2,2,takashimaeda
517,16655296,"peeta pit","2026-09-13 04:10:17",2569.1,2,peetapit
518,16761744,初心者,"2026-09-13 04:22:02",2568.9,2,daikitakahashi
519,16730334,"Have a nice trip in USST","2026-09-13 06:08:34",2568.0,2,"eugeneyeung,grace7523,tuskig,wzh20050212"
520,16696593,bplyc15,"2026-09-13 05:11:57",2567.7,2,bplyc15
521,16663603,xsong2020,"2026-09-12 22:37:52",2567.5,2,xstargate
522,16709435,"Artyom Lyan","2026-09-13 09:45:02",2567.5,2,arli2016
523,16644808,"Rotation Theory","2026-09-13 05:40:13",2566.3,2,mikhsank
524,16665077,"Mohit Babel","2026-09-13 21:02:52",2566.3,2,mohitbabel
525,16847311,WangYilin_henuAI,"2026-09-13 08:48:54",2566.1,2,"hyhyyh,violin1,xiaoming1238952"
526,16623643,LiXingtao,"2026-09-13 04:02:20",2565.5,2,lixingtao123
527,16641816,"Toshiki Honda","2026-09-13 09:47:01",2565.5,2,toshikihonda
528,16843864,IkeKodd,"2026-09-13 18:48:00",2565.2,2,"ikekodd,pinluk"
529,16625060,"Subin An","2026-09-13 14:49:37",2565.0,2,subinium
530,16743852,"Alexander Mladenović","2026-09-13 01:19:55",2565.0,2,"alexandermlad,erikpymay"
531,16883355,"Zalyaliev Marat","2026-09-12 23:08:37",2564.7,1,axollo
532,16853125,"craig sid","2026-09-13 17:36:23",2564.5,2,craigsid
533,16839530,"que la cuenten como quieran","2026-09-13 20:04:42",2564.0,2,germanjurado1
534,16657576,"SUBHASH B","2026-09-13 11:57:16",2563.3,2,"rishikrish1,subhashb21022"
535,16857641,ZengHL,"2026-09-13 07:35:36",2561.8,2,marshjff
536,16632291,"alex chilton","2026-09-13 14:24:18",2560.6,2,alexchilton
537,16841910,"Lucky bara","2026-09-13 09:27:53",2559.7,2,luckybara
538,16655478,Bruce,"2026-09-13 13:31:54",2558.9,2,bruceqdu
539,16884822,reziavon,"2026-09-13 05:38:11",2558.6,2,reziavon
540,16882280,K_daisuke,"2026-09-12 18:32:38",2557.8,1,kawakamidaisuke
541,16839458,"Agent 0","2026-09-13 14:51:32",2557.3,2,agent0
542,16679389,"JOMIN URK21CS1077","2026-09-13 05:23:23",2556.9,2,jominurk21cs1077
543,16867120,"DaoHe Liu","2026-09-13 08:30:34",2556.9,2,daoheliu
544,16719123,"Thomas Tschinkel","2026-09-13 15:52:36",2556.7,2,thomastschinkel
545,16749435,SGY2512,"2026-09-12 08:04:31",2555.8,2,sgy2512
546,16668736,bhundreds,"2026-09-13 15:41:38",2555.2,2,hundreds1103
547,16855071,Janvi_ch,"2026-09-13 18:22:18",2555.2,2,janvich
548,16723893,iring58,"2026-09-13 02:18:28",2555.1,2,iring58
549,16844518,"Haroon Rasheed","2026-09-13 18:44:04",2555.0,2,haroonnsgb
550,16762935,"ibr mo sal","2026-09-13 13:23:06",2554.3,2,ibrmosal
551,16687479,kowalskii,"2026-09-13 19:37:44",2554.2,2,anirudhkumaraheer
552,16865317,"sunil kumar","2026-09-13 04:11:03",2553.9,2,sunil123kumar
553,16722705,我的AI是豆包,"2026-09-12 09:37:07",2553.6,2,"carrotliang,haoxuanjng,kaoqiangzhang,rainhuang0220"
554,16624934,"Haramball forever!","2026-09-12 22:17:36",2552.2,2,envyy23120093
555,16779977,sue124,"2026-09-13 21:05:15",2552.2,2,ryotasueyoshi
556,16683288,HuaLQin,"2026-09-13 01:14:57",2552.1,2,hualqin
557,16839422,Serendipity,"2026-09-13 07:06:22",2551.8,2,stringyixuxi
558,16661118,"Sirui Zeng","2026-09-13 02:00:36",2551.7,2,siruizeng
559,16657796,"parv goyal2","2026-09-13 12:58:31",2551.5,2,parvgoyal2
560,16622032,"Raunak Dey","2026-09-13 13:46:33",2550.9,2,raunakdey07
561,16632097,PavelLiashkov,"2026-09-13 10:34:02",2550.6,2,bigbag1983
562,16658221,"Roshan Roy","2026-09-13 05:56:37",2550.0,2,"adhilvt,mohamedarifj,roshanroy333"
563,16843042,"Frost Cerberus","2026-09-13 10:19:29",2549.9,2,frostcerberus
564,16674919,yukiZ,"2026-09-13 06:41:17",2549.1,2,hideyukizushi
565,16655379,Ikeda0516,"2026-09-13 20:13:48",2548.3,2,ikeda0516
566,16665237,"Ad Space Available","2026-09-10 00:05:49",2548.1,2,"rainchen0411,richardsilence,tongyuexiao"
567,16657587,PxlPau,"2026-09-13 00:34:27",2547.9,2,studybeetutoring
568,16859034,wayg9odysseus,"2026-09-12 19:54:24",2547.7,2,wayg9odysseus
569,16864988,"jiangling wang","2026-09-13 10:59:00",2547.6,1,jianglingwang
570,16632715,cmasch,"2026-09-12 12:19:45",2547.5,2,cmasch
571,16881336,hanlei,"2026-09-13 07:21:27",2547.4,2,hanleileo
572,16731577,RYnerv,"2026-09-13 08:08:38",2547.0,2,rynerv
573,16764901,"Han Chen","2026-09-12 17:02:54",2545.7,2,puffohan
574,16705417,fuxi,"2026-09-11 09:01:21",2545.6,2,"padyue,pytorch5009asd"
575,16657785,"Himanshu Kumar","2026-09-13 18:18:40",2544.7,2,himanshujha2812
576,16682879,"Ace Team","2026-09-13 20:22:14",2544.3,2,drpatrickchan
577,16682885,风沙星辰,"2026-09-13 12:18:57",2544.3,2,"duoliya,linyeping,sereinovov,wangying2026"
578,16685014,"Vishal Kishore","2026-09-13 10:08:24",2544.2,2,kishorevishal
579,16701728,"katya barzova","2026-09-12 22:19:23",2543.6,2,"harlenka,nipah1,sigmaborov"
580,16651804,"Bocen Li","2026-09-13 06:14:49",2543.5,2,bocenli
581,16730223,Ojaswy,"2026-09-13 13:43:36",2542.9,2,ojaswy
582,16621153,"Addison Howard (ineligible)","2026-09-13 18:22:43",2541.8,2,addisonhoward
583,16640933,"Bhanu prasad","2026-09-13 09:03:25",2541.5,2,restlesseagle
584,16686155,梁圣的恩情还不完,"2026-09-13 12:02:04",2541.4,2,yyyyhhhhwww
585,16635067,"Berat Egemen Gök","2026-09-13 20:07:11",2540.4,2,berategemengk
586,16623974,Canon,"2026-09-13 18:16:56",2539.9,2,sotakurihara1
587,16884902,yovrini,"2026-09-13 05:49:06",2539.7,2,yovrini
588,16668215,renta.k,"2026-09-13 16:48:11",2537.9,2,renta0426
589,16690065,JiangWenfeng1,"2026-09-13 01:55:07",2537.6,2,jiangwenfeng1
590,16749079,mraz1006,"2026-09-13 08:29:10",2537.5,2,mraz1006
591,16695685,"kwon yong deuk","2026-09-13 03:58:21",2537.5,2,kwonyongdeuk
592,16855992,"Vanshika #2","2026-09-13 04:14:46",2537.3,2,crystalbaby
593,16859963,林溪,"2026-09-13 13:58:50",2536.9,2,linxii012
594,16691572,"Lord Momo","2026-09-13 14:57:17",2536.6,2,stevenleehans
595,16810954,BayramAnnakov,"2026-09-12 21:44:51",2536.6,2,bayramannakov
596,16624047,GUOHAOYANG,"2026-09-12 20:30:35",2536.5,2,pkuszboi
597,16654373,thwaitsusa2,"2026-09-13 00:00:04",2536.5,2,thwaitsusa2
598,16848063,"Yuan Weijun","2026-09-13 03:09:51",2536.4,2,yuanweijun
599,16779304,"Ari Nakos","2026-09-13 08:27:56",2536.2,2,aristides
600,16708315,beeyan,"2026-09-13 12:20:23",2535.9,2,beeyan0821
601,16621315,"Reyhan Ksatria","2026-09-13 02:41:16",2535.6,2,reyhanksatria
602,16692956,VanKoha,"2026-09-12 13:27:08",2535.2,2,kohasama
603,16681369,GanadorPlusUltra,"2026-09-13 17:16:17",2534.2,2,ganadorplusultra
604,16638551,SC_FARM,"2026-09-13 19:10:27",2533.4,2,ryosketchbook2007
605,16664239,VK_Kaggriculture..StartCompet,"2026-09-13 12:49:08",2532.3,2,venkatkumar001
606,16793396,...,"2026-09-13 11:36:40",2531.8,2,shackles6966
607,16847543,"Sankalp Wanjari","2026-09-13 13:58:52",2531.7,2,sankalpwanjari25
608,16655477,Aurora,"2026-09-13 20:25:49",2530.6,2,"niteshranjansingh,themeghajoshi"
609,16669632,"Kenneth Alonso","2026-09-13 18:49:10",2530.3,2,kennethalonso
610,16637597,venks,"2026-09-13 20:32:41",2529.5,2,vterli
611,16857404,gachichan,"2026-09-13 08:50:09",2528.7,2,gachichan
612,16878707,"Shiva Somasundaram Balaji","2026-09-13 05:58:09",2528.2,2,shivasomasundaramb
613,16681405,"Yusuke Hayashi","2026-09-13 10:18:09",2527.8,2,yhay81
614,16753974,"David Goldrajch","2026-09-13 16:10:00",2527.4,2,elie2003
615,16860784,xxxx0314,"2026-09-12 18:14:49",2526.2,2,"kirklandsan,xxxx0314,yunfeiyang223"
616,16630713,"Grzegorz Sionkowski","2026-09-13 00:52:50",2526.2,2,sionek
617,16726816,"Games Jadley","2026-09-13 14:47:19",2526.2,2,gamesjadley
618,16674831,"nk for work","2026-09-13 11:50:45",2525.9,2,nkforwork
619,16663946,"Hello San Francisco","2026-09-13 02:27:26",2525.8,2,"circiumaru,dulgherustefan,radugoga"
620,16792410,"Taewoong Kim","2026-09-13 13:30:52",2525.8,2,aleaiest
621,16661607,choqui62,"2026-09-13 09:23:23",2525.0,2,choqui62
622,16623988,"Charismatic Pizza Party🍕","2026-09-13 06:01:29",2524.8,2,debugendless
623,16822706,"YUE WU","2026-09-12 20:16:36",2524.2,2,yuewuacademic
624,16724298,Orig_lab,"2026-09-11 12:30:00",2523.2,2,chengxixixi
625,16795134,"jiawei li","2026-09-12 15:46:58",2523.0,2,jiaweiaaa
626,16702275,Joyal,"2026-09-13 17:43:27",2521.9,2,joyalseejo
627,16885807,S3unburst,"2026-09-13 10:25:40",2519.2,2,s3unburst
628,16795853,GaoKui,"2026-09-13 02:15:56",2518.8,2,gaokui
629,16775350,"Sourabh Nirwanevht","2026-09-13 16:03:21",2518.0,2,sourabhnirwanevht
630,16794090,Euphor_M,"2026-09-13 01:35:08",2517.7,2,euphor
631,16745138,yok,"2026-09-13 07:10:59",2517.4,2,yokoinaba
632,16732478,Ken_Ken_Pa,"2026-09-13 09:05:26",2517.2,2,kenkenpa
633,16823981,"mou mou","2026-09-13 03:07:05",2517.1,2,moumou6322
634,16751820,yy,"2026-09-12 01:31:10",2517.0,2,hirokiyamazaki
635,16634873,shin0000,"2026-09-13 02:40:02",2515.9,2,shin0000
636,16715235,l1aF,"2026-09-12 12:50:51",2515.5,2,hhhoang
637,16697461,Agricroporation,"2026-09-12 10:29:00",2514.8,2,"algionightly,kroissant7,officialabhinavsingh"
638,16632423,goh,"2026-09-13 02:08:50",2514.1,2,bungohatayama
639,16684620,kobayasi,"2026-09-13 14:19:33",2514.1,2,"boomvector,tatsuokoshida"
640,16855214,"Kazumi Sakamaki","2026-09-13 09:37:27",2513.7,2,hatimitusiropp
641,16886627,caintly,"2026-09-13 13:41:35",2513.1,1,eyesad
642,16860547,stargazer7c,"2026-09-12 06:31:25",2511.2,2,stargazer7c
643,16738852,ZJUwlm,"2026-09-13 08:15:00",2510.1,2,zjuwlm
644,16687901,Khalid,"2026-09-13 19:02:40",2510.0,2,khalid000000
645,16664111,"John Park","2026-09-12 10:04:30",2508.0,2,sigint
646,16741672,张菠,"2026-09-12 14:24:41",2508.0,2,ysqdababa
647,16850683,cooked,"2026-09-12 09:57:03",2507.5,2,"jentopia,toasty3302,xenonminer"
648,16690500,Mr.NoT_GaMeR,"2026-09-13 03:09:46",2506.5,2,joshdilipkumarpatel
649,16656432,"CornHub Premium","2026-09-12 22:08:52",2506.0,2,nihilisticneuralnet
650,16695664,Bantam,"2026-09-12 05:05:54",2505.5,2,bantam
651,16792542,RB25det,"2026-09-12 01:09:20",2505.2,2,rb25det
652,16848208,"Takuto Inoue","2026-09-12 06:12:21",2504.9,2,takutoinoue
653,16790765,Aristotle.Chen,"2026-09-13 05:16:19",2503.7,2,aristotlechen
654,16736265,"Marko Rupnik","2026-09-12 21:03:29",2502.9,2,markorupnik
655,16774250,"C R Suthikshn Kumar","2026-09-12 15:53:12",2502.1,2,crsuthikshnkumar
656,16782203,"rui xiong","2026-09-11 12:55:56",2501.6,2,xiongruihumingyu
657,16881613,refluxor,"2026-09-12 14:44:46",2501.6,2,refluxor
658,16623458,datnt114,"2026-09-13 16:17:53",2501.5,2,kingkong153
659,16870485,agentic,"2026-09-13 18:37:36",2500.0,2,"audiuphile,mark5221,sidchevvan"
660,16681116,Kagamihara,"2026-09-12 08:27:21",2499.2,2,kagamihara
661,16692845,"Yassine Ben Zekri","2026-09-12 13:20:16",2499.0,2,yassinebenzekri
662,16622245,"Vlas Veles","2026-09-12 08:04:18",2498.8,2,vlasveles
663,16773041,walawala,"2026-09-12 15:14:30",2498.6,2,lixin73
664,16726287,BBaRRel.,"2026-09-12 16:01:24",2497.9,2,yujinkk0609
665,16678080,"Timothy Adeyemi","2026-09-12 18:17:39",2497.9,2,timothyadeyemi
666,16823251,"Khaled Yousef","2026-09-13 21:12:31",2496.9,2,recochet96
667,16654704,mandgeee,"2026-09-13 17:03:34",2496.0,2,mandgeee
668,16663403,matthewwh,"2026-09-12 22:26:35",2495.8,2,matthewwh
669,16757987,maverick_ss_26,"2026-09-12 17:20:42",2495.4,2,maverickss26
670,16784217,MMN0222,"2026-09-11 13:31:08",2495.2,2,mmn0222
671,16830984,lizhengui,"2026-09-13 06:34:44",2494.1,2,lizhengui
672,16689844,"Hồ Tuấn Khôi","2026-09-12 10:29:52",2493.4,2,htunkhi
673,16732055,DASH村,"2026-09-12 07:00:29",2493.4,2,sobameshi
674,16641309,klog,"2026-09-12 04:48:32",2492.7,2,mhrzmmhrzm
675,16631640,"dont share my work for value","2026-09-12 15:07:00",2491.9,2,caoyupeng
676,16847812,"Superman king","2026-09-13 12:19:45",2490.9,2,supermanking
677,16842300,fanmili,"2026-09-12 06:03:45",2490.4,2,fanmili
678,16876865,LR.AIML,"2026-09-13 19:50:24",2489.8,2,"lucasgroot,robkraseu"
679,16858414,wantOchange,"2026-09-13 01:00:32",2489.1,2,wantochange
680,16853894,"Ilya Usmanov","2026-09-11 15:10:58",2488.6,2,ilyausmanov
681,16859815,alcanta,"2026-09-13 16:07:44",2486.4,2,ccotiuga
682,16663387,Ju,"2026-09-13 20:16:49",2486.0,2,juziddd
683,16881267,"juu meng","2026-09-13 07:07:40",2485.9,2,juumeng
684,16794630,"Yuchuan Ding","2026-09-13 13:44:10",2485.7,2,yuchuanding
685,16670537,Silhouette,"2026-09-12 06:01:15",2485.6,2,jamessargsyan
686,16794542,ysd1110,"2026-09-13 14:55:22",2485.5,1,ysd1110
687,16685122,borealisalastor,"2026-09-12 07:07:37",2485.4,2,borealis27
688,16726461,mocatti,"2026-09-13 05:07:30",2485.3,2,mocatti
689,16633950,"Matt Motoki","2026-09-12 04:35:41",2485.1,2,mmotoki
690,16881818,gradfield21,"2026-09-12 15:44:29",2484.9,2,gradfield21
691,16769059,"Shaw Sebastian","2026-09-13 15:17:31",2484.7,2,"shawsebastian,tvtdddd"
692,16732422,"Aizat Kashapov","2026-09-12 10:32:28",2484.5,2,liderpartiii
693,16804231,illegalplumbing,"2026-09-12 20:28:14",2484.3,2,illegalplumbing
694,16633552,Unkn0wn,"2026-09-12 07:35:30",2484.2,2,"harnadshilpa,nagendraadisesha"
695,16806014,"weihao huang2004","2026-09-12 07:35:01",2484.2,2,weihaohuang2004
696,16882746,yuiop!,"2026-09-13 19:48:15",2483.7,2,yuiopy
697,16867601,tadashikato,"2026-09-12 12:11:44",2483.5,2,tadashikato
698,16881681,失忆的海_,"2026-09-12 15:01:54",2483.2,2,shiyidehai
699,16684128,NIklitaCheporev,"2026-09-12 22:36:50",2483.0,2,niklitacheporev
700,16780455,wadigongren,"2026-09-12 03:45:07",2482.5,2,wadigongren
701,16732727,brightest66,"2026-09-12 13:00:57",2482.0,2,brightest66
702,16693976,rererenore,"2026-09-13 09:23:01",2481.7,2,rererenore
703,16639507,Homii_N,"2026-09-12 15:29:25",2481.6,2,homeshwarrao
704,16668789,qaq7864,"2026-09-12 10:01:49",2480.9,1,qaq7864
705,16881585,Venqira,"2026-09-12 14:31:19",2480.8,2,venqira
706,16674312,yuxuan,"2026-09-12 09:05:44",2480.8,2,yuxuan1221
707,16732857,Rojiomote,"2026-09-13 14:35:25",2480.5,2,rojiomote
708,16651695,"Abnormal Guys","2026-09-12 08:30:28",2480.2,2,"gwey1025,koushikrudra"
709,16624040,kumk,"2026-09-12 14:20:59",2479.6,2,kknagoya
710,16840509,"Iskander Yusupov","2026-09-13 17:34:43",2478.4,2,iskanderyusupov
711,16710459,Nironiro,"2026-09-13 04:03:30",2478.2,2,nironiro
712,16766401,"Gobi Elangovan","2026-09-12 13:04:40",2478.2,2,gobielangovan
713,16842093,aether74,"2026-09-12 14:43:17",2477.3,2,aether74
714,16631536,kglctf,"2026-09-13 00:45:05",2477.0,2,kglctf
715,16710140,Lynxx,"2026-09-12 08:58:57",2476.8,2,lynnsakurai
716,16638804,"Anhad Mahajan","2026-09-13 13:36:05",2476.6,2,anhadmahajan06
717,16647607,pumpkin,"2026-09-13 10:40:06",2476.2,2,gealachpumpkin
718,16786517,"Kagdew Valley_HeNU","2026-09-13 09:23:32",2475.7,2,"hongtongyi,hoshiiabc,lizhe125,ypeng1234"
719,16676063,"Kembang Melon","2026-09-12 17:46:45",2475.1,2,wajawaja
720,16751411,"lamb Liu","2026-09-12 08:13:29",2475.1,2,liuxiaohua72
721,16799304,"Rlug mb","2026-09-12 03:29:09",2475.0,2,"minhtrph,rlugmb"
722,16866014,htsbrer,"2026-09-12 02:53:05",2474.5,2,ht5brer
723,16813655,c_fxy,"2026-09-12 16:58:42",2474.2,2,cfxyai
724,16662318,"Bardia Bahadori","2026-09-13 00:15:06",2473.9,2,bardiabahadori
725,16672456,hangglider5,"2026-09-12 05:16:44",2473.9,2,hangglider5
726,16881783,novasync88,"2026-09-12 15:27:48",2473.7,2,novasync88
727,16880437,doublek,"2026-09-12 09:33:43",2473.6,1,doublek
728,16854939,nusrati,"2026-09-12 07:49:37",2473.3,2,nusrati
729,16730142,static,"2026-09-12 07:01:49",2473.1,2,huangshunhao
730,16881237,"Chunlai Li","2026-09-12 13:58:51",2473.1,2,lichunlai123
731,16670524,"Nat Bel ML Fun","2026-09-12 10:31:14",2473.1,2,natbel4ml
732,16839489,Q1du,"2026-09-12 10:12:02",2472.4,2,zjecust
733,16861885,"Олег Бабков","2026-09-12 20:51:41",2471.9,2,jabberwock78
734,16632294,"Rajan Nagarajan","2026-09-12 18:44:07",2471.6,2,narajan
735,16790931,100rabh,"2026-09-12 16:42:27",2471.5,2,saurabhkumar234
736,16656340,MAGMA,"2026-09-12 07:56:24",2471.4,2,infiheart
737,16832192,"No Name #2","2026-09-13 15:39:41",2470.6,2,ivanj0
738,16638781,itsuki-data,"2026-09-13 09:38:58",2470.4,2,itsuki89
739,16756765,DharmParmar,"2026-09-12 21:55:42",2470.3,2,dharmparmar
740,16739543,"Akshay #2","2026-09-12 10:00:44",2469.8,2,theakshay
741,16842747,314?,"2026-09-13 19:26:50",2469.8,2,elshahed
742,16862084,weiooocnnnnnn,"2026-09-12 14:21:04",2469.7,2,weiooocn
743,16802410,"Aleksandr  Larko","2026-09-13 07:51:53",2469.5,2,alexxanderlarko
744,16730854,src,"2026-09-12 15:51:11",2469.5,2,skthtu
745,16623897,satoooh,"2026-09-12 05:04:15",2469.4,2,satoooh
746,16757392,Winter01,"2026-09-13 02:56:01",2469.3,2,wei111111
747,16725287,NoahRyan,"2026-09-13 10:37:32",2469.3,2,beginner080
748,16846856,BladeRunner,"2026-09-13 10:56:39",2469.2,2,bladerunner2022
749,16655520,"kaggle Osaka","2026-09-13 09:13:57",2469.1,2,toshiyukitanaka
750,16691001,"Mahmoud Abdelshafy","2026-09-12 19:43:19",2469.1,2,mahmoudabdshafy
751,16790005,"Rohit Kumar Sahoo","2026-09-13 03:54:07",2468.9,2,rohit4118
752,16693557,"Ifeoluwa Adewumi","2026-09-13 20:14:27",2468.6,2,ifeadewumi
753,16806000,wyz0210,"2026-09-12 07:15:33",2468.5,2,weiyouzhen
754,16870577,"Kenan Zhang9","2026-09-13 10:50:42",2468.3,2,kenanzhang9
755,16657152,"K S VIJAYARAAGHAVAN","2026-09-12 05:00:10",2468.2,2,ksvijayaraaghavan
756,16717114,uninhibited-scholar,"2026-09-13 15:58:45",2468.0,2,uninhibitedscholar
757,16746010,"Khoi Tuan Nguyen","2026-09-12 13:14:17",2467.6,2,khoingt
758,16876869,MAGGR,"2026-09-12 18:42:26",2467.2,2,manojmandal
759,16630274,yutoAb,"2026-09-13 09:00:24",2466.8,2,yutoab
760,16719563,"GPT-5.6 Sol🏆","2026-09-13 10:20:25",2466.2,2,"ctfxiao,gaoruihua,otherworldly777,wennaliu2007,xgentle"
761,16747069,l'rug,"2026-09-12 11:01:00",2465.9,2,sdfsfsfsdf
762,16644643,today,"2026-09-12 14:43:58",2465.8,2,today55
763,16630312,beijijun,"2026-09-12 22:43:26",2465.5,2,beijijun
764,16623805,"Howon Kang","2026-09-13 07:06:03",2465.0,2,howonkang
765,16669191,"Mohammed Nomaan","2026-09-12 18:28:13",2465.0,2,nomaanz
766,16641372,ShoaibSSM,"2026-09-12 19:11:31",2463.8,2,"naveenlx111249971939,shoaibssm"
767,16882304,"Lokesh Prajapat","2026-09-12 18:20:47",2463.3,1,lokesh0252
768,16625921,JinchengZhang1,"2026-09-12 07:38:07",2462.8,2,jinchengzhang1
769,16859157,"David Mensah-Gbekor","2026-09-11 19:26:17",2462.8,2,ravdave
770,16666365,yiyu0716,"2026-09-13 01:33:02",2462.5,2,yiyu0716
771,16627888,atl132,"2026-09-13 02:42:06",2462.4,2,atl132
772,16673303,"Samuel Sundararaman ","2026-09-12 23:29:30",2462.3,2,neopok919
773,16846963,成吉思汗,"2026-09-12 03:35:21",2461.6,2,jddhhdh
774,16675344,PP_Azalearn,"2026-09-13 02:25:53",2461.1,2,"androidss,keitookamoto,pptakehirokawada"
775,16663783,WBF_USA_NYC,"2026-09-13 03:39:21",2461.0,2,wbfranci
776,16671767,Kaileh57,"2026-09-12 20:58:24",2460.7,2,kaileh57
777,16777710,"Clement Lau","2026-09-12 12:25:45",2460.5,2,clementlau
778,16688460,lllleeeo,"2026-09-12 17:57:36",2460.4,2,lllleeeo
779,16886066,latentb,"2026-09-13 11:55:55",2459.9,2,latentb
780,16622820,"Sergey Nefedov","2026-09-13 18:00:39",2459.5,2,sergionefedov
781,16771703,"Moomin and his farm","2026-09-12 07:03:58",2459.2,2,ataraxyyeah
782,16663513,DLTLM,"2026-09-12 08:40:13",2459.2,2,"debayank2024,laveshjadon,laxmikantaroy,moumitaaaaaa,tarunraii"
783,16635872,"Evgeniya Dmitrieva","2026-09-13 13:12:14",2458.8,2,evgeniyadm
784,16691038,"animal crossing","2026-09-12 16:39:11",2458.7,2,hoonchoonc
785,16771394,"ZHIRUI ZHAO","2026-09-13 00:00:53",2458.7,2,zhiruizhao
786,16708546,"Blue Rain","2026-09-12 04:15:32",2458.4,2,bluefeather386
787,16639155,"Arturo Gutiérrez Aguilar","2026-09-13 20:53:30",2458.0,2,jarturo
788,16792586,dodoshark,"2026-09-12 13:40:51",2456.3,2,dodoshark
789,16723427,"Nikita Biryukov","2026-09-12 21:15:17",2455.8,2,bnikita
790,16668262,spbforce,"2026-09-13 05:57:55",2455.6,2,spbforce
791,16756153,"🪏Harvest Moon","2026-09-13 00:55:09",2455.5,2,"bbrage,bobmyersthesecond,wguesdon,yutomuroshima"
792,16630797,"Seok, Jeongeum","2026-09-13 00:09:38",2455.0,2,seokjeongeum
793,16875733,Fronta,"2026-09-13 06:47:59",2455.0,2,mirichima
794,16672128,Cliffton,"2026-09-12 16:10:08",2454.9,2,rieltzx
795,16714159,Lonnie,"2026-09-13 16:38:48",2454.1,2,lonnieqin
796,16668227,Yusuraume,"2026-09-13 13:28:53",2453.8,2,sugitatomohiko
797,16713281,SirShifu,"2026-09-10 22:19:52",2453.4,2,sirshifu
798,16682210,Boiled-Sweet-Potato,"2026-09-13 01:58:52",2453.1,2,boiledsweetpotato
799,16739633,kwa,"2026-09-10 14:03:08",2451.9,2,ikaroskaggle
800,16665416,"zeyu lau","2026-09-13 17:53:18",2451.6,2,zeyulau
801,16687363,"elegantangel (628700)","2026-09-12 08:36:04",2450.8,2,elegantangel
802,16778835,kiyoc,"2026-09-13 18:20:38",2450.5,2,kiyoshiohno
803,16696738,rekhasri,"2026-09-13 06:22:26",2450.4,2,rekhasri
804,16810299,spencersi123,"2026-09-13 11:32:19",2449.0,2,spencersi123
805,16661050,Master_S1ave,"2026-09-13 17:06:16",2448.5,2,masters1ave
806,16803448,jiatu.l,"2026-09-13 00:00:08",2448.3,2,jiatul
807,16808111,"Oliver #2","2026-09-12 09:49:34",2448.1,2,wangzn0410
808,16743647,bono,"2026-09-12 09:52:50",2447.5,2,kjoonha
809,16733851,tangaii,"2026-09-12 09:39:43",2446.3,2,tangai1
810,16732878,modelcollapse,"2026-09-13 10:23:31",2446.0,2,modelcollapse
811,16806728,"Neural Knight","2026-09-13 12:02:04",2445.2,2,"chinmaymnaik,sivasainath06"
812,16642128,"MAC SAHO","2026-09-11 17:04:55",2445.1,2,macsaho
813,16862096,"Saksham Gupta","2026-09-13 14:40:09",2445.1,2,mashug
814,16883863,qhapaq49,"2026-09-13 21:28:27",2444.8,2,qhapaq49
815,16660485,"Colin Gaffney","2026-09-13 02:44:17",2444.3,2,colingaffney1
816,16732530,可抽奖的冰棒,"2026-09-13 10:59:42",2443.9,2,daniel1547
817,16796241,"pavan rajr","2026-09-13 13:08:30",2442.6,2,pavanrajr
818,16792109,rogerrogerroger3r,"2026-09-12 03:24:11",2441.0,2,rogerrogerroger3r
819,16881521,Juniperss,"2026-09-12 14:16:09",2440.6,2,juniperss
820,16655922,kusui26,"2026-09-13 09:04:06",2437.3,2,kusui26
821,16677337,"xi luo","2026-09-13 19:25:48",2436.7,2,xiluo00
822,16688787,Fih,"2026-09-12 16:51:51",2435.8,2,vencerlanz09
823,16684954,"Suneeth reddy","2026-09-11 18:38:08",2435.6,2,suneethreddy
824,16730344,lvisdd,"2026-09-13 13:33:00",2435.4,2,lvisdd
825,16860071,TOSS,"2026-09-13 17:54:07",2435.1,2,toshikawa80
826,16630418,butterchicken,"2026-09-13 12:29:23",2434.8,2,"ritanshuprasad,sriramlingavel01"
827,16645426,Jun_value,"2026-09-13 05:50:35",2434.6,2,junvalue
828,16731834,Kamma,"2026-09-12 22:10:25",2432.7,2,"cheliu0307,makerfly,vonlanvonlan233"
829,16768702,"Crop It Like It's Hot","2026-09-13 14:13:38",2432.2,2,"davidben10,rachel79"
830,16634580,akmr,"2026-09-13 09:11:39",2432.0,2,akimaru
831,16695567,tera358,"2026-09-13 05:12:39",2431.5,2,tera358
832,16629308,Sutee,"2026-09-13 18:50:02",2431.4,2,lszlst
833,16633944,Toru59er,"2026-09-13 10:37:56",2431.1,2,toru59er
834,16633773,copasta,"2026-09-13 06:16:43",2430.1,2,copasta
835,16653311,"Stanislav Tsepa","2026-09-13 04:36:11",2429.8,2,mrtsepa
836,16783173,"Michael Shihong Zhang","2026-09-13 05:39:27",2429.4,2,"excelexx,festyve"
837,16718480,PLReddy23,"2026-09-13 13:56:26",2428.9,2,plreddy23
838,16857676,"Justin Yang","2026-09-13 09:52:20",2428.5,2,zake7749
839,16884844,Happyfarm,"2026-09-13 15:40:18",2428.3,2,zhengweibin1026
840,16784416,tatt:)ch,"2026-09-13 03:44:26",2426.3,2,tattch
841,16704580,"Yunho Hwang","2026-09-13 15:06:39",2425.0,2,yunhohwang
842,16633173,"Saulo Quiñones Góngora","2026-09-11 19:53:56",2424.8,2,sauloquionesgngora
843,16623381,cocoaAI,"2026-09-12 08:48:07",2424.4,2,cocoaai
844,16666924,esis_ai,"2026-09-11 21:53:17",2423.7,2,alexesn
845,16794527,linyifangzhenshuai,"2026-09-13 11:34:22",2423.5,2,linyifangzhenshuai
846,16742684,Inzilbêth,"2026-09-13 13:12:55",2423.2,2,inzilbth
847,16662628,AbhiniveshSharma5354,"2026-09-12 12:43:39",2422.8,2,abhiniveshsharma5354
848,16799832,"Maman Salto","2026-09-13 15:19:35",2422.0,2,saddamaditya
849,16858207,"David Wang","2026-09-11 04:12:53",2421.8,2,renew66
850,16737041,presucc,"2026-09-13 04:13:37",2419.7,2,presucc
851,16723379,local,"2026-09-13 08:51:45",2419.0,2,matteo123383iend
852,16659957,LeFarmers,"2026-09-13 03:46:06",2418.0,2,"jaydonjp,kuantumknight"
853,16725899,Zhenghongshuang,"2026-09-13 13:03:29",2414.6,2,zhenghongshuang
854,16709967,Matsu,"2026-09-12 16:31:38",2413.9,2,matsuzawahayato
855,16847620,york1to,"2026-09-13 15:47:41",2413.9,2,yorkkang
856,16736435,Dieter,"2026-09-11 17:32:29",2413.4,2,"arc144,christofhenkel,crodoc"
857,16756591,"Hamed Vakili","2026-09-12 11:31:42",2412.4,2,"hamedvakilit0,maryam7713"
858,16699165,lime0001,"2026-09-13 13:35:01",2410.4,2,lime0001
859,16710499,sukeke,"2026-09-11 01:29:15",2410.1,2,sukeke
860,16633100,"Emile Andrieu","2026-09-13 20:14:31",2410.1,2,emileandrieu
861,16693092,"Andrei Dzis","2026-09-13 15:00:30",2409.7,2,dzisandy
862,16830526,"Raghav Agrawal","2026-09-13 11:48:21",2408.8,2,raghagra
863,16805244,nari,"2026-09-13 12:10:37",2408.6,2,shoheiyoshinari
864,16654379,"Sebastian Mateus","2026-09-12 11:45:52",2408.4,2,sebastianmateus
865,16676193,"Akira Hirohashi","2026-09-13 16:06:49",2407.8,2,akirahirohashi
866,16656496,"Vaibhav Gupta","2026-09-13 04:28:27",2407.6,2,vaihero
867,16884104,Arsgorynich,"2026-09-13 15:21:14",2407.3,2,arsgorynich
868,16744573,"Oleksandr Kovalchuk","2026-09-13 12:55:29",2405.8,2,oleksandrkovalchuk
869,16700204,"ZHOU HONGYI","2026-09-13 12:30:56",2405.4,2,zhouhyz
870,16820607,PeriwinkleBlueOvO,"2026-09-13 07:48:08",2405.1,2,PeriwinkleBlueOvO
871,16654076,"Son Pham","2026-09-13 19:30:47",2404.8,2,sonphamorg
872,16659295,snaykey,"2026-09-10 09:41:02",2404.7,2,snaykey
873,16624571,"Baidalin Adilzhan [dsml.kz]","2026-09-12 15:32:46",2404.4,2,baidalinadilzhan
874,16678609,quantcrypto3,"2026-09-12 23:52:26",2404.1,2,quantcrypto3
875,16861302,YieldCurve,"2026-09-13 21:25:18",2404.0,2,"gendaijin,haruna015"
876,16811920,"MINGXI LIU","2026-09-13 07:08:12",2404.0,2,wang5630900
877,16806840,"Tavuk Master","2026-09-13 18:23:18",2402.5,2,mkrimenurgm
878,16688159,"aildar &  slopernak & bobot","2026-09-13 21:28:01",2402.3,2,"eldarkhisamutdinov,mernak,vladimirbagmanov"
879,16843904,wadia,"2026-09-13 18:50:08",2402.0,2,yeshawang
880,16809721,siren2345,"2026-09-13 09:59:42",2400.5,2,siren2345
881,16734409,"Yuta Yamazaki","2026-09-13 11:31:07",2400.2,2,yamayuu18
882,16681927,"Dariush Afshar","2026-09-12 23:58:01",2399.8,2,dariushafshar
883,16877685,"Felipe Figueiredo","2026-09-13 08:16:59",2399.7,2,felipefigueiredo02
884,16784401,east,"2026-09-13 07:27:38",2398.6,2,eastxe
885,16660250,Moshel,"2026-09-12 23:06:43",2398.2,2,moshel
886,16841108,"Sean Peppers","2026-09-12 23:13:35",2398.2,2,gagepeppers
887,16623530,khursani,"2026-09-12 14:17:33",2396.7,2,khursani8
888,16635233,"Szymon Kłapiński","2026-09-12 10:11:30",2396.7,2,szymonkapiski
889,16740010,"Kobe BRYANT","2026-09-13 20:14:55",2395.6,2,kobebryantjohn
890,16731678,ShadowT_T,"2026-09-13 10:02:49",2395.1,2,shadowtt
891,16684401,WQAAAA,"2026-09-12 03:28:35",2394.8,2,wqaaaa
892,16850509,LS,"2026-09-13 17:59:47",2393.9,2,shannanl
893,16839902,"Sōsuke Aizen","2026-09-13 18:31:41",2393.0,2,"soukeaizenz,souvikdbiswas"
894,16786102,"Anay Garodia","2026-09-13 20:24:43",2392.6,2,anaygarodia
895,16875984,cccyou,"2026-09-13 16:15:29",2391.4,2,cccyou
896,16738487,"Andrey Shpigar","2026-09-13 20:57:51",2391.3,2,andreyshpigar
897,16832226,"DI27 RF","2026-09-13 02:34:01",2390.9,2,di27rf
898,16738349,Suna-D,"2026-09-13 08:49:21",2390.5,2,sunad0630
899,16785523,Doranap,"2026-09-13 07:21:47",2390.0,2,doranap
900,16839754,"Lauresowe 3D","2026-09-12 10:00:06",2389.5,2,lauresowe3d
901,16857987,fujia,"2026-09-12 15:23:50",2389.1,2,fujiasama
902,16780062,Kousuke55,"2026-09-13 12:11:40",2387.5,2,kousuke555
903,16684202,Ignat,"2026-09-11 22:40:54",2387.4,2,ignatgotin
904,16628897,"Kyoungwon Jeong","2026-09-13 15:01:19",2387.0,2,kyoungwonjeong
905,16709809,RiyaSoni20,"2026-09-13 04:13:42",2386.0,2,"riyasoni20,rudraamin06"
906,16671163,"Suyash Verma","2026-09-13 20:13:15",2385.6,2,suyashdiamond1
907,16765233,Shun,"2026-09-11 07:42:49",2385.0,2,shunchan0677
908,16661073,PyJa,"2026-09-11 15:35:57",2384.6,2,pixiux
909,16848396,ColorGram,"2026-09-11 12:12:21",2384.2,2,colorgram
910,16669604,"Abhijit Pise","2026-09-13 21:25:57",2382.2,2,abhijitpise
911,16684402,vn1111,"2026-09-11 16:22:10",2382.0,2,vn1111
912,16859690,Molood,"2026-09-10 20:30:43",2381.9,2,molooda
913,16862806,kitsada,"2026-09-11 06:58:01",2381.7,2,wangwaen
914,16641751,Hikari_30,"2026-09-13 12:17:18",2381.3,2,hikari30
915,16832209,enduejdu,"2026-09-13 09:06:02",2381.1,2,"enduejdu,vvennie,yuwenyue"
916,16728160,Ozi,"2026-09-13 08:15:28",2380.9,2,muhammaduzair21
917,16689183,Hawksartelier,"2026-09-12 15:10:55",2380.9,2,satyapb2002
918,16864016,"Setu Chokshi","2026-09-13 10:08:01",2380.4,2,setuch
919,16796133,NoMoreThan20Words,"2026-09-12 02:08:46",2379.1,2,nomorethan20words
920,16730323,fufufukakaka,"2026-09-12 21:50:42",2378.6,2,fufufukakaka
921,16720316,"Hưng Trần","2026-09-13 15:29:43",2378.1,2,hungtrabiz
922,16658343,aisamhottman,"2026-09-13 09:42:58",2377.8,2,heuingttiang
923,16839638,keeplooking,"2026-09-13 17:01:15",2377.8,2,keeplooking
924,16802575,saeNeko,"2026-09-12 01:37:10",2377.1,2,sae20gorilla
925,16841440,CornFormer,"2026-09-12 18:38:55",2376.6,2,linyangtian
926,16639565,yasu,"2026-09-13 09:12:09",2376.5,2,yasutakababa
927,16774141,Radiance,"2026-09-12 10:39:19",2375.6,2,"evelyn3976,wangyi01"
928,16833095,"ADARSH DWIVEDI","2026-09-13 03:02:06",2374.2,2,adarshcod
929,16763375,Makus,"2026-09-13 01:39:00",2373.9,2,alexmartinez75
930,16664640,kaggricodex,"2026-09-11 01:07:25",2373.4,2,underestimated
931,16840447,"Suliman Tadros","2026-09-13 03:08:32",2373.0,2,sulimantadros
932,16674385,"qr farm","2026-09-12 13:59:48",2372.8,2,qrz1201
933,16736427,KouFu,"2026-09-13 11:50:02",2372.4,2,kouheif
934,16785483,xiongrui666,"2026-09-11 01:51:16",2372.3,2,xiongrui666
935,16768603,Kinance,"2026-09-11 13:09:29",2370.3,2,kinance
936,16652212,"Варим сельский самогон","2026-09-13 17:06:26",2370.0,2,asimandia
937,16814409,YuyaSuzuki,"2026-09-13 08:32:52",2369.0,2,yututapp
938,16862390,huytngo,"2026-09-13 02:44:09",2368.7,2,huytngo
939,16807373,"junxing peng","2026-09-11 00:31:12",2368.5,2,junxingpeng
940,16697767,"Teddy Tennant","2026-09-11 13:24:03",2367.9,2,thtennant
941,16730236,加麻不加辣,"2026-09-12 17:19:01",2367.9,2,"shiyuanhe123,zihaokang"
942,16723318,グレイラットルーデウス,"2026-09-13 11:44:26",2367.6,2,rudeus666
943,16701051,"Komi ShouKo","2026-09-13 11:25:14",2365.9,2,asdwswdxd
944,16761693,nhatvo,"2026-09-13 15:26:10",2365.5,2,nhatvo
945,16723988,yuyinghuang,"2026-09-13 07:00:33",2364.3,2,yuyinghuang
946,16802505,daviondk,"2026-09-11 16:12:00",2364.2,2,daviondk
947,16670453,141,"2026-09-13 20:44:53",2362.6,2,"muhammadmustafaxo,siddiqshah"
948,16687159,Max64738CB,"2026-09-13 17:45:15",2361.6,2,max64738cb
949,16641171,"Sadettin Şamil Verdil","2026-09-13 10:27:37",2361.5,2,sadettinamilverdil
950,16731270,"Arthurs Torres24","2026-09-13 07:46:30",2360.8,2,arthurstorres24
951,16693904,DeeperNet,"2026-09-13 14:27:08",2360.4,2,deepernet
952,16655505,Debmalya,"2026-09-13 13:34:33",2360.0,2,debmalya84
953,16781166,Ant,"2026-09-13 18:11:01",2359.1,2,anthonytrevino
954,16709463,MKhlystun,"2026-09-13 16:48:59",2358.7,2,mkhlystun
955,16634704,"Maham Haroon","2026-09-12 01:34:32",2358.7,2,mahamhc
956,16743218,RYUSHI,"2026-09-13 15:45:45",2358.3,2,ryushisa
957,16777394,antadam127,"2026-09-11 20:02:13",2357.9,2,antadam127
958,16854842,ijiiok,"2026-09-11 09:11:10",2355.7,2,ijiiok
959,16870033,"wbcrypto abrams","2026-09-12 23:33:05",2355.1,2,wbcryptoabrams
960,16669461,"suzy su","2026-09-12 12:38:38",2354.8,2,suzysu997
961,16623716,"tetsuya & yuanzhe zhou","2026-09-13 17:11:52",2354.6,2,"tetsuya3510,yuanzhezhou"
962,16878458,"Sho Saga","2026-09-13 11:31:16",2352.6,2,shosaga
963,16730578,BostonKaggle,"2026-09-13 06:04:40",2352.6,2,"isthereanycode,lynnkim0"
964,16658895,kunihiro,"2026-09-11 07:29:44",2352.5,2,kunihiro
965,16661743,"Sergey Kutepov","2026-09-13 20:26:16",2352.0,2,natsyst
966,16757727,"Sohshi Nakamura","2026-09-13 13:00:01",2350.4,2,sohshinakamura
967,16866579,"Fighting Gold","2026-09-13 12:27:00",2350.1,2,sawada
968,16735094,RngRng,"2026-09-13 03:30:06",2350.1,2,rngrng
969,16668737,"Abish Pius","2026-09-13 13:23:05",2349.5,2,abishpius
970,16681744,"Finca Nagano","2026-09-11 01:35:36",2348.8,2,fjklmn
971,16717440,那个男人,"2026-09-11 10:42:11",2347.7,2,muran169633
972,16714161,Slirche,"2026-09-13 10:56:33",2345.1,2,slirche
973,16769411,Beyond,"2026-09-13 07:47:15",2345.0,2,themanysh
974,16683567,supr3mum,"2026-09-10 11:14:21",2344.8,2,friklez
975,16799235,K.Piro,"2026-09-13 14:20:46",2344.6,2,agares02
976,16717289,JackChenghao,"2026-09-12 10:09:51",2344.4,2,jackchenghao
977,16876853,PUN,"2026-09-13 09:09:12",2343.9,2,pshikk
978,16834038,"Akio Furutsuka","2026-09-12 06:46:33",2343.9,2,akiofurutsuka
979,16871584,xder,"2026-09-12 10:34:16",2343.7,2,xderyeke393
980,16624979,"Mohamed abdelrazik","2026-09-10 05:10:39",2342.9,2,mohamed3abdelrazik
981,16663614,Nevska,"2026-09-13 12:30:52",2342.9,2,nevska
982,16809200,v0m0v,"2026-09-13 12:09:18",2342.7,2,maguchiya
983,16811307,elmo,"2026-09-13 14:33:20",2342.3,2,mktakizawa
984,16665809,"Saravanan Jaichandaran","2026-09-13 05:09:03",2341.8,2,saranchandar
985,16875986,"k hori ","2026-09-11 22:18:18",2341.3,1,khori7
986,16698308,Yuan800,"2026-09-12 06:57:33",2340.3,2,"jacqueszhelinzhang,yuan800"
987,16707144,Kirderf,"2026-09-11 22:41:07",2340.2,2,kirderf
988,16854176,吃白饭的大肥鱼,"2026-09-11 19:23:18",2339.9,2,"deepios,tanpowasd"
989,16655610,GPTatoes,"2026-09-12 08:22:52",2339.5,2,"angran,kaixuanosmas"
990,16676114,Gekkotron,"2026-09-10 18:15:12",2336.9,2,gekkotron
991,16665641,"Alexander Shahramanyan","2026-09-13 19:18:35",2336.0,2,alexshah
992,16640873,"Takumu Hata","2026-09-12 21:16:03",2336.0,2,takumuhata
993,16766498,"Castian Hans","2026-09-13 15:00:19",2335.3,2,"aloemoon,castianhans"
994,16712134,cf696666,"2026-09-12 05:06:06",2334.9,2,cf33333
995,16868304,"Aaron amacadu","2026-09-11 09:36:30",2332.8,2,aaronamacadu
996,16862912,"Nicolas Krusche","2026-09-13 12:39:04",2331.9,2,nicolaskrusche
997,16623385,yurunougyou!,"2026-09-10 12:25:26",2330.5,2,isakatsuyoshi
998,16770149,rikutokuwayama,"2026-09-13 05:31:48",2330.3,2,rikutokuwayama
999,16663929,"Erman Man","2026-09-12 02:05:39",2329.8,2,ermanman
1000,16885455,"Ali Azizi","2026-09-13 20:20:29",2329.0,2,aliazizi1
1001,16866968,HXS-CF13,"2026-09-10 23:51:58",2327.9,1,hxscf13
1002,16675063,"King Tian","2026-09-12 06:35:36",2327.0,2,tianwang1210
1003,16734435,Economist,"2026-09-13 18:08:40",2327.0,2,jtheyogi
1004,16659771,DieByTheSword,"2026-09-13 15:17:32",2326.6,2,przemysawstroiws
1005,16868759,Pand,"2026-09-13 19:19:14",2324.4,2,pand999
1006,16625220,thisray,"2026-09-12 03:03:00",2323.6,2,thisray
1007,16843838,"Alapati Ramakrishna","2026-09-13 05:08:23",2323.1,2,alapatiramakrishna
1008,16775571,Gaurav06520,"2026-09-11 09:36:43",2321.2,2,gaurav06520
1009,16841190,dp23334,"2026-09-13 13:31:10",2320.9,2,dp23334
1010,16755705,"Semyon Epanov","2026-09-11 17:22:57",2318.3,2,semyonepanov
1011,16809294,Cherie01,"2026-09-12 00:16:35",2315.7,2,cherie01
1012,16744842,juisajdiasd,"2026-09-13 08:18:35",2314.6,2,juisajdiasd
1013,16623746,Juyong,"2026-09-13 01:52:31",2314.2,2,kimdoong
1014,16867924,PeaBrain,"2026-09-11 18:48:39",2313.0,2,abiruekanayaka1
1015,16772460,"Дмитрий Онин","2026-09-12 08:28:47",2311.8,2,rejo1ce
1016,16677568,yarneo,"2026-09-13 10:08:51",2311.6,2,yarneo
1017,16876180,kk.sky.9k,"2026-09-13 16:36:18",2310.4,2,kksky9k
1018,16735741,TERMINUS,"2026-09-12 11:24:45",2309.2,2,gdreallygoodman
1019,16690447,Supermercado,"2026-09-12 11:14:33",2309.0,2,ryotaaaaaa
1020,16671376,Lebxgue.,"2026-09-13 08:26:45",2308.6,2,yukieja
1021,16831965,"Ray Roberts","2026-09-13 04:01:34",2308.5,2,rayroberts
1022,16630129,"Yi Lu","2026-09-12 11:19:54",2308.3,2,liqiu0224
1023,16674839,"hongqian miao","2026-09-11 11:49:44",2306.6,2,hongqianmiao
1024,16797105,"Rahul vats","2026-09-13 18:07:47",2305.6,2,rahulvats20
1025,16696999,"HD h Joratos","2026-09-10 08:03:58",2305.5,2,hdhjoratos
1026,16875671,"Nikolay Shaulsky","2026-09-13 17:58:11",2305.3,2,nikolayshaulsky
1027,16843860,LH-and-FPGA,"2026-09-13 09:15:57",2304.0,2,lhandfpga
1028,16819431,kkkk,"2026-09-13 21:21:47",2303.9,2,kkkk4649
1029,16671292,Yuyajk,"2026-09-13 03:35:26",2303.6,2,yuyajk
1030,16689186,NCK,"2026-09-12 04:31:04",2303.5,2,drnchaitanyakumar
1031,16680172,TTANE,"2026-09-13 15:31:37",2302.9,2,otmaneelmahdaouy
1032,16630380,JM,"2026-09-13 06:13:50",2300.4,2,julianmukaj
1033,16777923,Sho,"2026-09-13 13:25:36",2300.1,2,shoito08190904
1034,16669038,"Nabeel Shar","2026-09-13 09:17:32",2299.3,2,nabeelshar
1035,16797847,"levski shampion","2026-09-12 23:19:08",2299.1,2,mariomalev
1036,16685950,"Planned Economy","2026-09-13 17:21:38",2298.9,2,alturutin
1037,16717572,kiyomiya-k,"2026-09-11 15:48:24",2298.4,2,kiyomiyak
1038,16744983,Gappy,"2026-09-13 09:42:41",2298.1,2,takahirohigasa
1039,16793895,"Moh Notif","2026-09-13 04:52:01",2297.9,2,mohnotif
1040,16678693,"Maher el Ouahabi","2026-09-13 18:51:03",2297.8,2,maherelouahabi
1041,16847478,tokitamago,"2026-09-12 01:13:36",2297.4,2,tokitamago
1042,16861278,"Michael Pershin","2026-09-12 19:21:47",2296.2,2,michaelpershin
1043,16711752,"Atakan Aldemir","2026-09-13 14:59:07",2295.6,2,atakanaldemir
1044,16668761,"Lorenzo Regalado","2026-09-11 15:37:32",2295.4,2,lregaladohdez
1045,16690401,Skyspace,"2026-09-12 12:27:28",2294.9,2,empireblue
1046,16808822,-lingluo-,"2026-09-12 09:54:42",2293.4,2,lingluoo
1047,16762019,yukino,"2026-09-10 02:43:41",2292.5,2,"jifengjianhao666,mqingcs"
1048,16661462,"Dania Amer","2026-09-11 21:30:53",2292.4,2,dania35
1049,16685763,"koren sabag","2026-09-13 19:38:31",2290.9,2,korensabag
1050,16663247,Ak,"2026-09-11 18:57:40",2289.8,2,abisheksrivastav
1051,16632558,"Made a Beautiful Bouquet","2026-09-13 12:44:31",2289.6,2,zaiwubian
1052,16728114,yu9824,"2026-09-13 10:50:27",2288.7,2,yu9824
1053,16748866,masayoshi,"2026-09-13 15:44:29",2288.3,2,masayoshi64
1054,16730446,photunix,"2026-09-12 23:44:12",2288.0,2,photunix
1055,16855857,tchufers,"2026-09-13 17:18:19",2287.2,2,viniciusraupp
1056,16621515,"Alexander Gremyakov","2026-09-11 17:04:25",2286.0,2,alexandergremyakov
1057,16738492,"Follow Me Gradient","2026-09-11 11:34:07",2285.9,2,farukece
1058,16693488,HarvestZero,"2026-09-13 19:35:41",2284.7,2,bernardboatey
1059,16624339,"Дворкин Евгений Владимирович","2026-09-13 10:43:15",2283.8,2,evgendvorkin
1060,16701258,ln,"2026-09-11 18:35:22",2283.6,2,nazarov
1061,16669911,"Batuhan Ustun","2026-09-13 18:37:01",2283.1,2,batustun
1062,16698136,"David Estevez","2026-09-13 19:51:47",2281.7,2,destbreso
1063,16715828,samg,"2026-09-11 18:56:11",2281.6,2,samgreen2046
1064,16743858,kawauso9n,"2026-09-13 13:24:34",2281.1,2,kawauso9n
1065,16641116,SearchingForWife,"2026-09-13 05:38:32",2280.5,2,darksteeldragon
1066,16689863,yukichi0403,"2026-09-13 15:47:24",2280.3,2,yukitake93
1067,16630331,"Mohamed El-Nageeb","2026-09-12 15:19:29",2280.2,2,thelastsmilodon
1068,16809211,"Aleix López","2026-09-12 23:54:32",2279.3,2,aleixlopez
1069,16632593,skomuro,"2026-09-13 03:09:56",2277.6,2,skomuro
1070,16655383,MtN,"2026-09-12 07:13:05",2277.0,2,mariotrsn
1071,16819030,sunyuxiang136,"2026-09-12 15:37:24",2276.5,2,"hqy0619,orangetailfish,sunyuxiang136,tshen12"
1072,16806206,"Yuan Yongth","2026-09-12 12:33:19",2276.5,2,"sunnylzheng,yuanyongth"
1073,16664761,"Udit Jain #2","2026-09-12 00:14:14",2276.2,2,iamudit
1074,16640388,SANNNNN,"2026-09-13 15:06:45",2276.1,2,zuhairsan
1075,16632021,istinetz,"2026-09-13 00:40:38",2273.7,2,istinetz
1076,16646970,juewang1p,"2026-09-11 01:32:16",2273.6,2,juewang1p
1077,16851147,Saifuddin,"2026-09-13 16:32:38",2273.2,2,syehsyoh
1078,16868685,"Kotaro Simizu","2026-09-11 20:39:54",2273.1,2,"kotarosimizu,mahiro1214"
1079,16808396,Dr_F,"2026-09-12 02:20:48",2273.1,2,algebraictopology
1080,16775010,"Alexey Kuznetsov","2026-09-11 19:24:23",2271.5,2,legtarrr
1081,16660313,Ctrl+Code,"2026-09-12 14:58:51",2271.0,2,"jayashankar369085,parnikasm"
1082,16705659,"srijan k.r keshri","2026-09-12 06:35:52",2271.0,2,srijankrkeshri
1083,16666805,Kaggs,"2026-09-13 14:56:43",2270.7,2,ayush21042004
1084,16634952,"Igor Zharov","2026-09-11 15:37:09",2269.5,2,flexonafft
1085,16778340,NayuNayu,"2026-09-13 14:13:03",2268.1,2,nayunayu1005
1086,16806556,KyryloBakumenko,"2026-09-12 18:01:54",2267.1,2,kyrylobakumenko
1087,16869555,"Karthik Nambiar","2026-09-12 20:04:13",2266.9,2,karthiknambiar387239
1088,16657277,"Dude and Destroy","2026-09-13 19:52:12",2266.8,2,raymondbrookman
1089,16866398,feles99,"2026-09-13 10:33:12",2265.4,2,feles99
1090,16717536,c0nrad,"2026-09-13 11:50:57",2265.2,2,stuartlarsen
1091,16811868,luyinn,"2026-09-13 16:22:21",2265.1,2,luyinn
1092,16639550,"HIDEYO CHIBA","2026-09-13 21:23:21",2265.0,2,hideyochiba
1093,16673336,honjousetuna,"2026-09-13 15:10:01",2262.4,2,honjousetuna
1094,16825815,linchenge,"2026-09-12 09:32:34",2262.2,2,linchenge
1095,16700510,"Shadow Recon","2026-09-12 08:57:04",2261.9,2,gaurav065
1096,16885770,"Rahul Jangra","2026-09-13 10:13:19",2261.7,1,leonado10000
1097,16844004,"Takahiro Saito","2026-09-13 03:01:14",2261.3,2,takahiro3110
1098,16671150,Mc10nys0n,"2026-09-13 06:32:41",2259.6,2,rattanunt
1099,16811467,Raster0x2a,"2026-09-13 15:06:20",2259.5,2,raster0x2a
1100,16674174,"Ramesh Arvind","2026-09-11 07:09:42",2259.2,2,rameshln
1101,16699856,yukio,"2026-09-11 18:41:04",2257.4,2,yukioseki
1102,16791163,woldy,"2026-09-13 05:04:06",2255.5,2,woldywei
1103,16662883,OceanMix,"2026-09-13 08:02:50",2253.9,2,"cggonzalezsc,fierus,liesvyvalladares"
1104,16663166,Rey4Dan,"2026-09-13 11:25:22",2253.9,2,rey4dan
1105,16854477,"Marc Maldonado Lorca","2026-09-10 13:36:38",2250.9,2,marcmaldonado
1106,16844770,Richard,"2026-09-11 22:59:41",2250.8,2,richardwg
1107,16697893,"YWehbe / ADIA Lab","2026-09-11 08:33:51",2250.4,2,youssefwehbe
1108,16658700,"szlachetny snieg","2026-09-12 03:40:24",2250.4,2,takayukiimoto
1109,16793474,"Liu Classmate","2026-09-13 13:16:38",2249.0,2,liuclassmate
1110,16632743,"Krizsó Gergely","2026-09-12 16:58:35",2248.8,2,lucifer19
1111,16814701,e0970145,"2026-09-10 11:43:21",2248.3,2,maxxtucker
1112,16692725,"Zhen Li","2026-09-12 10:05:10",2245.7,2,zhenlisak
1113,16778012,俺是耕田哩,"2026-09-12 17:40:29",2245.2,2,tianzhenggao
1114,16865168,"Maksym Bilychenko","2026-09-11 19:39:18",2244.4,2,mbilichenko
1115,16677938,"Hajime Tamura","2026-09-13 14:59:13",2243.9,2,thajime
1116,16623451,Ueddy,"2026-09-11 06:09:37",2243.3,2,ku0807
1117,16652446,"tine.sh agent","2026-09-13 12:18:25",2242.9,2,sidcodegg
1118,16716012,LaiCxm,"2026-09-13 14:14:48",2241.7,2,laicxm
1119,16688217,"The Grower","2026-09-11 19:31:27",2241.7,2,vigneshsankar1962
1120,16669594,euorrl,"2026-09-11 12:46:19",2240.7,2,euorrl
1121,16726915,"인공저능연구소( Artificial Idiocy Lab )","2026-09-13 12:35:39",2239.7,2,megayak
1122,16693342,takemo,"2026-09-13 07:38:46",2238.4,2,takemoriyuto
1123,16706321,lumen,"2026-09-13 20:08:05",2237.6,2,lumenyuto
1124,16735066,"Saber #2","2026-09-11 16:26:08",2235.9,2,yzheng21
1125,16887642,"Dimitrios Giannoulis","2026-09-13 18:29:44",2235.0,2,plagiagia
1126,16849377,try,"2026-09-12 20:23:11",2234.7,2,weishanshan033
1127,16665224,tyz123456,"2026-09-12 22:27:21",2233.4,2,tyz123456
1128,16658677,大山,"2026-09-13 11:46:11",2231.2,2,mapodoufu
1129,16633790,curiosity,"2026-09-13 15:42:39",2231.2,2,chmffwn1
1130,16708791,atsu0905,"2026-09-11 15:08:36",2231.2,2,atsu0905
1131,16707915,MGöksu,"2026-09-12 16:05:38",2231.1,2,mgoksu
1132,16784164,Yaojinming,"2026-09-11 04:15:11",2230.5,2,yjm0905
1133,16776793,"Guilherme Raiuga","2026-09-12 15:58:06",2230.4,2,guilhermeraiuga
1134,16772119,Workybara.ai,"2026-09-12 03:16:14",2230.4,2,workybaraai
1135,16683936,Cyrus,"2026-09-13 20:50:06",2229.6,2,jamalsaeedi
1136,16705523,"Brian Chua","2026-09-13 15:53:50",2229.6,2,chuazhengweibrian
1137,16774701,@Suzumaru_1666,"2026-09-12 12:42:50",2228.4,2,suzumaru1666
1138,16810030,fukumayo,"2026-09-13 13:04:01",2227.6,2,fukumayouta
1139,16644452,Durlabh_Jha,"2026-09-13 13:01:18",2227.1,2,durlabhjha
1140,16852208,"LONG NT123","2026-09-11 12:23:48",2226.5,2,longnt123
1141,16752277,YKuma,"2026-09-13 00:13:56",2225.6,2,ykumazaki
1142,16728910,Thai,"2026-09-11 06:38:31",2225.4,2,hnthai
1143,16632240,Deepseek的恩情还不完,"2026-09-13 17:54:20",2225.0,2,"iwanys,pedianeko,realybin"
1144,16736670,"Mark Astrid","2026-09-12 06:11:56",2224.7,2,markastrid
1145,16734551,"junseok lee","2026-09-11 05:20:36",2224.5,2,jaslee2
1146,16698206,"Bark at the Barnyard","2026-09-12 13:52:05",2224.3,2,mming0430
1147,16678618,"Manu Nicholas Jacob","2026-09-12 02:13:33",2223.4,2,manunicholasjacob
1148,16634432,KARGI,"2026-09-12 10:45:37",2222.6,2,learningkin
1149,16662735,"Kurian George","2026-09-11 17:16:25",2222.0,2,kuriangeorge
1150,16623920,"Kazuta MIZUTA","2026-09-13 11:01:20",2221.3,2,kazutamizuta
1151,16635969,"Omkar Kadam","2026-09-13 18:48:15",2220.5,2,"itzzomkar,khanayanayub,princypaonam"
1152,16793340,bee_lx_xl,"2026-09-11 20:51:28",2220.1,2,beelxxl
1153,16682892,"Alvaro Llamojha","2026-09-09 21:37:21",2220.0,2,alvarollamojha
1154,16731803,JYShane,"2026-09-13 07:22:05",2219.8,2,jyshane
1155,16857624,flatton,"2026-09-11 06:47:34",2219.4,2,tomokifujihara
1156,16724801,Noir,"2026-09-13 10:00:10",2218.9,2,nuitnoir
1157,16857932,"Ahmed Ansari","2026-09-13 01:22:06",2218.5,2,ahmed1ansari
1158,16728084,iwance,"2026-09-13 10:55:14",2218.1,2,iwance
1159,16654914,Nozprod,"2026-09-11 14:55:33",2216.6,2,nozprod
1160,16751152,"Andrew Reed","2026-09-10 03:42:42",2215.8,2,andrewreed
1161,16766640,watana,"2026-09-11 13:12:40",2215.4,2,yukiwat
1162,16653982,"Arul Prasad S P","2026-09-11 19:42:25",2215.4,2,arulprasadsp
1163,16673230,saitamad,"2026-09-13 08:51:12",2214.4,2,saitamad
1164,16623449,"Ryo Takaki","2026-09-13 14:05:15",2214.1,2,ryotakaki
1165,16657316,SCNU,"2026-09-11 11:39:42",2214.0,2,jasonxusk
1166,16743836,"Auto Fermers","2026-09-13 13:47:09",2213.9,2,"artemboltaev,dmitriigluzdov"
1167,16759058,Miz,"2026-09-13 05:16:10",2212.6,2,ryota040
1168,16641169,boatlee,"2026-09-12 18:02:28",2212.3,2,boatlee
1169,16632157,"福原 大知","2026-09-13 18:28:50",2211.0,2,fxxyfox
1170,16806023,"Eesh saxena","2026-09-13 07:47:27",2210.8,2,eeshsaxena
1171,16661325,"Max Fofanov","2026-09-10 11:08:25",2210.0,2,maxfofanov
1172,16732714,Mforg,"2026-09-11 13:37:20",2208.2,2,mforg74911
1173,16676885,"Riva Kajangu","2026-09-11 14:16:20",2207.8,2,rivakajangu
1174,16758381,"Yang Kuang Ou","2026-09-12 14:24:35",2207.5,2,yangkuangou
1175,16712560,"Max vrstpan1","2026-09-12 08:35:34",2206.2,1,wdjy123456
1176,16728366,"RL Learner","2026-09-11 12:30:15",2205.0,2,forrestxlz
1177,16810275,Adam,"2026-09-11 17:22:12",2204.8,2,potonglantie93
1178,16842293,"WANG HONGXIANG","2026-09-13 16:15:41",2204.5,2,wanghongxiang
1179,16738534,"Sakito Horie","2026-09-11 16:36:23",2203.7,2,sakitohorie
1180,16660215,"YoungDSML [dsml.kz]","2026-09-10 20:07:58",2201.7,2,"mazgas,nurikw3"
1181,16840073,"Kragglenote2 Forwork","2026-09-11 10:05:45",2201.5,2,kragglenote2forwork
1182,16827097,"Bình Trần Thanh","2026-09-13 04:40:11",2201.5,2,dsdadasda
1183,16853849,emreaydin,"2026-09-12 06:52:09",2201.4,2,aydinemre
1184,16762195,eliasruntime,"2026-09-12 14:33:31",2200.3,2,eliasruntime
1185,16717756,Dominick,"2026-09-11 03:14:37",2200.1,2,kcinimod
1186,16879360,"Neural Subscribed Operator","2026-09-12 06:55:46",2199.6,1,nacl3084
1187,16771870,"kumi cho","2026-09-10 10:07:29",2199.5,2,kumicho
1188,16762957,邪悪な暁山瑞希、ジャガイモを量産してフライドポテト市場を独占,"2026-09-13 04:31:36",2199.3,2,yinzimike
1189,16799598,RameshG888,"2026-09-11 08:42:57",2199.3,2,ramesh888
1190,16839311,"Hagiwara Shigechika","2026-09-10 11:58:39",2199.0,2,hagiwarashigechika
1191,16670967,"Ne ML Clan","2026-09-11 21:56:32",2198.9,2,"al55522me,egoregors,sirgauda,vladmazeev"
1192,16653093,"willam wu","2026-09-12 23:55:04",2198.9,2,biaaib
1193,16845258,Squirrel,"2026-09-13 15:52:58",2198.4,2,bunnykeeper
1194,16729102,"Bruce Zheng","2026-09-11 12:17:11",2197.7,2,brucezheng666
1195,16707990,Snorlax,"2026-09-13 14:45:26",2196.9,2,pku1400010735
1196,16709304,"Aleksey SCHUKIN","2026-09-13 13:48:08",2196.9,2,alekseyschukin
1197,16668783,Zyy7390,"2026-09-09 21:18:35",2195.4,2,"tigerrrrrr,zyy7390"
1198,16763761,mkai1981,"2026-09-11 22:11:10",2194.2,2,mkai1981
1199,16701024,pig7selene,"2026-09-12 10:20:34",2193.8,2,ejlthomas
1200,16848060,juliencst,"2026-09-11 14:53:10",2193.4,2,juliencst
1201,16781506,un0o7,"2026-09-11 13:10:36",2192.7,2,hjhsdsdww
1202,16802867,matcha110,"2026-09-13 03:56:01",2192.2,2,matcha110
1203,16848765,XJHya233,"2026-09-13 11:56:26",2190.1,2,xjhya233
1204,16675960,"Audric LOKO","2026-09-12 23:15:27",2189.2,2,audricloko
1205,16621590,Yaroslav,"2026-09-13 14:13:54",2188.7,2,yaroslavrogoza
1206,16744837,JuliaGastellu,"2026-09-13 11:08:46",2188.6,2,juliagastellu
1207,16746395,Levin,"2026-09-11 08:50:51",2188.5,2,"sophiexs,zhengliwen"
1208,16758629,karinkaito,"2026-09-12 08:01:52",2188.4,2,karinkaito
1209,16827571,"BNBU ","2026-09-11 11:53:11",2188.4,2,"andycooper747,austindengkaggle,BNBUDINGSHANLee21,yuxiang328"
1210,16862840,"Ammar Aziz","2026-09-12 11:11:53",2188.2,2,cabtainamamr
1211,16667880,DOPEなNOUFU耕すHOPE👨‍🌾,"2026-09-12 01:44:22",2186.3,2,"shin9915,syamoji141chan"
1212,16632599,Shadowell888,"2026-09-13 12:21:17",2186.1,2,shadowell888
1213,16806053,hisatarosu,"2026-09-13 05:47:35",2184.9,2,tomako4390
1214,16776738,"Kundan Bhaskar","2026-09-13 19:55:55",2184.8,2,kundan007
1215,16848952,tubotu,"2026-09-11 14:47:08",2184.6,2,tubotu
1216,16736985,Colt,"2026-09-12 11:39:11",2184.4,2,nht1990
1217,16736124,GIN,"2026-09-11 10:56:59",2184.2,2,runjinzhang
1218,16843384,"Anatoly Lyutov","2026-09-11 11:54:44",2184.0,2,anatolylyutov
1219,16768385,neibyr,"2026-09-13 09:59:18",2183.9,2,neibyr
1220,16739578,"Pietro Valocchi","2026-09-13 17:51:28",2183.4,2,pietrovalocchi
1221,16867005,cryptvector2,"2026-09-11 13:22:09",2182.9,2,cryptvector2
1222,16731074,UmutUygurr,"2026-09-11 05:57:55",2182.7,2,umuttuygurr
1223,16758232,mech_39,"2026-09-10 21:20:57",2182.0,2,mech39
1224,16637973,StephenNedumpally,"2026-09-11 13:22:07",2181.9,2,stephennedumpally
1225,16740419,IamDiganta.7,"2026-09-13 19:32:43",2181.8,2,iamdiganta7
1226,16647324,GG-bond,"2026-09-12 10:06:31",2181.1,2,wyhwyh123
1227,16670032,Kenjo1209,"2026-09-13 16:43:44",2180.1,2,kenjo1209
1228,16847609,"Aura Farmers","2026-09-11 10:18:07",2179.9,2,"adriana0022,ayrnpn,shengkaizhu"
1229,16644690,Dubnium,"2026-09-12 20:52:28",2178.3,2,ahmetyasin1
1230,16863212,"Jayanth Koppala","2026-09-12 14:50:36",2177.3,2,jayanthkoppala
1231,16665829,Shadowfishes,"2026-09-13 20:39:06",2177.0,2,"boandme,ronitagarwal1,shauryasahdev2"
1232,16730881,hank0123,"2026-09-12 21:18:47",2176.2,2,hank0123
1233,16658185,"Juwon Kweon","2026-09-11 05:37:38",2175.9,2,juwonkwon
1234,16806376,pardival,"2026-09-11 09:00:53",2173.7,2,pardival
1235,16630142,zawawannko,"2026-09-11 08:03:32",2173.5,2,zawawannko
1236,16715066,akahane,"2026-09-13 11:29:26",2173.4,2,shuheiakahane
1237,16623799,"Akhilesh godugu","2026-09-11 13:18:17",2173.4,2,"akhileshgodugu,ashokgodugu"
1238,16710464,ns0329,"2026-09-12 06:56:56",2172.1,2,ns0329
1239,16658248,Aaweg,"2026-09-09 17:46:23",2171.0,2,aawegbhaladhare
1240,16792013,"Alec Polansky","2026-09-10 01:58:49",2170.8,2,alecpolansky
1241,16884121,310,"2026-09-13 16:29:23",2170.0,2,dnpkkk
1242,16851186,kaerururu,"2026-09-13 15:30:39",2169.3,2,kaerunantoka
1243,16634716,Eusebius,"2026-09-11 14:18:58",2168.1,2,protuberanzen2000
1244,16731839,mamematcha,"2026-09-12 16:29:27",2167.7,2,mamematcha
1245,16632735,"No Free Lunch, Only Melons","2026-09-11 13:47:28",2167.3,2,kawaharataishi
1246,16670384,"Gordeev Max","2026-09-09 14:32:48",2167.3,2,gordeevmax
1247,16698560,"Seungjun Lee","2026-09-13 01:49:19",2166.7,2,seungjunleeofficial
1248,16772808,lucataco,"2026-09-12 16:58:12",2166.5,2,lucataco
1249,16641138,"Bharath Varma","2026-09-13 18:55:48",2166.4,2,bharath111l
1250,16653044,"x - An","2026-09-10 03:30:01",2165.7,2,"binhdth,buphmquc,hainguyenthien,pntan17"
1251,16623128,AdamJonesJohnson,"2026-09-11 02:49:03",2165.3,2,adamjonesjohnson
1252,16774075,"Mohammad Yaser Hussain","2026-09-13 17:55:29",2165.2,2,mohammadyaserhussain
1253,16635314,"Aurora wy","2026-09-11 01:23:22",2163.3,2,aurorawy
1254,16741178,guruguru000,"2026-09-11 04:31:49",2162.6,2,guruguru000
1255,16728076,uuu,"2026-09-13 09:12:31",2162.4,2,vovafinogenov
1256,16784725,prairieee,"2026-09-12 14:33:55",2161.9,2,"haideptry,prairieee"
1257,16759402,Capitaalgain,"2026-09-13 14:28:22",2160.5,2,capitaalgain
1258,16701612,Kiki,"2026-09-11 06:43:31",2160.3,2,rouiou
1259,16667080,King-damon,"2026-09-11 16:01:49",2159.5,2,kingdamon
1260,16774712,icelemon2004,"2026-09-11 04:25:32",2158.8,2,"guanghuchen,icelemon2004,mustard64"
1261,16740659,haodou092,"2026-09-11 11:10:47",2158.4,2,haodou092
1262,16630984,TakamaruEX,"2026-09-13 11:05:27",2157.9,2,takamaruex
1263,16667951,KoRo2_JP,"2026-09-11 10:48:44",2157.8,2,koro2jp
1264,16845382,Alpha_Ashwin007,"2026-09-12 18:36:30",2156.9,2,alphaashwin007
1265,16876344,Hyunwoo_Park,"2026-09-13 11:45:38",2156.2,2,uts3125014010829
1266,16876040,hgh404,"2026-09-13 20:06:06",2154.2,2,"gamejoker,hgh1024"
1267,16843522,clouds111,"2026-09-10 09:00:49",2153.1,2,clouds111
1268,16685548,"Erfan Eshratifar","2026-09-13 21:01:45",2152.9,2,erfaneshrati
1269,16775473,LuanHengYu,"2026-09-13 16:20:05",2152.4,2,apexml
1270,16847247,月之光面,"2026-09-13 14:40:45",2152.1,2,cxcxcxcx
1271,16755099,"Aleksandr Ulianin","2026-09-13 17:51:57",2151.1,2,aleksandrulianin
1272,16797154,"Elvern Neylmav Tanny","2026-09-13 12:09:51",2150.2,2,elvernneylmavtanny
1273,16850105,Pantheon,"2026-09-13 08:58:42",2149.8,2,skyenxt
1274,16744503,"Jun AKita","2026-09-12 04:12:19",2149.3,2,junakita
1275,16808020,"Pulkit Arora 🇮🇳","2026-09-11 09:15:58",2148.9,2,pulkittarora
1276,16777767,"Miyanogawa Yuya","2026-09-13 13:49:56",2148.6,2,veritalogos
1277,16836787,KSKBL,"2026-09-13 09:46:13",2148.6,2,"length1001,trafalgar1234"
1278,16852766,MCZK,"2026-09-11 12:53:05",2147.6,2,hitoshimochizuki
1279,16716566,"Junliang Ye","2026-09-13 19:28:55",2145.7,2,junliangye
1280,16668622,"Michael McGrain","2026-09-10 10:38:27",2145.6,2,michaelmcgrain
1281,16732774,edchax,"2026-09-09 18:38:30",2145.5,2,edchax
1282,16636756,"K.THARUN KUMAR","2026-09-13 08:49:11",2144.9,2,tharunkumar369
1283,16623592,Jack,"2026-09-13 04:38:01",2144.5,2,jackvd
1284,16825002,RAVEN,"2026-09-11 09:41:27",2143.6,2,silverlxt
1285,16798172,"Dmytro Maliarenko","2026-09-13 21:07:43",2143.3,2,arxitekton
1286,16735837,yaki-imo,"2026-09-11 04:35:42",2141.9,2,taichiakiyama
1287,16778707,momohuhu_kkkkkarrot,"2026-09-11 22:34:38",2141.3,2,kjy666
1288,16691867,huyang111,"2026-09-11 07:23:58",2140.7,2,huyang111
1289,16676034,"Songyot P","2026-09-12 14:57:32",2140.1,2,songyotpi
1290,16740420,Laplacenvmv,"2026-09-09 07:42:28",2138.6,2,laplacenvmv
1291,16627194,GzmCR632,"2026-09-11 07:01:14",2137.9,2,gzmcr632
1292,16749071,snc5656,"2026-09-12 14:33:21",2137.6,2,jamm1412
1293,16750448,"Ansh Agarwal","2026-09-11 07:59:45",2137.2,2,anshagarwal2616
1294,16745419,elren,"2026-09-13 15:19:03",2137.1,2,elrensmin
1295,16838625,kyohei2106,"2026-09-11 05:14:43",2135.9,2,kyohei2106
1296,16769836,weense,"2026-09-13 04:58:36",2135.4,2,weense
1297,16820794,"Yuxuan Ba","2026-09-11 01:00:35",2134.9,2,"cynthiaaaaa06,yuxuanba"
1298,16835029,先过我的Gemini,"2026-09-10 15:57:34",2134.2,2,gutssss
1299,16843617,Jenny124685,"2026-09-10 05:06:53",2133.4,2,jenny124685
1300,16660209,"Whyme Labs","2026-09-13 21:37:47",2132.8,2,whymelabs
1301,16737650,sime_saba,"2026-09-13 21:30:35",2132.3,2,watarukawashima
1302,16801171,"Asterios Terzis","2026-09-13 04:16:58",2132.2,2,asteriosterzis
1303,16760701,"Yannik Schiffner","2026-09-13 16:31:47",2132.0,2,yannikschiffner
1304,16823957,"kiki yi2","2026-09-10 04:45:21",2131.1,2,kikiyi2
1305,16798317,"Baran Akyıldız","2026-09-13 19:07:13",2131.0,2,baranakyldz
1306,16707036,"Just a Farmer","2026-09-11 02:07:31",2130.5,2,gunianxue
1307,16668056,"Quantum Farm","2026-09-11 20:06:20",2130.1,2,"anselem7,divineokwueze,nnanyereuzoma"
1308,16855665,"Yash Yadav","2026-09-13 06:58:11",2128.2,2,yash2072005
1309,16697089,"aghbalou Anass","2026-09-13 13:32:09",2127.7,2,aghbalouanass
1310,16848297,chacha260,"2026-09-11 08:27:30",2127.6,2,chacha260
1311,16794207,AlekseiProvorov,"2026-09-10 23:44:25",2126.4,2,leoprovorov
1312,16629699,radiant-allomancer,"2026-09-11 00:50:02",2126.1,2,radiantallomancer
1313,16685982,Snorf,"2026-09-13 16:42:43",2125.4,2,snorfyang
1314,16784943,"Ian lin","2026-09-13 10:48:15",2124.9,2,ianlin310707
1315,16854428,"Marwan Ashref","2026-09-13 13:44:26",2124.6,2,"abobakerabobaker,marwanashref"
1316,16654742,"Aastik Rajan15","2026-09-10 21:06:45",2124.5,2,aastikrajan15
1317,16735744,老乡,"2026-09-11 06:47:33",2122.3,2,hboyang
1318,16673524,"Zikai Chen","2026-09-13 04:29:53",2122.1,2,kyrie1102kai
1319,16767360,"Sinh Nguyễn Đức","2026-09-11 07:02:23",2122.1,2,sinhnguync
1320,16790603,xinbao,"2026-09-11 15:50:54",2121.9,2,zww123456
1321,16706227,"Wise Fancy","2026-09-11 01:08:47",2121.9,2,wisefancy
1322,16823116,一路向北,"2026-09-13 21:03:49",2121.1,2,chronoscop
1323,16741932,"Michael Chen","2026-09-11 05:38:12",2120.9,2,fuqiangchen
1324,16623488,"Kevin E R MILLE","2026-09-13 00:40:22",2120.4,2,kevinermille
1325,16764089,UtaAzu,"2026-09-11 02:21:40",2115.7,2,utaazu
1326,16858157,osteo,"2026-09-11 01:33:23",2114.9,2,logstwo
1327,16688313,"Gnosys Labs","2026-09-11 18:26:07",2114.3,2,gnosyslabs
1328,16777137,Bernardus,"2026-09-13 21:03:29",2113.6,2,bernubritz
1329,16676085,"Giordano Dolenz","2026-09-11 17:20:50",2113.4,2,giordanodolenz
1330,16860566,黄旭伟aaaabbs,"2026-09-10 02:08:34",2111.8,2,aaaabbs
1331,16755049,gamesu7107,"2026-09-12 18:24:15",2111.3,2,gamesu7107
1332,16633179,infamemconculcemus,"2026-09-13 19:08:36",2111.0,2,jcgweb
1333,16871705,Bertholdt,"2026-09-12 06:30:07",2108.9,2,bertholdt
1334,16821967,"Nakul Maurya","2026-09-11 10:30:18",2108.9,2,nakulmaurya
1335,16722888,GarrieD,"2026-09-12 14:53:50",2108.8,2,garried
1336,16657657,ArnabKarmakar,"2026-09-12 00:05:09",2108.8,2,arnabkarmakar
1337,16621063,Broskis,"2026-09-11 03:19:55",2108.8,2,"aikyatansinha,r1cksync,vamshikrishnaemmadi"
1338,16755911,"Paarth Patel","2026-09-11 04:20:20",2108.1,2,martis10
1339,16868219,"Karim Hamada","2026-09-10 18:14:34",2107.8,1,karimhamada
1340,16752250,"Takahiro Katsumata (tkatsuma)","2026-09-11 22:27:07",2106.9,2,alextfkd
1341,16842384,"Muhammad Mirza Darma Putra","2026-09-13 04:39:08",2106.9,2,mirzadarma
1342,16696720,"JAZ COLD HORN","2026-09-13 15:57:19",2106.0,2,"evanmaksud,jazivxt,maulikgajera,niazmohaimanabtahi,victorhorn"
1343,16840212,anngle,"2026-09-11 11:33:24",2103.2,2,anngle
1344,16710469,Qimra1729,"2026-09-11 08:09:04",2102.9,2,qimra1729
1345,16764546,Thirst,"2026-09-12 17:38:55",2102.9,2,wahidakram
1346,16783740,ZiYiMing,"2026-09-12 07:39:04",2100.7,2,ziyiming
1347,16635509,simmons1025,"2026-09-10 15:26:38",2100.7,2,simmons1025
1348,16686918,JustinLee,"2026-09-11 15:43:26",2099.7,2,justin2061
1349,16802578,Yuuki4543,"2026-09-11 06:18:16",2098.6,2,yuuki4543
1350,16732210,tanadai,"2026-09-10 21:41:46",2098.4,2,da0516
1351,16731983,Gracie,"2026-09-13 16:16:54",2098.3,2,gracie428
1352,16722849,"Dhruv Bansal","2026-09-10 22:03:08",2098.3,2,dhruvb2028
1353,16632172,Ayodeji,"2026-09-11 03:17:39",2098.0,2,ayodejiibrahimlateef
1354,16749034,digitalChaos,"2026-09-12 18:15:34",2097.0,2,digitalchaos666
1355,16663252,"MD Concepcion","2026-09-12 21:50:11",2096.3,2,mikedconcepcion
1356,16694110,"Team Amboss","2026-09-12 22:29:39",2096.3,2,alexphilippi
1357,16664487,houlidai-jiekiulai,"2026-09-11 06:28:55",2095.7,2,houlidaijiekiulai
1358,16880407,kimuraaa,"2026-09-13 14:29:42",2095.4,2,kimuraaa
1359,16655519,CurveCowboy,"2026-09-13 20:41:21",2095.3,2,curvecowboy
1360,16655150,"Benjamin H Pepper","2026-09-13 18:18:31",2094.8,2,bhpepper
1361,16778744,"Shunsuke Hayashi","2026-09-11 00:39:52",2094.7,2,shunsukehayashi1993
1362,16758556,bpbpbpbpb,"2026-09-13 16:36:11",2094.7,2,bpbpbpbpb
1363,16621610,NMarkS,"2026-09-13 18:16:06",2094.6,2,nmarks
1364,16730673,"John Doge","2026-09-09 20:50:30",2094.5,2,spacedoge
1365,16630251,"Handry Novianto","2026-09-11 08:14:59",2093.7,2,handrynovianto
1366,16842828,"Smiley Flour","2026-09-13 17:53:03",2092.1,2,"ddlinh212,nguyenvlm"
1367,16804859,DevashishSoni123,"2026-09-11 07:55:10",2091.7,2,devashishsoni123
1368,16843582,isk54_34,"2026-09-11 05:39:47",2091.2,2,isk5434
1369,16658801,"Thuc Nguyen Dang 111","2026-09-13 05:21:36",2090.7,2,thucnguyendang111
1370,16811605,"Ryu Sonoda","2026-09-13 06:31:50",2090.6,2,ryusonoda
1371,16639263,Yam,"2026-09-10 15:44:54",2090.0,2,minyam
1372,16693215,"Izzoudine Mohamed KANTA","2026-09-13 18:58:25",2089.6,2,izzoudeenkanta
1373,16643554,"Arnie Jimenez","2026-09-11 16:01:08",2089.5,2,arniejimenez
1374,16671659,Jiang,"2026-09-11 08:12:46",2089.4,2,jncq2006
1375,16654881,Freddy,"2026-09-11 04:42:36",2089.1,2,twoxding
1376,16748487,Hiters,"2026-09-11 00:54:16",2088.6,2,mikehongsz
1377,16707547,Lin,"2026-09-10 17:03:51",2088.3,2,linjianrong
1378,16867641,"Yuki TASHIRO","2026-09-10 17:17:04",2088.0,2,yukitashiro
1379,16746191,たがやす,"2026-09-12 11:53:17",2087.8,2,drktti
1380,16632493,"oni chan arigato","2026-09-10 18:15:43",2087.3,2,"kindasomethin,nabidnur"
1381,16719884,ykhnkf,"2026-09-11 00:18:06",2086.7,2,ykhnkf
1382,16732735,MMMMMMMMMMMM,"2026-09-11 02:21:58",2086.5,2,hyh273279
1383,16756510,tongmian1314,"2026-09-13 15:22:02",2086.3,2,tongmian1314
1384,16866549,"Roman Nesterov","2026-09-13 21:12:26",2085.5,2,romanest
1385,16824931,Magniverko,"2026-09-13 03:25:23",2084.9,2,huangyingkun
1386,16663808,"Fae Gaze","2026-09-10 20:30:29",2084.5,2,achievement
1387,16673370,JeovaAnderson,"2026-09-13 11:18:07",2084.5,2,jeovaanderson
1388,16867327,Zorvella,"2026-09-11 03:16:36",2083.2,2,zorvella
1389,16647192,"Sailor Ren","2026-09-11 09:47:58",2082.6,2,sailorren
1390,16841595,Jaso1024,"2026-09-10 01:44:10",2080.5,2,jaso1024
1391,16624109,"Nguyễn Thế Minh Đức","2026-09-11 07:29:54",2080.4,2,nguynthminhc
1392,16826999,donaldxu,"2026-09-11 00:13:46",2079.1,2,abc1705
1393,16697395,darktetradgod,"2026-09-12 09:11:33",2077.5,2,darktetradgod
1394,16659160,"Dmitry Bardonov","2026-09-13 05:47:46",2076.4,2,bdesim
1395,16721248,"Raef Guizani","2026-09-12 21:14:13",2076.3,2,raefguizani
1396,16697540,"Jared Floersch","2026-09-13 19:07:43",2076.0,2,jaredfloersch
1397,16823319,eviltsundera,"2026-09-12 21:47:10",2075.6,2,eviltsundera
1398,16789950,"Zachary Zhang","2026-09-09 05:37:03",2074.1,2,zacharyzhang16
1399,16849053,z7777,"2026-09-10 14:16:42",2073.4,2,songqizhou
1400,16866868,mr_children_0617,"2026-09-11 11:36:55",2071.3,2,mrchildren0617
1401,16661039,Abracadabra,"2026-09-13 18:26:18",2069.5,2,giovannicr
1402,16848929,"Nikoo Yu","2026-09-13 14:16:31",2069.5,2,nikooyu
1403,16662833,"umair zia","2026-09-11 17:15:41",2068.2,2,aimerscoding
1404,16763669,cm391,"2026-09-10 14:23:54",2066.9,2,mccocoful
1405,16810306,"Asy Mortenson","2026-09-12 20:29:41",2066.7,2,asymortenson
1406,16623390,KodamaSec,"2026-09-13 18:49:01",2065.9,2,dfhgfdghfdhg
1407,16631752,"Junichiro Morita","2026-09-13 04:16:15",2065.1,2,junichiromorita
1408,16855156,"Lior Toledano","2026-09-10 16:37:28",2064.5,2,liortoledano
1409,16811313,Ta_____ko,"2026-09-13 11:36:51",2062.9,2,tako1249
1410,16717794,souldrive,"2026-09-13 13:18:14",2061.8,2,souldrive
1411,16851399,"Ali Eren Konak","2026-09-13 15:06:21",2061.5,2,alierenkonak
1412,16630015,星之海,"2026-09-13 08:50:50",2060.0,2,web3cainiao
1413,16632527,"GIVE ME A JOB","2026-09-10 09:35:11",2059.5,2,tarokogawa
1414,16671741,Excluding,"2026-09-13 14:47:03",2058.9,2,excluding
1415,16661667,"Wufang Hong","2026-09-10 07:14:27",2058.6,2,wufanghong
1416,16672121,"Tiger bonbon","2026-09-12 08:14:24",2057.4,2,fujiwarayuto
1417,16790527,Yuta,"2026-09-10 08:33:55",2056.9,2,yutaecon
1418,16862614,"Andrew Bunn","2026-09-13 02:55:58",2054.5,2,andrewbunn
1419,16627600,"NiA Farms","2026-09-11 06:37:23",2053.7,2,"adriaft,natliablascoandreo"
1420,16688732,tully_boss,"2026-09-13 07:52:57",2051.1,2,"gnux1408,tanakaai24"
1421,16674961,"Ilya & Yurnero","2026-09-09 10:20:15",2051.1,2,"samson8,test7845"
1422,16666571,"Zhengxu Yu","2026-09-11 09:46:14",2050.0,2,zhengxuyu
1423,16862183,Smackaveli,"2026-09-12 16:16:22",2049.4,2,spoutop
1424,16762302,OxFFFs,"2026-09-12 11:04:44",2048.3,2,oxfffs
1425,16729130,KoshinM,"2026-09-12 02:07:32",2048.2,2,koshinm
1426,16841335,abondrn,"2026-09-12 09:18:50",2047.8,2,abondrn
1427,16659464,"Héctor Valverde","2026-09-12 18:14:21",2047.8,2,hvpareja
1428,16768104,"Ivan Aleksandrov","2026-09-10 10:24:49",2046.1,2,ivanblch
1429,16730675,Platycerium,"2026-09-11 17:27:51",2045.7,2,soutasakurai
1430,16817750,"Baiqing Wang","2026-09-10 00:42:21",2045.3,2,wangbqbqbq
1431,16847304,"eryue shisi","2026-09-10 01:55:59",2044.9,2,eryueshisi
1432,16631115,prvsiyan,"2026-09-13 14:49:46",2044.6,2,prvsiyan
1433,16743582,ShunkiKyoya,"2026-09-12 00:06:30",2043.3,2,shunkikyoya
1434,16881024,mdy,"2026-09-13 09:45:01",2043.3,1,xxxxxx6x
1435,16633190,Gigrise,"2026-09-10 20:10:18",2043.0,2,gigrais
1436,16865564,Manat,"2026-09-12 02:55:49",2042.7,2,manatoshoji03
1437,16672251,"Kavinkumar M","2026-09-12 04:10:39",2042.6,2,kavinkumarrkm
1438,16663264,Adarsh,"2026-09-13 16:26:39",2041.5,2,madarshbb
1439,16645203,easonyanyan,"2026-09-13 16:22:51",2041.0,2,easonyanyan
1440,16740996,ikevayansky,"2026-09-13 19:36:38",2039.8,2,ikevayansky
1441,16745761,mitomeat823,"2026-09-13 01:31:29",2039.7,2,mitomeat823
1442,16730810,mgoto51004,"2026-09-12 16:07:18",2039.6,2,mgoto51004
1443,16693439,"Ankit Hemant Lade","2026-09-13 21:14:03",2039.6,2,"ankitlade12,jsaikrishna"
1444,16746372,"Meerub Atiq","2026-09-12 08:05:39",2039.5,2,meerubatiq
1445,16624080,yuuuki1111,"2026-09-13 00:03:03",2038.6,2,yuuuki1111
1446,16743546,"Simon Dorcas","2026-09-13 12:04:11",2038.2,2,simondorcas
1447,16623298,Mikhail_Komkin,"2026-09-09 21:21:30",2037.9,2,mikhailkomkin
1448,16865554,"parker tan","2026-09-13 03:39:28",2037.8,2,parkertan
1449,16622319,"Roman Tamrazov 52","2026-09-13 17:58:19",2037.3,2,romantamrazov
1450,16693431,Jonewang,"2026-09-10 05:47:20",2035.2,2,jone520
1451,16743528,shfyyds12138,"2026-09-13 11:45:57",2034.5,2,junwenzhu1314
1452,16728238,ubcict232,"2026-09-10 16:19:32",2034.4,2,ubcict232
1453,16714474,"Glenn Dalbey","2026-09-09 23:44:37",2034.1,2,glenndalbey
1454,16858196,"Cường Dược Sĩ","2026-09-13 15:32:02",2033.8,2,cngdcs
1455,16767960,"Yuvraj Bhati","2026-09-11 07:52:37",2032.3,2,avioon
1456,16730076,SJY321,"2026-09-12 14:55:02",2031.6,2,sjy321
1457,16657276,"Пётр П","2026-09-12 18:17:11",2031.3,2,petrinvest
1458,16849766,"Uncle Scooge","2026-09-11 13:27:24",2031.1,2,"guzzbr,pascalcoimbra"
1459,16751140,onick_man,"2026-09-13 11:53:51",2031.0,2,ftakahas
1460,16691084,"Ke Ma Ke","2026-09-13 09:01:36",2031.0,2,kemake
1461,16755650,"kazuki morikawa","2026-09-10 12:56:10",2029.9,2,kazukimorikawa
1462,16746796,kaguramena,"2026-09-10 07:13:17",2027.4,2,kaguramena
1463,16661665,"Leonardo Viola10","2026-09-11 16:30:33",2026.8,2,leonardoviola10
1464,16881882,Fl,"2026-09-12 20:46:09",2026.3,2,flagon
1465,16635062,DL,"2026-09-10 04:16:38",2026.1,2,distiller
1466,16654511,"Syed Shayan Ali Shah","2026-09-09 19:23:08",2026.1,2,dsshayan
1467,16881857,Pheonix,"2026-09-13 11:14:00",2025.7,2,vikasg1711
1468,16720797,"Vibe Farmer","2026-09-11 02:14:27",2025.1,2,pulakkantibhowmick
1469,16866971,"Riad Hossain","2026-09-13 09:28:33",2024.8,2,riadhhossain
1470,16702975,RicardoLópez,"2026-09-09 16:16:39",2023.2,2,richi2489
1471,16636079,"Pawan Rama Mali","2026-09-13 20:30:08",2022.5,2,pawanmali
1472,16623980,Nikita,"2026-09-11 17:13:10",2022.5,2,ivanovnikitawork
1473,16799428,hatata,"2026-09-13 10:57:40",2022.5,2,hatata3737
1474,16875653,xuzenkun,"2026-09-12 09:27:27",2022.2,2,xuzenkun
1475,16653078,pk210495,"2026-09-13 10:56:29",2021.1,2,pk210495
1476,16691270,"Piyal Chowdhury","2026-09-13 20:47:41",2018.5,2,piyalchowdhury
1477,16730676,ActiveMusyoku,"2026-09-13 15:05:26",2017.3,2,"daiki0381,kohei0okazaki,noriyukimori,ryonatori,seipon"
1478,16805704,ShuHaya,"2026-09-12 07:02:49",2015.9,2,yfqqq088
1479,16762494,西松大祐,"2026-09-13 11:48:57",2015.6,2,wep212
1480,16866424,"gmmm mmod2","2026-09-11 07:38:54",2015.2,2,gmmmmmod2
1481,16659920,vkhydras,"2026-09-11 12:12:10",2013.3,2,vickimar
1482,16857732,bzczz123,"2026-09-11 07:05:04",2012.1,2,bzczz123
1483,16809332,"ansheng jhang","2026-09-12 04:22:42",2011.1,2,anshengjhang
1484,16652764,hikahika,"2026-09-11 13:31:34",2011.0,2,naganohikaru
1485,16675866,DanilChil,"2026-09-13 10:55:36",2010.8,2,danilchil
1486,16720696,Ankit0017,"2026-09-09 14:57:00",2010.7,2,ankit0017
1487,16665134,edteoh,"2026-09-12 10:31:14",2008.5,2,edteoh
1488,16660840,"An Garcia","2026-09-10 01:59:43",2007.8,2,angarcia
1489,16663867,"Stephen Schott","2026-09-11 00:06:23",2007.6,2,steve421471
1490,16689488,"Ming Fong","2026-09-10 02:48:20",2007.5,2,evilpegasus
1491,16623371,MoZayed,"2026-09-13 19:28:49",2006.1,2,mohamedzayedahmed
1492,16747273,红烧肉,"2026-09-09 12:52:04",2004.6,2,ra1nac1d
1493,16796370,MioValentine,"2026-09-13 19:56:26",2003.0,2,yuyizhu
1494,16790432,"Field General","2026-09-13 09:44:43",2002.6,2,kevinarvai
1495,16806862,JudyWatermelon,"2026-09-12 05:40:49",2002.1,2,judywatermelon
1496,16701685,shawloong,"2026-09-10 06:56:56",2001.2,2,shawloong
1497,16831028,"氷見 和","2026-09-10 12:04:15",1999.6,2,himihimi
1498,16670715,i3,"2026-09-13 00:00:54",1999.6,2,ishijima
1499,16814378,"Jay Prrajapati","2026-09-09 13:53:13",1999.5,2,jayprrajapati
1500,16864072,"Matvey Skovordin","2026-09-10 04:24:07",1999.3,1,kickassnumberone
1501,16802745,"Fuat Çakıcı","2026-09-10 12:17:54",1998.2,2,fuatcakiicii
1502,16835641,baojidehuangmao,"2026-09-13 13:38:08",1997.5,2,"brittneylewis2,innocentdzzz"
1503,16627906,"Tergel Munkhbat","2026-09-13 13:55:40",1997.4,2,tergelmunkhbat
1504,16674367,"zongze Yan","2026-09-10 08:36:53",1996.2,2,aaayan
1505,16695046,"Farmers Is All You Need","2026-09-13 17:26:31",1995.8,2,"aurax7,coolinlai,davidsarrat,pseree,zongzishuang"
1506,16790943,"Tashfik Salehin","2026-09-13 11:19:02",1994.5,2,tashfiksalehin
1507,16866567,Variiiiiii,"2026-09-11 10:09:24",1994.4,2,variiiiiii
1508,16731194,"Neglected Turtle","2026-09-13 12:51:12",1992.9,2,pleaselike
1509,16676739,"Jonathan Zheng Jiahao","2026-09-10 02:53:21",1992.9,2,jonathanzhengjiahao
1510,16662618,"Soledad Santiago","2026-09-12 19:38:20",1991.0,2,soledadsantiago
1511,16664788,rian,"2026-09-09 17:32:52",1990.7,2,rian55
1512,16765668,shun_johnny,"2026-09-13 10:38:37",1987.7,2,shunjohnny
1513,16854573,"这是 AI 的胜利","2026-09-10 09:15:16",1987.3,2,iaptainmy
1514,16709101,"Djaafar Lecheheb DL","2026-09-11 03:33:18",1987.3,2,djaafarlechehebdl
1515,16779957,养了一群扫福瑞,"2026-09-09 12:13:36",1986.3,2,whq0q7
1516,16756477,Ender,"2026-09-10 11:10:27",1983.7,2,eamonnkashyap
1517,16792681,MorS,"2026-09-12 16:36:24",1982.6,2,mors1337
1518,16840617,RyotaroAbe,"2026-09-10 14:03:06",1982.4,2,ryotaro45123
1519,16695283,"Mark Baushenko","2026-09-13 21:20:00",1981.7,2,e0xextazy
1520,16623309,zyvren,"2026-09-11 15:14:31",1981.5,2,"nusratahmmedmaisha,sharif485"
1521,16805952,hatakazu93,"2026-09-13 06:31:02",1980.8,2,hatakazu93
1522,16627581,AidenSong123,"2026-09-12 14:15:30",1980.5,2,aidensong123
1523,16851853,tryagain123,"2026-09-12 12:58:14",1980.4,2,lanqingsong123
1524,16670229,Munshi-PremChand,"2026-09-11 13:26:53",1979.4,2,munshipremchand
1525,16627032,"Kaito Fukami","2026-09-11 02:40:45",1979.2,2,kaitofukami
1526,16632245,u,"2026-09-10 12:19:55",1979.0,2,"apostoloskontarinis,curbotron13,halzweiman,josephmcgonaglebrown,shreyanshpoddar"
1527,16666784,"Michał Łapiński","2026-09-13 21:22:18",1977.7,2,michaapiski
1528,16736079,Maxy5illion,"2026-09-10 11:10:08",1977.6,2,maxy5illion
1529,16866996,"Marina Afanas'eva","2026-09-10 14:36:18",1976.7,1,proamari
1530,16867407,Lanqira,"2026-09-11 03:08:56",1975.2,2,lanqira
1531,16720056,"Heads or Tails","2026-09-13 16:20:16",1975.2,2,headsortails
1532,16708296,LUCKY2,"2026-09-13 16:37:22",1974.7,2,carolezountangni
1533,16779519,"Xiangsong Tian","2026-09-12 23:03:27",1974.3,2,xiangsongtian25
1534,16802843,Dream,"2026-09-13 15:29:56",1974.2,2,"jamesl8,tzeweilim"
1535,16832866,bgaoi2,"2026-09-09 15:09:29",1973.2,2,bgaoi2
1536,16786341,"Farmula One","2026-09-13 16:50:33",1971.5,2,"joesland,mer4yyy,ricaaaovo,zhangxingzhe"
1537,16629685,mikelou1,"2026-09-09 12:40:11",1971.3,2,mikelou1
1538,16863501,ATC,"2026-09-10 01:05:59",1971.1,1,t6ccc2
1539,16690923,"Maqsoud Tawaliou","2026-09-10 22:07:33",1970.8,2,maqsoudtawaliou
1540,16769885,kurushun,"2026-09-10 02:10:21",1970.8,2,kurushun
1541,16658149,X,"2026-09-13 06:37:44",1970.6,2,lohithhb
1542,16778178,kyosan,"2026-09-11 05:30:22",1970.6,2,"azizbekxasanov,dilyorbek"
1543,16622835,"Max Manushin","2026-09-11 01:04:29",1970.3,2,innerf1re
1544,16709236,rick11224,"2026-09-13 16:37:58",1969.8,2,rick11224
1545,16861362,夢ちゃん,"2026-09-10 23:55:22",1969.8,2,rubiakaslana
1546,16861616,"Gagan Deep","2026-09-13 19:59:43",1969.4,2,gagandeep1
1547,16851474,"HY ISHI","2026-09-13 15:59:24",1969.1,2,hyugaishioka
1548,16857861,Satua,"2026-09-11 06:36:26",1968.8,2,satyasrinivasanandh
1549,16865854,lancerhim,"2026-09-13 03:51:39",1966.7,2,lancerhim
1550,16854472,Taimo,"2026-09-11 17:10:58",1965.4,2,taikimori
1551,16866946,truxivan,"2026-09-10 13:46:58",1964.7,1,truxivan
1552,16848850,Lazyman,"2026-09-13 17:03:03",1963.8,2,lazyman
1553,16722378,waticson,"2026-09-10 14:10:56",1963.0,2,yutodennou
1554,16865917,"Yihao Wei","2026-09-13 10:07:46",1962.6,2,yihaowei
1555,16762289,NineThree,"2026-09-11 08:08:28",1959.5,2,xiaoazuzong
1556,16626814,"Vu Tran Hoang","2026-09-10 08:10:22",1959.4,2,hoangvux
1557,16857939,"Le Duy Dong","2026-09-10 16:11:23",1958.3,1,lduynglduyng
1558,16678061,"Sushanth Tiruvaipati","2026-09-10 06:11:22",1957.4,2,sushanthtiruvaipati
1559,16717549,"Adejumo Boluwatife","2026-09-11 19:09:23",1957.0,2,adejumoboluwatife
1560,16814375,"Yuta Eiki","2026-09-10 02:38:28",1956.4,2,wildauk
1561,16668610,Sian,"2026-09-12 01:13:24",1956.3,2,arki13
1562,16811799,"Yuanchen Huang","2026-09-12 05:57:52",1956.0,2,geokocha
1563,16634519,"Darshan Makwana","2026-09-10 10:17:03",1955.4,2,ellipticaloranges
1564,16658382,vladee,"2026-09-13 19:19:03",1953.8,2,vladee
1565,16659670,MeeMee,"2026-09-10 07:07:22",1953.8,2,yagi46
1566,16640780,"drezna ultra","2026-09-13 05:54:42",1953.2,2,notakes
1567,16810308,Congy,"2026-09-10 05:36:35",1952.8,2,congyingma
1568,16665294,"Thái Văn Tài","2026-09-09 16:28:33",1952.8,2,thivnti
1569,16865693,Eda,"2026-09-10 09:12:31",1952.4,1,edagram
1570,16641230,"An V1","2026-09-12 01:03:30",1952.0,2,barakuga
1571,16809263,"Bertan Pank","2026-09-09 18:58:46",1951.7,2,bertanpank
1572,16639969,"Sheep Are All You need","2026-09-09 13:28:03",1950.5,2,aliyelbekov
1573,16670276,"Egor Trushin","2026-09-10 08:19:32",1950.3,2,egortrushin
1574,16634312,"Linh Le","2026-09-12 05:05:15",1950.3,2,linhlethuy
1575,16740361,"Suba S","2026-09-12 02:56:32",1948.2,2,jupiter79
1576,16796223,"Bohan Shao","2026-09-12 07:00:46",1946.6,2,bohanshao
1577,16692432,"Les 2 oies","2026-09-13 19:15:06",1946.1,2,"sanarceate,youyoucrf"
1578,16847763,MartinZiserman,"2026-09-11 23:53:37",1944.5,2,zarmii
1579,16731966,ねねね,"2026-09-12 10:38:25",1944.4,2,napier1550
1580,16625798,grifth,"2026-09-09 08:20:58",1944.4,2,grifth
1581,16859585,momo,"2026-09-10 03:06:37",1942.7,2,fyenneyenn
1582,16845713,"qweq asd","2026-09-10 11:17:52",1941.1,2,qweqasd
1583,16782708,lcx666,"2026-09-10 12:33:05",1939.8,1,chengxinliang
1584,16811247,"Luca Mussino","2026-09-10 20:53:58",1939.2,2,lucamussino
1585,16811496,Marie,"2026-09-13 07:59:58",1939.1,2,mariashatrova
1586,16690805,"Alejandro Ayestaran","2026-09-10 01:37:21",1939.0,2,alejandroayestaran
1587,16700846,"Vaibhav Patel","2026-09-10 11:28:16",1938.6,2,vaibhavpatel
1588,16630779,Jimmer,"2026-09-13 15:14:47",1938.5,2,przemysawonr
1589,16657671,CyberRacoon,"2026-09-11 10:08:50",1937.6,2,racoontw
1590,16764349,Solo,"2026-09-12 22:58:37",1935.7,2,solosolo
1591,16660735,"Bassel Elbahnasy","2026-09-12 14:07:00",1932.0,2,basselashraf
1592,16709468,"Andrey Chankin","2026-09-11 22:43:54",1930.4,2,bluepill
1593,16759501,BaconT,"2026-09-09 11:20:50",1928.8,2,bacont
1594,16730735,YUK,"2026-09-09 13:47:16",1928.2,2,yu0307
1595,16852910,omoch1,"2026-09-12 06:36:43",1928.0,2,agecom
1596,16729186,Virtute,"2026-09-12 00:43:55",1927.4,2,nameless001
1597,16795448,ultimatum_game,"2026-09-12 01:09:16",1925.9,2,"ultimatumgame,walrushero"
1598,16621500,"Reinforcement Larping","2026-09-10 12:02:23",1925.1,2,egortkachenko
1599,16696099,moss,"2026-09-13 09:31:52",1924.3,2,kenyashimizu
1600,16852728,"Ryuto Yoda","2026-09-09 11:05:09",1923.8,2,ryutoyoda
1601,16793553,hoon0303,"2026-09-09 14:48:42",1923.5,2,hoon0303
1602,16627148,"Rogovik Makar","2026-09-10 06:06:17",1923.0,2,makarrogovik
1603,16705830,"Grim Reaper","2026-09-11 16:42:40",1922.4,2,fathomable
1604,16876071,NITISH5236GOEL,"2026-09-12 09:42:36",1922.3,2,nitish5236goel
1605,16677855,Mehrdad_LU,"2026-09-10 06:25:22",1921.9,2,mehrdadal2023
1606,16865570,"Kedar Kale","2026-09-11 08:53:24",1921.5,2,kedarkale
1607,16658732,Olympus,"2026-09-12 11:44:20",1921.5,2,jiseungwoo
1608,16870600,"Huayu Wen","2026-09-11 14:17:55",1919.7,2,huayuwen
1609,16661708,"Stanley Honkpehedji","2026-09-10 12:32:25",1919.0,2,stanleyhonkpehedji
1610,16855492,"Matin Urdu","2026-09-10 19:57:23",1918.9,2,matinurdu
1611,16845112,"Robert Baburin","2026-09-13 14:13:27",1918.7,2,robertbaburin
1612,16879166,NoDash,"2026-09-13 05:08:22",1918.3,1,nodash
1613,16806006,2,"2026-09-10 05:55:13",1918.3,2,smallvv
1614,16677810,"Maksim Borisov","2026-09-13 20:45:08",1918.1,2,ma4ypic4y
1615,16713797,CrazyDave111,"2026-09-13 10:41:06",1917.8,2,crazydave111
1616,16765807,"Win Suthar","2026-09-12 07:15:02",1917.8,2,ashwanidhukra
1617,16682843,underline12311,"2026-09-09 13:17:13",1917.4,2,underline12311
1618,16661846,"Jeffrey Pike","2026-09-09 16:05:56",1917.0,2,jeffreypikeai
1619,16653199,Koba,"2026-09-11 22:37:38",1916.9,2,zone0906
1620,16635351,AAAMIKASA,"2026-09-09 18:16:15",1916.5,2,aaamikasa
1621,16738822,shakedamo0w0,"2026-09-10 03:38:12",1916.5,2,shakedamo0w0
1622,16669843,"hikaru kitagawa","2026-09-11 12:53:08",1915.8,2,hikarukitagawa
1623,16652451,JackGong,"2026-09-10 07:21:38",1913.0,2,jackgong
1624,16727110,yemaoye,"2026-09-10 03:58:10",1912.0,2,yemaoye
1625,16677423,songling,"2026-09-12 13:10:57",1911.5,2,"lvbingrong,oralia"
1626,16634179,daoviet,"2026-09-09 10:12:20",1911.4,2,daoviet
1627,16761293,cha7ura,"2026-09-12 15:25:34",1911.0,2,cha7ura
1628,16741113,kaitle,"2026-09-13 06:42:36",1908.3,2,kaitle
1629,16656312,"retiring to farm","2026-09-10 15:50:14",1908.2,2,"avnermlim,belati,hilariusjeremy,matthewpramana,nicholasarditirta"
1630,16644818,chudddc,"2026-09-09 13:57:18",1907.4,1,chudddc
1631,16630833,"Savan Javia","2026-09-10 10:01:49",1906.6,2,savanjaviya
1632,16769967,"Bill Fan","2026-09-10 07:01:01",1906.6,2,billfan88
1633,16799266,"Kucing Garong","2026-09-11 01:05:52",1906.5,2,syaugialkaf
1634,16677596,Sere1n,"2026-09-11 15:08:02",1906.4,2,chacc0
1635,16640472,"Vsevolod Rakita","2026-09-09 12:57:52",1906.1,2,vsevolodrakita
1636,16773144,"Mohamed Salah","2026-09-13 16:27:15",1905.7,2,mosalah7
1637,16881694,Novardion,"2026-09-13 11:28:43",1904.2,2,novardion
1638,16732496,kanno,"2026-09-13 21:16:29",1904.0,2,kannomasaki
1639,16730728,"Le Trong Hieu","2026-09-13 00:55:51",1903.2,2,backtracking
1640,16632612,Farmville,"2026-09-09 16:13:55",1902.6,2,rafaelfigueiredo13
1641,16716317,yzyhello,"2026-09-10 07:19:20",1902.4,2,yzyhello
1642,16738408,kujitama,"2026-09-10 11:12:59",1902.4,2,tyamujin
1643,16732696,naniwazu,"2026-09-09 17:15:52",1902.3,2,naniwazu
1644,16854869,Ibar-Aki,"2026-09-09 14:34:06",1902.1,2,akicolor
1645,16663485,"Jacob Alstrup","2026-09-09 15:42:29",1901.7,2,jacobalstrup
1646,16732292,takaygiiiiiiii,"2026-09-11 23:45:22",1901.4,2,takaygiiiiiiii
1647,16672997,"Francesco Montone","2026-09-11 10:56:31",1900.8,2,francescomontone
1648,16718033,TheMightiestMan,"2026-09-12 07:06:01",1900.7,2,themightiestman
1649,16838312,macaron,"2026-09-09 16:09:18",1900.6,2,hayatotech
1650,16734667,sadanamaru,"2026-09-10 12:22:11",1897.8,2,sadanamaru
1651,16698134,Hossein,"2026-09-11 02:29:53",1897.6,2,tomi85
1652,16732409,kawhi0.0,"2026-09-10 03:44:50",1897.0,2,kawhi00
1653,16657100,"Jacky Chan","2026-09-10 16:05:07",1897.0,2,jhkchan
1654,16839821,"Stepan Pankratov","2026-09-09 14:47:50",1896.6,2,infam62
1655,16861998,bobodict,"2026-09-09 17:26:50",1896.1,2,bobodict
1656,16669441,"Chirag Desai","2026-09-12 04:07:31",1895.7,2,cid007
1657,16810111,"Saket Singh","2026-09-11 07:11:03",1894.2,2,saketsingh9728
1658,16848217,"Yang Bai","2026-09-10 05:49:28",1893.4,2,jackelysia
1659,16677217,Panos,"2026-09-11 08:20:32",1891.5,2,panosc
1660,16665841,"Mohit Rao","2026-09-13 18:36:19",1890.6,2,vmohitrao
1661,16842482,Wodo888,"2026-09-12 03:25:41",1890.5,2,wodo888
1662,16755654,oQo,"2026-09-09 15:03:16",1890.0,2,oqoxodk6
1663,16855868,PapaSoda,"2026-09-10 17:45:16",1889.9,2,papasoda
1664,16839834,nouvya,"2026-09-10 15:48:43",1889.4,2,nouvya
1665,16809842,"zg l1218","2026-09-13 11:17:42",1888.9,2,zgl1218
1666,16644702,cracker_1_war,"2026-09-10 07:18:48",1888.8,2,cracker1war
1667,16841799,珍珠,"2026-09-10 07:19:38",1885.7,2,luochen6
1668,16784992,Prasad.tgs,"2026-09-13 19:32:34",1884.5,2,sivaprasadnaidu
1669,16810499,佐藤滉太,"2026-09-09 16:00:43",1884.5,2,s1300200
1670,16736838,アナコンダ,"2026-09-09 13:48:32",1883.4,2,"ei1333,unosss"
1671,16634104,FarmGoose,"2026-09-10 09:10:47",1882.9,2,yizhanglou
1672,16750843,jammings,"2026-09-09 13:11:04",1881.9,2,jammings
1673,16632516,"Jiachen Li","2026-09-09 11:29:38",1880.1,2,llccqq624
1674,16809445,takusemba,"2026-09-09 14:50:14",1880.1,2,takusembba
1675,16806018,トゲアリトゲナシトゲトゲ,"2026-09-09 11:31:20",1879.9,1,togearitogenasi
1676,16778334,"Onkar Belure","2026-09-09 16:22:19",1879.9,2,onkarbelure
1677,16761875,eugenn,"2026-09-12 15:03:16",1879.3,2,eugennekhai
1678,16623450,S.Aoki,"2026-09-09 11:26:29",1878.5,2,soyaoki
1679,16862155,"Kydyrbek Kozykorpesh","2026-09-09 17:34:41",1875.5,2,kozykappa
1680,16700634,"Alperen Söylen","2026-09-13 20:58:02",1875.1,2,alperensylen
1681,16761173,"Shinzo Takayama","2026-09-11 19:55:50",1874.9,2,shinzotakayama
1682,16857977,namopanda,"2026-09-09 15:41:49",1874.1,2,namopanda
1683,16770715,"Vicens Gaitan","2026-09-09 10:23:09",1873.4,2,vicensgaitan
1684,16635195,my,"2026-09-09 14:55:09",1872.8,2,ryyymy
1685,16700211,miya,"2026-09-13 10:12:44",1872.6,2,miyamuratakeki
1686,16654109,"Mohamed Amine Aichaoui","2026-09-09 23:50:05",1872.5,2,mohamedamineaichaoui
1687,16667604,L7n,"2026-09-10 07:48:57",1871.2,2,znwe342
1688,16863538,e-toppo,"2026-09-10 01:15:27",1868.6,1,masatomatsui
1689,16632708,__Taichicchi__,"2026-09-12 18:17:13",1868.4,2,hutch1221
1690,16792661,итмоняяя,"2026-09-13 08:54:10",1867.8,2,"naladwepo,tickflag"
1691,16799045,qq牧场,"2026-09-13 14:45:52",1865.9,2,"goodchen145,sir2026,zhaosir2026"
1692,16759626,"Ghazaros Barseghyan","2026-09-13 21:12:13",1865.8,2,ghazarosbarseghyan91
1693,16741639,kirito83,"2026-09-12 13:25:22",1864.8,2,lishsh83
1694,16681100,Chiranjith,"2026-09-09 09:06:26",1864.4,2,chiranjithdharma
1695,16849780,"Juan Leiva","2026-09-09 18:55:26",1863.8,2,juank333
1696,16806879,tetsuro731,"2026-09-09 11:46:20",1861.6,2,tetsuro731
1697,16855111,PixelPuff,"2026-09-11 18:38:03",1861.5,2,krishpatel290895
1698,16658665,ChandramouliNagasundaram,"2026-09-11 22:43:06",1860.9,2,"enginegeneral,mouliindian"
1699,16640394,"MOHAMMADJAFAR ZAMANI","2026-09-13 13:58:26",1860.8,2,mohammadjafarzamani
1700,16633793,adakoda,"2026-09-09 11:55:49",1860.1,2,adakoda
1701,16640264,DhanaLakshmiMalla,"2026-09-09 15:01:45",1859.7,2,dhanalakshmimalla
1702,16771337,titako0000,"2026-09-10 09:00:19",1859.5,2,titako0000
1703,16860663,久保兼,"2026-09-09 12:50:27",1859.1,1,kuboken
1704,16682753,"Cam-Luan Truong","2026-09-09 07:09:09",1859.0,2,luantruong
1705,16676455,"Sarthak Sharma ","2026-09-12 09:02:16",1857.2,2,sarthaksharma14
1706,16640991,sometimeafter,"2026-09-09 17:35:05",1857.1,2,xinyeee
1707,16724755,K.nosaka,"2026-09-10 12:07:13",1857.1,2,kenseinosaka
1708,16655474,Focus,"2026-09-09 12:04:51",1856.8,2,overvalueawareness
1709,16625219,MJVinay,"2026-09-12 15:54:42",1855.8,2,mallajayanthvinay
1710,16845531,"Suzuki Yuto - W","2026-09-10 06:24:18",1855.2,2,hoshinoyumemi
1711,16870447,"louie lau","2026-09-11 08:22:30",1855.1,1,louielau
1712,16623399,Kendamarron,"2026-09-13 16:11:54",1854.3,2,kazuhirokuriyama
1713,16860160,"Kohei #2","2026-09-09 11:20:08",1853.7,1,confirm
1714,16860907,kuengo,"2026-09-09 13:38:33",1852.1,1,kuengo
1715,16669686,"Mert Bayraktar","2026-09-12 18:44:44",1851.2,2,mertbayraktar
1716,16758893,"Sercan Yeşilöz","2026-09-09 12:34:34",1850.3,2,sercanyesiloz
1717,16752082,"Tian hao Qing Nano7ko","2026-09-09 05:51:47",1849.5,2,tianhaoqingnano7ko
1718,16860118,Hironobukawaguchi,"2026-09-09 11:53:30",1848.9,2,hironobukawaguchi
1719,16779171,Xunden,"2026-09-09 13:35:24",1848.4,2,xunden
1720,16860251,"Fabian Henning","2026-09-09 11:37:30",1847.7,1,crustacean
1721,16743033,Nagahama,"2026-09-09 14:57:53",1847.6,2,kazukinagahama
1722,16641884,Blacklions.,"2026-09-09 10:16:48",1846.3,2,blacklions
1723,16859804,seele,"2026-09-09 10:20:41",1846.2,1,seele1917
1724,16860164,Ry_Sa,"2026-09-09 11:29:06",1845.8,2,ryqsaq
1725,16784516,pejipej,"2026-09-11 09:29:37",1845.7,2,pejmaneghbali
1726,16712007,"Dipin Kothavoor","2026-09-11 10:36:43",1845.5,2,dipinkothavoor
1727,16810408,"Bohdan Boklah","2026-09-10 10:17:16",1845.1,2,bohdanbb2000
1728,16623580,matsu997,"2026-09-09 17:35:42",1844.0,2,mastu997
1729,16767052,KaitoKusumoto,"2026-09-10 12:30:18",1842.4,2,kaitokusumoto
1730,16677565,"Avish Sinha","2026-09-09 07:35:41",1841.9,2,avish006
1731,16861903,iwa,"2026-09-13 05:12:38",1841.9,2,ichiko
1732,16664392,AdamHsieh,"2026-09-11 03:47:02",1841.7,2,adamhsieh
1733,16669650,motono0223,"2026-09-13 16:27:03",1841.2,1,motono0223
1734,16860708,"Nav N","2026-09-10 07:47:42",1841.2,2,navidata
1735,16659395,HyperX,"2026-09-13 09:13:57",1840.9,2,"diversedharun,harishinkaggle"
1736,16879027,XMHHHH,"2026-09-13 08:39:27",1840.8,2,jkkhhoo
1737,16624303,seven,"2026-09-09 09:18:12",1840.7,2,morikawatakeshi
1738,16623708,"Chekhlov Dmitrii","2026-09-09 08:48:18",1840.6,2,zoli800
1739,16789509,"Yang Wei Hao","2026-09-09 13:02:55",1839.2,2,aichangeworld
1740,16814716,edder0798,"2026-09-12 07:57:25",1839.2,2,"edder0798,wangxi608"
1741,16759578,Randy,"2026-09-09 03:15:10",1839.0,2,rvndyerwin
1742,16858418,"Nguyễn Công Tuấn","2026-09-13 16:55:55",1838.8,2,nctuan
1743,16731686,SaiKushal185,"2026-09-10 09:14:13",1837.7,2,saikushal185
1744,16861083,Shoto,"2026-09-09 15:14:42",1837.2,1,bloodymonday
1745,16751603,xxxzzz123312123321,"2026-09-13 20:51:27",1837.0,2,xxxzzz123312123321
1746,16775474,ERS,"2026-09-10 05:09:16",1836.7,2,shingo257
1747,16791924,magu1234,"2026-09-09 15:48:40",1835.8,2,magu1234
1748,16709501,Galaxantic,"2026-09-09 06:02:29",1835.5,2,neel21yt
1749,16854090,"Kaichi Morimoto","2026-09-09 11:22:01",1835.5,2,kaichimorimoto
1750,16859316,LP,"2026-09-09 08:58:09",1835.2,2,lihu6666
1751,16640701,momoon,"2026-09-13 12:05:14",1835.0,2,nomuraryota
1752,16844456,Touk00,"2026-09-13 04:20:04",1834.4,2,touk00
1753,16806142,"junjie zhou","2026-09-10 11:47:37",1834.3,2,junjiezhou5100
1754,16774674,"Perminov Matvey","2026-09-09 09:54:55",1834.0,2,mperminiov
1755,16766796,panda__MB__maximus,"2026-09-09 09:32:32",1833.8,2,tanishmohokar09
1756,16625214,Malla,"2026-09-09 15:00:57",1833.8,2,mallaphalguni
1757,16843892,luxinyayaya,"2026-09-10 13:23:00",1833.4,2,luxinyayaya
1758,16841960,WessonZ,"2026-09-10 02:11:20",1833.3,2,wessonz
1759,16743648,Hei_shao,"2026-09-12 18:48:52",1832.9,2,heishao
1760,16807380,"D × MirAI","2026-09-13 15:03:23",1832.4,2,kmnkmn
1761,16844845,"Dinesh Amalathasan","2026-09-13 20:14:46",1832.2,2,amaldinesh
1762,16625082,真的懒,"2026-09-13 04:55:09",1832.2,2,gtccc9
1763,16736198,JetJetGo,"2026-09-09 08:56:23",1831.1,2,psykrishna
1764,16661648,"Vân Nguyễn","2026-09-09 09:39:54",1830.9,2,vunnguyen
1765,16730946,"Bohann Wang","2026-09-13 15:21:06",1830.8,2,bohannnwang
1766,16843047,liyuting,"2026-09-10 07:27:21",1830.5,2,lytqwq
1767,16634082,"Mikey Marszewski","2026-09-11 02:26:39",1829.8,2,mikeymarszewski
1768,16784485,betterme,"2026-09-09 15:54:54",1828.8,2,betterme12345
1769,16764386,Troy_xx,"2026-09-09 09:11:26",1825.7,2,troyxx
1770,16862056,konchu2,"2026-09-10 11:32:13",1825.6,2,konchu2
1771,16660987,AdrianWang2003,"2026-09-09 09:32:53",1823.4,2,"adrianwang2003,benlou04"
1772,16859409,wia'ma,"2026-09-09 09:08:21",1823.0,1,wangyiqicy
1773,16862298,"Varadaraj Borkar","2026-09-13 13:12:11",1822.3,2,varadarajborkar
1774,16734803,guoziyi123456,"2026-09-09 09:31:56",1821.8,2,"ax1lec,guoziyi123456,linhexlu,xuanzhechen"
1775,16796682,LK30,"2026-09-12 01:50:04",1820.3,2,louisklasing
1776,16623608,"Dmitry Larko","2026-09-08 23:05:52",1818.7,2,dmitrylarko
1777,16786092,Shiru2,"2026-09-09 19:34:32",1818.6,2,shiru2
1778,16661701,premjampuram,"2026-09-09 11:13:52",1818.3,2,"aasthasinha9,anji2705,premjampuram,sheetallodhi"
1779,16654403,"Skibidi Six Seven","2026-09-08 14:20:24",1816.8,2,iam4722202468
1780,16631421,cg,"2026-09-13 13:41:24",1816.2,2,chaitanyagarg2
1781,16734914,bharat,"2026-09-08 11:43:10",1815.7,2,bharatmohan
1782,16789946,"Oriol Pi Morell","2026-09-13 17:38:25",1812.9,2,oriolpi
1783,16676609,cqupt_sdq,"2026-09-08 16:43:33",1811.4,2,sdq2237
1784,16670020,nanare,"2026-09-08 12:08:25",1810.2,2,nanaresudo
1785,16854616,"Dd National","2026-09-12 13:29:04",1810.1,2,ddnational
1786,16688130,"Lujia Liang","2026-09-10 12:55:45",1810.1,2,lujialiang123
1787,16858113,wli889661,"2026-09-09 13:38:01",1809.8,2,wli889661
1788,16750779,"Mao Nishino (mao1756)","2026-09-09 05:00:13",1808.9,2,maonishinomao1756
1789,16711376,"Arman Tuganbaev","2026-09-13 20:55:58",1807.0,2,armantuganbaev
1790,16664132,kojingbo,"2026-09-12 15:49:01",1806.4,2,kojingbo
1791,16767929,Timbydude,"2026-09-10 10:01:05",1804.2,2,timbydude
1792,16853498,MaksKhan,"2026-09-08 15:32:14",1803.5,2,makskhan
1793,16669256,Shivam_2212,"2026-09-11 00:46:20",1803.2,2,shivam2212
1794,16847412,SuzukiKazuma,"2026-09-09 03:26:44",1802.5,2,suzukikazuma
1795,16786496,"Lê Quang Cảnh","2026-09-12 05:44:25",1802.5,2,zhincez
1796,16660251,Yagawa,"2026-09-09 11:50:14",1801.0,2,yagawa
1797,16754882,vvs,"2026-09-10 14:35:58",1798.7,2,marvelworld
1798,16841026,"Max Power","2026-09-13 16:49:23",1797.8,2,markbarney
1799,16838766,"Justin Gao","2026-09-08 08:27:29",1797.7,2,justingao
1800,16674949,"Lev Neganov","2026-09-12 12:32:41",1797.2,2,levoel
1801,16789990,SA,"2026-09-12 09:58:38",1796.2,2,soheiarisaka
1802,16728492,ほのぼの牧場,"2026-09-13 07:02:03",1796.2,2,masatoshitaniguchi
1803,16779388,"Mohammad Alnajdawi","2026-09-09 11:27:03",1796.0,2,mohammadalnajdawi
1804,16858828,BlueSky_sora,"2026-09-12 14:52:11",1795.9,2,blueskysora
1805,16796901,hanhan761,"2026-09-10 05:31:28",1794.0,2,"hanhan761,kiivii,noice12138,xiaobai0417"
1806,16840550,henriquejsza,"2026-09-10 13:50:41",1792.4,2,henriquejsza
1807,16842183,"Sumukh M G","2026-09-11 05:24:41",1792.1,2,sumukhmg35
1808,16699246,"Labh Khatke","2026-09-11 15:53:22",1790.9,2,labhkhatke
1809,16827290,"Dhruvik Chauhan","2026-09-08 17:25:24",1789.2,2,dangptdawg
1810,16655704,heinado,"2026-09-08 15:21:56",1788.9,2,heinado
1811,16659843,"Amer Alkhalili","2026-09-12 15:16:26",1788.6,2,ameralkhalili
1812,16633445,Wal8800,"2026-09-10 06:30:12",1787.7,2,wal8800
1813,16658426,RIVEN23,"2026-09-10 09:12:16",1787.2,2,riven5
1814,16774884,assssstnuar,"2026-09-09 05:59:05",1786.6,2,assssstnuar
1815,16705790,clora,"2026-09-13 14:05:50",1786.0,2,clora16
1816,16738759,YJR,"2026-09-09 07:24:30",1785.5,2,misakamikoto66
1817,16730719,Xiaowenhao404,"2026-09-12 05:27:12",1783.9,2,xiaowenhao404
1818,16685047,Yvonne.,"2026-09-12 08:17:01",1783.8,2,zdawer250
1819,16857973,guochangZhang,"2026-09-09 04:24:41",1782.9,1,guochangzhang
1820,16679810,"Patrick Joël MAIRLOT-MBEZELE","2026-09-10 17:54:50",1782.4,2,pigenesis75
1821,16711317,"yf D","2026-09-12 04:29:05",1781.5,2,dengvitruviano
1822,16698726,加油,"2026-09-09 14:17:45",1781.2,2,honeeyl
1823,16698661,"Albert Wang","2026-09-09 01:11:19",1781.1,2,mianwang1024
1824,16655789,"wen chong yu","2026-09-09 04:38:34",1781.0,2,wenchongyu
1825,16682318,Bibek,"2026-09-13 20:49:12",1780.9,2,bibek777
1826,16758709,dk07dk,"2026-09-12 07:13:48",1779.3,2,dk07dk
1827,16756698,savoelh,"2026-09-07 19:39:38",1778.6,2,savoelh
1828,16717253,Sybery_AI,"2026-09-13 19:51:41",1778.4,2,syberyai
1829,16740207,"As Long As You Love Me","2026-09-08 23:45:20",1777.9,2,theunforgiven7
1830,16621243,"Jesse Bullard","2026-09-09 20:36:36",1777.8,2,jessebullard
1831,16715729,Ajay_Rao_43,"2026-09-09 05:25:11",1777.7,2,ajayrao43
1832,16808840,Devansh3007,"2026-09-10 05:02:13",1777.7,2,devansh3007
1833,16742159,mimi！,"2026-09-09 09:34:38",1776.9,2,"morongzhu,we111135"
1834,16774823,fan2goa1,"2026-09-09 07:23:33",1775.4,2,zfun0926
1835,16785321,HaoChi,"2026-09-08 23:38:40",1774.7,2,"lishi321,moxi21"
1836,16659286,shane18,"2026-09-13 15:25:35",1774.2,2,shane18
1837,16854541,yangyiqing6,"2026-09-11 03:08:28",1774.1,2,yangyiqing6
1838,16717901,"Ahmed Hazem Abdeltawab","2026-09-11 12:10:58",1772.9,2,ahmedhazem23
1839,16801797,Tv,"2026-09-13 03:11:19",1772.6,2,linyeah
1840,16673131,"Arfin Mustofa","2026-09-09 08:39:19",1772.6,2,arfinmustofa
1841,16843203,"Liyi xin jie","2026-09-08 08:39:56",1772.5,2,liyixinjie
1842,16811949,PeterDreamHan,"2026-09-10 02:17:55",1770.8,2,"niuwh1004,peterdreamhan"
1843,16656806,"Arshad Shemil k","2026-09-09 08:33:09",1770.7,2,arshadshemilk
1844,16844344,Hyt9797,"2026-09-09 08:19:53",1769.7,2,hyt9797
1845,16644578,"Team Name","2026-09-09 03:57:14",1768.9,2,baytree1238
1846,16727404,Yichi,"2026-09-08 22:25:59",1768.9,2,yichi02
1847,16842242,"Scott Kirila","2026-09-08 09:09:58",1768.8,2,scottkirila
1848,16689741,shinamonmon,"2026-09-09 02:43:37",1768.4,2,shinamonmon
1849,16714365,meryol,"2026-09-13 16:04:44",1766.2,2,meryol
1850,16841313,"Daniel Harkin","2026-09-09 18:24:13",1763.1,2,danielharkin
1851,16840862,HaoKwok,"2026-09-09 03:50:41",1762.7,2,haokwok2002
1852,16795704,haodada001,"2026-09-10 01:49:03",1762.6,2,haodada001
1853,16670504,Shirabe,"2026-09-09 10:38:50",1762.6,2,carlmakt
1854,16841565,"dar Zaa","2026-09-08 18:04:18",1761.6,2,darzaa
1855,16702754,"ИТМОНИ AI B2B 67 SaaS","2026-09-11 08:40:29",1760.2,2,"borismatsakov,kirya1"
1856,16759699,"Mason Cao","2026-09-09 06:09:46",1759.4,2,mzcao7
1857,16810813,Scorn100,"2026-09-09 17:11:13",1759.1,2,scorn100
1858,16754823,"tiki tiki tiki","2026-09-10 02:06:30",1759.0,2,slangitup
1859,16854060,Q,"2026-09-10 04:30:12",1757.6,2,dalll77
1860,16851664,koucha,"2026-09-10 10:18:30",1757.5,2,momotakaaoki
1861,16735628,perrodawn,"2026-09-13 03:57:27",1757.1,2,perrodawn
1862,16681601,Hanaro,"2026-09-13 11:12:23",1756.1,2,lucas040
1863,16695242,"Utkarsh Prakash Srivastava","2026-09-08 15:55:37",1756.0,2,utkarshps
1864,16753710,tax_free,"2026-09-10 17:08:47",1755.7,2,taxfreepython
1865,16713457,"Poor farmer","2026-09-08 08:45:03",1754.7,2,trnhip
1866,16735794,宗宗没有英文名,"2026-09-09 13:44:57",1753.4,2,iver666
1867,16801457," Banned My Account","2026-09-09 08:59:24",1753.3,2,subaru486
1868,16786139,Trezerg,"2026-09-09 03:22:46",1753.3,2,progtrollwarrior16
1869,16750416,G!vIOne,"2026-09-08 11:39:43",1753.2,2,gvione
1870,16731630,SatoshiN04,"2026-09-13 09:33:17",1752.9,2,satoshinakamura04
1871,16732156,"Ца-ри-ца по-лей, ку-ку-ру-за!","2026-09-08 11:01:34",1751.9,2,samvelkoch
1872,16710546,"Russlan Ramdowar","2026-09-09 05:03:58",1751.6,2,russlan
1873,16635747,"Jeki Wan Taufik","2026-09-08 15:14:33",1751.5,2,jek1wantaufik
1874,16663498,"Braxton Dyer","2026-09-12 12:46:12",1750.8,2,braxtondyer
1875,16727893,mmwstudy,"2026-09-08 07:50:20",1750.4,2,mmwstudy
1876,16840564,starlovelmj,"2026-09-09 02:16:02",1748.4,2,starlovelmj
1877,16673870,"Yuxiao Wang","2026-09-12 17:40:48",1748.0,2,yuxiaowangx
1878,16664760,SN,"2026-09-13 17:12:22",1747.7,2,spirosnianiaras
1879,16731836,"Theo Venturian","2026-09-11 18:03:45",1746.7,2,theodorraulventurian
1880,16845020,AGI,"2026-09-12 16:45:51",1744.9,2,"guusadema,tgroen3"
1881,16860559,"Sara Lark","2026-09-12 13:36:51",1744.0,2,saralark
1882,16829834,Luxuer,"2026-09-09 08:54:11",1744.0,1,luxuer
1883,16663214,"Mathieu W","2026-09-08 13:12:32",1743.8,2,mathieuw
1884,16670371,rkd,"2026-09-08 20:05:18",1742.2,2,ryookd
1885,16669269,"yash bhaskar","2026-09-10 15:11:51",1741.6,2,yash9439
1886,16844132,Tamasaki217,"2026-09-07 14:15:02",1740.3,2,tamadesu217
1887,16764605,"Bandito Gangesterito","2026-09-08 17:51:50",1739.8,2,"mrtrueteller,restovrator"
1888,16679098,"KIRTAN RUPESHBHAI BHOJANI","2026-09-09 13:20:27",1739.5,2,kitran17
1889,16793427,wuwuwu,"2026-09-08 00:12:46",1739.1,2,wu1570
1890,16639570,"Vishesh Banna","2026-09-08 13:07:51",1738.9,2,visheshbanna
1891,16677847,ShiviWhivi,"2026-09-08 21:01:40",1738.0,2,blackpearls1
1892,16822519,Lunospital,"2026-09-09 11:50:29",1737.9,2,lunospital
1893,16659328,"Muhammed Ashiq Abdul Khader","2026-09-08 05:54:02",1737.6,2,ashiqabdulkhader
1894,16627799,"navazsh fathi","2026-09-08 11:51:44",1737.1,2,navazshfathi
1895,16806195,unreal,"2026-09-12 21:32:25",1736.5,2,gauravgs1007
1896,16844672,"sleeping king","2026-09-09 02:11:59",1736.4,2,sleepingking
1897,16823467,"Riki Uchida","2026-09-08 13:04:02",1735.7,2,rikiuchida
1898,16713262,"Seyit kaan Gunes","2026-09-08 10:30:24",1735.6,2,seyitkaangunes
1899,16716335,JamesJJJJJ,"2026-09-08 17:54:38",1735.3,2,jamesjjjjj
1900,16706265,questiondlmarks,"2026-09-10 06:09:35",1735.0,2,questiondlmarks
1901,16765484,smsxgz,"2026-09-08 19:09:03",1734.9,2,smsxgz
1902,16855268,"Jiayi Du","2026-09-08 16:10:56",1734.0,2,jahyee
1903,16771010,42X,"2026-09-09 13:43:36",1733.6,2,infcyx
1904,16842645,zard599,"2026-09-08 16:17:52",1732.8,2,zard599
1905,16855035,"rock paper scissors","2026-09-08 15:03:00",1732.5,1,downbythesallygarden
1906,16650824,Orsted_hitogmi,"2026-09-09 02:20:20",1732.3,2,orstedhitogmi
1907,16794730,Fanch,"2026-09-08 08:29:22",1731.8,2,fanch123
1908,16766171,Jonaid,"2026-09-10 22:22:27",1731.5,2,jonaidshianifar
1909,16754567,"Ashraf 1232","2026-09-13 07:52:36",1731.2,2,ashraf1232
1910,16733016,Quillbolt,"2026-09-13 01:02:38",1730.5,2,tunminhhunh
1911,16663649,"Akhil Chinta","2026-09-13 16:37:38",1728.9,2,akhilchinta1505
1912,16677342,Fedor,"2026-09-13 20:17:00",1728.8,2,fedorchuprakov
1913,16682867,sneaky6767,"2026-09-13 21:36:03",1727.7,2,sneaky6767
1914,16659465,AravindLochan,"2026-09-08 10:00:39",1727.2,2,aravindlochan
1915,16811685,benhur0905,"2026-09-13 01:22:47",1727.0,2,benhur0905
1916,16760515,"Kazuo Watanabe","2026-09-08 18:43:46",1726.8,2,watanabekazuo
1917,16815132,"Duc-Anh Nguyen","2026-09-08 13:06:10",1726.7,2,valentinonguyen
1918,16840536,"Philip Snyder","2026-09-08 05:18:07",1726.4,2,darkhorsecodes
1919,16847189,lonelygolem,"2026-09-09 21:03:51",1725.7,2,rocinantt
1920,16690019,Around30,"2026-09-13 21:18:14",1724.3,2,"cyanspring,masahiromatsuda,sutesute000012"
1921,16843635,"Просто Человек","2026-09-08 18:03:16",1724.2,2,gomunkul
1922,16835851,ruizhichen,"2026-09-08 09:10:02",1723.8,2,ruizhichen
1923,16656382,Aevion-Labs,"2026-09-09 03:03:51",1723.7,2,aevionlabs
1924,16668998,WarRusher,"2026-09-13 15:38:43",1723.3,2,warrusher
1925,16781279,zhyphirus,"2026-09-08 14:43:08",1722.7,2,zhyphirus
1926,16719090,CHSTO,"2026-09-12 21:35:49",1722.7,2,haotianqi
1927,16846391,"here we go","2026-09-09 05:28:41",1722.5,2,j1aliangx
1928,16796014,keith70,"2026-09-08 07:18:36",1722.1,2,keith70
1929,16784608,shawenher,"2026-09-13 03:15:59",1722.1,2,shawenher
1930,16811251,poijio,"2026-09-10 13:07:22",1721.5,2,poijio
1931,16743392,tellurium_rrr,"2026-09-10 16:56:15",1721.2,2,telluriumrrr
1932,16692038,CodeHacker,"2026-09-13 06:53:57",1721.0,2,junhanzangai
1933,16842967,yoshiki116,"2026-09-11 05:05:19",1721.0,2,yoshiki116
1934,16811571,"Daniel Guo","2026-09-08 07:16:12",1720.6,2,denialguo
1935,16808526,iheng88,"2026-09-13 08:16:41",1720.5,2,iheng88
1936,16845426,"Erlik Khan","2026-09-07 18:59:50",1720.1,2,erlikkhan
1937,16783265,"Xiangjiang Zhou","2026-09-09 02:25:41",1718.3,2,xiangjiangzhou
1938,16734715,史永刚,"2026-09-08 09:00:08",1718.0,2,shizehao
1939,16763897,BackFiring,"2026-09-13 09:41:16",1717.7,2,backfiring
1940,16794309,"Sanyam Jain","2026-09-13 21:33:15",1716.4,2,sjain03
1941,16773964,trung,"2026-09-09 16:02:11",1716.0,2,trung2006
1942,16849282,ancientLuck,"2026-09-13 18:13:47",1715.6,2,ancientluck
1943,16852605,VTH,"2026-09-08 06:35:01",1714.6,2,storm2501
1944,16694149,maxout,"2026-09-08 15:24:28",1714.5,2,"aadijoshi19,kavyabhand"
1945,16743846,"Hemanth Raja Guttikonda","2026-09-11 09:41:59",1713.3,2,"hemanthrajg,poojithakatta18"
1946,16680524,Nealdarkdarkdark,"2026-09-08 04:36:02",1713.3,2,wklyb1
1947,16732352,ORiginators,"2026-09-09 10:47:23",1713.1,2,"sachinpandey721,sunritpal"
1948,16724366,"YASH JAIN","2026-09-10 18:14:25",1713.1,2,yashjain911
1949,16633507,"Ivan Vorfolomeev","2026-09-09 16:21:54",1713.0,2,ivanvorfolomeev
1950,16794758,wppepi,"2026-09-09 03:06:09",1711.1,2,"foxsuzuran,malossov,wppepi"
1951,16688568,Sophie555,"2026-09-08 20:53:31",1709.7,2,sophie555
1952,16658300,"Thành Toàn Vương","2026-09-08 14:14:22",1709.4,2,thnhtonvng
1953,16663999,"Colton Martin","2026-09-08 16:44:25",1709.0,2,coltonmartinnn
1954,16848686,"xiang156 xu","2026-09-08 03:23:16",1707.8,2,xiang156xu
1955,16773125,kuroko1t,"2026-09-13 11:58:43",1707.7,2,kuroko1t
1956,16757064,"coke lu","2026-09-13 17:05:14",1707.6,2,cokelu
1957,16671133,Kazeneko,"2026-09-08 08:35:50",1707.6,2,kazeneko77
1958,16846677,涵哥,"2026-09-08 11:48:44",1707.4,2,jinfanhahaha1
1959,16730473,Kyohei,"2026-09-08 00:42:18",1706.9,2,kyohei3
1960,16771785,"Mencius silverio MENSAH","2026-09-10 12:57:18",1705.7,2,menciussilverio
1961,16845023,zhtmgxr,"2026-09-09 14:20:45",1705.0,2,zhtmgxr
1962,16777107,Pipiripipap,"2026-09-09 10:03:38",1704.7,2,yohalf
1963,16691451,Nakano,"2026-09-08 21:41:11",1704.7,2,spicatom0914
1964,16735353,我是刘大聪,"2026-09-08 13:49:04",1702.7,2,smartorz
1965,16728959,"no pain no gain","2026-09-11 09:19:44",1702.6,2,ilyayurov2000
1966,16841113,Andy,"2026-09-07 01:22:11",1702.6,2,andrewmedran0
1967,16805918,"kaito ide 31","2026-09-13 19:13:35",1702.3,2,kaitoide31
1968,16858303,jlw123456,"2026-09-13 10:53:11",1702.2,2,jlw123456
1969,16682514,"Pavel Pavlov","2026-09-07 13:28:40",1702.0,2,akakii
1970,16848095,"Risha Apps","2026-09-08 15:41:31",1701.8,2,rishaapps
1971,16663851,"Harshith revuru","2026-09-13 00:08:12",1701.7,2,harshithrevuru
1972,16707084,"3G 🐮🍺","2026-09-13 08:05:41",1700.6,2,dfgtde
1973,16738298,tomo0608,"2026-09-06 10:46:22",1700.6,2,tomo0608
1974,16655109,"Tia He","2026-09-10 00:54:40",1700.2,2,altheahe
1975,16623466,len8487,"2026-09-08 04:47:16",1699.5,2,len8487
1976,16657341,raccoonForest,"2026-09-08 06:45:18",1699.4,2,gkanamoto
1977,16671588,Keisuke,"2026-09-13 20:51:10",1699.1,2,keisukeueda
1978,16841077,melowdramtic,"2026-09-10 02:31:53",1699.0,2,melowdramtic
1979,16771080,"Ricky Shao","2026-09-07 17:16:14",1698.9,2,rickyshao
1980,16854416,"Artemiy Shirokov","2026-09-08 12:53:33",1698.7,1,tema7707
1981,16624645,"Closed Loop","2026-09-09 04:38:03",1698.4,2,hobbisttech
1982,16815985,leemc95,"2026-09-08 21:31:33",1698.3,2,leemc95
1983,16668647,"THIRUPATHI KANNAN K","2026-09-07 14:59:51",1697.9,2,thirupathikannank
1984,16842066,Atomo333,"2026-09-08 10:35:55",1697.8,2,atomo333
1985,16663759,🔥🦫📿🗽,"2026-09-07 19:59:55",1696.6,2,datafad
1986,16634156,"Hiroyasu Okuno","2026-09-13 07:32:33",1696.2,2,hiroyasuokuno
1987,16632377,"Legend Brothers","2026-09-07 18:16:02",1695.6,2,"holeguma,shunhirota"
1988,16761652,"Dhruv #2","2026-09-12 10:32:09",1695.0,2,dhruvrama
1989,16663748,Calmracer,"2026-09-08 16:17:56",1694.9,2,ethanhall123
1990,16848532,peppersaltman,"2026-09-13 17:34:15",1694.0,2,peppersaltman
1991,16664490,llllllc666,"2026-09-13 09:58:42",1693.9,2,llllllc666
1992,16852377,"Zhong Lyu","2026-09-08 05:20:05",1693.0,2,zhonglyu
1993,16673328,"Preetham Prasanna","2026-09-13 10:13:18",1692.8,2,preethamprasanna
1994,16672858,Lyesterday,"2026-09-07 10:14:39",1692.8,2,ilyas93
1995,16688450,SpiralTip,"2026-09-12 01:56:04",1692.5,2,spiraltip
1996,16764228,"Kaixi Zha","2026-09-13 10:29:16",1691.7,2,"huadutry,kaixizha"
1997,16832971,"Scott Willis","2026-09-07 17:02:44",1691.7,2,scottgwillis
1998,16681007,AkiraOnojp,"2026-09-08 18:48:33",1690.4,2,akiraonojp
1999,16763200,"Alexander Nord","2026-09-07 18:04:42",1690.4,2,"alexandernord123,pizza987"
2000,16671596,Sibato,"2026-09-13 12:54:17",1689.2,2,sibato
2001,16672241,dupakdungking,"2026-09-10 16:09:36",1689.1,2,primarizki
2002,16843221,refine123,"2026-09-08 08:06:29",1688.9,2,refine123
2003,16729192,1m0ke,"2026-09-08 07:46:42",1688.4,2,smokelate
2004,16730015,suzu10,"2026-09-08 04:16:39",1688.4,2,suzu10
2005,16652631,"Panagiotis Anagnostou","2026-09-11 10:00:25",1688.2,2,panosanag
2006,16739537,"Bina Salama","2026-09-13 13:12:48",1687.9,2,binasalama
2007,16809097,volumatic,"2026-09-10 11:00:51",1687.9,2,"kkeevviinn666,volumatic"
2008,16659550,"Sai Syam","2026-09-09 05:42:01",1687.6,2,saisyam
2009,16742439,"Shangshang Zhang","2026-09-13 17:29:00",1687.4,2,msvzss
2010,16845083,"Restu Anggoro Kasih","2026-09-07 12:44:58",1687.0,1,restuanggorokasih
2011,16791712,"xiang W","2026-09-08 14:24:56",1686.8,2,"dekonsu,xiangwaaaaa"
2012,16655263,rishavsaigal,"2026-09-08 07:25:25",1686.4,2,rishavsaigal
2013,16698489,"JIUZHOU CHAN","2026-09-11 15:44:18",1685.7,2,jiuzhouchan
2014,16723967,dk2lone,"2026-09-07 20:04:25",1685.0,2,dk2lone
2015,16811072,Rafael,"2026-09-08 12:43:08",1684.9,2,rafaeldsjhkas
2016,16669826,Jesse,"2026-09-12 07:51:27",1684.9,2,jesneuman
2017,16741997,hikarinosenshi,"2026-09-08 00:50:58",1684.8,2,hikarinosensh1
2018,16798989,"Harvest Sun","2026-09-08 07:23:57",1684.2,2,zaoooo29
2019,16696231,"Oleg Smirnov","2026-09-08 07:17:12",1683.9,2,smirnolegov
2020,16845193,Kaan111,"2026-09-08 09:11:30",1683.4,2,kaan111
2021,16718823,"Rafael Molina Castaño","2026-09-12 20:45:02",1682.7,2,rafaelmolinacastano
2022,16674932,kokinnwakashuu,"2026-09-07 12:56:16",1682.6,2,kokinnwakashuu
2023,16641536,"Michael Timbs","2026-09-08 13:58:07",1681.8,2,michaeltimbs
2024,16621687,ropeadope,"2026-09-08 10:44:47",1680.7,2,silkross
2025,16680290,prospers,"2026-09-08 05:37:42",1680.4,2,prospers
2026,16854439,"Yosef Zoabi","2026-09-13 21:05:15",1679.8,2,yosefzoabi
2027,16679694,"Yaro Perventsev","2026-09-09 20:47:46",1679.5,2,yaroslavperventsev
2028,16656776,ShaoCharles,"2026-09-09 14:16:17",1678.4,2,shaocharles
2029,16671425,"Gajenddra Raj","2026-09-11 01:18:29",1678.0,2,gajenddra
2030,16664619,"Trupen Patel","2026-09-08 15:52:17",1677.2,2,trupenpatel
2031,16741563,"Paul Pawletta","2026-09-10 11:00:13",1677.2,2,paulpawletta
2032,16641713,"ronsen sun","2026-09-11 08:01:06",1677.1,2,ronsensun
2033,16748941,"Farmer Shuang","2026-09-08 11:49:03",1677.0,2,shuangxue
2034,16744342,"glupez ","2026-09-13 19:15:15",1676.6,2,glupez
2035,16621625,"Alexander Chesnokov","2026-09-09 10:41:37",1675.7,2,alexanderchesnokov
2036,16759913,"Peter Cnudde","2026-09-07 20:08:25",1675.6,2,petercnudde
2037,16754974,BurntPotato,"2026-09-09 00:06:54",1675.2,2,burntpotato
2038,16838560,Aphrodite,"2026-09-08 03:03:11",1674.7,2,aphrodite874
2039,16736120,"Ricky #2","2026-09-08 02:47:36",1674.1,2,rickyds97
2040,16670879,"old macdonald","2026-09-07 16:11:15",1674.0,2,djschmit
2041,16653805,mohsen2050,"2026-09-13 16:14:41",1673.7,2,mohsen2050
2042,16845965,Oldplaykid,"2026-09-13 10:54:08",1673.6,2,"tonf3195,zerethon"
2043,16777961,qiwaki,"2026-09-07 15:23:00",1673.4,2,resonayu
2044,16664751,"Cindy Meng90","2026-09-11 04:39:31",1672.3,2,cindymeng90
2045,16721382,"Milan Leonard","2026-09-12 07:20:12",1671.8,2,milanleonard
2046,16741321,"S. B.","2026-09-13 20:36:38",1671.8,2,aughra
2047,16694346,ywwywww,"2026-09-07 11:20:08",1669.2,2,ywywww
2048,16849883,"Rifa Tamanna","2026-09-07 22:07:04",1669.0,2,rifatamanna1109
2049,16701768,darasty,"2026-09-08 08:31:54",1666.6,2,darasty
2050,16842044,StackOverflowed512,"2026-09-07 17:53:32",1666.3,2,stackoverflowed512
2051,16673013,TTT,"2026-09-08 01:25:14",1663.7,2,tadahiroasami
2052,16655758,patience,"2026-09-07 13:31:27",1663.6,2,"weirdocurry,wenjunkai124"
2053,16871053,Ni123456&,"2026-09-13 14:21:29",1662.7,2,bingdongni
2054,16656011,"Jiashun Tan","2026-09-08 01:50:23",1662.7,2,jiashuntan
2055,16862666,"Roman Katasonov","2026-09-13 17:31:19",1661.7,2,romankatasonov
2056,16740644,Terence0914,"2026-09-11 14:54:43",1661.4,2,terence0914
2057,16706696,AimeeChen1,"2026-09-11 13:28:17",1661.3,2,aimeechen1
2058,16731776,ASH,"2026-09-08 06:37:07",1660.2,2,pentannnn
2059,16635418,ocean240812,"2026-09-07 17:05:40",1660.2,2,ocean240812
2060,16749576,heralces,"2026-09-10 20:20:39",1660.1,2,heralces
2061,16726431,Manav,"2026-09-07 14:42:18",1658.9,2,manavsangwan
2062,16697185,"Prince Special","2026-09-13 16:01:59",1658.9,2,temitayogbolahan
2063,16621165,"xisheng feng","2026-09-12 11:28:29",1658.5,2,xishengfeng
2064,16728109,"Sidharth Hulyalkar","2026-09-11 06:16:26",1658.5,2,sidharthhulyalkar21
2065,16701697,"Shadow #2","2026-09-08 05:54:48",1658.4,2,chetanagrawall
2066,16790472,"Manurupan M","2026-09-13 10:27:57",1658.0,2,manurupanm
2067,16863335,"Bright Choice AI","2026-09-13 06:46:56",1657.9,2,brightchoiceai
2068,16696997,coolin666,"2026-09-09 00:39:53",1657.3,2,coolin666
2069,16850198,"Daiki Yasui","2026-09-09 17:54:55",1655.6,1,daikiyasui
2070,16847289,"Hengxiang Yu","2026-09-09 13:29:09",1655.1,2,hengxiangyu
2071,16672549,"ReinFARMent Learning?","2026-09-11 03:38:53",1655.0,2,arksey
2072,16643453,Haumea,"2026-09-13 16:36:10",1654.9,2,chaitanyagullapalli
2073,16726559,william,"2026-09-05 02:03:48",1654.6,2,hiricodev
2074,16727350,"T Hansda","2026-09-08 09:22:20",1654.5,2,hansda
2075,16659961,faahh,"2026-09-07 16:48:31",1654.2,2,shivam98saini
2076,16734979,NiuLAI,"2026-09-09 01:19:57",1653.7,2,"chunsingyu,chunyinhui,jaminmei"
2077,16671504,Agentmaster,"2026-09-07 12:55:10",1652.9,2,"kinjaza,shawnno"
2078,16763706,断罪の孤高の神・大宇宙草莓覇皇,"2026-09-09 15:24:01",1652.7,2,qilejiang76
2079,16634128,ZechHuang,"2026-09-09 08:22:39",1651.8,2,zechhuang
2080,16832231,lst1923,"2026-09-11 16:06:58",1651.2,2,lst1923
2081,16740464,"Jorrawar Grewal","2026-09-08 00:43:17",1650.5,2,jorrawargrewal
2082,16686424,"Thần Thoại","2026-09-08 16:58:05",1650.5,2,thanthoai
2083,16623877,Chikuwabu,"2026-09-08 14:36:45",1650.3,2,prgckwb
2084,16673109,"Surya Bhattiprol","2026-09-13 17:35:45",1650.2,2,suryabhattiprol01
2085,16693942,"Lisan al-Gaib","2026-09-09 15:39:16",1649.7,2,azrihasin
2086,16849295,"Israa Saede","2026-09-07 17:30:03",1649.2,1,esraaalsaeede
2087,16736404,¡olé!,"2026-09-08 04:30:34",1647.8,2,hjx1024
2088,16735252,LagrangianLocomotive,"2026-09-11 04:51:51",1647.0,2,lagrangianlocomotive
2089,16698281,Neural,"2026-09-07 20:55:48",1644.2,2,kevinkoza
2090,16684250,"Alexander Sokolov","2026-09-06 12:33:49",1643.9,2,cheeec0
2091,16763001,Eb3lss,"2026-09-09 11:08:19",1642.9,2,eb3lss
2092,16749466,"The Wolf of Wheat Street","2026-09-07 17:55:14",1641.5,2,"lijuantang19,yuemengzheng01"
2093,16700501,Konno,"2026-09-08 02:40:46",1639.3,2,nearfield1234
2094,16777406,"Toheeb Ogunade","2026-09-08 22:46:05",1639.0,2,toheebogunade
2095,16823782,yuyutech(Genuine),"2026-09-08 04:32:19",1638.1,2,yuyutechgenuine
2096,16637241,M4nd4l0r14n,"2026-09-07 21:50:19",1637.8,2,thiagobcunha
2097,16808631,ALkkGame,"2026-09-13 16:20:27",1637.3,2,alkkgame
2098,16708880,yotsutose,"2026-09-10 10:18:49",1635.9,2,yotsutose
2099,16644480,"Umut Keltek","2026-09-07 20:47:32",1635.8,2,umutkeltek
2100,16645596,Kosakunin,"2026-09-07 15:14:03",1634.1,2,yugoawawa
2101,16663681,Kometa,"2026-09-07 13:46:54",1634.0,2,petarknezevic1
2102,16817923,"Adhiraj Jagtap","2026-09-12 07:13:23",1633.8,2,adhirajjagtap
2103,16621616,insuperabilehart,"2026-09-12 12:57:16",1633.4,2,insuperabile
2104,16791999,"Dashi Tsybikzhapov","2026-09-10 09:40:51",1631.8,2,dashitsybikzhapov
2105,16641099,sieru-copan,"2026-09-05 16:17:32",1631.5,2,sierucopan
2106,16838807,"tony boakye","2026-09-08 11:41:30",1631.5,2,tonyboakye
2107,16845510,bugkeeper,"2026-09-08 06:24:57",1631.3,2,bugkeeper
2108,16654042,B.Pushpanjali,"2026-09-11 14:13:52",1630.6,2,"bpushpanjali,vinithwade"
2109,16793755,"Juank Suarez","2026-09-11 00:05:59",1630.1,2,juanksuarez
2110,16623378,"nvidia fan","2026-09-03 20:35:53",1630.1,2,outwrest
2111,16742183,alessandrozonta,"2026-09-08 12:13:39",1629.7,2,azonta
2112,16765207,Cathy,"2026-09-10 01:48:38",1629.5,2,cathyyou
2113,16841542,Smmyth,"2026-09-06 22:18:52",1628.8,2,smmyth
2114,16770979,"Paulo Martins","2026-09-13 05:21:53",1628.2,2,paulomartins87
2115,16731822,Senn88,"2026-09-08 13:54:19",1627.0,2,senn88
2116,16797251,"Nguyễn Mạnh Niên","2026-09-06 11:29:31",1626.6,2,jacobrichard312
2117,16752019,"Kaipeng Zheng","2026-09-07 13:58:22",1625.8,2,kaipengzheng
2118,16739019,quzhihang,"2026-09-13 11:28:18",1625.0,2,quzhihang
2119,16840338,"Shoma Arakawa","2026-09-12 08:55:21",1624.3,2,shomaarakawa
2120,16622898,"sbol ball","2026-09-09 22:13:42",1622.5,2,"linearbasis,maksimkostritsya"
2121,16824014,"Kotaro Kikuchi","2026-09-07 10:57:06",1622.2,2,kotaro1129
2122,16639800,"Yong Ming-Jia","2026-09-08 15:37:35",1621.8,2,ymingj
2123,16862895,"Quinn Brighton","2026-09-12 00:01:22",1621.4,2,quinnbrighton
2124,16654669,"Jordi Corbilla","2026-09-13 19:11:02",1621.1,2,jordicorbilla
2125,16798724,"junfan shen","2026-09-10 00:59:42",1620.5,2,junfanshen
2126,16805940,Foxure,"2026-09-12 01:51:33",1619.0,2,foxure
2127,16715358,wuy1hao,"2026-09-07 10:23:01",1618.2,2,wuy1hao
2128,16830390,"Hajime Kumami","2026-09-07 00:06:54",1617.1,2,hajimekumami
2129,16712329,"Andrej Carpenter","2026-09-10 07:43:41",1616.0,2,andrejcarpenter
2130,16802719,uta_ccc,"2026-09-06 07:15:44",1615.1,2,utaccc
2131,16660988,"AI After Hours","2026-09-13 18:28:38",1615.0,2,"akshaythammana,mmehersaipreetam"
2132,16669926,Jince,"2026-09-06 21:25:00",1614.2,2,jincesaju
2133,16794753,"Yan #2","2026-09-08 16:45:43",1614.0,2,diskya
2134,16765151,htnhtn,"2026-09-11 07:12:37",1613.7,2,htnhtn
2135,16693272,ush,"2026-09-10 07:22:13",1613.7,2,kusuha
2136,16768043,"Cropy and Paste","2026-09-13 17:56:08",1611.9,2,tfriedel
2137,16749520,"Andrey Tikhomirov","2026-09-04 16:24:32",1611.1,2,andreytikhomirov
2138,16885090,higuuu,"2026-09-13 14:04:49",1610.6,2,higuuu
2139,16806080,銅メダルくれくれくれくれくれくれくれくれくれくれくれくれくれ,"2026-09-13 16:42:56",1610.5,2,konbu17
2140,16790585,wzyxp_123,"2026-09-13 13:52:47",1609.4,2,cloudssdut
2141,16706576,王一凡,"2026-09-11 07:28:35",1609.1,2,"liuziyang1016,mikakohinata68"
2142,16660137,Densike,"2026-09-09 17:32:51",1608.6,2,densike
2143,16686444,"Syakirin Pahimi","2026-09-06 16:21:15",1607.5,2,syakirinpahimi
2144,16732666,"Stefano Blando","2026-09-11 13:47:33",1607.0,2,stefanoblando
2145,16671607,"Chanhyuk Han","2026-09-10 06:13:12",1606.4,2,chanhyukhan
2146,16658109,edward1503,"2026-09-11 05:21:06",1604.5,2,nguynnc
2147,16748527,Tsubasa_00,"2026-09-10 00:22:27",1604.3,2,tsubasa00
2148,16754022,Pico,"2026-09-13 12:40:20",1604.1,2,charithgr
2149,16707562,Snipine,"2026-09-08 01:17:09",1603.9,2,boluosnow
2150,16760990,naren_v,"2026-09-12 11:29:29",1603.8,2,varuthakari
2151,16840452,pan6628,"2026-09-10 04:38:21",1603.6,2,pan6628
2152,16814637,random_numb,"2026-09-11 05:08:06",1603.5,2,randomnumb
2153,16730375,Floth,"2026-09-07 15:14:58",1603.4,2,suwat513
2154,16832556,"Harshit Raj #2","2026-09-10 16:45:16",1603.2,2,harshitraj2123221
2155,16664969,subsubsubagent,"2026-09-08 14:01:20",1603.0,2,"kingsley31,smithshine,wuliaoluis"
2156,16724993,Bonkoturyu,"2026-09-10 07:59:12",1602.0,2,bonkoturyu
2157,16725851,hetspookjee,"2026-09-07 21:54:39",1601.6,2,hetspookjee
2158,16706395,"Kunal Desale","2026-09-07 09:55:19",1601.6,2,kunaldesale2408
2159,16644160,"Saravana Rajan B","2026-09-07 15:04:38",1601.3,2,saravanarajanb
2160,16666393,saikyo,"2026-09-07 02:04:55",1601.3,2,kyosaikyo
2161,16656810,IskanderAkhmetov,"2026-09-13 18:28:30",1600.5,2,iskander2017
2162,16736542,YuRuiZe,"2026-09-06 10:16:45",1599.4,2,ruoyuruize
2163,16843303,inori315,"2026-09-12 13:54:53",1596.7,2,inori315
2164,16711398," Fable 5.1","2026-09-09 02:49:01",1596.5,2,chenxizhao21
2165,16797036,tksfjn,"2026-09-12 04:06:53",1596.4,2,tks3210
2166,16667922,JungHwan,"2026-09-06 00:05:59",1596.0,2,najunghwan
2167,16810078,Sam-wiz,"2026-09-11 05:57:15",1595.2,2,samwiz
2168,16759849,kkanayj,"2026-09-10 13:16:50",1595.2,2,kkanayj
2169,16799362,"James Weatherhead","2026-09-06 21:45:45",1594.5,2,jamesweatherhead
2170,16845280,"Samuel Watson","2026-09-11 07:06:59",1594.5,2,scwatson
2171,16728229,twomoon,"2026-09-08 05:22:46",1594.1,2,twomoon036
2172,16743427,Under遊具,"2026-09-08 01:52:19",1594.0,2,andayougui
2173,16844769,phi,"2026-09-09 18:19:54",1594.0,2,fahisplr
2174,16757123,"Sripad Modali","2026-09-12 10:24:35",1592.5,2,sripadmodali
2175,16707057,tamo,"2026-09-06 07:44:38",1592.3,2,ryotakasuya
2176,16653927,"Fernando GH H","2026-09-05 20:04:42",1592.2,2,fernandoghh2
2177,16723955,chunsuri,"2026-09-07 08:10:47",1592.0,2,chunsuri
2178,16843986,"Young Jim","2026-09-07 00:05:04",1591.9,2,youngjim
2179,16654463,Mark,"2026-09-04 19:38:01",1591.6,2,robotmf
2180,16665233,"Akash Deep","2026-09-13 19:50:04",1591.6,2,akashdeepo
2181,16848220,ggmljs,"2026-09-10 05:10:42",1590.7,2,ggmljs
2182,16806219,"Yiwei Pu","2026-09-11 06:28:12",1590.0,2,"lvyihan1210,raven20010261,yiweipu"
2183,16768543,caas_sicca,"2026-09-13 05:42:17",1589.8,2,caassicca
2184,16843173,"Hansen Zhong","2026-09-06 15:51:46",1588.5,2,onegameonedream
2185,16839937,"Haoxuan Wang","2026-09-10 08:43:33",1587.6,2,haoxuanwang12366
2186,16810104,HemanthRaju311,"2026-09-09 13:07:35",1585.9,2,hemanthraju311
2187,16853941,"Baha Enes Ören","2026-09-08 14:52:10",1585.7,2,bahaenesren
2188,16779254,MaxZhuCHN,"2026-09-11 03:44:19",1585.1,2,maxzhuchn
2189,16844233,y3uanm,"2026-09-12 12:54:24",1584.9,2,"delta47x,lunpaixo,y3uanm"
2190,16655582,"Yang Jinneng","2026-09-13 03:32:51",1584.7,2,adurey
2191,16690651,"XS 330","2026-09-13 13:38:01",1583.8,2,xblade
2192,16727103,sword3522,"2026-09-11 11:31:05",1581.6,2,"qinyanqiu,sword3522"
2193,16758982,Boredom,"2026-09-08 01:50:36",1581.0,2,cudacoding
2194,16667020,SCLim2022080004,"2026-09-06 22:26:21",1580.5,2,sclim2022080004
2195,16806809,air,"2026-09-06 09:54:14",1580.4,2,air041001
2196,16712863,ominteam,"2026-09-09 07:56:59",1579.8,2,"luantony,suruikk"
2197,16747408,すずき,"2026-09-11 04:23:39",1579.6,2,shumpeace
2198,16750314,Captainuknow,"2026-09-13 10:14:21",1579.4,2,captainuknow
2199,16660020,"Gaddam Shiva Teja","2026-09-12 18:31:45",1578.9,2,shivateja005
2200,16758839,"Yusuf Murtaza","2026-09-06 10:23:21",1578.8,2,yusufmurtaza01
2201,16842001,"Lin Jing","2026-09-11 11:14:13",1578.6,2,linjingmax
2202,16824564,"piu ATI","2026-09-06 10:02:27",1578.6,2,piuati
2203,16663175,Anaconda,"2026-09-09 02:32:50",1577.8,2,anaconda
2204,16657637,"Ronnie Atuhaire","2026-09-11 09:11:57",1577.7,2,ronnieatuhaire
2205,16783517,"dongdong zhang","2026-09-07 03:22:34",1577.0,2,mcdongdongzhang
2206,16661970,"BOB'S ROOM","2026-09-09 12:30:24",1576.8,2,"bobpop123447,datasutudent"
2207,16810490,katlun,"2026-09-13 03:25:31",1576.5,2,"hoyin1212,katlun"
2208,16638994,wpl,"2026-09-06 19:44:50",1574.9,2,peilwang
2209,16847096,Jackylw,"2026-09-09 03:30:44",1574.8,2,jackylw
2210,16842817,darcy132,"2026-09-06 13:16:34",1574.1,2,darcy132
2211,16749342,crasal,"2026-09-13 17:14:35",1573.6,2,crasal
2212,16794871,IMosia,"2026-09-13 06:25:25",1573.5,2,ivanmosiagin
2213,16818508,"Napster Y","2026-09-06 08:55:35",1573.0,2,napstery
2214,16659711,williams,"2026-09-06 23:23:25",1572.6,2,williams
2215,16854744,"Rostislav Epifanov","2026-09-10 12:14:58",1572.6,2,rostepifanov
2216,16845063,"Gaston Zarate","2026-09-13 15:06:49",1572.4,2,gastonz195
2217,16715383,"Leo Lilley","2026-09-09 03:36:39",1572.3,2,leolilley
2218,16657646,mountainbob,"2026-09-07 07:36:51",1571.1,2,shongpakmanoon
2219,16805509,"Adel Zebiche","2026-09-06 17:28:28",1570.7,2,adelzebiche
2220,16761593,Azathoth,"2026-09-13 16:04:33",1569.8,2,stsaasts
2221,16639369,"Kyuhwan Cho","2026-09-06 10:32:53",1569.8,2,octoarden
2222,16688281,"Luke Stafford","2026-09-13 01:16:07",1569.1,2,luketstafford
2223,16743484,"薄和叶 Lv.INF","2026-09-03 14:24:47",1568.9,2,lumine01
2224,16759632,"Rifqi Haikal","2026-09-04 22:14:02",1567.5,2,rifqihaikal
2225,16634336,"Arko Bera","2026-09-08 19:08:41",1567.3,2,cartoonistbeard
2226,16677107,gagacrow,"2026-09-07 16:11:58",1567.2,2,gagacrow
2227,16764342,malone001,"2026-09-11 08:18:49",1567.2,2,malone001
2228,16845366,cdaden,"2026-09-08 06:00:19",1566.8,2,cdaden
2229,16842187,"rongkai bao","2026-09-06 05:34:57",1565.4,2,rongkaibao
2230,16856437,"Roshan S. Chauhan","2026-09-10 14:41:42",1565.0,2,vrosenta
2231,16672315,CemBas,"2026-09-12 03:39:40",1565.0,2,cembas
2232,16843555,sol12378,"2026-09-07 02:34:09",1563.9,1,sol12378
2233,16689366,"Cuong Le","2026-09-06 15:24:57",1563.5,2,ad1999
2234,16662121,One-For-All,"2026-09-03 23:10:22",1563.2,2,indarkarhana
2235,16689748,cheesytoasts,"2026-09-05 17:01:10",1561.2,2,cheesinnn
2236,16779942,"YueKai Yu","2026-09-07 01:12:38",1561.0,2,yuekaiyu
2237,16864422,"William Li","2026-09-12 13:00:26",1559.4,2,w1ll1am10
2238,16757635,"Sridip Basu","2026-09-05 15:36:55",1559.1,2,sridipbasu
2239,16755229,theearthcheng,"2026-09-06 07:09:16",1558.8,2,theearthcheng
2240,16826561,"ANJAN B","2026-09-13 15:34:02",1557.3,2,anjan4646
2241,16623806,黒田彩人,"2026-09-07 21:37:20",1556.9,2,ayato0705
2242,16838588,"Nadeem Ishikawa","2026-09-08 23:04:10",1556.5,2,nadeemishikawa
2243,16633688,Ryo,"2026-09-06 06:44:25",1553.9,2,ryosukekurakami
2244,16640785,"syouya tobita","2026-09-10 04:05:50",1553.8,2,syouyatobita
2245,16765834,Oakzen,"2026-09-04 14:37:49",1553.3,2,gyx517120273
2246,16845695,"Nam Lê Phương","2026-09-07 03:44:50",1553.3,1,pearpn25
2247,16642662,CdeTilly,"2026-09-12 22:09:47",1552.3,2,cdetilly
2248,16639871,"Aura Farming","2026-09-04 05:50:38",1551.8,2,gauthieravite
2249,16727536,lelelove1225,"2026-09-06 12:58:48",1551.8,2,lelelove1225
2250,16792123,coder2403,"2026-09-12 17:08:38",1550.4,1,coder2403
2251,16870585,ba,"2026-09-11 08:25:46",1550.0,2,yusukebaba
2252,16802630,takotakosan,"2026-09-09 03:10:10",1550.0,2,takotakosan
2253,16671454,Shadow,"2026-09-11 19:35:02",1550.0,2,uziahmd
2254,16803592,"Bishal Lamichhane","2026-09-08 17:31:37",1549.9,2,bishallamichhane44
2255,16665129,Doom,"2026-09-13 21:28:30",1549.6,2,"mr6436,sanskaarundale"
2256,16838898,"Minh Trịnh","2026-09-06 13:38:05",1549.6,2,minhtrinh2002
2257,16851133,"Bryan Pauze","2026-09-13 16:53:28",1547.0,2,bryanpauze
2258,16644287,"Ryo Hasegawa","2026-09-08 16:54:03",1546.8,2,ryohasegawa926
2259,16749061,"Wang H2O","2026-09-13 20:18:01",1546.5,2,wangh2o
2260,16669666,RhoenSprudel,"2026-09-11 19:08:43",1546.1,2,rhoensprudel
2261,16810472,YuanKing77,"2026-09-06 03:11:18",1545.3,2,yuanking77
2262,16733766,Paarthpowa,"2026-09-12 19:02:37",1545.1,2,paarthpowa
2263,16644255,Rister,"2026-09-04 00:05:35",1544.9,2,"rister101,stharundhatri"
2264,16654995,"Artem Voronov","2026-09-07 06:33:59",1544.8,2,artemyvoronov
2265,16654068,"Renoir Vieira","2026-09-05 17:42:47",1543.7,2,renoirvieira0
2266,16671520,sci-shi,"2026-09-07 10:17:00",1543.1,2,scishi
2267,16683952,"Maksimov Evgeniy","2026-09-04 01:23:59",1542.6,2,maxevg
2268,16745949,"Miaohua Zhang","2026-09-07 13:28:55",1541.9,2,miaohuazhang
2269,16830000,"Danilo Lapegna","2026-09-06 12:57:50",1541.8,2,danilolapegna
2270,16725081,ZhouYongqi,"2026-09-06 14:55:06",1541.7,2,xy0v0zhang
2271,16640878,"Krishna Yadu","2026-09-06 08:18:51",1541.3,1,krishnayadav456wrsty
2272,16741965,Ryuichi,"2026-09-06 16:44:38",1541.0,2,ryuichigt
2273,16775190,bianfu,"2026-09-05 21:08:36",1540.4,2,bianfu
2274,16730247,DOM-VASCONCELOS,"2026-09-13 10:03:51",1540.3,2,domcreator
2275,16635108,"cabbage corp","2026-09-08 06:38:49",1539.4,2,"kagglercs,phoenix0501"
2276,16658203,Lan_Sky,"2026-09-08 08:08:01",1537.0,2,lansky6
2277,16841276,EmmaL09,"2026-09-09 22:09:29",1535.8,2,emmal09
2278,16712751,haruo_tensai,"2026-09-10 04:33:24",1535.6,2,haruotensai
2279,16783328,AggriTrader,"2026-09-11 07:58:03",1535.5,2,leoluo
2280,16794536,HirokiTaniai,"2026-09-10 16:19:22",1535.2,2,nyokinyoki
2281,16697205,"Gould Research","2026-09-08 17:19:28",1535.1,2,"georgeking1,gouldh,gradybos,shanemullahy"
2282,16775506,"lin qiy","2026-09-05 13:32:19",1534.3,2,linqiy
2283,16730484,Esperanza,"2026-09-10 00:42:17",1532.8,2,deanpixton
2284,16669856,StrugglerK,"2026-09-13 20:18:13",1528.7,2,muhammedkaanlker
2285,16667998,Speril,"2026-09-11 03:51:03",1527.9,2,speril
2286,16808905,"Yusaku Muroya","2026-09-07 10:35:52",1527.7,2,ymuroya47
2287,16779321,HarryP12,"2026-09-11 16:45:35",1527.6,2,harryp12
2288,16669715,housssaamos,"2026-09-06 19:42:41",1527.5,2,housssaamos
2289,16695931,"Kers Aoyagi","2026-09-05 19:24:41",1527.5,2,kersaoyagi
2290,16726889,stnick,"2026-09-05 19:13:36",1526.5,2,stnick
2291,16700767,Love&AGI,"2026-09-08 19:50:42",1524.9,2,roniuhle
2292,16712258,Yizhou,"2026-09-06 02:15:23",1524.8,2,yaphellee
2293,16842273,2424,"2026-09-08 14:29:16",1523.4,2,takutonishi
2294,16810859,"Michael Silverblatt","2026-09-06 12:39:49",1523.1,2,msilverblatt
2295,16676321,"tao wu11","2026-09-06 08:52:36",1522.2,2,"taowu11,xujchill"
2296,16635745,DataRockstar,"2026-09-05 12:54:09",1521.9,2,"amaropeter,jvlegend"
2297,16759508,george-nigmatulin,"2026-09-13 11:28:23",1521.9,2,georgenigmatulin
2298,16634765,democatXamer,"2026-09-05 14:17:04",1521.4,2,w1326627677
2299,16733111,qihuaz,"2026-09-13 06:35:14",1519.9,2,qihuaz
2300,16822414,Yassinovich,"2026-09-06 12:50:02",1519.2,2,yassinovich
2301,16795131,XuanxuChem,"2026-09-11 13:18:00",1518.8,2,zhaonoah
2302,16811890,Bobbbbbbbbx,"2026-09-03 15:25:01",1518.8,2,bobbbbbbbbx
2303,16661768,"Lợi Trần Bảo","2026-09-13 19:43:53",1518.4,2,litrnbo
2304,16822395,"Vladimir Galatenko","2026-09-13 02:21:17",1518.1,2,vladimirgalatenko
2305,16805370,"Gaiar Baimuratov","2026-09-04 16:33:11",1517.1,2,baimuratov
2306,16629624,"Sayandeep Ghosh","2026-09-13 18:49:30",1516.2,2,sayandeepghosh
2307,16790359,"laoma fighting","2026-09-07 05:30:45",1515.9,2,laomafighting
2308,16719578,blueblue222,"2026-09-11 04:36:53",1515.4,2,blueblue222
2309,16626979,"An - x","2026-09-12 15:08:43",1514.4,2,myotterspace
2310,16839429,"Igor Aranovsky","2026-09-08 08:55:51",1513.9,2,igoraranovsky
2311,16622934,"Ümit Anık","2026-09-05 13:54:40",1513.6,2,mitank
2312,16707639,Fujinawa,"2026-09-13 05:21:44",1512.7,2,wasshoiwasshoi
2313,16736874,mhiro2,"2026-09-04 19:05:53",1511.6,2,mhiro2
2314,16739419,danilka200300,"2026-09-06 12:33:53",1510.6,2,daniilsergeevda
2315,16679214,alban,"2026-09-07 22:40:41",1509.9,2,albantiacoh
2316,16621481,"zero waste","2026-09-05 14:22:46",1509.7,2,chinnaphatkhun
2317,16796600,skyShenzi5822,"2026-09-08 08:06:25",1509.0,2,skyshenzi
2318,16800076,xinwang,"2026-09-07 05:13:34",1509.0,2,xxxtetantion
2319,16655912,sssskilo,"2026-09-10 09:15:28",1508.5,2,wellkilo
2320,16657198,Eldritch,"2026-09-10 15:14:36",1508.4,2,thefool00
2321,16792927,EnricRovira,"2026-09-12 21:58:31",1508.0,2,enric1296
2322,16793083,"🐚seek inspiration🐚","2026-09-13 13:05:06",1505.6,2,kurupical
2323,16764476,daviddnd,"2026-09-09 01:50:53",1505.3,2,daviddnd
2324,16804549,Feidudu,"2026-09-04 15:51:54",1504.8,2,zenanshao
2325,16796574,cununn,"2026-09-04 18:08:46",1503.2,2,w007425y
2326,16803141,"Verdant Meridian","2026-09-08 14:13:17",1503.1,2,xinweizhang003
2327,16782954,"Team Dajiang","2026-09-05 03:10:18",1502.6,2,"jihuaye,toolazyhhh123"
2328,16704613,alexbstl,"2026-09-13 02:47:29",1502.4,2,alexbstl
2329,16741819,"Paritosh Kumar Tripathi","2026-09-06 11:51:20",1500.3,2,paritoshtripathi5
2330,16721237,phoenixai0,"2026-09-08 14:15:57",1500.0,2,phoenixultra
2331,16707702,"anton leyn","2026-09-08 16:30:11",1499.6,2,antonleyn
2332,16654332,"Borys Tymchenko","2026-09-06 13:18:48",1499.3,2,spsancti
2333,16725195,易研学社,"2026-09-06 07:27:43",1498.8,2,"chency17,fengwann,mingyingxin,sjojasdq,tbtbbb"
2334,16816445,"Danila Lebedev","2026-09-08 13:54:33",1498.5,2,danilalebedev
2335,16663626,"yvn kaggriculture","2026-09-06 19:03:22",1497.3,2,"garnikdavtyan,mikayelgr"
2336,16732433,syuuuuu,"2026-09-06 12:53:05",1497.2,2,syuuuuukun
2337,16805778,"Dương Đức Anh","2026-09-05 10:51:19",1496.6,2,"dda2k6,trungdttik55"
2338,16839209,yuuuu.T,"2026-09-06 02:01:37",1496.1,2,yuuuut
2339,16652750,"Bahadir Selim Bakla ","2026-09-10 12:15:55",1496.0,2,bahadirselimbakla
2340,16810060,galileo680,"2026-09-05 23:45:08",1495.7,2,keter333
2341,16806535,"zhangzhuang li","2026-09-03 18:31:12",1495.6,2,zhangzhuangli
2342,16660046,"Ikki Katsuyama","2026-09-06 15:46:09",1495.3,2,kacchanwriting
2343,16838953,HHHyyds,"2026-09-05 12:31:34",1495.3,2,hhhyyds
2344,16768016,JohnBlake,"2026-09-13 05:09:14",1494.4,2,jaybeeja
2345,16832186,"Noah Öksüz","2026-09-09 10:15:04",1493.6,2,noahksz
2346,16762926,"Ricky RTG","2026-09-04 05:29:17",1493.5,2,rickyrtg
2347,16781110,yqz,"2026-09-04 17:57:19",1493.2,2,yuqizheng
2348,16664293,"Adam Lloyd","2026-09-05 07:12:04",1493.2,2,alloyd256
2349,16857923,Haruki.O,"2026-09-12 08:23:32",1493.0,2,ho0707
2350,16822109,Meticulousss,"2026-09-10 16:32:31",1492.3,2,meticulousss
2351,16641548,"Indium AI Labs","2026-09-06 04:37:15",1492.0,2,"devaanshpa,wolframbopp"
2352,16654791,"Dev Rath","2026-09-10 16:32:18",1491.7,2,devbratrath
2353,16666442,"SHALWIN SANJU","2026-09-13 17:13:42",1491.6,2,shalwinsanju
2354,16675684,washamba_bots,"2026-09-13 07:38:38",1491.4,2,"billygmwangi,futurecentaur,peterkibetspidey,stephanenjoki"
2355,16836457,Andrew9603,"2026-09-06 12:28:37",1491.3,2,benxvyan
2356,16782564,"Chris Tu","2026-09-04 05:14:36",1491.3,2,christu831004
2357,16660220,tomo11111,"2026-09-05 23:47:27",1491.2,2,tomo11111
2358,16654490,"Furious Monk","2026-09-13 14:10:26",1490.3,2,furiousmonk
2359,16765763,latter0206,"2026-09-06 07:00:54",1489.9,2,shoheiyamanaka
2360,16790652,"Pengchao Zheng","2026-09-06 07:45:17",1489.2,2,"mengyihu,pengchaozheng"
2361,16630548,"YJ Wee 2807","2026-09-08 08:37:02",1488.9,2,yjwee2807
2362,16718138,Haalandspring,"2026-09-04 22:46:54",1488.0,2,haalandspring
2363,16669089,YujieXing10,"2026-09-03 04:57:15",1487.4,2,yujiexing10
2364,16669148,"Syed Muhammad Gillani","2026-09-03 19:55:34",1487.1,2,syedmuhammadgillani
2365,16802039,"Anna Currie","2026-09-04 10:24:33",1487.1,2,hcnfgxsghvbkhbty
2366,16642036,enddl22,"2026-09-04 15:40:04",1486.9,2,enddl22
2367,16836633,Yukino487,"2026-09-06 08:41:10",1486.8,2,yukino487
2368,16661533,wangyuou,"2026-09-04 16:40:16",1486.5,2,wangyuou
2369,16838520,"Niu Yuanfang","2026-09-07 07:50:24",1486.4,2,niuyuanfang
2370,16743788,"Emmanuel Lo","2026-09-04 13:07:50",1486.3,2,emmanuello
2371,16659210,HASHP100D,"2026-09-05 11:23:41",1486.1,2,hashp100d
2372,16695229,X1a0Ch3n,"2026-09-04 16:14:07",1486.0,2,xiaochen20236673
2373,16745351,ChrisXie,"2026-09-08 02:14:19",1486.0,2,chrisstan
2374,16644229,"Amy Yuan","2026-09-06 17:16:41",1485.5,2,cozytato
2375,16778388,"straw hats","2026-09-05 07:07:33",1485.5,2,rushikeshgaonkar
2376,16780141,"One Zero001","2026-09-03 08:43:16",1485.3,2,onezero001
2377,16630689,yw8837,"2026-09-10 08:51:35",1485.1,2,yw8837
2378,16765327,master_ssx,"2026-09-04 20:02:23",1484.8,2,masterssx
2379,16809249,Moro,"2026-09-06 02:48:13",1484.4,2,moromoromoro
2380,16822602,haru0707,"2026-09-04 08:37:59",1483.7,2,"haru0707,kiduna"
2381,16623463,porply,"2026-09-05 18:26:07",1483.7,2,porply
2382,16840857,Meteor,"2026-09-13 11:23:24",1483.6,2,meteorkid
2383,16777894,"Matthew Neba","2026-09-06 21:37:08",1483.1,2,matthewneba
2384,16704818,probably6767,"2026-09-13 21:35:58",1482.7,2,probably6767
2385,16825772,liujieyou,"2026-09-08 15:24:33",1481.6,2,liujieyou
2386,16727147,"Alan Smith","2026-09-09 11:26:14",1481.5,2,acorncupcake
2387,16786255,OceFFFF,"2026-09-11 06:46:46",1481.5,2,oceanfujimoto
2388,16828191,wanghongwei111,"2026-09-04 09:19:40",1480.7,1,wanghongwei111
2389,16717186,"Roumak Das","2026-09-04 03:41:55",1480.6,2,roumak77
2390,16839548,"Александр Прохоров","2026-09-08 12:30:54",1480.0,2,obbwd12
2391,16635065,T88,"2026-09-07 09:02:57",1479.3,2,t88take
2392,16662204,SM_30,"2026-09-05 15:45:06",1477.8,2,sagarmane104
2393,16786126,"Max Bloom","2026-09-13 03:59:38",1477.3,2,maxbloom
2394,16734813,"Johan BONILLA MENDIETA","2026-09-05 15:23:38",1477.1,2,johanbonillamendieta
2395,16684716,kumanomi,"2026-09-13 12:13:04",1476.8,2,kkkggg
2396,16786357,guoyihui,"2026-09-05 05:53:59",1476.5,1,guoyihui
2397,16683435,CoorDi,"2026-09-08 02:13:42",1476.5,2,bxy0125
2398,16660281,"xiy lin","2026-09-08 12:05:25",1476.3,2,xiylin
2399,16869614,"Szymon Miłosz","2026-09-13 21:03:18",1475.8,2,szymonmiosz
2400,16808433,thenokol,"2026-09-07 12:26:33",1475.4,2,thenokol
2401,16666296,A.P.R.I.L,"2026-09-12 16:42:30",1474.7,2,puneeth333
2402,16702429,iamlonely,"2026-09-08 16:27:53",1474.2,2,iamlonely
2403,16671306,Yeswanthperni,"2026-09-09 18:18:27",1473.4,2,"tanvicaaa,yeswanthperni"
2404,16746025,Hamachi,"2026-09-13 20:10:35",1473.2,2,hamatz
2405,16672033,"Mohan Prasath P","2026-09-07 09:39:23",1471.1,2,mohanprasath21
2406,16732129,"payne yam","2026-09-13 02:25:28",1469.7,2,payneyam
2407,16655654,Cacinie,"2026-09-09 00:24:29",1469.4,2,cacinie
2408,16678462,"Eric Han Wang","2026-09-06 00:10:04",1468.3,2,ericwang03
2409,16796840,ezalbxx,"2026-09-10 04:09:31",1467.3,2,ezalbxx
2410,16661702,"Chattso-GPT (Yasuhito Yanagisawa)","2026-09-05 09:33:14",1467.2,2,yasuhitoyanagisawa
2411,16774941,Samvrcai,"2026-09-08 14:41:15",1467.1,2,samvrcai
2412,16625339,kazusw,"2026-09-10 11:49:38",1467.1,2,kazusw
2413,16755328,"yang zhang","2026-09-07 04:14:27",1466.5,2,zhang1221ai
2414,16706898,Simiyon,"2026-09-08 15:35:12",1466.4,2,blackscythe123
2415,16772723,"Zhou Haonan","2026-09-03 13:07:49",1466.0,2,hatsuseizuna
2416,16667964,Shuiys,"2026-09-05 18:41:46",1465.6,2,ysshui
2417,16793656,王子铖,"2026-09-04 12:26:08",1465.0,2,aurantium
2418,16789561,"Rohan Kishibe","2026-09-08 15:26:29",1465.0,2,anbianluban1
2419,16622567,"Georgy Mamarin","2026-09-10 04:01:49",1464.9,2,georgymamarin
2420,16674720,"Prathmesh Lagdive","2026-09-09 10:44:33",1464.7,2,"aglavevaibhav,prathmeshlagdive,shriyashkurud"
2421,16709837,Sophinator,"2026-09-13 20:23:04",1464.4,2,sophinator
2422,16655311,"Plant City Planter","2026-09-02 19:03:12",1464.3,2,michaellombard
2423,16623577,"Jiayi Tang","2026-09-04 07:35:03",1463.6,2,mannguo
2424,16783521,xiannaix,"2026-09-04 09:28:00",1463.1,2,xiannaix
2425,16756965,gchauhan,"2026-09-04 23:11:26",1462.4,2,gchauhan
2426,16794696,"Paul Bryan Elefante","2026-09-08 00:39:10",1462.2,2,heuljax
2427,16662810,HarshitSama,"2026-09-06 11:13:04",1462.2,2,harshitsama
2428,16624253,DTrieu,"2026-09-05 13:09:24",1461.1,2,hodinhtrieu
2429,16824069,"Phương Nguyễn Việt","2026-09-04 03:52:08",1461.1,1,phngnguynvit
2430,16709068,Vib,"2026-09-12 21:00:50",1460.3,2,viblal
2431,16790658,lxymmd,"2026-09-10 07:59:16",1459.9,2,lxymmd
2432,16658349,lingxiaojun,"2026-09-03 12:50:39",1459.3,2,lingxiaojun
2433,16662176,"jorge fabian avila","2026-09-04 21:59:02",1459.3,2,jorgefabianavila
2434,16661570,"sissoko cheick","2026-09-13 18:44:57",1458.9,2,sissokocheick
2435,16817077,"Dinesh kumar Thiyagarajan","2026-09-11 08:55:04",1457.0,2,dineshkumar0705
2436,16771397,its_mrz,"2026-09-07 17:48:52",1456.5,2,itsmrz
2437,16750364,Tangruichen,"2026-09-13 20:00:08",1456.5,2,device666kunkun
2438,16658287,ArturoSirvent,"2026-09-12 05:20:34",1455.0,2,arturosirvent
2439,16631215,"Hira Norm","2026-09-05 00:18:00",1454.2,2,hiranorm
2440,16679393,"Anvith Pothula","2026-09-04 15:19:57",1454.0,2,anvithpothula
2441,16683199,"Filippo Gombac","2026-09-02 17:16:47",1453.7,2,filippogombac
2442,16820988,人畜无害,"2026-09-05 05:01:40",1453.7,2,slowmo19
2443,16672040,"Tom Yim","2026-09-07 04:31:34",1453.4,2,tomyim
2444,16639746,"Kyle Wang","2026-09-04 15:12:00",1453.2,2,ky1ewan9
2445,16858618,NaokaK,"2026-09-09 06:58:14",1453.2,1,naokak
2446,16806587,"Dear Shark","2026-09-05 05:22:04",1452.9,2,dearshark
2447,16659776,"Ben Hamilton","2026-09-08 23:36:18",1452.6,2,kineticaxisstudio
2448,16732221,ringbearer,"2026-09-03 21:56:31",1452.2,2,mehmetbarankrat
2449,16626462,mango,"2026-09-04 01:11:13",1451.8,2,mango789
2450,16824101,"Bala Murugan AIML","2026-09-04 02:20:12",1451.3,1,balamuruganaiml
2451,16633850,Pascal,"2026-09-05 04:01:56",1451.1,2,pascalledesma
2452,16746599,Borrun,"2026-09-04 04:33:37",1449.9,2,borrun
2453,16738810,mararaa,"2026-09-04 10:21:18",1449.8,2,mararaa
2454,16666434,"JOSHNA ACSHA S 21CS","2026-09-13 17:13:15",1449.6,2,joshnaacshas21cs
2455,16741683,"Lance Wu","2026-09-05 02:17:10",1449.5,2,lancewu722
2456,16806249,CLJY_2026,"2026-09-13 18:07:02",1449.5,2,cljy2026
2457,16811433,"Bx LLLLLLLL","2026-09-05 21:54:10",1448.6,2,bxllllllll
2458,16655766,前衛,"2026-09-04 01:21:20",1448.3,2,"atharvranjan,shreyasgandhe,siddharth9077"
2459,16875618,"Joel P. Joseph","2026-09-13 18:46:27",1447.8,2,joelpjoseph
2460,16799554,dengddd,"2026-09-03 15:30:23",1447.8,2,dengdgq
2461,16798694,돌,"2026-09-09 15:36:01",1447.4,2,nintendojoa
2462,16758954,shenjj02,"2026-09-04 15:37:11",1447.2,2,shenjj26
2463,16623630,noobanot,"2026-09-03 12:05:20",1446.7,2,noobanot
2464,16851959,Darren0724,"2026-09-11 12:15:26",1446.4,2,darren0724
2465,16811637,mohui666,"2026-09-03 09:21:41",1445.7,2,mohui666
2466,16805882,nmdcddwzml,"2026-09-10 11:46:04",1445.2,2,mujian63
2467,16659430,"John Keith Weber","2026-09-06 16:32:54",1444.7,2,johnkeithweber
2468,16693050,Shoko,"2026-09-06 19:39:59",1444.6,2,abreyton
2469,16799797,"Zimin Zhong","2026-09-05 15:40:17",1444.5,2,zhongzinmin
2470,16772109,Yashvs56,"2026-09-04 08:45:23",1444.3,2,yashvs56
2471,16705139,gogogo,"2026-09-13 15:02:41",1443.8,2,huzech
2472,16725793,Krilin,"2026-09-03 18:41:48",1443.3,2,krilin
2473,16838305,"Zhiyan Chen","2026-09-05 09:20:32",1442.0,2,zenosga
2474,16668260,"Yangle Ma","2026-09-10 12:16:34",1442.0,2,yanglema
2475,16713540,Anruan,"2026-09-05 16:45:53",1441.8,2,xiaowanshen
2476,16820116,cotora2121,"2026-09-05 17:42:49",1441.8,2,cotora2121
2477,16676278,"Om Sangwan","2026-09-09 02:32:45",1441.4,2,omsangwan
2478,16673250,Prashant,"2026-09-04 16:46:37",1441.4,2,"kajalsinghrajpoot,prashantxo"
2479,16773607,sky1,"2026-09-04 13:54:00",1441.2,2,skyk1jn
2480,16654266,古德拜吃,"2026-09-03 11:26:52",1441.2,2,nosaewang
2481,16815841,"Sunshine through fog","2026-09-12 21:46:00",1441.1,2,sunshinethroughfog
2482,16730834,TomoyaM,"2026-09-10 00:00:39",1438.9,2,tomoyamiyaake
2483,16638557,"Araik Tamazian","2026-09-03 07:11:00",1437.6,2,atamazian
2484,16734199,Iliamna,"2026-09-06 20:44:33",1437.5,2,decotoj
2485,16718649,"Zakaria Aala","2026-09-05 19:32:26",1437.5,2,zlordgrim
2486,16738820,"Ying Li","2026-09-08 06:28:10",1437.0,2,lyee919
2487,16721805,kavunidze,"2026-09-03 11:04:48",1436.3,2,kartu72
2488,16671012,"Sean Zhang","2026-09-04 02:41:33",1436.0,2,seanzhang2445
2489,16796484,"Ryutaro Tsujii","2026-09-04 00:07:32",1435.3,2,ryutarotsujii
2490,16773069,Grant,"2026-09-05 10:49:32",1433.5,2,leolin05
2491,16849330,"Ian Wang","2026-09-13 08:12:09",1432.9,2,ianwang1204
2492,16735253,银龙,"2026-09-07 07:00:02",1432.7,2,boyanyanbo
2493,16783124,Logorhythms,"2026-09-11 12:28:36",1432.6,2,mohammadsaidulislam
2494,16797063,Nianhua1,"2026-09-05 03:35:11",1431.9,2,nianhua1
2495,16730707,"James Michael","2026-09-04 14:12:29",1431.7,2,ingenio
2496,16841827,"pohang milk collector","2026-09-10 07:05:12",1431.6,2,"duckhun,idearendil"
2497,16682195,celefefwefwe1,"2026-09-02 16:48:52",1430.3,2,celefefwefwe1
2498,16675512,Corgi-Samoyed,"2026-09-12 15:49:51",1430.3,2,corgisamoyed
2499,16645705,wataru420,"2026-09-13 14:41:56",1429.7,2,wataru420
2500,16721688,"Hi Im Ryo","2026-09-04 15:05:22",1429.0,2,loto610
2501,16722995,July,"2026-09-10 10:42:05",1428.9,2,julyzseven
2502,16657904,xfhdh1,"2026-09-06 09:51:45",1428.6,2,xfhdh1
2503,16714134,"Raul Tinajero","2026-09-04 01:14:06",1427.0,2,raultinajeroo
2504,16657449,Timass,"2026-09-03 07:28:02",1426.6,2,timmass2
2505,16654752,Agrofitting,"2026-09-12 18:17:22",1426.4,2,"evvfebruary,vinch97"
2506,16743356,"Azat Akhtyamov","2026-09-13 20:51:14",1426.0,2,azakhtyamov
2507,16657228,"Vladimir Babin","2026-09-09 09:41:57",1425.5,2,vovababin
2508,16715205,GCarnovale,"2026-09-11 00:25:23",1424.9,2,gcarno
2509,16799934,auhulu,"2026-09-03 12:11:03",1422.3,2,auhulu
2510,16770055,"san yin26","2026-09-04 03:13:09",1421.8,2,"amadeusan,sanyin26"
2511,16808178,qianyuatkaggle,"2026-09-08 00:37:32",1421.7,2,qianyuatkaggle
2512,16794740,"Alexander R Luz","2026-09-11 16:15:45",1421.4,2,alexanderrluz
2513,16679812,"Xiang Li","2026-09-07 00:00:24",1421.4,2,xianglipee
2514,16734447,"Ali Bauyrzhan","2026-09-13 13:12:11",1419.9,2,alibauyrzhan
2515,16775803,Robson,"2026-09-13 21:39:04",1419.7,2,robsonsan
2516,16775076,hiros,"2026-09-03 04:15:51",1419.1,2,hiroshige1
2517,16639520,"Cary Jin","2026-09-05 22:54:44",1417.5,2,strigiformes
2518,16784056,"anh nông dân may mắn","2026-09-13 19:16:22",1417.4,2,nguyen1tri
2519,16734290,CodeAMANSA,"2026-09-09 14:52:52",1416.9,2,bcollazo
2520,16795982,Vordax,"2026-09-03 18:17:12",1416.5,2,vordax
2521,16857607,inny,"2026-09-10 04:48:47",1415.4,1,innycc
2522,16728996,autowin,"2026-09-05 16:20:27",1415.4,2,atharvjairath
2523,16742470,AK,"2026-09-06 07:57:50",1415.2,2,aman1391
2524,16773020,HyperNeonByte,"2026-09-06 15:43:03",1414.7,2,hyperneonbyte
2525,16730049,"r2d2 Dasari","2026-09-07 02:53:56",1414.3,2,r2d2dasari
2526,16654715,"Aqib Raza","2026-09-02 19:21:26",1414.2,2,aqibrazadev
2527,16624056,Raggriculture,"2026-09-02 14:53:48",1413.2,2,ravi123a321at
2528,16732484,tanzaku,"2026-09-06 07:58:50",1413.1,2,tanzaku
2529,16729092,"ayman elamin","2026-09-09 12:02:46",1410.1,2,aymanelamin
2530,16664836,"Adnan Zaman","2026-09-02 18:18:04",1409.4,2,adnanzamanniloy
2531,16828244,AGSaturn,"2026-09-06 19:42:52",1408.5,2,polyuhst
2532,16747036,Illusion,"2026-09-04 13:34:36",1407.9,2,briankimtaikab
2533,16686513,Vipul_Kumar75476,"2026-09-13 00:11:22",1407.4,2,vipulkumar75476
2534,16714057,"T0m0t0m0 W","2026-08-30 07:55:00",1407.0,2,t0m0t0m0w
2535,16740892,"yuki matsumori","2026-09-04 07:40:51",1406.9,2,yukimatsumori
2536,16674102,没落者,"2026-09-05 11:02:50",1406.5,2,needless090
2537,16668532,"Nir Aberman","2026-09-13 06:12:42",1406.3,2,niraberman
2538,16716475,"dong & shen","2026-09-03 04:47:45",1406.3,2,"dongcookies,muyouqian4"
2539,16750273,"Nil Lic","2026-09-10 19:43:15",1405.5,2,nillic
2540,16659540,"Goua Henri","2026-09-13 21:07:08",1403.1,2,gouahenri
2541,16698688,JeremiahMannings,"2026-09-10 04:01:49",1402.9,2,jmannings
2542,16665700,张广麒,"2026-08-31 08:41:33",1402.7,2,zzggqq
2543,16841667,Zwxiang123,"2026-09-06 01:27:21",1402.3,1,zwxiang123
2544,16783459,LKQ669,"2026-09-02 14:33:50",1402.1,2,lkq669
2545,16797393,lingmingzi,"2026-09-05 04:36:26",1402.0,2,lingmingzi
2546,16818589,"Rachmat S. Haryadi","2026-09-10 16:48:09",1401.3,2,rachmatsharyadi
2547,16786158,"Yi-Chia Chen","2026-09-05 14:14:40",1401.1,1,threerabbits
2548,16632231,"Samrish B","2026-09-05 18:17:55",1400.6,2,samrishb
2549,16682283,"RL is all you need","2026-09-08 13:59:11",1400.5,2,"bpmf577,junzhejiao,jwj1342,liaodid,mrschang"
2550,16661034,"Devesh Mehta","2026-09-13 12:47:39",1400.5,2,deveshmehtaaie
2551,16659215,"Zhizhou Sha","2026-08-31 12:43:52",1398.3,2,zhizhousha
2552,16668157,"vineet dairashri","2026-09-13 17:23:11",1398.1,2,vineetdairashri
2553,16657594,"Wojciech Krasowski","2026-09-02 20:37:04",1398.0,2,ci3l4k
2554,16826719,"Dennis HT","2026-09-08 07:56:06",1398.0,2,dennisht
2555,16662914,"Apollo's cattles","2026-09-07 14:43:46",1397.7,2,"icr007,kennethlie16,romanrozen"
2556,16657395,"Uchechukwu Ajuzieogu","2026-09-03 14:10:11",1396.8,2,uchechukwuajuzieogu
2557,16803930,"Farrukh Ismoilov","2026-09-02 11:30:29",1396.6,2,fismoilo
2558,16660444,"Сергей Мизин","2026-09-12 08:30:25",1396.4,2,seeergo
2559,16632214,roomer,"2026-09-05 03:55:23",1395.9,2,"matsuphy,mqme526,yasunamiura"
2560,16694016,"Prajwal M","2026-09-02 16:15:52",1395.7,2,estrick
2561,16756902,"Matt Palmer","2026-09-06 04:17:51",1395.7,2,palmsey
2562,16760523,"Joseph Ayanda","2026-09-02 23:45:58",1395.6,2,josephayanda
2563,16802752,hako22,"2026-09-05 13:11:51",1395.4,2,hako22
2564,16634803,hongzhouzhou,"2026-09-09 17:51:17",1395.3,2,afterrain42
2565,16839975,AlexHan,"2026-09-05 13:16:50",1395.2,1,gksgusrb1212
2566,16658618,"philip georgiev","2026-09-08 14:28:06",1393.4,2,philipgeorgiev
2567,16713335,"Muhammad Imran","2026-08-30 08:37:34",1393.3,2,muhammadimranchitral
2568,16679987,"Said Mohamed Omary","2026-09-09 21:02:21",1392.0,2,saidmohamedomary
2569,16761324,WLYYYo,"2026-09-13 15:59:54",1391.6,2,wlyyyo
2570,16686827,Kronki,"2026-09-05 12:24:58",1391.2,2,kronki
2571,16773039,zyiqun,"2026-09-04 06:12:36",1390.8,2,zyiqun
2572,16840921,evolved,"2026-09-13 08:13:34",1390.7,2,algunion
2573,16697411,VynoDePal,"2026-09-12 13:57:54",1390.6,2,kvynodjo
2574,16641183,"Team Name Pending","2026-08-30 15:18:19",1390.5,2,"abdaathaillahhadyan,oliverspiby"
2575,16639771,"DK Armada","2026-09-06 06:33:12",1390.4,2,dkarmada
2576,16634239,"Radhakrishnan Guhan","2026-09-05 19:54:20",1390.1,2,rmsgrk
2577,16771558,"Vitalie Cervinschi","2026-09-01 00:08:11",1389.7,2,vitaliecervinschi
2578,16663827,magoemu,"2026-09-03 22:08:53",1389.4,2,magoemu
2579,16774727,"Dannya AbdulHadi","2026-09-04 11:48:50",1389.0,2,dannyaabdulhadi
2580,16801995,"XD tsui","2026-09-03 20:41:03",1388.9,2,xdtsui
2581,16727544,"Mostafa H","2026-09-01 10:03:53",1388.9,2,mostafahaghiri68
2582,16752104,WYSSR1225,"2026-09-06 01:09:01",1388.6,2,wyssr1225
2583,16734822,Zcy,"2026-08-30 15:01:54",1388.5,2,laura831
2584,16736050,SuperZero11,"2026-09-10 07:44:19",1388.4,2,anandaverma
2585,16749205,"Wish Coding Guy","2026-09-02 10:33:15",1387.8,2,tommycyd
2586,16719083,"Justin Mai 16","2026-09-07 22:30:10",1387.2,2,justinmai16
2587,16742232,"Prema Ananda","2026-09-13 16:24:56",1387.0,2,premaananda108
2588,16732574,AlcoholCat,"2026-09-10 14:34:25",1386.9,2,alcoholcat
2589,16631400,JZ,"2026-09-13 01:30:26",1386.9,2,zhoujiachen
2590,16634149,"Hozuma ITOBAYASHI","2026-09-12 10:50:17",1386.8,2,hozumaitobayashi
2591,16728103,Immutable,"2026-09-06 21:33:16",1386.2,1,dishcleaner
2592,16719364,Yeh!AIGame,"2026-09-10 10:16:26",1385.9,2,"luluyeh,yehshibang"
2593,16747577,"Nolan BONHOMME","2026-09-03 13:22:05",1385.7,2,nolanbonhomme
2594,16810802,"Musa Khan","2026-09-03 16:40:12",1384.5,1,lazer999
2595,16754112,"rhythm master","2026-09-02 02:01:23",1384.5,2,"lukaswong,nairurga,zaynedong"
2596,16623480,xmaster6y,"2026-09-08 18:26:54",1383.3,2,xmaster6y
2597,16682932,"Iulian Curte","2026-09-13 10:07:59",1383.0,2,iuliancurte
2598,16785924,Abhinav_26104,"2026-08-31 15:17:41",1382.1,2,abhinav26104
2599,16869870,"Electric Weasle","2026-09-13 15:27:16",1381.5,2,electricweasle
2600,16628456,kiro,"2026-09-08 06:39:53",1381.2,2,kirosamurai
2601,16795798,"Refrain 1","2026-09-01 09:36:19",1380.9,2,"chisatoy,refrain1"
2602,16691512,"Hongxin Su","2026-09-04 17:44:50",1380.8,2,hongxinsu
2603,16772090,"SHIVAJI SHAIK","2026-09-13 18:29:03",1380.5,2,shivajishaik
2604,16755414,Danzzzl,"2026-09-05 16:14:12",1379.0,2,okunevda
2605,16651792,LX,"2026-09-02 10:29:49",1379.0,2,sunnylx
2606,16802486,SHICHIES,"2026-09-13 20:46:10",1378.8,2,shichies
2607,16697891,KuziJA,"2026-09-12 11:42:10",1378.7,2,kuzija
2608,16693382,Sandrone,"2026-09-07 15:57:25",1378.4,2,luvgoelo
2609,16732813,Soomana1z,"2026-09-08 17:20:16",1377.9,2,soshionodera
2610,16760490,"nir afek","2026-08-30 21:08:22",1377.5,2,nirafek
2611,16701638,"John Stupid","2026-08-30 09:28:55",1376.9,2,bryxosmmm
2612,16671361,"Hangyu Yu","2026-09-13 07:27:19",1376.3,2,cqupthangyuyu
2613,16742825,"Ritwik Raha","2026-09-05 00:03:10",1376.3,2,ritzraha
2614,16658830,"Farhat Pachisa","2026-09-01 12:21:28",1375.4,2,farhatpachisa
2615,16753646,"[Deleted] 7d100524-25e6-4751-98db-b4fdce26a5ee","2026-09-02 14:22:45",1373.5,2,del=effabded1aa6d176
2616,16670948,wally0593,"2026-09-02 08:31:29",1373.0,2,wally0593
2617,16657825,MilanJoshi,"2026-09-01 12:04:31",1372.8,2,mlnjsh
2618,16658962,"Fabian Friedland","2026-09-01 02:35:18",1372.7,2,fabotelli
2619,16713543,"Rustam Bazarbayev","2026-09-03 18:06:00",1371.8,2,rustambazarbayev
2620,16686483,"all in kaggle","2026-09-11 00:32:40",1371.0,2,leonstew
2621,16846525,Dwaslaop,"2026-09-13 13:24:30",1371.0,2,dwaslaop
2622,16806394,Flowers,"2026-09-02 04:03:16",1370.7,1,"guyueyuan,oliver34,wu12138test"
2623,16721980,pend_ts19,"2026-09-03 03:03:36",1369.7,2,pendts19
2624,16668162,AlejandroAlvarez,"2026-09-11 10:49:13",1369.2,2,theworm
2625,16740851,Zefirrr,"2026-09-01 16:46:15",1369.2,2,zefirrrr
2626,16665311,"huayang sun","2026-09-05 06:20:01",1368.6,2,okami001
2627,16694186,souju00,"2026-09-13 17:23:36",1368.0,2,souju00
2628,16847370,"Suleyman Yollyyev","2026-09-13 21:27:39",1367.8,2,suleyman71
2629,16793344,zyichi,"2026-09-02 06:41:30",1367.6,2,zyichi
2630,16771457,"HK Fama","2026-09-05 17:51:47",1367.1,2,kenho211
2631,16761641,Diavolo,"2026-09-05 09:31:08",1366.4,2,jeanmarcbah
2632,16808352,Rheinmetall,"2026-09-11 14:27:52",1366.0,2,rheinmetall
2633,16805949,Bigplanedoesnotflyfast,"2026-09-13 01:50:00",1365.9,2,ronav48902753425
2634,16666188,"XueFeng Chen","2026-09-13 00:35:39",1365.8,2,chxfmcs
2635,16623890,"rapika rosalia","2026-09-01 17:40:24",1365.8,2,rapikarosalia
2636,16675739,"Jithendra Maddala","2026-09-12 05:12:26",1365.5,2,jithendramaddala
2637,16743191,"Ryoya Kochiyma","2026-09-05 13:28:19",1364.8,2,"kazutotakekuma,ryoyakochiyma"
2638,16763767,"Carson Zhang","2026-09-13 10:53:55",1364.6,2,zmcddn
2639,16743172,moonzfxs,"2026-09-07 00:27:09",1364.3,2,moonzfxs
2640,16658409,AlexMasip,"2026-09-03 15:37:32",1363.9,2,alexmasip
2641,16756633,TheDanKing,"2026-08-31 05:49:23",1363.4,2,thedanking
2642,16785753,"Mizero Lucky Gall","2026-09-03 17:36:59",1363.0,2,mizeroluckygall
2643,16716613,Arvin,"2026-09-08 01:18:15",1363.0,2,chesterx
2644,16791943,tamref,"2026-09-05 02:59:16",1362.9,2,tamreff3290
2645,16732507,iwashhh,"2026-09-08 21:08:37",1362.8,2,yuinokogawa
2646,16771456,"Tianrun Liao","2026-09-13 16:16:44",1361.7,2,tianrunliao1
2647,16703045,ReCurSiON,"2026-09-13 09:35:04",1361.6,2,ashok205
2648,16652912,"Kyle Ellard","2026-09-04 11:51:13",1361.5,2,kyleellard
2649,16741551,"Vedant Tiwari","2026-09-02 20:48:05",1360.8,2,vedant7312
2650,16779652,cheezyp,"2026-08-31 06:26:25",1360.6,2,cheezyp
2651,16626655,"Surya milenial","2026-08-30 08:21:22",1360.4,2,suryamilenial
2652,16798174,"Jan Bartos","2026-09-07 22:28:55",1359.9,2,janbartos
2653,16843970,dharana77,"2026-09-13 03:41:27",1359.5,2,ylee4574
2654,16697923,"Vincent Debout","2026-09-12 22:24:00",1359.1,2,vdebout
2655,16621831,"Tsung-Yeh, Hsieh","2026-09-09 18:31:09",1358.8,2,"tsungyehhsieh,xinyuloong"
2656,16737937,xamad,"2026-09-01 13:19:27",1358.6,2,giannicerrato
2657,16806048,duck_raccooon,"2026-09-02 15:03:04",1357.6,2,duckraccooon
2658,16795041,"Denis Revenko","2026-09-01 13:02:36",1357.1,2,denizzko
2659,16784691,"Here i come","2026-09-13 20:21:41",1356.8,2,emrekuruba
2660,16668564,"Rikito Kanda","2026-08-30 07:12:30",1356.7,2,rikitokanda
2661,16717113,"Dovydas Ruokis","2026-09-11 19:58:21",1356.6,2,dovydasruokis
2662,16748187,"Violet Notes","2026-09-09 13:20:38",1356.6,2,dominicjamil
2663,16706442,tipstar0125,"2026-09-05 11:50:46",1356.2,2,dragonty
2664,16771605,Psyrax,"2026-09-05 23:35:37",1355.5,2,psyrax012
2665,16688642,"Natalia Mawyin","2026-09-05 11:08:38",1354.4,2,nmawyin
2666,16750575,Gronk,"2026-09-13 08:15:42",1353.0,2,jianyicai
2667,16661393,"razab Bawa","2026-09-06 12:43:30",1352.8,2,razabbawa
2668,16791828,Ling,"2026-08-30 03:32:21",1352.8,2,lingbia
2669,16779831,地里偷偷尿尿,"2026-09-06 14:21:55",1352.2,2,jjsdfd22
2670,16793287,"Kim Jinseo","2026-08-30 13:47:02",1351.9,2,kimjinseo1
2671,16725410,LE4VES,"2026-09-08 09:27:15",1351.5,2,le4ves
2672,16737237,"Ayodeji Adesegun","2026-09-02 12:09:57",1351.3,2,ayodejiadesegun
2673,16719451,"Syed Toubur","2026-09-13 06:58:27",1351.1,2,syedtoubur
2674,16778792,"Karthik #2","2026-09-02 17:15:47",1351.0,2,karg14
2675,16764068,"Chika Komari","2026-09-02 11:18:48",1350.8,2,gothamjocker
2676,16778072,oonumberone,"2026-08-30 02:54:33",1350.3,2,oonumberone
2677,16877958,"Igor Buinyi","2026-09-11 23:06:07",1349.1,1,buinyi
2678,16671088,jasonstillchasin,"2026-09-13 21:35:52",1348.8,2,jasonstillchasin
2679,16774475,LoveB4Sunrise,"2026-09-01 04:42:09",1348.6,2,demacia1314
2680,16634426,ertu,"2026-09-05 01:22:50",1348.6,2,ozertuu
2681,16677252,カワシギ,"2026-09-03 05:11:27",1348.1,2,kawashigi
2682,16622919,Waffle,"2026-09-03 00:25:52",1347.9,2,waffle3z
2683,16795391,MECHINE,"2026-09-01 03:05:47",1347.1,2,nainglinwai
2684,16675351,-Beterraba,"2026-09-05 18:45:27",1346.7,2,"afonsoo,miguelottoni"
2685,16838821,小等等,"2026-09-05 11:38:58",1345.9,1,atwelve
2686,16664609,Re2lawd,"2026-08-31 05:42:43",1344.9,2,re2lawd
2687,16775286,DanilAbdullin,"2026-09-02 05:42:51",1344.3,2,danilabdullin
2688,16626203,"Manish Kumar Maurya","2026-09-13 13:29:42",1344.1,2,manishkumarmaurya11
2689,16794841,thisArmin,"2026-08-31 04:29:30",1344.1,1,thisarmin
2690,16728774,あなまか,"2026-09-12 13:08:44",1343.7,2,arakish
2691,16768143,KingDellaFarm,"2026-09-02 12:49:02",1343.0,2,"alessandrodestasi,disteroas"
2692,16624969,tf,"2026-09-03 12:47:47",1342.4,2,tfukuhara
2693,16718956,hassan,"2026-09-01 16:14:25",1341.5,2,hasankhhan
2694,16637458,OlivierS,"2026-09-09 03:41:58",1341.5,2,oliviers
2695,16848645,"Chee Keong Sim","2026-09-10 14:59:11",1341.5,2,cheekeongsim
2696,16757418,Janus,"2026-09-04 11:49:23",1341.4,2,khaled1alhasan
2697,16655633,johnny,"2026-08-31 04:55:56",1340.8,2,jonykarki
2698,16756630,Shreyas,"2026-08-30 09:58:08",1340.0,2,shreyasdongre25
2699,16771361,"It's Ratcha","2026-09-07 18:59:25",1338.7,2,itsratcha
2700,16640540,QYQ1693,"2026-09-07 12:00:05",1338.7,2,qyq1693
2701,16768323,thuvuduy16,"2026-08-31 18:59:54",1337.7,2,thuvuduy16
2702,16655169,Musliadi,"2026-08-31 05:51:39",1336.6,2,timscientia
2703,16662222,MinerUNLEASHED,"2026-08-24 16:28:40",1335.9,2,minerunleashed
2704,16656659,"James Y","2026-08-31 09:51:47",1335.5,2,redoctopusk
2705,16635340,"zhuo wamg","2026-08-30 09:35:25",1334.9,2,zhuowamg
2706,16672468,ComposeMage,"2026-09-08 01:51:40",1334.1,2,composemage
2707,16655631,"Djamila Benchikh","2026-09-12 01:30:53",1334.1,2,djamilabenchikh
2708,16779451,kibuna,"2026-09-13 09:04:02",1333.5,2,kibuna
2709,16731501,"Shiv Satyam","2026-09-01 19:17:59",1333.2,2,shivsatyam
2710,16639979,naphthalene,"2026-09-01 10:40:26",1333.0,2,"aaa0342,leehyungjoon,minjek,trv449"
2711,16654196,"Aryaman Chokhani","2026-08-31 06:30:01",1332.4,2,"aryamanchokhani,pranrocky"
2712,16866689,snehitha,"2026-09-13 16:30:28",1331.9,2,andapallysnehitha
2713,16661304,"Jonathan Roy","2026-09-13 01:34:16",1331.7,2,jonathanroy7
2714,16655381,"Varshith K","2026-09-10 22:42:07",1330.9,2,var3604
2715,16635663,"Pascal Pfeiffer","2026-08-31 08:47:35",1330.8,2,ilu000
2716,16841061,"Artin yzn","2026-09-09 12:20:47",1330.7,2,artinyzn
2717,16709872,"Tim McGarvey","2026-09-13 03:35:26",1330.2,2,timmcgarvey
2718,16647438,"Aderian Setiawan","2026-09-09 20:10:46",1330.1,2,aderiannovito
2719,16630740,"Ramazan Turan","2026-09-13 20:40:08",1330.1,2,ramazanturann
2720,16791752,bayachay,"2026-09-13 02:26:18",1329.8,2,bayachay
2721,16798544,esprit,"2026-08-31 23:47:56",1329.4,1,takuji
2722,16769116,qiuqiu,"2026-09-11 13:33:23",1329.2,2,qiuqiuh
2723,16805609,Gleb,"2026-09-01 22:11:48",1328.8,1,korelin
2724,16660121,10pi,"2026-09-02 01:21:07",1328.5,2,meredith10pi
2725,16753125,"Rudransh Singh Rathore","2026-08-26 03:10:23",1327.5,2,rudranshsinghrathore
2726,16662696,"Cengizhan Tümer","2026-08-31 20:54:21",1326.2,2,cengizhantmer
2727,16765154,dreamcxy,"2026-08-31 03:54:16",1325.6,2,dreamcxy
2728,16696762,SOSyuki,"2026-08-31 15:37:09",1325.6,2,sosyuki
2729,16761788,"Corenthin Buffard","2026-08-26 13:16:28",1325.2,2,cbuffard
2730,16689154,CrossEngineered,"2026-08-28 19:01:41",1325.0,2,"danyalsahin1,gkenurk"
2731,16655686,Kyle,"2026-09-01 13:47:44",1325.0,2,kylezhouzhou
2732,16790391,"Kevin Cao","2026-08-29 13:38:03",1324.9,1,kevincao2
2733,16734225,"Vijay athithya ","2026-09-02 07:06:29",1324.6,2,vijay09
2734,16702590,"Aashka Kapadia","2026-09-09 20:10:24",1324.5,2,aashka
2735,16764431,"William Diment","2026-09-12 02:59:01",1323.1,2,williamdiment
2736,16707453,"Kaan Dınız","2026-08-28 09:11:10",1322.7,2,kaandnz
2737,16757689,YanXiaohan666,"2026-09-13 16:38:38",1322.2,2,yanxiaohan666
2738,16760158,"apple farmer","2026-08-30 01:15:01",1321.9,2,gustavoknudsen
2739,16779598,RiverStead,"2026-09-11 12:27:06",1321.8,2,riverstead
2740,16653260,"Kadouci Abdelhak","2026-08-29 00:16:50",1321.6,2,kadouciabdelhak
2741,16773170,"yy li","2026-08-28 07:05:37",1320.9,2,yangyili11
2742,16623856,aowhite,"2026-09-03 06:12:31",1320.6,2,brandnewyork
2743,16770089,ouga,"2026-08-30 07:52:29",1320.3,2,ouga1shizawa
2744,16757704,Faustine,"2026-09-10 12:37:00",1320.1,2,faustine649
2745,16664002,"Guilherme Zanini de Sá","2026-09-13 20:30:16",1319.9,2,guilhermezaninides
2746,16725564,NoPlanB,"2026-09-06 17:23:08",1319.6,2,kduncanrobertson
2747,16852043,"pig da","2026-09-08 05:32:31",1318.8,2,qijunjie
2748,16762537,Controlvector,"2026-08-25 08:28:11",1318.3,2,"controlvector,yxdu01"
2749,16780317,jrcjrcjrc,"2026-09-04 06:03:51",1317.7,2,jrcjrcjrc
2750,16655190,"Will Rice","2026-09-13 21:05:08",1317.0,2,willrice
2751,16783630,"fan yanbing","2026-08-30 11:33:12",1316.9,2,jackpudding
2752,16664683,"Halapeño Farms","2026-09-13 19:15:40",1316.2,2,haladaj
2753,16660477,SeaGoat,"2026-09-12 15:31:51",1316.0,2,vbandaru
2754,16770299,"أحمد فهد الربيش","2026-08-25 09:55:13",1315.5,2,ghr111
2755,16770927,kaptaan45,"2026-08-28 08:06:32",1315.2,2,kaptaan45
2756,16660488,tehyoni,"2026-08-30 12:25:15",1315.1,2,"gooberdambi,sidcat,suaeng,tehyoni"
2757,16733708,RyanHo,"2026-08-29 03:59:12",1314.8,2,ryanrx
2758,16784611,sardarkhanyadav,"2026-08-28 16:45:33",1314.2,2,sardarkhanyadav
2759,16778358,"Lê Nguyễn Việt Cường","2026-08-28 03:46:51",1314.1,2,lengvietcuong
2760,16768676,Doit,"2026-08-25 02:09:47",1314.0,1,aifccnb
2761,16734699,PangMinShih,"2026-08-28 08:39:27",1314.0,2,shihbonbon
2762,16766941,"S Kim","2026-09-10 22:16:57",1313.9,2,sunnyk92
2763,16732586,Juniex,"2026-09-09 22:25:54",1313.9,2,juniex
2764,16793106,"Пал Лаич","2026-08-30 12:45:34",1313.4,1,skypunkaudiowalker
2765,16664537,"Lenin Goud","2026-08-27 01:07:37",1312.7,2,leningoud
2766,16842071,buddyY26,"2026-09-07 13:06:08",1312.3,2,buddyy26
2767,16813899,blueshine,"2026-09-10 10:13:48",1311.8,2,minagawateru
2768,16667147,"Daksh Bhalala","2026-08-26 06:41:04",1311.2,2,dakshbhalala
2769,16696743,"wennan cao","2026-09-13 00:43:07",1310.9,2,wennancao
2770,16729906,"Krzysztof Madziar","2026-08-28 05:05:13",1309.8,2,krzysztofmadziar
2771,16653385,"Vasilii Buzmakov","2026-09-11 21:51:51",1309.1,2,vasiliibuzmakov
2772,16623691,KevlarZanderChi,"2026-08-31 17:19:02",1308.6,2,kevlarzanderchi
2773,16674310,"Ayaz Ahmed Kazi","2026-08-29 18:49:13",1308.4,2,ayazahmedkazi
2774,16778808,"Candace Dudleson","2026-08-31 23:19:12",1308.4,2,candacedudleson
2775,16887107,"Crazy Spirits","2026-09-13 21:04:31",1308.0,1,latents
2776,16659715,masb,"2026-09-11 10:41:04",1307.0,2,affansaied
2777,16781550,Lumberjacks,"2026-09-13 15:34:54",1306.2,2,jamesmcgarryiv
2778,16712432,hengck23,"2026-08-25 17:58:30",1306.1,2,hengck23
2779,16770397,Ryu,"2026-09-03 20:15:16",1306.0,2,bexultanashenov
2780,16738626,李BCDEFGA,"2026-08-25 06:55:39",1306.0,2,bcdefga
2781,16669810,CREART,"2026-08-29 16:06:18",1305.5,2,gustardust
2782,16790233,"prateek chandra","2026-08-30 15:55:55",1305.5,2,prateekchandra7005
2783,16641982,ZotAZaw3,"2026-08-28 09:43:47",1304.6,2,zotazaw3
2784,16823626,Korokke3,"2026-09-13 14:08:54",1304.4,2,korokke3
2785,16689266,"Oleksandr Dudnev","2026-09-09 06:14:10",1304.1,2,dantist
2786,16731911,"liu bo","2026-09-09 05:35:55",1304.0,2,liuboo45586
2787,16621497,"Victor @ Tufa Labs","2026-08-26 20:41:50",1303.6,2,vmerckle
2788,16689569,JovanaLab,"2026-08-27 22:43:51",1303.6,2,"choonesenlu,joxitsai"
2789,16745499,"lurs lurs","2026-08-29 02:02:15",1303.4,2,lurslurs
2790,16782227,"chen yue li","2026-09-03 01:34:30",1303.3,2,yueelc
2791,16745416,yamato035073,"2026-08-30 22:24:34",1303.1,2,yamato035073
2792,16751899,peggy,"2026-09-06 07:54:57",1303.1,2,refrigerator21
2793,16853131,"Awesome Egg","2026-09-10 07:27:41",1302.6,2,newegg
2794,16875968,"Dias Bakhtiyarov","2026-09-13 17:33:53",1302.0,2,diasbakhtiyarov
2795,16709115,"PARK HYUNSIK","2026-08-26 01:51:31",1301.6,2,hyunsikpark
2796,16765313,Hosuke,"2026-09-01 04:19:31",1301.5,1,hosuke
2797,16730705,chris,"2026-09-13 17:42:53",1300.2,2,chris62
2798,16758791,"qw yi123","2026-09-10 08:06:11",1299.7,2,qwyi123
2799,16775443,NoName,"2026-09-04 23:49:43",1299.6,2,thesonalsingh
2800,16700771,"Disuru Coba Ama Jaki","2026-08-31 09:50:50",1299.2,2,reiiihel
2801,16743136,unhappy,"2026-09-13 12:57:51",1299.1,2,chenyahui123
2802,16712714,MiMi,"2026-08-31 08:39:16",1299.0,2,"frank0921,rickytsou"
2803,16654526,"Jin Niu","2026-08-26 18:25:33",1298.7,2,gufanmingmie
2804,16655255,MalelizarazoP,"2026-08-26 13:34:53",1298.6,2,malelizarazop
2805,16743656,Deskbo,"2026-08-26 16:14:12",1298.5,2,deskbo
2806,16684994,"Katasonov Evgeny","2026-08-30 01:39:34",1298.5,2,katasonoveugene
2807,16748647,"Adar Cohen","2026-08-24 21:27:43",1297.8,2,adarcohen
2808,16679004,"Kevin Zhao","2026-09-11 08:58:50",1297.8,2,kevinzhao666
2809,16716549,notoverkil,"2026-08-28 08:16:38",1297.3,2,notoverkil
2810,16667724,"Masashi Onda","2026-09-02 12:43:58",1297.2,2,masashionda
2811,16666468,"J Penman","2026-09-09 07:04:10",1297.1,2,jpenman
2812,16726547,"Ezra Kho","2026-08-28 04:04:46",1297.0,2,ezrakho
2813,16686583,techtech69,"2026-09-07 15:53:30",1296.8,2,techtech69
2814,16746275,LittleScottyy,"2026-09-09 09:45:53",1296.7,2,fongwaiyong
2815,16757384,straw_Yu,"2026-09-09 01:41:11",1296.4,2,strawyu
2816,16691247,"Aneesh Rao","2026-08-27 17:11:07",1295.1,2,sidrao2006
2817,16671476,"Mingkang YAN","2026-08-26 08:13:57",1295.0,2,mingkangyan
2818,16670999,Maksonch1k,"2026-08-28 23:01:42",1294.7,2,maksonch1k
2819,16727214,"Jaivardhan Raahi","2026-09-04 05:49:08",1294.6,2,jaivardhanraahi
2820,16745995,"Guido Tapia","2026-09-03 02:20:23",1294.4,2,guidotapia
2821,16775771,"Ewia Tng","2026-09-09 04:57:46",1294.4,2,ewiatng
2822,16755244,SZU蓝心,"2026-09-01 11:50:45",1293.9,2,jiazhanliu
2823,16838736,"kauan cassiano","2026-09-05 06:42:48",1293.5,1,kauancassiano
2824,16759250,"Harsh Jain","2026-08-28 06:55:29",1293.4,2,harshjain123
2825,16676762,"Tomas Escobar Rivera","2026-08-27 23:25:05",1292.9,2,tomasescobarrivera
2826,16748000,"Rohit Raj Singh","2026-09-03 09:38:10",1292.4,2,rohitrajsingh555
2827,16622627,"Erik van de Ven","2026-09-07 13:01:31",1292.1,2,erikvdven
2828,16778019,Mr.Frundles,"2026-09-03 02:21:58",1291.8,2,watehell
2829,16762139,AltriaE,"2026-08-25 15:27:52",1291.7,2,altriae
2830,16741826,StackKnight,"2026-08-28 02:12:12",1290.6,2,stackknight
2831,16634153,AnpAn_Men,"2026-08-29 19:47:31",1289.9,2,anpanmen
2832,16753194,"Saicharan Ramineni","2026-08-26 19:33:02",1289.9,2,godlydonuts
2833,16670569,Ezzzzzekki,"2026-09-12 15:40:36",1289.8,2,abdullahelzeki
2834,16796980,ChenyuBaii,"2026-09-11 09:56:01",1289.3,2,chenyubaii
2835,16689274,Anyeson,"2026-08-30 09:24:43",1289.0,2,anyeson
2836,16760509,"gnanadeepika karanam","2026-08-29 03:35:25",1288.7,2,gnanadeepikakaranam
2837,16692744,"VAIBHAV RASTOGI 90","2026-09-03 23:43:33",1288.6,2,vaibhavrastogi90
2838,16838843,"qiu ji123","2026-09-12 02:58:46",1288.2,2,qiuji123
2839,16758279,"GO HIROSHIMA 2","2026-08-29 02:51:47",1288.0,2,gohiroshima2
2840,16793261,Von_Feynman,"2026-08-30 13:35:43",1287.7,1,terrenceluo1017
2841,16674948,habe.sq,"2026-08-26 11:48:32",1286.8,2,habesq
2842,16852049,Tremble,"2026-09-10 07:33:31",1286.8,2,junsongzhang
2843,16639796,rmizuta,"2026-08-28 15:07:43",1286.4,2,rmizuta
2844,16669403,mrgrishninsb,"2026-09-13 13:22:10",1286.3,2,mrgrishninsb
2845,16674451,NycteacoBa,"2026-08-28 23:49:23",1286.2,2,nycteaowl
2846,16670527,"Balram Gupta","2026-09-13 17:39:04",1285.9,2,"akankshaparab,bg28898"
2847,16749257,rsraki,"2026-09-08 03:05:03",1285.1,2,rsraki
2848,16665337,BHackers,"2026-08-26 17:13:11",1284.7,2,clarencepagaduan
2849,16704603,Tmaxxer,"2026-08-28 14:45:38",1283.9,2,tmaxxer
2850,16774129,"Chen Audrey","2026-09-04 13:38:19",1283.6,2,chenaudrey
2851,16660492,"Deven Bagul","2026-08-29 11:56:30",1283.6,2,devenbagul
2852,16746632,tingyu516,"2026-08-24 06:05:33",1283.0,2,tingyu516
2853,16752733,zjukop1,"2026-08-25 03:29:28",1282.7,2,zjukop1
2854,16692443,xmkevin2004,"2026-09-08 15:10:46",1280.4,2,xmkevin2004
2855,16699455,vijaikm,"2026-09-11 11:26:52",1280.3,2,vijaikm
2856,16870621,BobtheBot369,"2026-09-12 03:54:11",1279.6,2,bobthebot369
2857,16753515,"Yosif EL-Rammaal","2026-08-25 16:57:09",1279.4,2,yosifelrammaal
2858,16706523,"Aussie lover","2026-09-04 06:20:53",1279.0,2,aussielover
2859,16744905,"Nator X","2026-08-26 22:15:29",1278.8,2,natorx
2860,16716081,"dunky su","2026-08-23 06:36:50",1278.7,2,dunkysu
2861,16748382,shiiin9,"2026-08-29 15:30:13",1278.5,2,shiiin9
2862,16627472,CloverFarm,"2026-09-08 13:23:55",1278.5,2,ljs2546
2863,16840005,"Qiyao XU","2026-09-13 08:37:46",1277.6,2,qiyaoxu
2864,16811502,"Avi Porath","2026-09-12 15:41:58",1277.4,2,aviporath
2865,16767625,"Saurabh Yadav","2026-08-24 17:56:22",1277.2,1,saurabhyadav1305
2866,16738279,zhangshuosc,"2026-08-26 05:11:57",1276.6,2,zhangshuosc
2867,16791549,"Eugenio Schiavoni","2026-08-31 19:14:40",1276.3,2,eugeniokukes
2868,16635029,"Oleg Melnik","2026-09-11 19:10:31",1276.2,2,olegmelnik
2869,16668756,"Clark Kitchen","2026-09-09 00:54:50",1275.8,2,clarkkitchen
2870,16630516,"Seb (allegedly)","2026-09-09 09:22:48",1275.5,2,sebmallia
2871,16626582,"Omer Faruk Merey","2026-09-02 10:38:00",1275.4,2,omerfarukmerey
2872,16768047,アメリカ農業研究会,"2026-08-25 17:19:10",1275.2,2,flnkhome
2873,16660601,"Rabbiya affan","2026-09-07 07:36:58",1274.9,2,rabbiyaaffan
2874,16675704,reeemii,"2026-08-26 08:51:15",1274.0,2,reeemii
2875,16764545,ArX,"2026-08-24 09:44:45",1273.9,2,arx1993
2876,16770998,ket,"2026-08-31 22:14:53",1273.8,2,kentken
2877,16779067,fishwg,"2026-08-28 09:12:54",1273.6,2,fishwg
2878,16782193,nal_nh906,"2026-09-02 01:42:32",1273.6,2,hhan09
2879,16764206,yanjixiang,"2026-08-25 11:37:34",1273.5,2,yanjixiang
2880,16666195,"Yihan Guo","2026-08-28 08:44:06",1273.4,2,yihanguo
2881,16742267,chandora,"2026-09-08 11:13:06",1273.3,2,chandora
2882,16860049,Himanshu,"2026-09-09 13:07:09",1273.2,2,himanshuffbfujbf
2883,16752121,adhsdrtjh,"2026-08-23 15:02:25",1272.9,2,adhsdrtjh
2884,16802775," SonSheungmin","2026-09-03 06:55:03",1272.8,2,sonsheungmin
2885,16735341,Ryui68925,"2026-08-24 16:22:30",1272.3,2,ryui68925
2886,16675777,"Ml BOY","2026-09-07 18:15:38",1272.1,2,mlboy1
2887,16698340,"Yanxi Jiang","2026-08-26 03:24:55",1271.9,2,yanxijiang
2888,16786013,sakarush,"2026-09-02 13:17:42",1271.8,2,sakarush
2889,16724228,LSS0334,"2026-08-26 00:15:54",1271.1,2,lss0334
2890,16764738,Lucasty,"2026-08-25 07:04:36",1269.7,2,lucaswty
2891,16670883,G*Sim,"2026-08-28 07:55:59",1269.2,2,guillaumesimiand
2892,16733839,"Fabian Ruiz","2026-09-11 14:30:52",1269.0,2,fabianruiz3
2893,16664379,N_Matsumoto24,"2026-09-02 08:17:44",1269.0,2,nmatsumoto24
2894,16761019,"yiwen hou","2026-08-25 14:48:43",1268.6,2,hevenhina
2895,16742228,"bangqun ZHAO","2026-08-27 05:20:56",1268.4,2,bangqunzhao
2896,16729225,"Aayush Sigdel","2026-09-03 15:47:50",1268.3,2,aayushsigdel
2897,16630323,kaggricultureomnidimensionalut,"2026-08-28 10:51:28",1267.8,2,kumarandatascientist
2898,16766320,vp_mass,"2026-08-25 20:19:08",1267.8,2,vpmass
2899,16672709,"RS Turley","2026-09-12 02:39:30",1267.4,2,rturley
2900,16763437,"⸻AgentZZ ⸻","2026-08-23 20:47:44",1267.4,1,agentzz
2901,16733932,"Jasper Turnidge","2026-08-24 06:36:23",1266.7,2,jasperturnidge
2902,16672202,HealthStone,"2026-08-29 21:04:07",1266.2,2,healthstone
2903,16748907,EdwardHwang@123,"2026-08-24 15:32:00",1266.0,2,edwardhwang123
2904,16685450,Nadeem,"2026-08-25 09:21:14",1265.7,2,nadeembinshajahan
2905,16632201,neurlog,"2026-09-13 09:56:11",1265.5,2,neurlog
2906,16670297,"Gebreab K. Zewdie","2026-08-26 00:22:15",1264.2,2,gzewdie
2907,16740392,"Amey Thakur","2026-08-25 12:01:41",1264.1,2,ameythakur20
2908,16659972,"Pelamovic ","2026-08-25 18:03:34",1263.8,2,pelamovic
2909,16757566,"Ankit Kumar","2026-08-23 12:03:53",1263.4,2,imankit57
2910,16771843,"Surekha Ramireddy","2026-09-01 15:34:18",1263.1,2,surekharamireddy
2911,16762940,"Davide Andreolli","2026-09-06 09:20:28",1261.3,2,davideandreolli
2912,16670659,saumyagupta12,"2026-09-07 11:24:23",1261.3,2,saumyagupta12
2913,16732446,"Nuri DUDAK","2026-08-29 09:00:59",1260.6,2,nuridudak
2914,16759075,"Michael Day","2026-08-24 10:38:52",1260.3,2,michaelday99
2915,16884338,"Emmet Banker","2026-09-13 20:36:03",1260.3,2,emmetbanker
2916,16722731,"E&M Pioneer","2026-08-30 11:18:55",1259.6,2,hzq2004
2917,16747982,"Affriza Wildan Fauzan","2026-09-11 10:11:01",1259.2,2,affrizawildanfauzan
2918,16725304,"Alexandru A","2026-08-29 07:34:25",1259.1,2,alexandrua01
2919,16763274,vinceybb,"2026-09-10 23:56:06",1258.5,2,vinceybb
2920,16732851,chenry2003,"2026-08-24 02:27:53",1258.3,2,chenry2003
2921,16665753,"Mansour A. S. Ataa","2026-08-26 10:28:34",1258.2,2,profmansoor
2922,16769028,"Rishabh Yadav","2026-09-02 08:49:36",1258.1,2,riishabhhh
2923,16778489,dataWr3cker,"2026-08-28 20:40:52",1257.8,2,gourabr0y555
2924,16782984,crinoid,"2026-09-02 10:59:06",1257.5,2,takemi
2925,16705318,arminhej96,"2026-09-13 06:20:16",1257.5,2,arminhej96
2926,16708965,"Witold Dziurdz","2026-08-23 16:33:47",1257.1,2,witolddziurdz
2927,16693663,"YoungCheol Son","2026-08-27 00:51:34",1257.1,2,sonyc5720
2928,16774410,"Rishabh Roy","2026-08-26 09:01:38",1256.9,1,rishabhr0y
2929,16755921,"Natnael Yerga","2026-08-24 16:43:22",1256.1,2,natnaelyerga
2930,16822583,"TA ME CHEM","2026-09-13 09:26:11",1255.7,1,tamechem
2931,16635681,"Shubham Phapale","2026-09-05 12:46:36",1255.6,2,shubhamphapale
2932,16847725,SOLUCIENCE,"2026-09-10 08:06:08",1255.5,2,solucience
2933,16737843,"Muhammad Shoaib Memon","2026-08-23 19:52:52",1255.4,2,muhammadshoaibmemon
2934,16795086,Leroll,"2026-09-01 01:54:12",1255.0,2,leroll
2935,16727529,윤영일,"2026-09-10 14:44:20",1254.3,2,iongil
2936,16666165,ChrisLeiteScha,"2026-08-24 15:20:36",1254.2,2,chrisleitescha
2937,16887661,magic101,"2026-09-13 21:11:23",1254.0,1,magicbuttons
2938,16863344,masat,"2026-09-09 23:46:30",1253.6,1,masatttt
2939,16758634,Ernnnn4u,"2026-08-24 17:00:46",1253.2,2,ernnnn4u
2940,16848720,嘎达嘎达,"2026-09-08 07:39:07",1252.8,1,eggyeggygggy
2941,16844154,シュークリーム,"2026-09-07 03:31:45",1252.3,2,syucream
2942,16623736,Garigariyong,"2026-09-01 04:31:17",1251.8,2,garigariyong
2943,16830753,"youyi li","2026-09-06 02:50:01",1251.1,2,liyouyi
2944,16729554,"JingSong Yang","2026-08-28 05:33:55",1250.9,2,jingsongyang
2945,16750726,prince22466,"2026-09-09 11:56:38",1250.2,2,prince22466
2946,16735232,"Johnson Chishimba","2026-09-03 04:13:50",1250.0,2,johnsonchishimba
2947,16800775,SunSeeker染汐,"2026-09-01 16:47:33",1249.8,2,sunseekerrx
2948,16738721,"Luan Kunyu","2026-09-04 07:05:21",1249.1,2,luankunyu
2949,16861723,"Landon Hershberger","2026-09-09 22:25:52",1248.9,2,landonhershberger
2950,16662651,CoatiAI,"2026-09-09 10:42:11",1248.4,2,gjhordan
2951,16732792,amaotone,"2026-08-20 14:27:36",1247.9,2,amaotone
2952,16739898,"solo levelling","2026-08-18 21:08:16",1247.9,2,munibmemon
2953,16662819,THeLAB,"2026-08-17 18:55:16",1247.5,2,feuorme
2954,16706185,"Bab Kek","2026-08-25 21:04:53",1247.0,2,babkek
2955,16764394,haseryooooo,"2026-09-07 06:45:12",1246.9,2,haseryooooo
2956,16679245,"Krzysztof Gonia","2026-09-13 14:24:04",1246.0,2,krzysztofgonia
2957,16630711,"Aleks Lviv","2026-08-30 11:46:50",1245.7,2,alekslviv
2958,16879133,xiepengo,"2026-09-13 14:05:18",1245.2,2,xiepengo
2959,16758152,MiguelLFCG,"2026-08-30 11:20:49",1244.7,2,miguellfcg
2960,16691154,UnknownRobi,"2026-08-31 22:50:27",1244.6,2,canrobichaud
2961,16666665,Team-Veraxion,"2026-08-31 08:24:24",1244.5,2,"anuragvelekat,ayushiitomar,faizmemon,hariharigandikota"
2962,16760656,CharTFboy,"2026-08-24 09:19:37",1244.4,2,chartfboy
2963,16763813,Sydney,"2026-09-10 21:54:55",1243.9,2,n3yan7
2964,16713007,"Jerry Hwa","2026-08-23 12:20:13",1243.3,2,"jerryhwa,richarrdyu"
2965,16711608,"Thomas Greissler","2026-08-24 00:01:46",1243.0,2,thomasg22202020
2966,16807054,"JSU xiaopoche","2026-09-03 06:35:02",1242.4,1,xhmuvw
2967,16806346,"Mike chen666","2026-09-12 07:04:00",1242.3,2,"mikechen666,tiffanyjade"
2968,16745312,"Alexie Huynh","2026-08-22 08:27:27",1242.3,1,alexiehuynh
2969,16712943,"Cesar Marcondes","2026-09-04 13:20:02",1241.7,2,cmarcond
2970,16768239,Oshbocker,"2026-09-10 17:00:40",1241.6,2,oshbocker
2971,16759705,2nod,"2026-08-23 03:42:04",1240.8,2,tsunoten
2972,16726994,bird,"2026-08-23 05:00:19",1240.7,2,whitebird
2973,16663767,"Tommy Mancino","2026-08-31 23:03:57",1240.4,2,tommymancino
2974,16691506,Dipak_ISM,"2026-08-29 13:07:18",1239.8,2,dipakism
2975,16748933,Lixrixy,"2026-08-26 06:11:03",1239.8,2,lixrixy
2976,16870771,wangxt1,"2026-09-11 06:19:14",1239.6,2,wangxt1
2977,16765135,neuro168,"2026-08-26 05:02:01",1238.8,1,lordmc
2978,16675655,TrebolNoir_,"2026-09-01 12:59:42",1237.7,2,trebolnoir
2979,16784133,"HASNAIN HAIDER","2026-09-01 17:02:27",1236.2,2,techzero
2980,16780130,与君作田,"2026-08-29 14:01:35",1235.8,2,zhaoxi1244
2981,16737057,Wiz,"2026-08-24 03:15:13",1235.2,2,williamzhou001
2982,16861578,Markura,"2026-09-13 14:09:02",1234.9,2,markura
2983,16728067,"Chenzhao Li","2026-08-18 08:04:21",1234.7,2,heartquest
2984,16654091,webmaking,"2026-08-19 05:28:56",1234.4,2,webmaking
2985,16677592,keniii,"2026-08-25 00:29:31",1234.3,2,kartheeswaran28
2986,16696098,Valmorlee,"2026-08-23 19:40:07",1233.9,2,valmorlee
2987,16740399,"Lynn Pigott","2026-08-24 03:32:08",1233.9,2,lynnpigott
2988,16886319,novacryptic,"2026-09-13 12:37:51",1233.4,2,novacryptic
2989,16703315,"Ryan Triplett","2026-09-11 21:38:55",1233.3,2,ryantriplett
2990,16655718,eveyxy,"2026-09-05 08:58:28",1233.1,2,eveyxy
2991,16688907,青烟,"2026-08-24 12:39:28",1233.0,2,"imagine4391,mortal4416"
2992,16729691,YinuoChen271,"2026-08-17 15:42:51",1232.9,2,yinuochen271
2993,16841296,Flesymevoli,"2026-09-06 08:49:58",1232.2,2,flesymevoli
2994,16664232,"Eddy Despradel","2026-09-01 23:58:35",1231.9,2,eddydespradel
2995,16623520,asteriam,"2026-09-13 11:29:30",1231.7,2,masatakashiwagi
2996,16846297,"Zihan Ni","2026-09-07 08:06:53",1231.6,2,lunangai
2997,16715933,Scomics,"2026-08-20 07:33:14",1231.2,2,"bruceche7797,dongyiqun,jyxxxx"
2998,16779780,SiVitr2fDrXS.2N,"2026-08-30 15:06:17",1230.6,2,sivitr2fdrxs2n
2999,16725432,Ezra,"2026-09-10 21:42:30",1230.4,2,ezberch
3000,16778410,"uriel villegas govea","2026-08-28 00:25:47",1230.3,2,urielvillegasgovea
3001,16725335,"Chris #2","2026-08-29 15:32:47",1230.2,2,kagglecompetechris
3002,16664477,"The T-MAN","2026-08-26 18:51:40",1230.0,2,otmaneelmahda
3003,16634093,gezi,"2026-09-09 08:07:03",1230.0,2,goldenlock
3004,16763551,"PRASHANT SHUKLA91","2026-09-07 09:03:19",1230.0,2,prashantshukla91
3005,16844148,Ethereal49,"2026-09-11 04:17:57",1230.0,2,ethereal49
3006,16661772,R3ddrag0n,"2026-09-02 19:43:09",1230.0,2,r3ddrag0n
3007,16749352,"Ian Virchenko","2026-09-13 10:09:24",1229.9,2,yvainr
3008,16769795,"Edi Marian","2026-08-25 11:01:09",1229.8,2,edimarian
3009,16769082,"Little Xi","2026-08-26 03:31:32",1229.8,2,littlexi0
3010,16738745,"Anh Quân","2026-08-24 13:41:30",1229.4,2,qunanh
3011,16740159,CY,"2026-09-05 09:33:08",1229.4,2,aimeny
3012,16872275,"Maciek Kiryla","2026-09-13 18:31:00",1229.4,2,doktorkelp
3013,16658245,ziliangCok,"2026-08-28 16:08:13",1229.3,2,ziliangcok
3014,16754086,Beenvvv,"2026-08-25 05:57:29",1229.3,2,beenvvv
3015,16716930,"Direc M","2026-08-31 04:54:06",1229.0,2,direcm
3016,16730706,flaty,"2026-09-06 07:05:52",1227.7,2,flat831
3017,16709246,"Tariku Mehdi","2026-09-03 00:25:56",1227.4,2,tarikumehdi
3018,16840001,agheieff,"2026-09-05 13:16:29",1226.9,1,agheieff
3019,16758817,Ruwawa,"2026-08-30 18:23:19",1226.9,2,ruwawa
3020,16753618,mushichou4,"2026-08-22 10:20:51",1226.9,2,mushichou4
3021,16849328,"Gaurav #2","2026-09-13 16:02:26",1226.8,2,genesis96839
3022,16720841,liuhc1017,"2026-09-02 09:17:45",1226.2,2,liuhc1017
3023,16777138,"Anna Pakhaliuk","2026-09-13 19:32:36",1226.0,2,annapakhaliuk
3024,16643693,"Kerem çelik","2026-08-19 10:12:47",1225.9,2,keremelik
3025,16666578,STRAF,"2026-08-23 23:07:25",1225.7,2,nikosstraf
3026,16738899,Grayden_Lee,"2026-08-21 11:42:07",1225.0,2,haozelii
3027,16844277,"Akash Chanran","2026-09-09 16:48:32",1224.6,2,"akashchanran,shruti9345"
3028,16765215,"arlenjim ","2026-08-24 19:32:48",1224.4,2,arlenjim
3029,16756750,Charu,"2026-08-22 00:45:03",1223.8,2,charu13a
3030,16793229,"Waseem Mushtaq","2026-08-30 13:38:14",1223.7,1,waseemmushtaq045
3031,16707749,Yuzu,"2026-09-04 10:22:41",1223.7,2,yuzuoctopus
3032,16689601,"Prathmesh Adsod","2026-08-18 03:55:13",1223.5,2,prathmeshadsod
3033,16794205,"kiwi apple","2026-09-01 18:56:25",1223.2,2,kiwiapple
3034,16664566,"Lormann ","2026-08-23 06:24:29",1223.2,2,lormann
3035,16726011,"Dawid Fleischer","2026-08-25 18:37:25",1222.9,2,dawidfleischer
3036,16764422,"ong bee","2026-09-09 02:25:57",1222.8,2,ongbee
3037,16698223,"Feng Jiahui","2026-08-18 08:35:04",1222.7,2,junipersky
3038,16625856,takai380,"2026-09-01 02:34:05",1222.7,2,takai380
3039,16845582,"Julio Cesar Filho","2026-09-08 06:10:03",1222.3,2,juliocesarfilho
3040,16654662,"2/3 rounded to two decimals","2026-08-22 00:36:50",1222.0,2,rnold2
3041,16736969,"york li13","2026-08-19 01:07:02",1222.0,2,yorkli13
3042,16707193,"radji kraim","2026-08-26 11:53:17",1221.6,2,radjikraim
3043,16870431,"Adam Brink","2026-09-11 11:09:17",1221.4,2,adambrink
3044,16757903,"Om Singh","2026-08-27 07:05:06",1221.3,1,spoilyfrog
3045,16768955,Hunedjekdsfkd,"2026-08-25 03:56:30",1220.6,1,hunedjekdsfkd
3046,16727784,Baen,"2026-08-24 06:44:33",1220.3,2,cairh22
3047,16668721,"Efe Can Celiksoy","2026-08-13 22:00:41",1220.2,2,efecnc
3048,16709203,Ayush_Patel,"2026-08-25 03:34:12",1220.1,2,ayushpatel1305
3049,16685074,"Emir Can","2026-08-30 20:16:36",1220.0,2,aerospacer
3050,16752018,三浦桂基,"2026-08-30 04:00:30",1219.7,2,keikipc
3051,16668152,ksew364,"2026-08-24 14:39:18",1218.7,2,ksew364
3052,16754560,Kam,"2026-08-21 14:02:39",1218.7,1,kamting
3053,16716697,"Habil Tobi","2026-08-28 20:57:52",1218.3,2,habiltobi
3054,16793478,noisyislands,"2026-09-13 17:08:17",1218.2,2,noisyislands
3055,16675905,HydFarms,"2026-08-30 11:22:11",1217.9,2,"kumaramar,ronithjaju,shiveshcgatech,vidhishah115"
3056,16763444,"crazy achiever","2026-08-28 18:51:13",1216.8,2,crazyachiever
3057,16765953,"Muhammad Ahmed","2026-08-26 13:46:48",1216.5,2,muhammad4hmed
3058,16755071,"Varun Rao","2026-08-26 18:46:59",1215.8,2,varunraosfanlkan
3059,16693193,"Efrain Garay","2026-09-04 20:55:13",1215.3,2,efraingaray7
3060,16638177,stpete_ishii,"2026-08-30 05:35:41",1215.3,2,stpeteishii
3061,16730320,Rosebuddychomp,"2026-09-12 07:54:11",1214.7,2,rishabhshetye
3062,16709930,llRX,"2026-09-11 09:07:58",1214.7,2,"bankkobe,leojeel,ruikaihong"
3063,16675610,"Srikar Medisetti","2026-08-30 12:06:25",1214.6,2,deathaunter
3064,16736250,Yizhi,"2026-08-31 06:03:48",1214.5,2,yizhitao
3065,16657623,Restart:),"2026-08-20 08:35:50",1213.8,2,wayne127
3066,16709950,"Ryan Myers","2026-09-04 18:48:35",1213.7,2,ryanmyers03
3067,16667843,"durgesh dere","2026-08-21 16:10:13",1213.7,2,durgeshdere08
3068,16720720,道海孤舟,"2026-08-21 06:59:41",1213.5,2,unseenanch
3069,16662949,"Will English","2026-08-18 17:13:22",1213.5,2,dubascudes
3070,16706897,"Akshay Mathur","2026-08-30 20:38:59",1213.3,2,akshaymathur777
3071,16664573,AdhithyaRokhith,"2026-08-22 20:34:38",1212.9,2,adhithyarokhith
3072,16723991,"James Holland","2026-08-17 01:40:17",1212.7,2,jkhollandjr
3073,16725441,lemon1219,"2026-08-21 15:37:35",1212.5,2,lemon1219
3074,16701633,"Jacob Davis","2026-08-23 15:06:50",1212.5,2,jacobtdavis
3075,16782196,"jingyang tu","2026-09-01 01:49:08",1212.5,2,jingyangtu
3076,16828844,"SHOUHEI IKEDA","2026-09-06 23:29:56",1212.3,2,shouheiikeda
3077,16719536,"Mandy Lin","2026-08-14 03:18:29",1212.2,2,ydnamlin
3078,16709824,pizzahut,"2026-09-12 18:24:15",1212.1,2,csalazoltntams
3079,16736138,Anand,"2026-08-21 06:00:12",1211.4,2,gazzal
3080,16739363,kulukkuluu,"2026-09-13 17:37:42",1211.3,2,kulukkuluu
3081,16729273,"Munib Ur Rehman Memon","2026-08-24 20:48:08",1211.3,2,muniburrehmanmemon
3082,16805870,"Ngo Trung","2026-09-12 17:12:53",1210.3,2,trungngotdt
3083,16769769,"Artur Shafiev","2026-08-29 05:29:31",1210.0,2,arturshafiev
3084,16774237,"Dennis SH Lai","2026-08-30 17:21:31",1208.5,2,dshihlai
3085,16743216,xerkey,"2026-09-08 13:52:41",1208.4,2,xerkey
3086,16715244,uri_kkyhr,"2026-08-15 04:53:37",1208.4,2,urikkyhr
3087,16743904,minamoto,"2026-08-25 16:53:16",1207.9,2,usermina
3088,16753831,zhangjiaweii,"2026-09-04 07:26:21",1207.7,2,zhangjiaweii
3089,16665543,"Charan Manthena","2026-09-06 08:59:20",1207.6,2,charanmanthena
3090,16665927,"bhavya shah","2026-08-17 11:06:22",1206.5,2,bhavyashah007
3091,16778417,"TANG BUDU 19SD195","2026-09-06 21:01:57",1206.4,2,tangbudu19sd195
3092,16685342,"Kanth Da","2026-09-09 14:24:45",1205.9,2,"kanthda,riteeshreddybysani"
3093,16683193,Paami,"2026-08-24 01:21:00",1205.9,2,coldpaami
3094,16661362,BEETRiX🦋,"2026-08-11 14:42:28",1205.8,2,johannaleighdeley
3095,16732104,sizumita,"2026-09-12 01:21:14",1205.8,2,sizumita
3096,16622937,"Sheep 🐑","2026-09-13 15:27:47",1205.6,2,kabilrh
3097,16722319,"༺ANIS YT༻","2026-08-19 13:08:47",1205.6,2,anisyt
3098,16623368,"Evgeniy Veselkov","2026-08-18 05:26:04",1205.2,2,evgeniyveselkov
3099,16698576,monnu,"2026-08-19 05:55:01",1204.5,1,fuumin621
3100,16623515,fishcat,"2026-08-26 01:20:04",1204.3,2,fishcat37
3101,16621741,"Andrey Naymushin","2026-08-24 09:46:41",1204.1,2,andrewsokolovsky
3102,16726281,rperez04,"2026-08-22 23:15:13",1203.8,2,rperez04
3103,16725403,tabetai28,"2026-08-18 14:38:57",1203.7,2,taichiabewaseda
3104,16725342,little_d1d1,"2026-08-16 04:24:39",1203.6,2,littled1d1
3105,16654021,"Swachhith B","2026-08-24 08:40:04",1202.8,2,swachhithb
3106,16692639,"Bharat Kumar0925","2026-09-04 19:52:25",1202.3,2,bharatkumar0925
3107,16692923,"Pavel Kazlou","2026-09-13 21:29:54",1201.7,2,paulik
3108,16659942,"Abdoulaye DIAW","2026-08-21 09:57:06",1201.4,2,abdoulayediaw25
3109,16632262,Milkomeda,"2026-08-19 13:45:02",1200.9,2,milkomeda74583
3110,16633222,maxingkong733,"2026-08-18 23:32:58",1200.9,2,maxingkong733
3111,16632777,"Alexandrine Cakpo","2026-08-20 10:20:22",1200.9,2,alexandrinecakpo
3112,16712185,"Vishal Khomane","2026-09-02 15:32:38",1200.7,2,vishal567
3113,16643125,"CARLOS CAADA ROSTRO","2026-08-21 19:23:34",1200.5,2,carloscaadarostro
3114,16779275,XuetingWang,"2026-09-01 08:50:53",1200.3,2,snoopy262
3115,16870452,SakuraSSS,"2026-09-13 20:15:53",1198.9,2,sakurasss
3116,16753925,"Tyler Durden","2026-09-04 21:09:41",1198.5,2,jeedimetlacharan213
3117,16658931,"somewhere after","2026-08-19 08:16:29",1198.4,2,amaterasuuuuu
3118,16732685,Tanmay,"2026-08-23 18:16:07",1198.3,2,blankkz
3119,16708624,"Aboubacar HEMA","2026-08-19 14:24:02",1198.0,2,"aboubacarhema,marcmare,wilfredkouadjo"
3120,16692272,Ddere008,"2026-08-21 18:43:56",1197.9,2,ddere008
3121,16882868,"Yash Mohan","2026-09-12 20:42:05",1197.3,1,yashm917
3122,16664128,"Michael Todd Overdorf","2026-08-17 00:32:51",1197.2,2,michaeltoddoverdorf
3123,16660268,"Sébastien Mametz (Pixs)","2026-08-14 09:08:39",1197.0,2,sbastienmametzpixs
3124,16721070,LiuChen1350,"2026-08-26 05:30:30",1197.0,2,liuchen1350
3125,16743016,"MD Zeeshan","2026-08-20 18:13:32",1196.9,2,makrovh
3126,16719414,SahilKumarTolani,"2026-09-10 16:16:07",1196.7,2,sahilkumartolani
3127,16663445,"ali dzaki","2026-09-13 14:59:25",1196.6,2,alidzaki
3128,16728914,d0gied,"2026-08-17 15:12:08",1196.4,2,d0gied
3129,16637329,Rucbic,"2026-08-19 17:32:21",1196.2,2,rucbic
3130,16825340,xiaoBOSS97,"2026-09-13 13:53:13",1196.0,2,xiaoboss97
3131,16713267,"yq l68135","2026-08-21 21:35:52",1195.9,2,yql68135
3132,16665214,Epiphany_Thu,"2026-08-21 12:06:53",1195.5,2,epiphanythu
3133,16839557,Superspork,"2026-09-08 03:25:46",1195.2,1,superspork
3134,16651672,"Xiaolei Lian","2026-08-19 03:18:04",1195.0,2,xiaoleilian
3135,16750457,"Adrian Ricardo da Silva","2026-08-25 11:21:43",1194.8,2,adrianricardodasilva
3136,16738657,Mactorr,"2026-09-02 22:44:15",1194.6,2,mactorr
3137,16675807,cubreto,"2026-08-26 15:00:34",1194.4,2,cubreto
3138,16725947,SamarthRawat18,"2026-09-13 09:56:16",1194.4,2,samarthrawat18
3139,16662051,"Salem Ali","2026-08-26 07:57:33",1193.6,2,salemali7
3140,16742048,SuperGiantLam,"2026-08-25 02:08:17",1193.3,2,zptpsz
3141,16682032,"Satkar sarvankar","2026-08-27 07:19:02",1193.2,2,satkar003
3142,16770884,VegetabledogNeo,"2026-08-31 01:23:25",1192.5,2,vegetabledogneo
3143,16666054,Ani,"2026-09-04 21:33:20",1191.8,2,anirudhk333
3144,16653379,"Asakawa Ruriko","2026-08-30 00:31:08",1191.2,2,asakawaruriko
3145,16646679,tong00,"2026-08-17 12:02:11",1191.2,2,tong00
3146,16746112,"Jonathan Martschinke","2026-08-24 08:52:51",1191.1,2,jonathanmartschinke
3147,16674447,"Nathan Thor","2026-09-13 00:14:12",1190.7,2,devofpie
3148,16724452,Jay,"2026-08-20 00:34:34",1190.7,2,jayshimada
3149,16725346,sokoranohimazin,"2026-08-18 19:39:07",1190.4,2,sokoranohimazin
3150,16744127,Faiz,"2026-08-21 20:33:33",1190.0,2,souraditya26
3151,16680065,Vishodhan,"2026-08-14 23:46:15",1190.0,2,vishodhan
3152,16841536,"Berkay Hasret","2026-09-07 00:29:45",1189.9,2,berkayhasret
3153,16651939,"Yogesh Jadhav","2026-08-24 05:50:52",1189.2,2,dynamo14324
3154,16638375,"Tran H Hoang","2026-08-14 17:01:27",1189.0,2,tranhhoang
3155,16771277,zhaowenyi7,"2026-08-31 09:18:04",1188.9,2,zhaowenyi7
3156,16635668,"Mirza Yasir Abdullah Baig","2026-08-21 14:13:17",1188.7,2,myab07
3157,16714498,Zubekanov,"2026-08-18 01:14:49",1188.5,2,zubekanov
3158,16630839,steubk,"2026-08-21 21:55:39",1188.2,2,steubk
3159,16732654,Goated_Farmers,"2026-08-23 17:09:50",1187.8,2,"mugundhjb,srinathduvvuri"
3160,16698930,MrKiwi,"2026-08-19 09:34:31",1187.2,2,mrkiwi
3161,16661784,"XU XUXIANG","2026-08-27 12:57:06",1187.1,2,"mikeaaaa14,xuxuxiang"
3162,16634172,"Mario Cicala","2026-09-05 03:06:37",1186.8,2,mariocicala
3163,16730688,zy,"2026-08-27 07:25:40",1186.8,2,justforwin
3164,16715506,"Moo Point","2026-08-17 21:44:26",1186.3,2,"gnarlycow,tianmeiwang"
3165,16736685,kentaro_kato,"2026-09-12 13:34:11",1185.9,2,kentarokato
3166,16639250,"Hamed Seyed-allaei","2026-08-21 19:11:09",1185.8,2,pinocchio
3167,16727191,"Alexander Kokshenin","2026-08-20 02:08:15",1185.8,2,kokshenin
3168,16727842,"Iadh Jarray","2026-08-17 13:45:11",1185.6,2,iadhjarray
3169,16701362,"Papa Annan","2026-08-20 21:26:39",1185.3,2,papaannan
3170,16709214,"Ariel Suntasig","2026-08-17 19:46:09",1185.2,2,arielsuntasig2001
3171,16623646,"Minal kharat123","2026-09-09 02:01:29",1184.9,2,minalkharat123
3172,16730462,"Xiang Tang","2026-08-28 15:11:51",1184.3,2,flyonthewater
3173,16665352,"Paul Nassiri","2026-08-22 20:15:33",1184.1,2,laszlolevray
3174,16728708,"Rishi Jain","2026-08-18 07:27:14",1183.7,2,rishijain07
3175,16674684,next-best-agent,"2026-08-17 15:28:53",1183.7,2,"minhduy13ly,tdtu981"
3176,16738278,yansf677,"2026-09-01 12:24:29",1183.6,2,yansf677
3177,16854250,"Jenil Emp","2026-09-11 09:48:46",1183.6,2,jenilemp
3178,16739488,Restodecoca,"2026-08-19 16:42:34",1183.3,2,restodecoca
3179,16675486,"SALAH ELDIN ELNABARAWY","2026-08-18 21:17:22",1183.3,2,salaheldinelnabarawy
3180,16658474,huyimin517517,"2026-09-03 07:39:29",1182.0,2,"huyimin517517,touyouzhaji,wumingshi2006,zxinzzzz"
3181,16635317,"KAKA Minishijie","2026-08-26 04:36:55",1181.4,2,kakaminishijie
3182,16721079,"six seven swag","2026-08-23 09:08:28",1181.2,2,polinababiichuk
3183,16730634,Priestess,"2026-08-21 14:10:31",1181.1,2,kalypheus
3184,16743124,"Leo's Demiurge","2026-09-08 15:06:04",1181.0,2,jelurge
3185,16691946,"Hassan Algizani","2026-08-13 20:20:09",1180.6,2,hassanalgizani
3186,16733576,"Ojas Aklecha","2026-08-17 18:34:02",1180.6,2,ojasaklecha
3187,16735582,"Tumaini Makena","2026-08-18 06:01:09",1180.5,1,tumainimakena
3188,16729054,"Shantanu Kesarkar","2026-08-27 05:50:23",1180.2,2,shantanukesarkar
3189,16729640,"Наталья Скляр","2026-08-21 18:11:07",1180.2,2,natsklyar
3190,16728901,dqvide,"2026-08-17 19:53:39",1180.2,2,dqvide
3191,16724584,"Jinx JK","2026-08-18 09:08:26",1179.7,2,jinxjk
3192,16690970,"Raoul Biagioni","2026-08-22 06:37:40",1179.6,2,raoulbiagioni
3193,16655195,Pirhosseinlou,"2026-08-24 18:17:43",1179.0,2,pirhosseinlou
3194,16656394,"Pushkar K.G","2026-08-18 09:29:08",1178.8,2,dejokz
3195,16724353,PrathamGupta,"2026-08-17 02:04:38",1178.7,2,prathamguptaaaaaaa
3196,16658983,"Titi Huang","2026-09-13 08:28:29",1178.3,2,titihuang
3197,16634166,Yuki.O,"2026-08-19 01:38:42",1177.8,2,yukiohkawa
3198,16668700,"Pranshu Ghori","2026-08-17 22:02:35",1177.8,2,pranshughori
3199,16655877,"Harish K","2026-08-25 19:09:49",1177.7,2,harishk2209
3200,16675503,"Jeff Marc E. Cadet","2026-08-30 17:56:07",1177.3,2,jeffmarcecadet
3201,16700068,"My Little Pony","2026-08-17 13:41:17",1177.3,1,"buxiangzaoqi66,juliezhang131,yaoyilv"
3202,16654548,DataSluts,"2026-08-28 07:00:12",1177.2,2,"rahulmedida,siddarthnayak50,sivasu07"
3203,16719002,eus,"2026-09-04 15:40:34",1177.1,2,eusdotdev
3204,16759625,gkg223,"2026-09-03 19:17:02",1177.0,2,gkg223
3205,16673234,MACvengers,"2026-08-19 16:34:04",1176.8,2,"astrojaswanthkumar,ikpikp"
3206,16741131,"Adarsh Balanolla","2026-08-23 19:09:08",1176.3,2,adarshreddyb
3207,16685160,Yura,"2026-08-17 07:27:50",1176.1,2,yuratrubitsyn
3208,16641893,"Kashyapsinh gohil","2026-08-15 16:10:05",1176.1,2,kashyapsinhgohil
3209,16622531,"musya lyusya team","2026-08-19 11:22:46",1176.0,2,vswz2nqp
3210,16743790,"yuji y","2026-08-28 10:53:06",1176.0,2,yujiyyy
3211,16662940,"The Coder Geek Squad Leader","2026-08-17 09:23:58",1175.9,2,soulemaneisissifou
3212,16675161,iVl44d,"2026-08-19 22:50:26",1175.9,2,ivl44d
3213,16623470,rurumi,"2026-09-02 05:21:15",1175.8,2,rurururumi
3214,16653129,"Prashanth Reddy Biyyani","2026-08-20 13:53:37",1175.6,2,"prashanthbiyyani,shivagurrala,sumu1526"
3215,16632164,"Tim Shini","2026-08-30 18:04:29",1175.5,2,timshini
3216,16790548,"Francesco Del Sesto","2026-08-31 10:47:27",1175.3,2,francescodelsesto
3217,16701868,AJ,"2026-09-09 20:53:34",1175.3,2,abduljabbarcalica
3218,16644303,"kevin zhou","2026-08-20 04:00:36",1175.3,2,kevinzhou66
3219,16724351,"Luxshan Thavarasa","2026-08-24 09:58:38",1175.1,2,luxluxshan
3220,16723096,Shabuuu,"2026-09-11 18:32:15",1175.0,2,shabuuu
3221,16715579,Uvais,"2026-08-24 00:58:56",1174.8,2,joshuaedwinjacobv24f
3222,16655368,"Mohammed Maqsood L","2026-08-19 10:40:17",1174.4,2,mohammedmaqsoodl
3223,16821267,1417,"2026-09-11 13:14:32",1174.3,2,"dongyuhao,liuyihang026,yejialin"
3224,16661352,"Porch Goose","2026-08-21 02:52:24",1174.0,2,jaclyndeem
3225,16632476,"Назар Коваль","2026-09-10 09:02:44",1173.9,2,miickey
3226,16621219,"Inna Campo","2026-08-15 09:08:23",1173.8,2,innacampo
3227,16716991,XristosFilip,"2026-08-18 16:43:34",1173.6,2,xristosfilip
3228,16756557,"Marius Heuser","2026-08-24 21:41:31",1173.6,2,mariusheuser
3229,16726064,"sana slama","2026-08-15 17:01:13",1173.1,1,sanaslamamm
3230,16734492,Orynx,"2026-08-19 08:01:33",1172.5,2,"inderj1,jayveersingh6"
3231,16738895,SangGold,"2026-09-13 09:18:56",1172.2,2,sanggold
3232,16712459,松原琉喜,"2026-08-14 14:54:47",1171.9,2,ryuki12kyo
3233,16841647,patitod,"2026-09-06 01:22:09",1171.7,2,anasofaescobar
3234,16724947,teacherli0,"2026-08-16 03:09:09",1171.4,2,teacherli0
3235,16733297,sohasoha42,"2026-08-18 17:50:51",1171.2,2,sohasoha42
3236,16726660,"Prime Leo","2026-08-23 14:21:53",1170.3,2,primeleo
3237,16709295,"Isaac Owomugisha","2026-08-20 16:22:52",1169.1,2,cmplxxyttmt
3238,16621163,john,"2026-08-16 14:06:25",1168.6,2,jaejohn
3239,16670791,Hugelidus,"2026-08-25 03:43:18",1168.5,2,hugelidus
3240,16656399,CROW,"2026-08-14 04:59:30",1168.3,2,"aaayangxh,hanifnoerrofiq"
3241,16721383,"Emon xu","2026-08-21 16:14:05",1168.1,2,emon0xuyym
3242,16722112,nyori,"2026-08-18 10:35:38",1167.7,2,nyoriworks
3243,16710389,GuerillaMoon,"2026-08-19 22:33:46",1167.5,2,guerillamoon
3244,16715319,ocha_heaven,"2026-08-19 13:10:14",1167.4,2,ochaheaven
3245,16699586,"Linda Liu","2026-09-09 08:55:39",1167.2,2,lpoint
3246,16666939,20237208_黄奕恺,"2026-08-22 12:53:27",1167.0,2,mrhuangyy
3247,16636094,Hax2456,"2026-08-15 10:05:01",1166.1,2,hax2456
3248,16694710,ponsuk,"2026-08-17 19:01:09",1165.8,2,ponsuk
3249,16727379,"Nicholas Chua","2026-08-20 16:28:44",1165.8,2,nickckb
3250,16693934,evnchn,"2026-08-23 15:41:50",1165.6,2,evnchn
3251,16644877,lu_fish,"2026-08-16 14:13:53",1165.5,2,thefish114514
3252,16725996,MatheusPSorancoDeCarvalho,"2026-08-17 22:12:37",1165.3,2,matheussoranco
3253,16744043,Take,"2026-08-23 14:17:27",1165.3,2,takeuchidaisuke2001
3254,16741516,"Anh Tu","2026-08-28 05:10:34",1165.0,2,natcs98
3255,16687068,digiliwigili,"2026-08-22 12:49:07",1165.0,2,kukchyievervin
3256,16628875,TakahiroHon,"2026-09-13 06:12:29",1164.6,2,takahirohon
3257,16639732,"Junbeom Lee23","2026-08-15 02:45:23",1164.4,2,junbeomlee23
3258,16632006,"Adwait Tagalpallewar","2026-08-16 08:44:12",1164.3,2,adwaittagalpallewar
3259,16698884,VVVoyager,"2026-08-14 03:55:10",1164.1,2,"haoxuanshan,hengnui"
3260,16744355,"Sameera T","2026-08-22 10:13:47",1164.0,2,sameeramaq
3261,16667324,"Muhammed selim Bilic","2026-08-26 17:02:17",1163.2,2,muhammedselimbilic
3262,16708185,XiaoYan12,"2026-09-13 17:57:28",1163.2,2,xiaoyan12
3263,16628664,"Anton Tikhonov","2026-08-17 16:05:18",1163.0,2,itwastony
3264,16678172,"Eishkaran Singh","2026-08-19 19:12:02",1162.8,2,eishkaran
3265,16679560,LEET,"2026-08-15 00:45:52",1162.6,2,soufianelasfar
3266,16656584,Spintronic,"2026-08-19 15:24:17",1162.2,2,spintronic
3267,16677945,"Quân Trần","2026-08-25 06:43:39",1162.1,2,wuntrn
3268,16661509,JSON_Voorhees,"2026-09-03 00:14:35",1162.0,2,michaelgreenhut
3269,16721453,"Random Mambo","2026-09-01 09:41:19",1161.9,2,beaten67
3270,16677577,"Harsha Vardhan Konisa","2026-09-13 17:33:53",1161.9,2,harshavardhankonisa
3271,16667734,SuroRitch,"2026-08-15 16:23:52",1161.8,2,suroritch
3272,16719262,sadjeen00,"2026-08-14 02:15:50",1161.1,1,sadjeen00
3273,16710128,"KeHao Liu","2026-08-14 01:52:29",1160.7,2,kehaoliu
3274,16779007,"Teoh jia sheng","2026-09-12 15:05:22",1160.6,2,"nathanael19,teohjiasheng"
3275,16659614,"Heikki Leskelä","2026-08-22 16:35:42",1160.4,2,heikkileskela
3276,16621355,Raiden.B,"2026-09-12 07:07:59",1160.4,2,raidenb
3277,16712535,"Benjamin Beaujard","2026-08-18 11:03:03",1160.2,2,benjaminbeaujard
3278,16655501,Savko,"2026-08-21 00:33:21",1160.0,2,savchenko
3279,16623370,kenmatsu4,"2026-08-14 09:03:08",1159.9,2,kenmatsu4
3280,16663240,"Rilen T. L.","2026-08-18 13:45:46",1159.7,2,"jairosilvabastos,rilentl"
3281,16691976,"Harini Panigrahi","2026-08-14 16:57:32",1159.7,1,harinipanigrahi
3282,16729765,"Caio Ruiz","2026-09-13 21:26:55",1159.6,2,chvruiz
3283,16732381,Raphdraft,"2026-09-03 01:11:34",1159.3,2,raphdraft
3284,16691987,0xalgos,"2026-08-17 09:35:28",1159.1,2,anandvashishtha5362
3285,16654841,"ABHIRUP DAS","2026-08-28 04:51:44",1158.7,2,abhirupdas10
3286,16623152,"agentic warriors","2026-08-21 08:59:44",1158.1,2,"ibadia,isabellawoo01"
3287,16726071,"PDF ULTRA","2026-08-20 19:36:33",1158.1,2,"alengevorgyan,gab0yan"
3288,16678872,ibrahim,"2026-08-17 19:30:32",1157.9,2,skyfish77
3289,16664120,SaiDuttaAbhishekDash,"2026-08-21 20:30:01",1157.8,2,saiduttaabhishekdash
3290,16724060,"Mạnh Linh Hoàng","2026-08-15 15:54:52",1157.6,2,manhlinh1501
3291,16739298,"ricardo assaad","2026-08-18 19:03:22",1157.1,2,ricardoassaad
3292,16697922,TingyuanLi277,"2026-08-21 03:39:03",1157.0,2,tingyuanli277
3293,16670118,"Álvaro Benítez","2026-08-29 15:46:04",1157.0,2,lvarobentezlvarez
3294,16722818,"Mukesh R","2026-08-16 13:07:44",1156.5,2,mukeshr06
3295,16697936,"Sami Cakiral","2026-08-15 19:43:40",1156.1,2,samicakiral
3296,16690612,"Mina Gayid","2026-08-16 12:59:16",1156.1,2,minagayid
3297,16727090,"Deep Blue Pasture","2026-08-17 02:28:34",1155.9,2,shamanah
3298,16663590,"Jakub Dolének","2026-08-13 13:08:32",1155.8,2,dolenek
3299,16664762,"John Marinton","2026-09-09 06:09:18",1155.7,2,marintonjohn
3300,16625241,"Mutoy Choi","2026-09-01 07:42:20",1155.4,2,mutoy1
3301,16750344,Vaasu0501,"2026-08-28 16:49:39",1155.0,2,vaasu0501
3302,16622367,mg,"2026-08-23 17:49:21",1154.8,2,"egorkashpar,sashaboriskin,smooky"
3303,16651833,"Hồ Khánh Duy","2026-08-14 17:52:23",1154.3,2,hkhnhduy
3304,16729372,"Gaspard Plt","2026-08-17 21:58:55",1153.8,2,gaspardplt
3305,16713743,oliver,"2026-09-10 18:03:43",1153.4,2,ollibolli
3306,16623445,"Hasin Raihan Dhrubo","2026-08-16 09:28:12",1153.4,1,hasinraihandhrubo
3307,16682471,Soumya2003,"2026-08-25 17:58:29",1153.0,2,soumya2003uyvv755
3308,16719100,"Abhiraj Singh","2026-08-14 12:02:33",1153.0,2,cyberdrago
3309,16680967,Tyooughtul,"2026-08-16 00:58:06",1153.0,2,yooughtul
3310,16699772,MrAnalyst,"2026-09-05 10:43:49",1152.6,2,mranalyst
3311,16649313,"Jiajun HAN","2026-08-14 07:13:57",1152.2,2,jiajun1
3312,16678346,"Farhan Abid","2026-08-16 08:41:15",1152.1,2,farhanabidtech786
3313,16622242,"Robert Koval","2026-08-15 07:02:17",1151.8,2,robertkoval
3314,16672530,GUGUGAGA,"2026-08-14 04:33:54",1151.7,2,"ruiyangzhang23,taoguo079"
3315,16701897,"Alejandro Lavandeira Casais","2026-08-14 12:56:12",1151.7,2,alejandrolavandeira
3316,16666057,StopPlantingStartGameTheorying,"2026-09-08 07:53:27",1151.5,2,mymelodyenjoyer
3317,16731432,sieradni,"2026-09-01 06:12:00",1151.3,2,sieradni
3318,16694091,"Nan Leng","2026-08-23 07:41:41",1150.9,2,nleng66ca
3319,16718572,MLarpers,"2026-08-22 14:06:48",1150.7,2,"koteikachannel,mrhornetik"
3320,16759652,Fnoa,"2026-08-23 12:26:39",1150.4,2,trasibulo
3321,16713155,AdarshAleti,"2026-08-18 05:39:57",1149.6,2,adarsh1077
3322,16702547,Dean0016,"2026-08-13 17:56:10",1149.2,2,dean0016
3323,16770785,Brahim,"2026-09-08 09:20:24",1149.2,2,brahimdriss
3324,16723941,teraSurfer40141,"2026-08-16 01:16:49",1149.2,2,r00tt00r
3325,16722986,"Abhiram 9803","2026-08-15 18:43:09",1149.1,2,abhiram9803
3326,16671694,evananann,"2026-08-19 07:46:36",1148.4,2,evananann
3327,16699745,"Norbert Szolnoki","2026-08-18 11:39:55",1147.9,2,norbertszolnoki
3328,16698214,Juandix,"2026-08-18 03:35:51",1147.6,2,juandix
3329,16695615,Celinao,"2026-08-14 08:02:47",1147.4,2,celinao
3330,16705907,Adrià,"2026-09-11 10:14:39",1147.4,2,adriamb3
3331,16697458,"Lissandra Kruse Fuganti","2026-09-01 15:19:00",1146.8,2,lissandrakruse
3332,16634238,SoWwe,"2026-08-29 18:17:46",1146.1,2,sowwe4
3333,16665336,"maoyuan ma","2026-08-18 11:41:09",1146.1,2,maoyuanma
3334,16760295,"Luke Hurt","2026-08-24 01:03:42",1146.0,2,lukehurt
3335,16672003,carlscamt,"2026-08-14 17:19:42",1145.9,2,carlscamt
3336,16661622,"Ergin Akın","2026-08-20 16:45:19",1145.0,2,erginakin
3337,16713178,Funno,"2026-08-19 17:32:54",1145.0,2,yes711
3338,16708226,asi1024,"2026-08-16 13:14:53",1144.3,2,asi1024
3339,16710094,winwinwin,"2026-09-03 13:22:51",1143.8,2,"ouyangruize,teecemackenieo"
3340,16621683,Shivangoudaa,"2026-08-26 11:45:55",1143.0,2,ishivapatil
3341,16726232,"sayed rafi","2026-08-18 21:13:00",1143.0,2,sayedrafi
3342,16651402,"Mille Initiate","2026-08-31 04:04:11",1142.3,2,milleinitiate
3343,16838362,"Yixuan Yang","2026-09-11 02:20:06",1142.2,2,easoney
3344,16664164,"Elzandi Irfan Zikra","2026-08-15 15:53:21",1142.1,2,"dyahayuretnoningsih2,zangetsufuin"
3345,16683865,Shin7jp,"2026-08-14 09:51:13",1142.0,2,shin7jp
3346,16722120,nekoha,"2026-08-15 15:01:16",1141.9,2,nekoha
3347,16724262,"Obu obu","2026-08-15 10:48:05",1141.4,2,obuobu
3348,16683488,"Ripudaman Parmar","2026-08-23 12:06:07",1140.8,2,"ktkgpt,ripudamanparmar"
3349,16663818,"Mike Mordetsky","2026-08-18 11:49:58",1139.9,2,mikemordetsky
3350,16735075,"Ronchen Luo","2026-08-18 04:29:47",1139.9,2,ronchenluo
3351,16732945,"Aru Ohta","2026-09-13 18:14:18",1139.6,2,aruohta
3352,16696607,"Manish modak","2026-08-16 07:37:54",1139.4,2,manishmodak
3353,16718745,"Vishwamitra Mishra","2026-09-02 00:23:18",1139.2,2,vishwa007
3354,16748421,lulzx,"2026-08-20 17:52:11",1139.1,2,lulzxy
3355,16841344,"Abdoul Ahad Diop","2026-09-10 20:22:54",1138.7,2,abdoulahaddiop
3356,16707598,Kamazarashi,"2026-08-18 05:40:15",1138.0,2,kamazarashi
3357,16668069,jackhsia,"2026-08-23 15:56:13",1137.9,2,jackhsia
3358,16729488,"Bala vighnesh Reddy","2026-09-08 07:38:03",1137.9,2,balavighneshreddy
3359,16644145,"Mehdi Azouz","2026-09-07 11:22:07",1137.7,2,mehdiazouz
3360,16781170,"Ulugbek Salohiddinov","2026-08-28 02:38:15",1136.8,2,ulugbeksalohiddinov
3361,16659763,clarkzhang1031,"2026-08-13 12:27:10",1136.1,2,"clarkzhang1031,huafeihuang"
3362,16691830,"Nikita Lugovoy","2026-08-15 03:39:17",1135.9,2,nikital7
3363,16669897,"Tahsan Ferdous","2026-08-14 19:30:09",1135.9,2,tahsanferdous
3364,16676904,researchstudio.site,"2026-09-11 12:05:08",1135.3,2,fistyee
3365,16656519,"Chris Laska","2026-08-25 19:45:39",1135.2,2,chrislaska
3366,16685850,K,"2026-08-14 06:37:41",1134.5,2,kolci017
3367,16683813,WangQrkkk,"2026-08-17 06:54:07",1134.4,2,wangqrkkk
3368,16727019,uitsnf,"2026-08-23 15:45:22",1134.2,2,uitsnf
3369,16682306,岸本湧士郎,"2026-08-31 01:59:46",1133.4,2,yushiro20021111
3370,16709529,alhlbx5,"2026-09-03 22:48:54",1133.4,2,alhlbx5
3371,16660233,ko9ma,"2026-09-08 08:42:33",1132.9,2,kohojung
3372,16653890,YUKRUB,"2026-09-11 08:55:14",1132.5,2,yukrub
3373,16695093,"Ryota Murai","2026-08-27 15:28:04",1132.3,2,rmuraix
3374,16696208,"kazwzn S","2026-09-12 14:03:22",1131.3,2,kazwzns
3375,16717792,han10086,"2026-08-13 15:05:21",1131.1,2,han10086
3376,16687596,AjPrem,"2026-08-21 02:37:39",1130.6,2,"ajprem,jefferysingh,neelcasula"
3377,16724109,"small fry in the underworld","2026-09-11 05:51:16",1130.1,2,wwwwhitley
3378,16721947,groots,"2026-08-16 06:32:40",1129.9,2,muhammadismail433
3379,16856021,PSI,"2026-09-08 19:26:40",1129.9,1,vinayak121
3380,16694138,Alex,"2026-09-01 18:56:13",1129.5,2,alex789
3381,16716698,gisgisgis,"2026-08-15 05:35:47",1129.1,2,gisgisgis
3382,16705499,byncpy,"2026-08-17 17:18:47",1129.0,1,jinliangbi
3383,16695695,"Siva Kumar","2026-09-13 16:53:08",1128.8,2,sivapnlr80
3384,16729828,spunkrock,"2026-08-16 20:08:06",1128.6,1,spunkrock
3385,16710141,htatsumi,"2026-08-15 01:07:11",1128.4,1,tatsumihasebe
3386,16703300,"Fahd EL ANSARI","2026-08-15 23:47:17",1128.1,2,fahdelansari
3387,16672199,Vachan,"2026-08-20 07:33:48",1127.9,2,vachanpadival
3388,16658150,Gravity-x73d,"2026-08-17 09:16:29",1127.1,2,gravityx73d
3389,16719006,bouiboui,"2026-08-20 18:55:02",1127.0,2,bouiboui
3390,16842806,"Yan Tao Tang","2026-09-07 10:41:41",1126.2,2,yantaotang
3391,16697689,"Pavel Pakhmutov","2026-08-12 23:11:23",1125.9,2,pavelpakhmutov
3392,16659123,sd,"2026-08-18 17:46:56",1125.3,2,siddharthadevkota
3393,16802892,YUYA,"2026-09-06 08:34:05",1124.9,2,yuyaizumikawa
3394,16657803,"Arya Mazloomi","2026-08-14 00:17:11",1124.6,2,aryamazloomi
3395,16713127,Felis,"2026-08-25 20:07:16",1124.3,2,ilyaafanasenko
3396,16715628,Dian,"2026-08-17 01:57:33",1123.9,2,clas233
3397,16675088,"Andrei Chulkov","2026-08-15 19:43:12",1123.9,2,andreichulkov
3398,16679443,albu,"2026-08-15 19:22:12",1123.9,2,albuslaev
3399,16665125,"David Schindler15","2026-08-14 04:58:39",1123.8,2,"davidschindler15,mz3207"
3400,16770648,"Yoshitaka Nozaki","2026-08-26 00:38:06",1123.6,1,yoshitakanozaki
3401,16719238,"Rômulo Siqueira","2026-08-20 00:15:16",1123.5,2,romulosiqueira
3402,16682557,"Soumalya Mandal","2026-08-14 14:57:29",1123.2,2,mrcyberhunter
3403,16690113,m0chi1216,"2026-08-16 15:07:24",1122.5,2,m0chi1216
3404,16674479,"Alan Rosston","2026-08-14 08:20:49",1122.0,2,alanrosston
3405,16674683,"Ali Esam","2026-09-11 17:00:03",1121.4,2,zyxsu0
3406,16771780,Trichoderma,"2026-09-06 04:58:38",1121.0,2,brunoescalhao
3407,16715024,"Ömer Özbek","2026-08-22 13:50:34",1121.0,2,omerozb
3408,16714902,HunterBlue,"2026-08-13 18:54:47",1120.5,2,marianacodebase
3409,16770282,colt,"2026-08-25 09:55:29",1120.5,1,xiaomaguo
3410,16718947,"Dani Ortega","2026-08-25 07:07:35",1120.2,2,daniortega99
3411,16756415,"Mihai Balan","2026-08-31 06:39:25",1119.8,2,mihaibalan
3412,16807038,mitsuki,"2026-09-12 01:22:28",1119.6,2,mk00000
3413,16737561,"Raj Aryan Singh","2026-08-18 11:50:54",1119.5,2,kratos14raj
3414,16886357,"Sun Jaden","2026-09-13 21:34:56",1119.5,2,sunjaden
3415,16658081,ando,"2026-08-20 01:52:23",1119.0,2,andoshunsuke
3416,16720088,"Oiti Roy","2026-08-14 06:26:04",1118.7,1,oitiroy
3417,16634691,bot-farmer,"2026-08-19 06:16:19",1118.1,2,shauryam25
3418,16630315,janson,"2026-08-19 10:54:37",1117.6,2,johnjanson
3419,16664860,ANUJPUROHIT18,"2026-09-01 05:03:07",1117.5,2,anujpurohit05
3420,16633096,anvai_agents,"2026-08-20 05:50:45",1116.8,2,"anandgaikwad7781,vaidehidhamnikar"
3421,16628295,qwertykeypadapple,"2026-08-13 19:05:04",1116.8,2,qwertykeypadapple
3422,16722902,"Grigorii IU","2026-08-22 01:54:09",1115.6,2,grigorii220
3423,16728272,"Daris Dzakwan Hoesien","2026-08-16 10:48:22",1115.5,1,darisdzakwanhoesien2
3424,16714162,MarvinTMB,"2026-09-05 04:09:32",1114.8,2,marvintmb
3425,16651623,"Sarvesh Talele","2026-08-28 05:18:58",1114.8,2,sarveshtalele
3426,16697223,"Azizii Gill","2026-09-09 21:27:12",1114.7,2,aziziigill
3427,16740320,NguyenAn27,"2026-08-20 00:46:32",1114.6,2,nguyenan27
3428,16745294,"Ahmed Ehab Fathi","2026-09-05 01:27:13",1114.4,2,ahmedehabfathi
3429,16724795,yangqi1234,"2026-08-23 08:26:23",1114.2,2,yangqi1234
3430,16667787,"Daryl Brach","2026-08-17 09:41:51",1113.5,2,dbrach
3431,16710587,durgasai,"2026-09-01 13:14:36",1113.5,2,dsainvg
3432,16723132,Bridgeport,"2026-08-21 20:25:32",1113.5,2,bridgeport
3433,16668370,"Matthew Labrador","2026-09-13 15:22:42",1113.4,2,m4tyuuu
3434,16697139,Stocks152,"2026-09-13 05:42:20",1113.1,2,stocks152
3435,16763978,"Swayam Gode","2026-09-07 16:15:33",1112.9,2,swayamgode2
3436,16759813,tyf_scu,"2026-08-23 17:11:18",1112.9,2,tyfscu
3437,16622251,"Moroz Roman","2026-08-20 06:22:05",1112.6,2,crissyro
3438,16658777,"Jiarui (Jerry) Cao","2026-08-15 03:44:07",1112.5,2,jiaruicao7
3439,16696983,"JKM Ventures","2026-08-17 22:58:03",1112.5,2,jeffreydrew
3440,16785505,"Rishiraj Acharya","2026-09-08 04:26:42",1112.1,2,rishirajacharya
3441,16656931,pns,"2026-08-15 09:45:46",1111.9,2,"nikhilkasyap07,premsivasai,saranboddu"
3442,16654697,KawattaTaido,"2026-09-07 00:20:59",1111.7,2,kawattataido
3443,16729421,Oblivix,"2026-09-02 04:16:25",1110.6,2,"aradhyatiwariii,oblivix"
3444,16728723,"Ronith Rashmikara","2026-08-18 03:28:52",1110.4,2,ronithrr
3445,16750477,"Tapabrata Biswas","2026-08-25 13:11:13",1109.9,2,"dumbakaash,ishanhira"
3446,16671424,cicen1139,"2026-08-22 09:37:51",1109.4,2,cicen1139
3447,16705176,"Ruslan Raupov","2026-08-20 09:10:24",1108.7,2,ruslanraupoff
3448,16691524,"Martim Nascimento","2026-09-05 15:54:47",1107.9,2,martimnascimento
3449,16696631,"saya akan lawan!","2026-08-21 18:42:23",1107.6,2,nurhadibudhy
3450,16875537,HeIIo.Darkness,"2026-09-13 14:26:54",1106.6,2,heiiodarkness
3451,16631595,CuteClaw,"2026-08-14 01:25:52",1106.3,2,bloodmoonwq
3452,16740700,"Vyas Senthilkumar","2026-08-19 04:26:42",1106.3,2,vyassenthilkumar
3453,16771677,"hedy huangyuheng","2026-08-27 02:13:28",1106.2,2,hedyhuangyuheng
3454,16722330,"Jean-Louis Roy","2026-08-31 07:44:08",1106.0,2,jeanjean111
3455,16665596,chunhu666,"2026-08-30 07:05:40",1105.2,2,chunhu666
3456,16658280,"Hemanth Reddy Katta","2026-09-12 08:20:20",1104.7,2,hemanthreddykatta
3457,16725354,"Swaroop piduguralla","2026-08-19 14:23:28",1104.2,2,pnsaimanitejaswaroop
3458,16749347,Shibungi,"2026-09-01 06:52:21",1103.6,2,shibungi
3459,16702691,"Zengyi Mei","2026-08-28 17:01:51",1103.1,2,sfkmzy
3460,16775386,kaggler,"2026-08-31 09:29:41",1102.7,1,deepkim
3461,16689447,"Ivan Berrutto","2026-08-13 04:14:38",1102.6,2,ivanberrutto
3462,16677832,"Maryam Tahir","2026-08-25 15:07:42",1102.4,2,maryamtahir09
3463,16670755,"Amine zeDDouk","2026-08-18 09:37:41",1102.0,2,aminezeddouk
3464,16655335,Justus,"2026-08-19 14:18:38",1102.0,2,justus0
3465,16830837,"Damilare Olayemi","2026-09-08 08:35:23",1101.5,2,damilareolayemi
3466,16840694,"cory cozy","2026-09-06 11:48:38",1101.2,2,corycozy
3467,16624896,"Akmal Azzam o'g'li","2026-08-18 06:03:51",1100.7,1,akmalmir
3468,16691702,kss,"2026-08-13 19:30:20",1100.1,2,l0glikelihood
3469,16634824,yuki16,"2026-08-27 02:55:04",1100.0,2,yuki16
3470,16663284,"Aman Prakash","2026-08-12 20:58:28",1099.6,2,amanprakash777
3471,16732754,ikeuchy,"2026-08-29 04:10:41",1099.3,2,ikeuchy
3472,16632444,"Issac “Izreal” Davis","2026-08-13 20:42:03",1099.1,2,issacizrealdavis
3473,16753985,"Narenthira Balaji","2026-08-21 10:54:17",1098.9,1,narenthirabalaji
3474,16692851,ichnixhelle,"2026-08-12 22:20:24",1098.8,2,ichnixhelle
3475,16672243,"Fazil Putra","2026-08-14 01:24:17",1098.7,2,fazilputra
3476,16701969,旧楚狂人,"2026-08-15 14:20:59",1098.6,2,jiuchukuangren
3477,16738825,RishabhSpark,"2026-08-28 05:11:27",1098.2,2,rishabhspark
3478,16640368,"Nkosi Ndwandwe","2026-09-06 05:03:26",1097.8,2,nkosindwandwe
3479,16821542,"Hıdır BozkurtT","2026-09-13 21:18:10",1096.6,2,hdrbozkurtt
3480,16668788,ConnieCodes,"2026-08-17 13:40:25",1096.4,2,conniecodes
3481,16657610,"H Bharath","2026-08-31 18:54:57",1096.4,2,hbharath
3482,16666884,"Antonio Stanciu","2026-08-15 14:33:52",1096.0,2,stanciuantonio
3483,16796544,"Xiaonan FU","2026-09-02 08:23:49",1095.7,2,xiaonanfu999
3484,16634143,"manual player","2026-08-14 00:41:13",1095.4,2,prospal
3485,16750317,"ELhamdaoui AM","2026-08-30 19:29:43",1095.4,2,elhamdaouiabdelmajid
3486,16641288,nakagawaren0805,"2026-09-12 10:35:10",1095.1,2,nakagawaren0805
3487,16775412,"moo moo","2026-09-08 15:54:28",1095.0,2,"amrof122,yassinamr11"
3488,16732428,"Darren Amadeus Martin","2026-08-19 00:48:02",1094.9,2,darrenamadeusmartin
3489,16763418,overwhelmer,"2026-08-25 08:22:55",1094.8,2,overwhelmer
3490,16691012,"Sanzhar Almasuly","2026-08-29 07:28:34",1094.8,2,sanzharalmasuly
3491,16722303,JohannPongratz,"2026-09-10 08:07:38",1094.3,2,johannpongratz
3492,16735238,DHKim0324,"2026-08-25 08:49:34",1094.0,2,dhkim0324
3493,16709793,"Victor Hotz","2026-08-13 18:48:06",1093.6,2,victorhotz
3494,16768022,"Miles Oberting","2026-08-31 23:48:39",1093.2,2,milesoberting
3495,16748246,"Eric S","2026-08-26 12:50:54",1092.2,2,ericsangberg
3496,16680931,"Rattan Singh","2026-08-16 04:23:37",1092.2,2,rattans
3497,16839110,0x3f,"2026-09-07 14:01:23",1091.8,2,zhangbowen1005
3498,16662615,"Anurag irawit","2026-09-01 14:16:49",1091.1,2,anuragirawit
3499,16715187,maker2026,"2026-09-09 00:38:59",1091.0,2,maker2026
3500,16751267,Guojun1,"2026-08-21 01:57:23",1090.3,1,guojun1
3501,16688368,"Lam Vo","2026-08-15 16:39:23",1090.3,2,nhatlam
3502,16718937,62326368,"2026-09-11 22:58:43",1089.6,2,mooniim
3503,16774228,"Anggit Maulana Abdi","2026-08-28 14:37:01",1089.5,2,anggitmaulanaabdi
3504,16634654,unknown,"2026-08-13 02:11:22",1089.4,2,abdullahshafi2021
3505,16692548,"Rockstar Farmer","2026-08-19 05:15:37",1089.1,2,yuhaili
3506,16766982,"Sir Dona ","2026-08-25 15:54:46",1088.8,2,sirdona
3507,16623226,"Hafida Belayd","2026-09-05 17:12:33",1088.6,2,hafidabelayd
3508,16698256,Mint,"2026-08-17 18:39:08",1088.6,2,rorandangerous
3509,16634650,UnfriendlyAI,"2026-08-24 11:44:47",1088.6,2,unfriendlyai
3510,16659467,AlexMoura2026,"2026-09-09 20:59:56",1088.5,2,alexmoura2023
3511,16768647,vaultguard,"2026-09-08 13:34:32",1088.5,2,vaultguard
3512,16751358,Cristiano,"2026-08-24 15:04:54",1087.8,2,zhuangbility
3513,16651088,ych~sun,"2026-09-11 13:06:05",1087.6,2,ychsun
3514,16655688,"Ryan Shan","2026-08-13 02:43:38",1087.1,2,codegold
3515,16664759,OrGanAIc,"2026-08-14 22:58:18",1087.1,2,arghyaranjandas
3516,16691670,wangbin.dev,"2026-09-13 15:11:12",1086.5,2,wangbindev
3517,16726870,"Svanik Kolli","2026-08-16 00:11:14",1086.2,1,svanikkolli
3518,16700737,HechtJP,"2026-08-13 11:12:06",1086.1,2,hechtjp
3519,16672653,Cultuurstelsel,"2026-08-13 16:59:47",1085.8,2,ryuorlandotamin
3520,16717630,Amer,"2026-08-13 21:23:41",1085.7,2,amerhu
3521,16663229,kakuteki,"2026-08-28 04:08:43",1085.6,2,kakuteki
3522,16665050,"Praneeth Palugula","2026-08-14 06:28:56",1084.8,2,praneethpalugula
3523,16625611,"Karl Smile","2026-08-28 16:42:46",1084.4,2,karlsmile
3524,16711910,"Artem Zapara","2026-08-18 16:48:51",1084.3,2,artemzapara
3525,16776505,"Duck Typing","2026-09-13 20:36:37",1084.0,2,ahmadamindw
3526,16664334,"Satishvaran Ragu","2026-08-28 03:07:19",1083.6,2,satishvaranragu
3527,16692711,Deniz,"2026-09-11 15:28:11",1083.5,2,denizeryilmaz
3528,16765065,"Rohith T R","2026-08-26 13:28:38",1083.3,2,rohithtrgod
3529,16727745,auouer,"2026-08-16 08:20:31",1083.1,2,"auouer,guriken,hkamna,insightfulthinking"
3530,16623753,HZM,"2026-09-11 04:34:07",1082.7,2,leehann
3531,16743737,"Joanna C.","2026-08-20 23:07:09",1082.2,2,joannaciesielski
3532,16709339,"Mohammad Javad Dianat","2026-09-08 12:14:33",1082.0,2,dianatofficial
3533,16658803,"Rahul Jiwane","2026-08-21 06:19:57",1081.9,2,rahuljiwane
3534,16663992,小陈同学,"2026-08-18 07:26:54",1081.3,1,czastu
3535,16748717,mt,"2026-08-20 13:09:12",1081.2,1,mtanakaslgfreak
3536,16667839,Viet-Tien,"2026-08-22 19:46:21",1081.2,2,tiena2cva
3537,16690020,shantaitichu,"2026-08-17 09:40:30",1081.1,2,shantaitichu
3538,16655305,"Junior Sohou","2026-08-14 00:15:42",1081.1,2,juniorsohou
3539,16655179,"I Need an Internship","2026-08-15 02:39:23",1080.6,2,dimasibnumuthi
3540,16650372,Greed,"2026-08-12 17:18:47",1080.6,2,greedshen
3541,16663969,"Aarush Kute","2026-08-19 22:06:48",1080.2,2,aarushkute
3542,16730903,noynkmr,"2026-08-25 05:47:01",1079.8,1,noynkmr
3543,16764850,"cy zhang","2026-08-27 11:08:45",1079.7,2,zcy20051117
3544,16769866,"Suzuki Riki","2026-08-25 12:11:09",1079.7,2,suzukiriki
3545,16623749,Tejas,"2026-08-17 09:52:29",1078.3,2,tejuuss
3546,16710421,SZ_00_zyz,"2026-08-20 02:54:53",1078.1,2,sz00zyz
3547,16665838,wenbodai,"2026-09-01 12:41:51",1077.9,2,wenbodai
3548,16773559,"Abhishek Mahto","2026-08-26 06:40:07",1077.9,1,abhishek3115
3549,16749618,Fon1as,"2026-08-21 09:36:42",1077.8,2,fon1as
3550,16649108,"Steve AVOMO","2026-08-17 03:12:41",1077.7,2,aurelsteve77
3551,16633580,Vinymo,"2026-08-23 15:32:23",1077.2,2,vinymo
3552,16766905,Antigone_duckduck,"2026-08-24 16:38:37",1077.1,2,antigonexzh
3553,16778206,yuanlao153,"2026-08-28 15:00:04",1076.6,2,yuanlao153
3554,16732462,"Aji Samudra","2026-08-24 09:05:21",1076.3,2,ajisamudra
3555,16623791,rakumo,"2026-08-19 23:46:04",1075.5,2,sirakumo
3556,16622939,"Kamal Das","2026-08-27 12:47:13",1075.1,2,kmldas
3557,16772993,"dirty farmers","2026-08-26 06:33:12",1075.1,2,jamesgui2007
3558,16729484,"Sankalp Nagineni","2026-08-16 17:35:31",1074.3,2,sankalpnagineni
3559,16639230,Rylan,"2026-08-15 13:15:45",1074.1,2,"liuruihan333,wangxiaodundun"
3560,16712888,Vux,"2026-08-20 14:32:16",1074.0,2,weiyu85
3561,16640552,"rupsa roy","2026-09-05 06:45:34",1074.0,2,rupsarroy
3562,16632788,"Bright O.H.","2026-08-23 03:45:36",1073.9,2,brightoh
3563,16864870,JR,"2026-09-10 05:44:49",1073.7,1,jurijsruko
3564,16726115,helloworld311,"2026-08-17 05:52:20",1073.7,2,helloworld311
3565,16725242,chinchilla,"2026-08-19 10:53:07",1073.5,2,tgwstr
3566,16747161,wqlun06,"2026-09-07 06:55:24",1073.2,2,wqlun06
3567,16770832,"Harish Yadav","2026-08-27 06:18:09",1072.9,2,harishyadav0506
3568,16676336,lemon13418,"2026-09-13 11:04:36",1072.7,2,lemon13418
3569,16688153,"Panchajanya Banerjee (Pancham)","2026-08-16 20:28:27",1072.4,2,delayedkarma
3570,16731243,"[Deleted] dab36be1-9992-4710-95f4-39a9f7a2cd3c","2026-08-24 15:13:27",1071.3,2,del=fd92954ed0c92f1a
3571,16735125,mtskggle,"2026-08-22 04:50:43",1071.0,2,matsusakaggle
3572,16700995,"Maram Ali","2026-08-15 09:13:15",1070.9,2,msama01
3573,16685626,"Livingstone Selassie","2026-08-16 00:26:50",1070.9,2,"hackerx019,livingstoneselassie"
3574,16658014,Bharath,"2026-09-10 18:05:09",1070.7,2,pes2ug23cs121
3575,16763120,"Shivam Singh #2","2026-08-23 16:56:35",1070.6,1,shivamsingh17072001
3576,16716431,m&m,"2026-09-12 22:41:22",1070.3,2,ntrlmt
3577,16649314,"Yuka,Ota","2026-08-17 03:42:23",1069.9,2,yukaika
3578,16772450,"Muneeba Badar","2026-08-25 21:19:13",1069.8,2,muneebabadar
3579,16629292,"Syed Saad Hasan Emad","2026-08-17 06:14:38",1069.8,1,syedsaadhasanemad
3580,16662023,"Vikas Kumar","2026-09-08 17:17:57",1068.9,2,vikshit104
3581,16659314,Sandeep063,"2026-08-25 12:44:22",1068.8,2,sandeep063
3582,16755278,Kaz,"2026-09-04 15:27:28",1068.4,2,kazuyago
3583,16624651,"Zihao Zeng","2026-09-04 12:46:45",1068.3,2,zihaozeng0021
3584,16695691,neural-canvas,"2026-08-12 20:46:37",1067.9,2,mrsanap
3585,16666018,"H vv sathwik","2026-08-26 06:49:10",1067.9,2,hvvsathwik
3586,16781516,"Hongbin Guokaggle","2026-08-29 04:16:00",1067.0,2,hongbinguokaggle
3587,16655559,"Fajri Yanuar Shiddiq Juanda","2026-08-13 01:40:20",1066.0,2,fajriyanuar
3588,16725642,"Arav Sharma","2026-08-17 03:51:14",1065.4,2,aravsharma26
3589,16671821,donglee,"2026-08-13 09:13:09",1065.1,1,dongleeovo
3590,16656990,"NALLA SUMANG","2026-08-30 03:15:46",1065.1,2,sumangnalla
3591,16655632,"Dmitry Kozlov","2026-08-28 10:06:54",1064.8,2,dkozlov
3592,16743741,Arooran,"2026-08-24 13:37:47",1064.6,2,arooransivakarunai
3593,16791862,"Emmanuel Mireku","2026-09-13 15:01:37",1064.2,2,eldermireku
3594,16623020,Muhandro,"2026-08-20 16:29:57",1064.1,2,muhandro
3595,16724533,"Yusei Ito","2026-08-22 19:18:19",1064.0,2,yuseiito
3596,16699610,"Sneha ","2026-08-17 01:00:34",1063.9,2,kharya3
3597,16773266,newbyy,"2026-08-26 05:21:47",1063.7,1,newbyy
3598,16714058,"Ahmet Erdem Pamuk","2026-08-12 18:59:18",1063.5,2,ahmeterdempamuk
3599,16722619,vlavlalva,"2026-09-04 21:48:26",1063.3,2,cppcph
3600,16841176,"Bruce Cole","2026-09-09 00:39:28",1063.3,2,brucecole
3601,16721259,Qsj,"2026-08-28 09:20:10",1063.2,2,qiaoshiji
3602,16803651,gyujinst,"2026-09-05 01:44:38",1063.0,2,gyujinst
3603,16740103,Adjakou,"2026-08-24 07:31:02",1062.9,2,adjakou
3604,16729650,"Tapiwa Makandigona - Zimbabwe21","2026-08-31 11:36:48",1062.5,2,mukanya1994
3605,16761849,viber3221,"2026-08-24 13:38:59",1062.5,2,viber3221
3606,16624824,GoofyGenius,"2026-09-09 16:05:59",1061.9,2,goofygenius
3607,16668049,"Masayoshi Kurihara","2026-08-14 06:20:21",1061.9,2,masayoshikurihara
3608,16770302,stardxx,"2026-08-26 02:21:35",1061.4,2,stardxx
3609,16697249,"Sudharsana Rajasekaran","2026-08-13 06:25:58",1061.2,2,sudhan03
3610,16624073,SoftRL,"2026-09-13 07:20:03",1060.7,2,"maruichi01,ppocharl,puws06,tatsukisato,unikina"
3611,16766840,"Andrey ","2026-08-24 14:27:38",1060.7,1,anti1111
3612,16803602,ihiratch,"2026-09-06 15:57:56",1060.1,2,ihiratch
3613,16802535,"To be happy","2026-09-01 11:08:41",1059.8,1,yaokaixinya123
3614,16691714,"Wesley Juraschek","2026-08-19 06:07:37",1059.8,2,wesleyjuraschek1
3615,16851557,SunaoCool,"2026-09-11 04:15:13",1059.7,2,yoshikinishita
3616,16770952,"Satyajeet Kumar","2026-08-25 20:42:40",1059.3,2,m4rcuseryx
3617,16710661,"Pengyi Peng1","2026-09-03 05:48:27",1059.1,2,pengyipeng1
3618,16663352,"Avnish Sharma","2026-08-31 14:42:23",1058.8,2,kewlaz
3619,16734450,"Ian Teigen","2026-08-18 00:04:38",1058.6,2,ianteigen
3620,16675780,susutem,"2026-08-21 04:03:32",1058.3,2,susutem
3621,16809122,"federico battello","2026-09-10 15:05:02",1058.2,2,federicobattello
3622,16663241,"Kris Adamatzky","2026-08-13 09:49:19",1058.2,2,krisadamatzky
3623,16662314,"Hanh Tran","2026-08-13 12:29:31",1058.0,1,honghanhhh
3624,16735102,"Zhiqi Liu","2026-08-31 02:57:12",1057.3,2,crazyqiqi
3625,16759864,exaucedossou,"2026-08-22 17:56:40",1056.8,2,exaucdossou
3626,16714980,Chenaters,"2026-08-16 08:41:10",1056.4,2,chenaters
3627,16783537,JustinybGao,"2026-09-10 00:22:50",1055.8,2,justinybgao
3628,16638823,YDDDDDD999,"2026-09-06 18:22:40",1055.5,2,ydddddd999
3629,16690308,"Fatima Sarhan","2026-09-13 19:30:28",1055.4,2,fatimasarhan
3630,16744658,Shree85,"2026-08-29 12:38:55",1055.3,2,shree85
3631,16663694,"Dimitri ZABRE","2026-08-12 21:00:12",1055.0,2,dimitrizabre
3632,16749251,HawkOsm,"2026-09-03 16:33:13",1054.4,2,hawkosm
3633,16731751,"Nikita Pudovkin","2026-08-17 09:15:54",1054.3,1,nickpudovkin
3634,16656731,"Muhammad Ali","2026-08-14 06:47:06",1054.1,2,sardaralimaqsood
3635,16707303,meTeam,"2026-08-23 15:01:49",1053.4,2,aaronzribi
3636,16655844,MAFIN,"2026-08-13 01:53:06",1053.4,2,moneyman91
3637,16716468,"Sakhawat Hossen","2026-08-15 03:28:07",1053.2,2,sakhawathossen
3638,16698069,k_4821,"2026-09-08 15:11:16",1052.6,2,edgarondoodevilclub
3639,16636909,"wking edewd","2026-08-21 11:21:57",1052.0,1,wkingedewd
3640,16661423,"Rishavendra Sharma","2026-08-31 08:38:23",1051.7,2,rishavendrasharma
3641,16624682,FrederikZ,"2026-09-02 10:17:51",1051.6,1,zkirederf
3642,16734578,"Pascal Andreas","2026-08-26 17:42:14",1051.6,2,pascalandreas
3643,16756399,"old Ryne Mac had a farm","2026-08-21 19:44:11",1051.3,1,rynemac
3644,16666853,"Bisola Olasehinde","2026-08-31 13:08:21",1050.9,1,bizzyvinci
3645,16653955,"tanmay singhal","2026-08-29 12:00:53",1050.8,2,anexperiencedidiot
3646,16633709,"kitory Yeah やきとり","2026-08-15 22:30:08",1050.7,2,kitoryyeah
3647,16803913,"SUJIB BARMAN","2026-09-01 16:42:07",1050.6,1,cardata
3648,16726512,shash,"2026-08-15 19:41:18",1050.4,1,zshashz
3649,16808914,slfmmm,"2026-09-02 11:50:26",1049.5,1,slfmmm
3650,16665919,"Labmem Tang","2026-08-31 03:06:37",1049.3,2,labmemtang
3651,16728460,oh-Artistburger-AHA-TastyMeat!,"2026-08-16 11:54:46",1049.2,1,akikukeo1
3652,16789587,"José Luis","2026-09-08 06:49:13",1048.4,2,joseluissz
3653,16656807,Yoganjaneyulu,"2026-08-13 09:20:17",1048.2,2,yoganjaneyulu
3654,16654381,"Dmitry Belan","2026-08-30 17:16:29",1047.7,2,dimong4
3655,16687594,"Andrew Markley","2026-08-13 01:19:04",1047.6,2,andrewmarkley1
3656,16733547,"Mark Grayson","2026-08-17 18:53:21",1047.2,2,flyingsinclair
3657,16728135,sukirman,"2026-08-17 12:24:20",1045.2,1,rakbidb
3658,16878026,yamazaking,"2026-09-12 14:00:29",1045.1,2,zacky21
3659,16693962,"Changyuan Chen","2026-08-17 14:18:21",1043.8,2,changyuanchenmit
3660,16857894,"Ludwig Agurto Contador","2026-09-12 22:35:55",1042.6,2,ludwigagurtocontador
3661,16806938,boominginging,"2026-09-13 10:35:12",1042.2,2,"aviator22,boominginging,caiwenjie123,mikeintokyo"
3662,16651052,lty,"2026-08-18 02:33:01",1041.8,2,linwei9
3663,16748330,Okan,"2026-08-21 11:15:17",1041.5,2,okanzkaya
3664,16765526,"Kotala Kishan Reddy","2026-08-24 08:56:22",1040.4,1,kotalakishanreddy
3665,16682936,"Latifa Riziki","2026-08-12 09:38:13",1039.6,2,latifariziki
3666,16697675,"Isaac Grossman","2026-08-30 23:21:35",1038.0,2,kingisaac
3667,16709462,"KK #2","2026-08-14 09:06:37",1037.3,2,kk2909
3668,16622034,"Aryan Yadav","2026-08-15 18:49:17",1036.7,2,simplexcomplex
3669,16754838,"Berkay Özkan","2026-08-30 12:51:07",1035.4,2,berkayzkan
3670,16729227,Marjao,"2026-08-16 16:49:12",1035.3,2,muniburrehman2020
3671,16831372,"Hazel caviar","2026-09-05 08:07:40",1035.2,2,hazelcaviar
3672,16714059,Yentür,"2026-08-12 18:47:44",1034.7,1,meryentr
3673,16678638,Loshtradz,"2026-08-26 18:40:35",1034.1,2,loshtradz
3674,16633414,"sagar tripathy","2026-08-13 15:57:56",1033.9,2,sagar8trip
3675,16748524,TongY26,"2026-08-21 08:33:16",1033.5,2,tongy26
3676,16696887,kt-Kitayama,"2026-09-01 13:23:49",1031.4,2,ktkitayama
3677,16657857,hust_xll,"2026-08-12 05:38:12",1031.0,2,hustxll
3678,16632146,Haker_Sam,"2026-08-27 10:45:31",1031.0,1,hakersam
3679,16698439,"Pournami Prakash","2026-09-12 20:17:14",1030.9,2,pprakas
3680,16662041,"Sarah Ng","2026-09-13 11:06:34",1030.4,2,thunguyen1510
3681,16656948,"alexander kern","2026-08-24 18:02:17",1030.1,2,alexanderkern
3682,16785100,5386,"2026-09-10 11:08:04",1030.0,2,"ismktkaggle,rairai314,satosis"
3683,16684163,MohamedFD,"2026-08-13 12:32:47",1029.7,2,mohamedfd
3684,16745092,zakihiro,"2026-08-21 07:59:39",1029.3,2,zakihiro
3685,16709744,"Emre Bayram","2026-08-14 09:04:57",1028.9,2,emrebayram
3686,16700116,Goldian,"2026-08-21 16:13:40",1028.2,2,goldian
3687,16703099,GansPiro,"2026-08-13 18:34:26",1027.8,2,ganspiro
3688,16709300,炫酷的小克里斯,"2026-08-19 15:54:28",1026.6,2,tinfufans
3689,16692090,sans,"2026-08-12 03:14:55",1025.9,2,sans6262q
3690,16660711,ricardo,"2026-08-15 22:34:26",1025.7,2,magania
3691,16689389,Chukunder,"2026-09-12 06:46:40",1024.9,2,"farbricated,sarikajivrajika"
3692,16635973,"Code by Nadiia","2026-08-31 13:09:44",1024.5,2,codebynadiia
3693,16695964,"JiMing Feng","2026-08-17 10:56:45",1024.1,2,jimingfeng
3694,16655952,"Tianfu Wang (王天夫)","2026-08-12 15:08:12",1024.0,2,wangtf96
3695,16860288,"VIKASH YADAV","2026-09-13 11:56:16",1023.8,2,vikashyadav05
3696,16674649,寿!,"2026-08-12 06:45:37",1023.7,1,taka3776toshi
3697,16710672,"Yasemin Koç","2026-08-14 05:52:52",1023.6,2,yaseminmkoc
3698,16695176,"Zakaria Settar","2026-08-16 21:52:31",1023.3,2,zakariasettar
3699,16673110,"Sri Jayavel K","2026-08-20 08:18:31",1022.8,2,srijayavelk
3700,16761728,"Vybhav Nath C A","2026-08-30 12:19:48",1022.3,2,shadowfax2000
3701,16679767,Salut!,"2026-08-12 21:56:55",1022.2,2,denismekhanikov
3702,16811576,Zi,"2026-09-03 01:52:15",1021.8,1,kaigaokaigao
3703,16697024,"Jiri Prudky","2026-09-06 06:00:57",1021.8,2,jiprud
3704,16628765,"Kota Iizuka","2026-09-09 14:25:17",1021.8,2,kotaiizuka
3705,16693058,"Yuvraj singh","2026-08-13 14:03:24",1021.5,2,yuvrajsingh789
3706,16669643,"Athenix Kaggriculture","2026-08-24 18:23:54",1021.4,2,sdafdsfsdfgdsg
3707,16652904,TonightIsOver,"2026-09-07 04:41:27",1021.3,2,tonightisover
3708,16823930,"Yiyang Xu","2026-09-08 19:32:51",1020.7,2,yiyangxudmm
3709,16699722,Dicere,"2026-08-13 08:00:17",1019.6,2,thedark735
3710,16696561,"Ali Ramazanov","2026-09-09 06:53:42",1019.4,2,aliramazanov
3711,16639844,MaxChen303,"2026-08-13 02:25:24",1019.2,2,maxchen303
3712,16684947,Hoaquason,"2026-09-04 08:54:54",1019.0,2,"datnguyen0102,mibombaclat"
3713,16664072,"victor aguilera","2026-09-12 22:29:45",1019.0,2,viaguilera
3714,16697021,Vaishnavi22052006,"2026-08-11 18:43:08",1018.9,2,vaishnavi22052006
3715,16681275,"CUG HeQiao","2026-08-12 09:06:14",1018.6,2,cugheqiao
3716,16685743,"Alex Oranov","2026-08-28 19:30:54",1017.8,2,aoranov
3717,16770777,"Oscar Legoupil","2026-09-09 15:43:18",1017.4,2,oscarlegoupil
3718,16688436,Zuu3scode,"2026-08-12 15:19:16",1016.9,2,zuu3scode
3719,16670433,"Mohammad Osamah Atif","2026-08-19 08:46:32",1016.8,2,osamatif
3720,16682303,"Kapadiya Nirav Kumar","2026-08-18 06:24:30",1016.8,2,kapadiyaniravkumar
3721,16738467,EnriFermi,"2026-08-26 23:51:18",1016.7,2,enrifermi
3722,16767431,Nine1Eight,"2026-08-24 16:51:12",1016.7,1,wethepeople918
3723,16667052,"Dandan Li","2026-08-15 18:07:17",1016.6,2,clcll532x
3724,16663313,onlysmrtsumx,"2026-08-12 01:29:30",1016.6,2,onlysmrtsumx
3725,16621735,VN-Orion,"2026-08-21 11:42:27",1016.4,2,fastthanh78
3726,16645712,"Changye Li","2026-08-24 06:23:33",1015.7,2,antoinegg1
3727,16692164,Abdulrahman.su10,"2026-08-11 20:35:39",1015.7,1,abdulrahmansu10
3728,16689952,"Lazarus Ogero","2026-08-11 16:44:08",1015.2,2,lazarusogero
3729,16701759,xycai,"2026-08-14 17:23:35",1014.0,2,xycaipku
3730,16657494,Trex,"2026-08-12 14:00:14",1013.6,2,trexzone
3731,16662166,duy,"2026-08-31 08:50:51",1013.3,2,hduynguyen
3732,16680690,MYOUCER,"2026-09-01 01:20:04",1013.2,2,myoucer
3733,16623533,xthixsl_ml,"2026-09-11 15:38:50",1012.9,2,xthistle999
3734,16664217,Shushantw,"2026-09-09 03:07:56",1011.9,2,shushantw
3735,16681749,"rohith vinice","2026-08-11 23:55:16",1011.8,2,rohithvinice
3736,16693159,"Zonglin Han","2026-08-13 17:10:08",1010.8,2,zonglinhan
3737,16774700,たたたた,"2026-09-11 12:01:32",1010.3,2,tatatata1111
3738,16665702,"Aman Gupta","2026-09-08 16:26:19",1010.2,2,amangupta0014
3739,16749153,"Arnav Mishra","2026-09-12 05:10:43",1007.4,2,arnavmishra02
3740,16698294,"John Doe","2026-09-07 12:29:46",1007.3,2,johndoe90843
3741,16641956,SixGODD,"2026-09-11 19:39:36",1007.1,2,sixgodd
3742,16671666,showtree,"2026-09-02 01:53:55",1006.9,2,showtree
3743,16695376,Garv88,"2026-08-13 12:19:20",1006.2,2,garv88
3744,16702774,FilipJ,"2026-08-16 18:34:05",1006.0,2,filipjarmua
3745,16704622,ray,"2026-08-11 16:30:13",1005.7,2,rayenezanned
3746,16701221,"Othman Istaiteh","2026-08-10 13:25:38",1005.4,2,istatieh
3747,16724779,"Gavin Cao","2026-08-16 09:00:53",1005.3,2,gavinxgcao
3748,16697877,"Sky kun","2026-08-24 12:52:49",1005.3,2,skykun
3749,16692103,HaniJezo,"2026-08-11 20:32:40",1005.2,1,hanijezo
3750,16659662,MOHSIN525,"2026-09-01 15:43:49",1005.1,2,mohsin525
3751,16699659,"Dimas Pasha Akrilian","2026-09-01 01:59:59",1004.8,2,dimaspashaakrilian
3752,16707993,"Sangita Bannore","2026-08-11 14:33:47",1004.1,1,sangitabannore
3753,16763383,"Alexandru Sitaru","2026-08-25 07:05:06",1003.6,2,sitaru
3754,16673881,"Sebastian Johansson","2026-09-04 22:06:51",1002.5,2,sebbejohansson
3755,16725680,henri66,"2026-08-15 21:09:47",1002.5,2,henri665
3756,16709069,"James Mcquay","2026-08-14 18:05:40",1002.1,2,jamesmcquay
3757,16747306,"Yasasvi Josyula","2026-09-13 07:13:40",1001.7,2,yasasvijosyula
3758,16627400,"Krasnov Daniil","2026-08-11 06:04:48",1001.5,2,daniilkrasnovvv
3759,16672448,"Crisis Liu","2026-09-13 09:19:23",1001.4,2,crisisliu
3760,16700314,Giallar,"2026-08-14 16:45:53",1000.6,2,andreykrotkikh
3761,16709473,"Selahattin Günter","2026-08-23 14:07:42",1000.3,2,selahattingnter
3762,16632675,"Baran Kucuk","2026-08-11 15:09:58",1000.0,2,barankucuk
3763,16655128,"Somasundar V","2026-09-08 20:24:00",1000.0,2,somasundarv
3764,16672374,"kelly waldeck","2026-08-11 21:07:30",999.5,2,kellywaldeck
3765,16651331,"Mohamed Saeed","2026-08-11 18:58:08",999.3,2,m0sm71
3766,16738461,monnosuke,"2026-09-10 09:42:23",999.2,2,shiomi1012
3767,16667729,"Daniel Wu","2026-08-15 14:35:27",999.2,2,danielwuu
3768,16781276,"Nikita Greben","2026-09-07 10:55:01",997.6,2,justnik77
3769,16625615,"Mobeen Fatima","2026-08-28 16:47:17",996.4,2,mobeenfatimah
3770,16667233,EdGy2k,"2026-08-10 10:41:12",995.9,2,edgy2k
3771,16662681,"Vernon Campbell","2026-08-12 23:18:18",995.8,2,vernoncampbell
3772,16673097,"Sonu Kushwaha","2026-09-01 11:10:15",995.6,2,sonukushwaha124
3773,16684012,ceh,"2026-08-16 04:58:18",995.5,2,emilhessman
3774,16627995,"Fire Bird","2026-08-11 20:36:45",995.3,2,xuanleekaggle
3775,16631777,KiKi,"2026-09-03 04:27:02",995.3,2,kingkiller2164
3776,16706315,"Desert Fox88","2026-08-11 12:02:03",994.7,2,desertfox88
3777,16660037,shehai.lrs,"2026-08-11 13:37:32",994.6,2,shehailrs
3778,16633006,Kaiser,"2026-09-01 06:36:38",994.3,1,kaiserm
3779,16662846,"Kerem Ercin","2026-08-27 05:44:23",994.2,2,keremercin
3780,16806886,dreamtear,"2026-09-02 05:55:56",993.8,1,mohanzeng
3781,16650485,nasu726,"2026-08-13 13:51:20",993.7,2,nasu726
3782,16693886,spellstriker,"2026-08-12 22:03:20",993.7,2,spellstriker
3783,16683441,Eura73,"2026-08-21 08:07:47",993.7,2,eura73
3784,16656316,"Richard Tang","2026-08-11 01:09:34",993.3,2,richardgtang
3785,16660333,"Deanos Crew","2026-08-11 13:10:19",992.9,2,jamescole0101
3786,16701573,"Haggai Musoda","2026-08-17 20:04:00",992.9,2,haggismusoda
3787,16632579,ZZfancy,"2026-08-11 12:04:42",992.8,2,zzfancy
3788,16712577,"nattapon nakakong","2026-09-04 07:57:35",992.2,2,nattaponnakakhong
3789,16705441,CooperJiang,"2026-08-13 06:57:44",991.8,2,gingersna
3790,16742369,"Ömer Faruk Yüce","2026-09-13 21:22:45",991.4,2,merfarukyce
3791,16662749,Jordan,"2026-09-12 07:16:40",991.3,2,extergeist
3792,16689770,"Abdillah Sagif","2026-08-11 10:11:23",990.8,2,abdillahsagif
3793,16707584,sadatch,"2026-08-13 05:18:28",990.4,2,sadatch
3794,16767528,"Umut Toygar Göz","2026-08-30 13:01:54",990.3,2,umuttoygargoz
3795,16661983,"Victor's Team","2026-08-12 12:05:19",989.8,2,"dlordsjustified,jezrealmomoh,joludare,victorokpe"
3796,16708333,"Phạm Vương","2026-08-11 16:17:10",989.3,2,vuongphamqq
3797,16660371,"José Luis Gómezz","2026-08-13 01:37:42",989.3,2,josluisgmezz
3798,16793134,sawasawasawa,"2026-09-07 09:06:57",989.3,2,yukisawamura
3799,16655826,KKY,"2026-08-11 20:29:38",989.1,2,evilpsycho42
3800,16663919,hnhyhj,"2026-08-13 04:05:56",988.7,2,hnhyhj
3801,16719551,JamesYip7,"2026-08-20 10:24:50",988.5,2,jamesyip7
3802,16705584,"Adil Munawar","2026-08-29 21:18:33",987.6,2,adilmunawar
3803,16692138,"Bishwa Thakur","2026-09-05 09:15:47",987.5,2,bishwathakur
3804,16804961,explise,"2026-09-02 08:13:03",986.9,2,explise
3805,16768236,Baligh,"2026-09-11 00:49:05",986.8,2,balighmehrez
3806,16745059,mekduy,"2026-08-29 11:42:07",986.6,2,mekduy
3807,16700630,apoyusiken,"2026-08-12 06:10:52",986.5,2,umutarpay
3808,16692490,"Enes Coşkun","2026-08-11 05:37:38",986.5,2,enscskn
3809,16695501,brocade,"2026-08-15 00:01:12",986.4,2,brocade
3810,16805763,"Masaya Kawamata","2026-09-04 03:39:48",986.3,2,masayakawamata
3811,16676356,"Wander waal","2026-08-11 02:48:56",986.2,2,wanderwaal
3812,16737113,"Sergei Myshianov","2026-08-20 03:24:23",986.2,2,sergeimyshianov
3813,16633886,mudesteven,"2026-08-16 02:54:25",985.5,2,fastlight2007
3814,16698942,"PRADHAN RS","2026-08-13 18:06:58",985.4,2,pradhanrs
3815,16652849,Hejunhui,"2026-08-16 14:15:29",983.4,2,website98
3816,16640058,"Justin CH123","2026-08-11 09:15:28",982.9,2,justinch123
3817,16677723,"Trip Meiners","2026-08-11 19:26:55",982.8,2,tripmeiners
3818,16679371,ΛYMΞNRH,"2026-08-11 06:43:55",982.7,2,aymnrh
3819,16639476,耶✌,"2026-08-30 19:52:36",982.1,1,qifeihhh666
3820,16656181,Vishwa,"2026-08-11 05:46:58",980.9,2,rv1922
3821,16659803,nRuaif,"2026-08-22 02:47:10",980.6,2,phngdoan
3822,16692110,"Ahmed Khudair","2026-08-11 22:33:06",980.4,1,ahmedkhudair121
3823,16780558,hxrdxk,"2026-08-29 18:36:48",980.2,2,hxrdxk
3824,16679519,"Петьо Лазаров","2026-08-10 22:30:35",979.6,2,pesosz
3825,16669778,UknesIruka,"2026-08-11 11:13:46",979.2,2,uknesiruka
3826,16708573,Benser,"2026-08-15 14:41:24",979.2,2,benser
3827,16738705,"Atilla Y","2026-09-12 06:51:34",978.9,2,atillay
3828,16676043,"Tejash Rai","2026-08-14 07:16:01",978.4,2,tejashrai
3829,16848622,"KUO JEN WEI","2026-09-11 05:03:26",978.3,2,"kuojenwei,kuyiting"
3830,16655715,Chin,"2026-08-12 06:20:32",978.1,2,qinyukun
3831,16659692,"Hùng Nguyễn Huy (Hiirooo)","2026-08-11 03:47:45",977.6,2,hngnguynhuy
3832,16636004,"Ragunath Ravi","2026-08-11 10:59:07",977.5,2,ragunathravi
3833,16666733,"Alberto MV","2026-08-10 23:06:33",977.5,2,albertomv
3834,16687724,Yijue1,"2026-08-11 02:15:05",977.2,2,yijue1
3835,16688136,"Armanzhan Ayan","2026-08-11 16:49:36",976.7,2,armanzhanayan
3836,16756925,"Dread Development","2026-09-05 11:38:51",976.0,2,"dreaddevelopment,seanornberg"
3837,16705370,TS2333,"2026-08-11 03:40:40",975.0,2,ts2333
3838,16767164,"yuhan wu","2026-08-26 09:37:53",974.8,2,yuhanwu487
3839,16661093,"INDRAJIT SWAIN","2026-08-15 13:23:37",974.6,2,indrajitswain
3840,16839972,"Yusuf Lee","2026-09-05 15:16:20",974.3,1,yusuflee
3841,16765601,"Dinesh Makireddy 7389","2026-09-09 12:31:33",973.8,2,dineshmakireddy7389
3842,16706004,Divyansh,"2026-08-25 16:38:00",973.5,2,sehgaldivyansh
3843,16624625,"Harsha Vardhan","2026-08-10 07:33:35",973.0,2,harshacode101
3844,16706283,haogood666,"2026-08-11 08:25:40",973.0,1,haogood666
3845,16793275,"Biao Cao","2026-08-30 13:44:48",973.0,1,biaocao398
3846,16771994,"Jaden Tang","2026-09-07 16:14:09",972.0,2,"aayanshah,jadentang17"
3847,16660911,"Animesh Ratna","2026-08-23 22:01:35",971.2,2,animeshratna
3848,16665058,"Llin Ding","2026-09-01 05:38:32",970.5,2,llinding
3849,16688808,"Niranjan Nakkala","2026-08-11 12:26:14",970.4,1,niranjanmudhiraj
3850,16712651,riicon,"2026-09-13 14:18:39",969.9,2,risakashiwabara
3851,16675897,"KANG ZHIPENG","2026-09-08 08:59:56",969.8,2,kangzhipeng
3852,16659890,"Cu Spoon","2026-08-25 22:02:11",969.7,2,cuspoon
3853,16669494,"Abdullah Razi","2026-09-03 18:39:36",969.4,2,abdullahroninrazi
3854,16696608,beanbamboozled,"2026-08-10 10:45:19",969.3,2,beanbamboozled
3855,16668334,Suavemango,"2026-08-12 05:18:03",969.2,2,suavemango
3856,16702482,"Carlos Navarro","2026-08-14 05:26:26",969.1,2,navarr0
3857,16713771,bndang,"2026-09-13 19:04:59",969.0,2,bndang
3858,16695137,"Samantha Nicole Bracamonte","2026-08-12 00:35:56",968.2,2,snrbracamonte
3859,16660331,A.K.NITHIN,"2026-08-12 12:07:32",968.0,2,aknithin
3860,16729863,Monkeyzl,"2026-08-22 20:02:21",967.9,2,monkeyzl
3861,16681848,Haraguchi-T,"2026-09-01 09:03:21",967.5,2,haraguchit
3862,16684075,"Tianfang Li","2026-08-13 14:20:13",966.4,2,tianfangli1
3863,16695608,"Elie Elias","2026-09-12 11:11:33",966.0,2,elieelias
3864,16653153,Gbining,"2026-08-09 12:21:06",965.9,2,gbining
3865,16681620,wanwanuil,"2026-08-13 12:43:19",965.7,2,wanwanuil
3866,16657091,raw2clean,"2026-08-12 08:12:12",965.3,2,raw2clean
3867,16655693,DePie,"2026-08-10 08:01:37",965.1,2,phucthaiv02
3868,16711204,"harden james","2026-08-12 08:00:14",964.6,1,ffusername
3869,16656691,"Sahaj Deep Singh","2026-08-12 01:39:36",964.5,2,sahajdeepsingh9877
3870,16657429,"xiao cat q","2026-08-12 01:41:13",963.6,2,xiaocatq
3871,16692457,t2better,"2026-08-12 11:56:41",963.6,2,t2better
3872,16696769,"maximo lorenzo y losada","2026-08-12 13:07:35",962.6,2,maximolorenzoylosada
3873,16676154,"Tuan Tran","2026-08-10 16:29:40",962.5,2,thtuan
3874,16701466,"HELIOS reasonning","2026-08-11 22:38:55",961.9,2,heliosreasonning
3875,16687824,"André Dkw","2026-08-10 17:17:25",961.8,2,andrdkw
3876,16697142,Kujaomega,"2026-08-10 22:13:02",961.1,1,kujaomega
3877,16688265,"Kyle #2","2026-08-11 01:51:35",960.2,2,georgeturbo
3878,16823736,"Logan Seitz","2026-09-09 15:07:29",960.1,2,loganseitz26
3879,16728955,"Chris Murphy","2026-09-07 23:33:26",959.9,2,mur418
3880,16726422,"Praveen Kumar","2026-08-29 11:25:55",959.9,2,pankajrepswal
3881,16746507,Ushimaru,"2026-08-21 09:01:51",959.4,2,behindkun
3882,16809277,"Shuntaro Tanaka","2026-09-11 01:01:20",958.3,2,shuntarotanaka
3883,16644891,yankang_XZK,"2026-09-02 18:29:53",958.2,2,yankang233
3884,16768644,Momoko,"2026-08-25 03:22:50",958.0,1,yangmengyuanmomoko
3885,16640869,taijunhao,"2026-08-12 10:26:30",958.0,2,taijunhao
3886,16660678,"Chaitanya Sonaje","2026-08-11 13:30:49",957.8,2,chaitanya205
3887,16662653,"Jordan Schaeffer","2026-09-09 01:49:11",957.8,2,jordanmschaeffer
3888,16705192,"John Ogah","2026-08-16 03:54:21",957.8,2,johnogah
3889,16662712,"Roman Stupin","2026-08-27 23:52:01",957.7,2,rcnegby
3890,16736816,LLE,"2026-08-22 16:50:40",957.5,2,"rajaditya01,saiash"
3891,16675582,DavidX,"2026-08-11 06:05:18",957.4,2,davidasx
3892,16658044,"Roshan Singh","2026-08-22 08:47:57",957.3,2,roshanavadheshsingh
3893,16846958,"Constantin Craciun","2026-09-10 06:36:32",956.7,2,constantincraciun
3894,16664481,"Siddhu Jaykay","2026-08-12 14:02:29",956.5,2,siddhujaykay
3895,16662213,"Yang Zong-Yu phD","2026-09-04 17:15:32",955.2,2,yangzongyuphd
3896,16695903,cerensukaramese,"2026-08-14 09:18:05",955.2,2,cerensukaramese
3897,16704027,"Alan Cai","2026-08-10 22:36:40",954.4,1,alancai27
3898,16691591,"Dheeraj Kumar #3","2026-08-12 04:05:32",953.7,2,kdheeraz
3899,16675752,"Simon Rüba","2026-08-10 14:23:16",953.7,2,simonrba
3900,16635280,"Narendra Sirvi","2026-08-12 06:43:07",953.1,2,narendras78
3901,16687935,"Sardak Pavel","2026-08-24 11:51:58",952.8,1,bebra3222
3902,16658487,radozaprazny,"2026-09-12 14:09:06",952.2,2,radozaprazny
3903,16810587,"Avineesh Arora","2026-09-10 19:49:46",951.9,2,avndope
3904,16672579,"Udbhaw Anand","2026-08-22 13:15:18",951.7,2,udbhawanand
3905,16729800,"Alchemical Retard.","2026-08-20 07:28:07",951.5,2,alchemicalretard
3906,16872073,"Positive Quark","2026-09-13 16:17:27",951.2,2,quarkliu
3907,16666282,"Bang sion","2026-08-22 10:06:06",951.1,2,bangsioni
3908,16709504,U023,"2026-08-11 22:04:04",950.6,1,ryutek
3909,16660395,ljx59141421,"2026-08-12 01:27:08",950.3,2,ljx59141421
3910,16817309,"TeddyDog Lovely","2026-09-03 10:44:15",949.5,2,teddydoglovely
3911,16635238,"Tai Tien Ta","2026-09-03 03:25:55",949.3,2,tittin
3912,16655323,roma,"2026-08-09 19:49:51",949.2,2,mnroma
3913,16660479,"Lakhindar Pal","2026-08-31 13:26:49",948.6,1,lakhindarpal
3914,16733121,saturnliu,"2026-09-10 17:20:24",948.4,2,saturnliu
3915,16666410,"Binil George","2026-08-12 10:40:43",948.3,2,binilg
3916,16786082,"Noberto Frota","2026-08-29 00:40:42",948.1,1,nobertofrota
3917,16691275,"Muhiminul Islam   Mahim","2026-08-12 10:04:35",947.7,2,muhiminulislammahim
3918,16784719,"Ayush Shekhar","2026-09-07 13:23:45",947.7,2,ayushshekhar56
3919,16671837,"Ronald K Wilson ","2026-08-28 13:09:38",947.1,2,ronaldkwilson
3920,16739181,yamu_duck,"2026-09-12 15:02:56",946.6,2,crazyleg11
3921,16624088,Pomiro,"2026-08-11 04:41:24",945.9,2,pomiro
3922,16732140,Miaa1526,"2026-08-24 08:58:42",945.8,2,miaa1526
3923,16639731,williamrawling,"2026-09-13 05:09:26",944.6,2,williamrawling
3924,16730449,"Shinichiro Yoshida","2026-09-08 00:32:56",944.2,2,sysd00
3925,16690567,"Falih Kaleel","2026-09-13 12:54:08",943.8,2,alphajet185
3926,16737482,Lindicaphxag,"2026-08-27 03:41:59",942.5,2,oblivicore
3927,16702909,SG4265,"2026-09-07 21:14:54",942.2,2,sg4265
3928,16674744,"Burhan Ul Tayyab","2026-08-10 10:55:43",941.9,2,babychick
3929,16731924,CuddleYokai,"2026-08-19 10:57:11",941.6,2,cuddleyokai
3930,16833052,"we lose some 🏆","2026-09-10 16:11:54",940.1,2,sayangoswami
3931,16654122,"Peter Thompson","2026-08-10 17:59:36",939.0,2,mightytreefolk
3932,16639236,"Dhavan Shah","2026-08-12 18:20:38",938.2,2,dhavanshah99
3933,16696644,"Franklin T","2026-09-13 07:17:43",938.1,2,franklin0410
3934,16845420,"Terrance Luangrath","2026-09-08 05:41:53",937.5,2,tksluangrath
3935,16659610,gareeb,"2026-08-10 15:46:50",936.5,2,"arjund29,saqlainsqx,yashawl194"
3936,16694744,XiaoZhiren,"2026-08-10 13:03:56",936.1,2,"ruikangan,xiaozhiren"
3937,16676275,Scorpi,"2026-08-12 01:34:25",935.4,2,scorpi
3938,16664179,animelonerboy,"2026-08-09 15:52:55",935.4,2,adambasa5
3939,16661707,"Rudolf HOUNLETE","2026-08-09 11:41:08",935.3,2,queystanle
3940,16692678,Nerozud,"2026-09-10 07:36:41",934.5,2,"lorerubiano22,nerozud"
3941,16681464,Amyel21,"2026-09-13 09:49:57",934.3,2,amyel21
3942,16768453,phicis8911,"2026-09-12 04:05:14",934.3,2,phicis8911
3943,16732679,argon,"2026-08-19 08:32:47",933.5,2,argonlabs
3944,16689471,wenjinyang,"2026-08-11 13:32:09",933.2,2,wenjinyang
3945,16761975,lixiuqixiaoke,"2026-08-26 09:59:11",933.1,2,lixiuqixiaoke
3946,16667731,"Agent 33","2026-08-28 13:20:28",932.9,2,agent33
3947,16696852,MYGEMER,"2026-08-09 15:43:13",932.2,1,mygemer
3948,16644378,"hicham bedrani","2026-08-28 11:33:17",931.6,2,hichambedrani
3949,16666632,to1_10i,"2026-08-19 20:27:42",931.5,2,to110i
3950,16655210,Amon,"2026-08-16 06:09:04",930.9,2,kingaemon
3951,16658875,"Noah Bishop","2026-08-10 09:56:34",930.7,2,noahbishop1
3952,16654322,"Debatreya Biswas","2026-08-10 02:02:38",930.7,2,debatreyabiswas
3953,16663780,"Hamza Kanice","2026-08-09 00:08:11",929.8,2,hamzakanice
3954,16659585,"Anas Riaz","2026-08-08 20:20:23",929.8,2,anasriaz
3955,16624485,"Nishant Dahal","2026-08-10 02:24:42",929.8,2,nishantdahal
3956,16643233,"Marco DG","2026-08-11 06:20:14",929.5,2,marcodg
3957,16672075,"Kameron Green","2026-08-11 05:49:32",929.3,2,hgenix20
3958,16661249,Yaohui,"2026-08-26 14:59:02",929.3,2,yaohui85
3959,16659618,"Jeevan Jolly","2026-08-13 13:51:52",929.1,2,jeevanjolly
3960,16660594,XIAODOUZI,"2026-08-17 12:06:50",928.8,2,xiaodouzi666
3961,16756592,"Abdalrahman Eissa","2026-08-23 23:43:11",928.6,2,abdalrahmaneissa
3962,16652741,"Sergi Bas","2026-08-12 16:05:13",928.4,2,sergibas
3963,16684639,Bru3ll,"2026-08-09 15:50:45",927.7,2,bru3ll
3964,16672371,Loren-wen,"2026-08-09 13:23:49",927.4,2,wofusituerte
3965,16693374,"Henfry De Los Santos","2026-08-12 11:43:51",926.8,2,henfrydelossantos
3966,16657553,graceyunliu,"2026-09-13 13:12:30",926.2,2,graceyunliu
3967,16736429,Rudra278,"2026-08-18 12:07:42",926.1,1,rudra278
3968,16880278,jiayi2627,"2026-09-13 14:51:10",925.6,2,jiayi2627
3969,16638998,"khalid harouach","2026-09-02 14:19:04",925.4,2,khalidharouach
3970,16850522,WayneCheng,"2026-09-08 08:07:59",925.3,2,taffy1883
3971,16679347,"Youssef EL MSIYAH","2026-08-09 12:07:55",924.8,2,youssefelmsiyah
3972,16760101,"Big Moo","2026-08-25 00:52:06",924.1,2,abdullahramadan1
3973,16652214,Zhenrui.Weng,"2026-08-09 06:45:10",924.0,2,zhenruiweng
3974,16689697,Kmart0112,"2026-09-09 14:36:00",923.8,2,kmart0112
3975,16724895,russ,"2026-08-19 08:55:30",923.6,2,mdevian
3976,16746592,Harvester,"2026-08-21 13:57:05",923.2,2,yudhis16
3977,16790115,Starumi,"2026-08-31 00:39:22",923.1,2,starumi
3978,16722500,"Mike Murunov","2026-08-16 15:18:17",922.9,2,mikhailmurunov
3979,16653262,"tianwen zhang1","2026-08-08 16:21:18",922.1,2,tianwenzhang1
3980,16674353,"Lakshmanan R","2026-09-02 06:32:53",922.0,2,lakshmanankumar02
3981,16780967,"black hole sun","2026-09-01 02:25:21",920.4,2,danielefiorino
3982,16688893,CCG,"2026-09-13 07:58:30",920.3,2,"hirokenn,nagomenk"
3983,16713031,"Nahid Hossain Redom","2026-08-13 15:38:30",920.3,2,nahidhossainredom
3984,16623034,"Vlad Kochetov","2026-08-10 21:43:51",920.3,2,vladkochetov07
3985,16675305,"Justin Sabu Sebastian","2026-08-22 23:19:57",920.3,2,justinsabusebastian
3986,16663928,Auxileon,"2026-08-09 16:20:13",920.0,2,auxileon
3987,16645078,"A Aswanth Raj","2026-08-09 08:57:36",919.4,2,aaswanthraj
3988,16854347,"Arul Gandhi","2026-09-12 10:19:13",919.4,2,arulgandhi
3989,16695182,"Ali Haydar Özdağ","2026-08-10 14:29:59",919.3,2,ahoirg
3990,16623461,MightyK,"2026-08-09 05:36:23",918.8,2,anhhkhoi
3991,16876520,OpenModelMap,"2026-09-13 12:30:56",918.7,2,openmodelmap
3992,16884836,"Brooks Shun","2026-09-13 05:33:12",918.0,2,mapmicro
3993,16699784,nianyu,"2026-08-10 09:46:32",917.6,2,nianyuc
3994,16662718,xlnt,"2026-08-22 12:37:49",916.9,2,"princebisht,xlnt404"
3995,16664409,"Kathi Munishwar","2026-08-09 03:37:05",916.7,1,kathimunishwar
3996,16683909,"Krzysztof ""Chris"" Karaszewski","2026-08-14 08:41:11",916.5,2,futureofworkchannel
3997,16724233,"Rafal Porwol","2026-09-05 05:10:39",916.1,2,rafalporwol
3998,16692883,coolguy,"2026-08-08 20:56:21",915.8,1,vihangpagare334
3999,16695799,Vaycheslav,"2026-09-13 14:04:41",915.2,2,vaycheslav
4000,16667994,"Zhian Wei","2026-09-11 06:57:54",914.6,2,zh1anwe1
4001,16663668,"╰┈➤ˎˊ˗ www.sleepyai.org","2026-08-08 23:49:32",914.4,2,tahsinarafat
4002,16694065,zhangwei02,"2026-08-30 09:29:12",914.1,2,zhangwei02
4003,16698467,"Ra'uf Fauzan Rambe","2026-08-10 04:29:13",913.8,2,rauffauzanrambe
4004,16879949,"Du Yutong","2026-09-13 07:47:28",913.2,2,duyutong6
4005,16658746,marinxbt,"2026-09-11 14:18:24",912.6,2,marinxbt
4006,16668758,"Aman Vishwakarma","2026-08-09 17:33:00",912.0,2,amanvishwakarma01
4007,16783642,base_camp_2002,"2026-09-13 20:49:14",911.8,2,basecamp2002
4008,16635330,tekatoncat,"2026-08-16 23:42:10",911.8,2,tekatoncat
4009,16660430,"Hassaan Ibrahim","2026-08-10 12:45:55",911.7,2,hassaanibrahim
4010,16857685,"waves wang","2026-09-10 03:29:00",910.9,2,cliwave
4011,16639496,"Sai Teja Bandaru","2026-08-11 14:51:49",910.8,2,saitejabandaruin
4012,16870350,praneethb7,"2026-09-11 08:50:53",910.4,1,praneethbudati
4013,16683036,"Ritesh Thawkar","2026-08-14 08:34:08",910.1,2,riteshthawkar
4014,16698735,Larfii,"2026-08-21 18:01:02",910.1,2,larfii
4015,16683982,Kenny,"2026-08-16 19:43:13",908.6,2,kmonar
4016,16672660,"Straw Hat","2026-08-11 06:14:47",908.6,2,"anuragugargol,tanishafagare114"
4017,16659627,"Lam Dang","2026-09-13 20:02:00",908.6,2,lamdang
4018,16840254,"Alexander Liu","2026-09-13 19:21:39",908.3,2,alexanderzhiyuanliu
4019,16685116,huanghaoyu7280,"2026-09-11 10:00:17",907.9,2,huanghaoyu7280
4020,16670545,"Mouad AIT HA","2026-08-18 20:03:55",907.7,2,mo0103
4021,16857505,"DL Loz","2026-09-11 00:43:18",907.4,2,dllogic
4022,16680646,Naym0425,"2026-08-14 04:20:36",907.2,2,naym0425
4023,16657598,"Arun Mallikarjuna","2026-08-10 04:29:14",907.0,2,arunmallikarjuna
4024,16652827,"Rob C","2026-08-14 03:04:30",906.6,2,robertcheah
4025,16734498,kazuhiro3381,"2026-09-12 14:08:42",905.9,2,kazuhiro3381
4026,16631101,"Muneeb ul Hassan","2026-08-10 09:56:41",905.7,2,muneeb2405
4027,16734490,Tomeiser,"2026-09-11 00:08:43",905.2,2,tomeiser
4028,16684852,後藤将斗,"2026-08-24 14:51:20",903.8,2,masato09
4029,16622487,"Sam kramer_1028","2026-08-18 09:40:58",903.8,2,samkramer1028
4030,16671314,"Robot Farm","2026-08-29 16:54:23",903.8,2,codearranger
4031,16670202,"Elizabeth Park","2026-08-09 20:33:17",903.6,2,elizabethpark
4032,16685828,Ztr0,"2026-08-09 05:53:10",903.0,2,y1amadeus
4033,16674881,"Saisree Dhanasekaran","2026-08-20 08:09:07",902.3,2,saisreedhanasekaran
4034,16679683,Aberrchan,"2026-08-08 17:44:32",902.2,2,aberrchan
4035,16644150,"J.M.Mubasshir Rahman","2026-08-09 17:15:01",902.0,2,jmmubasshirrahman
4036,16635518,"ROFIQUL ALAM SHEHAB","2026-08-09 11:49:00",901.9,2,rofiqulalamshehab
4037,16789865,AgroByte-dev,"2026-09-02 14:39:25",901.7,2,ylyasyylkybayev
4038,16662592,"Vladislav Yushkevich","2026-08-09 14:54:24",901.5,2,"crazyflyingsheep,vladislavyushkevich"
4039,16694317,"PRITIKA SA","2026-08-09 07:17:19",901.0,2,pritikasa
4040,16667245,"KAIWALYA RAUT","2026-08-09 09:04:25",900.8,2,kaiwalyaatulraut
4041,16749776,DataLover,"2026-08-20 16:34:37",900.6,1,paulknidler
4042,16726173,"Aman Bihari","2026-08-23 12:51:05",899.4,2,amanbihari
4043,16623189,"Aditya Mishra","2026-08-09 03:42:06",898.8,2,adityamishranika
4044,16656296,Fususu,"2026-09-05 04:32:44",898.5,2,phuongncn
4045,16676025,"Csaba József","2026-08-31 19:31:00",898.4,2,"jcsaba,peterkiss4"
4046,16690897,"Ashok Kumar Garain","2026-08-08 13:26:11",897.4,1,ashokkumargarain
4047,16688579,"Long Hu","2026-08-09 09:41:04",896.9,1,longhul
4048,16864086,"Cyper PSI","2026-09-11 00:54:29",896.8,2,cyberpsi
4049,16672980,"Thomas Prinz","2026-08-09 13:57:51",896.0,2,xardiphotography
4050,16720913,Candidates,"2026-08-23 17:18:05",895.9,2,"ulyanovmmm,vladimirarchipov"
4051,16655567,Heisnotanimposter,"2026-09-04 07:23:21",895.2,2,test013
4052,16665976,"Daksh Goyal","2026-08-08 20:36:06",894.9,2,dakshgoyal387
4053,16665500,"Madan kumar","2026-08-13 17:31:57",894.7,2,winklemad
4054,16854059,"Gökmen KÜÇÜKAYDIN","2026-09-12 21:03:52",894.6,2,gkmenkkaydin
4055,16792989,ALKRIS,"2026-08-31 14:35:26",894.5,2,wasimjbuh
4056,16667124,"Chaotic Era","2026-08-12 01:26:13",893.6,2,sani84
4057,16805171,Mario,"2026-09-13 20:54:52",893.5,2,mwalkiew
4058,16692970,LakoMoor,"2026-08-09 17:43:25",893.2,2,lakomoor
4059,16847663,Kanny912,"2026-09-13 02:43:55",893.2,2,kanny912
4060,16864018,Dennislin,"2026-09-12 01:23:31",892.9,2,dlbyte
4061,16848546,"TaoMark Tao","2026-09-13 10:22:40",892.4,2,taomarktao
4062,16684568,"[ODS] waniz","2026-08-08 11:04:42",892.0,1,wanizz
4063,16768449,"Dmitry Volovikov","2026-09-13 21:24:18",891.8,2,dmitryvolovikov
4064,16665935,eternitywinner,"2026-08-08 14:41:53",891.8,2,eternitywinner
4065,16655497,cszf_first,"2026-08-09 02:06:46",891.7,2,cszffirst
4066,16884782,"Julia Tsin","2026-09-13 05:21:56",891.5,2,tokenrank
4067,16857723,"Denise Mo","2026-09-11 01:01:12",890.9,2,maskgen
4068,16669711,"Anton Shaniuk","2026-08-09 12:46:11",890.6,2,antonshaniuk
4069,16659730,"Zhang Yingluo","2026-08-10 08:15:53",890.6,2,zhangyingluo
4070,16857753,"zhichen yang","2026-09-13 02:28:26",890.5,2,clipcode
4071,16661100,"Muhammad Junaid","2026-09-06 21:24:50",890.4,2,junaid512
4072,16884751,PSTE,"2026-09-13 05:17:23",890.0,2,pychat
4073,16870251,lossvis,"2026-09-12 01:35:22",889.9,2,lossvis
4074,16670406,"jessica jennifer","2026-08-20 15:55:41",889.4,2,jessicajennifer
4075,16857621,"yunwen shen","2026-09-11 00:44:23",889.2,2,cudastack
4076,16851444,"Vũ Tuấn","2026-09-11 09:47:13",888.9,2,vtunksdlvnj6
4077,16653984,"Howard Lyu","2026-08-08 18:35:00",888.8,2,howardlyu
4078,16832686,DongShangYu,"2026-09-13 18:19:08",888.8,2,dongshangyu
4079,16623485,XtraLearning,"2026-08-09 17:10:36",888.2,2,xcessivesmash
4080,16672247,"Movie Watch2022","2026-08-18 19:48:12",888.0,2,moviewatch2022
4081,16870229,"Huning Yi","2026-09-13 02:30:07",887.6,2,nnmerge
4082,16860457,corebase,"2026-09-12 01:27:22",887.2,2,corebase
4083,16864185,fluxdev,"2026-09-13 02:32:06",887.0,2,fluxdev
4084,16660385,"Jose Santiago Echevarria","2026-08-25 12:02:45",886.3,2,jmsechevarria
4085,16847300,"Lam PayGi","2026-09-08 02:02:17",886.1,2,lampaygi
4086,16845514,"Long Fang","2026-09-10 13:36:18",885.7,2,fanglong
4087,16705440,Lannuo,"2026-09-11 07:32:04",885.5,2,lannuo
4088,16711725,meatori-nu,"2026-09-05 13:40:48",885.4,2,meatorinu
4089,16760247,kriskur123,"2026-09-06 00:03:53",885.4,2,kriskur123
4090,16830079,"Quan Vu","2026-09-04 11:35:57",885.3,2,quan0095
4091,16864047,Castaldo,"2026-09-12 01:28:06",885.2,2,llmrun
4092,16857488,THFuller,"2026-09-10 03:13:42",884.8,2,neoist
4093,16676038,"Adyanth M","2026-08-09 05:12:40",884.5,2,adyanthm
4094,16625472,"luna is free！","2026-08-29 16:39:51",884.5,2,simingtan
4095,16641535,Tutti,"2026-09-06 15:16:23",884.3,2,malk271828
4096,16671515,ziheng,"2026-08-07 09:47:38",884.0,2,zihengedie
4097,16658278,"Malcolm Durosaye","2026-08-18 20:59:51",883.9,2,malcolm95
4098,16870218,"Les Owen","2026-09-13 02:25:51",883.9,2,hyperacc
4099,16694751,im_justmatthew,"2026-08-10 11:27:00",883.1,2,imjustmatthew
4100,16667219,"Komil Parmar","2026-08-08 10:00:55",883.1,2,komilparmar
4101,16799997,Yitao111,"2026-09-09 06:29:02",882.6,2,yitao111
4102,16640332,"ning gu","2026-08-21 00:01:22",882.6,2,morninggu
4103,16845557,lh123463,"2026-09-12 11:38:32",882.5,2,lh123463
4104,16857762,zetaex,"2026-09-10 03:41:10",882.0,2,zetaex
4105,16660259,Marcus,"2026-08-08 17:23:34",881.9,2,marcuseno
4106,16847456,waHAHA,"2026-09-07 09:53:07",881.0,1,wangshen1994
4107,16870241,Yuranan,"2026-09-12 01:33:29",880.9,2,opscfg
4108,16807134,"Chaowei Liang","2026-09-09 01:53:25",880.9,2,chaoweiliang
4109,16660101,Zarathustra,"2026-08-12 02:48:18",880.7,2,rezkyadytama
4110,16670040,galaxyhunter,"2026-08-17 19:22:06",879.6,2,pkharkwal
4111,16639645,RamenBoy,"2026-09-08 14:38:35",879.2,2,ramenboyjapan
4112,16854523,"Mingsi Guo","2026-09-13 02:20:22",879.2,2,mingsiguo
4113,16709126,"Jamie Nojek","2026-09-13 07:34:07",878.9,2,jamienojek
4114,16815105,"Saurav Chaudhari","2026-09-03 08:46:53",878.8,2,saur3x
4115,16671174,Alexandre008,"2026-08-09 12:29:49",878.5,2,alexandre008
4116,16692469,neoistheone,"2026-08-08 18:38:13",878.4,1,neoistheone
4117,16828106,AG,"2026-09-12 19:53:38",878.3,2,lacroix7771
4118,16670361,"Saud Saudesen","2026-08-15 22:16:42",878.2,2,saudsaudesen
4119,16683439,Goober,"2026-08-10 19:46:41",877.2,2,kongzhisyuen
4120,16662161,"Touhidul Alam Seyam","2026-08-10 12:39:51",877.2,2,seyamalam
4121,16630372,Q.qlmmm,"2026-08-24 18:25:02",877.2,2,qlammi
4122,16680075,I_luv_magick,"2026-08-07 09:50:30",877.0,2,iluvmagick
4123,16732008,"Phoebe Lin","2026-09-05 01:05:06",876.3,2,phoebe0511
4124,16661132,"Jia Chen","2026-09-10 20:04:02",875.9,2,jiachenjasper
4125,16631665,"jatan sanghvi","2026-09-07 14:03:17",875.9,2,jatansanghvi
4126,16673604,"Jiman Kwon","2026-08-21 17:23:47",875.8,2,jimankwon
4127,16692677,"Ashish Dubey","2026-08-10 06:17:34",875.8,2,ashish124536
4128,16713590,"Александр Арутюнян","2026-08-13 05:20:18",875.6,2,alexarut17
4129,16659958,brainpick,"2026-08-24 21:54:50",875.3,2,prathvirajpalekar
4130,16864121,"Eddie Dk","2026-09-12 01:32:38",874.6,2,daskrank
4131,16660613,今日洗澡明日香,"2026-08-07 09:58:49",874.6,2,"jasperkag,ryjiang,timmengzh,yningc"
4132,16857636,"Adura Sia","2026-09-11 00:45:17",874.4,2,bitsmini
4133,16661739,"Spandan Mhapsekar","2026-08-08 10:39:41",874.3,2,spandanmhapsekar
4134,16681226,"tingting shen","2026-08-10 09:24:23",874.1,2,tingtingshen99
4135,16663457,Furqan102102,"2026-08-09 12:02:35",873.6,2,furqan102102
4136,16870201,"Siemon Wong","2026-09-13 02:24:43",873.6,2,opsneo
4137,16866974,"Haoyang David Dong","2026-09-13 12:15:16",873.4,2,haoyangdaviddong
4138,16686843,"Juraj Zelman","2026-08-09 08:40:09",873.3,2,jurajzelman
4139,16864025,Carolines,"2026-09-12 01:24:42",873.2,2,dsbeta
4140,16689084,Tam1m,"2026-08-29 09:56:39",873.1,2,booleanwolf
4141,16666358,"GAYATHRI SALINI","2026-08-07 07:55:26",872.9,2,gayathrisalini09
4142,16669930,"Ilya Klimanov","2026-08-25 13:30:13",872.7,2,ilyaklimanov
4143,16664242,"Alex Lee","2026-08-11 03:43:12",872.3,2,aiexanderr
4144,16838800,"LEE Dailun","2026-09-09 13:59:27",871.1,2,peterccll
4145,16666946,pwxc00,"2026-09-08 20:49:33",870.9,2,alert04
4146,16835621,"Atharv Santosh","2026-09-05 02:49:27",870.8,1,atharvsantosh
4147,16684762,X-xuhui,"2026-08-08 10:07:58",870.2,2,xxuhui
4148,16661899,AAI,"2026-08-09 14:23:08",870.0,2,aiolapo
4149,16736559,"Team Rot-Weiß","2026-08-19 13:22:35",869.9,2,moritzpaal
4150,16676677,"Clark Stéphane","2026-08-07 18:58:45",869.6,2,clarkstphane
4151,16884814,"Stcey Cong","2026-09-13 05:29:41",869.4,2,loopide
4152,16869317,Pikachuexeallen,"2026-09-12 19:46:36",869.4,2,pikachuexeallen
4153,16702674,"Varun S G","2026-08-25 12:24:45",868.2,2,warun7
4154,16630249,"Aymar Avohoueme","2026-08-20 10:22:33",868.0,2,aymaravohoueme
4155,16680408,mochogo,"2026-08-07 05:42:33",867.5,1,mochogo
4156,16657989,"vishnu gopal P","2026-08-08 12:27:56",867.3,2,vishnugp
4157,16698071,nixotrix,"2026-09-07 21:16:50",867.3,2,nixotrix
4158,16666826,"Simone di costanzo","2026-08-07 19:38:11",867.1,2,simonedicostanzo
4159,16841868,彭文龙,"2026-09-11 02:37:57",867.0,2,pengwenlong
4160,16640582,Attension_Seeker,"2026-08-10 06:57:51",866.9,2,aisipu
4161,16671372,"Meet Sabhaya","2026-08-08 06:02:13",866.9,2,meetsabhaya
4162,16633276,"Nolan Liang","2026-08-09 03:26:47",866.7,2,iamlkn
4163,16870268,cvcost,"2026-09-13 02:31:01",866.3,2,cvcost
4164,16670065,"Artyom Sayapin","2026-08-18 23:40:18",865.9,2,spielmeister
4165,16679848,Nikola010,"2026-08-13 16:29:19",865.7,2,nikola010
4166,16728633,draven,"2026-09-12 07:35:01",865.4,2,ustchx
4167,16639125,"Caio Coelho","2026-08-09 15:38:12",865.1,2,caio41
4168,16655156,"Pranjal Ranjan","2026-08-06 23:58:43",864.6,2,pranjalranjan299
4169,16760841,KIsXcl,"2026-08-24 14:34:11",864.6,2,kisxcl
4170,16665015,"laiba razzaq10","2026-08-07 14:21:49",864.5,2,laibarazzaq10
4171,16670221,fle3n,"2026-08-08 19:48:37",864.5,2,fleongg
4172,16644552,Keanan,"2026-08-08 11:35:17",864.1,2,citerne
4173,16795676,cold_star,"2026-09-04 03:54:22",863.7,1,a406161167
4174,16634174,phibkro,"2026-08-07 03:10:52",862.9,2,phibkro
4175,16624003,weedfarmer,"2026-08-08 05:34:16",862.9,2,aleksanderhan
4176,16658499,Grifun,"2026-08-09 03:24:51",862.7,2,msingatullin
4177,16885548,"Anand Kumar 369o","2026-09-13 12:05:58",862.4,1,anandkumar369o
4178,16677399,lyts,"2026-09-13 19:17:03",862.3,2,lytsyyds
4179,16720234,Aditya109,"2026-09-08 05:20:00",862.1,2,"aditya109,tathagattyger"
4180,16670117,"Raj Aryan","2026-08-07 18:15:04",861.9,2,rajaryan2503
4181,16885336,"Hanya Zhang","2026-09-13 07:52:32",861.6,1,hanyazhang
4182,16663569,XYZ,"2026-09-06 00:11:35",860.4,2,h249748fkv7lyhik897
4183,16639280,"Faruk Çiftler","2026-08-09 11:27:46",860.1,2,abdullahfaruk
4184,16633043,"Ryan Adams","2026-09-08 23:48:54",858.9,2,ryanadamsai
4185,16667091,"Nico Feiler","2026-08-07 14:27:47",858.7,2,nicofeiler
4186,16669491,"Parakh Sharma","2026-08-06 10:59:33",858.5,2,parakh20
4187,16678930,"Just a moroccan","2026-08-09 13:45:12",858.4,2,zbidaamine
4188,16664283,"Nguyễn Hữu Công","2026-08-07 05:24:48",858.2,2,nguynhucng
4189,16670058,"Dahoui Alex Armel ","2026-08-07 01:02:07",858.1,2,dahouialexarmel
4190,16663369,csteeve,"2026-08-07 18:44:37",857.6,2,csteeve
4191,16688898,"Sanskar Omar","2026-08-09 11:10:44",857.4,2,sanskaromar7
4192,16622788,Fitzcarraldo,"2026-08-07 14:17:24",857.2,2,ivankuc
4193,16783131,Hawkeye,"2026-09-03 07:15:17",856.6,2,pragneshbagary
4194,16664775,DoubleZs,"2026-08-06 02:55:02",856.4,2,zhang051018
4195,16664666,"Rheal Thomas","2026-08-21 19:29:44",856.3,2,rhealthomas
4196,16671403,"Alex Karpowicz","2026-08-08 18:36:52",856.3,2,alexkarpowicz
4197,16670378,"Ari Carter","2026-08-08 23:18:02",855.8,2,aricarter
4198,16634468,"Kun Zhang","2026-09-01 11:38:47",855.2,2,beicicc
4199,16630441,"yjhv buddies","2026-08-07 09:50:05",855.1,2,bender1123123
4200,16862944,Luchsus,"2026-09-11 20:42:13",855.0,2,jansteindlstarlinger
4201,16685358,"Nuno Ferreira","2026-08-07 13:48:37",854.6,1,ngcferreira
4202,16670671,"TAUIL Abd Elilah","2026-08-11 01:17:39",853.7,2,tauilabdelilah
4203,16660537,Furina,"2026-08-08 13:52:01",853.2,2,cjlcjlcjl
4204,16678288,"Speedrun retirement","2026-08-30 18:59:23",852.9,2,"josephkimanikamau,nanducode"
4205,16639606,Peach2587,"2026-08-12 03:19:13",852.8,2,momokayoshioka
4206,16683852,"Abhiram Anil","2026-08-08 06:26:11",852.7,2,abhiramanil
4207,16656934,"Aleks Kolesnik","2026-09-13 20:17:55",852.4,2,aleksandrkolesnik
4208,16677240,"Jeevan Malla","2026-08-07 07:37:46",852.2,2,jeevanmalla
4209,16685990,VictorAndrew,"2026-09-05 22:20:04",852.0,2,vicktvr
4210,16668034,ggggalaxy,"2026-08-28 04:56:40",851.8,2,ggggalaxy
4211,16687463,"Manolo Chow","2026-08-09 22:56:20",851.7,2,manolochow
4212,16655763,"Diogo Sena","2026-08-22 17:08:45",851.7,2,diogodmsena
4213,16658709,"Kaggler Albafica","2026-08-06 10:05:39",851.6,2,kaggleralan
4214,16732667,Doug,"2026-08-26 23:26:49",851.3,2,dougsgrott
4215,16668668,"George Byne","2026-08-25 10:10:36",851.3,2,georgebyne
4216,16656941,"Winter Lamb","2026-09-09 08:07:56",850.4,2,fabiansyahcahyo
4217,16660120,gktdgktdgktd,"2026-08-07 07:50:45",850.3,2,gktdgktdgktd
4218,16658789,Zhanpeng.W,"2026-08-08 10:05:26",850.0,2,zhanpengw
4219,16681986,"Chirantan Bhardwaj","2026-08-07 10:07:52",849.7,1,chirantanbhardwaj
4220,16742442,"Anton Dugin","2026-08-21 09:51:07",849.7,2,antondugin
4221,16666686,yolo,"2026-08-08 12:08:38",848.9,2,avin55
4222,16659820,Accayo14,"2026-08-06 14:20:30",848.8,2,accayo14
4223,16665529,Venneth,"2026-08-08 12:32:20",848.5,2,venneth
4224,16677675,"Roman Mironov","2026-08-06 17:30:28",848.5,1,helloromiro
4225,16848841,Spacejam,"2026-09-07 16:15:52",848.3,1,spacejam1221
4226,16653117,"li jiaqi77","2026-08-07 05:32:06",848.2,2,lijiaqi77
4227,16827859,"Ishraq Tanvir","2026-09-04 08:38:08",848.2,2,ishraqtanvir
4228,16681480,"Kevin Nguyen","2026-08-14 18:16:29",847.3,2,haidangnguyen1802
4229,16663591,"Joseph Franck","2026-08-25 10:07:56",847.3,2,josephfranck
4230,16654626,bgsszsa,"2026-08-07 12:01:33",847.2,2,bgsszsa
4231,16669971,"Luka Philip","2026-08-08 16:09:32",846.5,2,lukaphilip
4232,16669273,Parag,"2026-08-07 02:10:29",846.5,2,paragkale
4233,16731259,"Manvik singh rathore","2026-08-30 17:18:55",846.1,2,manviksinghrathore
4234,16729472,"Boris Pletenev","2026-08-16 17:23:56",845.9,1,borispletenev
4235,16682336,"Çınar Efe Yetişen (Student)","2026-08-19 08:29:20",845.7,2,narefeyetienstudent
4236,16678506,SireeshLimbu,"2026-08-08 08:39:43",845.6,2,sireesh
4237,16675027,namanbnsl,"2026-08-06 13:02:52",845.4,2,namanbnsl
4238,16669518,Galagala,"2026-08-07 18:35:59",844.7,2,b12705059
4239,16653855,"Klgv Klgv","2026-08-06 11:54:38",844.5,2,klgvklgv
4240,16775781,"Gideon Oba","2026-09-12 15:09:00",844.4,2,gideonoba
4241,16677188,Nicooni,"2026-08-06 16:35:01",843.4,1,nicooni
4242,16753826,"Jai Mata Di","2026-08-31 10:09:11",843.4,2,mrigshira
4243,16659525,"Dang Khoa Nguyen","2026-08-17 09:51:16",843.1,2,khoadangnguye
4244,16866155,gomamonaka,"2026-09-12 10:10:10",842.9,2,gomamonaka
4245,16654832,mohit,"2026-08-07 00:01:08",842.8,2,mohitvarred
4246,16673002,xubenzheng,"2026-08-07 15:40:31",842.7,2,xubenzheng
4247,16653939,"Amr Yasser","2026-08-06 17:56:07",842.5,2,amryasswe
4248,16621802,fgwiebfaoish,"2026-08-13 12:21:54",842.4,2,fgwiebfaoish
4249,16690829,JeremyH43,"2026-08-16 00:06:30",842.0,2,jeremyh43
4250,16675753,Khafidin,"2026-08-12 05:16:26",841.9,2,khafidin
4251,16657957,"Mounika Kommireddy","2026-08-08 07:57:32",841.6,2,mounikakommireddy
4252,16666625,"Nguyen Ngoc Thien","2026-08-07 16:12:04",841.6,2,ngocthienai
4253,16668545,Ronty00,"2026-08-06 08:24:07",841.5,2,ronty00
4254,16653208,FabienDaniel,"2026-08-07 10:17:38",841.4,2,fabiendaniel
4255,16676280,agniii,"2026-08-06 17:05:08",841.2,2,agniii
4256,16758431,"Mathews Jere","2026-08-26 18:10:25",841.2,2,mathewjere
4257,16664827,"Jose Miguel Diez de la L","2026-08-07 16:08:49",840.8,2,josemigueldiez
4258,16658025,"Dennis Gioche","2026-08-06 09:08:34",840.6,2,dennisgioche
4259,16762722,"Bruno Romero García","2026-08-31 20:24:32",840.4,2,brunoromerogarca
4260,16672629,"Alex Boyd","2026-09-06 15:37:19",840.4,2,alexrayboyd
4261,16880045,"Underground Farmers","2026-09-13 13:04:19",840.2,2,xavierwi
4262,16659000,xjlgg123,"2026-08-08 12:35:10",839.9,2,xjlgg123
4263,16705242,"Chonghao Peng","2026-09-04 21:45:52",839.5,2,chonghaopeng
4264,16662730,Operator-X,"2026-08-08 10:06:04",839.2,2,"jpexee,lavlinjaisonme23b250"
4265,16632446,"Abdul Wahab Khan","2026-08-06 04:53:37",839.1,1,abdulwahab2321
4266,16641326,IY,"2026-08-05 19:27:31",838.0,2,irotrader
4267,16658723,"Waleed Alkhateeb","2026-08-05 13:31:44",837.6,2,waleedalkhateeb
4268,16665353,Sakshamm2587,"2026-08-17 16:50:43",837.5,2,sakshamm2587
4269,16690889,"B A S E L #","2026-08-08 14:47:22",837.5,2,basselll
4270,16658717,"Aditya Kapadia","2026-08-06 14:32:16",837.2,2,adityakapadia2003
4271,16668060,"Spiros Skarmoutsos","2026-08-08 12:48:07",835.9,2,spirosskarmoutsos
4272,16660091,bcTiann,"2026-08-06 05:55:54",835.6,2,bctiann
4273,16623798,RuiKimura4,"2026-08-27 00:30:45",835.6,2,ruikimura4
4274,16642579,"Desyat IO","2026-08-09 17:31:59",835.6,2,desyatio
4275,16668029,Timbo615,"2026-08-07 11:56:21",835.2,2,timbo615
4276,16658384,UwU,"2026-08-10 04:20:44",834.5,2,sewitz
4277,16637919,NoOneAhead,"2026-08-07 05:12:50",834.2,2,jerrlu
4278,16744809,"Ruben Romero Fernández-Monge","2026-08-25 18:00:39",834.0,2,salieri7
4279,16630758,"Keshav Joshi","2026-08-20 18:53:37",833.6,2,keshavjoshi22
4280,16652986,"Justin Kimlim","2026-08-26 03:12:37",833.3,2,justinkimlim
4281,16807875,meghana,"2026-09-10 23:44:54",833.2,2,meghana284
4282,16729165,コーラ,"2026-08-23 07:30:40",833.0,2,cola0912
4283,16654623,"Asher Goldstein","2026-08-09 17:54:27",832.9,2,ashergoldsteincd21
4284,16665898,chengsongtao,"2026-08-23 00:12:59",832.8,2,cheng618
4285,16625908,trantrikien239,"2026-08-06 04:32:29",832.5,2,trantrikien239
4286,16742806,"Oğuz Karabulut","2026-09-11 07:47:41",832.3,2,ouzkarabulut
4287,16665169,"Rahul Barakoti ITM","2026-08-07 10:58:30",832.2,2,rahulbarakotiitm
4288,16823948,"Alexey Stepanov","2026-09-04 21:57:25",832.0,2,alexey0508
4289,16656118,Mutte1904,"2026-08-07 05:03:56",832.0,2,mutte1904
4290,16655076,"Tita Kongolo","2026-08-08 09:08:57",831.6,2,titakongolo
4291,16665431,"Monojit Nandy","2026-08-06 11:50:38",831.5,2,vedarthmn
4292,16658670,EveryJust,"2026-08-07 08:33:35",831.4,2,"everyjust,zfc666wsnd"
4293,16639583,typeIIIfairy,"2026-09-10 10:11:22",831.2,2,typeiiifairy
4294,16665561,LuoXingda,"2026-08-07 08:22:42",831.1,2,luoxingda
4295,16631016,木下陽平,"2026-08-06 14:52:20",830.8,2,yoheikaggle
4296,16665256,zhoujqi,"2026-08-06 18:31:31",830.7,2,zhoujqi
4297,16782792,"[Deleted] bdc3c175-811b-438f-9c3a-c2d9c80c106a","2026-08-29 07:16:45",830.3,2,del=e8b93c44cf962f9e
4298,16669608,"Jesy Lu","2026-08-13 16:21:53",830.2,2,jesylu
4299,16792568,李秉叡（ntumlnoob）,"2026-09-13 19:19:44",830.1,2,ntumlnoob
4300,16673155,"Babar Khilji","2026-08-06 15:55:26",830.0,2,babarkhilji
4301,16635612,Julian,"2026-09-13 07:06:19",829.9,2,mob404
4302,16671844,I2nfinit3y,"2026-08-07 02:27:10",829.9,2,i2nfinit3y
4303,16672520,"Nah I'd win","2026-08-07 08:09:12",829.9,2,asutriy
4304,16655423,"Roland Luethy","2026-09-10 15:48:38",829.4,2,rluethy
4305,16635890,Poojan,"2026-08-06 09:44:47",829.0,2,poojankumartandel
4306,16633132,"Kaggledew Valley","2026-09-12 07:39:01",828.9,2,yanzhou06
4307,16764419,"Leo #2","2026-08-30 08:17:12",828.4,1,nanlihao
4308,16753820,sbite0138,"2026-09-10 14:12:17",828.1,2,sbite0138
4309,16673179,"Muhammad Faraz Aftab","2026-08-09 10:18:58",828.1,2,muhammadfarazaftab
4310,16656393,"Faris Abqari","2026-08-07 00:15:25",828.0,2,farisabqari11
4311,16802341,"Yousef Turk","2026-09-08 04:00:16",827.2,2,yousefturk
4312,16656347,OctahedronBB,"2026-08-07 00:52:27",827.1,2,octahedronbb
4313,16887142,backsider,"2026-09-13 21:04:41",827.0,2,backsider
4314,16652896,"R^2 negative","2026-08-04 23:14:38",826.9,2,rktqwe
4315,16654486,alijs,"2026-08-06 14:27:22",826.6,2,alijs1
4316,16667606,Manifolds1,"2026-08-06 16:36:46",826.5,2,ptrakuldit
4317,16644861,"kanzaler ensemble","2026-08-11 14:30:36",825.7,2,kanzalerensemble
4318,16642154,Burkina_team_mate,"2026-08-06 15:30:54",825.6,2,"belemkalilou,tedjosegregorybere"
4319,16664368,"Ujjwal Reddy","2026-08-10 19:43:26",825.4,2,ujjwalreddyks
4320,16797785,"Vivek Verma","2026-08-31 20:36:45",825.4,2,cosmicescape
4321,16667479,"Leon Christians","2026-09-13 17:12:37",825.2,2,leonchristians
4322,16655353,"Pablo Montenegro","2026-08-09 02:13:47",825.0,2,pablomontalb
4323,16657094,irynavs,"2026-08-13 13:23:56",824.8,2,irynavs
4324,16757741,"Malte Bories","2026-08-25 20:08:35",824.8,2,maltebories
4325,16660361,"Abhishek Sharma","2026-08-26 10:21:10",824.7,2,abhisheksharma425
4326,16773064,"Sonu Yadav","2026-09-13 20:27:23",824.7,2,sonuyadav710
4327,16664170,SpookyHippo,"2026-08-06 02:44:29",824.2,2,spookyhippo
4328,16659727,shuaiqiyang,"2026-08-06 08:48:53",823.9,2,shuaiqiyang
4329,16635781,wacata,"2026-08-19 14:53:05",823.9,2,wacata
4330,16698538,"Haozhe Wang 2022","2026-08-24 00:50:02",823.9,2,haozhewang2022
4331,16669400,"Martin Konôpka","2026-08-06 12:16:13",823.8,2,rumburakk
4332,16745450,GusNicho,"2026-08-24 03:30:55",823.6,2,pineapplepencil
4333,16660555,"Nguyễn Nhật Thanh","2026-08-07 03:45:29",823.5,2,nguynnhtthanhhhhh
4334,16670807,mannogun,"2026-09-04 23:15:49",823.5,2,arcanejumper
4335,16790145,"Casper du Jardin Kejser","2026-09-04 09:12:34",823.3,2,casperdujardinkejser
4336,16792155,abc,"2026-09-03 06:45:13",823.1,2,"datqg0,quangnguyn132"
4337,16726025,"Yanrun Chen","2026-09-07 12:15:23",822.9,2,yrchen98
4338,16699080,"Karthikeya Thatipamula","2026-09-12 04:52:19",822.8,2,karthikeya18
4339,16770724,Louras,"2026-08-26 09:49:05",822.5,2,louras
4340,16694399,"Sujith Kumar Sashikanth","2026-08-10 00:01:32",822.5,2,sujithsashi
4341,16667714,ZhexinJiang,"2026-08-06 11:26:30",822.3,1,zhexinjiang
4342,16658173,Tamizharuvi,"2026-09-13 17:45:21",822.1,2,tamizh1
4343,16666242,"Lalwani Palash","2026-08-08 07:45:46",821.8,2,lalwanipalash
4344,16854521,koumiyata,"2026-09-13 20:03:20",821.8,2,koumiyata
4345,16671407,JBro13,"2026-08-07 02:29:02",821.7,2,jbro13
4346,16666301,"James Felipe","2026-09-03 05:42:24",821.7,2,jamesfelipe
4347,16802695,"Taras Sam","2026-09-07 17:36:00",821.6,2,tarassam
4348,16668995,"MD.Firoj Khondokar","2026-08-06 11:05:13",821.6,2,mdfirojkhondokar
4349,16664819,"SUBHASRI  S","2026-08-23 04:02:41",821.5,2,subhasri2007
4350,16711556,"Avvy Lavoienne","2026-08-18 04:44:16",821.5,2,avvylavoienne
4351,16681065,SYC,"2026-08-07 03:22:25",821.2,1,yichengs
4352,16658265,kraken,"2026-09-05 15:23:26",821.1,2,krn0209
4353,16639043,"saroj bono","2026-08-28 18:42:55",821.1,2,sarojbono197
4354,16676283,jnurik,"2026-08-07 17:24:01",821.1,2,nurdauletmoldik
4355,16677774,"Abdulatif Mahgoub","2026-08-28 13:26:27",821.1,2,abdulatifmahgoub
4356,16669542,Agzam,"2026-08-06 05:09:43",820.6,2,mazgag
4357,16758174,REBEL_K,"2026-08-27 18:30:45",819.9,2,rebelk
4358,16654271,"Sophie and Yanna","2026-08-19 17:08:47",819.7,2,"morty3500,sophanie"
4359,16722487,Zotar,"2026-09-13 20:47:38",819.5,2,chunhinma
4360,16875632,HexTex,"2026-09-12 04:34:49",819.2,2,hexlab
4361,16702796,Yavuz.YILMAZ,"2026-09-07 12:22:45",819.1,2,yvztpe
4362,16643193,"Shoroogh Ahmadi","2026-08-13 10:36:43",818.9,2,shorooghahmadi
4363,16732722,Kusanagi,"2026-08-24 21:52:54",818.4,1,kusanagiap
4364,16664360,"Rohan L","2026-09-06 04:08:41",818.4,2,rohanlopes
4365,16664518,senxichong,"2026-08-13 04:28:32",817.9,2,senxichong
4366,16659045,Rai1,"2026-08-08 11:53:28",817.4,2,rai2003
4367,16639241,"Alissa King","2026-08-04 05:05:30",817.0,2,alissaking
4368,16665230,"Jack Burley","2026-09-04 21:01:15",816.7,2,jackburley
4369,16664400,Boruiyang21,"2026-08-05 14:56:03",816.7,2,boruiyang21
4370,16679237,"Danilo Sepúlveda","2026-08-06 21:26:28",816.1,1,daniloseplveda
4371,16656345,sunchang71,"2026-08-05 14:05:13",816.0,2,sunchang71
4372,16662872,"Artem Garbart","2026-08-05 09:41:29",815.8,2,artyomgarbart
4373,16718916,"ROBERT SSEBAMBULIDDE","2026-08-14 19:21:24",815.7,2,robertssebambulidde
4374,16653085,"haoran huang430","2026-08-06 02:37:22",815.2,2,haoranhuang430
4375,16659883,"Ahmad Hfdx5","2026-08-05 03:33:48",815.0,2,ahmadhfdx5
4376,16674550,"Jebastin Nadar","2026-08-06 10:09:16",814.7,2,samfc10
4377,16666609,"visit palja.co","2026-08-15 03:34:49",814.5,2,sselrats
4378,16840819,clammpon,"2026-09-12 21:49:41",814.5,2,clammpon
4379,16658213,"Ahmet Abdullah Gültekin","2026-09-13 00:20:03",814.3,2,abdullahgultekin
4380,16684470,"Soumi Ghosh","2026-08-11 10:59:07",813.7,2,soumighosh911
4381,16673682,MJ.LIU.T,"2026-08-06 08:14:05",813.5,1,mjliut
4382,16735488,"arhaan rai","2026-09-01 19:18:46",813.5,2,arhaanrai
4383,16656304,"Gururaj Athani","2026-09-12 02:26:55",813.3,2,gururajathani
4384,16742362,"AMANI DD","2026-08-23 08:02:47",813.1,2,dkonan
4385,16657861,"Liao Zixu","2026-08-25 04:28:34",813.1,2,liaozixu
4386,16748741,"pt ptao","2026-08-26 12:50:45",813.0,2,ptptao
4387,16654726,"James Mancillas","2026-08-07 15:46:12",812.9,2,jamesmancillas
4388,16886420,infoproje,"2026-09-13 12:58:25",812.9,2,infoproje
4389,16668357,"B.Pardha Manoj Reddy","2026-08-24 16:57:25",812.7,2,pardhamanojreddy
4390,16621709,smlcr,"2026-08-04 19:35:19",812.7,2,simulacri
4391,16719793,dhuruvapriyan,"2026-08-14 16:06:42",812.4,2,dhuruvapriyan
4392,16663899,"Abdelrahman Aboegela","2026-08-05 13:54:26",812.1,2,abdelrahmanaboegela
4393,16652900,cjen07,"2026-08-07 23:33:05",812.1,2,cjen07
4394,16635679,WUHAOZHE618,"2026-08-15 04:08:45",810.6,2,wuhaozhe618
4395,16623236,"Yonatan Nemtsov","2026-08-06 00:28:01",810.2,2,yonatannemtsov
4396,16794125,"Xero Scythe","2026-09-02 18:57:39",810.1,2,xeroscythe
4397,16678965,MrGS,"2026-08-09 01:18:09",810.1,2,gabrielsderhll
4398,16751999,"Poorna Sai Dumpa","2026-08-25 01:03:04",809.9,2,poornasaidumpa
4399,16624977,Avikumar93801,"2026-08-11 05:55:19",809.2,2,avikumar93801
4400,16654209,"Nirav Mehta 1612","2026-08-10 15:41:47",809.2,2,niravmehta1612
4401,16753850,"Ahmad Ali","2026-09-09 17:58:10",809.1,2,ahmadali1243534
4402,16661019,lmq,"2026-08-04 14:47:23",808.9,2,lmminhquang
4403,16744640,"Marcin Skalski","2026-09-01 18:25:08",808.8,2,marcinskalski
4404,16660853,"lxh unbound","2026-08-05 00:02:02",808.0,2,lxhunbound
4405,16796145,Qian,"2026-09-01 15:04:00",808.0,2,"aurelianz,qianyuchaoni"
4406,16727696,Milkman,"2026-08-19 15:05:17",807.4,2,talhasahi
4407,16661754,edwinis,"2026-09-12 06:29:42",806.7,2,edwinis
4408,16654081,"Aleksei Ponomarev","2026-08-06 00:43:57",806.6,2,alekseiponomarev
4409,16655828,ack07,"2026-08-06 04:52:07",806.4,2,its07amit10
4410,16758889,bomboclat,"2026-08-30 08:52:08",806.3,2,sstprk
4411,16633808,mmath2,"2026-08-07 10:52:38",806.1,2,mmath2
4412,16632138,kaggle_bbgg,"2026-08-05 11:59:35",806.0,2,kagglebbgg
4413,16770912,IsonaEi,"2026-08-26 12:48:48",806.0,1,isonaei
4414,16638909,mbscgi,"2026-08-04 22:48:03",805.7,2,mbscgi
4415,16664300,"swajay nandanwade","2026-08-05 04:57:10",805.7,2,swajaynandanwade
4416,16734312,truebelief,"2026-09-09 00:11:41",805.4,2,truebelief
4417,16660819,nya654nya,"2026-08-07 04:47:33",805.3,2,nya654nya
4418,16797134,Yooho0,"2026-09-07 16:25:05",805.1,2,yooho0
4419,16624600,ariacat,"2026-08-06 07:16:44",804.8,2,ariacat
4420,16658684,"Takayuki Michishita","2026-09-13 11:00:03",804.3,2,takayukimichishita
4421,16658261,"Manan Khanna","2026-08-04 07:41:27",804.3,1,manankhanna0
4422,16666147,"Khalid Bin Hethlain","2026-09-12 14:48:30",804.3,2,khalidbinhethlain
4423,16878119,Aryan.Ahl,"2026-09-13 20:48:38",804.2,2,aryanahl
4424,16885561,goodpjw2008,"2026-09-13 12:20:26",803.8,1,goodpjw2008
4425,16791977,JeremyLIU858,"2026-09-13 03:48:31",803.5,2,jeremyliu1997
4426,16660824,"Stitch Clarity","2026-08-04 15:27:53",803.4,2,stevenanctil
4427,16698045,"Vikhas S G","2026-09-07 06:12:25",803.0,2,vikhassg
4428,16807575,Rf28,"2026-09-03 10:29:55",802.7,2,rehyyy
4429,16668329,HakimTaoufik,"2026-08-18 13:06:18",802.5,2,hakimtaoufik
4430,16866086,"Table Feng","2026-09-13 05:50:35",802.4,2,tablefeng
4431,16625663,sota1111,"2026-09-03 01:43:41",802.1,2,sota1111
4432,16630964,LEEKANG,"2026-08-03 14:10:21",802.1,2,poby7722
4433,16675203,HK,"2026-08-06 11:38:05",801.7,1,hizurukonishi
4434,16656420,"Aditya Raj #2","2026-08-18 16:37:49",801.7,2,optimus2005
4435,16666245,"Cagatay Morcicek","2026-08-13 06:53:40",801.4,2,thisismylabs
4436,16625013,sash,"2026-08-05 01:00:10",801.4,2,sash2104
4437,16670304,"Daniel Tomaro1","2026-08-09 03:03:06",800.7,2,danieltomaro1
4438,16627023,Farrmer,"2026-08-05 08:02:35",800.4,2,noahfarr
4439,16668039,NotEnoughTokens,"2026-08-06 13:04:52",800.2,2,"adofai,jonghyun7777,taglink"
4440,16661410,tmxdlr,"2026-08-05 12:40:54",800.0,2,tmxdlr
4441,16729564,"Eirik Tveiten","2026-08-19 13:04:02",799.9,2,eiriktveiten
4442,16793461,"Muhammad Hokimiyon","2026-09-13 14:49:54",799.7,2,muhammadhokimiyon
4443,16729515,"Emmanuel Tolani","2026-08-29 15:03:36",799.7,2,emmanueltolani
4444,16690050,PersistentLife,"2026-08-08 17:16:17",799.7,2,persistentlife
4445,16699699,rudykane,"2026-08-11 16:06:34",799.1,2,rudykane
4446,16679155,jeziorop,"2026-08-06 20:34:53",798.8,1,jeziorop
4447,16667205,"Andrew Lee","2026-08-06 11:16:52",798.7,1,andrewlee23023
4448,16659217,Dynamic_fire07,"2026-08-05 18:51:51",798.6,2,"dynamicfire07,tryingmybest123"
4449,16872754,kitano0104,"2026-09-11 12:21:59",798.6,2,kitano0104
4450,16762634,"Clement Ling","2026-09-11 08:49:26",798.2,2,clementling
4451,16654707,ManasviSharma,"2026-08-19 19:42:41",798.0,2,manasvi821
4452,16629983,Amundsen,"2026-08-05 06:51:46",797.6,2,amundsen
4453,16693164,nuggettttt,"2026-08-09 02:14:22",797.6,2,nuggettttt
4454,16732022,Mosamosa,"2026-09-03 00:42:06",797.5,1,mosamosa
4455,16634078,"yoho kumedayo","2026-08-15 12:48:29",797.4,2,dorachinyastyle
4456,16632055,Bugra0,"2026-08-03 22:44:42",797.4,2,bugra0
4457,16818086,wwewwt,"2026-09-08 05:44:07",797.3,2,wwewwt
4458,16659676,Light,"2026-08-05 03:07:39",797.3,2,aadarshashrestha007
4459,16670765,"tensor choko","2026-08-05 23:03:23",796.8,1,tensorchoko
4460,16659033,"Farzana Shaju","2026-08-05 07:18:29",796.8,2,"farzanashaju,shaikhharisjamal"
4461,16655534,"Charles Mills","2026-08-06 16:40:27",796.8,2,charlesqmills
4462,16641489,suminshim,"2026-08-03 06:24:39",796.6,2,suminshim
4463,16664890,ideal_m99,"2026-08-06 00:00:33",796.6,2,idealm99
4464,16661010,"Dante Dyches-Chandler","2026-08-05 04:36:09",796.5,2,dantedycheschandler
4465,16623812,"SeshuRaju 🧘‍♂️","2026-08-25 13:12:13",796.4,2,seshurajup
4466,16819277,"Enshi Zhang","2026-09-05 16:26:29",796.2,2,enshizhang31
4467,16657077,_LT_zyc,"2026-08-05 01:01:42",795.6,1,zyczyc
4468,16663178,Sm00thiecodes,"2026-08-07 11:00:29",795.6,2,sm00thiecodes
4469,16667547,"miaoqing long","2026-08-06 03:31:43",795.6,2,miaoqinglong
4470,16811628,"Roger Yang","2026-09-08 03:12:08",795.5,2,rogerjyang
4471,16656009,"Steven Liu","2026-08-31 06:25:02",795.5,2,thornkey
4472,16764081,"Demir Durbakayım","2026-08-29 21:21:56",795.1,2,sixcode
4473,16654153,"Mateus Cruz, Msc.","2026-08-03 17:44:02",795.0,1,matteuscruz
4474,16662946,uzair,"2026-08-04 18:40:46",794.9,2,quantumcurator
4475,16825081,huohuaya,"2026-09-09 06:09:50",794.7,2,huohuaya
4476,16791873,Sanjay,"2026-09-02 16:41:53",794.6,2,sanjay6727
4477,16839782,"mou chen111","2026-09-05 15:00:04",793.8,2,mouchen111
4478,16644390,"Manan Gupta","2026-08-05 17:08:32",793.6,2,obirdy
4479,16702509,KošičanSVK,"2026-08-17 18:04:22",793.4,2,ryanstoner
4480,16656308,"Srishanth Sriramula","2026-08-08 09:02:13",793.1,2,srishanthsriramula
4481,16662496,KhalidKhan,"2026-08-05 05:31:07",792.9,2,feedfeed
4482,16655712,"Smart Manoj","2026-08-04 01:55:13",792.8,2,smartmanoj
4483,16656171,ishu,"2026-08-04 03:27:45",792.8,2,ishhverma
4484,16660939,"Quenux Studio","2026-09-03 17:07:26",792.7,2,dieguis1976
4485,16759171,"Leonid Kozinkin","2026-09-11 12:35:53",792.6,2,leon7archer
4486,16665399,"Shivam Shrivastava","2026-08-13 15:32:37",792.5,2,shivamshrivastava180
4487,16678250,"RMS Danaraj","2026-09-08 19:52:43",792.4,2,salorajan
4488,16683764,bf01,"2026-08-21 21:19:05",792.3,2,jalperov
4489,16663407,Denis,"2026-08-11 17:42:21",792.1,2,matsiusheuski
4490,16665994,Rakhansyah,"2026-08-25 13:08:20",792.1,2,rakhansyah
4491,16823938,"Santanu Banerjee","2026-09-13 07:05:31",792.0,2,santanubanerjee9
4492,16660318,"Aiman Al-Shalfi","2026-09-13 17:00:32",791.8,2,aimanalshalfi
4493,16656170,"Chakrabhuana V  Deva","2026-08-05 06:54:50",791.8,2,chakrabhuanavdeva
4494,16661376,"YERMES AMINE","2026-08-04 14:13:45",791.4,1,yermes
4495,16623665,Giba,"2026-08-05 22:44:41",791.4,2,titericz
4496,16660376,"Ahmed Sedky 0100","2026-08-06 20:56:37",791.2,1,ahmedsedky0100
4497,16669282,sky233,"2026-08-06 17:06:04",791.0,2,sky233
4498,16644566,"Guangjian Dong","2026-08-02 23:59:18",790.9,1,guangjiandong
4499,16665764,"izh yng","2026-08-21 06:16:21",790.8,2,izhyng
4500,16663096,Agola_dasacic,"2026-08-04 20:07:50",790.6,2,mnu303
4501,16635159,Abdulsamad,"2026-08-06 11:48:04",789.8,2,abdulsamadjod1234
4502,16644774,lungjyuanz,"2026-08-07 01:03:20",789.6,2,lungjyuanz
4503,16662568,RaghavMundhra1,"2026-09-09 04:47:38",789.6,2,raghavmundhra1
4504,16655493,TheDigitalCK,"2026-08-07 12:31:58",789.3,2,thedigitalck
4505,16858849,"Mark Diamond","2026-09-12 21:05:40",788.8,2,ponkle
4506,16659093,YangGod,"2026-09-09 03:31:29",788.8,2,yanggod
4507,16660470,"Oğuz Kaan Mavice","2026-08-28 09:39:58",788.7,2,oguzkaanmavice
4508,16866109,AAA-建材批发旭哥,"2026-09-12 03:44:40",788.6,2,aaawenxu
4509,16643095,ckyasb,"2026-08-05 14:39:42",788.6,2,ckyasb
4510,16656503,"Thiago Munhoz da Nóbrega","2026-08-04 20:47:37",788.5,2,thiagommtmn
4511,16658616,"Amitesh Chaudhary","2026-08-11 10:04:02",788.5,2,amiteshchaudhary
4512,16809515,"Александр Трифонов","2026-09-12 20:13:15",788.3,2,cybrvibe
4513,16637519,Temprao,"2026-08-03 12:16:43",788.1,1,maruimono928
4514,16739551,arao,"2026-08-28 21:24:55",787.9,2,anjanarao
4515,16657817,"rohith sai midigudla","2026-08-05 12:36:40",787.9,2,rohithsaimidigudla
4516,16655530,AlivRick,"2026-08-05 16:18:54",787.8,2,alivrick
4517,16664291,"William Dennis","2026-08-11 07:57:27",787.7,2,williamdennis
4518,16687135,"Kavya Bhandari","2026-08-22 17:20:43",787.4,2,kavyabhandari1998
4519,16666163,"Muthuraman Raman 7","2026-08-06 05:25:09",787.1,2,muthuramanraman7
4520,16634752,"Praise the SHOVEL","2026-08-03 16:16:28",787.0,2,barnobarno
4521,16667503,Yuzuki,"2026-08-05 12:19:45",787.0,1,yuzukiohya
4522,16632686,strike,"2026-08-06 06:21:38",787.0,2,nicolia
4523,16661670,sansm1,"2026-08-04 16:54:59",786.8,2,sansm1
4524,16740633,zhangtingyu11,"2026-08-20 04:34:32",786.8,2,zhangtingyu11
4525,16706993,Celibistrial,"2026-09-03 20:28:20",786.2,2,celibistrial
4526,16642207,"Nerijus Areska","2026-08-04 00:01:32",785.8,2,nerijusareska
4527,16643922,Konstantin03,"2026-09-07 17:03:30",785.8,2,konstantin03
4528,16805598,"I'm just trying out here QQ","2026-09-02 22:31:17",785.8,2,zadatt
4529,16661532,"Fedor Baart","2026-08-05 12:34:21",785.7,1,fedorbaart
4530,16876706,"zijun zhang","2026-09-11 17:47:11",785.4,1,kongmu0503
4531,16767453,IterumVici,"2026-09-06 19:28:10",785.4,2,iterumvici
4532,16652630,stars_w,"2026-08-25 17:13:04",785.2,2,starsw
4533,16636148,SanggeunParrk,"2026-08-05 04:04:32",785.1,2,sanggeunparrk
4534,16623932,"Axel Ahmer","2026-09-07 15:54:12",784.9,2,blondie1
4535,16650018,EiMengLove,"2026-08-05 10:27:31",784.8,2,konicty
4536,16632250,"Mesut Gözdemir","2026-08-05 17:54:14",784.8,2,gfkfu123
4537,16623540,TheDuck,"2026-08-22 15:50:49",784.4,2,jaxroth
4538,16663273,"Mason Frias","2026-08-06 22:57:08",784.3,2,masonfrias
4539,16695555,S4K50M,"2026-08-12 14:39:41",784.2,2,setiasaksham
4540,16654419,kreiack,"2026-08-09 23:47:00",784.1,2,kreiack
4541,16716522,"Lavanya Bacche","2026-08-17 08:43:40",784.0,1,lavanyabacche
4542,16652079,Infill,"2026-09-13 18:01:04",784.0,2,infill
4543,16806003,"Hazqeel Afyq","2026-09-08 07:26:33",783.6,2,hazqeelafyqathaillah
4544,16630111,jannchie,"2026-08-04 19:09:17",783.6,2,jannchie
4545,16713463,"Dillen Perumal","2026-08-29 16:39:37",783.4,2,dxllen
4546,16786115,"Andy Phan","2026-09-07 01:10:28",783.3,2,andyphan
4547,16663052,gh,"2026-09-13 21:30:08",783.3,2,grzegorz
4548,16772626,"Dr. Mikholae Hutchinson","2026-09-05 19:48:53",783.2,2,drmikholaehutchinson
4549,16686707,"Sébastien henry","2026-09-13 14:23:16",783.2,2,sebmontreal
4550,16665293,"ADITYA BEECHA","2026-08-10 05:16:38",783.1,2,bechaaditya
4551,16655396,Tesla1AC,"2026-08-08 08:18:09",783.0,2,mathornton
4552,16695556,"Prajwal Dongre","2026-08-12 08:53:42",783.0,2,prajwaldongre
4553,16677752,"Senya Ka","2026-08-08 19:16:00",782.9,2,m1greatcool
4554,16676054,"Vladislav Konstantinov","2026-08-08 09:33:35",782.8,2,vladkonstantinov
4555,16644185,"Mimic Mohsin","2026-08-02 18:38:46",782.8,1,mimicmohsin
4556,16680239,"Marinto Richee J","2026-08-12 08:21:02",782.6,2,marintoricheej
4557,16653958,seowoohyeon,"2026-08-06 11:48:06",782.6,2,seowoohyeon
4558,16652560,"Ahmed Samir","2026-08-03 12:15:01",782.2,2,ahmedsamir1598
4559,16654946,AliLucky,"2026-08-05 15:07:59",782.2,2,alilucky
4560,16644882,"SAMOILOV MIKHAIL","2026-08-03 02:10:04",781.7,1,samoilovmikhail
4561,16622312,"Malak Reda","2026-08-03 09:02:41",781.6,2,malak457
4562,16661229,Gena,"2026-08-04 15:18:42",781.5,2,gdonchyts
4563,16659565,Tekin24,"2026-08-13 21:25:21",781.4,2,tekin24
4564,16639471,CaminoLSY,"2026-08-05 01:22:09",781.3,2,lsy37521
4565,16637797,"Xiangchen Li","2026-08-04 09:47:59",781.3,2,xiangchenli07
4566,16854074,yudai_000111,"2026-09-11 11:06:03",781.3,2,yudai000111
4567,16765743,page0526,"2026-08-26 02:08:11",781.2,2,page0526
4568,16664565,"Wayne Chou","2026-08-05 12:30:14",780.8,2,ambientz
4569,16654006,"Harish Dhanarajan","2026-08-03 17:23:50",780.6,1,harishdhanarajan
4570,16823751,"Tyler Knecht","2026-09-12 15:13:33",780.1,2,tknecht
4571,16657942,"Gokul Prasath","2026-08-04 23:38:18",780.1,2,beastgokul
4572,16806251,"Seok Jun Kim","2026-09-08 07:51:16",779.9,2,sjk1225
4573,16622760,yunus_bayram_kagle,"2026-08-04 07:49:00",779.9,2,yunusbayramkagle
4574,16658264,XiweiZhou,"2026-09-06 23:35:58",779.7,2,xiweizhou
4575,16623524,"Marcus Vinicius","2026-09-12 14:47:50",779.2,2,marcux777
4576,16650396,RaymondZhao0304,"2026-08-04 00:39:30",779.1,2,raymondzhao0304
4577,16670099,"Jon Snyder","2026-08-06 00:27:21",779.1,2,snyderj1515
4578,16655596,Bela,"2026-08-04 01:18:06",779.0,1,istribaik
4579,16655294,Mobzya,"2026-08-26 23:11:15",778.2,2,mobzya
4580,16622482,"Veniamin Nelin","2026-08-04 19:40:18",778.1,2,veniaminnelin
4581,16657294,"Ragul M","2026-08-04 07:08:51",778.0,2,ragul7002
4582,16663099,"Md. Abdullah Al Mamun","2026-08-05 02:16:43",777.9,2,mamun18
4583,16632426,Santhana,"2026-09-06 07:54:19",777.6,2,santhanalekshmic
4584,16875907,"Yash Mathur","2026-09-12 09:53:56",777.4,2,yashmathur03102001
4585,16650701,"Oliver Wang","2026-08-03 16:17:36",777.3,2,oliverwang15
4586,16623542,Stardrop,"2026-09-04 05:44:53",777.0,1,wscmisx
4587,16622015,"Ioannis M","2026-08-06 08:12:21",776.7,2,imeintanis
4588,16634213,kkunizaw,"2026-08-03 20:47:58",776.5,2,kkunizaw
4589,16640683,Jason-Oh,"2026-09-13 19:03:54",776.1,2,dossantoss
4590,16677965,felipe9695,"2026-08-12 21:23:05",776.1,1,felipe9695
4591,16871907,"Junya _318","2026-09-13 14:24:38",776.0,2,junya318
4592,16847548,"Abhinav Sai Podugu","2026-09-10 06:59:09",775.0,2,abhinavsaipodugu
4593,16655588,"The Devil's World 678","2026-08-07 10:39:23",774.4,2,thedevilsworld678
4594,16640811,cyberia,"2026-08-02 09:12:23",774.0,1,cyberia
4595,16651180,yangyefd,"2026-08-03 08:42:57",773.8,1,yangyefd
4596,16806635,digimagi,"2026-09-02 05:47:57",773.7,1,digimagi
4597,16706738,Moriarty,"2026-09-08 17:43:23",773.5,2,mikhailkachalin
4598,16658562,mashBrian254,"2026-08-04 10:48:33",773.2,2,mash1990
4599,16658048,"Joel jaison 391","2026-08-05 02:31:57",773.2,2,joeljaison391
4600,16881685,"Vladislav Mlechko","2026-09-12 16:41:48",772.8,1,vladislavmlechko
4601,16659874,"ding yumeng","2026-08-26 11:59:06",772.5,2,dingyumeng
4602,16659761,cheng-han,"2026-08-06 08:16:10",772.4,2,neoshie
4603,16656444,"christopher athans crow","2026-08-05 00:08:13",772.3,2,cchrisaa
4604,16734321,SubratP85,"2026-08-25 21:03:35",771.9,2,subratp85
4605,16634022,"Cihan Atak","2026-08-02 16:00:43",771.6,2,cihanatak
4606,16641093,"Satish ","2026-08-20 04:18:42",771.4,2,satishkommanaboina
4607,16668633,peien5,"2026-08-06 14:44:47",771.3,2,peien5
4608,16855147,Kao0207,"2026-09-12 12:32:12",771.2,2,kao0207
4609,16789903,"Netanel Keidar","2026-09-13 20:05:27",770.9,2,netanelkeidar
4610,16630760,dkzmn,"2026-09-04 08:59:03",770.8,2,dmkzmn
4611,16672672,Koiiiiiopen,"2026-08-08 06:25:21",770.6,2,koiiiiiopen
4612,16664439,"Tony T","2026-09-10 12:16:04",770.5,2,thekke
4613,16818689,Takashi,"2026-09-12 10:43:09",770.2,2,takashi1
4614,16633083,bsenst,"2026-08-07 12:38:47",769.9,2,bnzn261029
4615,16659435,Zerabyte_X,"2026-08-04 09:52:16",769.9,1,zerabytex
4616,16656337,"Prashant Kikani","2026-08-04 04:03:37",769.8,1,prashantkikani
4617,16666900,sooflee,"2026-08-12 14:19:50",769.5,2,sooflee
4618,16639330,"Dead Signal Works","2026-08-02 12:40:32",769.3,2,brooklynhalmstad
4619,16747914,"Token's Expired","2026-08-22 16:25:39",768.9,2,"adeebshekh,akratisingh0101,shaankapoor21"
4620,16632694,8ct10nz,"2026-08-04 12:02:49",768.7,2,act10nz
4621,16651613,"Devin Zhou","2026-08-05 02:27:36",768.6,2,devinzhou
4622,16653122,Wei_Chance,"2026-08-23 10:25:14",768.4,2,bystanderq
4623,16632757,taopy2,"2026-09-13 14:52:46",768.3,2,taopy2
4624,16658852,"Chhaya Awasthi","2026-08-04 09:37:05",768.3,2,chhayaawasthi
4625,16667730,"Surya Vijjeswarapu","2026-09-03 18:49:07",768.0,2,suryavijjeswarapu
4626,16770454,"Nawaf Almutairi","2026-09-12 19:23:12",767.4,2,nawafbalmutairi
4627,16631978,"batuhan kalem","2026-08-02 22:12:00",767.2,2,batuhankalem
4628,16623448,HoJoonYun,"2026-08-09 13:43:43",767.1,2,hojoonyun
4629,16663515,HamsterSashka,"2026-08-20 14:40:55",766.5,2,hamstersashka
4630,16774682,"Tatsuhito Yoshikawa","2026-09-04 02:14:45",766.2,2,tatsuhitoyoshikawa
4631,16763865,SydneyC666,"2026-08-26 08:50:40",766.1,2,sydneyc666
4632,16662904,Bharathms1902,"2026-08-08 11:41:54",766.0,2,bharathms1902
4633,16654235,"Mwanza Wambua","2026-08-06 10:16:13",765.8,2,mwanzawambua
4634,16693903,"Alief Randiansyah","2026-08-09 09:37:39",765.2,1,"aliefrandiansyah,salsaaghnia"
4635,16668361,NinhNguyen,"2026-09-12 12:55:39",764.7,2,ninhnt110695
4636,16700265,Reesav,"2026-08-10 14:15:06",764.6,2,reez08
4637,16632571,"nishchal jain","2026-08-03 07:27:14",764.6,2,nishchaljainds
4638,16644221,"Guzha Panashe H","2026-08-22 15:34:41",764.2,2,guzhapanasheh
4639,16631261,Monster,"2026-08-04 15:46:32",764.0,2,tmtngtrng
4640,16659996,Schwifty,"2026-08-12 20:01:01",763.9,2,schwiftyc137
4641,16715255,"xiaocai liu","2026-09-13 19:19:43",763.9,2,xiaocailiu
4642,16775250,Junrong,"2026-08-30 00:00:13",763.9,2,fjhgjf
4643,16769419,dylanaki,"2026-09-05 15:08:18",762.9,2,dylanaki
4644,16736314,"wuret henr","2026-08-20 09:10:48",762.8,2,wurethenr
4645,16658569,"Danu A.","2026-08-05 13:12:09",762.7,2,eu1234
4646,16663213,"Takahiro Someya","2026-08-10 22:03:09",762.2,2,takahirosomeya
4647,16662633,"Shekhar Suman","2026-08-15 19:17:49",762.0,2,shekharvc
4648,16655603,"Veeranuch Leelalai","2026-08-11 12:55:29",761.8,2,veeranuchleelalai
4649,16662094,"moncef elm","2026-09-05 21:39:39",761.5,2,moncefelm
4650,16632536,"Aleksander Sachuk","2026-08-02 21:33:27",761.4,2,alexsssachuk
4651,16672264,iiTz_AK,"2026-08-15 12:18:44",761.1,2,iitzak
4652,16732690,なーでぃー牧場,"2026-09-13 15:04:15",761.0,2,nadyresearcher
4653,16850098,"Bob Gerry","2026-09-09 05:35:31",760.5,2,bobgerry
4654,16730180,zshandy,"2026-09-08 04:57:54",760.5,2,zshandy
4655,16709136,ryanocm,"2026-08-13 15:08:49",760.3,2,ryanong
4656,16688884,"As Wasti","2026-08-14 01:34:26",760.2,2,aswasti
4657,16678666,"Rudranarayan Pradhan","2026-08-09 12:28:32",760.0,2,itzrnp
4658,16717448,getalife();,"2026-09-03 06:03:38",759.8,2,"byteknight28,dhairyapandya24,rounakagrwl"
4659,16809194,Ajanraj,"2026-09-13 21:34:22",759.8,2,ajanraj25
4660,16674543,"Sujal Agarwal2301","2026-08-09 13:37:43",759.5,2,sujalagarwal2301
4661,16669227,"Tom Dufresne","2026-08-07 11:17:39",759.2,2,tadufre
4662,16848207,vlad,"2026-09-10 14:19:33",758.8,2,khizanov
4663,16655339,harmo-miu,"2026-08-23 05:57:37",758.8,2,harmomiu
4664,16646360,"Asrith Singampalli","2026-08-03 08:46:59",758.8,2,asrithsingampalli
4665,16661685,"Lê Ngọc Lâm","2026-08-13 15:29:40",757.8,2,lengoclam
4666,16876275,"JOP OK","2026-09-12 12:06:55",757.1,2,fuveo24
4667,16764445,sukesuke012,"2026-09-03 01:40:16",757.0,2,sukesuke012
4668,16846490,MazharShaikh,"2026-09-12 04:53:27",756.6,2,mazharshaikh
4669,16797025,"Jonathan Glinton","2026-09-11 17:11:01",756.5,2,jonathanglinton
4670,16682908,"Masha Mashallah","2026-09-12 09:32:09",756.0,2,mashamashallah
4671,16755495,"Leo Udah","2026-09-13 10:31:32",755.9,2,leoudah
4672,16628727,dominyellow,"2026-08-04 11:44:21",755.5,2,dominyellow
4673,16763829,"Shane Thivaharraja","2026-09-13 01:03:07",755.3,2,shanethivaharraja
4674,16637489,"Gopal Krishna Gundumalla","2026-08-02 12:39:17",755.2,2,gopalkrishnag
4675,16738239,"Yaseen Shah7897","2026-09-08 05:57:15",754.8,2,yaseenshah7897
4676,16774787,wpk1122,"2026-08-29 01:54:49",754.7,2,wpk1122
4677,16658571,"Yusuke Sato","2026-08-27 03:06:42",754.7,2,wanko123
4678,16682353,"counter puncher","2026-09-13 15:15:50",754.6,2,ahmadabdoumalickdiop
4679,16655187,cmxu,"2026-08-05 05:31:07",754.5,2,cmxu77
4680,16634036,"Emanuel Lázaro","2026-08-02 14:55:30",754.2,2,emanuellcs
4681,16664221,Anish,"2026-08-14 00:53:48",754.1,2,anishmunje
4682,16775125,weimean,"2026-09-12 15:05:00",753.8,2,gtwm98
4683,16798334,"Gabriel othávio","2026-09-02 22:08:55",753.5,2,gabrielothvio
4684,16749524,zzholo,"2026-09-06 00:16:17",753.3,1,zzholo
4685,16679144,つるげーねふ,"2026-09-13 21:11:32",753.1,2,atom7666
4686,16663444,Thomas,"2026-08-11 04:21:42",753.0,2,tartieret
4687,16721639,"Ankit Sain","2026-08-25 01:14:02",752.9,2,thisankitsain
4688,16635680,starclan,"2026-08-14 17:50:55",752.8,2,starclan
4689,16737702,"kaneko takafumi","2026-09-10 23:23:28",752.8,2,kanekotakafumi
4690,16663187,"Teddy McBride","2026-08-07 03:59:53",752.7,2,tedcr100
4691,16661353,mithi,"2026-08-11 20:04:07",752.4,2,singhaleo
4692,16730199,kawanot,"2026-08-24 09:15:18",752.3,2,kawano
4693,16639719,JASONSLIMWONG,"2026-08-02 08:11:22",751.9,2,jasonslimwong
4694,16838956,"Michael Brown","2026-09-13 10:11:57",751.6,2,michaelbrown4343
4695,16671980,601918_กิตติพงศ์,"2026-08-08 08:28:12",751.0,2,bluexg5502
4696,16710621,(´･_･`),"2026-08-16 07:14:53",750.8,2,tanakh
4697,16667516,Rosastella,"2026-08-05 16:00:48",750.5,2,rosastella
4698,16667058,"Lê Quốc Duy","2026-08-08 01:03:08",750.5,2,lqucduy
4699,16698596,ymok,"2026-09-12 02:00:52",750.4,2,iromao
4700,16849443,"Abhishek Kumar Gupta","2026-09-08 17:27:49",750.1,2,guptabhishekumar
4701,16692569,"Mark Kirwan","2026-08-26 08:05:16",749.6,2,markkirwan1990
4702,16652339,"Mohamed Amine Rebhi","2026-08-03 16:03:07",749.5,2,mohamedaminerebhi
4703,16699091,Umkaaa,"2026-08-11 08:35:05",749.5,2,umkaaa
4704,16845664,fabio5050,"2026-09-11 03:40:24",748.9,2,fabio5050
4705,16679861,Pandabueno,"2026-08-12 15:51:48",748.9,2,ronaldomonzn
4706,16651157,StupidXie,"2026-08-25 12:48:35",748.7,2,stupidxie
4707,16664653,Adir,"2026-08-26 00:49:46",748.4,2,adiradam
4708,16636105,"Md. Mehedi Hasan","2026-08-01 14:03:03",747.9,2,mehedi052
4709,16745264,wpang,"2026-09-13 07:54:09",747.8,2,wangshu
4710,16639473,"Jeff Borschowa","2026-08-02 00:39:11",746.7,2,jeffborschowa
4711,16775242,"Timothee Henry","2026-09-12 07:25:32",746.5,2,timhenry
4712,16634876,MakiMakiAi,"2026-08-02 07:52:40",746.0,2,makimakiai
4713,16762719,"Ahmet Bilginoglu","2026-09-02 20:34:49",745.9,2,ahmetbilginoglu
4714,16678370,"Chenhao Wang","2026-08-07 06:37:46",745.5,1,wangles
4715,16639567,YassY_The_AlchemYst,"2026-08-11 15:07:03",745.5,2,yassineelhallaoui
4716,16760087,Slizzle,"2026-08-30 04:37:40",745.2,2,sloan98
4717,16882072,"Ahmed Isa Zaweel","2026-09-13 09:57:29",745.2,2,ahmedisazaweel
4718,16622940,"Enrico Ambrosio","2026-08-06 19:56:30",744.9,2,enricoambrosio
4719,16779063,"Yendrew Y","2026-09-13 13:31:37",744.6,2,yendrewy
4720,16658252,"Krishnan CS","2026-08-20 05:28:14",744.1,2,krishnanchathadi
4721,16623389,"Mominul Islam Hemal","2026-08-02 11:23:03",743.9,2,mominulislamhemal
4722,16672035,diet1236364,"2026-08-09 23:37:45",743.2,2,kosuke123
4723,16644415,Ztrk,"2026-09-03 17:04:24",743.0,2,ztrk123
4724,16623969,"Akira Imae","2026-09-13 19:33:23",742.8,2,imaeakira
4725,16677514,mayoristaNLP,"2026-08-09 16:33:23",742.6,2,mayoristanlp
4726,16758383,"Tong Jing Yen","2026-09-03 20:42:50",742.5,2,tongjingyen
4727,16654705,"Abu Saleh","2026-09-09 17:01:47",741.6,2,salehjunior
4728,16882001,"Satyam Pote","2026-09-13 00:00:04",741.3,2,satyampote
4729,16702932,kyconf,"2026-09-12 14:10:46",741.2,2,kyconf
4730,16678246,"Mark Holloway","2026-09-05 22:23:35",740.8,2,markholloway
4731,16678044,BJFC,"2026-08-16 09:15:05",740.7,2,"harshithharithsa,svsumanth"
4732,16883264,"João Felipe Aguiar","2026-09-13 15:32:14",740.7,2,joofelipeaguiar
4733,16835371,"Eli Ziv","2026-09-06 00:11:52",740.4,2,eliziv027
4734,16670759,"Lemmes Yad","2026-08-09 04:37:37",740.0,2,"austinsemmel,jonallday"
4735,16879199,遠藤裕人,"2026-09-13 18:11:30",739.9,2,back2525
4736,16663659,"Omer Rehman","2026-09-02 11:05:02",739.9,2,omerrehman97
4737,16679688,"Sathwik Chinthakayala","2026-09-13 14:58:43",739.4,2,sathwikchinthakayala
4738,16843436,ktaery,"2026-09-13 11:24:48",738.4,2,ktaery
4739,16623732,A.S.TENSHU,"2026-08-17 16:25:35",738.4,2,kirvk013
4740,16663200,BONES,"2026-08-31 06:05:00",738.3,2,tusharkumar23321032
4741,16663356,Farm-ops,"2026-08-06 23:27:37",738.0,2,"dakotavannauker,tsho01"
4742,16660548,"Viraj Bakshi","2026-08-08 18:50:11",737.6,2,virajbakshi
4743,16709800,nubx,"2026-08-20 17:12:04",737.5,2,manrajjitsidhu
4744,16748511,HarshPandey-yt-auto,"2026-09-13 19:20:04",737.2,2,harshpandeyytauto
4745,16773966,"Ronel Abraham Mathew","2026-08-26 16:05:26",737.2,2,ronelm
4746,16726617,"Chase Lebarv","2026-08-19 01:07:58",737.1,2,chaselebarv
4747,16670842,Cole,"2026-08-15 19:50:43",737.1,2,colechristensen
4748,16793626,"KO LIH HAN","2026-09-11 01:29:18",737.0,2,kolihhan
4749,16832844,aliREZA,"2026-09-12 01:16:34",736.8,2,afazlik1
4750,16718579,"Nazariy Karpov","2026-08-18 07:28:29",736.4,2,nazariykarpov
4751,16659174,Soulwood,"2026-09-06 04:56:32",736.4,2,soulwood
4752,16703203,"Hamza Shafik ","2026-08-17 23:48:06",736.3,2,hamzashafik12
4753,16707034,"Muhammed Ali Kul","2026-09-13 21:30:52",735.5,2,muhammedalikul
4754,16675452,Vladislav,"2026-08-12 13:58:35",735.5,2,simmeringoverstep
4755,16849153,"Zackary Loevseth","2026-09-08 06:14:48",734.0,2,zackaryloevseth
4756,16726769,"Ci Zhu","2026-09-09 04:10:37",733.7,2,zhuci1993
4757,16717665,"Christoffer Thimsen","2026-09-13 10:22:23",733.6,2,lowasitgoes
4758,16798401,"Hunter Mimaroglu","2026-09-02 22:00:37",733.1,2,huntermimaroglu
4759,16668923,"duy tran","2026-08-10 18:38:49",733.0,2,duytran23
4760,16664249,"Rohan Jain","2026-08-17 20:26:14",733.0,2,rohanjain2312
4761,16804027,ceir-ceir,"2026-09-03 19:11:09",732.8,2,ceirceir
4762,16795844,Azamaro,"2026-09-09 08:38:56",732.7,2,azamaro
4763,16823942,"jiajun chi","2026-09-06 04:18:22",732.7,2,jiajunchi
4764,16670365,"Konstantin Alekseev","2026-08-10 10:58:09",732.5,2,alekskst
4765,16643692,Samsay24,"2026-08-02 17:22:45",732.3,1,samsay23
4766,16688429,"Omrani Rabah","2026-08-11 22:19:21",731.9,2,omranirabah
4767,16759229,"Samuel Kurabachew","2026-08-28 22:17:20",731.8,2,samuelkurabachew
4768,16698366,Fateyongheng,"2026-08-17 15:08:58",731.6,2,fateyongheng
4769,16669466,"vuppuluri sriramsubhash","2026-08-06 08:42:50",731.3,2,vuppulurisriram
4770,16635848,KartoplyanePure,"2026-08-31 20:43:34",731.0,2,"danylotovp,wizardmp"
4771,16692350,"Emerson Suarez","2026-08-16 05:09:13",730.9,2,jericksystem32
4772,16654193,fvong,"2026-09-04 07:15:22",730.8,2,fvong35963
4773,16654491,"Amedeo Biolatti","2026-09-08 16:50:15",730.5,2,abiolatti
4774,16656167,"Minh Quang Do","2026-09-11 04:05:53",730.3,2,mrfreddy0209
4775,16688868,AlbanMaurel7,"2026-08-14 01:34:07",730.0,2,albanmaurel7
4776,16734511,"Marcin Salaterski","2026-09-13 13:33:21",729.3,2,marcinsalaterski
4777,16640877,Yorix.um,"2026-08-02 13:31:28",728.8,1,yorixum
4778,16635127,"Sergey Bryansky","2026-08-26 20:39:37",728.4,2,sggpls
4779,16670424,"Josep Audenis","2026-08-11 17:52:07",728.3,2,josepaudenis
4780,16673477,ArtFix,"2026-08-11 00:51:09",727.8,2,artfix
4781,16665654,"Anurag H H","2026-09-10 15:05:26",727.8,2,anur4ghh
4782,16770972,"Victoria Makarskaia","2026-08-27 12:28:53",727.6,2,victoriamakarskaia
4783,16862913,MLEDV,"2026-09-11 18:13:10",727.3,2,edwardvaines
4784,16863492,"Andrew Kalita","2026-09-10 03:32:25",727.2,2,andrewkalita
4785,16662138,"Luan He","2026-09-05 21:53:24",726.9,2,luanhe
4786,16716089,wuzixiao,"2026-09-08 03:36:02",726.8,2,wuzixiao
4787,16881453,"fahim magsi","2026-09-13 15:18:43",726.8,2,fahimmagsi
4788,16709905,Rospel,"2026-09-03 21:56:37",726.5,2,rospel
4789,16674532,"shoaib khan","2026-08-08 01:57:11",726.4,2,manifoldinfo
4790,16634582,"Tarun Chaudhary","2026-08-12 06:36:33",726.0,2,tarunchdev
4791,16659125,"Meet Parekh","2026-08-19 10:31:09",725.2,2,meetparekh1
4792,16758244,yumizu,"2026-09-12 23:13:57",725.2,2,yumizzzz
4793,16725150,"Nicolae Drabcinski","2026-09-01 11:45:51",725.2,2,nickdrabcinski
4794,16663584,"Deployable LLMs","2026-09-13 18:32:08",725.1,2,"lucasveronese,planetoidleser,sinhakprat"
4795,16775210,"Daniel LPD","2026-09-10 14:44:52",724.8,2,daniellpd
4796,16671622,"Isaac Diaz Lopez","2026-09-13 16:33:38",724.6,2,isaacdiazlopez
4797,16626217,"Stanislav Chistyakov","2026-08-05 18:52:47",724.5,2,chistyakov
4798,16688587,yamashu,"2026-08-14 09:55:48",724.1,2,yamashuuu
4799,16726093,CocoTeam,"2026-08-18 14:22:45",723.7,2,"albaasca,ceemeese"
4800,16656379,"Jay Gautam","2026-08-12 12:19:40",723.5,2,jaygautam007
4801,16659749,"Kavsik YVS","2026-08-22 19:30:45",723.2,2,kavsiku0512
4802,16702430,"ZeLong Leo","2026-09-09 11:41:24",722.5,2,zelongleo
4803,16822111,hikarimaru,"2026-09-10 14:07:36",722.5,2,hikarimaru
4804,16692954,"Adam Nhan","2026-08-16 19:10:48",722.4,2,asnhan
4805,16657419,"Saivedant Hava","2026-08-05 06:36:39",722.3,2,saivedanthava
4806,16664024,"Juan David Bolanos","2026-08-13 17:06:00",722.1,2,juandavidbolanos
4807,16652334,"Aldibek [dsmlkz]","2026-08-27 19:33:18",722.0,2,aldibek
4808,16854935,이순신,"2026-09-13 05:58:45",722.0,2,tenkojun
4809,16662984,"Mark Schatza","2026-08-25 15:40:39",721.7,2,markschatza
4810,16854339,"ML Underdogs","2026-09-10 12:45:50",721.5,2,mdjubairhasan
4811,16633923,JackyFan123,"2026-08-01 15:22:04",721.3,2,jackyfan123
4812,16664103,izack2666,"2026-08-07 14:41:10",721.2,2,izack2666
4813,16718039,Uman_n3l,"2026-08-31 14:40:32",721.0,2,umann3l
4814,16758204,kkKaan,"2026-08-24 07:56:58",720.9,2,kkkaan
4815,16661467,sh_sub97,"2026-08-12 15:20:25",720.5,2,shsub97
4816,16641068,"Rahul Ray","2026-08-05 14:27:07",720.3,2,rahulray5
4817,16763977,"Jong Park","2026-08-26 09:21:40",720.0,2,papercat318
4818,16717414,"Akshit Sivaraman","2026-08-13 14:43:40",720.0,2,akshitsivaraman
4819,16666391,"Harshpreet Singh","2026-08-06 10:32:51",719.9,2,harshpreet931
4820,16669392,cobrapigeon,"2026-08-20 18:43:25",719.9,2,cobrapigeon
4821,16815488,"crothety liu","2026-09-05 06:27:35",719.6,2,crothetyliu
4822,16675661,June_mk,"2026-09-06 00:08:47",719.6,2,jungoto
4823,16845284,KD0G22,"2026-09-07 20:07:47",718.9,2,kd0g22
4824,16658272,"Yash Katiyar","2026-08-08 20:17:05",718.9,2,yashkatiyar409
4825,16716300,"Julian Kerignard","2026-09-07 10:12:31",718.6,2,juliankerignard
4826,16719065,"Aldo Rizona","2026-08-17 15:32:26",718.3,2,aldorizona
4827,16699045,"Abu Kayyisah Basyid","2026-09-12 09:50:13",718.0,2,abukayyisahbasyid
4828,16852559,永井こうたろう,"2026-09-09 04:01:11",717.8,2,kotakota914
4829,16635177,Zacchaeus,"2026-08-07 07:04:15",717.4,2,zacchaeus
4830,16694269,Aftxb,"2026-08-11 14:58:08",717.3,2,aftxb07
4831,16684710,"Pratik Singh","2026-08-11 11:34:48",717.0,2,pratikks11
4832,16853417,"Aditya Prasetyo Budiarso","2026-09-11 11:59:34",716.9,2,artsodeva
4833,16750175,"Quentin Pr","2026-08-27 18:08:14",716.6,2,quentinpr
4834,16807281,sansh0u0,"2026-09-04 02:16:09",716.4,2,sansh0u0
4835,16672095,"Friaseus ","2026-09-13 19:52:51",716.0,2,friaseus
4836,16739640,TeamBanzaiSL,"2026-08-27 17:13:26",715.9,2,teambanzaisl
4837,16685069,derek_kuang0213,"2026-08-22 10:33:21",715.1,2,derekkuang0213
4838,16662375,"Yunusa Hussein Adeiza","2026-08-14 22:12:49",715.1,2,yunusahusseinadeiza
4839,16658097,Sujay,"2026-09-08 14:00:15",714.8,2,sujayprodduturi
4840,16691481,"Aditi Salvi","2026-08-18 15:24:53",714.5,2,aditisalvi04
4841,16802598,zxcqqe,"2026-09-12 10:56:15",714.5,2,anonimniygeniy
4842,16640619,"Sơn Nguyễn","2026-08-28 08:19:19",714.2,2,sonnguyen10
4843,16773244,"Yudai Ueno","2026-09-07 05:47:33",714.2,2,yudaiueno
4844,16661585,"Fully Liquidated","2026-09-01 01:57:16",714.0,2,kriskilgroe
4845,16860088,Lockers,"2026-09-09 11:32:59",713.9,1,lockers123
4846,16856888,"Md Mehrab Hossain Opi","2026-09-10 07:16:45",713.9,2,iamopi
4847,16849778,"Kim Minh","2026-09-13 00:01:11",713.8,2,hanming14
4848,16872204,"Nguyễn Trần Thanh Bình","2026-09-13 18:39:37",713.7,2,nguyntrnthanhbnh
4849,16635049,rooklift,"2026-08-16 06:27:36",713.3,2,rooklift
4850,16655217,"Jiawei Zhao","2026-09-13 14:59:26",713.3,2,c789a123
4851,16767709,"Mike Anderson","2026-09-13 14:13:24",712.8,2,manderson240
4852,16639973,akky,"2026-08-03 15:39:41",712.7,2,tellxxx
4853,16708369,JairSanchez151270,"2026-08-11 16:30:55",712.3,2,jairsanchez151270
4854,16723241,TrinhDung16,"2026-08-15 16:23:32",712.2,2,trinhdung16
4855,16636725,shichi,"2026-08-11 12:47:35",712.1,2,shichi
4856,16688929,"Kangqiao LIU","2026-08-18 07:44:55",712.0,2,kangqiaoliu
4857,16715399,"Julia Chien","2026-09-05 08:21:06",712.0,2,juliachien
4858,16731443,"Arjun Vinod","2026-08-21 01:00:30",712.0,2,arjun0014
4859,16844092,Johana01,"2026-09-12 22:40:03",711.8,2,johana01
4860,16728204,Meshwa,"2026-09-04 11:17:12",711.7,2,meshwapatel4287
4861,16637340,the_vinci_coder,"2026-08-03 16:27:16",711.6,2,lokijt
4862,16632950,"Adil Khabibullin","2026-08-04 15:54:11",711.5,2,adilkhabibullin
4863,16668868,tawashi,"2026-08-13 06:51:45",711.4,2,tawashi
4864,16718539,"Divyansh Agrawal","2026-08-14 06:58:46",711.3,2,spartan1925
4865,16718202,"Abhi Kumar Agrawal","2026-08-18 09:52:24",711.2,2,abhikumaragrawal
4866,16663343,"Abdullah M. Haque","2026-09-13 18:41:14",711.2,2,abdullahmhaque
4867,16740404,BarrelAged,"2026-09-13 11:27:04",711.2,2,johnhosack
4868,16639810,gytdrop,"2026-08-14 12:47:28",710.8,2,"kartikeyrajbhar,shaikaktharali"
4869,16652984,hxaxd,"2026-08-05 15:09:49",710.7,2,hxaxdcs
4870,16724522,"stathis maurog","2026-08-26 07:01:48",710.7,2,stathismaurog
4871,16862461,"Guilherme Volpe","2026-09-11 22:37:45",710.5,2,guivolpe
4872,16663933,AnshV1,"2026-08-06 03:03:35",710.5,2,anshv1
4873,16712567,PatWid,"2026-08-18 17:17:20",710.0,2,patwid
4874,16708189,Facouse,"2026-08-11 16:09:17",709.8,2,facouse
4875,16705345,"DEMON JI","2026-08-14 15:02:11",709.7,2,demonji04
4876,16665816,Vikas1306,"2026-08-10 05:53:19",709.4,2,vikas1306
4877,16712321,"Elias Schecke","2026-09-11 15:00:14",709.3,2,eliasschecke
4878,16823144,"AARAV JADAV","2026-09-10 03:30:21",709.1,2,aaravjadav
4879,16658050,"changwei shi","2026-08-18 02:45:47",709.0,2,changweishi
4880,16757447,soyukke,"2026-09-13 17:38:12",708.5,2,soyukke
4881,16623555,yindujuxi,"2026-08-01 10:11:35",708.5,2,yindujuxi123
4882,16661943,"Cow Wizard","2026-08-14 02:14:58",708.0,2,cowwizard321
4883,16671217,"Akshay V","2026-08-21 04:01:22",708.0,2,akshayv1001
4884,16658602,aldoktvns,"2026-08-04 15:51:08",708.0,2,alrette
4885,16719081,数学の山田,"2026-08-31 14:08:37",707.9,2,b612sum1
4886,16630741,mrk,"2026-08-05 09:49:44",707.4,2,matsubaratakuji
4887,16832185,"Andrew Chistyakov","2026-09-07 18:28:23",707.1,2,andrewchist
4888,16770154,Florian,"2026-09-11 07:52:00",706.8,2,ftusek
4889,16810807,Cordiz,"2026-09-03 22:42:51",706.5,2,cordiz
4890,16741188,"Adarsh Samanu","2026-08-20 00:01:33",706.4,2,adarshsamanu
4891,16665301,EricYang03,"2026-08-13 15:49:11",706.3,2,ericyang03
4892,16635004,"jacob OKOTH O","2026-08-02 05:57:05",706.2,1,jacobokotho
4893,16866097,"Pradeep Kumar Mahato","2026-09-10 17:21:05",706.1,2,pradeepkr12
4894,16672103,"fred mahinay","2026-08-24 23:34:48",706.0,2,fredmahinay
4895,16731990,Karl0106,"2026-09-13 07:20:31",705.8,2,karl0106
4896,16641348,wata,"2026-09-12 18:48:21",705.7,2,iwatahiroki
4897,16728069,Taisei7,"2026-09-09 06:27:49",705.6,2,taisei7
4898,16746380,JKong,"2026-08-22 01:40:01",704.8,2,kmt2001
4899,16655062,KKS,"2026-08-08 07:36:03",704.6,2,sachisgod
4900,16734712,"Jamshid Ganiev","2026-08-19 06:03:31",704.5,2,jamshidganiev
4901,16802675,manishcs076,"2026-09-10 12:15:13",703.8,2,manishcs076
4902,16639223,"SIDHAARTH SHREE","2026-08-19 15:03:55",703.8,2,sidhaarthshree
4903,16758298,"Jack p","2026-08-30 07:36:22",703.7,2,jtv199
4904,16635796,MugaBros,"2026-08-04 05:27:02",703.6,2,"drrocktotpalkonwarh,monjyotid"
4905,16759443,"Ayman machhidan","2026-09-12 22:15:45",703.6,2,aymanmachhidan
4906,16756176,"Unsh Rawal","2026-09-06 20:29:16",703.6,2,unshrawal
4907,16759162,sgsuh,"2026-09-13 13:24:02",703.4,2,seukgyo
4908,16656072,Vespidae,"2026-08-14 03:30:03",702.5,2,ianapis
4909,16741892,astro,"2026-08-20 20:49:49",702.4,2,mayursamrutwar
4910,16668168,"Ashutosh Ghodasara","2026-08-10 12:23:21",702.3,2,"asce09,attiraina,hashlord"
4911,16638667,"Sarvesh Nikas","2026-08-13 06:50:00",702.0,2,sarveshnikas
4912,16809371,"Aashir Noman","2026-09-09 18:30:04",701.6,2,aashirnoman
4913,16698822,JJN8825,"2026-09-11 08:46:37",701.3,2,jjn8825
4914,16735298,Watary0927,"2026-08-22 23:25:11",701.1,2,watary0927
4915,16799024,Becegatto,"2026-09-08 00:14:41",701.0,2,viniciussignorelli
4916,16881370,"xianhao Lin6077","2026-09-12 16:13:38",700.8,2,xianhaolin6077
4917,16675997,"Rintaro Moriwaki","2026-08-28 13:25:42",700.5,2,rintaromoriwaki
4918,16695822,"Ahmad Elawady","2026-08-18 20:06:59",700.5,2,aielawady
4919,16696267,"yu lesui","2026-08-10 05:41:40",700.1,2,yulesui
4920,16697736,"Daniel Correa","2026-09-10 05:04:32",700.0,2,dcorrea1
4921,16635421,"Lennart Haupts","2026-09-13 18:48:38",700.0,2,lennarthaupts
4922,16658430,bruyantq,"2026-09-13 08:10:44",699.8,2,bruyantq
4923,16666452,"victor souza","2026-08-09 17:07:51",699.6,2,victorcaio
4924,16697844,Noobykiller16,"2026-08-15 06:08:27",699.6,2,noobykiller16
4925,16675475,"Andrey Aristov","2026-08-10 22:02:24",699.6,2,andreyaristov
4926,16665120,nobody,"2026-08-13 14:48:45",699.2,2,rajesh1729
4927,16687883,CherylStoned,"2026-08-11 22:53:28",698.6,2,cherylstoned
4928,16636454,epigene,"2026-08-02 10:14:52",698.3,2,nadhu59648
4929,16879185,"xuhang ren","2026-09-13 06:04:42",697.9,2,xuhangren
4930,16767802,"Luis Fernando Faria","2026-08-31 20:57:29",697.7,2,luisfernandofaria
4931,16694779,JacobKooi,"2026-08-10 09:16:35",697.3,2,jacobkooi
4932,16669330,"Panagiotis Charalabopoulos","2026-08-26 18:49:46",697.3,2,panagiotischaral
4933,16673346,gabrielep09,"2026-08-11 01:52:41",697.1,2,gabrielep09
4934,16699578,kakanekoka,"2026-09-04 17:45:15",696.7,2,kakanekoka
4935,16709481,"Gerbilles Saucières","2026-08-22 10:38:44",696.7,2,"benjaminhrt30,volbox1902"
4936,16663678,"Fabiano Adelino","2026-08-24 23:45:56",696.6,2,fabianoadelino
4937,16786485,"Sam Jenkins","2026-09-01 03:50:16",696.5,2,samjenkinsuk
4938,16668123,B0RN2BL0W0UT,"2026-09-03 12:36:43",696.3,2,kadenmansur
4939,16797969,probability,"2026-09-07 09:44:49",696.3,2,probabilitywavepeak
4940,16665984,hepialidae,"2026-08-10 16:05:19",695.9,2,hepialidae
4941,16666341,"Ege Güvener","2026-09-11 17:20:35",695.4,2,egegvener
4942,16713291,Lperalt,"2026-09-06 02:29:24",694.9,2,lucianobastidas
4943,16675952,bazinga,"2026-09-11 19:09:21",694.8,2,stephanhahn16
4944,16698007,"Juanma Serrano","2026-08-23 15:49:31",694.7,2,juanmaserrano
4945,16838855,"Sze Yu Sim","2026-09-09 01:37:05",694.3,2,szeyusim
4946,16675873,"Zhu Liang","2026-09-13 03:08:44",694.3,2,paradite
4947,16770842,yatakeuc,"2026-09-12 12:08:35",694.2,2,yatakeuc
4948,16792512,ckd999,"2026-09-06 19:15:19",694.1,2,ckd999
4949,16772673,"Alejandro Rendon B.","2026-09-09 23:15:52",694.0,2,alejandrorendonblan
4950,16674324,"luca fregona","2026-08-08 13:37:49",693.7,2,lucafregona
4951,16657397,"QSS Technosoft AI Team","2026-08-05 07:47:00",693.7,2,"kunalthedev,nishantkumarabes,prathamydvv,prishagdev,shreyakchakraborty"
4952,16658083,"Gunjan Solanki","2026-09-03 10:39:28",693.6,2,blackhatv1
4953,16662486,"KOTHAPALLI DILEEP","2026-08-10 12:06:14",693.3,2,kothapallidileep
4954,16784960,i-yuki23,"2026-08-30 01:13:11",693.0,2,iyuki23
4955,16664219,JosephGuhlin,"2026-08-10 08:46:16",693.0,2,jguhlin
4956,16635670,"Mr.S hanakosan","2026-08-09 00:31:34",692.5,2,earlgreytea15
4957,16841397,"Petro Tarnavskyi","2026-09-06 12:36:05",692.4,2,petrotarnavskyi
4958,16624277,"D S S Kumar","2026-08-10 03:22:55",692.4,2,satrusskumar
4959,16684436,Simon-the-sorcerer,"2026-09-13 21:33:34",692.2,2,simonwiller
4960,16713877,FunnyBishop,"2026-08-16 03:19:24",691.9,2,funnybishop
4961,16747390,SawadaTsurumai,"2026-08-24 09:48:07",691.7,2,sawadatsurumai
4962,16633175,"Umut Kıvanç Sipahioğlu","2026-08-04 15:51:56",691.7,2,umutkvansipahiolu
4963,16684957,"Lucas Ferreira","2026-08-11 18:20:43",691.6,2,lucasdeoferreira
4964,16631573,uesi,"2026-08-01 12:04:04",691.1,1,uemura687
4965,16676308,DC,"2026-08-19 17:34:02",690.9,2,choudahchiun
4966,16639492,"Vishnu R Mohan","2026-08-08 20:36:19",690.5,2,vishnurmohan
4967,16662050,HandsOffMyBigMelons,"2026-08-13 22:00:12",690.5,2,scrattle
4968,16780969,"Ewa Suknarowska","2026-08-30 15:53:25",690.1,2,ewasuknarowska
4969,16693137,"Ich Benavides","2026-09-06 18:24:52",689.7,2,jabeichbenavides123
4970,16699838,"Harry Taylor","2026-08-21 10:38:18",689.6,2,harryphysics
4971,16811210,"Matt Dowis","2026-09-04 14:41:36",689.2,2,mattdowis
4972,16665942,"Satvik R Shetty","2026-08-09 03:59:52",688.7,2,satvikrshetty
4973,16690852,"Naveen Venu Bagadi","2026-08-30 04:38:13",688.7,2,naveenvenubagadi
4974,16755681,nic001,"2026-08-28 08:06:19",688.7,2,mimamura
4975,16759623,"zhenglu wen","2026-08-26 06:24:09",688.1,2,zhengluwen
4976,16823204,"Adilson Eduardo Tostes Carmo","2026-09-11 18:53:18",687.7,2,eduardotostess
4977,16669561,"Nikunj Pahwa","2026-08-15 20:04:36",687.7,2,nikunjpahwa
4978,16623645,"ayutin tin","2026-08-14 07:48:31",687.5,2,ayutintin
4979,16630501,"Haris Ahmed","2026-08-14 10:08:51",687.4,2,harisahmedgenai
4980,16665042,Neo_0x3f,"2026-08-10 21:36:56",687.4,2,neo0x3f
4981,16633466,"Aarush pandey","2026-08-25 19:17:14",687.3,2,aarushpandey
4982,16623886,onepunch999,"2026-08-01 07:30:37",687.1,2,onepunch999
4983,16695662,"Ollie Lowe2","2026-08-16 16:47:01",687.1,2,ollielowe2
4984,16664241,payoon,"2026-08-07 08:24:05",687.0,2,payoon1234
4985,16657095,"Prashant Kumar","2026-08-20 12:59:11",686.7,2,praskr
4986,16659294,"Muhammad Rafzan","2026-09-05 18:30:44",686.6,2,revianalfariz
4987,16884517,"Fizie Fulumaka","2026-09-13 18:38:45",686.3,2,fiziefulumaka
4988,16679079,"cedric stephan ","2026-08-25 20:39:15",686.3,2,cedricstephan
4989,16701036,"Tiandong Wang","2026-08-19 11:45:32",686.2,1,condone
4990,16665517,"RUEI-HSIANG. CHANG","2026-08-17 15:23:55",686.0,2,rueihsiangchang
4991,16668021,"bali rasem","2026-08-07 16:15:13",685.9,2,balirasem
4992,16663361,protoLabs.studio,"2026-08-06 18:39:50",685.6,2,protolabsstudio
4993,16715251,SoraGinko,"2026-08-28 18:52:17",685.5,2,terrywuu
4994,16664154,dwdwdwsdedwd,"2026-08-11 06:29:24",685.2,2,dwdwdwsdedwd
4995,16677402,"Hıdır Demir","2026-09-10 22:35:54",685.1,2,hdrdmr
4996,16738994,"Hem Viramgama","2026-08-21 00:34:48",685.0,2,hemviramgama
4997,16667762,KucingGanteng,"2026-09-12 20:04:37",684.9,2,dhiyaussalam
4998,16755568,KHuShIMaHajan,"2026-08-21 18:55:05",684.4,2,bymista4578
4999,16851573,NaNomin,"2026-09-08 01:55:42",684.3,1,nanomin
5000,16663238,"Francesco Zaccaria","2026-08-21 07:28:57",684.2,2,francescozaccaria
5001,16798268,KAEOS,"2026-09-06 20:09:49",683.6,2,hitesh221
5002,16670420,"Mihir Argulkar","2026-08-07 20:03:15",683.1,2,mihirargulkar
5003,16655142,"Stanislav Kuznetsov","2026-09-03 12:58:20",683.0,2,drtduck
5004,16819872,"Shi Van","2026-09-03 16:50:46",682.4,1,shivanufo
5005,16832555,"Yanxi Teng","2026-09-13 08:40:37",682.3,2,yanxiteng
5006,16777222,"José Daniel Ara","2026-08-27 00:12:53",682.2,2,josdanielara
5007,16769767,bruhbruh,"2026-08-28 08:51:26",681.8,2,nguyendinhbach69
5008,16640461,"Shigeru Kondou","2026-09-09 06:21:23",681.7,2,shigerukondou
5009,16642846,"Leonid Zaporozhets","2026-08-02 20:03:13",681.7,2,leonidzaporozhets
5010,16871483,prapproved,"2026-09-12 16:19:54",681.6,2,prapproved
5011,16743617,Dancing_Chaos,"2026-08-31 15:42:35",681.5,2,"bailynlove4ever,ripplecddc"
5012,16841445,Challo,"2026-09-13 14:30:56",681.3,2,germantardioperez
5013,16630559,khan,"2026-08-02 12:18:56",681.2,2,khansolov
5014,16662338,jaepyeocho,"2026-09-13 11:39:37",680.8,2,jaepyeocho
5015,16663784,Aniketh2k7,"2026-08-10 06:02:02",680.6,2,aniketh2k7
5016,16664709,kai,"2026-08-18 23:29:11",680.5,2,sungwo101
5017,16650160,nori8774,"2026-08-10 06:26:21",680.2,2,norimasayamamoto
5018,16670214,"Louis @ tradeInsight.ai","2026-08-21 15:18:11",680.2,2,louisquart
5019,16634493,xixi,"2026-08-01 09:51:45",680.0,2,huangcarry26
5020,16738538,ZHANG_WuHua,"2026-08-18 16:21:19",680.0,2,zhangwuhua
5021,16666833,DenisKoronchik,"2026-09-12 19:10:04",679.9,2,deniskoronchik
5022,16656162,Marisyn,"2026-08-18 18:19:19",679.7,2,marisyn
5023,16664828,Leon,"2026-08-09 09:00:09",679.5,2,leonmyl
5024,16759351,"Shinsaku Haruta","2026-09-12 23:43:26",679.5,2,shinsakuharuta
5025,16630519,"Mehmet Özer","2026-08-01 16:51:55",679.5,2,ozermehmet
5026,16655744,"Ademola Arigbabuwo","2026-09-03 21:44:49",679.4,2,princedemo
5027,16799014,"Vaibhav singh kaira","2026-09-12 04:49:54",679.2,2,vaibhavsinghkaira
5028,16639679,"Felix Allistar","2026-09-10 22:59:01",679.1,2,felixallistar
5029,16737986,"Edris Yawar #2","2026-09-05 09:32:08",678.9,2,edrisyawar
5030,16666204,"David Nana Kofi Ofosu-Arko","2026-08-05 11:04:42",678.8,2,davidnanak
5031,16668720,"etienne duplessix","2026-08-10 22:48:53",678.6,2,etienneduplessix
5032,16847275,"Giovanni Marco Dall'Olio","2026-09-09 20:43:20",678.2,2,dalloliogm
5033,16768466,BenJung,"2026-09-07 16:54:31",678.1,2,"benjung2512,hyeonglvl,hyeonho028,limjoonsoo"
5034,16696724,arkmid,"2026-09-09 13:11:46",677.6,2,arkmid
5035,16637898,"Marek Nurzynski","2026-08-01 16:06:46",677.5,1,marek3000
5036,16670834,romin_123,"2026-08-14 01:25:19",677.0,2,romin123
5037,16741660,Dhruv_Goyal990,"2026-09-03 16:20:31",676.9,2,"dhruvgoyal990,prathameshbelavagi"
5038,16649344,BeyondAnalytics,"2026-08-28 12:00:36",676.8,2,radumarinion
5039,16690988,"Aditya Bharadwaj","2026-08-20 10:02:32",676.8,2,adityabharadwaj26
5040,16880938,nousername22,"2026-09-13 04:22:47",676.7,2,nousername22
5041,16687808,GorillaGhost,"2026-08-13 23:23:10",676.7,2,gorillaghost
5042,16748955,micchy,"2026-09-13 04:59:51",676.4,2,micchy326
5043,16798478,"Vinicius Pupin","2026-09-02 21:29:51",676.2,2,viniciuspupin
5044,16687788,skalermo,"2026-08-26 15:57:41",675.9,2,skalermo
5045,16691580,"Toni Blanco","2026-08-11 13:10:45",675.7,2,toniblanco
5046,16840576,kfsky,"2026-09-08 05:50:25",675.7,2,kengofujii
5047,16660805,"Ramon van Dijk","2026-08-05 05:48:21",675.7,2,ramonvandijk
5048,16656274,googunmo,"2026-08-08 01:13:58",675.1,2,googunmo
5049,16657332,"Amit Malakar","2026-09-13 15:27:52",674.7,2,amitmalakarjoy
5050,16631090,yoikoarmor,"2026-08-09 07:01:44",674.3,2,yoikoarmor
5051,16850078,"Safwan Amin","2026-09-11 18:01:20",673.7,2,bracu23101281
5052,16818110,Kactus,"2026-09-12 05:07:43",673.7,2,kactus
5053,16667874,Vidushiii,"2026-08-10 12:25:42",673.6,2,vidushianand09
5054,16663736,"Life Is Roblox","2026-08-17 18:58:37",673.1,2,alexlisenko
5055,16761267,Pranav,"2026-08-31 18:09:18",672.7,2,pranavarvind
5056,16656709,"Anh-Vu Mai-Nguyen","2026-09-12 13:07:00",672.7,2,mainguyenanhvu
5057,16746151,"Nicolas Gomasjaya","2026-08-26 16:57:08",672.5,2,nicolasgomasjaya
5058,16664457,yaohongfu,"2026-08-10 12:30:43",672.5,2,yhfwww
5059,16757614,"Eduardo Molina","2026-09-06 04:04:22",672.2,2,eduardomolinaai
5060,16664149,"Bushel Seed","2026-08-12 17:10:56",672.1,2,"dmyung,nicholasmschwartz"
5061,16665395,"bachi idriss","2026-08-10 15:23:30",672.1,2,bachiidriss
5062,16799769,manyuA,"2026-09-13 15:04:51",672.0,2,"forheuristiclifeksh,manyua,realhonest"
5063,16636954,"Jeff Horon","2026-09-13 16:30:41",671.9,2,jeffhoron
5064,16640816,pawaraman,"2026-08-02 19:46:52",671.8,2,pawaraman
5065,16738805,"Sergey Panasenko","2026-08-31 23:14:50",671.7,2,spanasenko
5066,16656013,Asuran,"2026-09-04 04:43:56",671.7,2,zkasuran
5067,16654456,"Tristan Peng","2026-08-09 17:00:48",671.6,2,tristanpeng
5068,16668089,Goller,"2026-08-26 15:05:53",671.5,2,goller
5069,16675888,"Rob Gonzalez","2026-08-08 14:58:43",671.4,2,robg475
5070,16656501,"Thái Phạm Công","2026-08-05 03:59:47",671.4,2,thaipc
5071,16655411,フナコシ,"2026-08-20 13:47:26",671.4,2,kokifunakoshi
5072,16777746,"Daniel Bandy","2026-08-29 02:04:01",671.3,2,goddangitboby
5073,16761227,Ciel_ing,"2026-08-23 10:03:29",671.2,2,cieling
5074,16655364,AmirElite,"2026-09-10 15:18:03",671.1,2,amirelite
5075,16763838,"L. Barriga","2026-09-09 10:57:18",670.7,2,lbarriga
5076,16659974,"anthony sinchi","2026-08-18 00:01:08",670.7,2,anthonysinchi
5077,16745972,yamy893,"2026-08-22 02:14:20",670.7,2,yamy893
5078,16780019,"hamza khokhar890","2026-09-07 18:49:09",670.4,2,hamzakhokhar890
5079,16725010,jenninglim,"2026-08-23 08:38:47",670.2,2,jenningl
5080,16854414,handsomeHBS,"2026-09-13 16:07:19",669.9,2,handsomehbs
5081,16719745,"Masih Pemula Beneran","2026-08-31 02:14:53",669.7,2,mikhaeldhika
5082,16669489,"Yichi Zhang","2026-08-28 19:31:07",669.5,2,yichizhang12
5083,16660310,KOLONEX.NET,"2026-08-10 12:40:46",669.1,2,danielandresmiranda
5084,16641141,"Yuri Barbashov","2026-09-11 18:32:47",668.6,2,yuribarbashov
5085,16763886,"Jackson Sauls","2026-09-04 22:59:51",668.4,2,jacksonsauls
5086,16678773,"Steve Probst","2026-09-09 01:51:39",668.2,2,steveprobst
5087,16653222,StevenYuan7788,"2026-08-17 17:38:44",668.0,2,stevenyuan7788
5088,16790257,"Shivam Kushwaha","2026-08-30 11:55:08",667.9,2,shivamk21
5089,16857130,"Joao Araujo","2026-09-09 01:11:50",667.8,2,jhcaextra
5090,16760439,XLX,"2026-09-06 03:20:58",667.1,2,lonelygleaner
5091,16758767,"Mikhail Karchevskiy","2026-09-13 19:21:36",666.8,2,suvalex
5092,16635055,chch,"2026-09-11 04:34:51",666.3,2,chchentw
5093,16658377,Masaya,"2026-09-04 15:10:14",666.1,2,irrohas
5094,16756891,T.Uehira,"2026-09-12 22:46:43",665.9,2,tuehira
5095,16752362,"Shashank Jangid (G25AIT2100)","2026-09-11 16:15:05",665.6,2,shashankjangid
5096,16699415,"Dohwan Kwak","2026-08-31 01:05:28",665.5,2,dohwankwak
5097,16656912,"Sami Ali","2026-08-07 00:48:33",665.2,2,mrsamiali
5098,16659817,"Viet Anh Ngo ","2026-08-31 09:41:08",665.0,2,vietngogm
5099,16679295,Mk26,"2026-09-04 13:52:05",664.8,2,"manishk26,mans31"
5100,16729859,wintermute,"2026-09-02 19:15:07",664.6,2,siraev
5101,16654855,"Pedro Rezende Gomes","2026-08-06 00:41:30",664.6,2,pedrorzgomes
5102,16692401,"Abdurehman Iqbal","2026-08-14 09:13:08",664.5,2,abdurehmaniqbal
5103,16784154,JoshJML,"2026-09-03 05:39:26",664.2,2,joshjml
5104,16692857,AbeLincoln1865,"2026-08-11 00:10:16",663.9,2,abelincoln1865
5105,16850995,"KOSUKE MATSUDA","2026-09-13 07:32:13",663.8,2,kosukematsuda
5106,16633928,ghostiee11,"2026-08-01 01:33:25",663.6,1,ghostiee11
5107,16808956,"Denis Zerov","2026-09-03 10:59:46",663.5,2,dinoden
5108,16755344,"Alizen James","2026-08-23 18:34:30",663.4,2,alizenjames
5109,16629844,IsaacJinyu,"2026-08-01 15:39:55",663.2,2,isaacjinyu
5110,16695633,"Kiran Kumar","2026-09-12 16:57:52",663.1,2,iamrkk
5111,16661650,"Docker container","2026-08-15 18:52:39",663.0,2,yossefaymanzedan
5112,16638031,vlad101,"2026-08-21 15:10:27",662.9,2,vlad101
5113,16724002,Yahia717,"2026-08-20 20:48:31",662.7,2,yahia717
5114,16668269,"Rashi Jain07","2026-08-05 17:46:37",662.5,1,rashijain07
5115,16731260,"Jeel Gajera","2026-08-18 07:44:44",662.4,2,jeelog
5116,16664159,"james nazareth","2026-08-19 02:13:23",662.4,2,jamesnazareth
5117,16692895,Manuf,"2026-09-13 06:01:09",662.4,2,manuelferromorales
5118,16664804,ryanovovo,"2026-08-05 18:02:38",662.1,2,ryanovovo
5119,16660491,"Ryan Hancock","2026-08-08 09:56:54",661.9,2,rychanfox
5120,16714100,SuperMercat,"2026-09-09 15:13:08",661.8,2,supermercat
5121,16657570,"Guruprasad Parasnis","2026-08-10 12:04:57",661.5,2,guruprasadparasnis
5122,16809762,"Ryan Wong","2026-09-04 14:47:39",661.4,2,taggatle
5123,16755398,takataok_42,"2026-09-13 16:05:37",661.3,2,takataok42
5124,16726941,CJ103CJ,"2026-08-23 12:52:07",661.1,2,cj103cj
5125,16728743,Miki_Nuummiu,"2026-09-13 16:31:40",660.4,2,mikinuummiu
5126,16664884,Abhijeetgg,"2026-08-12 08:53:50",660.4,2,abhijeetgg
5127,16766888,"Alex #4","2026-08-24 14:42:19",660.4,1,alxndrvara
5128,16739128,"Praneeth Paikray","2026-09-07 11:18:26",660.3,2,paiky1995
5129,16854582,BlackWizard00,"2026-09-08 15:32:36",660.3,2,blackwizard00
5130,16662128,BenPalmer59,"2026-08-11 19:16:24",660.2,2,benpalmer59
5131,16633240,Igor,"2026-09-13 10:46:09",659.6,2,igor14497
5132,16875690,jwboost,"2026-09-13 18:13:01",659.5,2,kiritocui
5133,16692994,turneja,"2026-08-08 23:50:13",659.2,2,turneja
5134,16668298,"Riki Garcia","2026-08-26 15:36:14",659.1,2,rikigarcia
5135,16645297,Mark_RowSet,"2026-08-09 05:25:39",659.1,2,markrowset
5136,16826098,Nomushin,"2026-09-11 13:22:26",659.1,2,nomushin
5137,16822745,Jetpack,"2026-09-12 08:27:56",658.5,2,"m1ngch1,victorye04"
5138,16658224,"Daniel Gallardo Gómez","2026-08-07 08:17:24",658.0,2,danielgallardogmez
5139,16767934,"taha berk","2026-08-26 15:21:51",657.9,2,tahaberkterekli
5140,16714208,TirumalaMarri,"2026-08-29 00:04:15",657.9,2,mtreddy
5141,16658043,"Tran Huy Hoang1312","2026-08-05 01:58:39",657.8,2,tranhuyhoang1312
5142,16796625,Nepsirhc,"2026-09-12 11:15:35",657.8,2,nepsirhc
5143,16786043,Palimpsesto,"2026-09-08 23:44:50",657.6,2,denzelfuentes
5144,16855646,Seshu,"2026-09-09 14:49:33",657.1,2,seshuthota
5145,16781447,"Cody Schrank","2026-08-31 04:38:57",657.0,2,codyschrank
5146,16665476,"Zhanghao Chen69","2026-08-19 12:42:33",656.9,2,zhanghaochen69
5147,16632994,primal,"2026-08-12 16:02:29",656.6,2,primalhost
5148,16742073,"nguyễn huệ anh","2026-09-13 15:43:32",656.5,2,akapatu
5149,16633269,op_star_platinum,"2026-08-09 17:52:52",656.5,2,opstarplatinum
5150,16655044,"Darius Kolycius","2026-08-04 09:49:01",656.1,2,dariuskolycius
5151,16668711,"David Leati","2026-08-28 00:47:39",655.6,2,davidleati
5152,16656452,Ng,"2026-09-07 00:00:52",655.2,2,nguyenchicuong
5153,16705348,"Howard lin","2026-08-20 23:01:36",655.2,2,howardlin007
5154,16665759,"Shawn Zhang","2026-08-21 10:18:20",654.8,2,shawnzhang0318
5155,16741121,"Vignesh Nehru","2026-09-10 09:39:25",654.4,2,vigneshnehru
5156,16654267,maniginam,"2026-09-13 05:00:05",654.4,2,maniginam
5157,16664112,"Ethan Hung","2026-08-08 21:44:57",653.8,2,chinesegorilla99
5158,16653828,Boltuzamaki,"2026-08-23 18:40:37",653.7,2,boltuzamaki
5159,16656460,dlutwzh,"2026-08-08 06:48:33",653.7,2,dlutwzh
5160,16648215,"Terrence Chuwe","2026-08-03 13:32:15",653.7,2,terrencechuwe
5161,16633772,ayuma,"2026-08-03 06:01:01",653.3,2,onthoze
5162,16631353,"Shivam Shinde","2026-08-01 15:29:24",652.8,2,shindeshivam
5163,16725913,StarStone_233,"2026-08-16 07:22:12",652.8,2,starstone233
5164,16796445,"Md Aminul Islam","2026-09-13 17:10:27",652.7,2,aminulabir
5165,16727059,ksankeerth1,"2026-09-03 02:28:22",652.6,2,ksankeerth1
5166,16623644,Accer_sz,"2026-08-02 00:27:32",652.5,2,accersz
5167,16656514,"Makise Kurisu is da Goat!","2026-09-13 03:29:54",652.3,2,praveensahukari
5168,16688108,Special_octo20,"2026-08-24 05:25:56",652.3,2,specialocto20
5169,16657547,"Pranav Thota","2026-09-10 11:50:23",652.1,2,pranavthota
5170,16806165,"Kaige Wei","2026-09-10 12:05:49",651.7,2,kaigewei0403
5171,16672493,ChloeeeeY,"2026-08-23 06:17:03",651.5,2,chloeeeey
5172,16803726,Yaromir_Ko,"2026-09-08 13:25:00",651.4,2,ronanndex
5173,16745109,deflexor,"2026-08-27 21:35:07",651.3,2,deflexor050
5174,16679887,ScriptRed,"2026-08-09 00:36:30",651.2,2,scriptred
5175,16781242,"Bobby Clare","2026-09-03 17:04:16",651.1,2,bobbyclare
5176,16668819,"ahmedou sidi med","2026-08-19 00:05:55",650.9,2,ahmedousidimed
5177,16655340,LGarcia10,"2026-08-17 13:17:31",650.7,2,leonardogarcia10
5178,16675831,"Thayaparan Kumarakuru","2026-08-31 09:05:45",650.6,2,"kavishkasubashana,mrkala,thayaparankumarakuru"
5179,16668354,"ashraf saiyed","2026-08-13 13:44:31",650.6,2,ashrafsaiyed58
5180,16750036,"Kiệt Lưu","2026-09-05 03:41:19",650.1,2,jaxyss
5181,16672687,Liz,"2026-09-13 12:37:57",650.0,2,lizgarcia3
5182,16864558,"Henghan Dong","2026-09-13 07:11:31",649.7,2,henghandong
5183,16723528,"Singaraj B","2026-09-05 15:33:26",649.5,2,singarajb
5184,16733763,Gaurav,"2026-09-04 00:54:37",649.3,2,gauravahlawat
5185,16659828,"Lebansty Valan","2026-08-21 14:14:56",649.0,2,lebanstyvalan
5186,16759427,Dhruv,"2026-08-23 12:20:16",648.9,2,dtalati1
5187,16734672,"Artom  Wade","2026-09-11 22:26:54",648.7,2,artomwade
5188,16869617,"Denis Chernyshov","2026-09-11 23:20:28",648.6,2,denischernyshov
5189,16655199,"Alexander Ulrich","2026-08-12 19:44:20",648.3,2,alexanderulrich01
5190,16660600,"Beria Kalpelbe","2026-08-07 13:46:47",648.3,2,beriakalpelbe
5191,16622338,github/shepsci/kaggle-skill,"2026-08-24 17:22:49",648.0,2,shepscientific
5192,16702270,"Jonas Jaku","2026-09-09 06:37:15",647.6,2,jonasjaku
5193,16848956,hkassimi,"2026-09-13 17:26:09",647.3,2,hkassimi
5194,16733131,Rad,"2026-09-09 16:56:46",647.2,2,vnt174
5195,16664003,"Nakul Rajpal","2026-08-05 06:29:24",647.0,2,nakulrajpal
5196,16787200,"HayDay Protestors","2026-09-13 04:26:26",646.7,2,"aaronjoshuaemmanuel,anjulasankalpa,chamathjayashanka,ghostd,prabhashanmadurawala"
5197,16667258,"Firman Imam","2026-08-09 02:36:56",646.6,2,piririp
5198,16699292,"Siddharth Kumar Gopal","2026-08-14 16:35:03",646.5,2,siddharthkumargopal
5199,16680342,Game_khó_vkl,"2026-08-13 19:28:01",646.0,2,maruusha
5200,16698034,Anatoliy_Fomin,"2026-08-12 12:57:18",645.3,2,anatoliyfomin
5201,16750447,Morpheus0303003,"2026-08-24 16:58:42",645.2,2,morpheus0303003
5202,16655013,"Adrian Martinez 1111","2026-08-12 00:52:14",645.1,2,adrianmartinez1111
5203,16774890,SkoopSkoop,"2026-08-31 16:08:04",644.6,2,skoopskoop
5204,16795923,KaluzaKlein,"2026-09-10 14:24:04",644.6,2,kaluzaklein
5205,16776928,aiexpert1120,"2026-09-01 16:48:18",644.2,2,aiexpert1120
5206,16706456,"Michael van Mill","2026-08-12 09:58:40",644.0,2,michaelvanmill
5207,16662015,"ryan panda","2026-09-09 22:46:56",643.9,2,hollowpurple
5208,16655140,Efthimios,"2026-09-04 08:28:52",643.9,2,efthimiosfousekis
5209,16665342,Prothos,"2026-08-23 13:44:29",643.8,2,vjuenemann
5210,16775353,"YK Pan","2026-09-13 08:42:47",643.7,2,vansher
5211,16842527,ko_fusion_JPN,"2026-09-10 23:51:12",643.4,2,kofusionjpn
5212,16795070,"HKUST Random","2026-09-11 03:37:34",643.4,2,siulungfan
5213,16739167,Yeyuqing0913,"2026-09-07 00:36:15",643.4,2,yeyuqing0913
5214,16880672,"Bennett Hellman","2026-09-13 16:22:59",643.4,2,bennetthellman
5215,16777228,"Zach Locke","2026-09-10 00:22:02",643.3,2,zachlocke
5216,16860813,hirayuki,"2026-09-13 12:54:31",643.3,2,hirayukis
5217,16707037,"Cedoque BAGBONON","2026-09-10 11:02:08",643.3,2,cedbag
5218,16777065,"dani yemane","2026-09-13 14:02:25",643.2,2,daniyemane
5219,16657290,lol-hiker,"2026-09-08 07:32:03",643.0,2,lolhiker
5220,16752324,"yunchuan liu","2026-09-06 22:21:06",642.9,2,hoteye
5221,16663210,"Marco Nasuelli","2026-09-13 15:58:07",642.9,2,marconasuelli
5222,16622993,"Yaroslav Tanko","2026-08-18 04:34:12",642.8,2,yaroslavtanko
5223,16724355,hansama.qht,"2026-09-12 14:43:55",642.6,2,hansamaqht
5224,16686715,"Adrien Secondaire","2026-08-08 15:54:58",642.4,2,adriensecondaire
5225,16661225,"Menelik Zafir","2026-09-10 08:21:12",642.3,2,monibeefudgekins
5226,16677597,InformaBook2,"2026-09-10 05:38:23",642.2,2,informabook2
5227,16632327,midnq,"2026-09-10 10:02:19",641.9,2,midnqly
5228,16861544,"Hiroyuki Fujimaki","2026-09-13 14:02:50",641.9,2,hiroyukifujimaki
5229,16721960,"Lê Khang","2026-08-18 19:42:43",641.7,1,kobtdatten
5230,16655595,ashsah,"2026-08-31 08:37:35",641.7,2,ashsah
5231,16658660,"Leo Lai","2026-08-13 08:14:45",641.6,2,junweilai
5232,16749236,"Michael Müller","2026-09-07 15:57:15",641.5,2,michaelmller
5233,16660345,"Aadhithya Ramesh","2026-08-06 08:49:10",641.0,2,aadhithyaramesh
5234,16632266,"(ノ◡ <)","2026-09-09 07:15:13",640.8,2,nawfeelrahman1124444
5235,16699488,"Kelvin Lai","2026-09-13 16:18:49",640.6,2,kelvin84hk
5236,16686222,"Nika Chaduneli","2026-08-10 01:21:09",640.6,2,nikachaduneli
5237,16656107,Aotokitsuruya,"2026-09-02 14:35:20",640.1,2,elct9620
5238,16755548,"Manuel Ramos","2026-08-27 19:06:26",639.8,2,aizpask13
5239,16756564,"Nicolas Defossé","2026-08-25 21:10:58",639.6,2,nicolasdefoss
5240,16687925,BillDoser,"2026-09-11 21:54:35",639.5,2,billdoser
5241,16742239,"Benny Joseph","2026-09-12 20:05:12",639.4,2,pbennyjoseph
5242,16736632,Leo,"2026-09-13 11:48:09",639.3,2,huangkx666
5243,16712870,"Jose Gibson","2026-08-13 20:09:11",639.0,2,josegibson
5244,16744133,"levr hang","2026-09-08 16:39:27",638.4,1,levrhang
5245,16661529,"AL Najafi","2026-08-08 03:39:39",638.4,2,alnajafi
5246,16655521,"Hemadri Rajyaguru","2026-08-04 02:12:55",638.3,2,hemadrirajyaguru
5247,16793489,hendracos,"2026-09-02 03:10:03",637.7,2,hendracos
5248,16717952,Aydar,"2026-08-29 21:28:35",637.5,2,aydara
5249,16799391,"Mehdi El M.","2026-09-07 14:08:22",637.5,2,mehdielm
5250,16808242,keowpwpwkeo,"2026-09-07 18:23:50",637.3,2,keowpwpwkeo
5251,16733046,Afordancja,"2026-08-24 18:22:42",637.1,2,afordancja
5252,16657172,Honkazu,"2026-08-28 16:55:46",637.1,2,janposlusny
5253,16727241,Yogesh2850,"2026-08-17 09:55:08",637.1,2,yogesh2850
5254,16809158,"Kaito Sada","2026-09-08 05:17:26",637.0,2,kaitosada
5255,16689033,arman1o1,"2026-09-01 05:01:27",636.9,2,arman1o1
5256,16663708,"Imran Ahamed","2026-08-29 22:00:50",636.9,2,immu4989
5257,16815017,Humanitis,"2026-09-12 15:06:34",636.7,2,humanitis
5258,16685938,"Gautier Fauchart","2026-08-12 05:57:21",636.4,2,gautierfauchart
5259,16811935,"Bhargavaram Gajula","2026-09-05 18:08:56",636.1,2,bhargavaramgajula007
5260,16667514,"Kakarott 10","2026-08-06 09:05:43",636.1,2,kakarott10
5261,16769277,卡心农场,"2026-09-05 01:55:53",636.1,2,"hkd2333,hsiaosuan"
5262,16677701,"Coşkun Bağrıaçık","2026-08-10 00:02:25",636.0,2,cbagriacik
5263,16743165,"Chiachii Liang","2026-09-06 08:53:41",635.5,2,chiachiiliang
5264,16789914,AkikJana,"2026-09-07 16:37:53",635.4,2,firewaterair
5265,16665154,"Omkar Pawar","2026-08-23 12:22:56",635.4,2,omkarrr7
5266,16764149,"Manish Rai","2026-09-06 20:01:53",635.1,2,magiuscain
5267,16686787,"Lars Kammeijer","2026-08-07 21:31:11",635.0,2,larskammeijer
5268,16755111,ingemarieke,"2026-08-21 15:04:53",635.0,1,ingemarieke
5269,16723729,"Lucas Cimiano","2026-08-29 17:21:55",634.8,2,lucascimiano
5270,16868001,Nate,"2026-09-11 10:19:39",634.7,2,natert
5271,16668439,Lugas024,"2026-08-08 05:33:51",634.7,2,lugas024
5272,16635021,RiLi,"2026-09-13 13:07:36",634.4,2,hisatosenda
5273,16757253,ZEE,"2026-09-11 07:13:27",634.4,2,randyzhang666
5274,16780484,"Edmond Kirsch","2026-09-01 17:30:28",634.3,2,edmondkirsch
5275,16679018,"Kushpreet Singh","2026-09-03 23:23:41",634.3,2,kush639
5276,16855755,"Jack Yap","2026-09-10 19:43:36",634.2,2,jackyap
5277,16671646,Luche,"2026-08-08 04:23:32",633.8,2,henrylucky
5278,16651593,"huanxian chen","2026-08-11 11:13:05",633.8,2,huanxiachen
5279,16882160,"John Doe #2","2026-09-12 18:04:56",633.5,1,realgrape
5280,16699689,"David Sedláček","2026-08-10 08:38:38",633.4,2,sibicek
5281,16712410,aysfshn,"2026-09-09 15:09:08",633.3,2,aysfshn
5282,16692896,"Guy Lev","2026-08-20 19:18:52",633.3,2,sarthobi
5283,16671438,"Aot Chanthorn","2026-08-15 16:16:25",633.3,2,aotchanthorn
5284,16623836,awarse,"2026-09-04 09:06:23",633.1,2,awarse
5285,16823681,Yielder,"2026-09-10 16:59:40",633.0,2,georgepapasideris
5286,16660138,"Sanchit Handa","2026-09-12 18:45:23",632.9,2,"harmanjotsingh8,sanchithanda182006"
5287,16665932,"Fabian Birringer","2026-08-21 18:31:41",632.7,2,fabianbirringer
5288,16670356,"Dziriyin wa9il","2026-08-25 19:56:56",632.6,2,"akumanomu,alioualaeddine"
5289,16655629,Mai_Konare,"2026-08-17 06:20:49",632.5,2,maikonare
5290,16738700,"Bugra Cinar","2026-08-19 07:51:58",632.4,2,bugracnr
5291,16677366,Gmmastermind,"2026-08-07 01:19:13",632.2,2,gmmastermind
5292,16671940,LJazya,"2026-09-05 02:54:37",632.1,2,jihanelek
5293,16666648,"Sriram Reddy19","2026-08-06 08:40:07",632.0,2,sriramreddy19
5294,16724747,"Md.Mahfujul Karim","2026-09-13 03:36:19",631.9,2,mdmahfujulkarim
5295,16689398,Reesh,"2026-08-11 08:55:10",631.8,2,rishileung
5296,16825667,"Lê Minh Dương","2026-09-08 05:45:07",631.8,2,minhduonq
5297,16724202,"Sooriya Senthilkumar","2026-08-23 05:25:47",631.3,2,sooriyasenthilkumar
5298,16743382,"Pavan Rangisetti","2026-08-30 07:22:59",631.1,2,pavanrangisetti
5299,16654746,"Michael Mullen","2026-08-06 11:08:31",631.0,2,mmullen200
5300,16738261,"Samuel Moreira","2026-08-24 14:11:40",631.0,2,samuelmoreira420
5301,16658042,"Giampietro Pregnolato","2026-08-13 09:17:36",630.9,2,giampietropregnolato
5302,16791960,Boladi,"2026-09-10 00:53:38",630.8,2,boladi
5303,16738653,"Julien Trocmé","2026-08-24 12:48:49",630.7,2,julientrocm
5304,16748979,"Venkata Madhu Sai D ","2026-08-21 19:49:08",630.6,1,venkatamadhusaid
5305,16662191,"Daniele Rufo","2026-09-13 08:29:21",630.4,2,danielerufo
5306,16655578,"Ahmed Merie","2026-08-13 00:11:40",630.1,2,aa7767
5307,16772204,"Hamam Ahmed","2026-09-08 13:55:25",630.1,2,hamamelsanousi
5308,16832474,"Isaac D. Hérnandez G.","2026-09-11 17:08:32",629.8,2,isaacdhrnandezg
5309,16666099,"Marcben James Samuel","2026-08-18 06:42:43",629.7,2,marcbenjamessamuel
5310,16663884,DevilQ,"2026-08-23 22:08:52",629.6,2,"parhamesm,samuelescarfone12"
5311,16793189,"Akash Mohan Chaudhary","2026-09-01 18:29:57",629.5,2,akashmohanchaudhary
5312,16730028,"Ken Qian","2026-08-17 03:10:15",629.2,2,kenqian
5313,16786437,"Kiran Narayana K","2026-08-30 06:45:20",629.2,2,kirannarayanak
5314,16793892,cjc0013,"2026-08-31 18:27:50",628.8,2,cjc0013
5315,16861102,walnut11,"2026-09-13 17:18:24",628.7,2,walnut11
5316,16748603,qianzhonhao,"2026-09-03 08:20:45",628.3,2,qianzhonhao
5317,16735624,"Marc Rippee","2026-08-24 05:03:34",628.3,2,marcrippee
5318,16715473,cmrfrd,"2026-08-14 04:58:15",628.3,2,thecmrfrd
5319,16846149,"Arnav Salkade","2026-09-07 15:00:23",628.3,2,arnavsalkade
5320,16763113,sowhatwillwelearn,"2026-09-01 11:03:47",628.3,2,sowhatwillwelearn
5321,16665990,daffaharil,"2026-08-11 07:56:55",628.3,2,"daffaharil,farhansiddiq"
5322,16789898,"Trung Phạm Đức","2026-09-09 04:00:19",628.3,2,arscil
5323,16661898,Farfadet,"2026-08-12 06:04:18",628.2,2,farfadet
5324,16655663,"Farmland Destroyer","2026-08-19 13:43:22",628.1,2,minghaopang
5325,16718838,"josh mathers","2026-08-14 09:26:33",628.0,2,joshmathers
5326,16732504,"porsche zheng","2026-08-18 08:19:41",628.0,2,porschezheng
5327,16665471,"Dennis Navamani","2026-08-25 11:10:08",627.1,2,dennisnavamani
5328,16664096,"Charles Coonce","2026-09-08 02:26:37",626.9,2,charlescoonce
5329,16654328,"QQ Farm","2026-08-28 12:59:12",626.8,2,"huiiyu,titirmt"
5330,16735408,"Evan S","2026-08-18 20:06:05",626.8,2,evansc123
5331,16810497,Garuda,"2026-09-07 06:32:01",626.8,2,santhoshreddypasnoor
5332,16719696,"Spencer Farrand","2026-08-17 18:40:28",626.8,2,spencerfarrand
5333,16870596,juicyorange,"2026-09-13 20:50:24",626.7,2,billychau1
5334,16658655,HbjaHbja,"2026-08-12 12:18:51",626.6,2,hbjahbja
5335,16797395,"LCNN JJ","2026-09-06 02:27:37",626.3,2,supremebeast08
5336,16672370,"Yash Barhanpurkar","2026-09-10 17:36:18",626.3,2,yashbarhanpurkar
5337,16691398,"Time to Win","2026-09-03 04:36:52",626.2,2,yatharthdurgapal
5338,16670615,Ahornsirup,"2026-09-06 21:03:14",625.8,2,ahornsirup
5339,16685785,KSAI,"2026-09-07 14:42:54",625.0,2,kishan2112004
5340,16756972,"Đức Hải Hà","2026-09-05 05:36:16",624.9,2,tankinguyen
5341,16663998,"Harith Al-Ani","2026-08-24 00:09:54",624.8,2,abo3losh
5342,16854535,Dragon,"2026-09-09 16:48:11",624.8,2,dragon116rus
5343,16775652,"Dat Dinh","2026-08-28 09:19:43",624.7,2,dathbdinh
5344,16677105,"Chaitanya Yadav","2026-08-16 10:36:07",624.7,2,xhaitanya
5345,16623213,zulfikar.khalwaniev,"2026-08-23 09:08:56",624.5,1,khalwaniev
5346,16663909,HDPark,"2026-08-17 04:48:41",624.4,2,hdpark
5347,16677518,"Khor Yin Loon","2026-09-11 15:56:20",624.1,2,khoryinloon
5348,16636808,"Kaito Ichikawa","2026-09-04 14:37:42",624.0,2,kaitoichikawa
5349,16658019,ไอติวบ้านปังมาเอาแช้มมมม,"2026-08-08 18:43:05",623.9,2,tewnabhat
5350,16772678,SuppliLion,"2026-09-02 21:44:21",623.9,2,supplilion
5351,16854776,aruuu,"2026-09-10 14:11:51",623.7,2,arruuu
5352,16654640,"Halil Akbas","2026-08-28 00:32:12",623.5,2,halilbrahimakbas
5353,16860587,"Mayo Mafia","2026-09-12 03:51:08",623.2,2,vasujain12344
5354,16673151,skyblue01,"2026-08-27 07:56:10",622.9,2,skyblue01
5355,16775770,"Ashish Kumar","2026-08-27 17:18:58",622.9,1,whoashish115
5356,16668211,"Alejandro Hernández Mairal","2026-09-03 13:28:29",622.8,2,alherma7
5357,16766732,"Maziyar Abyari","2026-09-06 21:39:16",622.8,2,maziyarabyari
5358,16724364,Sh4ron,"2026-09-11 15:48:11",622.8,2,sh4ron
5359,16663656,"Andrii Kavetskyi","2026-08-20 21:48:20",622.6,2,andriykavetsky
5360,16706455,"John Andrei Martinez","2026-08-18 18:55:04",622.5,2,johnandreimartinez
5361,16767632,"robin baldeo","2026-08-28 17:02:49",622.3,2,robinbaldeo
5362,16667630,Sparsh389,"2026-08-06 15:46:09",622.3,2,sparsh389
5363,16887437,EthanL67,"2026-09-13 20:08:47",622.1,2,ethanl67
5364,16666084,"Andaç Demirdelen","2026-08-09 19:18:08",621.9,2,andacdemirdelen
5365,16675708,"Mahder Tesfaye Abebe","2026-08-08 08:46:36",621.9,2,mahdertesfayeabebe
5366,16703310,"israel ntumba","2026-08-14 01:18:18",621.9,2,israelntumba
5367,16690869,"Yudai Hayashi","2026-08-23 09:14:30",621.8,2,yuhaya9
5368,16708824,"Tanaka Chiromo","2026-08-20 11:12:22",621.5,2,tanakachiromo
5369,16692995,RafaMartinaitis,"2026-08-22 11:50:10",621.0,2,rafaelmartinaitis
5370,16848416,"Mayank Bhatia","2026-09-07 15:09:19",621.0,2,mikemayankb
5371,16635377,het2554,"2026-09-13 07:55:05",620.9,2,crazy2554
5372,16697261,nbauerle,"2026-08-14 15:10:38",620.9,2,nbauerle
5373,16702411,"Aryuemaan Chowdhury","2026-08-21 07:05:31",620.7,1,aryuemaanchowdhury
5374,16704924,jdx,"2026-09-13 17:32:32",620.6,2,jdsemrau
5375,16694610,Kshitiz2002,"2026-08-11 15:44:41",620.6,2,kshitiz2002
5376,16744898,"Tore Erdmann","2026-09-13 14:18:13",620.4,2,toreerdmann
5377,16716365,Murphy,"2026-08-21 14:00:29",620.2,2,taeyounglimdt
5378,16681149,Lee14k,"2026-08-19 17:00:35",620.2,2,lee14k
5379,16716941,林木子吖,"2026-08-24 09:28:59",620.0,2,linmuzi0108
5380,16717614,Dhanyashree1028,"2026-08-16 15:00:37",619.9,2,dhanyashree1028
5381,16687714,nabilux,"2026-08-09 13:27:11",619.9,2,eminesnabil
5382,16684886,HTHub,"2026-08-08 00:12:47",619.7,2,adegokesaidi
5383,16734595,"Abhimanyu Singh","2026-08-20 12:52:38",619.2,2,abhimanyusingh170702
5384,16731516,Sumit0694,"2026-09-06 12:58:54",618.8,2,sumit0694
5385,16655027,"Artem Zenkevich","2026-08-16 13:09:58",618.5,2,artemzen
5386,16676254,"Lazy Lagoon","2026-09-13 08:36:31",618.5,2,"mokshoswal137,taniyasankhe"
5387,16844875,GBWK,"2026-09-12 20:01:23",618.5,2,gabmaury
5388,16732670,minoneru,"2026-09-13 01:15:27",618.3,2,kotaminoshima
5389,16635600,"Divyansh Kumar","2026-09-05 19:33:37",617.8,2,"divyanshkumar3,vivekjeetpatel"
5390,16777740,hoangnnh67,"2026-08-28 22:12:22",617.3,2,hoangnnh67
5391,16795256,"N Nelson","2026-09-05 14:29:25",617.3,2,napoliyannelson
5392,16660090,"Kaggriculture @ Farmageddon","2026-09-06 06:28:47",617.2,2,gary08phillios
5393,16738336,"Guo Xuehan","2026-09-02 05:44:05",617.1,2,zmllls
5394,16745571,"Yifan Xie","2026-09-03 13:55:15",617.0,2,yifanxie
5395,16667565,BeeDeeR,"2026-09-10 22:42:41",616.9,2,beedeer
5396,16881624,RetrainMap,"2026-09-12 20:08:45",616.8,2,retrainmap
5397,16732537,Rapha,"2026-08-27 12:08:17",616.7,2,raphaabels
5398,16774524,ShinYingChua,"2026-09-13 15:35:15",616.7,2,shinyingchua
5399,16665692,Straw_hats,"2026-09-01 07:40:19",616.6,2,"charanno,tvigneshreddy"
5400,16671421,"Gryffin Wang","2026-08-08 23:08:40",616.5,2,gryffindoraf
5401,16651661,"Quyền Thịnh","2026-08-07 06:27:45",616.4,2,quynthnh
5402,16726080,"Arda Yasar","2026-08-19 06:02:10",616.2,2,ardayasar
5403,16859900,ZZZ234234234,"2026-09-10 13:25:58",616.1,2,zzz234234234
5404,16657347,"Hibiki M","2026-08-20 15:30:40",616.1,2,hibikibrise
5405,16700546,"Nightshade Family","2026-09-07 13:24:48",616.0,2,"gihanchamod17,vishmithasamarakoon"
5406,16621657,"Nikita Batuev","2026-09-12 12:20:41",615.7,2,batuevnikita
5407,16793680,prajval_p,"2026-09-01 01:03:39",615.6,2,prajvalp
5408,16759265,AI老爸,"2026-09-06 15:42:27",615.6,2,tsengchienchih
5409,16699140,St.Valentine,"2026-08-18 09:49:04",615.5,2,stvalentin3
5410,16659367,"Tayyab Aamir","2026-08-06 10:59:49",614.8,2,duketi
5411,16755091,Charlie,"2026-09-05 22:45:41",614.5,2,zephyrlennox
5412,16657016,"MD. AS-AID RAHMAN","2026-08-26 15:57:49",614.3,2,mdasaidrahman
5413,16804094,faheem,"2026-09-13 05:08:44",614.1,2,faheemkhaskheli9
5414,16677178,"YOUSSEF FAID","2026-08-11 21:10:38",613.9,2,yousseffaid
5415,16730461,"Mubin Shaikh","2026-08-19 06:09:17",613.9,2,shaikhmubin
5416,16713249,"vedant patnala","2026-08-27 22:38:03",613.8,2,vedantpatnala
5417,16793452,"Ghazaros Ghazaros","2026-09-12 00:26:59",613.8,2,ghazarosghazaros
5418,16833040,"Vadim Demchuk","2026-09-05 06:07:54",613.6,2,vadimdemchuk
5419,16624888,okome_niigata,"2026-08-06 06:47:17",613.6,2,okomeniigata
5420,16675832,"Dean Shalev","2026-08-09 04:12:47",613.6,2,deanshalev
5421,16657798,"Ian Kim","2026-08-06 05:07:10",613.6,2,ianpkim
5422,16760604,"Thananut Phiboonbanakit","2026-08-25 14:04:44",613.4,2,tphiboonbanakit
5423,16853993,"Christie Lam","2026-09-13 09:28:09",613.3,2,christielam
5424,16822071,"aisormo P.H","2026-09-12 08:27:38",612.7,2,aisormoph
5425,16674950,Davide,"2026-09-03 09:22:38",612.7,2,quanttony
5426,16659341,Aryan88097,"2026-08-05 17:26:57",612.6,2,aryan88097
5427,16664359,"Apil Khadka","2026-08-15 13:10:18",612.5,2,apilkhadka
5428,16791701,"Tired Dad Data","2026-09-12 21:37:23",612.4,2,alexmaggard
5429,16670313,HamzZZzzZZa,"2026-08-06 22:01:28",612.4,2,memesalot
5430,16711567,"Finn Brooks","2026-08-15 04:40:11",612.1,2,finnbr
5431,16683282,ayushk_empire,"2026-08-14 11:50:15",612.1,2,ayushkempire
5432,16823853,Zerbytheboss,"2026-09-06 22:03:05",612.0,2,zerbytheboss
5433,16654099,"Bhupin Thapa magar","2026-08-10 09:22:06",612.0,2,vupeenthapamagar
5434,16664041,"an Expired Engineer","2026-08-17 12:02:21",612.0,2,sanggusti
5435,16696916,Sundar,"2026-08-11 13:04:59",611.9,2,vsundar17697
5436,16697526,"Jurgen Sinjari","2026-08-10 21:21:26",611.5,2,jurgensinjari
5437,16702713,"Rob Sartin","2026-09-13 15:59:04",611.4,2,robsartin
5438,16735476,"Matthew Liew","2026-08-18 08:02:11",611.4,2,matthewliew
5439,16757280,"manos papagiannidis","2026-09-09 08:30:46",611.2,2,manospapagiannidis
5440,16682915,"igeo kK","2026-09-12 23:10:17",611.1,2,igeokk
5441,16731447,"Rúben Martins","2026-08-19 20:55:42",610.8,2,rubenmartins10
5442,16747180,KaiKogure,"2026-09-03 12:46:04",610.5,1,kaikogure
5443,16839030,minedmap,"2026-09-07 20:19:52",610.4,2,minedmap
5444,16668648,"Mason R. Brito","2026-09-10 16:58:25",610.2,2,masonrbrito
5445,16652635,panacea9320,"2026-08-05 10:45:06",609.9,2,panacea9320
5446,16706192,rustlers42,"2026-09-02 15:24:05",609.5,2,"lkshrsch,powerofcreation"
5447,16793913,"Vrushal Patil","2026-09-06 11:13:36",609.3,2,vrushalpatil
5448,16655449,tcvieira,"2026-08-06 18:20:34",609.0,2,tcvieira
5449,16728220,Naki,"2026-09-08 11:50:44",609.0,2,nanakiohashi
5450,16752665,"Dominik Toric","2026-09-10 16:25:07",608.9,2,dominiktoric
5451,16630837,"Vishal Sharma","2026-08-05 18:24:44",608.8,2,vishal40182
5452,16724819,Dwij12,"2026-08-20 18:28:01",608.7,2,dwij12
5453,16689919,"Koren Ben Ezra","2026-08-08 17:49:55",608.6,2,korenbenezra
5454,16664790,"soumic 1088","2026-08-19 08:34:34",608.6,2,soumic1088
5455,16660653,kanchana's,"2026-09-01 17:09:40",608.5,2,"saikanchana,yuvarajkanchana"
5456,16711868,"Mark Cooper","2026-08-16 13:09:02",608.4,2,markjcooper
5457,16830678,Voodoo_m88,"2026-09-11 05:21:29",608.0,2,voodoom88
5458,16678157,"Ayush Kumawat","2026-08-14 13:10:02",607.9,2,ayushkumawat21
5459,16885059,"Bhaskar #2","2026-09-13 10:45:05",607.8,2,itikelabhaskar
5460,16673923,"Gabriele Giacometti","2026-09-10 12:15:50",607.3,2,gabrielegiacometti
5461,16771001,"0x1369 T-Farm","2026-08-31 04:38:04",607.3,2,xcryst
5462,16654454,"Haoxiang Li","2026-09-06 09:24:47",607.1,2,haoxiangli789
5463,16738506,"Rok Sechs","2026-09-13 02:18:30",606.8,2,rokshimiz
5464,16667500,jiannebab,"2026-08-14 14:29:12",606.5,2,jiannebab
5465,16732529,"lixinglong ye","2026-09-09 07:46:16",606.4,2,lixinglongye
5466,16865424,lost,"2026-09-13 11:54:02",606.1,2,fluorescencexe
5467,16670698,"Tamerlan Dadashov","2026-08-09 10:36:12",606.1,2,tamerlandadashov
5468,16658686,"Alpesh Kumar","2026-08-08 06:12:31",606.1,2,alpeshkumar
5469,16732003,"HAO jia liu","2026-08-18 09:58:05",606.0,2,haojialiu
5470,16781377,AgriMind,"2026-09-13 17:18:43",606.0,2,slimaneguermat
5471,16847801,"Joachim Oliver Mampouya","2026-09-08 14:54:14",605.8,2,olivermam
5472,16687390,"Mark Calvert","2026-08-08 09:51:55",605.8,2,markycalvert
5473,16662120,"Harpal Gujral","2026-08-25 18:07:07",605.7,2,harpalgujral
5474,16668817,"Sean ODonnell","2026-08-08 03:27:47",605.7,2,sjean11
5475,16655039,"Andrew Yip","2026-08-06 20:14:49",605.4,2,yipcma
5476,16704437,babybuffalo,"2026-08-25 16:11:16",605.4,2,babybuffalo
5477,16682815,"Saiyam Bharara","2026-08-19 15:03:06",605.3,2,saiyambharara
5478,16732048,jiangletian,"2026-08-24 03:20:40",605.0,2,jiangletian
5479,16665060,Pipeweed,"2026-08-27 18:14:40",604.8,2,pipeweed56
5480,16664267,"Alan T. Andrea","2026-08-09 03:22:40",604.7,2,alantandrea
5481,16673359,hasshi7965,"2026-09-06 10:05:10",604.7,2,hasshi7965
5482,16756677,"Pyzh Vladislav","2026-08-24 10:19:44",604.6,2,pyzhvladislav
5483,16722502,Abyss,"2026-08-27 11:26:49",604.6,2,sahiltks
5484,16885599,Suiban,"2026-09-13 13:38:00",604.6,2,suiban410219
5485,16634246,just_calculate,"2026-09-13 15:21:05",604.6,2,justcalculate
5486,16739449,SelvapriyankaRam,"2026-08-24 18:44:21",604.4,2,selvapriyankaram
5487,16688175,aarav221w,"2026-08-25 23:40:16",604.3,2,aarav221w
5488,16661318,"Zeel Kadvani","2026-08-25 11:17:53",604.1,2,zeelkadvani
5489,16782187,"Margo Kim","2026-08-28 19:15:18",604.0,2,margokim
5490,16732725,MackTen,"2026-08-19 08:14:01",603.9,2,mackten
5491,16625047,BOBQWERA,"2026-08-02 06:34:18",603.8,2,bobqwera
5492,16793802,"Andrew Lam","2026-09-01 09:07:56",603.8,2,andrewlam23
5493,16658009,"Lando Wang","2026-08-05 02:18:17",603.6,2,landowang
5494,16810595,dauriel,"2026-09-13 19:57:55",603.5,2,dauriel
5495,16845009,"Nyasha Gandah","2026-09-13 16:34:47",603.5,2,nyashagandah
5496,16665133,"Abhishek Dubey","2026-08-10 13:28:57",603.2,2,abhishekdubey911
5497,16691518,"Sander Ee","2026-08-09 12:03:09",603.1,2,sanderee
5498,16744752,"Dean Johnson","2026-08-27 10:26:20",603.1,2,deanjohnson202
5499,16700785,"VIVEK JAMI","2026-08-19 13:57:57",603.0,2,vivekjami
5500,16660540,Minikotey,"2026-08-16 15:34:40",602.9,2,juliapatarishina
5501,16621407,Kh0a,"2026-09-06 18:30:51",602.6,2,llkh0a
5502,16664731,UT,"2026-08-21 15:24:42",602.5,2,"sabapunch,wasshan"
5503,16694134,"Sophia Leng","2026-08-24 20:04:10",602.5,1,sophialeng9
5504,16811603,hundun,"2026-09-04 09:48:18",602.3,2,zhongh4oyang
5505,16682876,"Kartik Garg","2026-08-09 05:21:34",602.1,2,kartikgarg97
5506,16665894,"Pedro Wu","2026-09-03 03:40:31",602.1,2,pedropei
5507,16654761,"Mohammed Mukthar","2026-08-05 02:06:15",602.1,2,mohammedmukthar9
5508,16808696,마짱MAZZANG,"2026-09-04 09:41:16",602.0,2,mazzang
5509,16851330,umar,"2026-09-10 08:58:55",602.0,2,umar4md
5510,16744534,"Leonardo Custode","2026-09-11 09:16:04",601.9,2,leocus
5511,16736636,torch,"2026-08-18 10:35:29",601.7,2,rhtsingh
5512,16877886,"Mohamed el.harery","2026-09-12 15:23:06",601.5,2,mohamedelharery
5513,16702993,PLM,"2026-08-30 13:58:34",601.5,2,"ileabogdan,popu23,razvaniga,rvaurs"
5514,16844385,"Michael Leo Tan","2026-09-08 02:56:03",601.5,2,michaelleotan
5515,16866643,"Yan Slabodich","2026-09-10 21:35:38",601.4,2,yanskij
5516,16717850,"HeeGwan Lee","2026-09-06 11:51:49",601.4,2,heegwanlee
5517,16657887,"Yermak Petro","2026-09-13 17:29:57",601.4,2,yermakpetro
5518,16669393,"ÖMER FARUK YILMAZ","2026-08-07 19:54:59",601.3,2,ofyzero
5519,16633379,"Artem Prokhorov","2026-07-31 20:53:32",601.3,1,catfield123
5520,16738235,tenfish,"2026-09-12 11:48:01",601.3,2,"oygdri,takatoyoshikawa"
5521,16658106,"Devam juthani","2026-08-05 08:18:14",601.3,2,devamjuthani
5522,16658937,SebastianQbiak,"2026-08-05 06:20:18",601.0,2,sebastianqbiak
5523,16622330,"hiroshi murakami","2026-08-22 01:03:12",600.9,2,zabojeb
5524,16661210,vizyourdata,"2026-08-07 11:05:08",600.8,2,vizyourdata
5525,16758316,"Roy Lo TW","2026-08-22 12:28:29",600.8,2,roylotw
5526,16664348,"Rocket Zech","2026-08-29 08:23:04",600.5,2,isaactunglaw
5527,16779539,"Dmitri Bugakov","2026-08-27 16:34:42",600.5,2,dmitrybugakov
5528,16664134,"Pelayo Fernández","2026-08-07 10:36:48",600.4,2,pelayofdez
5529,16723045,"Albert Einstein F Muritiba","2026-09-13 21:35:50",600.0,2,spideryzarc
5530,16888071,lawjkj,"2026-09-13 21:37:15",600.0,2,lawjkj
5531,16661331,"John Wessel","2026-09-13 21:39:21",600.0,2,johnwessel
5532,16792329,"Kumkum Barot","2026-09-13 19:57:52",599.9,2,kumkumbarot02062003
5533,16691164,"Krishna Saathwik","2026-08-13 13:50:40",599.9,2,krishnasaathwik
5534,16713236,kingofeverything,"2026-09-08 06:20:42",599.8,2,"kingofeverything,skyyyang"
5535,16809136,"Xander Lee","2026-09-04 13:56:48",599.8,2,xndlee
5536,16841559,dal7,"2026-09-09 04:32:12",599.8,2,purelyconceptual
5537,16666566,"Rairo Mukamuri","2026-09-10 11:12:49",599.7,2,thetraveller
5538,16655571,yuken,"2026-08-07 13:27:53",599.5,2,yukenai
5539,16725871,"Patrice Santiago","2026-09-03 22:19:56",599.2,2,patricesantiago
5540,16632510,shi_koyo,"2026-08-04 08:58:56",599.1,2,shikoyo
5541,16853582,"Qiao Ke","2026-09-09 09:44:44",599.1,1,bridgekk
5542,16730577,"Team Rocket’s Orbital Farm","2026-09-11 05:56:54",599.0,2,koheitsutsumi
5543,16660005,DreamX5678,"2026-08-06 07:55:06",598.9,2,dreamx5678
5544,16711928,Leraaaa,"2026-08-18 20:01:52",598.8,2,leraaaa
5545,16693949,"Eric Worrall","2026-09-12 08:06:03",598.6,2,ericworrall
5546,16837934,"Osman ILICA","2026-09-09 02:30:19",598.5,2,osmanilica
5547,16665622,one,"2026-08-11 04:10:11",598.4,2,richardsplayground
5548,16641130,LitvinKA,"2026-08-04 18:09:01",598.1,2,litvinka
5549,16686743,charmander,"2026-09-11 15:44:15",598.1,2,rahuladhi
5550,16694064,RRK0123,"2026-08-17 05:30:52",598.0,2,rrk0123
5551,16775749,Yurikada,"2026-09-03 11:13:54",597.7,2,yosukeinada
5552,16726873,@F,"2026-08-16 01:43:22",597.6,1,atefbouzid
5553,16855295,zhudong1949,"2026-09-09 03:58:56",597.5,2,zhudong1949
5554,16730030,"Jared Wilder","2026-08-17 14:23:15",597.5,2,jaredwilder
5555,16827864,"Tùng Dương Bùi","2026-09-04 14:31:54",597.5,2,tdbui1209
5556,16726839,syunsuke,"2026-08-21 23:12:13",597.4,2,syunsuke1024
5557,16659138,allenbcy,"2026-09-10 14:41:18",597.0,2,allenbcy
5558,16732307,"Shobha Vashishtha","2026-08-17 12:32:07",596.5,1,shobhavashishtha
5559,16671237,"Jose Alejandro Rivera Jaramillo","2026-08-07 18:13:13",596.0,2,alejandroriveraj
5560,16639705,"Yuta Tomimasu","2026-08-07 13:02:39",595.8,2,yutatomimasu
5561,16717245,bernard558,"2026-08-24 22:18:16",595.7,2,bernard558
5562,16640504,"Recep Öztürk","2026-08-26 11:19:31",595.7,2,rcpztrrk1
5563,16674841,"Syna Bedi","2026-08-15 09:57:28",595.7,2,synabedi
5564,16771283,taroyan-vamos,"2026-09-08 15:31:54",595.7,2,taroyanvamos
5565,16848263,Xenongas,"2026-09-08 14:23:14",595.7,2,xenongas1
5566,16655527,"Saurabh Kumar","2026-08-06 08:14:52",595.3,2,sk25oct
5567,16792449,SKYisSKYisSKY,"2026-08-31 04:16:07",595.1,2,skyisskyissky
5568,16639867,vibecoder,"2026-08-08 05:34:55",595.0,2,kunal808
5569,16671779,"Syed Jawad","2026-09-06 12:12:28",594.9,2,syedjawad11
5570,16654743,"Jaume Batlle i Ferrer","2026-09-13 18:10:47",594.7,2,jaumebatlleiferrer
5571,16667346,Artwenty-six,"2026-09-09 05:33:26",594.7,2,rezakautsarinsani
5572,16726684,"William Lee","2026-08-19 15:35:28",594.6,2,notyouravgwilly
5573,16662421,"Aparna Mantha","2026-08-06 17:23:34",594.5,2,aparnam91
5574,16634204,"m-toshi desu","2026-08-01 06:20:37",594.5,2,mtoshidesu
5575,16749104,danielx119,"2026-08-20 16:36:00",594.3,2,danielx119
5576,16731009,"Joseph Paris","2026-08-24 05:32:21",594.1,2,josephkparis
5577,16670708,"Mohammad Usman Sajid","2026-09-03 18:26:11",594.1,2,mohammadusmansajid
5578,16750864,Ymori,"2026-08-26 01:38:04",594.1,2,yasunorim
5579,16670070,"Kirill Molostov","2026-08-31 12:18:26",594.0,2,kirillmolostov
5580,16707078,"Loïc & Zach","2026-08-24 20:25:24",594.0,2,"locmmeteau,zachariedubus"
5581,16755529,"Rafea Almejrab2025","2026-08-29 16:06:34",594.0,2,rafeaalmejrab2025
5582,16763088,mason.jr,"2026-08-25 04:29:36",593.9,2,haophanzx
5583,16669165,"IT Neko","2026-08-14 13:17:33",593.9,2,"nirvaanaa,zhexuanyecust"
5584,16763287,Sathishkumartheta,"2026-08-25 18:53:26",593.8,2,sathishkumartheta
5585,16774843,"Assylkhan Kerey","2026-08-30 03:16:54",593.8,2,n0nlyy
5586,16697941,"Raphael Coelho","2026-08-16 15:24:28",593.7,2,raphaelrrcoelho
5587,16701034,notnorm,"2026-08-11 10:31:23",593.5,1,notnorm
5588,16676534,AlphaBound,"2026-08-25 05:26:32",593.3,2,somsubhrometya
5589,16635746,"jeon hyeon woo","2026-08-13 15:32:43",593.1,2,jeonhyeonwoo
5590,16637776,MarvelousXun,"2026-08-03 09:33:38",592.8,2,marvelousxun
5591,16738777,"Balwinder Singh1235","2026-08-20 10:21:34",592.7,2,balwindersingh1235
5592,16709318,"Jana Hagen","2026-08-26 18:00:16",592.7,2,janahagen
5593,16697681,"Mahfujur Rahman Rakib","2026-08-10 05:14:21",592.1,2,mahfujurrahmanrakib
5594,16707561,"Nick Rom111","2026-09-11 22:23:45",592.0,2,nickrom111
5595,16691552,"Koshtubh Singh Parihar","2026-08-09 03:19:39",592.0,2,koshtubhsinghparihar
5596,16696421,"Koyashiki Mao","2026-08-11 06:40:19",591.8,2,koyashikimao
5597,16791027,"Ryan Cheung","2026-09-07 04:46:47",591.7,2,doggychip
5598,16667818,AjayVarma555,"2026-08-09 15:14:45",591.6,2,ajayvarma555
5599,16851712,VelloNChiru,"2026-09-12 04:10:25",591.6,2,janelawrence
5600,16728195,"6 GOD","2026-08-21 15:50:28",591.4,2,tertospacko
5601,16732609,"Filippo Paninforni","2026-08-19 18:30:22",591.2,2,filippopaninforni
5602,16669597,农业农村部,"2026-08-10 19:11:08",590.7,2,"bingzhenghan,hrwan1,krasuszl"
5603,16782993,hayashida,"2026-09-07 14:01:36",590.5,2,daichihayashi
5604,16770674,"Arpit Jain","2026-09-02 11:44:36",590.5,2,arpitjain5
5605,16671256,"Navid Zaman","2026-09-08 13:58:31",590.4,2,navidzaman01
5606,16698164,"Ruizhang Zhi","2026-09-13 21:28:20",590.3,2,ruizhangzhi
5607,16652173,"Shardul Gharat","2026-08-06 10:07:36",590.3,2,shardulgharat
5608,16658151,"Nguyễn Phúc Gia Bảo","2026-08-06 15:15:07",590.2,2,kevincrazy678
5609,16733873,"Shirish Chinchanikar","2026-08-30 15:53:12",590.1,2,"codemastersj,shirishchinchanikar"
5610,16730231,chandler14362,"2026-08-29 03:04:49",589.9,2,chandler14362
5611,16684674,"Ch Muhammad Umer ","2026-08-11 08:11:36",589.7,2,chmuhammadumer
5612,16718366,RATriculture,"2026-08-28 19:15:28",589.7,2,tarasshchur
5613,16654351,"Manish Kumar","2026-08-04 07:45:22",589.4,2,manishkumarphd2000
5614,16727376,"Roko Torbarina","2026-08-18 18:31:57",589.4,2,rokotorbarina
5615,16690338,dvv_ram,"2026-08-13 00:11:18",589.1,2,ddvram
5616,16689391,"Tejas Rajput","2026-08-08 17:21:18",589.1,2,tejasrajput123
5617,16795997,"Boyu Wan","2026-09-04 04:58:57",589.0,2,pupudan
5618,16669595,evanca,"2026-08-08 12:27:56",588.8,2,evanca
5619,16677303,"Chase Martyn","2026-08-19 02:05:12",588.6,2,chasemartyn
5620,16794491,"Sushant Pargaonkar","2026-09-02 02:59:45",588.6,2,sushantpargaonkar
5621,16657871,Lucienne,"2026-08-05 03:13:59",588.4,2,yangnianan
5622,16660670,"Chirag Bhatnagar","2026-08-31 09:21:45",588.3,2,chiragbhatn
5623,16756029,EndCreeper,"2026-09-13 20:44:39",588.0,2,endcreeper
5624,16785687,"AP SEM F STUDENTS","2026-08-31 03:52:37",587.9,2,"advaithn0518,rohanjeyavel,shrivatsamurugan,stitchsages"
5625,16692750,"Hoya need job","2026-09-13 20:14:43",587.7,2,pranavwankhade
5626,16650930,"Govind Sharma","2026-08-24 09:25:23",587.6,2,govindsarswat
5627,16880648,"Akash Pattani","2026-09-12 18:30:07",587.5,2,akashpattani
5628,16720788,Anson,"2026-09-05 19:45:48",587.2,2,anson0496
5629,16777056,"Seb boulba","2026-08-27 21:03:26",587.0,2,sebboulba
5630,16690736,omarkami007,"2026-08-11 18:40:45",587.0,2,omarkami007
5631,16704569,"Lorenzo Grattarola","2026-08-16 22:24:15",587.0,2,lorenzograttarola
5632,16795609,2023314806_이승민,"2026-09-04 10:21:31",586.7,2,sminleeee
5633,16728799,JulianHahn28,"2026-08-17 21:26:57",586.6,2,julianhahn28
5634,16872064,"Jimmy Erickson","2026-09-13 19:43:54",586.4,2,jimmyerickson
5635,16673333,"Dimas Renggana","2026-08-06 23:40:39",586.4,2,dimasrenggana
5636,16654943,"Alexis Selorm Gbeckor - Kove","2026-08-10 11:44:58",586.2,2,advancedbeginner
5637,16871854,"Tanvi Parsam","2026-09-13 16:07:41",585.9,2,tanviparsam
5638,16658779,"Richard G Atkinson","2026-08-05 00:29:59",585.7,2,richardgatkinson
5639,16681660,"Parham Ghazanfari","2026-08-07 20:18:18",585.5,1,parhamghazanfari
5640,16680297,"Ajay Singh","2026-08-08 04:33:24",585.4,2,ajaysinghg
5641,16670210,"Ali Alghaithi","2026-08-10 21:14:48",585.3,2,alioman
5642,16687716,"Joshua Fernando","2026-08-30 17:59:14",585.3,2,joshuafernandoj
5643,16671420,"Chengchen Duan","2026-08-17 15:25:09",585.2,2,chengchenduan
5644,16871327,"Anh Bui","2026-09-13 16:26:13",584.9,2,bibanh
5645,16661066,"André Kuster","2026-08-06 00:54:20",584.8,2,andrkuster
5646,16659951,"CHRISTOPHER CRILLY","2026-09-11 12:23:20",584.5,2,christophercrilly
5647,16744239,"Diogo Gomes ","2026-08-25 09:39:28",584.4,2,diogogomes
5648,16760190,"Florian Tigoulet","2026-08-24 12:37:14",584.4,2,floriantigoulet
5649,16715225,"Someswararao Tellakula","2026-08-17 01:15:37",584.4,2,someshtellakula
5650,16658775,"Vincent Pan","2026-08-29 12:55:20",584.3,2,"judithhong,vincentpan2005"
5651,16730104,BartHeart,"2026-08-20 18:58:23",584.2,2,bartheart
5652,16825999,"Atsushi Yoshikawa","2026-09-07 02:06:13",584.0,2,atsushiyoshikawa
5653,16671942,"JIVRAJ SINGH","2026-09-05 02:33:23",583.8,2,jivrajsingh
5654,16663963,M0h4m3d-Byte,"2026-09-13 21:16:44",583.7,2,dev3mohamed
5655,16682076,"Igor Riegel","2026-09-02 14:49:12",583.6,2,igormriegel
5656,16660295,Pentos,"2026-08-10 00:06:56",583.5,2,nishiumi
5657,16806260,"Kotaro Furuno","2026-09-03 14:36:00",583.4,2,kotarofuruno
5658,16760226,"Erich Hofstötter","2026-08-24 15:49:06",583.4,2,erichhofsttter
5659,16814805,Muzhi11,"2026-09-12 05:43:12",583.4,2,muzhi11
5660,16727009,B05801037,"2026-08-18 02:28:48",583.4,2,peteropop
5661,16655272,"Artur Sakhiullin","2026-08-09 14:27:52",583.3,2,artursakhiullin
5662,16841747,"Carlos Bósquez","2026-09-10 15:17:37",583.0,2,carlosbsquez
5663,16718445,"Hamza Elmorjani","2026-08-15 12:16:55",583.0,2,hamzaelmorjani03
5664,16811259,"Aaryan Agarwal","2026-09-03 20:21:00",582.9,1,aaryanagarwal
5665,16664313,CompilingCoder,"2026-08-06 09:38:17",582.7,2,compilingcoder
5666,16639408,Invictus,"2026-08-11 22:44:04",582.6,2,nicho256
5667,16690940,NKryst,"2026-08-29 10:57:18",582.5,2,nkryst
5668,16645431,Amin,"2026-08-08 22:05:02",582.5,2,aminvafaei
5669,16716632,shini47,"2026-08-22 20:30:17",582.1,2,shini47
5670,16642994,"Danila Galkin","2026-08-13 19:22:17",582.0,2,danilagalkin
5671,16715495,Yashi003,"2026-08-24 04:44:40",581.8,2,yashi003
5672,16693988,"Pranav Gupta","2026-08-18 03:51:41",581.3,2,kumbhakarann
5673,16676360,"Chris Kang","2026-08-17 10:07:49",581.3,2,rukawa917
5674,16780513,"Hugo JOBÉ","2026-08-27 20:51:09",581.1,2,hugojob
5675,16662293,"Alejandro Fonda","2026-09-13 21:10:43",581.1,2,alejandrofonda
5676,16655651,"Kevin Cho","2026-09-13 19:53:45",581.0,2,chokevinjs
5677,16621811,"Shaun Andrade","2026-08-01 00:44:42",580.9,2,shaunandrade
5678,16724904,"Carlos Eduardo De Paula Arantes","2026-08-15 15:48:43",580.9,2,carloseduardo1753
5679,16675066,Opticulture,"2026-08-16 12:19:48",580.8,2,"bajibaburowthu,ponnuripavankumar,radhakrishnadoredla,veereshkumar1219"
5680,16848633,umizora,"2026-09-08 13:34:47",580.7,2,yoiisohira
5681,16675074,ahiokk,"2026-08-07 07:58:44",580.7,2,ahiokk
5682,16700441,"Houssem RIAHI","2026-08-27 14:54:09",580.2,2,houssemriahi
5683,16789550,foundtion,"2026-08-30 13:19:22",580.1,2,foundtion
5684,16887820,"Radosław Czajkowski","2026-09-13 20:22:39",580.0,2,radoslaw
5685,16743815,"Asanka Pradeep","2026-08-23 14:32:46",579.9,2,asanakapr
5686,16757211,dacho,"2026-09-07 00:08:06",579.8,2,slothcafe
5687,16705328,"Ester Arias","2026-09-13 05:50:16",579.8,2,esterarias
5688,16761451,gulag,"2026-08-24 03:39:54",579.8,2,moglin
5689,16654585,"David Pedersen","2026-09-11 06:56:10",579.8,2,semalytics
5690,16635145,"Isaac Menard","2026-08-05 21:11:36",579.5,2,isaacmenard
5691,16712902,"Ethan Benjamin Cole","2026-08-13 12:19:26",579.3,2,ethanbenjamincole
5692,16686613,Zubatch,"2026-08-15 20:11:39",579.2,2,zubatch
5693,16659418,"Fonge Bertin","2026-08-06 09:26:33",579.2,2,fongebertin
5694,16687548,"Shubham Tibrewal","2026-08-22 12:21:02",579.1,2,researchai2026
5695,16669396,Fleo98,"2026-08-10 15:43:34",579.0,2,fleo98
5696,16883048,"Amit Gunjan","2026-09-12 23:07:44",579.0,2,daydreamerthinks
5697,16673712,"Alejandro Betato","2026-08-16 10:48:24",579.0,2,alejandrobetato
5698,16671680,"Joe Hall","2026-08-10 19:02:30",578.8,2,halljr
5699,16775001,"Maarij Aqeel","2026-08-26 14:48:03",578.8,2,maarijaqeel
5700,16707767,"Lai Eu Wen","2026-08-16 16:47:50",578.6,2,laieuwen
5701,16674504,"Arunabh Gupta","2026-08-18 11:10:33",578.5,2,"arunabhsgupt4,eggsysy"
5702,16671364,"Mike Riggs","2026-08-09 03:22:55",578.5,2,riggsasi
5703,16851079,"Nathaniel Marshall","2026-09-08 02:04:22",578.4,2,nm4rshall
5704,16841589,加藤正樹,"2026-09-06 01:59:11",578.4,2,masaki9920
5705,16665462,ZSZ,"2026-08-12 13:55:00",578.3,2,zsuzsanna2
5706,16736111,hexingwei33,"2026-09-01 02:08:11",577.9,2,hexingwei33
5707,16762994,AdvancedRising,"2026-09-13 14:54:28",577.9,2,advancedrising
5708,16666483,"Salih Erdem Kaymak","2026-08-08 17:32:38",577.9,2,saliherdemkaymak
5709,16729202,Sven,"2026-08-27 21:55:40",577.9,2,sventleman
5710,16659446,zhaozy233,"2026-08-15 16:51:36",577.9,2,zhaozy233
5711,16676155,"Adam Carnaffan","2026-08-07 16:48:03",577.8,2,adamcarnaffan
5712,16784599,"Lisa Hines","2026-09-03 15:09:08",577.8,2,lisamhines
5713,16665191,JoJa,"2026-09-11 01:19:57",577.7,2,"mojyou,noahzx"
5714,16708625,"Lê Văn Pháp","2026-08-29 03:15:56",577.7,2,"linhsarah,lvnphp"
5715,16770891,"Oleg Shatov","2026-09-05 16:34:56",577.5,2,bishkek
5716,16723037,"Red Cat","2026-09-10 19:23:50",577.1,2,severl
5717,16841858,"Aadit Agrawal","2026-09-08 07:23:56",577.0,2,aaditagrawal
5718,16702118,"cemal özdeniz","2026-08-10 20:27:17",577.0,2,cemalzdeniz
5719,16863952,"Kuei-Hsien Chu","2026-09-10 06:14:39",576.9,2,formosa21
5720,16740646,"Darren Chung","2026-08-25 18:00:27",576.7,2,chungdarren
5721,16639970,Gowtham2962s,"2026-09-13 16:00:33",576.5,2,gowtham2962s
5722,16731996,Chloe,"2026-08-18 02:58:05",576.4,2,chenchloehaimo
5723,16787010,"Samir Patel","2026-09-04 02:59:28",576.0,2,mesamirpatel
5724,16662103,"Saravana Thiagarajan K","2026-08-05 21:43:42",575.9,2,saravanatk1984
5725,16664119,FSzekut,"2026-08-07 00:03:04",575.9,2,fszekut
5726,16655426,engin_zhou,"2026-08-05 15:21:18",575.6,2,enginzhou
5727,16661564,yang20251228,"2026-09-02 03:40:29",575.5,2,yang20251228
5728,16634316,"Cao Tùng Lâm","2026-09-01 07:16:08",575.3,2,liamislazy
5729,16691938,"PRASHANT SUTHAR11","2026-08-10 09:46:05",575.2,2,prashantsuthar11
5730,16677231,"Ahmed Bootaan","2026-08-06 18:08:52",575.0,2,ahmedbootaan
5731,16784420,renyxin,"2026-09-04 06:35:37",574.8,2,renyxin
5732,16864314,marwar22,"2026-09-10 14:10:20",574.8,1,marwar22
5733,16621523,"Victor Orihuel","2026-08-18 05:40:18",574.7,2,victororihuel
5734,16854398,"VALERIY MIKHALEV","2026-09-08 16:27:24",574.6,2,valeriymikhalev
5735,16767800,awee,"2026-09-07 19:34:52",574.6,2,aweertw
5736,16855052,pk954061458,"2026-09-12 13:34:01",574.3,2,pk954061458
5737,16809985,"ADOLE Edache","2026-09-13 20:57:33",574.3,2,adoleedache
5738,16765031,"Allen JL Li","2026-08-27 06:12:23",574.3,2,allenjlli
5739,16673191,juliye,"2026-08-10 03:49:13",574.1,2,juliye
5740,16700885,"Malala Ramaha","2026-08-29 07:29:11",574.1,2,malalaramaha
5741,16657794,"Aromal vK","2026-08-06 15:35:11",574.0,2,aromalvk
5742,16710512,FishWotou,"2026-08-19 04:45:40",573.9,2,fishwotou
5743,16640845,"tang yangzhou","2026-08-04 21:36:09",573.9,1,tangyangzhou
5744,16679364,VicD,"2026-08-14 20:16:52",573.7,2,durandv
5745,16784966,oouiaa,"2026-09-03 21:53:59",573.6,2,tomofumihata
5746,16722366,"Aki Lit","2026-08-14 23:24:20",573.3,2,akilit
5747,16658477,"chathura prasadh9817","2026-08-06 07:18:04",573.1,2,chathuraprasadh9817
5748,16756388,"Sam Scott","2026-08-22 22:04:06",573.0,2,shepard5
5749,16657265,"Hemant Kumar","2026-08-05 15:17:20",572.9,2,hemantrajputt
5750,16653303,F4,"2026-08-06 01:43:09",572.9,2,"chen2yoimiya,huaidezhang,wahuwahuwahu,zrurfa"
5751,16659309,irisV11,"2026-08-18 05:23:01",572.8,2,irisv11
5752,16718363,"Jarbas Camurça","2026-08-28 11:15:44",572.8,2,pjarbas
5753,16667794,knadithyavr,"2026-08-13 12:24:05",572.7,2,knadithyavr
5754,16704864,ksj00610,"2026-08-12 08:47:16",572.6,2,ksj00610
5755,16774333,"Nazim Shoikot","2026-09-03 11:20:20",572.6,2,nazimshoikot71
5756,16729531,alfphafarm,"2026-08-19 19:09:48",572.4,2,vudattumaniteja
5757,16709494,"Aditya Dushara","2026-09-10 22:24:55",572.3,2,adityadushara
5758,16623071,"Santiago Maniches","2026-09-06 06:32:55",572.1,2,santmani
5759,16669028,"Atishay Kasliwal","2026-08-11 17:54:59",572.0,2,atishaykasliwal
5760,16703129,"Pratik Vadher","2026-08-10 21:08:27",571.8,1,pratikvadher
5761,16845161,"Abate etienne","2026-09-08 00:28:04",571.7,2,abateetienne
5762,16700484,白井孝太郎,"2026-08-15 01:08:02",571.6,2,kotaroshirai
5763,16657105,"Mathijs Deelen","2026-08-05 01:16:34",571.6,2,mathijsdeelen
5764,16749764,Aquaflame,"2026-09-11 16:41:58",571.5,2,aquaflame
5765,16668748,"Harrison Interactive","2026-09-12 03:52:00",571.5,2,nosiru
5766,16670274,"dankwa wadie","2026-09-01 08:45:40",571.4,2,dankwawadie
5767,16687448,"Israel Burns","2026-08-12 08:41:38",571.3,2,israelburns
5768,16674599,"Luka Duvanov","2026-08-19 22:03:46",571.2,2,nekkon
5769,16708907,"[Deleted] 84526ff4-3aed-4b4b-a45f-a4486f01cb7b","2026-08-13 20:01:55",571.1,2,del=34c747d6ee8d2bd7
5770,16735517,"Philipp k-s","2026-09-13 19:12:05",570.9,2,philippkeussenstrau
5771,16660419,"Kai-Shih Chiu","2026-08-06 12:54:22",570.8,2,kaishihchiu
5772,16726687,"Rohin Kethipally","2026-08-28 22:30:20",570.8,2,rohinkethipally
5773,16773402,齐乐,"2026-08-28 05:52:43",570.7,2,qile200107
5774,16664415,"Imerson Krysthio","2026-08-12 05:37:03",570.6,2,imersonk
5775,16692680,"Marc-Luca ","2026-08-11 12:02:15",570.5,2,marcluca
5776,16658031,BSam79,"2026-09-12 09:12:39",570.3,2,bsam79
5777,16743438,嘎嘎滴辣晒,"2026-08-24 09:30:32",570.2,2,yuhangzhang0621
5778,16844334,lsnm,"2026-09-07 15:02:17",570.0,2,eliasnema
5779,16710521,"Natpaphon Nukhunthod","2026-08-17 03:37:15",570.0,2,natpaphonnukhunthod
5780,16733910,davidsmith42,"2026-08-19 23:59:03",569.9,2,ananthvydianath42
5781,16623745,chunluran,"2026-08-27 06:55:55",569.7,2,chunluran
5782,16699711,"maxscender ","2026-08-13 14:03:35",569.7,2,maxscender
5783,16668175,el_dedalus,"2026-08-06 14:48:01",569.6,2,eldedalus
5784,16833063,"Fidel Escalona","2026-09-13 03:14:16",569.6,2,fbescalo
5785,16773320,kaka,"2026-09-11 12:48:23",569.4,2,kakawin
5786,16670544,"William Rients","2026-08-06 00:01:02",569.4,2,williamrients
5787,16669545,"Rishabh Gupta","2026-08-06 18:19:04",569.4,2,rishabhguptajs
5788,16730740," opus5🏆","2026-08-19 09:58:24",569.3,2,yinpinggao
5789,16656792,"Gnanaprakash R","2026-08-28 15:05:38",569.2,2,gnanaprakashr
5790,16732357,"Thales Augusto Leite de Souza","2026-08-23 23:43:38",569.1,2,thalestals
5791,16666249,Kawa_pt,"2026-09-08 22:24:25",569.0,2,kawapt
5792,16686912,@mldsdev,"2026-08-13 02:07:44",568.9,2,lan1mel
5793,16685652,LeonDuue,"2026-09-01 06:55:54",568.8,2,leonduue
5794,16853288,ypl0lpy,"2026-09-09 07:56:50",568.6,2,ypl0lpy
5795,16800950,"Mani Kanta Kalluru","2026-09-09 17:17:20",568.6,2,manikantakalluru
5796,16731729,"Sumit Bopche","2026-08-21 15:53:56",568.5,2,sumitbopche
5797,16663766,"Anup Gautam","2026-08-08 01:29:10",568.5,2,anupanda
5798,16858208,linhaiy,"2026-09-10 09:30:58",568.3,2,linhaiy
5799,16729157,HahaTaco,"2026-09-12 17:33:16",568.2,2,hahataco
5800,16702820,"Plorek ","2026-08-28 11:28:11",568.1,2,plorek
5801,16740534,"Gao Wenjiang","2026-09-02 09:48:37",568.0,2,gaowenjiang
5802,16736368,tora,"2026-08-19 06:54:47",568.0,1,toranosukenoda
5803,16738923,Quantum,"2026-08-29 01:40:45",567.9,2,jawadxhassan
5804,16663093,"Akul Sareen","2026-08-21 23:49:50",567.9,2,akulsareen
5805,16750614,"Shivansh Chaudhary","2026-09-05 06:17:27",567.8,2,shivanshchoo
5806,16845593,matsudaatom,"2026-09-07 14:44:59",567.6,2,matsudaatom
5807,16705183,"Tong Jiakai","2026-08-14 08:23:26",567.4,2,tongjiakai
5808,16666597,Ramkumar4240,"2026-08-10 12:19:20",567.1,2,ramkumar4240
5809,16826099,"Aykut Çağlar","2026-09-13 16:07:19",567.0,2,aykutcaglar
5810,16675585,"Jacob Joy","2026-08-11 12:13:06",566.9,2,jac0b1
5811,16658702,sherlockwatson007,"2026-08-29 08:48:53",566.8,2,sherlockwatson007
5812,16702481,"Scott G","2026-08-13 15:19:02",566.7,2,verifiedscott
5813,16656883,KK,"2026-08-05 10:27:15",566.7,2,kkonzyb
5814,16717716,"Диас Издибаев","2026-08-15 05:32:14",566.7,2,diasiz1
5815,16658290,rrishavrraj,"2026-09-04 10:35:19",566.5,2,"rrishavrraj,shubhamkumar9812"
5816,16756987,"Joseph Paggeot","2026-08-24 04:32:57",566.5,2,josephpaggeot
5817,16701795,Proshian,"2026-08-11 00:01:04",566.5,2,proshian
5818,16663922,MoongladeAI,"2026-08-24 18:26:20",566.4,2,moongladeai
5819,16844670,"Zheng haoling","2026-09-07 04:22:40",566.2,2,zhenghaoling
5820,16817528,"沒有道歉 沒有道歉","2026-09-07 00:56:04",566.0,2,william950615
5821,16673981,"Aarya Jadhav","2026-09-12 17:07:09",565.8,2,aaryajadhav0310
5822,16670596,prabalsingh_23,"2026-08-26 02:33:14",565.6,2,prabalsingh23
5823,16683918,Thuytien,"2026-08-07 17:20:33",565.3,2,thuytien200529
5824,16688220,Aadi,"2026-08-24 23:10:37",565.2,2,aadicv
5825,16656690,"Sushant Kumar (xWF)","2026-08-06 04:44:38",565.2,2,sushantkumarxwf
5826,16885137,"Manjunadh Padarthi","2026-09-13 08:08:36",565.1,2,manjunadhpadarthi
5827,16659896,TedT,"2026-08-11 19:36:14",565.1,2,fdsaur
5828,16627751,lzeee,"2026-08-10 14:06:38",565.0,2,shzgong
5829,16663437,inversion,"2026-08-04 20:44:41",564.9,1,inversion
5830,16657401,korpo,"2026-08-25 20:18:13",564.7,2,krisko
5831,16658718,"Duong Bao Duy","2026-09-03 16:10:38",564.5,2,duongbaoduy
5832,16696526,"Reda HEDDAD","2026-09-05 21:17:22",564.4,2,redaheddad
5833,16865918,yh00722,"2026-09-12 15:19:32",564.3,2,yh00722
5834,16736261,"Saptanshu Samal","2026-08-22 12:02:42",564.3,2,saptanshusamal
5835,16697800,DR_Mkelvo,"2026-08-09 20:42:15",564.1,1,drmkelvo
5836,16742172,"Felisitas Mellania","2026-09-11 06:39:04",563.9,2,felisitasmellania
5837,16664750,"shubham kumar","2026-09-13 16:24:23",563.6,2,shubzk17
5838,16775237,"Haruki Iwase","2026-09-12 14:38:17",563.4,2,harukiiwase
5839,16667143,"Noct-Tech zombie","2026-08-06 13:46:51",563.3,2,jo3thaboss
5840,16675461,mins0_0,"2026-08-30 07:50:53",563.1,2,mins00
5841,16702359,"Ethan Pl","2026-08-11 19:43:21",562.9,2,ethanpl
5842,16706413,"Song Research","2026-08-18 00:39:36",562.9,2,sangbong91
5843,16840437,nick.ai007,"2026-09-10 06:36:01",562.8,2,nickai007
5844,16844527,"Suyog Gund","2026-09-12 18:30:05",562.7,2,suyoggund
5845,16697704,"Leonid Matetskiy","2026-08-09 21:39:06",562.7,2,leonidmatetskiy
5846,16664370,"Joel Arias","2026-08-06 17:29:01",562.5,1,j4rias
5847,16762206,"mohammad khanjani2026","2026-09-06 05:17:52",562.3,2,mohammadkhanjani2026
5848,16692450,duckypants,"2026-08-23 20:36:59",562.3,2,duckypants
5849,16769793,"Shivam Batra","2026-08-26 14:21:49",562.3,2,shivam744
5850,16793150,Comet19,"2026-08-31 10:53:04",562.1,2,comet19
5851,16659025,"Mohammed Naseef","2026-08-05 09:01:20",562.1,2,mohammednaseef
5852,16828050,stephenlau,"2026-09-12 02:35:33",562.0,2,stephenlu0422
5853,16658738,Aman,"2026-08-05 11:12:10",562.0,2,amank95amank95
5854,16717742,"Ghawwjsb Vsjsjsbs","2026-08-13 22:32:49",561.8,2,ghawwjsbvsjsjsbs
5855,16756858,"Rushi A.","2026-08-23 18:54:03",561.7,2,rushia
5856,16674540,"Pratik Priyanshu","2026-08-07 18:28:12",561.5,2,pratikpriyanshu5
5857,16743282,"Srivishnu Charan","2026-09-03 14:06:54",561.5,2,srivishnucharan
5858,16639244,"Romone Dunlop","2026-08-11 10:19:49",561.4,2,romonedunlop
5859,16664143,"Lucas Henrique Mateo","2026-08-21 19:10:52",561.4,2,lucashmateo
5860,16632504,"[Deleted] c2f6c5d5-ecb1-4f92-95d7-7c9f0fd3474f","2026-07-31 16:04:32",561.3,1,ryota517
5861,16777150,Eduardo2c,"2026-09-06 14:23:04",561.2,2,eduardo2c
5862,16806084,"DSDgsdgs SDgsdfgs","2026-09-03 05:19:11",561.2,1,dsdgsdgssdgsdfgs
5863,16678633,"Tanishq Tayade","2026-09-13 14:12:02",561.1,2,tanishqtayade
5864,16696163,"Romain Durand","2026-08-17 19:00:46",560.8,2,romaindurand1607
5865,16666066,Khush3e,"2026-08-12 04:50:39",560.5,2,khush3e
5866,16669118,"yunus yavuz","2026-08-05 21:51:21",560.4,2,yunusyvz
5867,16673266,Preet,"2026-08-14 05:57:17",560.2,2,hpkaur34
5868,16629002,Alpro,"2026-09-08 23:32:24",559.8,2,"dogaakal,egekemalkaraca"
5869,16717817,"Nick Stoddart","2026-08-14 05:15:23",559.6,2,nickstoddart
5870,16846845,Shunsuke,"2026-09-07 15:25:38",559.2,2,shunsukeisono
5871,16845760,Alyosha85,"2026-09-07 05:42:01",559.1,2,alyosha85
5872,16883478,Aggri_goon,"2026-09-13 13:07:25",559.0,2,ryonagakubo
5873,16719172,"Victor Carriço","2026-08-24 03:35:14",559.0,2,kronossaurus
5874,16773779,"Daichi Tanaka","2026-08-31 03:38:48",558.9,2,daichit64
5875,16691271,"Ashler Herrick","2026-08-09 14:54:33",558.9,1,ashlerjohnherrick
5876,16660360,"Joey Gonzales","2026-08-05 00:00:47",558.7,2,joeygonzales
5877,16675457,"Ramana Prabhu Sana","2026-09-04 08:02:05",558.4,2,ramanaprabhusana
5878,16778145,TW_益民_li,"2026-09-03 12:28:49",558.2,2,liyimintw
5879,16677360,"Jatin Chawla","2026-08-08 13:45:06",558.1,2,jatin221
5880,16798918,"Toan Nguyen Mau","2026-09-07 08:39:35",558.1,2,toannguyenmau
5881,16741766,lrik00,"2026-08-29 10:40:44",558.0,2,lrik00
5882,16663232,"Marco Mangan","2026-09-06 21:20:24",558.0,2,masmangan
5883,16698292,"Dallas Manning","2026-08-17 14:29:53",558.0,2,dallasmanning
5884,16685618,"Krupa Vardhan","2026-08-28 09:24:21",557.9,2,krupavardhan
5885,16675264,"Alon Bar Koter","2026-08-06 16:16:43",557.8,2,alonbarkoter
5886,16764600,"Tanmay Shingavi","2026-09-03 05:43:57",557.7,2,decodingafterlife
5887,16720143,"AMAN PANDEY","2026-08-16 13:57:00",557.7,2,amanapofficial
5888,16674076,rigsutra,"2026-09-12 16:57:45",557.7,2,rigsutra
5889,16659507,"Lokesh Lalan","2026-08-26 08:51:50",557.6,2,lokeshlalan
5890,16752899,"Nicolò Alberti","2026-08-23 09:16:36",557.5,2,nicolalberti
5891,16666328,"Dornus !","2026-08-05 21:53:19",557.3,2,dornus
5892,16637499,Yuchen20,"2026-09-02 19:10:43",557.3,2,yuchen2066
5893,16712746,itsraininnnn,"2026-08-12 16:38:56",557.3,1,itsraininnnn
5894,16644508,"Vandana Pathania","2026-08-22 21:59:37",557.2,2,vandanapathania
5895,16678644,"Kanik Aggarwal","2026-08-13 19:01:16",557.1,2,roronoazoro200
5896,16621354,pengshy,"2026-08-06 04:54:01",557.0,2,dm15336142
5897,16659663,Chintakrinda_Naveen,"2026-09-13 07:26:01",556.8,2,naveen998
5898,16678602,"hassan manour","2026-08-07 12:52:23",556.7,1,hassanmanour
5899,16679671,Ash0666,"2026-08-09 19:28:52",556.6,2,ash0666
5900,16764330,"Koral Kulacoglu","2026-08-26 04:51:33",556.4,2,koralkulacoglu
5901,16624941,"KO Ho Tin","2026-08-10 03:33:47",556.4,2,b14ckc4tmr
5902,16778947,mart3104,"2026-09-05 15:31:43",556.1,2,mart3104
5903,16638645,ChrisDavis,"2026-08-03 23:29:34",556.1,2,alpacas
5904,16669408,"Josaphat Adjele","2026-08-31 17:26:56",556.1,2,josaphatadjele
5905,16660214,ytddsyt1214,"2026-08-09 12:32:06",556.0,2,ytddsyt1214
5906,16759246,wangfeifei_si,"2026-08-26 14:27:19",556.0,2,wangfeifeisi
5907,16669470,"ASDM HUB","2026-08-12 20:13:20",555.9,2,jesushechavarria
5908,16700661,"Aakash Kavuru","2026-08-12 05:13:05",555.8,2,aakashkavuru
5909,16660173,"PAULO HENRIQUE DE LIMA","2026-08-06 02:42:20",555.8,1,paulohenriquedelima
5910,16734901,Breaking1800,"2026-09-08 20:16:46",554.9,2,breaking1800
5911,16622938,"Farmville Redux","2026-08-03 18:58:04",554.8,2,daveconnor
5912,16738456,"Pritul Raut","2026-08-21 08:45:04",554.7,2,pritulraut
5913,16673034,"Milos Vlainic","2026-09-11 08:30:34",554.2,2,wlakinsson
5914,16740662,宣城市机械电子职业技术学院,"2026-09-11 07:24:05",554.2,2,chenzhengy
5915,16795624,"Shashwat Khare","2026-09-02 01:46:54",554.1,2,shshwtkhr
5916,16722028,"Aw Ming Xuan","2026-08-16 09:24:48",554.1,2,awmingxuan
5917,16686655,"Emir Baki Demirci","2026-08-14 22:43:55",553.8,2,emirbakidemirci
5918,16662751,ZeD,"2026-08-06 10:11:24",553.7,2,hussamcheema
5919,16727961,"Ebenezer Olumeyan","2026-08-22 15:54:00",553.6,2,eolumeyan
5920,16676259,Th_Gbay,"2026-08-19 20:42:35",553.5,2,thgbay
5921,16658074,"Qui Ngx","2026-08-05 05:57:15",553.4,2,quingx
5922,16718042,"Muddassir Shah","2026-09-02 21:49:44",553.1,2,wisemanseed
5923,16633934,Alexy,"2026-08-25 04:40:02",552.6,2,alexycactus
5924,16659645,Drakus_Julia,"2026-08-09 02:15:20",552.5,2,drakus74
5925,16657400,indrapurnama,"2026-08-08 05:42:05",552.3,2,indr0008
5926,16740894,BetOnMe,"2026-08-19 14:40:02",552.3,2,betonme
5927,16828705,"liama liama","2026-09-04 16:37:52",551.9,2,liamaliama
5928,16670779,"Aditya Dube","2026-08-06 01:41:24",551.8,2,dubeaditya
5929,16663677,"Aghazie David","2026-08-07 00:32:14",551.7,2,aghaziedavid
5930,16750751,AarizKh,"2026-09-09 16:28:15",551.7,2,aarizkh
5931,16661443,"STEPHEN ASANTE OPOKU","2026-08-04 16:45:41",551.7,1,stephenasanteopoku
5932,16660119,"Dhruva Das","2026-08-05 17:05:52",551.6,2,dhruva77
5933,16671648,"[Deleted] 05e6ae2c-c72f-4044-b02f-dc74277e34ab","2026-08-09 07:21:22",551.6,2,del=871ca06d8c734ede
5934,16640077,larry54321zhao,"2026-09-09 08:48:32",551.4,2,larry54321zhao
5935,16735702,opflare,"2026-09-04 23:47:49",551.4,2,opflare1144user
5936,16663864,RamónLópez,"2026-09-13 18:50:32",551.4,2,lopeznomar
5937,16654085,"Bill Xu","2026-09-07 05:10:56",551.3,2,billll
5938,16714592,"Carey Casile","2026-08-14 18:34:16",551.3,2,ccasile
5939,16662057,DeokJin,"2026-08-05 04:01:38",551.3,2,deokjin
5940,16862188,KJ007123,"2026-09-10 07:02:20",551.1,2,kj007123
5941,16659813,"Uday Kumar R","2026-08-13 09:47:39",551.0,2,udaykumarramineni
5942,16738640,"Tjay Burger","2026-08-18 17:35:39",551.0,2,tjayburger
5943,16714363,guohaowen,"2026-08-13 14:25:48",551.0,2,guohaowen1910
5944,16731887,"hoo aam","2026-08-21 05:37:16",550.9,2,hooaam
5945,16631772,yuki,"2026-08-03 17:39:58",550.9,2,yururoi
5946,16743001,Nikhilasree,"2026-09-03 11:33:45",550.8,2,nikhilasree2003
5947,16634790,"Steven Lui","2026-08-03 12:22:08",550.7,2,stevenlui
5948,16740248,KK_nut,"2026-08-25 03:26:52",550.5,2,k0k0nut
5949,16714894,"Mitsuaki Inoue","2026-09-12 11:29:10",550.5,2,mitsuakiinoue
5950,16663777,"Mortis Beans","2026-08-24 05:27:44",550.4,2,mortisbeans
5951,16706985,Valmrnch,"2026-08-24 07:57:56",550.3,2,valmrnch
5952,16660270,Ziel_Lux,"2026-09-13 11:18:14",550.2,2,nahbilafaith
5953,16753353,"Aayush Kumar","2026-08-29 16:26:46",550.2,2,devaayushkumar
5954,16666614,"Arjun Annamalai","2026-08-18 09:23:28",550.2,2,arjunannamalai
5955,16686150,"Aek KunKub","2026-08-14 05:21:43",550.1,2,aekkunkub
5956,16730649,Mink,"2026-09-13 19:27:02",550.0,2,"mahendransaeyohnn,mysterious5577"
5957,16666055,Axit,"2026-08-06 10:16:15",549.8,2,axitslab
5958,16655424,Fayche,"2026-08-10 16:50:28",549.8,2,fayche
5959,16667025,"Anjitha Mekkayil Anand ","2026-08-28 05:59:46",549.8,2,anjithamekkayilanand
5960,16658820,"Jonathan Ashenaf1","2026-08-11 16:59:20",549.8,2,jonathanashenaf1
5961,16658327,pocari1,"2026-08-19 07:17:28",549.6,2,pocari1
5962,16854552,ShionMatsuoka,"2026-09-13 01:16:14",549.6,2,shionmatsuoka
5963,16656871,"Pedro Henrique","2026-08-07 03:37:29",549.6,2,pedrohets
5964,16786603,"Shutong Hou","2026-09-05 09:24:56",549.5,2,praxel123
5965,16731013,"Abimael Firstana","2026-09-11 06:55:02",549.5,2,abimaelfirstana
5966,16762831,026,"2026-09-07 00:58:19",549.5,2,thahaarsh
5967,16654970,"Maycon Coutinho","2026-08-27 21:28:32",549.4,2,coutinhomaycon
5968,16730105,"Leonardo Palis","2026-08-17 03:35:05",549.3,2,leonardopalis
5969,16669699,nikesh23,"2026-08-08 01:52:56",549.3,2,nikesh23
5970,16740840,"Huchen Jiang","2026-09-02 09:18:47",549.1,2,huchenjiang
5971,16669479,"Shifa Salsabiila","2026-08-09 02:56:11",549.0,1,shifasalsabiila
5972,16697346,"sayyid mogaka","2026-08-10 21:37:36",549.0,2,sayyidmogaka
5973,16662875,Jimmy,"2026-09-12 20:41:39",548.9,2,jiyo4476
5974,16673324,Amaranta,"2026-09-10 18:38:18",548.9,2,ulyanovantonamaranta
5975,16657807,"Ragav Rida","2026-08-07 16:22:34",548.6,2,ragavrida
5976,16870864,"Overfitting Is All You Need","2026-09-13 02:41:52",548.6,2,ryylll
5977,16690152,"The Ceris","2026-08-16 11:49:31",548.6,2,amedeopachera
5978,16623112,Tians12,"2026-08-09 19:10:24",548.4,2,tiansang12
5979,16666988,"Sarthak Vedant Mohanty","2026-08-08 00:10:11",548.4,2,sarthakvedantmohanty
5980,16796810,JosephErikRibeiro,"2026-09-02 20:21:08",548.3,2,josepherikribeiro
5981,16722252,pwdh2026,"2026-08-14 22:16:22",548.3,2,pwdh2026
5982,16740709,"Abimael Firstana #2","2026-09-11 07:19:13",548.3,2,abimaelfirstana99
5983,16718565,Frankyface,"2026-08-13 18:54:37",548.3,1,frankyface
5984,16658973,"not today","2026-08-05 05:57:14",548.1,2,cemhan44
5985,16662313,"Maximus Sambucetti","2026-08-09 15:36:46",548.1,2,maximussambucetti
5986,16747163,"Sarthak Patel","2026-08-21 06:36:26",548.0,2,sarthakpatel2028
5987,16654890,"Josh Hipps","2026-08-06 14:16:49",548.0,2,joshuahipps
5988,16747345,"Alex #3","2026-09-10 12:48:37",548.0,2,alexb99
5989,16661934,"Viacheslav Kasatkin","2026-08-10 10:48:25",547.9,2,viacheslavkasatkin
5990,16635744,XDang13,"2026-09-01 00:50:40",547.6,2,xdang13
5991,16774134,kokdonbaq,"2026-08-30 14:07:52",547.5,2,darkhan14
5992,16725938,"Ben Cheng","2026-09-05 16:03:36",547.2,2,benczb
5993,16757809,dasfds,"2026-09-13 18:58:14",547.2,2,dasfds
5994,16757407,"Dylan Bailes","2026-08-26 07:11:56",546.8,2,dylanbailes
5995,16848498,KeiroS,"2026-09-11 07:59:01",546.8,2,keiros
5996,16735475,SunjaeLee02,"2026-08-19 08:12:41",546.8,2,sunjaelee02
5997,16672463,"Muzammil Baloch","2026-08-07 12:45:39",546.8,2,muzammilbaloch
5998,16756131,"Emre Atilgan","2026-08-24 20:20:06",546.7,2,emreatilgan
5999,16661507,Siddharth1984,"2026-08-06 13:39:22",546.7,2,siddharth1984
6000,16688366,yokoikazumasa,"2026-08-08 19:25:58",546.5,1,yokoikazumasa
6001,16748462,"Jiwon Lee","2026-09-13 03:32:54",546.5,2,jibong7600
6002,16713033,Contact-Nade,"2026-09-10 07:44:18",546.0,2,"masanammedha,rayofc"
6003,16668022,"Lady and tech","2026-08-19 04:08:50",545.8,2,ladyandtech
6004,16736579,rk777848,"2026-08-25 03:00:28",545.8,2,rk777848
6005,16657981,"Arijit Kar","2026-08-18 11:05:52",545.7,2,demonicak
6006,16657654,TemperaryT,"2026-09-10 12:34:25",545.6,2,temperaryt
6007,16705149,"Allen Chun","2026-08-15 04:59:05",545.2,2,allenchun
6008,16661432,"Ange Adantchede","2026-09-07 09:00:09",545.1,2,angeadantchede
6009,16718133,KaranjeetSingh1110,"2026-09-11 13:29:31",544.9,2,karanjeetsingh1110
6010,16755781,NaveenManwani,"2026-08-28 05:37:31",544.9,2,naveenmanwani
6011,16786461,"Caleb Bredlow","2026-09-07 04:17:50",544.6,2,calebbredlow
6012,16779813,zitihc,"2026-08-29 14:18:49",544.3,2,zitihc
6013,16666371,jiten_topiwala,"2026-08-08 16:51:13",544.3,2,jitentopiwala
6014,16686149,"Luc Mantoux","2026-08-09 20:25:33",544.2,2,lucmantoux
6015,16757417,otter_0714,"2026-09-13 17:45:08",544.1,2,otter0714
6016,16872190,"Zephyr Pong","2026-09-11 11:07:15",543.9,2,zephyrpong
6017,16857823,"Hà Công Nga ","2026-09-10 02:49:42",543.7,2,hcngnga
6018,16712921,"Come Back","2026-08-20 00:45:45",543.6,2,amirhosseinltf
6019,16715711,"Shawon Biswas","2026-08-19 10:42:24",543.3,2,shawonbiswas11
6020,16679771,Coolgolf,"2026-09-02 13:56:54",543.3,2,coolgolf
6021,16693738,"Sonu Jha","2026-08-14 20:32:37",543.2,2,sonujha090
6022,16846010,muelsyse111,"2026-09-07 07:52:55",543.1,1,muelsyse111
6023,16664605,"Nathaniel Shou","2026-08-05 17:51:47",542.8,2,nathanielshou
6024,16661832,"Roberto Garcia","2026-08-08 15:09:39",542.7,2,robertogarciada
6025,16664841,vohi01,"2026-09-06 09:53:46",542.7,2,vohi01
6026,16885591,Orange,"2026-09-13 11:30:58",542.6,2,orangecoppers
6027,16676320,"Khôi Trần","2026-08-29 14:14:57",542.6,2,khoitrn
6028,16660850,"Khoa Le","2026-08-05 13:23:55",542.6,2,bryanle2025
6029,16660364,dadandsats,"2026-08-14 11:41:04",542.6,2,continuingdev
6030,16677585,Pan,"2026-08-07 13:54:22",542.6,2,mehdiacho
6031,16665046,"Srish Jana","2026-08-06 18:12:59",542.5,2,srishjana
6032,16660035,NoNamedeo,"2026-08-27 14:20:15",542.5,1,nonamedeo
6033,16630773,"An Hoang Vo","2026-09-05 14:49:25",542.3,2,anhoangvo
6034,16692246,"Pamod Jayaneth","2026-09-08 05:13:09",542.2,2,pamodjayaneth
6035,16655899,"Dominic Tedrow","2026-08-17 20:37:28",542.2,2,dominictedrow
6036,16692637,"Blox Amaze","2026-08-09 09:47:42",542.1,2,bloxamaze
6037,16680108,dentalsoup,"2026-08-07 09:03:47",542.0,2,afinemonkey
6038,16645446,gogo98415,"2026-08-29 06:04:15",541.9,2,gogo98415
6039,16845696,Huskkky,"2026-09-07 03:47:13",541.6,2,huskkky
6040,16630903,"Hrushikesh Pawar","2026-08-09 14:44:37",541.6,2,hrushikeshpawar
6041,16651167,ArmanVardanyan07,"2026-08-03 22:43:13",541.5,2,armanvardanyan07
6042,16664140,Sxwat,"2026-08-23 01:13:13",541.4,2,aybatov
6043,16664142,"The Studio 1","2026-08-16 23:04:06",541.1,2,landonsheatsley
6044,16720760,ysteh05,"2026-08-15 05:14:53",541.0,2,ysteh05
6045,16630335,"Solve Langseth","2026-08-05 06:48:57",540.8,2,solvelangseth
6046,16823519,GarciasN,"2026-09-07 18:43:18",540.8,2,garciasn
6047,16748774,"hakan ulucan","2026-08-25 19:19:11",540.5,2,hakanulucan
6048,16705480,Mint120,"2026-08-19 05:49:10",540.3,2,mint120
6049,16676663,"This cat is called Fumi","2026-08-11 18:21:43",540.3,2,qwer556617123
6050,16697730,JCN2365,"2026-08-13 18:06:35",540.1,2,jcn2365
6051,16730288,matsurih,"2026-09-12 02:18:28",540.0,2,matsurihime
6052,16693207,"Vamshi Guntupalli","2026-08-11 22:40:36",540.0,2,vamshiguntupalli
6053,16833476,"Richard Pagan","2026-09-05 03:01:54",539.9,1,richardpagan
6054,16659183,"Leonard Yaw Mensah","2026-08-05 02:22:25",539.9,2,leonardyawmensah
6055,16641009,"Marius Kirschner","2026-08-03 08:41:47",539.7,2,mariuskirschner
6056,16659181,Hongjie04,"2026-08-05 04:07:04",539.6,2,hongjie04
6057,16654596,"khusham sheth","2026-08-13 05:28:55",539.6,2,khushamsheth
6058,16720714,"Lithole Munangiwa","2026-08-19 11:23:49",539.5,2,litholemunangiwa
6059,16761751,KrishnaKumar_AIML,"2026-09-02 14:38:24",539.0,2,krishnakumarcsr
6060,16865454,"Zhihuan Xue","2026-09-13 18:37:25",539.0,2,xuantianfengwu
6061,16781545,"Jake Lin","2026-09-04 01:41:22",538.9,2,jakelinai
6062,16644577,"Arthur Merritt","2026-08-04 07:11:11",538.9,2,jarthuph
6063,16684024,"Work From Home 3.0","2026-08-14 12:33:30",538.8,2,"direct1,gongyiqian,jovansee,maxtankialok,n00bcak"
6064,16708230,"jose manuel Tinajero","2026-08-25 15:02:46",538.6,2,josemanueltinajero
6065,16861492,Adi_271,"2026-09-10 09:47:25",538.6,2,adi271
6066,16662201,"Saumitra Verma","2026-08-04 18:28:36",538.3,2,saumitraverma
6067,16674308,"Ayush Roy","2026-08-06 20:28:57",538.2,2,ayushroy39
6068,16745655,巴啦啦能量,"2026-09-08 01:30:14",538.1,2,wsh10086
6069,16624506,zhongtian,"2026-09-13 16:11:12",538.1,2,kmtbang
6070,16707159,"Toua Innocent TIA","2026-08-17 16:28:36",537.9,2,centino
6071,16867745,"Carlos Uño Magne","2026-09-13 15:09:49",537.8,2,carlosuomagne
6072,16877297,"Aaryan Gole","2026-09-11 21:56:29",537.4,2,aaryangole
6073,16668612,"raffael prem","2026-08-06 08:02:13",537.4,2,raffaelprem
6074,16655075,"Félix Rodríguez Roble","2026-08-04 09:16:25",537.3,2,flixrodrguezroble
6075,16685349,Onelux,"2026-08-13 12:58:31",537.3,2,leehomhuang
6076,16682183,lihaha.36,"2026-09-12 04:13:47",537.0,2,lihaha36
6077,16774317,A_yuki,"2026-08-28 23:42:10",536.7,2,yukiys
6078,16729914,Christina,"2026-09-13 15:11:57",536.6,2,geekycb
6079,16632253,nasuuuuun,"2026-08-04 13:30:11",536.5,2,hikarumatsuzaki
6080,16685570,"Micah Fernando","2026-08-07 19:46:31",536.2,2,micahfernando
6081,16709885,"Manuel Pérez","2026-08-14 01:54:02",536.2,2,manuelperezzz
6082,16673214,Boiga7,"2026-08-06 14:03:53",536.1,2,lewiselliot
6083,16840480,jignesh13,"2026-09-13 21:02:58",536.0,2,jignesh13
6084,16687604,Harrislrobinson,"2026-08-11 00:25:10",535.8,2,harrislrobinson
6085,16742059,dafei2025,"2026-09-03 09:19:34",535.4,2,dafei2025
6086,16623316,"Ondrew Zudin","2026-08-06 23:08:41",535.4,2,ondrewzudin
6087,16664266,"Ian Chung","2026-08-07 23:32:55",535.4,2,iannnnn012345
6088,16749038,Seuz,"2026-08-29 18:40:14",535.3,2,kohdawei
6089,16687330,"Mehmet Ensar Çetin","2026-09-06 06:20:19",535.3,2,mehmetensaretin
6090,16768178,Scarttish,"2026-08-26 22:44:26",535.1,2,scarttish
6091,16655072,Sonuaswar1,"2026-08-04 07:33:47",535.0,2,sonuaswar1
6092,16688646,lakranitesh,"2026-08-08 12:49:18",534.9,2,lakranitesh
6093,16765380,jslee_homeofson,"2026-08-25 13:10:22",534.1,2,jsleehomeofson
6094,16793889,zhzz,"2026-09-01 11:28:52",534.1,2,ucsdzhengzeng
6095,16685800,"Sumit Ridhal","2026-09-05 11:44:15",533.8,2,sumitridhal
6096,16701761,BalaVignesh,"2026-08-11 17:04:37",533.6,2,balavignesh
6097,16767754,"Dr. T","2026-09-13 08:01:21",533.6,2,davinor
6098,16669397,"Abed Kibbe","2026-09-13 06:09:10",533.6,2,abedkibbe
6099,16688134,"Marc Dakuginow","2026-08-13 01:40:44",533.5,2,marcdakuginow
6100,16845148,"nasa Furiy","2026-09-07 08:24:40",533.4,2,nasafuriy
6101,16662722,"Ajeet Jain","2026-08-07 06:32:10",533.4,2,jainajeet29
6102,16631480,"Kumar Abhijeet","2026-07-31 13:29:40",533.3,1,krabhijeet
6103,16628487,"Koichi HIRAOKA","2026-08-01 08:42:40",533.3,2,koichihiraoka
6104,16753887,"Hong Tang","2026-08-24 21:41:20",533.2,1,hongtang15
6105,16683309,"Zealous Sebastian","2026-08-09 12:45:32",533.1,2,zealoussebastian
6106,16654485,"Mahbub Alam","2026-08-04 02:08:23",533.1,2,mahbubalam214
6107,16656317,"Manu Rahi","2026-08-06 16:43:55",532.9,2,manurathi
6108,16862225,"Dmitriy Ershov","2026-09-09 19:38:26",532.9,2,bejeweled
6109,16685582,Wasaanyi,"2026-08-18 09:21:30",532.8,2,"cnakakeeto,wasaanyi"
6110,16665511,phoenix_merk,"2026-08-05 09:46:25",532.8,2,phoenixmerk
6111,16718338,"Oladimeji Adeyemi","2026-08-17 15:33:50",532.7,2,adeyemioladimeji
6112,16661099,TheSven,"2026-08-06 17:05:25",532.5,2,thesven
6113,16886832,"Ayush Patel","2026-09-13 16:25:18",532.4,2,ayushpatel02
6114,16796509,"Taha Alselwi","2026-09-10 22:26:26",532.4,2,tahaalselwii
6115,16769435,"Nguyễn Mạnh","2026-09-13 14:48:04",532.3,2,nguyenmanh97
6116,16664706,olivbhxf,"2026-08-06 07:10:34",532.2,2,olivbhxf
6117,16730749,"Đông Hà","2026-09-03 03:04:06",532.1,2,phapsucongu
6118,16838914,kikikukikii,"2026-09-11 08:49:04",531.8,2,kikikukikii
6119,16884418,xuechengzou,"2026-09-13 12:22:43",531.6,2,xuechengzouinkaggle
6120,16698103,JJ,"2026-09-02 09:46:15",531.6,2,jianjinchen
6121,16682707,"AJAY KUMAR","2026-08-07 19:13:08",531.5,2,worldsslayer
6122,16656689,"Vansh Gupta","2026-08-11 08:56:56",531.4,2,vanshrl9ine
6123,16723737,HaruhiroKazami,"2026-08-21 16:12:04",531.2,2,haruhirokazami
6124,16768939,"Pratham Sonawane","2026-08-30 17:37:23",531.1,2,prathamsonawane1
6125,16623302,"Raffi Ardhi Naufal","2026-07-31 18:31:57",531.1,1,raffiardhi
6126,16658116,Emmy,"2026-09-08 10:22:21",531.0,2,emmyone
6127,16846143,germanyum,"2026-09-13 14:32:05",531.0,2,germanyum
6128,16680799,zixma13,"2026-08-25 13:12:44",531.0,2,zixma13
6129,16656410,Sam,"2026-08-14 01:58:04",530.9,2,beartrader
6130,16715897,shettynaisha,"2026-09-06 17:28:58",530.7,2,shettynaisha
6131,16648589,"Yilan Zhu","2026-08-05 11:23:23",530.7,2,yilanzhu
6132,16770440,"Tegar Putrayas Dentatama","2026-08-29 06:33:59",530.5,2,tegarputrayasd
6133,16687538,aefinityaiinc,"2026-08-27 20:59:35",530.5,2,aefinityaiinc
6134,16755101,"Thomas van der Meer","2026-08-26 11:19:19",530.4,2,tvdermeer
6135,16795284,"Kostas Tsolis","2026-09-11 14:47:10",530.3,2,tkostas
6136,16657601,Simon,"2026-08-05 15:59:44",530.2,2,benten10
6137,16761589,"Eren -","2026-08-27 08:48:44",530.1,2,erenozyurek
6138,16856449,Sting,"2026-09-13 18:40:45",530.1,2,sarlnovax
6139,16661858,"Lukas Lee e","2026-08-18 00:58:12",529.9,2,lukasleee
6140,16759112,songxin,"2026-09-04 05:01:15",529.9,2,likewaterandwind
6141,16655630,askBillyWhatMamaDid,"2026-08-28 02:06:18",529.8,2,askbillywhatmamadid
6142,16661596,t@got@go,"2026-08-10 06:24:24",529.7,2,kamdaanahessod
6143,16722341,"Pham Huu Bao Chung","2026-08-23 21:44:46",529.5,1,phamhuubaochung
6144,16725847,"Shel Horta","2026-08-18 04:29:55",529.5,2,shelhorta
6145,16664652,QuasarHeart,"2026-09-04 14:00:05",529.3,2,quasarheart
6146,16662715,"Great Okwuma","2026-08-17 00:10:46",529.3,2,greatokwuma2
6147,16658344,SOONHANKWON,"2026-08-28 02:00:59",529.2,2,soonabletv
6148,16719742,"Varun Dave","2026-08-31 22:56:07",529.1,2,"pranavtrivedi02,varundave95"
6149,16692644,"Achille Gohin","2026-08-10 00:26:26",529.0,2,achillegohin
6150,16631919,"Ghinwa Allaoui","2026-08-04 16:27:17",528.6,1,ghinwaallaoui
6151,16656913,"Inna Davidov","2026-08-20 04:43:47",528.5,2,innadav
6152,16868761,TboneBrown,"2026-09-11 17:14:42",528.5,2,tbonebrown
6153,16632100,"Mohit Shirke","2026-08-07 17:55:11",528.4,2,orcivion
6154,16663618,Anthaus,"2026-08-09 17:06:35",528.4,2,anthaus
6155,16701454,"André-Marie BEHANZIN","2026-09-09 14:36:20",528.4,2,andremariebehanzin
6156,16843316,"Felipe Chiarini","2026-09-12 12:03:15",528.4,2,felipechiarini
6157,16818405,MickyDot,"2026-09-08 08:16:06",528.4,2,mickydot
6158,16823067,Francisco,"2026-09-10 18:00:57",528.3,2,cheneblanc
6159,16685028,"serene ng","2026-08-13 14:53:37",528.2,2,sereneng
6160,16811414,Y-Kitaro,"2026-09-12 14:00:39",528.0,2,yhataktaro
6161,16672333,"Giovanny Rodríguez","2026-08-20 12:23:08",528.0,2,giovannyrodrguez
6162,16688383,plong2101,"2026-08-18 06:21:34",527.7,2,plong2101
6163,16662995,"carlos mario de oro aguado","2026-08-06 21:08:28",527.6,2,cdeoroaguado
6164,16810343,"Aleksandr Borodin","2026-09-02 20:29:06",527.4,2,aleksandrbor
6165,16670218,"What is Coding?","2026-08-07 01:47:17",527.1,2,matthewshvarts
6166,16705415,"Mauro Najera","2026-08-11 05:30:13",527.0,2,mauronajera
6167,16632118,nk,"2026-09-11 09:55:01",526.8,2,nagatakengo
6168,16733785,"Stuart Gilbert","2026-08-30 01:52:41",526.7,2,stuartgilbert
6169,16691007,"Nhật Khoa Phạm","2026-08-14 16:15:43",526.7,2,pnk123456
6170,16730326,atsushi11o7,"2026-09-11 15:10:14",526.5,2,atsushi11o7
6171,16661927,JHCodeQuest,"2026-08-25 11:36:46",526.5,2,josephkhassan
6172,16672078,vietlinhh02,"2026-08-08 07:46:53",526.4,2,vietlinhh02
6173,16661397,"T. Scharf","2026-08-05 02:54:36",526.3,2,scharf
6174,16763351,shutong114,"2026-08-24 15:17:06",526.0,2,shutong114
6175,16623938,flashthunder,"2026-09-13 21:01:58",525.9,2,thunderflash
6176,16851553,Sentinel,"2026-09-12 19:35:06",525.7,2,atlasar
6177,16668562,"Anthony LOISEAU","2026-08-06 16:07:52",525.6,2,anthonyloiseau
6178,16723125,"Shubham Dhapola","2026-08-16 13:35:23",525.6,2,shubhamdhapola24
6179,16805275,"Women or something","2026-09-12 04:22:27",525.5,2,"appalachianmounta1n,reneeschmidt"
6180,16802663,ipefix,"2026-09-01 17:34:35",525.5,2,nmsis91
6181,16726854,"Tâm La Thành","2026-08-27 08:55:02",525.3,2,tmlathnh
6182,16696020,"Hugo Voisin","2026-08-11 16:08:06",525.2,2,hugovoisin
6183,16704589,"Lobato MBA IA Big Data","2026-09-13 17:39:59",525.0,2,lobatombaiabigdata
6184,16856778,"Johnathan King","2026-09-13 12:38:19",524.7,2,johnathanking1278
6185,16693797,"Riyaz Ur Rehman","2026-08-17 02:21:15",524.7,2,riyazurrehman
6186,16675477,"Joanne Yun","2026-08-07 13:40:53",524.5,2,joannejyun
6187,16843633,"Arbnor Grubi","2026-09-13 02:32:30",524.4,2,protocool
6188,16821420,Sight,"2026-09-12 19:14:44",524.3,2,"cai12341234,jingwenxu85"
6189,16657681,"Prince Raj","2026-08-11 22:49:02",524.2,2,princerajmdb
6190,16652952,lackmind,"2026-09-04 18:46:11",524.0,2,lackmind
6191,16663188,"Ethan Feng","2026-08-05 22:09:38",523.9,2,xenon111231
6192,16633577,Boxy,"2026-08-15 18:55:40",523.9,2,boxyml
6193,16667872,"Pralay Ghosh","2026-09-06 10:12:25",523.9,2,pralayghosh83
6194,16733948,novodude,"2026-09-06 18:41:26",523.6,2,novomont
6195,16692168,"Kinshuk Aggarwal","2026-08-09 04:23:32",523.5,1,kinshukaggarwal
6196,16715126,준환,"2026-09-10 11:28:25",523.4,2,paulguilbert
6197,16783677,"Đặng Anh Thịnh","2026-08-28 08:31:12",523.3,1,nganhthnh
6198,16808750,ssssying,"2026-09-11 14:41:53",523.2,2,ssssying
6199,16701779,"Chaoqi Luo","2026-08-15 16:42:19",522.8,2,chaoqiluo7
6200,16661550,SeriouS_K,"2026-09-05 08:25:29",522.7,1,serious101
6201,16667101,SundharSteyn,"2026-08-27 02:41:04",522.7,2,sundharsteyn
6202,16664502,"Alejandro Morales","2026-08-10 01:05:59",522.7,2,langley96
6203,16668678,"Madhur Sabherwal","2026-08-14 02:47:14",522.7,2,madhur321
6204,16798775,Lissabon,"2026-09-07 03:36:41",522.7,2,lissabon
6205,16771171,Manfucci,"2026-09-12 14:08:47",522.5,2,manfucci
6206,16623006,"Aaradhy Singhvi","2026-09-08 12:48:10",522.4,2,aaradhysinghvi
6207,16687293,"Aurelie Jodelle Kemme","2026-08-20 00:25:43",522.3,2,"audreydemafo,aureliejodellekemme"
6208,16660955,"Nihal l.suvarna","2026-08-19 14:37:50",522.2,2,nihallsuvarna
6209,16658627,"Osman Can ÇETLENBİK","2026-08-05 15:25:30",522.0,2,osmancancet
6210,16656797,"رحيم محمد","2026-08-04 20:05:45",522.0,2,darkmaxedwe
6211,16809677,"Phong Khổng Hoàng","2026-09-12 12:30:45",521.9,2,phongkhonghong
6212,16700207,"S. Mujtaba Hussain","2026-09-11 06:38:05",521.8,2,smujtabahussain
6213,16737532,lsystudyhard,"2026-08-22 12:16:47",521.5,2,lsystudyhard
6214,16718295,doinggyu,"2026-08-18 12:56:58",521.5,2,doinggyu
6215,16760352,"Romain Bomba","2026-08-24 01:27:23",521.5,2,romainbomba
6216,16728137,mchicen,"2026-08-20 16:48:10",521.4,2,"iyaiji,mchicen"
6217,16658160,yunquer,"2026-08-17 07:18:53",521.2,2,yunquer
6218,16672657,"Lochan Naik","2026-08-07 08:41:44",521.0,2,lochannaik
6219,16660089,ChristosGrigoras,"2026-08-07 22:41:49",521.0,2,cgrigoras
6220,16662043,"Hengcong Zhu","2026-08-05 14:46:24",520.7,2,hengcongzhu
6221,16745065,MrEvidentYew,"2026-08-24 18:36:02",520.6,2,mrevidentyew
6222,16756561,"Eren Tekin","2026-09-13 07:23:34",520.4,2,erennntkn
6223,16670719,SimoImane,"2026-08-05 23:36:09",520.4,2,simoimane
6224,16724395,"Hampton Yeh","2026-08-22 04:07:32",520.3,2,hamptonyeh
6225,16666709,JSQL,"2026-09-02 18:52:37",520.1,2,jeffreyschott
6226,16691310,"Ganesh ","2026-09-13 11:50:13",520.1,2,hotshot1798
6227,16632368,"Yuelin Bai","2026-08-03 08:15:12",519.8,2,paralym
6228,16675000,"Carl Bell","2026-09-12 10:00:10",519.5,2,allegedcarlbell
6229,16666637,"Uttam Limbani","2026-08-07 13:41:14",519.5,2,uttamlimbani
6230,16660081,fakyyy,"2026-08-09 11:19:15",519.5,2,manideepreddyakula
6231,16664116,"Bogdan Sburlea","2026-09-09 22:48:41",519.2,2,bogdan1405
6232,16662741,"Abhiraj Govind","2026-08-04 18:01:16",519.2,1,abhirajgovind
6233,16774958,"Charles Wuytack","2026-08-27 14:58:07",519.0,2,charleswuytack
6234,16691807,lbs-vadar,"2026-08-26 18:29:57",518.9,2,lbsvadar
6235,16878968,"Dale Zhong","2026-09-13 03:52:37",518.9,2,dalezhong
6236,16778703,kamaras,"2026-08-30 11:58:07",518.9,2,kamaras
6237,16863015,"Carlos Jaime","2026-09-11 23:01:39",518.7,2,cjaime708
6238,16656143,"Debanshu Mallick","2026-09-10 13:27:19",518.7,2,debanshumallickiisc
6239,16668154,JuanEspana,"2026-08-09 11:38:32",518.6,2,juanespana
6240,16715769,Ethereallll1,"2026-08-14 15:21:12",518.5,2,ethereallll1
6241,16635481,Jamaisvu,"2026-08-20 15:39:29",518.4,2,jamaisvu
6242,16689908,Hyun777,"2026-08-14 01:11:17",518.4,2,hyun777
6243,16777132,"Soham Dave","2026-08-27 14:51:01",518.3,2,sohamdave19
6244,16665080,"RAVI KUMAR696996","2026-08-05 06:14:29",518.1,2,ravikumar696996
6245,16633069,"Nur Srijan","2026-08-06 12:55:34",518.0,2,nursrijan
6246,16711812,"zhan renyi","2026-08-31 05:24:39",517.7,2,zhanrenyi
6247,16701250,T00bii,"2026-08-11 16:11:06",517.6,1,t00bii
6248,16661930,zzangsunghyeon,"2026-08-08 16:22:21",517.6,2,zzangsunghyeon
6249,16773195,"Pham Nguyen Thanh Huy","2026-08-27 05:25:55",517.6,2,huyphmnguyenthanh
6250,16733644,Gavilán,"2026-08-23 19:41:22",517.6,2,gaviln
6251,16680562,devsloppy,"2026-08-10 20:02:19",517.5,2,twu1738
6252,16709880,"Javier Pérez Robles","2026-08-15 02:21:07",517.4,2,javierprezrobles
6253,16765488,chenyinheng30,"2026-09-06 14:26:22",517.2,2,chenyinheng30
6254,16729152,Antoine,"2026-08-17 10:12:04",517.2,2,a11t01n3
6255,16679958,Bum_Fy_Mz,"2026-08-13 20:31:44",517.1,2,bumfymz
6256,16749371,"Renisa Assyifa Putri","2026-08-21 05:24:07",517.1,1,renisaassyifaputri
6257,16769648,"Alok Kumar","2026-08-28 18:04:50",517.0,2,shadowserpent
6258,16662643,Mohit_Singh,"2026-09-12 18:36:14",517.0,2,mohitsingh955
6259,16683934,"Teja Madala","2026-08-10 14:46:07",516.9,2,tejamadala
6260,16664913,"ABHISHEK KUMAR","2026-08-17 04:20:56",516.5,2,abhishek6545
6261,16786140,valgrinderror,"2026-09-10 06:58:28",516.4,2,valgrinderror
6262,16804827,"Bala Baskar","2026-09-11 04:14:06",516.3,2,balabaskar
6263,16665257,"Ken Li","2026-08-09 12:59:32",516.3,2,kenliwt
6264,16631981,"Karen Letir","2026-08-10 09:21:51",516.2,2,karenletir
6265,16762010,"Ivan Piaternev","2026-09-13 20:53:30",516.0,2,iamvanya
6266,16810019,M&S,"2026-09-02 17:19:11",515.9,2,"martinhma,yishusheng"
6267,16672473,goldfish,"2026-08-13 03:34:21",515.7,2,dolgfish
6268,16858250,"ayush kumar","2026-09-12 21:40:46",515.5,2,ayushkumar1610
6269,16699707,"Afana Khalit putra","2026-08-11 08:57:25",515.4,2,afanakhalitputra
6270,16678083,"Abdeljalil Idalahaj","2026-09-05 04:28:08",515.3,2,abdeljalilidalahaj
6271,16701046,"Thanakorn Kaewwiang","2026-08-14 17:13:39",515.2,2,deweytng
6272,16724842,"Mikaela Gkolemi","2026-08-21 19:04:38",515.2,2,mikaelagkolemi
6273,16659681,"Aditya Seth","2026-09-04 13:12:36",514.9,2,adityaseth777
6274,16793535,Pink,"2026-08-31 15:41:51",514.8,2,farjanaafrinswarna
6275,16697568,"Sergey Fedorov","2026-08-20 21:25:34",514.7,1,bd01ar
6276,16641622,datajanko,"2026-08-22 07:40:54",514.6,2,jankoch
6277,16637649,cameronezrajones579,"2026-08-15 15:49:12",514.6,2,cameronezrajones579
6278,16686109,"Triple Tensor","2026-08-17 08:24:26",514.3,2,"adinathjagtap777,pds178,prajwalzolage05"
6279,16876700,"Omar Mukhtar","2026-09-13 14:27:08",514.3,2,omarmukhtar3
6280,16693033,AgriBot,"2026-08-13 23:53:10",514.3,2,prcieuxcomlan
6281,16724847,"guangchen lu","2026-09-10 03:34:37",514.2,2,guangchenlu
6282,16674714,"Kaaleedass Manoharan","2026-08-31 19:07:47",514.2,2,kaaleedassmanoharan
6283,16689372,"Kiran Yerpude","2026-08-12 05:39:43",514.0,2,kiranyerpude
6284,16825996,"Alex Li","2026-09-04 08:02:19",513.8,2,alexli1998
6285,16779152,"taijiu int","2026-09-04 22:22:20",513.7,2,taijiuint
6286,16709487,Kohei,"2026-08-19 20:54:42",513.5,2,kshintani
6287,16735251,AlviH47,"2026-08-19 14:25:48",513.4,2,alvih47
6288,16693045,"Huseyin Battal","2026-08-09 05:41:25",513.2,2,huseyinbattal
6289,16706277,"ratat Zheng","2026-08-12 10:25:38",513.2,2,ratatzheng
6290,16720049,"aditya emmadishetty","2026-08-14 13:20:54",513.1,2,adityaemmadishetty
6291,16668108,"Suresh Chandra Mangena","2026-08-11 09:32:31",513.1,2,sureshchandramangena
6292,16681924,WEcoS,"2026-08-10 04:32:03",513.1,2,aungkhainghtun
6293,16846968,kfous,"2026-09-13 20:02:28",512.9,2,kfousekis
6294,16761657,Picu,"2026-08-23 10:42:49",512.8,2,rumoschilling
6295,16778579,"Jiajia Zhang","2026-08-29 18:19:12",512.8,2,jiajiazhang01
6296,16744572,DivyanshAgg,"2026-08-31 19:30:49",512.8,2,divyanshagg
6297,16775131,"Re Son","2026-08-27 14:29:31",512.7,2,lemelson
6298,16682984,"Rishikesh Bharat Koli","2026-08-08 04:18:06",512.6,2,rishikeshbharatkoli
6299,16639814,"Nikhil Krishna A","2026-09-07 07:37:56",512.6,2,techmasternikhil
6300,16740034,BSCode,"2026-09-12 18:47:55",512.4,1,bscode
6301,16722109,Navneet,"2026-08-14 14:02:35",512.2,2,zxcdfg
6302,16657674,Warriors,"2026-08-29 14:12:29",512.1,2,"karthikreddykarri,kovvurisaimohanreddy,vikramadityaabhiram"
6303,16769170,"Hardik Savaliya211","2026-08-25 11:07:10",512.0,2,hardiksavaliya211
6304,16630520,dimitris_x94,"2026-08-23 21:10:57",511.7,2,dimitrisx94
6305,16804924,"Kevin L.","2026-09-09 07:04:46",511.6,2,zorgis
6306,16675060,"Xinger Gao","2026-08-31 08:52:07",511.5,2,xingergao
6307,16765688,jihunai,"2026-08-26 23:15:54",511.3,2,jihunai
6308,16668698,Addie,"2026-08-08 05:21:08",511.3,1,addie999
6309,16660462,"Vishwanath N Iyer","2026-08-07 07:22:17",511.2,2,vishwanathniyer
6310,16627324,"Attack on Kaggle","2026-08-06 13:27:22",511.2,2,user19394494
6311,16668509,HarryZ,"2026-09-13 04:29:04",511.0,2,mzhumzhu
6312,16662647,"Ruben Maya","2026-08-18 20:55:57",510.8,2,rubenmaya
6313,16630163,"SEREENA JERRY","2026-08-06 08:59:17",510.5,2,serenajerry
6314,16638883,LeiYang,"2026-08-03 15:04:07",510.3,2,leiyangcq
6315,16675863,"Habib ullah","2026-09-13 11:08:00",510.2,2,habibullah123456789
6316,16668606,"Hasith Kulathilaka","2026-08-31 19:09:39",510.2,2,hasithkulathilaka
6317,16659444,"ANKIT AGARWAL","2026-09-04 04:10:56",510.1,2,ankwall223
6318,16870486,"Sincere Bailey","2026-09-13 00:24:59",510.0,2,sincerebailey
6319,16829729,NoobMaster69,"2026-09-06 09:12:58",509.8,2,thelegend007
6320,16666652,"Mohamed Fanni","2026-08-17 00:51:38",509.7,2,"arachid,mohamedfanni,soukaynamokhtari"
6321,16726913,"T T‗Worker","2026-08-22 11:08:14",509.6,2,ttworker
6322,16706143,Adityaupadhyay0805,"2026-08-20 04:28:06",509.5,1,adityaupadhyay0805
6323,16783713,Gale,"2026-09-05 02:29:43",509.1,2,na1vel
6324,16725483,PQ_Marz,"2026-08-15 16:25:50",509.1,2,pqmarz
6325,16661402,"Abin Biju","2026-08-11 18:00:35",508.8,2,abinbiju1
6326,16664211,"Ben Wilson","2026-08-06 23:57:29",508.8,2,crispyryse
6327,16752191,"Wenxuan Ye","2026-09-04 07:10:28",508.6,2,akomwins
6328,16661950,moonmelonpizza,"2026-08-09 12:25:23",508.6,2,moonmelonpizza
6329,16751058,"Henrique Loyola ","2026-08-21 05:29:59",508.6,2,henriqueloyola
6330,16771340,pang,"2026-09-05 16:41:51",508.5,2,pangwenfeng
6331,16659261,PromptEngineer48,"2026-08-04 16:44:46",508.4,2,promptengineer48
6332,16627009,c0sm1c,"2026-08-01 11:06:14",508.3,1,tanghao111
6333,16789996,"Chen Jiaqi","2026-09-02 15:48:25",508.3,2,elaemchen
6334,16687942,"Arya Arun","2026-08-16 08:52:26",508.1,2,aryaarun07
6335,16721814,"DOAMBA Jean Edouard Odilon","2026-08-24 14:48:43",508.1,2,doamba
6336,16691466,"Jeeta Nandi ","2026-09-04 09:23:34",508.1,2,jeetanandi
6337,16664608,sid,"2026-08-07 18:18:04",508.0,2,sidshastri04
6338,16726211,RepeatAfterMe,"2026-08-17 08:21:41",507.9,2,bekirsciftler
6339,16794598,"Andrew Yu","2026-09-02 04:51:57",507.7,1,andnyu
6340,16798512,"Yuichiro Kinoshita","2026-09-12 00:04:21",507.6,2,yuichirokinoshita
6341,16749271,"Shoki Suzuki","2026-09-01 13:48:43",507.6,2,shokisuzuki
6342,16717601,"Mariem Fersi","2026-08-24 23:22:14",507.5,2,"mariemfersi,yassinebrahem2"
6343,16737362,"moushun chen","2026-08-20 06:45:46",507.3,2,moushunchen
6344,16793465,"Farming Sols","2026-09-03 23:40:36",506.8,2,rishitreddypalle
6345,16726445,"James Patounas","2026-08-19 08:37:06",506.6,2,jamespatounas
6346,16687959,"Destin Nedjou","2026-08-27 05:45:33",506.4,2,destinnedjou
6347,16726044,"Lena Traczuk","2026-08-22 12:03:58",506.4,2,lenatraczuk
6348,16876126,1fan\,"2026-09-13 19:20:12",506.3,2,wurrfv
6349,16665865,"Agrippa Beaulieu","2026-08-08 19:09:28",506.3,2,agrippabeaulieu
6350,16662060,"Richard Valino","2026-08-06 16:03:36",506.3,2,richardvalino
6351,16685722,"Jiahan Cao","2026-08-12 09:01:22",506.2,2,jiahancao
6352,16719857,"Howey do it","2026-08-14 23:06:06",506.2,2,ronincoppins
6353,16790206,"bogdan chirkov","2026-09-11 22:23:08",506.1,2,bogdannchirkovv
6354,16764751,"Abhishek Parmar","2026-08-26 04:06:39",506.0,2,abhisheknparmar
6355,16694314,"Ali Abbas Baig","2026-08-28 19:55:16",505.9,2,aliabbasbaig
6356,16668324,"Alden Jenish S","2026-08-06 14:02:09",505.9,2,aldenjenishs
6357,16728014,Alpha223,"2026-09-05 15:51:24",505.9,2,alpha223
6358,16663327,Gnr8tr,"2026-08-13 14:16:44",505.8,2,wilburjpereira
6359,16686972,"Ankit Maurya","2026-08-23 07:05:44",505.7,2,"ankitmaurya16,rudraprasadsah"
6360,16780592,sergey,"2026-08-27 19:09:25",505.7,2,sadsdfsdf
6361,16794797,zzzyan10,"2026-09-11 01:45:58",505.7,2,zzzyan10
6362,16716531,tebenia,"2026-08-16 08:06:58",505.7,2,tebenia
6363,16705363,"Matt Hall","2026-08-16 01:44:32",505.6,2,matthall0
6364,16668461,SobanAli,"2026-08-19 15:49:03",505.5,2,soban256
6365,16668589,"Gleb Naumkin","2026-08-05 22:46:26",505.5,1,glebnaumkin
6366,16638651,Emre,"2026-09-09 14:38:18",505.4,2,emre690
6367,16692480,"Khalis Murfid","2026-08-24 07:03:02",505.4,2,khalismurfid
6368,16724269,lava,"2026-09-11 11:22:13",505.4,2,fanxiaozhen
6369,16694171,"guanran wang","2026-08-11 05:57:12",505.3,2,guanranwang
6370,16656431,"Venetta Smithen","2026-08-20 02:19:45",505.1,2,venettasmithen
6371,16688873,cancel,"2026-08-18 06:50:33",505.0,1,rugaru
6372,16880843,"Triều Đinh Hải","2026-09-12 19:41:11",505.0,2,triuinhhi
6373,16688296,"Michael Pollind","2026-08-28 13:30:32",504.9,2,mpollind
6374,16674106,Jaikrishna@007,"2026-09-13 08:04:40",504.9,2,"dineshak07,jaikrishna007"
6375,16662938,CarlitrosParra,"2026-08-05 21:34:52",504.7,2,carlitrosparra
6376,16695400,"Karam Khasawneh","2026-08-10 20:29:16",504.3,2,karamkhasawneh
6377,16655069,"Jason Harrison","2026-08-05 20:56:59",504.3,2,jasonharrisonco
6378,16663368,"Laurence Dale","2026-08-12 18:00:07",504.2,2,laurencedale
6379,16661460,Lucky,"2026-09-03 07:49:58",504.1,2,tmiya0107
6380,16674943,feyZERO,"2026-08-16 10:48:50",504.1,2,faezamora
6381,16656470,Glimmeron,"2026-08-12 02:01:48",504.1,2,rishabhraushan
6382,16621437,AdamBelniak,"2026-08-03 18:15:21",504.0,2,adamos581
6383,16665424,taaaaanq,"2026-08-17 14:23:35",503.9,1,"chuayaplong,flashtigro,huayu05,taaaaanq"
6384,16707986,Pones_kaggle,"2026-09-01 22:08:32",503.9,2,pyd966
6385,16762427,Raj_craj,"2026-08-30 20:27:00",503.8,2,rajcraj
6386,16762168,Lewbei,"2026-09-10 04:58:43",503.4,2,lewbei
6387,16655600,"VYSHAKH G NAIR","2026-08-04 21:31:24",503.3,2,vyshakhgnair
6388,16665364,"Shien Zhang","2026-08-06 06:50:46",503.2,1,shienzhang
6389,16767147,"Hacker Trinity","2026-09-09 12:20:12",503.2,2,hackertrinity
6390,16645302,LuCcc,"2026-08-03 09:45:35",503.1,2,luuuuccccc
6391,16875818,Mateollqw,"2026-09-12 22:08:38",503.0,2,mateollqw
6392,16741053,"Bui Minh Thanh","2026-09-07 18:50:23",502.9,2,buiminhthanh
6393,16705661,"Toshiki Touda","2026-08-13 06:51:05",502.9,2,toshikitouda
6394,16722561,Asia214,"2026-08-30 02:26:16",502.8,2,asia214
6395,16645841,Lucien,"2026-09-12 08:12:20",502.8,2,lucienhu6775765
6396,16641948,JustForFun,"2026-08-18 08:00:36",502.6,2,thangphung215
6397,16626105,sasaki,"2026-08-24 02:34:55",502.3,2,rsasaki
6398,16661682,"Rishi Gupta","2026-08-05 07:46:38",502.3,2,rishigupta07
6399,16826447,"Absara viswanathan","2026-09-07 06:16:20",502.1,2,viswanathanabsara
6400,16653809,acbabc123,"2026-08-04 13:53:53",501.9,2,acbabc123
6401,16819549,APEX101,"2026-09-06 06:16:51",501.8,2,"akshitasrivastava1,irongm"
6402,16644410,"Swaroop Kallakuri","2026-08-04 15:40:29",501.6,2,ksjpswaroop
6403,16744610,"Safiullah Baig","2026-08-20 13:16:58",501.5,1,safm1rza
6404,16672105,"Natural Stupidity","2026-08-10 19:39:53",501.5,2,"parthb21,sujaygolla"
6405,16719257,"Alexander Morozov","2026-08-14 23:53:53",501.4,2,scanhex
6406,16640399,Hubbahub,"2026-08-04 20:40:39",501.4,2,hubbahub
6407,16729510,ARM,"2026-09-08 13:01:17",501.4,2,"midhun4126,mrohithjohn"
6408,16621367,Numari,"2026-07-31 16:30:01",501.4,2,numaritaisei
6409,16793080,"Lonan Syayf","2026-08-31 19:44:09",501.4,2,lonansyayf
6410,16693003,ShirrleyChen,"2026-08-15 12:54:58",501.2,2,shirrleychen
6411,16702281,"Dhruv Patel #2","2026-08-10 21:25:08",501.0,2,dhruvpatel1972
6412,16627463,dnish,"2026-08-05 07:37:16",500.9,2,dnishio
6413,16760480,yat0i811,"2026-09-13 14:13:59",500.9,2,yat0i811
6414,16630784,"🚜 Sub-Par Seedlings","2026-09-13 20:33:29",500.7,2,"dwellement0baser,michaellist,oneupkiwi,wilhelmberghammer"
6415,16855185,ArdiaNova,"2026-09-13 09:23:59",500.6,2,ardianova
6416,16871409,"Aleksandr Isakov","2026-09-13 07:33:30",500.3,2,aleksandrisakov
6417,16679096,WilliamXylean,"2026-09-10 15:24:40",500.2,2,williamxylean
6418,16731636,関西人,"2026-08-24 06:23:14",500.2,2,m1333666888
6419,16665281,"[Deleted] 899172b8-e148-4564-ba8c-c46356105ab8","2026-08-05 09:55:11",500.0,2,del=cd7e9a4014b872ef
6420,16765194,henry,"2026-08-24 13:39:29",499.8,2,zchenry
6421,16635406,ykuroka,"2026-09-12 19:59:56",499.8,2,ykuroka
6422,16852342,"Minh Đăng Lê","2026-09-08 17:30:17",499.6,2,minhngle
6423,16678613,iBooNDK,"2026-08-09 19:03:37",499.5,2,iboondk
6424,16682667,"zeel vavliya","2026-08-20 14:48:59",499.4,2,zeelvavliya
6425,16772455,dextrecity,"2026-08-30 11:37:56",499.4,2,"dextrecity,leo0pa"
6426,16801855,KooDol,"2026-09-11 04:21:01",499.1,2,koodol
6427,16711823,Abi_e,"2026-09-07 09:47:37",498.4,2,abidjacquelineanadi
6428,16657383,"Shih Hua Chou","2026-08-18 03:51:08",498.2,2,shihhuachou
6429,16784417,"Dallas Odem","2026-08-29 13:14:30",498.0,2,dallasodem
6430,16721940,DarkLayer,"2026-08-22 02:07:13",498.0,2,nnpaopao
6431,16654885,"Jason Kong","2026-08-04 06:52:19",497.8,2,jasonkongie
6432,16692263,"ADITYA CHAVAN","2026-08-09 17:44:15",497.6,2,adityasnr7
6433,16671602,"Nithin Nambi","2026-08-07 00:09:31",497.5,2,nitthewit
6434,16672798,yaphanqiii,"2026-08-27 07:55:23",497.5,2,yaphanqiii
6435,16757366,"Sean Connolly","2026-09-05 04:10:21",497.5,2,seanconnolly
6436,16791550,Team21,"2026-09-08 12:53:38",497.4,2,"fchen121,muktharam"
6437,16867680,Asuka,"2026-09-11 05:45:46",497.4,2,asuka0langley0soryu
6438,16676613,LCZ1996,"2026-08-29 02:02:59",497.3,2,lcz1996
6439,16665374,UmangDobhal03,"2026-08-06 03:46:29",497.0,2,umangdobhal03
6440,16657312,"baolood herid","2026-08-06 13:13:48",497.0,2,baoloodherid
6441,16743494,"ROHAN Exploit","2026-09-08 11:13:08",496.9,2,rohanexploit
6442,16654174,"Dharmeswar Basumatary","2026-09-09 11:09:15",496.9,2,dharmeswarbasumatary
6443,16774035,"Shengfeng Wang","2026-08-26 07:28:46",496.6,1,shengfengwang
6444,16809898,wodDAOdun,"2026-09-13 13:13:09",496.6,2,kylaucode
6445,16768079,Sohee087,"2026-08-24 20:21:01",496.2,1,sohee087
6446,16657929,Robert-zwr,"2026-08-05 11:15:48",496.0,1,robertzwr
6447,16664252,"Huy Hoang","2026-08-15 03:59:40",495.7,2,themeend
6448,16632105,"shreyas sangalad","2026-08-02 12:01:08",495.7,2,spoortisangalad
6449,16728318,T3jas06,"2026-08-22 19:45:13",495.6,2,t3jas06
6450,16818158,Noza,"2026-09-05 11:50:22",495.4,2,harukanozato
6451,16792069,"Yen Hung1021","2026-09-03 16:09:33",495.4,2,yenhung1021
6452,16847740,FarmAre,"2026-09-07 17:31:01",495.3,2,abishekak
6453,16658115,SantaClaws,"2026-08-10 14:50:31",495.0,2,vovikdrg
6454,16656573,"Ashiq Firoz","2026-08-17 18:20:11",494.9,2,ashiqfiroz
6455,16645870,"Barathan Aslan","2026-08-03 08:21:55",494.7,2,barathanaslan
6456,16725955,"Aditya Pandey","2026-08-17 00:10:10",494.4,2,adipandey777
6457,16674612,"Muhammad Dhiaz Rafilianza","2026-08-22 05:48:04",494.2,2,dhiazr
6458,16840130,tkm_ktn,"2026-09-05 15:48:40",494.2,2,takumikotani
6459,16695102,whitelok,"2026-08-11 12:54:41",494.1,2,whitelok
6460,16662690,"Pablo Gomez Perez","2026-09-04 16:45:32",494.1,2,pablogp
6461,16809022,CheeseFunction,"2026-09-05 06:58:36",493.9,2,cheesefunction
6462,16758526,"sudo give_me_the_prize","2026-08-24 16:34:02",493.8,2,ibrahimab2
6463,16688662,"Faz Forward","2026-08-08 09:03:10",493.8,2,fazforward
6464,16713218,"Julien Baumgartner","2026-08-14 08:36:27",493.7,2,julienbaumgartner
6465,16726155,miyawakiayaka,"2026-08-15 18:50:10",493.6,2,kanatakon
6466,16636973,"Ali Ali G","2026-08-03 18:36:40",493.5,2,alialig
6467,16729081,"Venkata Y","2026-08-19 00:45:13",493.5,2,venkatayerrapothu
6468,16666716,"Fanis Alexakis","2026-08-17 11:59:15",493.5,2,fanisalexakis
6469,16797002,ZhixinLuo,"2026-09-01 14:16:09",493.4,2,zhixinluo
6470,16645936,"Abhy Rejikumar","2026-08-22 19:26:23",493.3,1,abhyrejikumar
6471,16709918,GUI666,"2026-08-26 16:17:40",493.2,2,gui666
6472,16661154,"gronky goobers","2026-08-15 14:39:05",493.2,2,"viktoriusontop,yoshisurjuise"
6473,16681778,kzeus@003,"2026-08-12 05:12:15",493.2,2,kzeus003
6474,16843921,Ruijiehe1213,"2026-09-13 03:40:30",493.1,2,ruijiehe1213
6475,16668137,"Thomas De Sousa","2026-08-06 06:34:48",493.0,2,thomasdesousa
6476,16780097,"wei chang","2026-09-13 00:42:40",493.0,2,wayne0404
6477,16775214,"Sambhav R","2026-08-27 15:34:44",493.0,2,sambhavr
6478,16665436,Aeternum,"2026-08-15 18:31:32",493.0,2,"donbinoy2004,surajkumarks"
6479,16883234,Cpleasance,"2026-09-13 12:34:06",492.9,2,cpleasance
6480,16649421,Eltormtace,"2026-08-14 04:35:15",492.9,2,eltormtace
6481,16851860,"Senih Bayankulu","2026-09-08 03:13:24",492.8,2,senihbayankulu
6482,16666071,"Arda Yıldız","2026-08-20 09:33:54",492.8,2,xreina8
6483,16747839,"Ich Schmid","2026-09-11 00:32:52",492.7,2,ichschmid
6484,16661449,"Samarjeet Singh","2026-08-23 04:32:19",492.6,2,samarjeet010
6485,16658476,"goksel yesiller","2026-08-04 11:07:53",492.5,2,gokselyesiller
6486,16636333,xiaoyang66,"2026-08-17 13:35:28",492.4,2,kennethhao8
6487,16756812,"Alex Amirkhanyan","2026-08-24 05:51:16",492.4,2,aleksamirkhanyan
6488,16717018,"Urvashi Bansal","2026-08-17 09:12:29",492.3,2,urvashibansal123
6489,16693795,kurt,"2026-08-30 15:22:47",492.0,2,syarht
6490,16699756,"zhang xin","2026-09-13 16:58:12",492.0,2,zhangxin300
6491,16715942,_@HimShukla23,"2026-08-18 03:57:15",491.6,2,himshukla23
6492,16651042,Mira_332,"2026-08-27 04:58:29",491.4,2,ichiiohno
6493,16665949,Rbda,"2026-08-06 14:18:03",491.3,2,brazvan
6494,16840624,Deepakexplores,"2026-09-11 17:51:43",491.3,2,deepakexplores
6495,16661382,CBenaventte,"2026-09-02 13:35:27",491.1,2,cbenaventte
6496,16681637,nasu01,"2026-08-07 10:14:10",491.1,2,nasu01
6497,16639577,Haitaks,"2026-08-16 09:42:16",491.0,2,haitaks
6498,16623198,"Chris D'Mello (ineligible)","2026-07-31 17:32:46",490.9,1,cdmello
6499,16663822,BhavyaSaini001,"2026-08-29 23:10:34",490.7,2,bhavyasaini001
6500,16798074,"Akkapop Prasompon","2026-09-09 12:17:36",490.4,2,akkapopprasompon
6501,16728863,Irabala,"2026-09-13 18:10:32",490.3,2,irabala1
6502,16649077,"Yifan Yang 135","2026-08-11 06:22:40",490.2,2,yifanyang135
6503,16636719,"Naman Durve","2026-09-12 16:14:56",490.2,2,namancdurve
6504,16756900,Kome_Sh,"2026-08-30 13:40:56",490.1,2,komeshun
6505,16676327,shu10038,"2026-09-13 09:22:22",490.1,2,shu10038
6506,16676497,"Non-veg plants","2026-08-07 09:54:00",490.1,2,mohammadshadabshaikh
6507,16661105,"Vignesh Murugan","2026-08-04 19:57:46",489.9,2,vigneshv1cky
6508,16725123,"Pham Quang Nghia","2026-08-22 15:00:51",489.8,2,phamquangnghia
6509,16631547,"Chong Xuan Ng","2026-08-08 15:38:52",489.8,2,chongxuanng
6510,16675686,"PRERIT MAURYA","2026-08-14 06:37:51",489.8,2,preritmaurya
6511,16681509,"Kethan Sai","2026-09-12 15:38:06",489.7,2,kethansaikoneru
6512,16745574,"Yadunandan Raman","2026-08-22 12:20:06",489.6,2,yadunandanraman
6513,16760191,"Kushal Shiva1","2026-08-26 20:19:36",489.6,1,kushalshiva1
6514,16862497,DefiAudit,"2026-09-13 15:41:20",489.3,2,defiaudit
6515,16687237,Khalibryler,"2026-08-11 09:17:03",489.3,2,khalibryler
6516,16656641,AndrewEly8,"2026-08-05 00:56:32",489.3,2,andrewely8
6517,16637894,"Leonardo Domingues","2026-09-06 10:38:08",489.1,2,leonardodomingues
6518,16723583,"varun chindage","2026-09-05 14:52:13",488.9,2,stormy420
6519,16707865,"bb aa","2026-09-10 15:39:17",488.7,2,bbaa233
6520,16654984,"Guseinov Elvin","2026-08-08 21:44:00",488.4,2,guseinovelvin
6521,16653118,"Elmira Yekani","2026-08-18 17:05:20",488.3,2,elmirayekani
6522,16695692,Saadii2279,"2026-08-11 16:44:39",488.3,2,saadii2279
6523,16838929,Charlesm85,"2026-09-06 05:56:26",488.2,2,charlesm85
6524,16863391,"Yifu and only Yifu","2026-09-11 20:26:50",488.2,1,yifuandonlyyifu
6525,16625216,"Emre Can","2026-08-01 17:05:51",488.0,2,seicatsu
6526,16870247,mxt1022,"2026-09-11 08:31:14",488.0,2,unlome
6527,16674605,Versilogic,"2026-08-16 07:54:48",488.0,2,versilogic
6528,16876859,Broncat,"2026-09-13 15:14:36",488.0,2,broncat
6529,16678154,"Hashim Far","2026-08-08 04:20:32",487.4,2,hashimfar
6530,16733961,"Julia Fredo","2026-09-13 15:16:12",487.4,2,juliafredo
6531,16660330,wangyikai,"2026-08-09 07:59:45",487.4,2,wangyik
6532,16683837,"Blessed Ngorima","2026-08-18 09:40:53",487.3,2,blessedngorima
6533,16843511,"JiaHui Ni ","2026-09-13 14:59:35",487.2,2,jiahuini
6534,16654347,"aarav maheshwari1","2026-08-26 05:57:03",487.1,2,aaravmaheshwari1
6535,16724470,"Mahdi Rafati","2026-08-24 15:32:51",487.0,2,mahdirafati
6536,16886765,LZWang,"2026-09-13 20:00:37",486.8,2,wlzwlz
6537,16661233,"Uriel Johnson","2026-08-05 08:45:24",486.7,2,urieljohnson
6538,16699207,"Bipin Rimal","2026-08-10 07:45:21",486.5,2,bipinrimal314
6539,16717051,"Chirag Hosdurga","2026-08-13 13:38:41",486.5,2,chiraghosdurga
6540,16775236,hohohoZzZ,"2026-09-13 10:43:58",486.4,2,hohohozzz
6541,16667078,dprinzensteiner,"2026-08-05 14:06:26",486.3,2,dprinzensteiner
6542,16696703,Farmer,"2026-09-13 05:32:22",486.2,2,alekseic
6543,16875601,forwardidear,"2026-09-13 02:46:39",486.1,2,forwardidear
6544,16728845,"Mohamed Kaleel","2026-08-22 16:12:58",486.0,2,mdkaleel
6545,16755394,"Ruben Lucas","2026-08-21 21:50:16",485.8,2,rubenlucas
6546,16693227,"Aniket Sharma","2026-08-21 22:05:01",485.8,2,aniketsharma00411
6547,16785352,"joão Vitor","2026-09-05 20:19:12",485.7,2,jaov30718
6548,16686902,"Aaditya Jain","2026-08-10 08:59:33",485.2,1,aadityajain2312
6549,16695828,rihiRule,"2026-08-11 13:40:24",485.1,2,rihirule
6550,16785010,"Victor Wangles","2026-08-28 16:01:17",484.9,1,victorwangles
6551,16736951,giacomovin,"2026-08-25 20:14:52",484.9,2,giacomovin
6552,16625808,"Etsushi Yamamoto","2026-08-09 16:50:41",484.7,2,etsushiyamamoto
6553,16768456,清水一希,"2026-08-25 00:47:38",484.7,1,kazukishimizu0427
6554,16727920,"Youssef Yacoup","2026-09-04 16:50:53",484.3,2,youssefyacoup
6555,16657093,"sixer srinath","2026-08-26 10:48:12",484.1,2,srinath2495
6556,16704597,"Wallace Switzer","2026-08-12 01:09:49",484.1,2,wallaceswitzer
6557,16664251,zzy123123,"2026-08-08 09:22:51",484.0,2,zzy123123
6558,16663707,DotBix,"2026-08-12 21:45:54",484.0,2,dotbix
6559,16856112,"Thomas White","2026-09-08 19:39:13",483.8,1,leopardguy
6560,16796273,"Kiplangat Vincent","2026-09-13 08:17:00",483.8,2,balvins
6561,16659505,"Duleeka Mevan","2026-08-06 09:32:46",483.7,2,duleekamevan
6562,16668185,"Swayam Chavan","2026-08-09 01:12:23",483.7,2,swamboy
6563,16661287,"Jacob Hanlon","2026-08-11 13:59:58",483.7,2,jacobhanlon
6564,16658925,CYBWithFlourish,"2026-08-06 15:56:28",483.7,2,cybwithflourish
6565,16676482,GitLyf,"2026-08-16 12:47:59",483.6,2,"jaideva30,rohithkrishnaak"
6566,16676803,"Josue Villao","2026-08-14 05:20:13",483.6,2,josuevillao
6567,16793145,KarlNUrban,"2026-09-05 12:19:50",483.5,2,karlnurban
6568,16670986,"Anas Erami","2026-08-08 01:38:43",482.5,2,anaserami
6569,16725757,AchyutKishore123,"2026-09-11 09:58:14",482.3,2,achyutkishore123
6570,16723490,"Panashe Arthur Mhonde","2026-08-22 11:41:19",482.3,2,panashearthurmhonde
6571,16691628,"Gavin Walsh (N1DGE11)","2026-08-08 16:07:24",482.1,2,gavinwalshn1dge11
6572,16679872,"Kirby Won","2026-08-19 16:47:21",481.7,2,kirbywon
6573,16667517,"Recep Barkın Topcu","2026-08-31 05:30:02",481.6,2,recepbarkntopcu
6574,16661323,mzyktkhs,"2026-08-10 13:21:59",481.6,2,mzyktkhs
6575,16654458,"Likith Narakala","2026-09-10 20:27:03",481.5,2,likith17052004
6576,16732513,Taogege,"2026-09-08 08:02:16",481.5,2,"liyiyiyi6,taogege520"
6577,16694146,"JIlong Zhou","2026-08-26 15:04:38",481.3,2,acemaker
6578,16662111,"Mood Vikram","2026-09-05 23:15:35",481.1,2,"moodvikram,sidhantchauhan"
6579,16776777,cerceanit,"2026-08-29 14:51:48",481.1,1,uaisamangeldi
6580,16718517,"Jessica Yin","2026-08-17 00:10:31",481.1,2,jeqyin
6581,16762154,lli,"2026-09-07 19:04:26",481.1,2,colesuoseue
6582,16724984,anish711,"2026-08-22 17:54:18",480.9,2,anish711
6583,16661576,"Yash Jumde","2026-08-15 20:09:59",480.9,2,yashjumde
6584,16646318,"I wanna Die","2026-09-06 16:25:14",480.7,2,chrisopherjoshy
6585,16728262,wakawakayu,"2026-09-13 08:14:42",480.6,2,wakawakayu
6586,16767585,Hyena,"2026-08-25 22:17:26",480.5,1,hemant0
6587,16730870,"Jiang Ryan","2026-09-03 03:37:12",480.4,2,jiangryan
6588,16764151,Jpadilla987@gmail.com,"2026-08-25 21:00:27",480.3,2,jpadilla987gmailcom
6589,16697448,"Mykola Mazniuk","2026-08-15 17:57:39",480.3,1,mykolamazniuk
6590,16623678,Mahog,"2026-09-13 10:29:00",480.2,2,mahoganybuttstrings
6591,16700596,"Markel Iru","2026-08-13 15:52:53",480.1,2,markeliru
6592,16715456,"wilson LUNG","2026-08-17 23:54:10",480.0,2,wilsonlung
6593,16714488,"HusseinNadem Nadem","2026-08-26 01:53:13",480.0,2,husseinnademnadem
6594,16687648,"RSJ CorneR","2026-08-08 10:57:54",479.9,2,rsjcorner
6595,16691761,"Evie Barker","2026-08-15 13:40:05",479.8,2,eviebarker
6596,16722819,Anna,"2026-08-21 15:01:26",479.7,2,annatmp
6597,16747670,"Luis Molina","2026-08-26 07:40:36",479.6,2,micuentadecasa
6598,16654312,Xmeeeee,"2026-08-05 00:11:29",479.6,2,xmeeeee
6599,16640516,"Alfandi Hassan","2026-08-08 03:41:33",479.6,2,alfandihassan
6600,16653534,"Mohamed Amine Ettaki","2026-08-22 13:30:43",479.4,2,amine159
6601,16653049,"Umut Doruk Öztürk","2026-09-02 09:52:16",479.3,2,umutdorukztrk
6602,16646286,"C Aravindhan","2026-08-04 05:03:22",479.1,2,caravindhan
6603,16728821,"Alen Maria Nirmal","2026-08-17 21:51:03",479.1,1,alenmarianirmal
6604,16718828,"Tejas Nisar","2026-08-23 17:04:45",478.9,2,tejasnisar
6605,16783367,hezhiqian,"2026-08-30 18:02:37",478.9,2,hezhiqian
6606,16665184,woorym,"2026-08-10 03:04:12",478.8,2,woorym
6607,16880707,Joy_22@1,"2026-09-12 11:27:08",478.7,1,joy221
6608,16700080,Kaushik,"2026-08-10 11:11:18",478.6,2,kgarumugam
6609,16728933,dOvOb,"2026-09-08 14:51:10",478.5,2,waytosleep
6610,16663267,"Sravya Isukapatla","2026-08-11 10:14:54",478.5,2,sravyaisukapatla
6611,16623263,ASHML,"2026-07-30 23:28:50",478.5,2,ashml
6612,16757806,Richardwe,"2026-09-08 08:43:12",478.3,1,richardwe
6613,16682386,"Charbel Nehme","2026-09-09 06:36:54",477.9,2,charbelnehme
6614,16794499,smileMAN13912339850,"2026-09-07 10:01:07",477.8,2,smileman13912339850
6615,16795877,"Marco Polo","2026-09-13 00:02:27",477.6,2,zhesong1
6616,16625149,Rubylicious,"2026-07-31 07:53:00",477.3,2,labibahalya
6617,16842936,"Sreejit Pradhan","2026-09-12 19:11:37",477.3,2,sreejitpradhan
6618,16687602,"jithin manoj","2026-08-12 13:00:23",477.2,2,jithingmanoj
6619,16886012,smartkdy7,"2026-09-13 11:37:51",477.0,1,smartkdy7
6620,16745980,"Arif Amijoyo","2026-08-30 07:54:40",477.0,2,arifamijoyo
6621,16655415,"Ivan Jarp","2026-08-29 17:07:03",476.9,2,ivanjarp
6622,16709512,Rustamdurdyyev,"2026-08-31 19:59:56",476.8,2,rustamdurdyyev
6623,16763898,"Tarık Sarıcı","2026-08-24 09:54:31",476.8,2,ssarici
6624,16664506,"Jonatan Asketorp","2026-08-23 02:57:42",476.6,2,weft169aston
6625,16664205,"shr Wei","2026-09-03 06:00:47",476.6,2,shrwei
6626,16719733,CleoCantCompete,"2026-09-12 23:51:12",476.5,2,cleocantcompete
6627,16668068,"Neural Harvest","2026-08-27 19:23:44",476.2,2,meghashyampawar
6628,16861256,lizh2025,"2026-09-11 18:58:06",476.1,2,lizh2025
6629,16654394,sserges,"2026-08-08 20:46:14",476.1,2,sserges
6630,16838981,"Adil Shamim","2026-09-09 13:55:52",475.8,2,adilshamim8
6631,16707951,K_ChanHo,"2026-09-13 02:52:03",475.7,2,kchanho
6632,16663622,sammuq1,"2026-08-10 23:56:19",475.7,2,sammuq1
6633,16654974,"ACd Rooy","2026-08-11 06:35:28",475.6,2,acdrooy
6634,16623824,zhangende02,"2026-08-01 01:15:21",475.6,2,zhangende02
6635,16732200,"Louis WhoEat","2026-08-24 12:02:40",475.4,2,louiswhoeat
6636,16655881,"Zhuoran Zhao","2026-08-07 16:50:04",475.4,2,yearcakes
6637,16752081,"Ahmad Dehaini","2026-08-30 06:04:54",475.3,2,ahmaddehaini
6638,16641501,Sonal,"2026-08-08 22:07:46",475.2,2,sonalm13
6639,16708348,"Edilaine Arceno","2026-09-11 02:43:41",475.2,2,edilainearceno
6640,16640965,jidaoluckey,"2026-08-08 07:10:45",475.0,2,jidaoluckey
6641,16682869,"Sepideh Rahmati","2026-08-12 08:10:46",474.9,2,sepidehrahmati
6642,16686093,"Muhammad Usman Butt","2026-08-07 22:00:04",474.9,2,debugdemon
6643,16765310,"Aria Muse","2026-09-04 06:00:22",474.7,2,ariamuse
6644,16656568,"FARIATHTHEEN F","2026-08-04 11:44:49",474.7,2,fariaththeenf
6645,16729214,kisamaki0815,"2026-08-28 01:21:57",474.6,2,kisamaki0815
6646,16780057,"Njabulo Hope Makana","2026-09-13 12:39:54",474.4,2,njabulohopemakana
6647,16728549,Karatelb,"2026-08-16 17:45:59",474.1,2,karatelb
6648,16695095,"Jayanth Chowdary","2026-08-22 17:50:39",474.1,2,jayanthchowdary24
6649,16861019,CloriTeam,"2026-09-09 15:34:28",474.1,2,lorenzocomis
6650,16698287,"Ethan J. Schauder","2026-08-12 18:21:50",474.1,2,ethanjschauder
6651,16657664,"Nguyễn Anh Kiệt 28","2026-08-06 04:17:40",474.0,2,nguynanhkit28
6652,16621402,Maxim,"2026-08-13 07:01:03",473.7,2,ektarr
6653,16655080,"Mohamed Judi","2026-09-07 19:18:31",473.6,2,mhjudi
6654,16738218,kiyo,"2026-09-10 13:01:37",473.1,2,kiyohiro
6655,16668810,ZZZZGOD,"2026-08-07 19:11:09",473.1,2,zzzzgod
6656,16668267,Saran,"2026-08-27 14:18:05",473.1,2,saran2
6657,16841679,Chafuuu,"2026-09-09 16:26:02",473.1,2,chafuuu
6658,16674266,HamYad,"2026-08-06 18:19:46",472.9,2,hamyadlab
6659,16701871,"Raj Nandan","2026-08-10 15:13:30",472.8,1,imrajnandan
6660,16701367,CryptoQuant1992,"2026-08-11 13:04:12",472.8,2,cryptoquant1992
6661,16693925,"Francisco Corredor","2026-09-06 23:00:40",472.7,2,franciscocorredor
6662,16762021,Dhananjai1729,"2026-09-13 16:56:14",472.6,2,dhananjai1729
6663,16771972,"Vansh Ahlawat","2026-09-10 12:17:19",472.6,2,vansh5126
6664,16705276,layr0,"2026-08-14 00:53:11",472.5,2,layr0dotdev
6665,16638967,"Jenny Luo","2026-08-01 23:55:07",472.2,2,"jennyluo96,kyeoh92"
6666,16759381,"Subhan Hussain","2026-08-26 10:37:25",472.1,2,subhanhussain0205
6667,16728345,ron,"2026-09-13 00:49:44",472.1,2,romart
6668,16815817,haiy_qq,"2026-09-04 01:41:26",472.1,2,haiyqq
6669,16712488,"Vansh Bhura","2026-08-12 14:23:18",472.0,2,vanshbhura
6670,16675468,"atakan akgün","2026-08-13 15:32:32",472.0,2,atakanakg
6671,16739711,SBC,"2026-08-20 10:16:10",471.9,2,"anusasaha2406,harshkumar3014,rahulmaity"
6672,16774849,RiyadhLakadimu123,"2026-08-31 19:51:17",471.7,2,riyadhlakadimu123
6673,16657201,ShayML,"2026-08-08 09:02:05",471.7,2,shayml
6674,16660420,tipofyzik,"2026-09-05 14:34:30",471.7,2,tipofyzik
6675,16675631,"Aswini Gowda","2026-08-10 05:37:33",471.5,2,aswinigowda
6676,16730357,"My second life","2026-09-13 21:14:09",471.4,2,"giovannibaldon,jjinho,pavelsavchenkov,ttyn4519"
6677,16766803,"Kanishk Sharma","2026-09-01 23:52:42",471.3,2,kan1shq198
6678,16724556,"Yixiang Wu","2026-08-28 03:34:55",471.3,1,yixiang964
6679,16885547,L0k1xd,"2026-09-13 10:04:10",471.3,2,l0k1xd
6680,16661628,PradipBanerjee,"2026-08-05 21:03:11",471.1,2,pradipbanerjee
6681,16838619,HeroGod,"2026-09-05 12:25:27",470.9,2,herogod
6682,16671033,"Alexandr Shustikov","2026-09-13 17:39:27",470.7,2,alexandrshustikov
6683,16668813,zhaowang,"2026-08-06 05:19:52",470.7,2,zhaowangwang
6684,16659414,TTGP_TEAM,"2026-08-06 15:33:09",470.7,2,phttrntrnggia
6685,16661539,"Ilia Mironov","2026-08-09 13:51:47",470.6,1,millcool
6686,16735934,"Uday Kiran003","2026-08-18 06:23:18",470.6,1,udaykiran003
6687,16723614,"James Atteh","2026-09-12 06:28:17",470.5,2,jamesatteh
6688,16880689,yasmine0809,"2026-09-12 16:19:37",470.5,2,yasmine0809
6689,16660060,AnkitGoyal,"2026-08-05 15:33:29",470.3,2,goyalankit
6690,16693522,shadycoderalltime,"2026-08-22 14:00:16",470.0,2,shadycoderalltime
6691,16693307,"Vlad Gavrilov","2026-08-09 04:00:29",469.9,2,vladgavrilov
6692,16623271,"William Morley","2026-07-31 10:09:16",469.6,2,williamkmorley
6693,16657528,"Symekah Shadrack Basweti","2026-08-05 10:17:09",469.5,2,symekah99
6694,16755677,"Rutwik Kumar M","2026-08-26 16:31:00",469.5,2,rutwikkumarm
6695,16667722,Radhouen911,"2026-08-06 21:37:37",469.5,2,radhouen911
6696,16662167,"Tara Singh Kharwad","2026-08-05 17:13:10",469.4,2,tarasi7261
6697,16663594,"NGU BLACK SANTA","2026-08-05 15:23:10",469.3,2,ngublacksanta
6698,16719521,xarquin,"2026-08-25 03:16:23",469.0,2,xarquin
6699,16651872,Evgen21,"2026-08-05 14:03:50",468.9,2,evgen21
6700,16875460,"Safa Nasrin","2026-09-13 14:02:15",468.9,2,safanasri
6701,16640814,"Kritika Adhikari","2026-08-07 09:25:26",468.4,2,kritikaadhikari
6702,16854332,kotaross,"2026-09-09 15:18:06",468.3,2,kotaross
6703,16644053,Rafiozoo,"2026-08-03 19:26:40",468.2,2,rafiozoo
6704,16669117,"Shrikant Lambe","2026-08-10 23:31:50",468.2,2,shrikantlambe
6705,16657502,Jasmeen,"2026-08-16 08:59:05",468.2,2,jasmeen0207
6706,16711918,"Pavel Filin","2026-08-13 05:23:28",468.1,2,pavelfilin
6707,16628268,toxic_2499,"2026-08-08 09:07:32",468.0,2,toxic2499
6708,16675916,Lorenzo176ITA,"2026-08-14 11:02:15",467.9,2,"alessiopap,lorenzo176ita"
6709,16773043,"Petani Baik","2026-09-03 00:56:35",467.8,2,durrahandri
6710,16758970,"Jason Wong","2026-08-30 07:47:43",467.8,2,jsin27
6711,16853895,sailohith07,"2026-09-08 10:49:11",467.7,2,sailohith07
6712,16791617,"Neil Li","2026-08-30 00:10:32",467.5,1,neilliroub
6713,16660484,"Waiswa Geoffrey","2026-08-31 08:29:58",467.0,2,waiswageoffrey
6714,16690221,"HISOKY DEV","2026-08-10 09:42:03",466.8,2,omarfahid
6715,16755159,"Kay Gijzen","2026-08-23 11:51:31",466.6,2,kaygijzen
6716,16757204,hhcjj,"2026-08-22 06:42:32",466.6,2,hhcjjkk
6717,16627313,"Zafer Liu","2026-08-03 05:13:39",466.6,2,zaferliu
6718,16662095,"Buzz shocker","2026-09-13 20:28:48",466.5,2,buzzshocker
6719,16662790,"Derek Earnhart","2026-08-04 18:04:01",466.4,1,derekearnhart
6720,16664327,"Maged Hegazy","2026-08-06 13:13:28",466.1,2,magedhegazy
6721,16773264,LA28,"2026-09-03 19:44:02",466.0,2,saisreelasyaappali
6722,16802580,WarlockCode,"2026-09-03 14:07:58",466.0,2,maktub83
6723,16683316,moonriver0922,"2026-08-11 07:04:11",466.0,2,moonriver0922
6724,16726441,Enrique.rfm,"2026-09-11 14:57:14",466.0,2,enriquerfm
6725,16649339,"华东 朱","2026-08-30 09:35:51",465.9,2,mgdbzny
6726,16827224,"[HSE Lyceum ML] zaepupno","2026-09-07 13:08:53",465.9,2,daniilgoryushin
6727,16838460,"Yash Vardhan","2026-09-08 07:39:50",465.7,2,poruskapil1
6728,16786101,Cai0Emanuel,"2026-08-29 01:11:51",465.6,1,cai0emanuel
6729,16670155,Kiznaiver,"2026-08-23 14:27:19",465.5,2,kiznaiver
6730,16844010,"Nori Miya","2026-09-06 15:17:38",465.4,2,norimiya
6731,16811454,"Zakaria Taouil","2026-09-07 16:11:13",465.3,2,ztaouil
6732,16809943,"A Rook","2026-09-03 19:06:08",465.2,2,rookcastle
6733,16759239,SunYaoXi,"2026-08-27 09:32:42",465.1,2,sunyaoxi
6734,16654401,ChronoForensics,"2026-08-08 17:26:11",465.1,2,ryanwollmuth
6735,16773194,NgNhan3110,"2026-08-27 09:36:17",465.0,2,ngnhan3110
6736,16659919,"SILVISTON EMMANUEL","2026-08-06 06:51:55",465.0,2,silvistonemmanuel
6737,16658520,drownedsnake,"2026-08-05 01:03:22",464.9,2,makerplay
6738,16853371,JIAWEILI0001,"2026-09-10 05:05:16",464.7,2,jiaweili0001
6739,16690793,"MOHAMMAD ALRASHED","2026-08-08 18:33:34",464.7,2,mohammadalrashed
6740,16692373,"Ornevis Montero","2026-08-20 01:59:43",464.7,2,ornevisbolaosmontero
6741,16765863,MADUPU.SRINIDHI,"2026-09-05 10:31:08",464.6,2,madupusrinidhi
6742,16757135,Agrihand,"2026-09-02 15:00:23",464.5,2,mayur756
6743,16855836,"Srinivasan Raghavan","2026-09-08 18:07:38",464.4,1,srinivasan1812
6744,16694330,"Jack Way","2026-08-10 11:48:42",464.4,2,jackway05
6745,16661194,"Sandeep Vanapalli","2026-08-04 15:37:06",464.3,2,mrleaf
6746,16886856,爱上帝的小熊猫,"2026-09-13 16:01:59",464.1,2,xuefengxie
6747,16786264,"THISHA S","2026-09-06 06:53:09",464.0,2,thishas
6748,16795330,"Alejandro Villacampa","2026-09-02 17:32:11",463.9,2,avillacampa
6749,16729522,all-coder,"2026-08-16 17:55:08",463.9,2,allcoder
6750,16667601,"Audrius Molis","2026-08-27 19:30:39",463.8,2,vienas
6751,16664558,"Praneeth Annapureddy","2026-08-05 04:52:45",463.7,2,praneethannapureddy
6752,16661360,"Jasper Jiss","2026-08-13 18:45:37",463.6,2,jasperjiss
6753,16776824,"Manuel Santiago Atencio","2026-09-09 21:24:06",463.5,2,manuelsatencio
6754,16778886,"Sandeep Das","2026-08-31 09:48:37",463.2,2,sandypos
6755,16660343,"Mert Olgun899","2026-08-05 13:05:07",463.0,2,mertolgun899
6756,16731790,"A random farmer","2026-08-18 02:19:53",463.0,1,hinatatokuda
6757,16707437,"Ivan Plekhanov","2026-08-11 12:03:11",463.0,1,nnob0dy
6758,16852845,quantumgeek,"2026-09-12 06:54:58",462.9,2,yk1598
6759,16804902,"aitahmed amina","2026-09-08 16:15:15",462.8,2,aitahmedamina
6760,16690698,posty_melek,"2026-08-15 05:06:40",462.7,2,srisaraswati
6761,16684031,"Phillip Kamundia","2026-08-14 20:35:15",462.6,2,phillipkamundia
6762,16670090,"Gianpaolo Nettis","2026-08-24 08:42:07",462.5,2,rakes7
6763,16659520,"Play Code","2026-08-05 14:28:00",462.4,2,codenya
6764,16633097,"Matheus Bonjour Laviola da Silva","2026-08-02 11:08:21",462.4,2,matheusbonjour
6765,16655783,KonaKonaz,"2026-08-04 09:36:57",462.0,2,konakonaz
6766,16743015,"Sword's Frost","2026-09-04 00:53:30",462.0,2,alexwilliam7
6767,16698141,Zippo,"2026-08-16 05:44:18",461.8,2,gagemerrick
6768,16780783,priscilamaria5363,"2026-08-28 15:10:15",461.7,2,priscilamaria5363
6769,16786450,fujii,"2026-09-13 05:07:38",461.6,2,kojisoemi
6770,16784731,Alfred,"2026-09-06 13:27:19",461.5,2,holleyalfred
6771,16728414,"Pedro Caycho","2026-08-16 12:40:26",461.4,1,pjcc1123
6772,16717671,Jeremy,"2026-09-13 19:58:00",461.4,2,lukeenness
6773,16663040,"BARBARA GASKINS","2026-08-12 01:08:47",461.2,2,barbaragaskins
6774,16878353,"Hongbin Gu","2026-09-13 11:35:11",461.1,2,guhongbin
6775,16729086,samanyu,"2026-08-23 10:13:11",461.0,2,samanyu1808
6776,16772803,"Linneu Holanda","2026-09-11 00:03:53",461.0,2,linneuholanda
6777,16677524,"Phúc Phạm","2026-08-07 20:16:24",461.0,2,phucpham77
6778,16692782,"Andres Regino","2026-08-23 20:26:03",460.9,2,andresregino
6779,16663658,oriolgalceran,"2026-09-06 05:02:09",460.9,2,oriolgalceran
6780,16669170,AsadUsmanFAST,"2026-08-05 22:37:33",460.8,2,asadusmanfast
6781,16656627,"Soykot Podder","2026-08-14 05:39:06",460.7,2,diptopodder
6782,16677166,Spectrobot,"2026-08-08 11:11:46",460.6,2,spectrobot
6783,16624414,"Chaitanya Jamble","2026-07-31 05:42:10",460.3,1,chaitanyajamble
6784,16662133,"Ding Lifeng","2026-08-29 08:20:49",460.3,2,dinglifeng
6785,16884148,mengxc410,"2026-09-13 04:36:23",460.1,2,mengxc410
6786,16659558,Ayuroshbo,"2026-09-09 06:24:53",460.0,2,ayuroshbo
6787,16621572,"Abdulazeez AbdulMumeen","2026-08-05 10:59:27",459.9,2,ayobeen
6788,16682906,Masiki,"2026-09-05 13:55:54",459.7,2,blackseed
6789,16668093,Sai_Dattu,"2026-08-07 07:35:01",459.5,2,saidattu2003
6790,16659658,"Tim Wong","2026-08-06 02:02:30",459.4,2,wai0186
6791,16742149,"Ankith Savio","2026-09-09 13:16:09",459.2,2,weedoo
6792,16664352,"Shreyash Asati","2026-08-06 10:40:56",458.9,1,shreyashasati
6793,16713723,"Jyot Buch","2026-08-12 23:09:41",458.8,2,jyotbuch
6794,16823197,Cowabunga,"2026-09-08 05:49:30",458.8,2,ameripreye
6795,16623712,Dapp,"2026-08-03 23:09:19",458.7,2,lgloria
6796,16696271,"Neeta Sanjay Gajabi","2026-08-09 14:48:42",458.2,2,neeta2574
6797,16699633,Nafmo,"2026-08-11 17:10:53",458.1,2,nafmo2
6798,16700627,"Benedict Ebito Boyubie","2026-08-10 11:03:38",458.0,1,bboyubie
6799,16677047,LINOXYR,"2026-08-15 13:13:58",458.0,2,linoxyr
6800,16725065,"Maxim Smirnov","2026-08-15 13:21:05",458.0,2,smirnoffmg
6801,16692618,"Ali Zakaee","2026-08-09 10:13:02",457.7,1,itheequalizer
6802,16727219,"Chukka Venugopalam","2026-09-13 02:58:48",457.6,2,chukkavenugopalam
6803,16662910,"shoryakumar mishra","2026-09-13 20:40:24",457.4,2,shoryakumarmishra
6804,16716636,"Mahamane Lawaly","2026-08-13 10:22:51",457.4,1,mahamanelawaly
6805,16659080,VENKY,"2026-08-07 17:22:03",457.3,2,venkateshthatha
6806,16692128,gibocx,"2026-08-10 18:10:34",457.3,2,gibocx
6807,16712259,geqiulin,"2026-08-13 04:46:11",457.3,2,geqiulin
6808,16773032,fecrescencio22,"2026-09-02 21:07:10",457.1,2,fecrescencio22
6809,16706790,"Stas Chereshkevich","2026-08-19 12:23:33",457.1,2,staschereshkevich
6810,16719460,"Amon #2","2026-08-15 12:40:41",457.0,2,ezjameng
6811,16625434,"Chirapathleo Saelim","2026-09-08 08:40:06",457.0,2,chirapathleosaelim
6812,16669703,AnubhavBhadani142,"2026-08-15 06:32:19",456.8,2,anubhavbhadani142
6813,16634060,"Chí Thành Đỗ","2026-08-02 05:11:58",456.6,2,chithanhdeptrai
6814,16872182,yxxchh,"2026-09-11 13:18:38",456.5,1,yxxchh
6815,16729996,"Michael Roust","2026-08-18 16:09:56",456.2,2,michaelroust
6816,16656579,"Riad Rayhan","2026-08-15 06:40:35",456.0,2,riadrayhan
6817,16726948,Stitch,"2026-09-13 14:52:43",455.9,2,mitsuaccessjam
6818,16658500,"abhinav rai1","2026-08-18 17:24:56",455.8,1,abhinavrai1
6819,16734096,"Cem Ali Görmez","2026-09-06 10:48:37",455.6,2,cemaligrmez
6820,16858543,"Fakhar Mustafa","2026-09-10 05:07:39",455.6,2,fakhar90
6821,16726285,Dhananjay,"2026-08-15 18:48:20",455.5,2,dhananjaylakkawar
6822,16671665,"Kobata Sota","2026-08-06 07:17:03",455.4,1,kobatasota
6823,16735206,"Shiyal Kishan","2026-08-20 04:01:28",455.2,2,shiyalkishan01
6824,16705510,"Palak Choudhary","2026-08-11 07:12:44",455.2,2,palak2564
6825,16641513,"Sameer Chakravedi","2026-08-15 16:06:11",455.1,2,sameerchakravedi
6826,16798347,"Mr Michael Chung","2026-09-12 02:55:50",455.1,2,mrmichaelchung
6827,16658521,"Vishal Dhariwal","2026-08-08 11:43:36",455.0,2,user412
6828,16716002,"Preethi Gnanaprakasam","2026-08-14 09:10:46",454.9,2,preethignanaprakasam
6829,16863551,"Fady Mohammed","2026-09-13 09:49:11",454.5,2,fadymagdy
6830,16799023,"Alkava Ind","2026-09-12 09:30:18",454.5,2,alkavaind
6831,16663871,"Iyed Djebbi","2026-08-07 09:25:07",454.4,2,iyeddjebbi
6832,16707331,"Simon Ziegs","2026-08-23 22:54:11",454.4,2,simonziegs
6833,16661751,"Shailaja J","2026-08-12 14:51:15",454.3,1,shailajaj
6834,16658678,"Manav Aghera","2026-09-06 18:16:28",454.3,2,manavaghera
6835,16656989,Crunchex,"2026-08-29 10:52:11",454.3,2,"asmo04,chinmaysoni48,codencry"
6836,16792630,Vipluv1,"2026-09-04 20:32:56",454.3,2,vipluv1
6837,16668241,"Shreyansh Kanotra","2026-08-08 19:56:15",454.0,2,shreyanshkanotra
6838,16670634,"Narayan Sharan","2026-09-12 06:55:27",453.7,2,narayansharan
6839,16785932,"Thomas Yi","2026-09-04 00:33:06",453.6,2,tyyslashd
6840,16840641,"Yukar Fu","2026-09-11 21:50:27",453.5,2,yukarfu
6841,16660455,"Alex Kapend","2026-08-05 08:42:26",453.5,2,alexkapend
6842,16698029,"Meet Vachhani","2026-08-10 18:34:55",453.3,2,meetvachhani7
6843,16735177,shilpa.rpns,"2026-08-22 04:57:10",453.2,2,shilparpns
6844,16660990,"Bunny Tang","2026-09-10 14:33:23",453.1,2,tanghung64
6845,16706184,"Lingaraju Saikumar","2026-08-16 11:51:34",453.0,2,lingarajusaikumar
6846,16661014,manu,"2026-08-16 04:45:12",452.9,2,manupandit
6847,16652661,"Petru-Mihai Craciun","2026-08-05 14:55:07",452.6,2,petrumihaicraciun
6848,16714240,"The Shovel","2026-08-26 03:21:18",452.6,2,"astapasta0,qotqat"
6849,16659269,"Bedirhan Dinçer","2026-08-10 20:26:46",452.4,2,bedirhandiner
6850,16706054,"ErrorX Info","2026-08-20 11:30:03",452.4,2,"errorxinfo,shyampatel47"
6851,16664129,"Mr M 8641","2026-08-06 18:57:45",452.2,2,mrm8641
6852,16696993,healer2408,"2026-08-15 07:10:57",452.0,2,healer2408
6853,16664004,"Me, Myself, and I","2026-08-11 03:57:46",451.9,2,notlunarxd
6854,16706843,"yh z","2026-08-11 09:32:56",451.7,1,yhz123456
6855,16832891,"Kana Kuroyanagi","2026-09-10 05:23:29",451.6,2,kanakuroyanagi
6856,16669945,"Turab Zaidi","2026-08-07 13:27:44",451.6,2,turabzaidi
6857,16672292,"KARTIKEY PANWAR","2026-08-06 05:46:16",451.5,2,kartikeypanwar
6858,16664044,IntentionalSayshara,"2026-09-05 14:45:02",451.0,2,jaelle
6859,16859368,"Emmanuel King Christopher","2026-09-09 23:31:24",450.8,1,emmanuelkingchris
6860,16717420,"Muhammad Yasir Sarwar","2026-08-13 14:40:09",450.7,2,muhammadyasirsarwar
6861,16857491,cherish_zhang,"2026-09-10 09:09:54",450.6,2,cherishzhang
6862,16676205,"Alhassan Fedawy","2026-08-14 17:15:07",450.5,2,alhassanfedawy
6863,16802750,"[Deleted] fafa60dd-8026-43cc-b656-34ca4625ef7d","2026-09-01 12:22:13",450.5,1,del=e2a734cecd171934
6864,16845679,"Wenhai Tang (raisin)","2026-09-07 03:33:14",450.4,1,wenhaitangraisin
6865,16665647,hr15de,"2026-08-28 10:00:50",450.4,2,hr15de
6866,16668095,Menna_Allah_Samy12,"2026-08-15 15:04:56",450.2,2,mennaallahsamy12
6867,16666447,"Shuaib ayad Jasim Jasim","2026-08-06 20:51:47",450.0,2,shuaibayadjasimjasim
6868,16639764,CortexExplorer,"2026-08-23 13:03:06",449.8,2,cortexexplorer
6869,16750435,"Oleksandr Zalievskyi","2026-08-23 18:34:59",449.6,2,sashaworker
6870,16775069,JWlKIM,"2026-08-26 23:22:43",449.6,2,jwlkim
6871,16702200,"ANGAD JANGIR","2026-08-11 02:01:38",449.5,2,angadjangir
6872,16878695,"Yang Lv","2026-09-12 22:14:46",449.5,2,lvyang199888
6873,16797029,phospholipid,"2026-09-13 14:21:08",449.4,2,phospholipid0614
6874,16841816,JasonDTao,"2026-09-13 17:12:06",449.4,2,jasondtao
6875,16633786,tuannm3812,"2026-08-28 08:00:42",449.2,2,tuannm3812
6876,16683761,"Chiefmen749 Aris","2026-08-10 07:42:42",449.2,2,saysplayz
6877,16661786,Nagaraju,"2026-08-10 01:53:04",448.9,2,orugantn
6878,16719679,ZhiruiLuo,"2026-08-25 15:52:57",448.7,1,zhirluo
6879,16778939,"Stepan Antonov","2026-08-27 07:59:30",448.5,1,stepanantonov
6880,16663259,erush,"2026-09-08 03:16:44",448.4,2,erushia
6881,16883962,"Ilakk manoharan","2026-09-13 03:27:14",448.1,2,ilakkmanoharan
6882,16717912,"Anu Kumari","2026-08-13 18:03:07",448.1,1,anuk16020
6883,16747782,"Muhammad Agam Febryan","2026-08-29 18:22:04",448.1,2,muhammadagamfebryan
6884,16681655,"Tae seong Gim","2026-08-14 14:14:10",448.1,2,taeseonggim
6885,16734601,sweetlesson,"2026-08-18 00:40:55",448.0,2,sweetlesson
6886,16713061,Yuk!,"2026-08-16 10:59:12",447.2,2,mitsuyukiokamura
6887,16683390,Christopher34,"2026-08-08 00:20:59",447.2,2,christopher34
6888,16847224,peiyingtok,"2026-09-12 14:19:53",447.0,2,"cwy0904,jasonchao89,jaspersooks,makomek,peiyingtok"
6889,16827781,c1626343198,"2026-09-04 14:50:37",446.7,2,c1626343198
6890,16632855,Shreyash_Automation,"2026-08-21 00:06:49",446.5,2,shreyashautomation
6891,16721942,"Daniel Rodriguez Bothe","2026-08-18 16:57:00",446.4,2,danielrodriguezbothe
6892,16662985,DanTheDataScienceMan,"2026-08-05 17:40:06",446.3,1,danthedatascienceman
6893,16754552,Touyu,"2026-09-09 18:55:09",446.3,1,yutoaoki
6894,16663804,"Fredy Meyer","2026-08-05 20:19:51",446.0,2,alexmeyerm
6895,16695521,"Chen Ken","2026-09-07 16:32:18",445.8,2,nuty
6896,16726765,"Ali Al-Killidar","2026-08-16 09:47:37",445.8,1,alialkillidar
6897,16792685,李明,"2026-08-31 00:46:42",445.7,2,liming2026good
6898,16659939,"Mouafak Dakhlaoui","2026-09-05 13:26:34",445.6,2,sharmoul
6899,16663815,"Tetsuya Sasaki","2026-09-05 00:00:30",445.4,2,sasakitetsuya
6900,16768578,"Patrick Lzz","2026-08-25 02:56:30",445.3,2,patricklzz
6901,16644765,MoeCode,"2026-09-12 16:46:28",445.3,2,syrianeagle
6902,16865650,Azhi,"2026-09-10 09:02:01",445.3,1,azh1sdad
6903,16857747,shaoxw,"2026-09-11 17:00:11",445.3,2,shaoxw
6904,16715404,"karthik reddy","2026-09-04 01:34:50",445.1,2,karthikreddyp
6905,16633984,"Mongkhon Hatit","2026-08-04 11:58:56",445.1,2,mongkolhatit
6906,16696959,"Joe Filfli","2026-08-11 10:47:03",444.9,2,joefilfli
6907,16666878,aaronykchen,"2026-08-17 15:06:13",444.9,2,aaronyukuchen
6908,16661966,Rocket,"2026-08-29 18:05:35",444.8,2,"aarchie4,nick16541,siddharthdongardive"
6909,16786351,"Pradeep P","2026-09-04 05:27:36",444.8,1,pradeeppuranam
6910,16675215,"Viljen Apalset Vassbø","2026-08-06 22:24:44",444.7,2,viljenapalsetvassb
6911,16848309,"Angela Wu","2026-09-09 03:56:03",444.7,1,angelawurx
6912,16653429,mktdev,"2026-08-10 12:19:54",444.6,2,mktdev
6913,16697396,"Collective Win","2026-08-18 05:10:12",444.6,2,collectivewin
6914,16686796,"Harinath Reddy A","2026-08-23 21:23:45",444.2,2,harynath
6915,16708409,toshiconner,"2026-08-12 06:30:06",444.1,2,toshiconner
6916,16662646,"Jay Parsana","2026-08-09 18:07:10",443.9,2,jay051
6917,16726882,"Albert Yu","2026-08-17 00:01:53",443.8,2,yukinying
6918,16623582,yunsuxiaozi,"2026-08-01 13:59:57",443.7,2,yunsuxiaozi
6919,16660073,"Mahad Kakooza","2026-09-06 20:30:18",443.7,2,mahadkakooza
6920,16793657,Xin_T,"2026-08-30 16:48:11",443.4,1,xint666
6921,16676256,"Kotaro Nakamura","2026-08-11 22:18:41",443.1,2,kotaroma
6922,16735012,"Shuvam Swapnil Dash","2026-08-28 19:56:48",443.0,2,"shashwatmandal,shuvamswapnildash"
6923,16702980,GCSudarshanReddy,"2026-08-15 17:32:06",443.0,2,gcsudarshanreddy
6924,16712633,"Andy Andy","2026-08-13 08:11:38",442.7,2,andy3373
6925,16670464,halfpintcider,"2026-09-10 14:38:52",442.6,2,"amoghdeshpande2021,visspric7"
6926,16630020,"Piotr Gabrys","2026-08-09 16:53:59",442.6,2,piotrekga
6927,16723301,mayukistarry,"2026-08-15 02:20:13",442.5,2,mayukistarry
6928,16671773,"Sawyer Lundberg","2026-08-07 03:33:23",442.2,2,sawyerlundberg
6929,16847947,"Phongwit Sri","2026-09-13 12:05:38",442.1,2,phongwitsri
6930,16879532,kiwamizamurai,"2026-09-12 21:03:55",442.1,2,kiwamizamurai
6931,16797045,"Carl Pang","2026-09-08 23:21:35",441.4,1,carlpang
6932,16656156,"Kshitij aucharmal","2026-08-06 04:35:27",441.3,2,narutoaucharmal
6933,16799224,"Tian Yan666","2026-09-03 14:48:42",441.3,2,tianyan666
6934,16655316,Nader,"2026-08-10 14:49:21",441.2,2,naderamin
6935,16665040,"Arnav Yashlaha","2026-08-05 05:44:26",441.1,2,arnavyashlaha
6936,16629201,"GUILLERMO REY PANIAGUA","2026-08-01 16:41:58",440.9,2,guillermoreypaniagua
6937,16662726,"Juan Carlos González Aguilar","2026-08-14 19:54:48",440.8,2,juancg
6938,16761148,Deku,"2026-08-23 13:36:57",440.5,1,piyushsharma5654
6939,16713557,kaggri-kal-chal,"2026-09-08 08:32:30",440.5,2,"nainikaanish,shrivastavaaryan"
6940,16660923,naganikshith,"2026-08-06 08:01:09",440.4,2,naganikshith
6941,16662589,"Arunagirinadan Sudharshan","2026-09-06 07:07:50",440.1,2,sudhanaruna
6942,16725957,"Ayman Tarig Mohammedosman Elgadi","2026-08-24 02:57:16",440.1,2,aymantarig17
6943,16742009,"Mutyam kavyanjali","2026-08-19 10:25:06",440.1,1,mutyamkavyanjali
6944,16691704,"Rahman Aliyev","2026-09-10 17:59:57",440.0,2,rahman4li
6945,16748500,stimmie,"2026-08-30 16:11:56",439.9,2,stimmie
6946,16664406,"MURDER GOOSE","2026-08-05 09:45:33",439.7,2,ujjwalar
6947,16655820,"Cory Tortorici","2026-08-08 15:20:42",439.4,2,corytortorici
6948,16675340,"SHAURYA SHARMA","2026-09-03 00:57:48",439.4,2,shauryas555
6949,16729155,WangZihao5649,"2026-08-24 02:32:08",439.4,2,wangzihao5649
6950,16666873,"linli duan","2026-08-12 15:06:42",439.3,2,linliduan
6951,16884028,"Jayden Y","2026-09-13 15:26:49",439.1,1,jy0810
6952,16621518,jaccobian,"2026-08-29 08:11:50",438.9,2,harshraj22
6953,16632841,AGG,"2026-09-05 18:33:20",438.7,2,aleixgim
6954,16758987,"Irtaza Ahmed Khan","2026-09-08 06:38:25",438.6,2,yrrebeere
6955,16864670,"Takahiro Cho","2026-09-10 04:55:10",438.5,1,takahirocho
6956,16630896,OpenBuilder,"2026-08-08 12:09:06",438.5,2,weijunguo
6957,16684776,"D Rithika","2026-08-10 18:36:30",438.4,2,drithika
6958,16657574,harikrishnacs,"2026-08-04 12:28:53",438.4,2,harikrishnacs
6959,16693255,"Carlos Hideo Yamaguchi","2026-08-10 00:59:12",438.3,2,carloshy
6960,16663055,jainish_d24ce180,"2026-08-10 13:54:40",438.3,2,jainishshah35
6961,16715033,"Colton Byers","2026-08-17 10:41:50",438.3,2,coltonbyers
6962,16880393,flower_s,"2026-09-13 15:44:30",438.2,2,flower244140625
6963,16632503,"Wei Hsiang Lin111","2026-08-01 07:42:33",437.7,2,weihsianglin111
6964,16757351,SaiVenkatesh,"2026-09-05 10:30:00",437.6,2,nothingnew
6965,16658051,SethuMadhavan004,"2026-08-09 09:38:27",437.4,2,sethumadhavan004
6966,16665152,"Ahmed Karim","2026-08-17 11:32:15",437.3,2,versusic
6967,16675385,Apex🦾,"2026-08-14 18:00:17",437.3,2,"raghadabdullara,renadahmadalamri,zzainh"
6968,16736432,"Sarthak #2","2026-08-18 12:33:53",437.0,2,srthkdixit
6969,16666132,andres555,"2026-08-28 14:36:21",436.9,2,"andres555,violalin"
6970,16657712,"samuel job Adeola ","2026-09-04 23:18:57",436.9,2,samueljobadeola
6971,16768262,"Brayan Miranda G","2026-08-26 19:40:15",436.8,2,brayanmirandag
6972,16623503,"D Mohith","2026-08-01 01:06:22",436.6,2,dmohith
6973,16802028,Dong,"2026-09-11 03:53:23",436.5,2,protostar
6974,16805621,"DIVYANSH KUMAR SINGH CHAUHAN","2026-09-02 04:04:53",436.4,2,capdiv
6975,16732395,"Nikita Antonov","2026-08-23 08:33:03",436.4,2,nantonov
6976,16661990,"Olaoluwa Abiodun","2026-08-05 14:57:07",436.4,2,laoluwaa
6977,16675043,malibu_orange,"2026-09-05 13:27:13",436.2,2,malibuorange
6978,16774921,"conor lowth","2026-08-28 10:46:42",436.1,2,conorlowth
6979,16660317,esgranja,"2026-08-04 18:58:48",435.8,1,esgranja
6980,16665228,Jason_Qian,"2026-08-05 16:00:43",435.8,2,jasonqia
6981,16725349,"Saj Patel","2026-08-15 21:55:42",435.7,2,sajpatel15
6982,16757336,Stevejustin,"2026-08-31 04:18:31",435.7,2,stevejustin
6983,16623054,"Max Bond ABE","2026-08-15 22:43:34",435.5,1,maxbondabe
6984,16811013,"Sara Vahidestakhri","2026-09-03 00:32:07",435.1,1,saravahidestakhri
6985,16702935,"Defne Demir","2026-08-11 18:27:36",435.0,2,defnedemir
6986,16808233,"Yash Hingane","2026-09-04 12:53:43",435.0,2,yashhingane
6987,16709337,"Chris Turnbull","2026-08-11 22:15:57",434.9,2,christurnbull
6988,16750931,"Antonio Rotundo","2026-08-27 12:52:58",434.8,2,antoniorotundo2
6989,16685615,Spectra,"2026-08-07 16:14:32",434.7,2,thomaskressig
6990,16663976,"wangyang denis","2026-08-12 06:26:08",434.6,2,wangyangdenis
6991,16716589,"Shaik Adilazeez","2026-08-13 09:29:44",434.6,1,shaikadilazeez
6992,16634911,onlytimeknows,"2026-08-22 12:31:11",434.5,2,onlytimeknows
6993,16685904,KavYaHD,"2026-08-10 13:02:45",434.5,2,kavyahd
6994,16665966,aj000,"2026-09-11 09:21:27",434.4,2,anishjagdaleaj
6995,16660531,greySnow,"2026-09-10 23:39:09",434.4,2,shlomoron
6996,16666596,"Daumas Benjamin","2026-09-03 10:05:38",434.3,2,daumasbenjamin
6997,16659018,"Ramziddin Toxirov","2026-08-11 04:58:03",434.3,2,ramziddintoxirov
6998,16668368,"Waleed Hasan","2026-08-12 01:42:22",433.9,2,whasan
6999,16719296,Mr.TtT_Games,"2026-08-14 04:58:39",433.8,2,mrtttgames
7000,16796102,yiliang,"2026-08-31 12:55:20",433.7,2,yilianglv
7001,16668331,"Maitreya Mohapatra","2026-09-10 20:52:30",433.6,2,maitreyamohapatra
7002,16763523,"Nam Khánh Lê","2026-09-02 06:28:44",433.6,2,"khanhss,khimbodoi"
7003,16854266,もふもふ神,"2026-09-12 16:26:42",433.5,2,mohumohukami
7004,16798974,huangbin,"2026-09-13 04:55:48",433.5,2,huangbin1
7005,16666479,"Prajwal Nivangune","2026-08-09 18:33:51",433.3,2,prajwalnivangune
7006,16738441,"Moritz Huber","2026-08-30 21:00:10",433.1,2,moritzhuber
7007,16669434,"Saugat Kannojia","2026-08-07 11:45:47",433.0,2,saugatkannojia
7008,16671913,res67,"2026-08-07 16:22:30",432.9,2,junyeanyap
7009,16728945,"Suryansh Kulshreshtha","2026-09-01 14:39:14",432.6,2,"busyfellow,suryanshkulshreshtha"
7010,16721530,revv0o,"2026-08-15 13:58:34",432.5,2,revv0o
7011,16699436,"Oluwaseun O Adeya","2026-08-23 01:22:24",432.4,2,oluwaseunoadeya
7012,16716702,"majjati khalid ","2026-08-19 14:12:32",432.4,2,khalidma
7013,16664818,"B M Dimpu Shree","2026-08-21 10:51:22",432.3,2,bmdimpushree
7014,16826555,AioRaito,"2026-09-07 00:30:20",432.3,2,aioraito
7015,16638953,"Joe Young","2026-08-03 19:23:13",431.8,2,jsphyg
7016,16726168,"Shrey Modi","2026-08-15 19:42:14",431.8,2,shreymodi2
7017,16751979,"Sasha Sam","2026-08-27 20:02:46",431.8,2,sashasam
7018,16876642,Gruberx,"2026-09-13 20:08:24",431.6,2,gruberx
7019,16728394,"Aisultan Davletkan","2026-08-16 13:01:38",431.2,1,aisdav
7020,16668522,"Moatez Litaiem","2026-08-06 16:57:54",431.1,2,moatezlitaiem04
7021,16723411,CaZen,"2026-08-15 10:48:16",431.0,2,cathzwah
7022,16759765,"Ososanwo Idris Olaitan","2026-09-11 18:38:06",431.0,2,ososanwoidrisolaitan
7023,16656951,"[Deleted] 6015b650-8e16-4705-8036-db40bdd2d353","2026-08-04 09:08:05",430.9,1,del=084ea76838ad756b
7024,16669168,"Kingsley Jide","2026-08-31 21:30:18",430.7,2,kingsleyjide
7025,16663104,Sohan,"2026-08-23 14:42:40",430.6,2,sohansinghrawat
7026,16760377,"Yuxuan Qian","2026-08-29 23:45:28",430.6,2,yuxuanqian
7027,16738351,"Haidar Faruqi","2026-08-25 05:00:00",430.4,2,haidarfaruqi
7028,16753895,Andrew98,"2026-08-22 13:10:58",430.4,2,vitem98
7029,16639916,BloomBerry,"2026-08-12 12:38:31",430.4,2,kagglepalandata
7030,16729351,vlad.shorodok,"2026-08-16 18:05:09",430.2,2,vladshorodok
7031,16762837,Nagamatsur,"2026-09-12 07:40:57",430.2,2,rihitonagamatsu
7032,16843082,"Mohmed Hafez","2026-09-13 04:48:36",430.1,2,mohmedatya
7033,16749272,giraffeneck,"2026-09-10 16:31:53",429.9,2,yamajin
7034,16634016,"Adrien Thomas","2026-09-13 16:40:18",429.9,2,adrienthomas
7035,16712906,"Sharad Garg","2026-08-13 14:54:43",429.8,2,sharadgarg
7036,16777612,"zebra G","2026-08-27 15:46:59",429.7,1,zebrag
7037,16660413,Ritesh-2006,"2026-08-21 10:21:53",429.5,2,ritesh2006
7038,16841826,抵扣豆浆,"2026-09-12 08:10:56",429.5,2,tootough
7039,16657054,"ömer umut güngör","2026-08-05 06:10:22",429.2,2,merumutgngr
7040,16700685,"Preeti Dhotmal","2026-08-27 11:25:29",429.1,2,preetidhotmal
7041,16660697,"Dannis Wong11","2026-09-09 10:07:46",428.9,2,danniswong11
7042,16790615,"Suryansh Vashisth","2026-08-31 10:38:54",428.4,2,songoku2005
7043,16663286,"Fan Wang","2026-08-10 21:12:40",428.3,2,wangfan420
7044,16758681,"Sahil suman","2026-08-26 16:26:13",428.2,2,gruntingtorch
7045,16759916,"Jeevith G","2026-08-23 06:58:50",428.1,2,jeevithg090
7046,16723779,Matheubern,"2026-09-07 02:24:32",428.0,2,matheubern
7047,16654175,abhiv142,"2026-08-11 13:22:03",427.8,2,abhiv142
7048,16644023,"Yiğit Efe Albaş","2026-08-02 18:34:39",427.8,1,yiitefealba
7049,16727022,Saharkh99,"2026-09-01 00:18:26",427.8,2,saharkh99
7050,16858944,Ashish_G_A,"2026-09-10 20:54:56",427.6,2,ashishga
7051,16655891,"Yukihito Ikoma","2026-08-27 03:55:41",427.5,2,yikoma
7052,16744018,"ZK Adam","2026-08-27 17:40:04",427.5,2,zkadam
7053,16766274,"Satwato Dey","2026-09-12 13:04:10",427.4,2,satwato
7054,16663258,sawe,"2026-08-05 17:07:24",427.3,2,boiihhh
7055,16743032,"Sabarishvar S S","2026-09-03 17:49:08",427.3,1,sabarishvarss
7056,16678298,"RITIK CHAUDHRY","2026-08-10 13:34:35",427.1,2,ritikchaudhry13
7057,16701064,KMishra011,"2026-08-20 20:30:34",427.1,2,kmishra011
7058,16705640,"Dongre Laxman","2026-08-12 12:36:29",426.9,2,dongrelaxman
7059,16664512,oggyiu,"2026-09-01 07:46:10",426.9,1,oggyiu
7060,16751796,"Leo Pallorina","2026-08-23 14:06:17",426.8,2,lelelsp
7061,16701713,"Максим Хованский","2026-08-10 14:35:38",426.8,1,yeezynaizi
7062,16825489,"Monishwar S","2026-09-06 17:28:12",426.7,1,monishwar2718
7063,16726052,"Peter Mugoya","2026-08-27 04:32:50",426.7,2,petermugoya
7064,16662896,"Adrian Dubois","2026-09-12 22:49:02",426.5,2,adriandubois
7065,16665470,KanakoS,"2026-08-18 13:13:58",426.3,2,kanakos
7066,16667615,"Zayd Mulani","2026-08-08 23:05:57",425.9,2,zaydmulani
7067,16623631,SeaEag1e,"2026-07-31 06:26:17",425.8,1,seaeag1e
7068,16664514,"Henry Adjanor tetteh","2026-08-12 00:43:41",425.8,2,henryadjanortetteh
7069,16840626,"Christopher Márquez","2026-09-12 22:23:02",425.5,2,christophermrqz1174
7070,16868576,DarkhanShakhan,"2026-09-10 21:09:34",425.4,2,darkhan1991
7071,16671670,"Karla Ziegler","2026-08-08 21:14:37",425.3,2,karlaziegler
7072,16790718,"Carlos Alves","2026-09-02 04:29:42",425.2,2,carlosone
7073,16669164,コノウイ,"2026-09-11 14:50:18",425.1,2,nickhu0414
7074,16623528,"Faijur Rahaman","2026-08-20 09:40:07",425.1,2,faijurrahaman
7075,16661659,"Ivan Zagorulko","2026-08-05 10:53:13",425.0,2,normaldaki278
7076,16807636,"Liu Panfeng","2026-09-05 00:30:20",424.8,2,liupanfeng
7077,16829367,"quant park","2026-09-05 07:55:05",424.8,2,quantpark
7078,16728839,Mharfe,"2026-09-06 23:26:08",424.7,2,mharfe
7079,16851939,"Naoya Mieno","2026-09-11 06:19:02",424.6,2,naoyamieno
7080,16808646,"Yimeng Wang","2026-09-08 06:33:38",424.6,2,yimengwang0814
7081,16783050,"Charles Chen","2026-09-07 06:24:21",424.4,2,charles2580
7082,16657520,"Joel De la Cruz Fuertes","2026-08-12 16:33:48",424.3,2,joeldcf
7083,16686954,"Davie Mdumuka","2026-08-09 19:40:56",424.2,1,daviemdumuka
7084,16675462,bkcoban,"2026-08-07 18:22:48",424.2,2,bkcoban
7085,16663981,"Steven Pun","2026-08-07 01:59:52",424.2,2,stevenpunn
7086,16656023,JD_Mello,"2026-09-06 01:41:52",424.1,2,jdmello
7087,16675232,"Rafif Ariq Rabbani","2026-08-27 19:37:32",423.8,2,rafifariqrabbani
7088,16698570,MurphyIIVan,"2026-08-10 03:35:41",423.7,2,murphyiivan
7089,16623135,mohduwaishchaudhary,"2026-07-30 22:05:45",423.7,2,muwaish5
7090,16671911,"Dwi Eflatino","2026-08-16 10:44:17",423.7,2,eflatino
7091,16690197,"Ankit Kushwaha_06","2026-08-18 08:10:12",423.7,2,ankitkushwaha06
7092,16726616,9Hash,"2026-08-19 19:08:01",423.5,2,hashimrazi
7093,16887274,Shakeel,"2026-09-13 18:50:50",423.1,2,shakeel787
7094,16732041,"Vallapu Nandini","2026-08-17 10:22:47",423.1,1,nandinivallapu
7095,16780101,jjjhoon,"2026-08-28 04:04:26",423.0,2,jjjhoon
7096,16637342,SupremeWarrior108,"2026-09-13 07:19:15",422.5,2,supremewarrior108
7097,16631609,dlougen,"2026-08-04 16:40:03",422.0,2,dlougen
7098,16716657,"Jasti Phani","2026-08-19 08:38:00",421.9,1,jastiphani
7099,16658366,kuroneko,"2026-08-04 10:43:29",421.9,2,kurorosuke
7100,16757017,"William Green","2026-09-05 01:33:23",421.8,1,dskswu
7101,16694497,Kawai,"2026-08-23 18:33:10",421.7,2,"lavendermoon19,sumitwod"
7102,16806475,sohma,"2026-09-03 10:43:46",421.7,1,hi210278
7103,16660515,"pooja sandali","2026-08-08 05:51:03",421.6,2,poojasandali
7104,16696716,MatiasMG,"2026-09-13 14:53:04",421.4,2,matiasmgonzalez
7105,16676397,Rohan_Joshi6404,"2026-08-13 13:58:56",421.3,2,rohanjoshi6404
7106,16659459,"Akandé Philippe ABIODOUN","2026-08-06 11:58:09",421.1,2,vrmelo
7107,16638019,Randynho,"2026-09-03 18:18:13",421.0,2,randynho
7108,16678819,"Digant Kathiriya","2026-08-07 02:07:51",421.0,2,digantkathiriya
7109,16834632,casua132,"2026-09-05 07:56:17",420.9,1,casua132
7110,16784400,K_DHEERAJ_11,"2026-08-31 02:58:38",420.9,2,kdheeraj11
7111,16662079,"Farrukh Hussain","2026-09-08 11:36:07",420.8,2,farrukhhussai
7112,16654258,"Ashray Bagde","2026-08-13 08:13:00",420.6,2,ashrayaaaaa
7113,16666944,"Meghnath S","2026-08-11 01:56:22",420.6,2,meghnaths
7114,16774592,"Oliad Dandana","2026-08-27 09:28:20",420.5,2,olidan
7115,16658535,khanna.rohit5,"2026-08-10 05:00:31",420.4,2,khannarohit5
7116,16660287,BhatNasir,"2026-08-04 16:29:18",420.2,2,nasir94
7117,16630662,Akshatjhawar777,"2026-08-05 12:18:30",420.1,2,akshatjhawar777
7118,16661453,"Disleve Kanku","2026-08-14 15:32:51",420.0,2,dislevekanku
7119,16658498,cheesama,"2026-08-04 23:36:18",419.9,2,cheesama
7120,16656902,"Ram Chandra Gupta","2026-08-05 10:18:41",419.6,2,ramchandra142
7121,16661633,"Joseph Garcia","2026-08-19 16:28:08",419.6,2,josephpgar
7122,16883859,"Carlos Daniel Polanco","2026-09-13 04:46:30",419.5,1,carlospolanco00
7123,16809998,chzCharbs,"2026-09-03 17:38:24",419.3,2,chzcharbel
7124,16659588,"Priya J","2026-08-14 05:57:46",419.3,2,priyaj21
7125,16768174,lambdap,"2026-09-06 13:25:29",419.3,2,lambdap
7126,16710244,Bytemindd,"2026-08-26 10:20:45",418.9,2,"daisy023,sruthikanv,thasneemj,uthayanandhini,vajraparameswari"
7127,16690029,Nitesh_Prajapati2569,"2026-08-18 08:12:30",418.9,2,niteshprajapati2569
7128,16662089,"Alonso Gallego Pacho","2026-08-27 13:27:36",418.8,2,alonsogallegopacho
7129,16667759,"Nafis Fuad Shahid","2026-08-05 19:21:39",418.6,2,nafisfuadshahidd
7130,16757338,Dewakaran,"2026-08-22 05:34:35",418.5,1,dewakaran
7131,16710428,"Mansi Aggarwal","2026-09-13 15:30:53",418.5,2,mansiaggarwal88
7132,16669218,"Shaik Sabiya","2026-08-12 09:15:22",418.4,2,shaiksabiya55
7133,16763400,"Parth Sarnobat","2026-09-11 15:02:38",418.3,2,parthsarnobat
7134,16688381,"Teresa Fitzgerald","2026-09-13 21:02:07",418.3,2,teresafitzgerald
7135,16705401,"Nguyen Hong","2026-09-11 15:45:21",418.1,2,nguyenhongbubu
7136,16711374,Jascha,"2026-08-13 11:22:30",418.1,2,lippja
7137,16721615,"Dai Dai","2026-09-08 07:59:14",418.1,2,jumpingdaidai
7138,16639727,"Andres Mohali","2026-08-13 23:03:25",418.0,2,mohax3
7139,16657545,"Deepak Singh","2026-08-11 13:50:31",417.5,2,vihaannegi
7140,16763938,"joel paul","2026-08-26 02:05:07",417.3,2,joelpaulf
7141,16670475,Adib,"2026-08-06 02:02:27",417.1,2,adibemohamed
7142,16761319,Yuvraj,"2026-08-23 07:29:44",417.0,1,yuvrajkr01
7143,16658202,"SNAEHATH P","2026-08-06 13:51:15",416.9,2,snaehath
7144,16818498,"AARYAN VISHAL","2026-09-07 11:53:23",416.7,2,aaryanvishal
7145,16839457,HugoLee_dreamer,"2026-09-10 23:31:54",416.7,1,hugoleedreamer
7146,16695627,"Xu Lou","2026-08-09 13:01:23",416.5,2,xuxiaozhou666
7147,16885346,"Michael Handal","2026-09-13 16:23:03",416.5,1,michaelhandal
7148,16855885,"Shinonome Seiga","2026-09-10 05:10:04",416.4,1,shinonomeseiga
7149,16707987,"Big Balls Entertainment","2026-08-12 10:18:24",416.3,2,"pavivin,semenkolesnikov"
7150,16684225,"Aum Savaliya","2026-08-10 20:10:02",416.2,2,aumsavaliya
7151,16670188,orivael,"2026-08-05 21:20:17",416.1,2,orivael
7152,16715912,"Hiroshi Sakiyama","2026-08-14 13:22:19",416.1,2,hiroshisakiyama
7153,16662081,Ayush_Bhaskar_25323010,"2026-08-08 19:49:56",416.0,2,ayushbhaskar25323010
7154,16662319,ethan.ai,"2026-08-13 18:16:35",416.0,2,ethanai
7155,16809202,amano,"2026-09-03 13:44:49",415.5,2,amanoshotaro
7156,16655997,tanatet8,"2026-09-05 11:00:05",415.5,2,tanatet8
7157,16689970,"Константин Паращук","2026-08-08 09:15:08",415.4,1,kangchenxi
7158,16729874,"Shane Schisler","2026-09-08 03:08:31",415.3,2,seschis
7159,16780915,"Aravind S","2026-08-29 18:04:47",415.1,2,aravind20061981
7160,16706257,dlv,"2026-08-13 11:11:14",415.1,2,ducott1
7161,16875657,"Валерия Захарова","2026-09-12 23:53:56",415.1,2,melomanpanda
7162,16658391,"Jack #2","2026-09-13 07:13:43",415.0,2,jack1233
7163,16660489,"Luca Lullo","2026-08-05 20:21:38",414.9,2,lucalullo
7164,16752444,zama,"2026-08-25 04:31:12",414.9,2,zamami
7165,16871722,agenlu,"2026-09-13 20:50:11",414.7,2,agenlu
7166,16715416,"Md. Adnan","2026-09-11 21:26:30",414.1,2,mdadnan96
7167,16784030,"Pooja Gera","2026-09-02 15:10:47",414.1,2,poojagera00
7168,16630772,"Mitsuhiro Iizuka","2026-08-04 10:31:00",414.0,2,mitsuhiroiizuka
7169,16779823,"Jean Dem","2026-08-31 12:38:41",413.9,2,jeandem
7170,16638704,"Lee Yen Fei","2026-09-01 03:31:45",413.9,2,leeyenfei
7171,16665988,"Ronel maamoc","2026-08-31 09:37:13",413.8,2,ronelmaamoc
7172,16712796,"Kumar Saurabh","2026-09-11 09:02:40",413.5,2,bakakaka
7173,16661717,"Yaswanth Ippili","2026-08-06 11:32:13",413.4,2,yaswanthippili
7174,16831074,BiNar,"2026-09-13 19:57:08",413.3,2,durbinar
7175,16735307,"Ayush Dhabsa_real","2026-09-10 09:13:50",413.1,1,ayushdhabsareal
7176,16701885,"Mehdi L.","2026-08-13 13:41:14",413.1,2,lmehdi
7177,16716299,Biwaaa67,"2026-08-13 19:57:06",413.1,1,biwaaa67
7178,16691790,"Akshay Sawant","2026-08-08 19:33:14",413.1,2,akshaysawant8983
7179,16719603,"sravan Tirumala","2026-08-14 03:05:43",413.1,1,sravantirumala
7180,16882021,"lucas honoratodesouza","2026-09-13 16:42:29",412.9,2,lucashonoratodesouza
7181,16777871,嵇禄lugent,"2026-09-01 00:00:35",412.8,2,lugent
7182,16676726,"Manaswi Bansal","2026-08-16 06:28:05",412.7,2,manaswibansal
7183,16884997,"Le Huy Tuong","2026-09-13 13:33:12",412.7,2,lehuytuong
7184,16696939,"Keaton Zang","2026-08-10 21:24:20",412.5,1,keatonzang
7185,16689877,Amr_Said1233,"2026-08-08 08:48:28",412.4,1,amrsaid1233
7186,16622943,"Erwin Huizenga","2026-09-06 15:04:57",412.1,2,erwinh
7187,16796572,"Phan Van Hieu ","2026-08-31 14:23:03",412.1,2,phnvnh
7188,16831179,"Andrey Baranov","2026-09-10 15:10:38",412.0,2,baranov
7189,16793944,"Grupo 808","2026-08-30 22:36:59",411.9,1,grupo808
7190,16659720,Project_Kurukshetra,"2026-08-16 05:01:34",411.9,2,"chaitanyaterli05,lavanyayandapalli"
7191,16716585,"tejaswini kakollu","2026-08-13 09:12:37",411.9,1,tejaswinikakollu
7192,16849620,rgbweston,"2026-09-07 18:00:17",411.7,1,rgbweston
7193,16729669,HYPEREUCLIDEAN,"2026-08-19 07:47:48",411.7,2,hypereuclidean
7194,16758093,_student,"2026-08-23 22:21:25",411.6,2,drvtalan
7195,16690299,"EL GORRIM MOHAMED","2026-09-01 10:59:10",411.6,2,elgorrimmohamed
7196,16750743,"Nagimov Timur","2026-08-20 21:10:30",411.6,2,nagimovtimur
7197,16664401,"Pranav Premchand","2026-08-05 03:07:24",411.6,1,pranavpremchand
7198,16669229,"Kayvan Sinha","2026-08-11 15:23:35",411.4,2,kayvansinha
7199,16729708,msmsuman,"2026-09-06 11:11:45",411.4,2,msmsumanmuskan
7200,16681441,"Lamiaa Al-bdrani","2026-08-07 04:25:50",411.3,1,lamiaaalbdrani
7201,16660929,ttkk,"2026-08-12 16:39:58",411.1,1,optimavia
7202,16625418,"Hariprasanth Paranjothy","2026-08-01 05:52:19",411.1,2,hariprasanth8
7203,16674278,"Niels de Gier","2026-08-07 15:57:04",411.0,2,nielsdegier
7204,16802866,"Antonio Di Cecco","2026-09-01 18:37:02",410.9,1,antdic
7205,16770270,"salthiel nishimwe","2026-08-25 10:45:23",410.8,2,salthielnishimwe
7206,16640810,まさやん,"2026-08-12 15:22:53",410.7,2,masayam1234
7207,16749503,ally,"2026-08-23 11:48:49",410.7,2,phamngoclinh
7208,16667987,"Kunj Kansara","2026-08-05 13:41:26",410.6,1,kunjkansara
7209,16691891,"Gagan Thakur","2026-08-16 04:36:51",410.6,2,gaganthakur2006
7210,16658304,"KETHAVATH Aadarsh","2026-08-05 21:00:45",410.6,2,kethavathaadarsh
7211,16691565,"Blu cky","2026-08-09 19:13:27",410.3,2,llmdablucky
7212,16706516,"Mohit Khade13","2026-08-26 16:03:22",410.3,2,mohitkhade13
7213,16759225,"Andrea Jordan Paro","2026-08-24 11:24:14",409.9,2,andreajordanparo
7214,16657438,"Udit Aggarwal1","2026-08-08 19:09:27",409.7,2,uditaggarwal1
7215,16747544,OliverYip,"2026-08-25 06:01:07",409.7,2,oliveryip
7216,16709179,"SATENDRA SINGH","2026-09-09 15:39:20",409.4,2,satendrasingh9876
7217,16708896,"Alberto Scinetti","2026-08-13 19:18:11",409.3,2,albertoscinetti
7218,16690812,zhangkai_0121,"2026-08-09 01:40:21",409.2,2,zhangkai0121
7219,16624879,indira,"2026-07-31 06:52:02",409.0,2,inansia
7220,16885124,"LABHESH YAWALKAR","2026-09-13 07:45:34",408.5,1,labheshyawalkar
7221,16770085,AllenCheng329,"2026-08-25 10:05:43",408.2,1,allencheng329
7222,16679850,AryaGarg23,"2026-08-09 03:33:14",407.9,2,aryagarg23
7223,16705300,T3485D5T,"2026-09-03 08:20:18",407.8,2,"danijelbilalli,t3485d5t"
7224,16669102,Ritik,"2026-08-07 18:11:13",407.8,2,xritikx
7225,16689344,"Shalini Gangrade","2026-08-09 13:17:30",407.8,2,shalinig1
7226,16741746,"Ahmed Harfoush","2026-08-19 09:47:45",407.6,1,ahmed1harfoush
7227,16717679,mureee,"2026-09-10 05:46:33",407.6,2,"hosyan3279,mureee54"
7228,16768884,z y f 007,"2026-08-31 05:39:35",407.5,2,zyf007
7229,16662964,"Tim Ogilvie","2026-08-13 13:18:59",407.5,2,timogilvie
7230,16732340,"BJ Kim","2026-08-19 15:17:16",407.4,2,doitdoit80
7231,16697627,abinandhan03,"2026-09-01 10:38:15",407.4,2,abinandhan03
7232,16786328,"DanishGW School","2026-09-02 03:50:19",407.0,2,danishgwschool
7233,16839419,"Gunratna borkar","2026-09-05 23:32:33",406.9,2,gunratnaborkar
7234,16808705,Danielaijdkx,"2026-09-03 11:29:34",406.6,1,danielaijdkx
7235,16658227,Gugu888,"2026-08-14 04:27:57",406.6,2,gugu888
7236,16658960,"Amit Kumar","2026-08-06 05:44:30",406.5,2,anmitkumar
7237,16653006,"anthony mbadiwe ikeme","2026-08-18 09:08:02",406.3,2,anthonymbadiweikeme
7238,16722122,Abhas20,"2026-08-19 10:02:51",406.2,2,abhas20
7239,16805176,"Hritvika Tawde","2026-09-13 11:22:46",405.8,2,hritvikatawde
7240,16794302,bettta11,"2026-09-04 23:25:27",405.5,1,bettta11
7241,16714425,sileza,"2026-08-13 12:57:35",405.5,1,azelis
7242,16790076,Jessewudao,"2026-09-04 16:54:58",405.4,1,"jessewudao,zongruixie"
7243,16882081,Aabualella,"2026-09-13 00:58:37",405.4,1,aabualella
7244,16666257,"Shijian Wen","2026-08-06 09:40:44",405.2,2,shijianwen
7245,16807538,Asterope,"2026-09-10 04:59:25",404.4,2,jianlee0
7246,16638938,Light&Thunder,"2026-08-09 06:39:19",404.3,2,yerne39
7247,16730589,山谷知輝,"2026-09-02 02:03:05",404.3,2,tomokiyamaya
7248,16660852,"K VISHALINI","2026-08-13 06:59:27",404.2,2,kvishalini
7249,16661276,Middle,"2026-09-13 05:00:55",404.2,2,aydagul
7250,16796474,"Chaitanya Mundhe ","2026-09-13 12:27:10",404.1,2,chaitanyamundhe
7251,16693087,osprey2k,"2026-09-09 02:34:27",404.1,2,osprey2k
7252,16738335,"Xuzhou Dong","2026-08-20 14:39:16",403.8,2,xuzhoudong
7253,16735580,"Dhiya Nachimuthu","2026-08-30 06:13:38",403.8,2,dhiyanachimuthu
7254,16784379,超级陆战队,"2026-08-29 14:43:33",403.6,2,luyi61227
7255,16772511,"Max Gläser","2026-08-26 23:39:34",403.4,1,maxglser
7256,16628521,arai9953,"2026-08-24 22:46:57",403.3,2,arai9953
7257,16666216,missss,"2026-08-06 06:49:00",403.2,2,missssb
7258,16731832,jackee777,"2026-09-10 18:23:16",403.0,2,jackee777
7259,16727326,AhmedMousaHassan2510,"2026-08-17 12:56:01",402.9,2,ahmedmousahassan2510
7260,16734431,"Maxwell Herron","2026-08-19 02:06:34",402.8,2,maxwellherron
7261,16716488,"Will Henderson290","2026-08-14 13:27:25",402.5,1,willhenderson290
7262,16624935,"Anjana mohan","2026-08-01 06:06:39",402.4,2,anjanamohan13
7263,16662162,"THE predict","2026-08-13 21:18:25",402.4,2,vikaspal505
7264,16653728,"Iswar Patra","2026-09-01 02:46:09",402.3,2,iswarpatra
7265,16673009,CruelShow,"2026-09-13 10:36:40",402.2,2,cruelshow
7266,16747683,"Jianyu Lin","2026-08-27 13:05:05",402.0,1,jianyulin1999
7267,16696384,Sisu16,"2026-08-13 20:13:27",401.8,2,sisu16
7268,16844262,"S Aishvarya","2026-09-09 18:18:59",401.5,2,saishvarya
7269,16681209,AgenticBuilder,"2026-08-13 18:44:29",401.3,2,gau2112
7270,16677804,"Pravin Takpire","2026-08-11 08:17:51",400.8,2,pravintakpire
7271,16727480,MSAM,"2026-09-07 13:43:02",400.5,2,arashdeepsinghmaan
7272,16755264,wsdsby,"2026-08-21 15:16:42",400.5,2,wsdsby
7273,16723569,"Trishanth Mellimi","2026-08-15 07:09:55",400.5,2,trishanthmellimi
7274,16856809,"Mateusz Kuzniar","2026-09-08 22:14:50",400.1,2,mateuszkuzniar
7275,16716670,"Aremanda Yasaswini","2026-08-13 09:27:46",400.0,1,aremandayasaswini
7276,16695479,Anandhasabesan,"2026-08-09 13:50:37",399.9,1,anandhasabesan
7277,16664454,"Naga Vinay Avvaru","2026-08-05 07:04:44",399.9,2,anagavinay
7278,16668523,Bumblerrr,"2026-08-06 19:46:02",399.8,2,bumblerrr
7279,16783870,郭一贤,"2026-08-29 07:22:41",399.8,2,guoyixian2
7280,16850232,"Kharchenko Bogdan","2026-09-09 18:57:16",399.7,2,kharchenkobogdan
7281,16773858,"Kundan Kumar","2026-09-12 08:08:12",399.6,2,edkundan
7282,16758192,"Dev Monk","2026-08-29 14:03:22",399.5,2,devmonk63
7283,16731616,"Mohamed Aashik 24","2026-09-03 18:45:33",399.3,2,mohamedaashik24
7284,16660228,"Ochuwa Pearl Isa","2026-08-06 09:29:36",399.1,2,pearlisa
7285,16855738,"Anuj Gupta","2026-09-09 07:38:48",399.0,2,anuj6540
7286,16726569,"Andrey Balvaneda","2026-08-17 20:59:45",398.6,2,andreybalvaneda
7287,16675900,"Pranav Advani","2026-08-23 14:43:09",398.4,2,pranavadvani
7288,16791546,fatimakhlid,"2026-09-10 21:00:33",398.4,2,fatimakhlid
7289,16785676,Bilal11122,"2026-08-29 08:15:46",398.0,1,bilal11122
7290,16779769,"Pravin jeyavel","2026-09-10 15:13:50",397.8,2,pravinjeyavel
7291,16663990,"OURNO PAPA SALIF","2026-08-07 23:18:43",397.8,2,belfiremine
7292,16759115,chabinhwang,"2026-08-22 14:33:59",397.7,1,chabinhwang
7293,16770758,"Maor talker","2026-08-26 20:18:59",397.3,2,maortalker20
7294,16715097,"Yusuf Yavuz","2026-08-13 00:25:40",397.1,1,yusufyavuzz
7295,16728897,kaba777,"2026-09-06 10:13:56",397.1,2,kaba777
7296,16634352,"sovit karki","2026-08-12 17:21:13",397.0,2,sovitkarki
7297,16857871,SHP123SHP,"2026-09-10 03:20:57",397.0,2,shp123shp
7298,16733318,"Anuj Bolewar","2026-08-18 11:11:01",396.9,2,anujbolewar
7299,16674012,ahankesumah,"2026-08-16 07:34:05",396.8,2,ahankesumah
7300,16656860,SamReiswig,"2026-09-02 04:04:09",396.8,1,sreiswig
7301,16831875,"Hamza Mughrabi","2026-09-06 19:10:53",396.6,2,hamzamughrabi
7302,16879477,liuzewen123,"2026-09-12 08:30:28",396.5,1,liuzewen123
7303,16673583,"Priyanshu Jha","2026-08-16 08:10:08",396.5,2,codewithjha
7304,16695177,"Ajith Bagali","2026-08-15 12:23:37",396.4,2,ajithbagali
7305,16733886,LuisMV8,"2026-09-12 17:01:10",396.3,2,luismv8
7306,16764608,messibeatgravity,"2026-08-24 05:34:05",396.3,1,messibeatgravity
7307,16675093,"Nikhil Srivastava","2026-08-15 08:47:12",396.1,2,nikhilsrivastavark
7308,16661002,"Eliyas sk","2026-09-02 12:32:51",396.0,2,eliyassk
7309,16671532,"Yuri Nakayama","2026-08-13 11:34:55",395.8,2,yurinakayama
7310,16735593,"timur tytrin","2026-08-18 07:37:46",395.7,2,timurtiutrin
7311,16657883,jps,"2026-08-06 08:36:04",395.7,2,jahaziel
7312,16793385,"Rishav Utkarsh","2026-09-08 05:49:38",395.6,2,rishavutkarsh
7313,16670257,RonitKhanna333,"2026-08-12 12:22:11",395.5,2,ronitkhanna333
7314,16665959,"Lourenz Baliber","2026-08-18 00:34:06",395.5,1,lourenz
7315,16702771,n_samii,"2026-08-14 01:20:08",395.5,2,nsamii
7316,16671512,"Darren Grendi","2026-08-10 00:38:51",395.4,1,darrengrendi
7317,16638383,"Yunus Emre Sarıduman","2026-08-12 12:57:08",395.4,2,emresariduman
7318,16633475,betagammashtrit,"2026-08-29 16:24:03",395.4,2,betagammashtrit
7319,16668268,"Kunal Rout","2026-08-06 05:48:25",395.3,2,charlotte26
7320,16664064,lookapmaka,"2026-08-10 17:19:05",395.1,2,lookapmaka
7321,16882077,telep,"2026-09-13 18:14:56",395.0,2,vitaliypyvovar1
7322,16658512,fatariq,"2026-08-10 21:18:35",394.7,2,fatariq
7323,16660294,"Mohamed Amadu Bangura","2026-08-04 16:14:07",394.6,1,mohamedamadubangura
7324,16657063,"those how","2026-08-04 07:50:57",394.5,2,thosehow
7325,16799743,"Luc Tellier","2026-09-05 08:31:17",393.9,1,luctellier
7326,16628404,theken,"2026-08-09 12:19:19",393.9,2,theken
7327,16663674,"Mason Mahar","2026-08-30 04:00:17",393.5,2,masonmahar
7328,16655555,Bharath2411,"2026-09-03 07:14:26",393.5,2,bharath2411
7329,16848262,Philedo,"2026-09-12 14:33:59",393.4,2,philedo
7330,16704985,"Ethan Marchisano","2026-08-24 21:36:54",393.4,2,ethanmarchisano
7331,16761784,"Ghaith Kammoun","2026-08-24 21:19:54",393.3,2,ghaithkammoun
7332,16641330,"Takuya Yoshimi","2026-08-04 05:16:22",393.2,2,tkyysm
7333,16693098,broken_gpu,"2026-08-30 10:07:27",393.0,2,brokengpu
7334,16685625,"silvan ion","2026-08-08 13:05:39",392.9,2,john1one
7335,16638343,"Phong Khoi","2026-08-04 12:20:52",392.8,2,phongkhoi
7336,16732355,"Nagesh gite","2026-09-06 07:44:05",392.7,2,"kuberb,nageshgite,vasugupta1121"
7337,16640901,"Kian Maghsoodi","2026-08-20 23:01:51",392.6,2,kizmodo
7338,16677761,"Rithuraj Nambiar","2026-08-06 18:11:41",392.5,2,rithurajnambiar
7339,16655689,花朝,"2026-08-05 04:10:02",392.3,2,xhxyyds
7340,16705696,"TS Farmer","2026-08-13 11:22:09",392.1,2,"shivangkainth,tusharsekhri27"
7341,16731108,"Vipparla Nandini","2026-08-17 06:29:48",392.0,1,vipparlanandini
7342,16689286,"Telman Yusifov","2026-08-09 07:08:46",391.9,2,yusifovtelman
7343,16867132,"Dilara Adıgüzel","2026-09-13 19:56:17",391.3,2,dilaraadgzel
7344,16778127,Nimmokumar,"2026-09-11 13:37:45",391.2,1,nimmokumar
7345,16682342,"Jebez Oswald","2026-08-10 05:38:15",391.2,2,jebezoswald
7346,16624990,"Tanjim Ahmed Kingshu","2026-08-02 07:05:52",391.2,2,tanjimahmedkingshu
7347,16679904,"Joshua Bensemann","2026-09-12 12:08:09",391.2,2,qazcat
7348,16658882,"toukali samir","2026-08-07 13:43:05",391.1,2,toukalisamir
7349,16634720,Thiyo,"2026-08-18 11:51:04",391.0,2,thimirajayasekara
7350,16685412,Praveen8775,"2026-08-25 20:24:00",390.9,2,praveen8775
7351,16656608,"Jeffrey Dilley","2026-08-04 15:40:08",390.8,1,jeffreydilley
7352,16658367,"Prachii Sonii","2026-08-31 17:28:45",390.7,2,prachiisonii
7353,16686411,NeoCodes.Dev,"2026-08-23 23:53:10",390.7,2,neocodesdev
7354,16666334,UnderBlade,"2026-08-05 09:56:11",390.6,2,"athillazaidan,kurtmikhael"
7355,16677470,"Saish Walavalkar02","2026-08-09 12:44:51",390.6,2,"harichaudhari1,kaiserjayin,meetramjiyani,nirbhaygajabi30,saishwalavalkar02"
7356,16664450,"Fritz Adelbertus","2026-08-10 01:13:44",389.9,1,fritzadelbertus
7357,16866482,"Sunday Ibidapo","2026-09-10 21:46:49",389.9,1,sundayibidapo
7358,16639624,"Nishanth Rajan","2026-08-02 03:25:35",389.7,2,nishanthrajandev
7359,16666958,TinkerBotics,"2026-08-05 20:29:19",389.4,2,salosojaedwin
7360,16681638,aadi_065_,"2026-09-09 15:04:32",389.4,2,aadi065
7361,16658219,"Deepesh Pankaj","2026-08-15 05:58:07",388.9,2,deepeshpankaj
7362,16662791,"Shiva Neshan yuva","2026-08-15 18:39:16",388.6,2,shivaneshanyuva
7363,16668141,"Soichiro Mochizuki","2026-08-07 22:13:36",388.5,2,soichiromochizuki
7364,16689017,"Mounica Challa","2026-09-09 23:45:17",388.5,2,mounicachalla
7365,16733007,"Not Found","2026-08-17 16:32:16",388.5,4,"ammarkhan05,zainabirfanansari"
7366,16670387,"Oracle69 AI","2026-09-12 00:48:38",388.4,2,princeadewaleadewumi
7367,16665400,FieldOps,"2026-08-10 16:16:03",388.2,2,sycpr1me
7368,16710241,"Julien Serbanescu","2026-08-12 14:32:50",388.2,2,julienserbanescu
7369,16717797,"patan hashmi","2026-08-13 15:02:52",388.1,1,patanhashmi
7370,16881479,GG,"2026-09-13 11:27:34",387.8,2,ggroth
7371,16726381,"Adriana Redondo","2026-08-15 19:39:41",387.5,1,adrianaredondo
7372,16669516,GorgeousCookie,"2026-08-06 09:17:13",387.1,2,axellindqvist
7373,16714166,"Naman Malik","2026-09-12 00:06:39",387.0,2,"adenijielijah,anapau11,marydata,namanmalik81714"
7374,16658286,"Jatin Gujarathi","2026-09-03 08:43:39",386.9,2,jatingujarathi
7375,16625770,"Đức Trung Trần","2026-08-24 11:01:33",386.8,2,ctrungtrn
7376,16794153,"harshita harshita","2026-08-31 17:47:11",386.7,2,harshitaharshitaaaa
7377,16685207,"Koushik Thummu","2026-08-07 18:15:47",386.6,2,koushikthummu
7378,16867865,"ADITYA RAJ","2026-09-13 08:16:10",386.5,2,adityaraj2026yp
7379,16685164,cleanledger,"2026-08-07 13:38:23",386.4,2,cleanledger
7380,16696419,detectivseb,"2026-08-12 10:34:45",386.4,2,detectivseb
7381,16794285,Penelope.pnlp,"2026-09-01 15:38:43",386.4,2,penelopepnlp
7382,16758663,"Light In","2026-08-22 19:18:51",386.3,2,lightin45
7383,16691027,"Jelle Maas","2026-08-08 14:58:19",386.1,2,jellemaas
7384,16652230,BorisSpider,"2026-08-13 11:34:46",386.0,2,borisspider
7385,16656932,"Thivvin Raj","2026-08-13 03:53:35",386.0,2,thivvinraj
7386,16661095,"AAYUSHMAAN PATEL","2026-08-09 08:16:53",385.9,2,aayushmaanpatel
7387,16688364,"Om Raval08","2026-08-21 02:57:23",385.9,2,omraval08
7388,16643278,"Giovani Moresco","2026-08-06 05:30:45",385.8,2,giovanimoresco
7389,16803129,hdttnk,"2026-09-02 14:13:00",385.8,2,hdttnk
7390,16673310,dffzno1,"2026-08-14 01:44:55",385.7,2,joyzip
7391,16667105,"Vikram Tiwari","2026-08-10 11:12:26",385.7,2,vikramtiwari
7392,16630007,"Yuankun Liu","2026-07-31 15:48:13",385.6,2,lyk1652
7393,16691753,"Jan Moilanen","2026-08-09 12:02:17",385.6,2,janmoilanen
7394,16692825,"Saad Arain","2026-08-09 12:27:08",385.4,2,saad451
7395,16654213,"Hojin Jang","2026-08-20 09:59:20",384.8,2,hojinjang
7396,16668286,"Sabari V","2026-08-15 14:38:41",384.7,2,sabari112005
7397,16660899,"Clarence Trinidad","2026-08-07 17:53:59",384.7,2,claree007
7398,16755029,"Jashan Bajwa","2026-08-22 12:56:30",384.5,2,jashanbajwa
7399,16722757,"Sebastian Adamatzky","2026-08-14 19:10:23",384.5,2,sebastianadamatzky
7400,16629742,yun,"2026-08-15 09:10:21",384.4,2,yuyumarupython
7401,16750666,"Mitali Yadav","2026-09-11 00:07:21",384.1,2,mitaliyadav18
7402,16796468,suin7328,"2026-09-05 02:05:08",383.9,2,suin7328
7403,16677950,"Rounak Laddha","2026-08-15 01:47:41",383.9,1,rounakladdha
7404,16655737,Dharshini,"2026-08-08 15:00:05",383.8,2,dharshini1812
7405,16656919,Sumaiya,"2026-09-09 18:09:44",383.8,2,ayeshasummaiyya
7406,16654947,"Ömer Hüseynov","2026-08-08 22:06:03",383.7,2,omarhuseynov
7407,16690098,"Akshay Kashyap","2026-08-10 17:10:28",383.5,2,akshaykashyapakku
7408,16637762,"Greek olive oil","2026-08-09 19:56:48",383.3,2,alexanderchar
7409,16740197,Winssk,"2026-08-27 01:55:06",382.9,2,winssk
7410,16641665,huangjunjia,"2026-08-04 14:12:26",382.9,2,huangjunjia777
7411,16630524,"Omprakash Patra","2026-09-07 07:45:34",382.7,2,omprakashpy
7412,16773370,"Nishant #1","2026-08-26 06:11:42",382.6,1,nishanttomar110
7413,16684677,"Sean Southwick","2026-08-27 14:45:32",382.6,2,seansouthwick
7414,16661476,slowpoke,"2026-08-29 16:33:07",382.4,2,banboyechristains
7415,16709754,"Simon Preuss","2026-08-12 16:39:55",382.4,2,simonpreuss01
7416,16668673,"kyran sinha","2026-08-14 14:21:34",382.0,2,kyransinha
7417,16841549,"Ayush Kumar #4","2026-09-06 03:30:02",381.9,2,akyushumar
7418,16739447,"Jacob Stambaugh","2026-08-19 17:53:29",381.8,2,jacobstambaugh
7419,16681188,"Tresor Mufalme.","2026-08-08 09:29:05",381.3,2,tresormufalme
7420,16667177,"Raunak Phull","2026-08-10 11:14:44",381.0,2,raunakphull4
7421,16668431,"Harshpreet Singh #2","2026-08-06 01:06:28",380.8,1,harshpreetsingh45
7422,16670565,"Grant Biellak","2026-08-05 22:52:01",380.7,2,grantbiellak
7423,16666577,"Jatin khandelwal112","2026-08-05 11:26:41",380.6,2,jatinkhandelwal112
7424,16669176,"Karakam Sridevi","2026-08-11 07:44:48",380.4,2,karakamsridevi
7425,16662197,"Zehra Basaral","2026-08-07 10:42:57",380.0,2,zehrabaaral
7426,16757236,"Erlanda Miko P","2026-08-23 07:02:01",380.0,2,snneva
7427,16662267,"Fahim Montasir","2026-08-10 16:15:10",380.0,2,fahimmontasir
7428,16735393,Dai_Research,"2026-08-18 10:40:17",379.9,2,dairesearch
7429,16870467,wentingyun,"2026-09-11 10:21:01",379.8,1,wentingyun
7430,16721948,ziszim,"2026-08-26 14:38:30",379.7,2,ziszim
7431,16728261,"Smit Deshaval","2026-08-24 17:44:12",379.6,2,smitdeshaval11
7432,16662577,"Shreyash Suryawanshi","2026-09-02 19:42:31",379.6,2,shreyashsuryawanshi
7433,16679392,Dickie,"2026-08-09 09:05:10",379.3,2,dickieho
7434,16673167,Karam96,"2026-08-08 11:40:36",379.3,2,karam96
7435,16694575,"Aloise Mutune","2026-09-13 14:59:53",379.2,2,aloisemutune
7436,16769491,"Ivan Ternovskiy","2026-09-07 08:44:15",379.1,2,aristophanivan
7437,16796834,"Harsh Gupta #2","2026-09-09 19:20:48",378.7,2,harshgupta0415
7438,16656946,"Sambit Padhan","2026-08-05 10:10:10",378.5,2,sambitpadhan
7439,16670724,"Neel Patel","2026-08-14 19:33:43",378.4,2,n33lpat3l
7440,16673825,h_jun,"2026-08-10 06:21:12",378.3,1,lhjoon77
7441,16723273,"Bradley ZODOME","2026-08-19 07:06:18",378.1,2,bradleyzodome
7442,16725177,misaka12435,"2026-09-13 05:32:15",378.1,2,misaka12435
7443,16778526,starkhushi,"2026-08-27 07:01:28",378.1,2,starkhushi
7444,16716594,"U Anand Williams","2026-08-13 09:19:09",377.8,1,uanandwilliams
7445,16670988,"Pavle Skoric","2026-08-21 21:34:32",377.5,1,pavleskoric
7446,16801437,"Koh Saito","2026-09-05 06:01:20",377.5,1,kohsaito
7447,16860003,"Aatif Sayyad","2026-09-10 21:31:13",377.4,2,aatifsayyad
7448,16622097,"Garrick C.P.","2026-08-10 18:12:06",377.4,2,garrickchinnis
7449,16689349,"Adunola Abdulrahman","2026-08-10 17:38:47",377.3,2,adunolaabdulrahman
7450,16771216,"Hugo Ponce","2026-08-25 17:54:30",377.3,2,hugoskn
7451,16668159,ABDELGHANY,"2026-08-12 11:04:36",377.0,2,abdelghanyrageh
7452,16717447,zhiyue666,"2026-09-10 09:01:07",376.6,2,zhiyue666
7453,16711497,"Korvi sai kumar","2026-08-13 08:02:21",376.1,1,korvisaikumar
7454,16659260,hitesh,"2026-08-05 19:29:28",375.8,2,shahhs
7455,16674725,"rajan jha","2026-08-13 12:05:42",375.7,2,rajan1673
7456,16885604,"Shashank Kalled","2026-09-13 11:13:50",375.6,1,"shashankkalled,tridiv14"
7457,16730060,"Enzo Pio","2026-08-21 16:44:03",375.5,2,enzopio
7458,16716322,zhaimh,"2026-08-14 02:43:21",375.4,2,zhaimh
7459,16656135,"JAYASURYA R","2026-08-05 15:43:01",375.0,2,suryar261
7460,16690947,"Veiled Star","2026-08-10 13:36:49",375.0,2,veiledstar
7461,16665996,AVATAR3905,"2026-08-06 18:14:01",375.0,2,avatar3905
7462,16695592,"André Luiz Pedroso","2026-08-09 11:59:19",375.0,1,andreluizpedroso
7463,16723047,"Matheus Finger","2026-09-11 19:15:11",374.9,2,matheusfinger
7464,16747403,"Kanchan Chavan","2026-09-12 17:46:56",374.8,2,momovedant
7465,16629476,NOOBS,"2026-08-09 19:58:48",374.7,2,"patelkrishna8,sakshamranawade,shravanideshpande25"
7466,16666275,HeatS33ker,"2026-08-15 14:37:36",374.6,2,byronokou
7467,16680015,"Khôi Trương","2026-08-10 01:11:55",374.4,1,kiykhoi
7468,16779805,"Ákos Blaschek","2026-09-01 17:21:44",374.4,2,kosblaschek
7469,16724976,Soham,"2026-08-18 11:28:07",374.3,2,soham308
7470,16696439,VaraPrabha,"2026-08-10 04:36:00",374.1,2,galiveetipoornima
7471,16716497,xpxg,"2026-08-16 17:04:22",373.9,2,deepxchat
7472,16640067,"minghao mei","2026-08-02 09:57:29",373.9,1,minghaomei
7473,16706276,MitulbhBhatia,"2026-08-18 04:02:38",373.8,2,mitulbhbhatia
7474,16652805,"Rodrigo Batista da Silva","2026-08-13 13:35:19",373.8,2,eurodrigobatista
7475,16701060,"Paula Jimenez","2026-08-22 16:18:37",373.4,2,paulajimenez
7476,16690077,"GOMATHI PRIYA","2026-08-13 06:38:45",373.2,2,gomathipriyaraj22
7477,16662854,"NISCHAY SANJAY JIWANKAR 23115098","2026-08-13 05:38:18",373.2,2,nischay2908
7478,16634219,"Michael J Hammel","2026-08-01 11:37:10",373.1,2,michaeljhammel
7479,16667959,"Fourth Quadrant","2026-09-11 16:09:51",373.0,2,flynnfei
7480,16786280,Shambhavi21,"2026-09-06 17:20:56",372.9,2,shambhavi21
7481,16709299,"Divyanshu Choudhary","2026-09-04 13:13:32",372.8,2,divyanshuchoudhary25
7482,16659688,Daniel,"2026-08-05 12:21:37",372.6,2,danielyazgi
7483,16702742,"Kavyanshu Singh","2026-08-11 10:47:02",372.6,2,kavyanshusingh
7484,16728881,Ch.Manvita,"2026-08-16 16:33:52",372.5,2,chmanvita
7485,16710564,"Clarice Harijanto","2026-08-14 04:28:13",372.5,2,clariceting
7486,16687699,jegazhu,"2026-08-13 22:25:15",372.4,2,jegazhu
7487,16689718,HumsAuraTech,"2026-08-21 17:11:42",372.3,2,humaima03
7488,16739939,crescent_star,"2026-09-09 04:42:10",372.1,2,cenzop
7489,16666590,"Hoàng Anh Tú","2026-08-12 23:59:58",371.9,2,anhtu9999
7490,16668340,"Sibi Vishnu","2026-08-08 10:35:33",371.8,2,sibivi
7491,16624102,Khadersha.sk,"2026-08-03 02:45:03",371.8,2,khadershask
7492,16794088,"Felipe Colombarolli","2026-08-31 00:46:32",371.7,2,felipecolombarolli
7493,16675324,"Attempt Seven","2026-08-10 10:13:50",371.6,2,attemptseven
7494,16656472,angusdddsa,"2026-08-04 06:04:22",371.4,2,angusdddsa
7495,16665907,"Jonathan Saina","2026-09-10 19:00:56",371.1,2,jonathansaina
7496,16677747,"Yuvraj Bhatt","2026-08-10 08:38:11",371.1,2,bhattyuvraj22
7497,16652422,Kite,"2026-08-17 16:26:55",371.0,1,kiteyinlong
7498,16888050,"Ayoub Fliless","2026-09-13 21:23:56",371.0,1,ayoubfliless
7499,16654330,"Perumalla Pujitha","2026-08-12 18:09:24",370.8,2,perumallapoojitha
7500,16717522,kyunyoung,"2026-08-14 07:16:00",370.7,2,kyunyoung
7501,16771187,FernandoRB,"2026-08-26 15:53:49",370.5,2,fernandorb
7502,16721529,"Danny De Bree","2026-08-20 09:46:36",370.3,1,dannydebree
7503,16769110,tianlululing,"2026-08-26 13:09:45",370.1,2,tianlululing
7504,16625011,"Heng Yu","2026-08-18 06:30:56",370.1,1,megalobox1
7505,16679827,Juanky_too,"2026-09-07 19:04:35",370.1,2,juankytoo
7506,16692710,"Baran Haydar","2026-08-12 06:56:50",369.9,2,baranhaydar
7507,16658319,"Huỳnh Nguyễn Trọng Tín","2026-08-06 06:23:40",369.6,2,tnhunhnguyntrng
7508,16691667,jeremyllll,"2026-08-12 03:30:26",369.4,2,jeremyllll
7509,16721675,stork8i,"2026-08-14 13:16:26",369.4,1,stork8i
7510,16655250,"Juan Pablo Ponce","2026-08-08 03:34:18",369.2,2,juanpabloponce28
7511,16735080,"SARTHAK PATIL","2026-09-02 19:23:03",369.1,2,sarthakpatil23
7512,16828390,Yuhuping,"2026-09-04 11:22:14",369.1,1,yuhuping
7513,16693147,"Oliver Curtis1","2026-08-09 14:51:57",368.9,2,olivercurtis1
7514,16665980,cshara,"2026-08-06 08:41:16",368.8,2,cshara
7515,16655257,"Afia Animah Fosu","2026-08-04 18:21:50",368.8,2,afiaanimahfosu
7516,16696800,"VEER GOMA","2026-08-14 15:42:47",368.2,2,novaxoxo
7517,16855459,"Shune Lae lae Khaing","2026-09-11 17:55:19",368.1,2,shunfloryn
7518,16653105,James,"2026-08-17 16:52:18",368.0,2,jamesquirk
7519,16654808,Vishwajeet-maker,"2026-08-17 21:17:02",367.9,1,vishwajeetmaker
7520,16653001,"Alexey Kuleshov","2026-08-04 12:07:51",367.9,2,alexkulll
7521,16862542,"Mitchell Luciana","2026-09-10 05:52:40",367.5,1,mitchellluciana
7522,16661891,BALLEN1337,"2026-08-04 19:22:30",367.5,2,ballen1337
7523,16716713,"T Vamsi Krishna","2026-08-13 09:37:43",367.2,1,vamsee3763
7524,16641140,NITISH_GOYAL1,"2026-08-27 06:42:29",367.1,2,nitishgoyal1
7525,16671714,"Donnell Layne","2026-08-07 15:40:35",367.0,2,jupiter1127
7526,16658011,"Arooba Hanif","2026-08-05 07:24:53",367.0,2,aroobahanif
7527,16666997,"Krishnamurthy Venkatasubramanian","2026-08-05 15:09:46",366.9,2,krishnamurthyvenkat
7528,16659312,qwertyDmitry,"2026-08-05 13:44:24",366.8,2,qwertydmitry
7529,16732936,"Kateryna Dudko","2026-08-25 12:15:40",366.6,2,dudkiina
7530,16656190,"Akshaj Shandilya","2026-08-06 03:14:36",366.6,2,akshajshandilya
7531,16739702,"Vasantha Kumar552","2026-08-19 07:22:10",366.3,2,vasanthakumar552
7532,16745497,"Handsome Heretic","2026-08-21 19:14:30",366.2,2,handsomeheretic
7533,16663738,"Handre Bezuidenhout","2026-08-04 23:27:08",366.0,2,handrebezuidenhout
7534,16867501,aueurm,"2026-09-11 05:07:13",365.8,2,aueurm
7535,16876354,A_Mose,"2026-09-12 08:57:15",365.7,2,mmameh
7536,16641606,"Tanisha Sahu","2026-08-02 14:39:27",365.7,2,tanisha3
7537,16685649,YUYUTA,"2026-08-09 05:39:50",365.7,2,yuyuta
7538,16885464,"Javier Hernáez","2026-09-13 09:40:46",365.3,2,javierhernaez
7539,16657658,"Esther Usman","2026-08-25 23:45:50",365.3,2,estherusman
7540,16711383,"Monika Kocianova","2026-08-14 11:01:11",365.2,2,monikakocianova
7541,16805340,"Md. Rafiul Islam","2026-09-12 18:40:55",365.0,2,rafiulislamrafi
7542,16692427,"Infy ","2026-08-09 20:48:09",365.0,2,infydes
7543,16785821,"Naresh Meena","2026-08-28 21:24:31",364.7,1,nareshmeena12
7544,16654758,f--n,"2026-09-06 13:37:43",364.6,1,a17442473
7545,16865101,"Hanlinh ","2026-09-11 03:58:09",364.4,2,hanlinh227
7546,16659234,"MARY RAISA P","2026-08-27 07:06:43",364.1,2,"harinimala21,maryraisap,saha0102"
7547,16735966,kyone,"2026-08-18 08:09:32",363.8,1,xtraky
7548,16780268,"SAI ESHWAR S","2026-08-29 06:26:11",363.8,1,saieshwars
7549,16660397,Divyansh82Raj,"2026-08-04 15:01:28",363.7,2,divyansh82raj
7550,16713366,BANKAI,"2026-08-16 15:24:28",363.6,2,igors97
7551,16762424,AuroraXXiiaa,"2026-09-10 15:57:10",363.6,2,auroraxxiiaa
7552,16662874,"Dev Shah","2026-08-08 01:52:52",363.5,2,imdevshah11
7553,16649794,"Wanzhu Zhao","2026-08-04 13:04:05",363.4,2,wanzhuzhaora
7554,16654788,bumbum,"2026-08-14 12:59:51",363.1,2,krzysztoff1
7555,16624029,"Miguel Angel Rodriguez Fonseca","2026-08-07 03:55:38",362.7,2,miguelangelrodriguez
7556,16657142,"Vishisht Gupta","2026-08-16 16:16:54",362.6,2,vishishtgupta
7557,16718662,Safin,"2026-08-22 17:50:27",362.6,2,safinlynx
7558,16730191,rRTZZZ,"2026-08-17 02:43:14",362.4,2,rrtzzz
7559,16831170,"None #2","2026-09-05 04:16:51",362.1,2,mdmorshalinemojumder
7560,16709519,"p pxl16","2026-08-19 09:49:35",362.1,2,ppxl16
7561,16666171,"JD Crew","2026-08-06 12:52:58",362.0,2,"abhijnanpodder,ahsafabid"
7562,16716649,"Meghana Busse","2026-08-13 09:33:08",362.0,1,meghanabusse
7563,16665449,AgroVisionAI,"2026-08-11 19:52:49",362.0,2,"aishwaryvarshney,bhuppisharma,kirtisharmaphd,pragyasingh59,priyasingh0590"
7564,16657687,"Siddardha Shayini","2026-08-04 14:23:48",362.0,2,siddardhashayini3
7565,16658519,"David kinyanjui","2026-08-31 07:10:00",361.8,2,davidkinyanjui
7566,16848598,"Work 3","2026-09-12 09:26:57",361.8,2,nanisriram
7567,16676416,"Abhishek Mishra","2026-08-10 10:09:30",361.6,2,abhishekmishra23
7568,16661390,"Raúl García Gómez","2026-08-04 17:04:39",361.3,2,corso138
7569,16732296,"duong nguyen","2026-08-20 14:51:38",361.2,1,duongnguyen161
7570,16743604,KeswaniRohit,"2026-08-22 17:19:18",361.1,2,keswanirohit
7571,16635130,Pongsaky,"2026-08-01 12:56:02",361.1,2,gantanch
7572,16710417,"Aryant Jadhav","2026-08-15 18:57:18",361.1,2,aryantjadhav
7573,16682108,"Shadow Monarch","2026-08-17 06:45:10",361.0,2,avinashk01
7574,16692906,CodeZee,"2026-08-09 19:50:49",360.9,2,codewithzaeem
7575,16844246,"CS Abhinay","2026-09-13 12:22:30",360.9,2,csabhinay
7576,16668592,"Ashutosh jatav","2026-08-09 13:34:45",360.7,2,ghost1412
7577,16659410,TTH,"2026-08-07 08:21:16",360.6,2,tthungdz
7578,16674394,"Ishant Mittal","2026-08-08 09:24:57",360.5,2,ishantmittal95
7579,16802128,"vaman soni","2026-09-02 10:08:49",360.3,1,vamansoni
7580,16659394,"יוסף בש","2026-08-09 15:11:23",360.2,2,josiii123212
7581,16694264,"Vansh Visariya","2026-08-10 09:00:11",360.1,2,vanshvisariya
7582,16686716,"menna hassanM","2026-08-28 21:49:51",360.1,2,mennahassanm
7583,16665460,"Shubham kumar jha","2026-08-23 07:36:36",360.1,2,shubhamjhakr
7584,16628409,"yann sadowski","2026-07-31 09:39:25",360.0,1,yannsadowski
7585,16711573,"Sushmitha Vasantha","2026-08-13 09:08:29",359.9,1,sushmithavasantha
7586,16666218,"sugan Chandrasekar","2026-08-16 11:02:09",359.9,2,suganchandrasekar
7587,16792188,anisotropies,"2026-09-12 05:25:04",359.9,2,achan31
7588,16660436,turkenm,"2026-08-06 13:03:36",359.7,2,turkenm
7589,16876529,"Νικόλαος Μπριάκος","2026-09-12 15:05:39",359.5,2,bnikos
7590,16668091,Solidscripts.io,"2026-08-23 23:41:23",359.5,2,juancamera1
7591,16795677,"Carol bright","2026-08-31 09:30:28",359.2,2,carolbright
7592,16665360,"Ayush Bhadauria","2026-08-19 11:11:51",358.7,2,ayushbhadauria50
7593,16701902,"Matthew Souza Chong","2026-08-11 05:58:50",358.6,2,matthewsouzachong
7594,16662428,"Sonu kumar","2026-08-24 05:18:49",358.5,2,sonukumar9142
7595,16710906,Krunal.ix,"2026-08-12 07:06:58",358.3,1,krunalix
7596,16655919,"Tạ Minh Lễ","2026-08-04 06:46:45",358.3,2,tminhl
7597,16662967,"Amalio Gomez","2026-08-04 22:07:16",357.8,1,amaliogomez
7598,16655652,Emergence,"2026-08-10 03:21:04",357.8,2,daylighth
7599,16683087,qiuchenglong,"2026-08-07 09:25:48",357.6,2,qiuchenglong
7600,16670812,"Brian Toman","2026-08-09 15:56:22",357.5,2,briantoman
7601,16660246,taqnik,"2026-08-08 11:54:39",357.5,2,taqnik
7602,16698739,"Sahrul Adicandra","2026-08-11 04:06:08",357.1,2,sahruladicandra
7603,16754141,SicilyTing,"2026-09-08 14:53:25",357.1,2,sicilyting
7604,16660992,"Vishnu Vardhan Dumpala","2026-08-05 18:17:30",356.9,1,vishnuvardhandumpala
7605,16668696,Fabian,"2026-09-03 15:52:06",356.7,1,fabiantoh98
7606,16767037,"Yubraj Sigdel","2026-08-24 15:45:56",356.3,1,yubraj11
7607,16794431,"Yash Apps","2026-09-08 04:12:52",356.3,2,yashwanthgajji
7608,16660568,Fascetta,"2026-08-07 20:48:53",356.0,2,fascetta
7609,16731458,"Arthur Baygildin","2026-08-17 10:06:55",355.6,1,arthurbaygildin
7610,16668271,"Shashank Raj","2026-08-06 14:27:00",355.0,2,ssr6156
7611,16763255,"I P Tharun Gowda","2026-09-12 09:16:38",354.7,2,iptharungowda
7612,16677732,"Alessandro Mermali","2026-08-06 20:52:35",354.7,2,alessandromermali
7613,16655729,"Arnab Mallick","2026-08-04 02:41:48",354.4,2,arnabmallick24
7614,16659533,"Pavan Desai","2026-08-10 16:29:20",354.4,2,pavancdesai
7615,16683178,soulasin,"2026-08-07 14:32:26",354.4,2,soulasin
7616,16777515,Abhimanyu21,"2026-08-27 13:33:38",354.3,2,abhimanyu21
7617,16682632,Sebastiaan,"2026-08-27 18:24:40",354.3,2,sebastiaanreinders
7618,16734894,"MP Gamimg","2026-08-26 14:47:08",354.1,2,okadahiroshi
7619,16738581,"mr moradi1","2026-08-18 14:31:26",354.0,1,mrmoradi1
7620,16851029,john01234,"2026-09-08 04:57:12",353.5,2,john01234
7621,16691936,"Adhar Chaudhari 07","2026-08-09 08:13:35",353.2,2,adharchaudhari07
7622,16752067,neuroxaker,"2026-08-22 14:50:32",353.2,2,neuroxaker
7623,16661157,Shenlai,"2026-09-09 09:33:22",352.9,2,shenlai
7624,16773448,"Qamar usman","2026-09-13 17:56:06",352.8,2,qamarmath
7625,16661351,"Adekojo Adeyemi","2026-08-04 15:25:52",352.7,1,adekojoadeyemi
7626,16745485,"Thamires dos Santos ","2026-09-11 02:37:14",352.6,2,thasantos
7627,16658817,"Andrew Glez","2026-08-04 12:10:17",352.4,1,andgos
7628,16659529,"Sanchit Jain","2026-08-05 05:58:55",352.4,2,sanchit1609
7629,16712257,Banarto,"2026-08-13 07:49:16",352.0,1,banarto
7630,16646644,BeyondBirthday,"2026-08-09 06:39:01",352.0,2,near07
7631,16697694,"Adithya Thiruvalluvan","2026-08-29 17:28:42",351.8,1,forestfire7
7632,16732873,"Yash Rana","2026-08-18 04:57:04",351.8,2,yashrana24
7633,16774954,Ye_xz233,"2026-08-26 15:35:23",351.7,2,yexz233
7634,16768551,"AAYUSHMAAN SINHA","2026-08-25 02:43:00",351.4,2,aayushmaansinha
7635,16660369,"Dev MCP","2026-08-04 12:59:09",351.4,1,nishant2905
7636,16668471,Broomva,"2026-08-05 14:57:35",351.1,1,broomva
7637,16880350,喜欢逢坂大河,"2026-09-12 11:06:18",351.0,2,yhsno69
7638,16681397,"Vishal Dubey","2026-08-11 08:51:13",351.0,2,visha1dubey
7639,16783322,kentaro,"2026-08-29 03:55:45",351.0,2,kentarokujo
7640,16656732,"Shivam Kashyap","2026-08-04 05:28:03",351.0,1,shiyan0090
7641,16672020,"Arum Puri ","2026-08-18 14:03:33",351.0,2,arumpuri
7642,16844410,ナポレオン,"2026-09-07 15:46:40",350.7,2,naporeondesu
7643,16683400,"wo zhe yi sheng ru lu bo bing","2026-08-10 16:53:48",350.4,2,"ivanlo103,panckck,waijai"
7644,16654688,"Terrell Millz","2026-08-10 16:08:33",350.0,2,terrellmillz
7645,16725769,NikunjMakhija_,"2026-08-19 13:01:57",350.0,2,nikunjmak
7646,16669725,chosunghwan,"2026-08-06 03:52:24",350.0,1,chosunghwan
7647,16784712,SIDDpat,"2026-08-30 08:13:50",350.0,2,siddpat
7648,16661191,"Yudha Eka Saputra","2026-08-04 19:28:31",349.9,2,yudhaekasaputra
7649,16683075,"Manuel lasarte León","2026-09-04 10:27:02",349.7,2,manuellasarte
7650,16658320,"Justin Eight","2026-08-27 07:29:52",349.5,2,justineight
7651,16664617,BarkeviousBingo,"2026-08-19 04:34:59",349.4,2,barkeviousbingo
7652,16831106,asd1984,"2026-09-05 17:40:01",349.4,2,asd1984
7653,16639067,"ToMY F.","2026-08-11 11:34:31",349.4,1,tomyfdev
7654,16770232,MinhTran2346,"2026-09-07 14:12:04",349.2,2,minhtran2346
7655,16659523,"Ahmad Khidir","2026-08-27 22:33:31",349.1,1,ahmadkhidir
7656,16636643,"Babul Kumar","2026-08-02 07:46:50",348.9,2,babulkumar07
7657,16854519,nmw,"2026-09-09 15:23:56",348.9,2,rubikkaggle
7658,16657056,"Jacob Ross Piedad","2026-08-06 12:15:14",348.7,1,jacobrosspiedad
7659,16862308,"Furkan CAT","2026-09-10 15:07:24",348.6,2,furkancat
7660,16757557,BitxWolf,"2026-08-22 19:06:48",348.5,2,bitxwolf
7661,16688859,"Muhammad Fayaz Khan","2026-08-08 06:36:02",348.1,2,mfayazkhan
7662,16700360,"Thanush Soma","2026-08-10 09:49:02",347.9,2,thanushsoma
7663,16741512,Offenders,"2026-08-30 15:08:39",347.9,2,"karthicchockalingams,shakil2411,shehnaaz01"
7664,16632620,"[Deleted] d9d74cbb-c76e-4fbb-a4bf-35e25b48627d","2026-08-08 16:00:16",347.5,2,del=c21e6a8a03ad3b3c
7665,16714418,AdriMonFer,"2026-09-01 12:15:21",347.4,2,adrimonfer
7666,16729572,"Aswin Ramanathan","2026-08-17 16:17:38",347.4,1,aswinramanathan
7667,16665252,"Harsh Katara","2026-08-05 06:51:14",347.3,1,harshkatara
7668,16749568,"Nana Hung","2026-08-23 02:17:34",347.3,2,nanahung
7669,16715988,"Hsyn Kskn","2026-09-03 12:08:15",347.2,2,hsynkskn
7670,16671519,"Mandhati Sai ganesh","2026-08-06 06:36:45",347.1,2,mandhatisaiganesh
7671,16859646,Andy2009,"2026-09-09 12:12:02",347.1,2,andy2009
7672,16655446,"Ismael Omar Leonidas Hurtado Vargas","2026-08-04 00:07:01",347.0,1,ihurtadov
7673,16660099,Desireog71,"2026-08-08 15:01:19",346.8,2,desireog71
7674,16662659,"Chiziterem Eze","2026-08-11 12:20:48",346.7,2,chiziteremeze
7675,16690775,"Prasanna Raut","2026-08-08 20:41:38",346.3,2,prasannaraut
7676,16876448,"Ryo #2","2026-09-13 18:40:44",346.3,2,ryosukefujita
7677,16666115,"Iam Intolerable","2026-08-06 07:48:28",346.0,2,iamintolerable
7678,16654407,"Serendeep Rudraraju","2026-09-04 03:17:43",345.9,2,serendeeprudraraju
7679,16809931,"john crick","2026-09-11 14:24:43",345.7,2,johncrick
7680,16774471,"Seymour Schmidt","2026-09-13 14:37:22",345.4,2,angrybread
7681,16689841,Pavani2325,"2026-08-08 10:00:56",345.4,2,pavani2325
7682,16795163,"Nguyễn Đỉnh","2026-09-13 09:25:15",344.9,2,nguyendinh1507
7683,16662856,"Pranjal Arya","2026-09-11 09:30:08",344.4,2,pranjalaryaa
7684,16633737,nrg,"2026-08-04 20:19:50",344.4,1,nargizaskarbekkyzy
7685,16657729,"Kandregula V S S V P Krishna Murthy","2026-08-08 15:29:35",344.3,2,kkandregula
7686,16635243,MlMlDev34,"2026-08-01 11:26:52",344.2,2,mlmldev34
7687,16668012,"Aleksander Iżemski","2026-08-05 20:52:54",343.7,2,aizemski
7688,16823229,aper,"2026-09-05 08:42:58",343.6,2,todaya
7689,16880694,yuxian6666,"2026-09-12 14:18:47",343.3,1,yuxian6666
7690,16838913,LunaT2,"2026-09-05 09:10:21",343.0,1,lunat2
7691,16641294,YogeshG22,"2026-08-03 17:58:51",342.8,2,yogeshg22
7692,16660980,"João Marcelo Curi","2026-08-05 18:31:19",342.2,2,joomarcelocuri
7693,16628296,NoxMetenis,"2026-08-15 17:54:03",342.0,1,avasgaire
7694,16741982,barry_Paddi,"2026-08-27 07:10:52",341.6,2,barrypaddi
7695,16686332,毛治钦,"2026-09-01 05:05:37",341.6,2,maozhiqinf
7696,16664469,"Thorlapati Nikhil","2026-08-11 19:11:09",341.5,2,thorlapatinikhil
7697,16727044,"Kai Leisten","2026-08-16 10:19:42",341.5,2,kaileisten
7698,16682229,"mayuri sarangi","2026-08-29 14:03:36",341.2,2,mayurisarangi
7699,16810051,Reddi_twelve,"2026-09-03 23:26:30",341.1,1,redditwelve
7700,16659415,PincheCabrón,"2026-08-17 17:34:01",341.0,2,pinchecabrn
7701,16715791,CustardApple47,"2026-09-06 11:34:26",340.8,2,custardapple47
7702,16758426,"Attique Ansari","2026-08-22 11:50:42",340.7,2,attiqueansari
7703,16658897,"Teja Pattem","2026-08-07 10:42:44",340.5,2,tejapattem
7704,16838645,"Deepak #2","2026-09-06 10:20:54",340.3,2,deepakup85
7705,16624235,appu2431,"2026-08-11 15:56:41",339.9,2,appu2431
7706,16858795,"Радик Владимирович Хорошев","2026-09-10 07:59:02",339.8,2,rodionkh
7707,16664671,Acteus,"2026-08-06 00:01:12",339.8,2,acteus
7708,16805109,"иван астахов","2026-09-10 21:30:35",339.6,2,iastakhov
7709,16762854,J8young,"2026-08-26 13:52:54",339.6,1,j8young
7710,16867163,"Harikesh Shukla","2026-09-10 14:34:49",339.4,1,harikeshshukla
7711,16658733,luoqiuy,"2026-08-04 10:46:04",339.1,2,luo912
7712,16698591,FestusKipkoech,"2026-08-28 18:58:28",339.1,2,festuskipkoech
7713,16660996,"Thịnh Nguyễn Chí Tiến","2026-08-08 01:49:40",338.8,2,thnhnguynchtin
7714,16759407,"Giovanni Colpani","2026-08-22 17:02:37",338.6,2,giovannicolpani
7715,16751311,JoangHZ,"2026-08-21 09:18:57",337.8,2,joanghz
7716,16661068,ZeViX,"2026-09-08 06:29:42",337.6,2,"codinggeek101,vedantkhete"
7717,16622809,"German Vdovin","2026-08-03 00:38:01",337.5,2,ertrerhtytmnbdsefdw
7718,16668453,"Kawish Hassan","2026-08-05 16:51:03",337.4,2,kawishhassan
7719,16660658,Shlok_Sharma0001,"2026-08-19 09:31:48",337.3,2,shloksharma0001
7720,16673152,"Arijit Raj","2026-08-06 08:23:14",336.7,2,arijitraj02
7721,16690183,ankit8924praj,"2026-08-14 15:43:56",336.5,2,ankit8924praj
7722,16693821,"DARSHAN A","2026-08-11 18:02:26",336.5,2,ad12345kag
7723,16669346,"Jalpesh Vasa","2026-09-11 19:26:19",336.4,2,"deep1812,jalpeshvasa"
7724,16681177,"Ivan Kevin Garcia Hernandez","2026-08-17 19:25:34",336.3,2,jedilgh
7725,16685996,"Universal Entropy","2026-08-07 16:22:28",336.3,1,fennerjw
7726,16700187,"adrian purnama","2026-08-10 10:50:45",336.3,1,adrianpurnama
7727,16623161,"Charles Kalaba","2026-08-08 13:06:02",335.9,2,charleskalaba
7728,16666056,"sarthak gupta1303","2026-08-05 11:01:04",335.4,2,"sarthakgupta1303,sathviktummalapenta"
7729,16633330,"danielle Ange","2026-08-12 16:26:03",335.1,2,danielleange
7730,16670600,"Leon Lum","2026-08-20 14:58:27",335.1,2,leonlum
7731,16870360,"Tedi Septiana","2026-09-13 10:08:12",334.9,2,tediseptiana
7732,16682454," Vandanaa R","2026-09-02 09:48:24",334.9,2,vandanaar
7733,16709165,"Yooraj Gole","2026-08-13 18:10:17",334.8,1,yoorajgole
7734,16686700,"Hakkı selim Ak","2026-08-07 17:06:03",334.6,1,hakkselimak
7735,16677312,"Kavuri Sravya","2026-08-19 02:33:01",334.5,2,kavurisravya
7736,16655811,"Duy Trần","2026-08-04 08:23:27",334.4,1,duyqtrn
7737,16728571,hasibirok0,"2026-09-06 01:16:24",334.2,2,hasibirok0
7738,16705294,"zhenf Liu","2026-08-11 07:51:06",334.1,2,zhenfliu
7739,16706181,"Juvenal Pedro Baptista","2026-08-16 14:58:40",334.0,2,juvenalpedrobaptista
7740,16730679,"Hoàng Trọng Hiếu","2026-09-13 08:32:32",333.8,2,hongtrnghiu
7741,16783863,"Vivek Vardhan Reddy","2026-08-31 06:14:34",333.8,2,vivekvardhanreddy77
7742,16700876,"Oyegoke Emmanuel","2026-09-04 11:32:28",333.7,2,oyegokeemmanuel
7743,16845081,"Sera Ria Gomes","2026-09-10 12:28:43",333.6,2,serariagomes
7744,16883044,"Muhammad Olamide","2026-09-13 01:07:05",333.2,2,muhammadolamide
7745,16658450,"Krish Singh","2026-08-05 16:11:00",333.0,2,krishsingh2283
7746,16683136,"Stefano Ciaci","2026-08-16 14:47:29",332.4,2,stefanovcciaci
7747,16623739,SarsaShen,"2026-08-05 07:12:00",332.0,2,sarsashen
7748,16661212,AnkitRaj4004,"2026-08-23 13:17:37",331.9,2,ankitraj4004
7749,16660341,"Nefise Aybar","2026-08-04 12:37:29",331.7,2,nefiseaybar
7750,16728948,L3MG,"2026-08-16 21:17:06",331.5,2,lemgyy
7751,16689923,Dhinesh,"2026-08-09 08:39:37",331.3,2,dhineshwarrs
7752,16765805,"sayyad karimun","2026-08-25 10:14:26",331.2,1,sayyadkarimun
7753,16682345,Gordy,"2026-08-31 07:39:13",330.8,2,gordyii
7754,16656480,"Dip Biswas","2026-08-07 04:35:56",330.6,2,dipjacobiswas
7755,16659247,cindrella_18,"2026-09-13 08:56:24",330.3,2,"ankithraj30,neharaj1518"
7756,16735751,"Hasan Taşkın","2026-08-24 19:36:02",330.3,2,hasantaskin
7757,16690166,"Niteshwar Mishra","2026-08-08 10:02:22",330.2,2,niteshwarmishra
7758,16653903,Manav2805,"2026-08-04 09:25:08",330.1,2,manav2805
7759,16684308,Itsside_jay,"2026-08-07 11:46:48",330.0,1,itssidejay
7760,16652899,Isha,"2026-08-22 05:51:50",329.2,2,aarohi20
7761,16740191,"Arjun Dhillon","2026-08-19 15:15:57",329.1,2,arjundhillon07
7762,16732280,"Akarsh kumar shukla","2026-08-18 20:38:35",329.0,1,akarshkumarshukla
7763,16789486,TanjiahaoXX,"2026-08-29 07:47:37",328.2,1,tanjiahaoxx
7764,16661639,"Jayanth Kumar D","2026-08-06 13:36:46",328.1,2,jayanthkumard
7765,16707092,"Asharani Sahu","2026-08-11 11:19:08",328.1,1,asharanisahu
7766,16859269,BAILW,"2026-09-09 13:47:08",328.0,1,baimatubama
7767,16778327,WangYingChen,"2026-08-28 03:11:28",327.9,1,wangyingchen
7768,16655621,xia0910,"2026-08-08 11:03:21",327.8,2,xia0910
7769,16661551,SimonAx,"2026-08-10 09:41:59",327.6,2,simonaxel
7770,16672138,mostafa69ca,"2026-08-06 05:03:43",327.5,1,mostafa69ca
7771,16716476,lnssan,"2026-08-20 13:05:18",327.0,2,lukanilssandmayr
7772,16807668,kilariHemalatha,"2026-09-05 04:33:19",327.0,1,kilarihemalatha
7773,16855181,Komal_Rani,"2026-09-08 16:39:15",326.9,2,komalvinayak
7774,16687403,"Raja Sai Vardhan","2026-08-09 08:19:22",326.7,2,rajasaivardhan
7775,16623730,"Ethan Higgins","2026-07-31 02:25:21",326.6,2,ethanhigginz
7776,16715576,bhavnachavda21,"2026-09-13 07:39:03",326.2,2,bhavnachavda21
7777,16623405,nbarlow,"2026-08-12 20:01:08",325.8,2,nickbarlow
7778,16672689,"Yusuf Yemez","2026-08-06 06:51:07",325.7,1,yusufyemez
7779,16676974,"Deveshwar U","2026-08-31 01:10:42",325.7,2,deveshwaru
7780,16794729,Copperford,"2026-09-08 00:41:27",325.6,2,copperford
7781,16659865,Rithikaaaaah,"2026-08-17 07:09:08",325.5,2,rithikaaaah
7782,16678653,Wzjj98,"2026-08-06 19:31:39",325.3,1,wzjj98
7783,16668479,"Muneera Mahjabeen","2026-09-10 09:22:28",325.2,2,muneeramahjabeen
7784,16721533,"Lakshya Sharma","2026-08-16 06:01:34",324.9,2,lakshyasharma007
7785,16667406,"Abdulrahman AlAsali","2026-08-05 13:20:41",324.9,1,abdulrahmanalasali
7786,16850246,"Makarand Gokhale","2026-09-13 19:45:00",324.8,2,makarandgokhale
7787,16757233,"Tet Toe Wai","2026-08-24 07:51:45",324.4,1,tettoewai
7788,16777607,"je nap","2026-08-30 01:56:28",324.3,2,johnenapoles
7789,16682262,"Pardeep Singh","2026-09-01 11:01:27",324.3,2,pardeep06
7790,16763916,"Mohamed Nchourupouo","2026-08-24 09:28:47",324.2,2,mohamednchourupouo
7791,16877927,"EFE ULKER","2026-09-12 00:13:05",324.2,2,efeulker
7792,16650070,"jakub slavíček","2026-08-04 12:58:40",323.9,2,jakubslavicek
7793,16661012,"Tesfahun Feleke","2026-09-12 12:42:39",323.8,2,tesfahunfeleke
7794,16646076,"Ajeet Krishnasamy","2026-08-04 19:52:27",323.3,2,ajeetkrish
7795,16769212,"jason vetter","2026-08-25 05:48:22",322.6,1,jasonvetter
7796,16658452,Hillclimber,"2026-09-13 01:50:22",322.6,2,driessmit1
7797,16746121,Nononoi,"2026-08-21 07:18:02",322.3,1,nononoi
7798,16725135,"clement cg","2026-08-19 07:54:00",322.2,2,clementcg
7799,16662491,Rudra070311,"2026-08-11 17:06:39",322.1,2,rudra070311
7800,16764868,y129besan,"2026-09-05 23:47:35",322.1,2,y129besan
7801,16669535,sakshitantak,"2026-08-08 05:16:32",322.0,2,sakshitantak
7802,16800468,Vaishnavi,"2026-09-01 11:13:30",321.9,1,vaishnavisri09
7803,16657159,"Amey Malpurkar","2026-08-11 07:35:27",321.7,2,"ameymalpurkar,siddheshsadarao"
7804,16664147,JordanM10,"2026-08-05 19:54:08",321.6,1,jordanm10
7805,16690514,"Aditya #3","2026-08-09 06:29:48",321.6,1,a0x1ab
7806,16662495,Earth,"2026-08-15 10:54:03",321.3,2,earthearth
7807,16634769,Fivingone,"2026-08-03 03:47:43",321.2,2,fivingone
7808,16643303,sigireddyBalasai,"2026-09-12 11:40:23",321.0,2,sigireddybalasai
7809,16657891,"Joshua Kinnah","2026-08-07 23:00:45",320.7,2,joshuakinnah
7810,16784225,sulala,"2026-08-29 08:51:26",320.7,2,sulala
7811,16791680,"Surja Sarker","2026-09-04 12:12:24",320.6,2,surjasarker
7812,16670881,"Amir Y. Sajjadi","2026-08-05 23:56:26",320.5,1,amirysajjadi
7813,16792780,"Sreekar Reddy","2026-09-01 15:33:38",320.2,2,eshured
7814,16777489,"Yousef Elbaz","2026-08-27 11:18:54",319.5,1,yousefelbaz
7815,16683421,"Ruchita Yadav","2026-08-13 18:09:54",319.3,2,ruchitayadav20
7816,16659975,"Rahul Sain","2026-08-05 18:54:58",319.2,2,rahulsain2001
7817,16656351,"Triet Ho","2026-08-07 07:27:33",318.5,2,trietho247
7818,16653054,Khongor2424,"2026-08-03 15:32:17",318.2,2,khongorkikaik21
7819,16652397,"Aniket Kumar","2026-08-06 13:29:50",317.9,2,kalkiavatar3
7820,16765997,"Diya Sharma","2026-09-13 18:08:07",317.9,2,diyasharmanexa
7821,16720606,Williamtime,"2026-08-17 03:11:34",317.9,2,williamtime
7822,16690163,"Abhay Upadhyay","2026-08-08 18:05:54",317.9,2,abhay18s
7823,16691813,Hyezir4,"2026-08-10 08:36:47",317.8,2,hyezir4
7824,16671959,"Sintu Verma","2026-08-09 05:44:56",317.7,2,sintuverma
7825,16657145,"Shudipto Trafder","2026-08-04 19:25:24",317.6,1,iamsdt
7826,16654348,rkeshwani,"2026-08-07 16:17:49",317.4,2,rkeshwani
7827,16659453,"Ishwar Rathod","2026-08-06 03:29:27",317.3,2,ishwarrathodofficial
7828,16652970,"Abhay sarkar","2026-08-05 14:40:05",316.8,1,abhaysarkarai
7829,16662054,"phantom of shubh","2026-08-11 07:54:46",316.8,1,shubhamkumar123490
7830,16655875,PLLZ,"2026-08-17 01:11:41",316.7,2,pllzzz
7831,16794647,"Michael Cahill","2026-09-01 07:46:28",316.6,2,michael1232
7832,16664718,Vedika_,"2026-08-11 18:28:09",316.5,1,lighjt
7833,16694673,"B T Chinmayi","2026-08-27 19:47:10",316.4,2,btchinmayi
7834,16729246,"Ayodeji Akinola","2026-08-29 19:45:30",316.3,2,ayodejiakinola
7835,16686645,Ornaat,"2026-09-09 10:43:27",316.2,2,ornaat
7836,16719709,Rishiii360,"2026-08-18 03:46:23",316.2,2,rishiii360
7837,16676302,Arnav,"2026-08-08 06:10:01",316.2,2,arnav03101
7838,16675218,데미안과마루,"2026-08-18 14:16:13",316.2,2,siver3
7839,16672168,"Justin Rutkowski","2026-09-13 08:13:41",315.7,2,justinrutkowski
7840,16656506,"Piyush Harde","2026-08-04 12:54:26",315.4,2,piyushharde
7841,16696061,Mingyuan2002,"2026-08-28 17:15:00",315.4,2,mingyuan2002
7842,16758856,"Ali Zaib","2026-08-27 20:12:02",315.1,2,alizaib001
7843,16621557,"Vijay Krishna Lanka","2026-08-26 01:20:53",314.7,2,vijaykrishnalanka
7844,16713319,"David Tilman","2026-08-12 18:56:13",314.6,2,davidtilman
7845,16726021,"The Farm Game","2026-09-02 13:23:00",314.5,2,"tacostew,thomasbower6"
7846,16723487,RoboDavo,"2026-08-19 00:36:17",314.2,2,robertdavidson1911
7847,16732315,"Filip Chladek","2026-08-17 13:37:38",314.1,2,filipchladek
7848,16661955,Bingos,"2026-08-05 11:43:07",313.9,2,bingos
7849,16675048,Wizard_King,"2026-08-06 19:35:41",313.9,2,anshumanrayy
7850,16845736,Gio,"2026-09-13 14:55:18",313.8,1,giovanizanfra
7851,16665661,Ikhbar,"2026-08-05 09:50:57",313.7,2,ikhbar
7852,16686950,"Kittikhun Pachana","2026-08-08 00:16:11",313.7,2,kittikhunpachana
7853,16795802,Kk,"2026-09-09 08:50:14",313.0,1,cudamax
7854,16659696,"Lakshyaraj Singh Rathore","2026-09-05 18:47:32",312.9,2,lakshyarajrtm
7855,16734670,Sparsh,"2026-08-22 01:48:51",312.9,2,sparshsinha24
7856,16662403,"ulaş özen","2026-08-05 19:49:16",312.9,2,ulazen
7857,16797284,Alice7371,"2026-08-31 17:58:22",312.8,1,alice7371
7858,16667033,"Geethika Sandireddy","2026-08-15 07:04:31",312.8,2,geethikasandireddy
7859,16713082,"Siyam Molla","2026-09-06 08:06:43",312.7,2,siyammolla
7860,16678521,"Arina Nevolina","2026-08-06 20:31:22",312.7,1,nevolinaa
7861,16628190,Horizonx30,"2026-08-09 18:06:56",312.6,2,horizonx30
7862,16692084,"Kaggri Farmers","2026-08-29 19:47:29",312.4,2,"jayant99acharya,satvikkolluru"
7863,16765570,"Akhand Soni","2026-08-24 12:47:42",312.2,1,akhandsoni
7864,16707118,"DEVEN BAGADE","2026-08-11 11:24:10",312.0,2,devenbagade
7865,16683284,"Haha Farming","2026-08-07 14:38:04",311.8,1,"akshitharamesh,harinir1423"
7866,16659493,"Ori Glisko","2026-08-09 14:27:44",311.7,2,origlisko
7867,16847927,"Laiba Hameed","2026-09-12 09:00:51",311.3,2,laibahameed08
7868,16702052,"Beny Pratama Putra","2026-08-12 16:18:20",311.2,2,benypratamaputra
7869,16761681,"Ming Myung","2026-08-24 05:12:56",311.2,2,vanhaminhquan
7870,16716592,"Poma Mikhail","2026-09-10 09:08:04",311.1,2,ambisinistra
7871,16661690,codefusiondu,"2026-08-06 04:53:25",310.8,2,codefusiondu
7872,16671566,renmin517,"2026-08-17 07:31:19",310.8,2,renmin517
7873,16822523,bvgr,"2026-09-10 08:32:40",310.7,2,vbeeram
7874,16655315,SL,"2026-08-13 01:50:18",310.5,2,xndr007
7875,16755632,"Adarsh Yadav","2026-08-21 16:34:37",309.9,1,adarsh12yadav
7876,16658941,Matts6591,"2026-08-17 07:59:36",309.8,1,mathwithmatt
7877,16630545,"GAURAV PARKHEDKAR","2026-08-01 07:00:23",309.5,2,gauravparkhedkar
7878,16839939,Lemonabc,"2026-09-05 12:56:42",309.4,1,lemonabc
7879,16885028,"wen yimeng","2026-09-13 09:26:04",309.4,1,wenyimeng
7880,16682559,"Punit Pritam Mohanty","2026-08-11 06:21:03",308.9,2,punitpritammohanty
7881,16785111,"JEFFREY KIRUBA J ","2026-08-28 18:07:41",308.9,1,jeffreykirubaj
7882,16849173,"Sarvajith Adyanthaya","2026-09-07 16:51:17",308.7,1,sarvajithadyanthaya
7883,16660308,zhangzhenman,"2026-08-25 06:14:26",308.7,1,zhangzhenman
7884,16681801,majj,"2026-08-11 03:07:46",308.3,2,m313786372
7885,16711348,ticoraph,"2026-08-21 18:55:56",308.2,2,ticoraph
7886,16671827,"Shourya Gupta","2026-09-13 06:48:36",308.1,2,siriuspotter
7887,16654430,"Rishoban Y","2026-08-07 13:46:37",308.0,1,rishoban
7888,16843393,"Rizki Syawaldi","2026-09-06 15:42:28",307.8,1,rizkisyawaldi
7889,16785050,"MITHIL J URK26CS7067","2026-08-28 18:29:14",307.7,1,mithiljurk26cs7067
7890,16762084,"Krishna Lokhande","2026-08-23 14:08:48",307.5,1,krishnalokhande8080
7891,16686789,Hay-gent,"2026-09-07 05:37:52",307.5,2,"alagusuriyas,gayathrisrimai"
7892,16690882,"Meet P. Shah","2026-09-05 04:32:03",307.4,2,meet47
7893,16791786,BladeOffline,"2026-08-30 03:42:42",307.1,1,bladeoffline
7894,16721849,ayushai8714,"2026-08-28 09:36:41",307.0,2,ayushai8714
7895,16658725,"syed jawad","2026-08-17 08:49:32",306.9,1,syedjawad663
7896,16712086,"Zubair Shafi","2026-08-16 23:23:04",306.8,2,zubairshafi5050
7897,16784538,"mou1234568 fdsfds","2026-08-28 18:05:29",306.7,2,mou1234568fdsfds
7898,16664218,"Nguyen Vu Tue Khang","2026-08-24 03:32:10",306.5,2,nguyenvutuekhang
7899,16866140,Mantis,"2026-09-11 04:49:40",306.1,2,orchidmantis
7900,16660473,"Owen M Kelley","2026-08-10 00:53:11",306.1,2,owenmkelley
7901,16666033,"Shota Takano","2026-09-12 23:15:51",306.0,2,shotatakano
7902,16659581,"isah ridwan","2026-08-07 09:02:00",305.9,2,isahridwan
7903,16882182,":T Eh?","2026-09-13 09:16:32",305.7,1,goulustis
7904,16668166,Pikachu,"2026-08-05 14:52:15",305.5,2,"arpankumarsinha,phantomboy69,subhojitpaul2006"
7905,16690187,"Amrita Singh","2026-08-08 10:34:51",305.1,2,amrita004
7906,16660543,"BUTUH DUIT","2026-08-06 07:39:16",304.8,2,abulkahfi
7907,16624553,"Abiram Bharathi S.A","2026-09-08 11:40:32",304.8,2,abirambharathisa
7908,16668464,Mauro,"2026-08-05 15:57:27",304.2,2,ilmaurino
7909,16862181,"M chetin","2026-09-12 18:51:14",303.9,2,cetin95
7910,16632319,Valentin,"2026-07-31 21:14:24",303.9,1,vaha94
7911,16657104,"Bashar Gamal","2026-08-17 00:04:56",303.9,2,bashargamal
7912,16666639,"Dheeraj Pranav","2026-08-24 19:38:42",303.7,1,dheerajpranav
7913,16663351,MiguelS,"2026-08-07 15:25:29",303.4,2,lordm758
7914,16730745,"Aymerou Yaya Koné","2026-09-13 05:41:07",303.4,2,aymerouyayakon
7915,16818690,"Arionchen TitanTeam","2026-09-04 08:52:16",302.9,2,arionchentitanteam
7916,16882973,"Omar Tarek Abdelkader Ahmed El Belbeisy","2026-09-12 22:59:07",302.6,2,patmux
7917,16728465,"Abdurrahman Assegaf","2026-08-16 12:13:15",302.4,2,amanshop
7918,16778585,Deepa,"2026-09-11 11:13:56",302.1,2,deepa42639
7919,16641866,"Prem Gandhi","2026-08-06 19:48:18",302.0,2,gprem352
7920,16690055,"Prem Kumar","2026-09-02 05:56:28",301.3,2,premkumar099
7921,16817520,shreyansh0103,"2026-09-11 15:48:43",301.0,2,shreyansh0103
7922,16707179,"Achintya Rai","2026-08-12 11:15:16",300.8,2,achintyarai
7923,16637025,kodalien,"2026-08-10 15:21:00",300.5,2,kodalien
7924,16723046,"Pedro Joás","2026-09-11 14:59:09",300.5,2,pedrojos
7925,16665758,"Oladipo Bashir","2026-08-31 10:23:51",300.2,1,oladipobashir
7926,16678362,"Mitiku Yohannes","2026-08-07 00:00:37",300.2,2,mitiku
7927,16658357,heetmehta18,"2026-08-07 13:30:40",300.1,2,heetmehta0000
7928,16662913,"IYAMPAYE ribert","2026-08-04 19:01:38",299.8,1,iyampayeribert
7929,16684168,"Roaya Saed","2026-08-10 14:36:20",299.5,1,roayasaed
7930,16773545,faithk7u,"2026-08-31 21:57:43",299.5,2,faithk7u
7931,16654253,"Gaius K Biju","2026-08-03 18:51:18",299.1,2,gaiuskbiju
7932,16709522,"Sanjay Dilip","2026-09-08 17:04:49",298.9,1,sanjaydilip
7933,16672670,RonTroy,"2026-08-13 04:46:15",298.2,2,rontroy
7934,16666719,helenkwok,"2026-09-12 06:53:13",297.8,2,helenkwok
7935,16629403,Galza98,"2026-07-31 10:09:02",297.7,1,galza98
7936,16633982,Nikunj1375,"2026-08-07 08:40:29",297.5,2,nikunj1375
7937,16667042,"Adarsh Mukundan","2026-08-07 17:12:28",297.3,1,aadarshmukundan
7938,16785568,"Sneha Bhargava4","2026-09-13 17:48:29",297.0,1,snehabhargava4
7939,16669576,"zarnab waheed","2026-08-17 19:20:34",296.8,2,zarnabwaheed
7940,16784605,"Iniyan M D R","2026-08-28 13:53:22",296.6,1,iniyanmdr
7941,16706591,"Poorvi Shetty","2026-09-11 09:12:22",296.6,2,poorvishetty1
7942,16752153,zhao569,"2026-08-27 03:57:59",296.5,1,zhao569
7943,16765329,"Bart Woz","2026-08-31 14:18:24",296.1,2,bartwoz
7944,16761731,"James Hu","2026-08-23 17:50:28",296.0,1,cnjameshu
7945,16748410,Lemons,"2026-08-21 19:44:07",295.9,1,takahiromatoba
7946,16660529,Imaanga,"2026-08-10 11:41:21",295.8,2,imaangababy
7947,16668333,VishalVivek,"2026-08-07 09:46:17",295.8,1,vishal14332
7948,16660579,mayank,"2026-08-06 14:41:12",295.7,2,mayank921
7949,16658065,"Parul Mittal","2026-08-06 13:55:51",295.7,1,pisces83
7950,16755664,"Shivam Rajdev","2026-09-04 19:28:36",295.7,2,shivamrajdev
7951,16756768,"Sayeed Ibrahim","2026-08-22 01:32:12",295.6,2,sayeedibrahim
7952,16651668,Haiku,"2026-08-05 06:28:54",295.5,2,yangjiefu
7953,16658990,"Muhammad Burhan SE-45-02","2026-08-07 04:26:18",295.2,2,muhammadburhanse4502
7954,16698920,"Rishabh Bhartiya","2026-08-12 13:48:26",295.2,2,rishabhbhartiya
7955,16656881,"Eugene Nyondo","2026-08-30 22:33:50",295.1,2,eugenenyondo
7956,16880953,IAMNAMNAM,"2026-09-13 18:21:11",295.1,2,iamnamnam
7957,16766823,suikkee,"2026-09-02 05:05:50",294.9,1,suikkee
7958,16736202,杨雨灿,"2026-09-08 00:51:59",294.8,2,yucanyang
7959,16760025,"Mayar Abdelfattah","2026-08-30 18:26:40",294.7,2,"mayarabdelfattah,omarelmaghraby03"
7960,16687151,harshi101,"2026-08-08 06:32:37",294.7,2,harshi101
7961,16675037,"Stanislav Pashkov","2026-08-08 20:50:16",293.8,2,stanislavpashkov
7962,16879958,Sash.a,"2026-09-12 18:09:09",293.7,1,smashaza
7963,16842088,"Hrithik Reddy","2026-09-07 09:46:01",293.5,1,hrithik22122
7964,16740506,Growingduck,"2026-09-02 03:18:21",293.4,2,jaeminkang2021
7965,16868524,"Chutayu Adhittayawong","2026-09-11 03:30:13",293.2,2,arteezy009
7966,16858604,"Ye Naing","2026-09-10 02:42:59",293.0,2,yenaing
7967,16676305,JTHEFROG,"2026-08-08 12:09:45",292.9,2,joshyuasa
7968,16796258,"Lanzhi Jiao","2026-09-03 08:31:13",292.8,1,lanzhijiao
7969,16759726,Phoenix,"2026-08-22 19:43:10",292.2,1,seanht1
7970,16733204,"Sompalli Akhil Kumar","2026-08-18 10:14:08",292.1,2,sompalliakhilkumar
7971,16682422,"SABBIR HOSSAIN 2029","2026-08-16 14:23:24",292.1,2,sabbirhossain2029
7972,16754845,"LG Music","2026-08-21 22:48:01",292.1,1,lgmusic
7973,16780106,"Mirangga Jakti","2026-09-09 20:05:22",291.8,2,miranggajakti
7974,16707941,ニイエチカイン,"2026-08-14 15:28:42",291.8,2,j4ck99
7975,16756174,"Mateo Coelho","2026-09-02 19:10:01",291.8,2,mathsco
7976,16747086,Karma_350234,"2026-08-20 09:56:52",291.3,1,karma350234
7977,16661290,"Kelian Esteve","2026-08-04 14:33:13",290.6,1,kelianesteve
7978,16661213,"Daniel Siersleben","2026-08-05 12:53:41",290.3,1,danielsiersleben
7979,16698562,Kyoko004,"2026-08-11 04:38:18",290.1,1,kyoko004
7980,16740795,Yanshaoo2026,"2026-08-19 08:40:17",289.9,1,yanshaoo2026
7981,16875479,"Debasish Gorai","2026-09-13 09:10:58",289.8,2,debasishgorai
7982,16659698,"Duy Anh Nguyễn","2026-08-07 10:23:27",289.7,1,duyanhnguyn
7983,16680789,Marouane,"2026-08-15 02:41:18",289.6,2,marouanealahyane
7984,16691354,"Vedika Gupta","2026-08-08 14:20:25",289.5,1,vedikagupta0
7985,16748206,ArtlexYang,"2026-08-25 08:43:28",289.0,1,artlexyang
7986,16631989,"VIDIT SHRIMALI","2026-07-31 17:13:46",288.3,1,viditshrimali
7987,16867305,Prikat,"2026-09-10 16:23:49",288.3,2,prikat
7988,16839430,EliaSav,"2026-09-06 15:33:34",288.2,2,eliasav
7989,16684223,"Aayush Shah","2026-08-13 17:57:28",288.2,2,aayushshah265
7990,16762045,ADV,"2026-08-23 13:28:56",288.1,1,shuntianjiang
7991,16661879,"Pham Truc","2026-08-07 07:21:46",287.7,1,genti1206
7992,16713204,Mohamedg,"2026-08-24 23:15:06",287.6,2,mohamedgcroesus
7993,16712089,"yui seya","2026-08-12 12:17:02",287.5,2,yuiseya
7994,16682623,"Aditya Paul","2026-08-14 12:44:45",287.4,2,adityapaul634
7995,16656679,"Sadiqa Bibi","2026-08-27 09:52:29",287.2,2,sadiqabibidata
7996,16772354,"Gleidistony Mendes","2026-08-28 17:50:07",286.8,1,gleidistonymendes
7997,16662861,"Chirag Tutlani","2026-08-04 19:13:05",286.4,1,chiragtutlani
7998,16672325,Ispagiytiy,"2026-08-06 08:58:30",286.3,2,ispagiytiy
7999,16856961,"Victor Egbo","2026-09-10 08:38:48",286.1,2,victoregbo
8000,16652276,Phare111,"2026-08-04 15:09:55",286.0,1,phare111
8001,16743603,tanmoypal11,"2026-08-19 15:19:36",285.6,1,tanmoypal11
8002,16683970,"Zakhar Homyakov","2026-08-07 11:14:41",285.1,2,zakharhomyakov
8003,16655003,"Paramjeet Kaur","2026-08-04 21:09:02",285.1,1,kauxp26
8004,16663600,"Adrián Flores","2026-08-05 00:38:36",285.1,2,foward2892
8005,16845556,"li Insomenia","2026-09-07 04:07:10",284.9,2,liinsomenia
8006,16659387,dharssshiniii,"2026-08-04 09:48:15",284.8,1,dharssshiniii
8007,16741555,"Rushikesh Shirwalkar","2026-08-19 11:02:46",284.6,2,rushikeshshirwalkar
8008,16753817,Karmers,"2026-09-04 14:46:31",284.6,2,"prasenjittadake,swapnilpatil2737"
8009,16655734,dworld,"2026-08-05 04:13:18",284.3,2,jagdishhalde
8010,16658620,"Dina Chettouh","2026-08-04 09:13:27",283.9,2,dinachettouh
8011,16707228,"Milind Bansal","2026-08-11 11:45:00",283.8,1,milindbansal18
8012,16724743,"Dr. James Gambrah","2026-08-17 08:48:47",283.0,2,jamesgambrah
8013,16667700,"Omar Mohammad","2026-08-05 15:52:54",282.9,2,omarmohammadw
8014,16656198,N9uy3nPham,"2026-08-06 10:56:04",282.7,2,n9uy3npham
8015,16808492,"beginner's luck","2026-09-06 02:32:36",282.6,1,"naohs01,tropicalbanana"
8016,16665114,"Francesco Benincasa","2026-08-05 09:56:52",282.5,2,francescobenincasa
8017,16809426,"The Nafl","2026-09-10 11:20:55",282.4,2,nafalrust
8018,16684535,Moonlight,"2026-09-07 14:16:17",282.3,2,rajesh1joc
8019,16656595,"Sithija Amarathunga","2026-08-04 10:09:50",282.1,2,sithijaamarathunga
8020,16711610,cc_z_kaggle,"2026-08-12 09:33:23",282.0,1,cczkaggle
8021,16732746,MSG_Encrypted,"2026-09-11 23:47:57",281.9,2,msghais
8022,16865663,GauravPramodJain,"2026-09-10 09:44:04",281.6,1,gauravpramodjain
8023,16840506,"Jayanth Earla","2026-09-10 16:46:21",281.4,2,jayanthearla
8024,16739918,POLAROID_86,"2026-08-18 21:56:04",281.1,2,polaroid86
8025,16624246,"xu j1ayang","2026-08-11 05:12:47",280.7,2,xuj1ayang
8026,16662105,PunnatatJAY,"2026-08-04 16:22:50",280.7,1,punnatatjay
8027,16862268,"Vishal Harry","2026-09-12 21:26:48",280.6,2,vshr777
8028,16659804,"Gashahun Demise","2026-08-04 13:23:20",280.3,2,gashahundemiset
8029,16880785,"CHIDANANDA G L","2026-09-12 11:18:48",280.2,2,chidanandagl
8030,16677629,"XIE Jintao","2026-08-06 18:47:28",280.2,2,xiejintao
8031,16790545,Adnane,"2026-09-01 02:18:09",279.9,2,adnaneel
8032,16688231,"Antoine Matemane Mahirwe","2026-08-10 19:40:15",279.9,2,antoinemah
8033,16758007,stoicsatvik,"2026-08-22 12:37:48",279.8,1,stoicsatvik
8034,16695733,"Imad Zaanine","2026-08-11 02:11:15",279.6,2,imadzaanine
8035,16697373,"Sumit Bhattacharjee","2026-08-29 18:29:11",279.4,2,sumitbhattacharjee
8036,16658795,"Case Seller","2026-08-30 06:46:45",279.1,2,caseseller
8037,16689926,"Yongxiang Zhao #2","2026-08-12 03:33:27",278.8,2,yongxiangzhao
8038,16746682,"julio cesar valencia","2026-09-09 20:37:35",278.8,1,juliocesarvalencia
8039,16660144,"Léandre ELISHA","2026-08-09 12:25:44",278.7,2,landreelisha
8040,16672982,"Enes Aytaç","2026-08-14 12:12:24",278.7,2,enesayta
8041,16658489,小出和見,"2026-08-13 23:23:04",278.6,2,kzmk8d
8042,16697283,Puranjay02,"2026-09-10 07:09:06",278.3,2,puranjay02
8043,16724204,chestnut,"2026-08-21 02:15:17",278.1,2,yskkrbysh
8044,16748092,Luckshith,"2026-08-20 12:59:43",277.9,2,luckshith
8045,16841154,Kinjal,"2026-09-05 22:13:51",277.5,2,kinjalparmar5009
8046,16809620,"Mohamed Alaa Elboraay","2026-09-02 19:11:42",277.5,2,mohamedalaa10
8047,16676084,"Abir Majdi","2026-08-24 00:24:35",277.4,2,abirmajdi
8048,16654306,Shubham,"2026-08-03 19:09:40",277.2,2,sanjayshubham24
8049,16659060,Pratham3gewg,"2026-08-06 18:26:51",277.0,2,pratham3gewg
8050,16666316,adityakr1001,"2026-08-05 09:33:41",276.9,1,adityakr1001
8051,16882689,Soodari,"2026-09-12 21:56:31",276.7,2,soodari
8052,16663253,"Albert Benjamin Asare","2026-08-06 19:29:05",276.5,2,albertbenjaminasare
8053,16669411,"Atta Ullah","2026-08-10 13:28:30",276.4,2,attaullahqau
8054,16785789,"Mateus Sousa do Carmo","2026-08-28 21:23:10",276.2,2,mateaadsaf
8055,16658676,"Abdul Roheem Abdul Warith","2026-08-04 18:59:04",276.1,1,albasoliyy
8056,16669314,"Editor Jugnu AI","2026-09-06 08:31:32",276.1,2,editorjugnuai
8057,16761994,"Talha Sayyad faim","2026-08-23 11:32:37",275.7,1,talhasayyadfaim
8058,16724512,"Diw Gupta","2026-08-21 13:45:51",275.2,1,diwgupta
8059,16668032,pat999,"2026-08-08 08:30:58",275.1,2,pat999
8060,16736084,"Kaishang Zhang","2026-09-02 13:41:28",275.0,2,kaishangzhang
8061,16785434,"Caik Franco","2026-08-28 18:05:21",275.0,1,caikfranco
8062,16676501,"[Deleted] cf820879-5b51-45ff-9f0a-1d88833299b5","2026-08-08 08:32:10",275.0,2,kamraanmulani
8063,16864283,"Nguyễn Cường","2026-09-10 05:03:59",274.5,2,nguyncngo
8064,16740950,Shaw,"2026-08-23 10:07:14",274.4,2,shaw06
8065,16755126,"David ter Kuile","2026-08-21 14:01:59",274.3,2,davidterkuile
8066,16678355,"Tanuj Saxena","2026-08-07 10:10:24",274.3,2,tanujsaxena
8067,16684875,"Amitrakshar Mukherjee","2026-08-07 13:21:32",274.3,2,amitraksharmukherjee
8068,16641331,ushi,"2026-08-05 13:33:18",274.1,1,yuki508
8069,16663459,"Cristian Yeanpaul Palomino Calderon","2026-08-06 04:14:17",274.0,2,dawo0t
8070,16661587,"Debashis Mohapatra","2026-08-05 09:05:50",273.7,2,debashismohapatra
8071,16660957,CREVATEC,"2026-08-11 09:30:33",273.6,2,"olakunleolalekan,samueloladeji"
8072,16748712,"Amit Kumar Gupta","2026-08-21 13:33:00",273.5,2,eramitg
8073,16772388,XiaozhenWu2002,"2026-08-29 16:21:55",273.1,2,xiaozhenwu2002
8074,16657378,doteeee,"2026-08-14 11:43:40",272.9,2,narendra
8075,16689933,"Anjali Shah","2026-08-17 09:30:28",272.8,2,anjalishah0306
8076,16790137,sinchir0,"2026-08-30 12:52:05",272.6,1,sinchir0
8077,16660450,"prashant prakash","2026-08-08 09:45:36",272.2,2,prashantprakash28
8078,16649074,nanato,"2026-08-28 04:27:29",272.2,1,nanato
8079,16669523,Jackson55171,"2026-08-05 18:21:00",272.0,2,jackson55171
8080,16654290,"Srinivasa Ranga","2026-08-17 05:19:41",271.9,1,srinivasaranga
8081,16740800,"Shiva Sai","2026-08-19 03:54:27",271.8,1,shivasai846
8082,16663869,CYBER_TECH99,"2026-08-05 01:40:15",271.7,2,cybertech99
8083,16639684,Rubel,"2026-08-05 18:49:11",271.4,2,rubel01
8084,16679467,"Ahmed Zedan","2026-08-18 00:28:27",271.1,2,ahmedzedan11
8085,16684191,"Patel Aryan D","2026-08-10 07:36:13",270.8,2,patelaryand
8086,16676007,"Lao KENAO","2026-08-15 01:15:48",270.8,2,laokenao
8087,16795353,BlurreA,"2026-08-31 06:42:30",270.6,1,blurrea
8088,16689903,wangbohuan,"2026-08-08 09:35:12",270.4,2,wangbohuan
8089,16670185,"Odilon Yehouenou","2026-08-13 20:23:58",270.3,2,odilonyehouenou
8090,16625775,liubingxin205,"2026-08-15 06:29:40",270.2,2,"hongjuw,liubingxin205"
8091,16663191,"Arnav Anand","2026-08-04 19:53:08",270.2,1,arnavair27
8092,16760903,"Derrick Lace","2026-08-23 04:23:40",269.6,2,derricklace
8093,16885774,"Adama Savadogo","2026-09-13 12:11:30",269.3,2,adamasavadogo
8094,16664863,zzzhhcc,"2026-08-13 06:15:42",269.1,2,zzzhhcc
8095,16757098,"Tharun kumar Jaya kumar","2026-08-30 02:29:39",269.0,1,tharunkumarjayakumar
8096,16701143,macneil,"2026-08-14 14:53:54",268.9,2,macneil
8097,16691322,"Anita rai98765","2026-08-16 19:05:43",268.8,2,anitarai98765
8098,16661231,"R Ajay Kumar12","2026-08-04 14:12:11",268.5,1,rajaykumar12
8099,16725288,mustafasadiqi,"2026-08-15 12:26:35",268.4,1,mustafasadiqi
8100,16690494,StevenBeyen,"2026-08-13 07:55:32",268.3,2,beyensteven
8101,16790483,"ivo nahuel jasinskas","2026-08-29 14:08:28",268.1,1,ivonahueljasinskas
8102,16627717,da_pond,"2026-07-31 08:33:57",268.1,1,dapond
8103,16633483,"benkerrouche abdelbasset","2026-08-07 16:11:50",268.0,1,bassetkerouche
8104,16645300,szyulian,"2026-08-04 04:42:36",267.9,1,szyulian
8105,16687891,qklent,"2026-08-09 19:44:12",267.6,1,qklent
8106,16668559,Goups,"2026-08-22 09:11:46",267.6,2,hervrenard
8107,16623823,"Julieta Rubis","2026-07-31 04:45:53",267.5,2,julietarubis
8108,16677517,justnyoike,"2026-08-10 01:12:56",267.4,2,justnyoike
8109,16701041,"Meet Babariya","2026-08-10 14:21:06",266.3,1,meetbabariya
8110,16796678,ka,"2026-08-31 16:16:03",266.3,1,kandruszek
8111,16686316,"Ali mohon","2026-08-07 16:16:43",266.2,2,alimohon
8112,16624026,"Russell Kirk","2026-09-13 14:35:30",266.1,2,russcore
8113,16665461,"Krishna Golwala","2026-08-24 18:39:08",265.9,2,krishnagolwala
8114,16635098,"Charvi Upreti","2026-08-15 05:43:59",265.8,1,charviupreti
8115,16811407,"Souta Wakatsuki","2026-09-11 17:25:44",265.4,2,souwaka
8116,16670674,"Foodle Jang","2026-08-19 22:14:34",265.0,2,foodlejang
8117,16658644,"Hitarth Pandey","2026-08-09 03:04:42",264.8,1,hitarthpandey
8118,16708246,StudyForUse01,"2026-08-11 16:58:19",264.7,1,studyforuse01
8119,16655813,minerppdy,"2026-08-04 06:06:58",264.6,1,minerppdy
8120,16767173,AgriNexus,"2026-09-12 12:58:54",264.5,2,rashmirajput0102
8121,16729884,"Chaimaa Matrag","2026-09-05 19:51:34",264.3,2,chaimaamatrag
8122,16665243,"Harshit Jha","2026-08-05 13:40:16",264.3,2,harshitjha28
8123,16718890,"Andy Symonds","2026-08-19 23:04:11",264.2,2,andyivanhoe
8124,16845314,ryvhii,"2026-09-09 03:48:30",264.0,2,ryvhii
8125,16852383,"Ahmed Mostafa #2","2026-09-08 06:46:03",263.7,2,republic966
8126,16748882,gsv,"2026-08-20 16:13:45",263.6,1,ram1o1
8127,16792392,pansya,"2026-08-30 08:13:58",263.5,1,pansya
8128,16697712,"Daniel Hebenstreit","2026-09-06 11:53:20",263.4,2,danielhebenstreit
8129,16659280,"yahaya zayyan","2026-08-04 10:51:16",263.4,1,yahayazayyan
8130,16670506,"Juan Andres Bravo Mejia","2026-08-05 21:40:17",262.9,1,juanandresbravomejia
8131,16660321,syafanidwina,"2026-08-05 00:41:33",262.8,1,syafanidwina
8132,16655762,"Idrisse Moundhir","2026-09-05 08:21:45",262.8,1,idrissemoundhir
8133,16814952,"Ngọc Huyền","2026-09-03 08:06:07",262.8,1,ngchuynss
8134,16657777,"sandeep kumar","2026-08-04 11:41:21",262.7,2,sandeep088
8135,16756743,"Ismail Alli Adekunle","2026-08-21 22:59:18",262.7,1,ismailalliadekunle
8136,16676003,franck,"2026-08-06 14:59:55",262.7,2,bakura
8137,16649650,"Ashish Barnawal","2026-08-11 04:08:04",262.7,1,klein4
8138,16713601,"Omar spok","2026-08-19 13:27:13",262.6,2,omarspok
8139,16678647,"Zorawar Singh","2026-08-06 19:55:53",262.5,2,zorawarsingh677
8140,16723065,"Kaio Castro","2026-08-28 17:24:26",262.4,1,kaiocastro
8141,16699790,Aryanpal07,"2026-08-16 12:28:53",262.4,1,aryanpal07
8142,16667063,"Amiksha S","2026-08-09 15:16:49",262.3,1,amikshas
8143,16665719,"[Armenia] Narek Petrosyan1","2026-08-05 07:49:34",262.2,1,narekpetrosyan1
8144,16728350,fajarnadeem808,"2026-08-16 13:07:59",262.1,2,fajarnadeem808
8145,16711673,losingself,"2026-08-12 09:07:45",262.0,1,level14taken
8146,16662066,"Yug Savalia","2026-08-06 19:06:26",261.9,1,"priyankagarg19,yugsavalia"
8147,16664157,"Runjie Zhu","2026-08-10 11:49:13",261.9,1,damiendesolei
8148,16695937,Ryckiii,"2026-08-09 13:03:24",261.7,1,ryckiii
8149,16850036,Sumzali083,"2026-09-07 19:23:11",261.4,1,sumzali083
8150,16655292,"Ingrid Fellah","2026-08-04 06:31:35",261.1,2,ingvor
8151,16719618,Javierrcs,"2026-08-14 13:16:05",261.0,1,javierrcs
8152,16658152,MingSUN007,"2026-08-04 13:46:29",261.0,2,mingsun007
8153,16665614,MesonLabs,"2026-08-11 06:17:27",260.9,1,mesonlabs
8154,16738539,"Sharath S","2026-08-21 05:19:45",260.8,2,akicodes
8155,16660471,"Obsessed Beings","2026-08-24 16:44:48",260.7,2,"meur99,muhammedsaeed315,obsessedbeing,studentwork01"
8156,16706312,"shabbar taj","2026-08-11 16:35:57",260.6,2,shabbartaj
8157,16822259,"Craig Goldswain","2026-09-07 14:52:01",260.6,2,craiggoldswain
8158,16683428,"Darsh Jilka","2026-08-19 09:03:08",260.5,2,darshjilka
8159,16657440,Lz7_129,"2026-08-04 15:26:01",260.4,1,lz7129
8160,16762459,GNR_network,"2026-08-23 13:59:19",260.3,1,gnrnetwork
8161,16750033,davidw001,"2026-08-20 17:13:07",260.3,1,davidw001
8162,16690161,"Sudipto Event","2026-08-11 09:25:00",260.2,2,sudiptoevent
8163,16658888,NovaBytes,"2026-08-06 07:06:34",260.2,2,"drashtisingh14,kjjkjjk3107"
8164,16666574,"hrishit prakash","2026-08-05 13:26:37",259.6,2,hrishitprakash
8165,16677788,DorianCo,"2026-08-06 18:10:06",259.5,2,dorianco
8166,16675981,"Luca R","2026-09-13 08:39:57",259.5,2,luck058
8167,16707372,"zidu cheng","2026-08-11 13:30:40",259.5,1,ziducheng
8168,16769754,daguniang,"2026-08-26 00:44:59",259.3,2,daguniang
8169,16666027,CropBOTS,"2026-08-13 16:12:42",259.0,2,"anshultickoo,itsmepooja,manuakumar,sapnajain115"
8170,16670004,Zinc-Eater,"2026-08-19 22:50:41",258.8,2,zans7331
8171,16659374,"[Deleted] 8f7327b9-2576-439b-bd6e-3f5fde366ebe","2026-08-04 10:12:44",258.6,1,del=8b215115eb53cbc1
8172,16784952,"Adria Barreto","2026-08-28 16:06:57",258.5,1,adriabarreto
8173,16771048,"Aditya Pawar","2026-08-25 16:55:04",258.3,1,aditya22102001
8174,16661469,"Qiqi Xie","2026-08-06 20:53:32",258.3,2,qiqixie123
8175,16654853,"Saketh Rao","2026-08-03 21:43:14",258.1,1,sakethrao
8176,16658567,"Sharif Mohamed (1)","2026-08-04 13:16:47",258.0,1,sharifmohamed1
8177,16762167,"Arkoday Roychowdhury","2026-08-24 01:29:19",257.9,2,arkodayroychowdhury
8178,16655159,"Marcel Relaford","2026-08-13 01:26:26",257.8,1,marcelrelaford
8179,16859006,"king huang","2026-09-10 06:09:41",257.3,1,kinghuang123
8180,16737009,"Alexandre Pedrosa","2026-09-03 07:42:20",257.3,1,alexandrepedrosai
8181,16749514,"M Harini","2026-08-20 16:43:59",257.3,1,rvmharini
8182,16656692,"kinza aftab 714","2026-08-04 05:43:51",257.2,2,kinzaaftab714
8183,16759675,TianKitty,"2026-08-27 04:43:06",257.1,1,tiankitty
8184,16657426,"M.Mukunda Reddy","2026-08-17 06:18:11",257.0,2,mmukundareddy
8185,16782747,goodgreen,"2026-08-28 04:30:23",256.9,1,goodgreen
8186,16723467,"Vladas Verkelis","2026-08-15 14:23:42",256.7,1,vlaveris
8187,16758090,"JOYMIE TALICUAD","2026-08-22 10:07:40",256.5,1,joymietalicuad
8188,16665704,"Sreesanth M S","2026-08-05 07:12:05",256.5,1,sreesanthms
8189,16671302,"Pratish Chaudhary","2026-08-10 00:35:01",256.4,1,pratishchaudhary
8190,16673369,Frame,"2026-08-06 07:59:47",256.2,1,rainorwang
8191,16667684,"Tim Neale","2026-08-06 13:01:12",256.0,1,timothyjneale
8192,16841277,"Luis Garza Gonzalez","2026-09-08 05:07:26",255.8,2,luisgarzagonzalez
8193,16632145,kazuki_kazukazu,"2026-07-31 14:53:13",255.2,1,kazukikazukazu
8194,16830761,Skarmory,"2026-09-04 13:05:56",255.2,1,syarnorke
8195,16762081,VKAUL3,"2026-08-23 12:09:08",255.2,1,vkaul3
8196,16725104,ManasviVarma,"2026-08-23 10:20:35",254.8,1,manasvivarma
8197,16730720,broccoli,"2026-09-13 11:31:17",254.7,2,norihori0917
8198,16666553,DevChheda26,"2026-08-05 09:53:22",254.4,1,devchheda26
8199,16818924,"super penguin king","2026-09-03 12:35:44",253.8,1,superpenguinking
8200,16783872,"Soupau Lev","2026-09-01 09:50:33",253.7,1,olivierauffret
8201,16809584,"Kinnal Rutu","2026-09-02 15:01:01",253.7,2,kinnalrutu
8202,16708480,"Omar M.Moustafa","2026-08-11 18:55:58",253.6,2,omarmmoustafa
8203,16819370,"István Csik","2026-09-03 13:39:36",253.3,2,istvncsik
8204,16817626,"Jaya Singh","2026-09-06 05:30:17",253.1,1,jayasingh12
8205,16654067,DataForge,"2026-08-05 10:19:25",253.0,2,"chanduchandini,goriparthiramatulasi,srilakshmipanitini,suryachakradhar"
8206,16655786,leavts,"2026-08-04 02:35:50",252.9,1,leavts
8207,16654318,"Aryan Raj Ayush","2026-08-23 08:34:14",252.9,1,aryanrajayush
8208,16793148,"Hoàng Trung Nguyễn","2026-09-01 08:08:00",252.3,2,hongtrungnguyn
8209,16666512,RexHuang936,"2026-08-07 08:51:41",251.8,2,rexhuang936
8210,16633833,"mohammad javad Kamali","2026-08-19 05:13:42",251.5,1,mohammadjavadkamali
8211,16667691,alexanderctrl,"2026-08-18 10:10:51",251.4,2,alexanderctrl
8212,16637845,"Hadjmohamd Seif","2026-08-08 21:47:53",251.4,2,hadjmohamdseif
8213,16683998,"Mahoraga save me","2026-08-07 22:09:22",251.2,2,yqngyv
8214,16668379,dccgps,"2026-08-08 05:44:36",251.0,1,dccgps
8215,16632795,"vishwottam kudekar","2026-08-05 18:19:02",250.9,1,vishwottamkudekar
8216,16659900,"Abu Bakr","2026-08-04 18:30:29",250.8,2,mohamed32010
8217,16733752,Abhi,"2026-08-17 19:34:16",250.6,1,zeroday19
8218,16655508,bigsea,"2026-08-04 01:31:58",250.5,2,sakamakihiromi
8219,16658383,"SIVA S","2026-09-13 06:02:29",250.4,2,codingmaster24
8220,16644210,"حسنين ساجد","2026-08-07 22:08:44",250.0,2,kutghngf98687er
8221,16821068,"Danila Goncharenko","2026-09-03 15:22:12",250.0,2,danilegovich
8222,16772089,"Ana Riquele","2026-08-26 18:11:38",249.7,2,anariquele
8223,16703295,Yuting,"2026-08-13 20:42:16",249.7,2,yutinghanuxd
8224,16831820,"Raihan Saladin","2026-09-12 17:21:34",249.7,2,raihansaladin
8225,16653997,"Alekya Valapushetty","2026-08-05 13:52:08",249.3,2,alekyavalapushetty
8226,16654293,"Jatin N. Soni","2026-08-18 09:59:05",249.0,2,jatinsoni111
8227,16725615,carside,"2026-08-29 04:49:31",248.9,1,carside118
8228,16761134,mash3gt,"2026-08-23 06:10:12",248.8,1,shiroguitar
8229,16659001,"Tim Wanjohi","2026-08-12 11:43:16",248.8,2,timwanjohi
8230,16744954,charley8,"2026-08-22 06:23:36",248.8,2,charley8
8231,16712990,shreyaaaaa9,"2026-08-12 16:17:06",248.5,1,shreyaaaaa9
8232,16712979,"Yusuke Tsukuda","2026-08-12 14:58:39",248.0,1,yusuketsukuda
8233,16675956,"Hassan Alghamoudi","2026-08-10 02:36:36",247.5,2,hassanabdulhafid
8234,16790992,"Matthew Knyazev","2026-08-29 17:53:40",247.3,1,matthewknyazev
8235,16663066,"Mithun Kore","2026-08-29 19:18:28",247.3,1,mithunkore
8236,16811524,PeiyuQian,"2026-09-11 16:00:55",247.3,2,peiyuqian
8237,16623099,"Bovard Doerschuk-Tiberi","2026-07-30 21:04:23",247.2,1,bovard
8238,16806577,ShinYAM1002,"2026-09-06 17:33:20",247.1,1,shinyam1002
8239,16714263,Lmfm24,"2026-08-12 20:38:01",247.1,2,lmfm24
8240,16662039,"Ajat Rosadi","2026-08-04 16:58:10",247.1,2,ajatrosadi
8241,16687620,Goktug1,"2026-08-24 21:03:56",247.1,2,goktug1
8242,16669756,AlgSaid,"2026-08-05 18:54:07",246.8,1,imabdallah
8243,16690286,imunderthetree,"2026-08-08 12:25:51",246.7,2,imunderthetree
8244,16745293,Harvey,"2026-08-22 04:20:10",246.6,2,celestia0113
8245,16706410,lixiaoxin25,"2026-09-08 07:01:07",246.5,2,lixiaoxin25
8246,16717555,"Mariem GLIOUEZ","2026-09-10 15:21:07",246.1,1,mariemgliouez
8247,16659203,"Praful Nayak","2026-08-05 08:17:06",245.9,2,prafulnayak2003
8248,16643821,"arnav chaturvedi123","2026-08-02 22:16:08",245.9,2,arnavchaturvedi123
8249,16696266,"Pandarasamy Arjunan (Samy)","2026-08-09 14:16:03",245.6,1,samy101
8250,16698399,liuzhangzhen,"2026-08-10 09:49:23",245.6,1,liuzhangzhen
8251,16768507,"Dhanush Ballanki","2026-08-25 00:33:27",245.5,1,dhanushballanki
8252,16822994,"Peter Danilov","2026-09-03 18:16:23",245.2,1,pndanilov
8253,16730653,"Daham Dissanayake","2026-08-21 03:17:15",245.1,1,"dahamdissanayake,dinuginimnara"
8254,16662603,"Shem Gikunda","2026-08-06 17:24:48",245.0,1,shemgikunda
8255,16882350,akacome,"2026-09-12 18:32:37",244.9,1,akacome
8256,16672767,"FasterYouChase FasterIRun","2026-08-09 13:15:12",244.8,2,icoguser
8257,16691583,Caleb,"2026-08-09 14:32:52",244.7,2,collev
8258,16723075,"Cauã Freitas","2026-08-28 17:35:54",244.0,1,cauafreitas
8259,16663003,devzohaib,"2026-08-04 21:27:30",244.0,1,devzohaib
8260,16653319,"Md. Rasel Meya","2026-08-06 14:42:18",243.7,2,raselmeya
8261,16727383,"Minchul Shin","2026-08-20 07:50:37",243.2,1,nashory
8262,16643319,Jules,"2026-09-13 07:43:51",242.7,2,julesvanligtenberg
8263,16681959,"shun takinami","2026-08-07 05:43:47",242.7,1,shuntakinami
8264,16751488,Klixel,"2026-08-21 03:35:28",242.6,1,klixel
8265,16774202,Wrs,"2026-08-26 09:21:40",242.5,1,wrsarch
8266,16728249,"Ahmet Kiraz","2026-08-17 07:23:30",242.0,1,ahmetqiraz
8267,16666383,"Sindhi Vishal","2026-08-14 10:46:32",241.9,2,sindhivishal
8268,16687574,"Yash Raghuvanshi","2026-08-07 22:09:38",241.8,2,yashraghuvanshi25
8269,16887893,"Sridhar C","2026-09-13 20:12:56",241.6,2,sridharchinnasamy
8270,16849556,"Peter Bull","2026-09-08 12:41:45",241.6,2,peterbull
8271,16658783,"Devesh Choudhury","2026-08-07 17:08:33",241.5,2,deveshchoudhury
8272,16861601,aliksey,"2026-09-11 17:22:46",240.8,2,aliksey
8273,16712844,"ray hengbo","2026-09-01 03:35:31",240.6,1,rayhengbo
8274,16784360,"Suraj Kumar","2026-09-08 10:20:42",240.5,2,suraj99km
8275,16685128,"Rohan Hake","2026-08-10 12:48:36",240.4,2,rohanhake
8276,16845903,"Tsubasa Hizono","2026-09-07 05:47:46",240.3,2,tsubasahizono
8277,16632881,"Brisa Marina","2026-08-07 16:13:15",240.1,1,brisamarina
8278,16654314,Mahamudul_Hassan_8012,"2026-08-03 18:33:07",240.0,2,mahamudulhassan8012
8279,16624000,Leneen,"2026-08-31 16:02:47",239.9,1,leneen
8280,16798369,"Olabode James","2026-09-01 20:40:53",239.8,1,olabodejames
8281,16668654,"Zharkyn Makhanbet","2026-08-10 18:28:08",239.7,1,imadparadoxi
8282,16707519,"Pradnya Khanse","2026-08-11 12:52:07",239.5,1,pradnyakhanse
8283,16716407,"Ibrahim Adamu Anka","2026-08-13 09:01:38",239.0,2,ibrahimadamuanka
8284,16866478,aktk,"2026-09-10 16:43:56",238.9,2,aniltk
8285,16621290,"Muhammad Ahsan","2026-07-30 17:35:00",238.9,2,ahsanneural
8286,16653941,"Sachin Kumar Kushwaha","2026-08-11 08:45:11",238.6,2,sachinkumarkushwaha
8287,16708091,"Dipak Kumar Samanta","2026-08-11 15:17:04",238.6,1,dipak889
8288,16684891,SARTHAK,"2026-08-14 19:07:26",238.3,1,s4rth4k01
8289,16785175,SonOfNike,"2026-08-28 17:20:58",238.0,1,sonofnike
8290,16725537,"Ayan Bashir Sheikh","2026-08-15 18:02:07",237.9,2,ayanbashirsheikh
8291,16659572,"ABHILASH PRAHARAJ","2026-08-04 11:24:21",237.0,1,abhilashpraharaj
8292,16885658,mio114,"2026-09-13 14:05:56",236.9,2,mio114
8293,16665701,ManuelWick-Eckl,"2026-08-27 16:01:18",236.8,2,manuelw
8294,16662048,"Deekshitha Prabhakar","2026-08-06 18:15:45",236.7,2,deekshithaprabhakar
8295,16760920,"Román Eliezer Pérez Ríos","2026-08-31 18:07:43",236.7,2,perezrios
8296,16698886,pied_piper,"2026-08-10 14:11:15",236.5,2,ahanhalder
8297,16675104,"khwaja Moula'Ali","2026-08-06 11:30:49",236.2,1,khwajamoulaali
8298,16809006,Ilya,"2026-09-02 13:23:05",236.1,1,zhukov
8299,16662353,"LAYAL ALNASHMI","2026-09-12 11:37:55",235.4,2,waitups
8300,16779857,0x74,"2026-09-03 14:03:17",235.4,1,i0x74i
8301,16660291,"Abhijit Rajkumar","2026-08-04 13:27:44",235.4,2,abhijitrajkumar
8302,16723726,"Erika Worrall","2026-08-15 23:09:17",235.2,1,erikaworrall
8303,16698987,"Shree Ashok L","2026-09-01 05:16:16",234.7,2,"praneelbaskar,rishivarathan,santhoshkumarp24,shreeashok72"
8304,16661810,AGNES33,"2026-08-16 19:09:18",234.5,2,agnes33
8305,16743823,"Zeyu Huang_summer","2026-08-19 17:24:11",234.2,2,zeyuhuangsummer
8306,16782525,"Ashish Mittal","2026-08-28 05:27:46",233.6,2,ashish1502g
8307,16684908,"Nidal Saleh","2026-08-08 14:08:20",233.5,2,nidalsaleh
8308,16644398,Nurkan123,"2026-08-16 21:20:24",233.4,2,nurkan123
8309,16885828,U-Bex,"2026-09-13 10:35:08",233.1,1,shuichiurabe
8310,16667365,"leul dereje","2026-08-08 06:54:54",233.0,2,leuldereje
8311,16728152,"Kenji Tai","2026-08-16 18:27:33",232.7,2,kenjitai
8312,16676991,"Jack Hopkins","2026-08-19 19:11:37",232.6,2,jackhopkins
8313,16858986,kam,"2026-09-09 08:02:20",232.6,1,kotakambayashi
8314,16669060,Twansss,"2026-08-15 04:37:59",232.6,2,twansss
8315,16814858,"Sankalp Patidar","2026-09-09 06:13:01",232.1,1,sankalppatidar
8316,16879578,"kabir Merakeb","2026-09-13 17:56:25",231.9,2,kmerakeb
8317,16706134,NK11FC,"2026-08-25 11:30:00",231.7,2,nk11fc
8318,16710929,"Pooja Divekar","2026-08-16 08:22:48",231.4,1,poojadivekar123
8319,16687514,Dark_1926,"2026-08-07 20:30:33",231.3,1,dark1926
8320,16658761,!Aman212,"2026-08-04 12:10:28",230.9,2,aman9142424
8321,16793391,"Muhammad Ussman","2026-09-13 11:45:53",230.5,2,muhammadussman
8322,16723404,"Mahdi Al Hajji","2026-08-20 02:13:12",230.1,2,mhh1430hacker
8323,16799132,"Marlon Vasquez","2026-09-01 08:07:31",229.2,2,vexmeavf
8324,16667550,"Oseni Sakariyau Oluwadamilare ","2026-08-23 10:05:56",229.0,2,sakabambam
8325,16654256,"KONGARA PRASANTH","2026-08-04 03:40:27",228.8,2,prasanth2008
8326,16689364,"Udbhav Purwar","2026-08-11 10:12:00",228.7,1,udbhavpurwar
8327,16711840,OverfitMilkCake,"2026-08-13 06:36:21",228.6,1,overfitmilkcake
8328,16656900,Hxrsh09,"2026-08-10 14:39:46",228.5,2,hxrsh09
8329,16680521,"Luis Enrique Dalmau","2026-09-04 09:45:18",228.3,2,luisenriquedalmau
8330,16657525,"Alae Lakhdar","2026-08-05 08:10:49",228.3,1,alaelakhdar
8331,16867344,"shayan yadegaridehkordi","2026-09-12 17:05:44",228.2,1,shayanyadegari32
8332,16639692,"Nirmal Patel","2026-08-06 03:05:27",228.0,2,nirmalpatel02
8333,16750526,"Marcel Biezunski","2026-09-05 16:44:52",227.3,1,marcelbiezunski
8334,16623274,Mhmda81,"2026-08-03 00:10:04",226.3,2,mhmda81
8335,16697020,"Hossam elden Mohamed","2026-08-15 01:13:51",226.0,2,hossameldenmohamed
8336,16870461,Fumi,"2026-09-13 10:10:00",225.8,1,cheersbeer
8337,16671342,"Danh Nguyen 1303","2026-08-09 14:47:52",225.7,1,danhnguyen1303
8338,16716386,"Dev Marya","2026-08-13 09:26:18",225.5,1,devmarya
8339,16658311,zkskhurram,"2026-08-05 07:59:40",224.8,2,zkskhurram
8340,16632724,"Sayan Dutta","2026-08-04 07:47:42",224.7,1,sayan1507
8341,16668438,"Sahil Suman","2026-08-16 17:09:20",224.6,1,sahilmanavraunak
8342,16654482,SarahShams,"2026-08-14 16:36:06",224.5,2,sarahshams
8343,16623846,"masatoshi hiraki","2026-07-31 07:52:39",224.3,2,masatoshihiraki
8344,16762162,"Shota Hirao","2026-08-23 12:34:05",224.0,1,shotahirao
8345,16639615,rickzai,"2026-09-01 05:37:21",224.0,2,rickzai
8346,16697628,"Yash Sharma","2026-08-17 15:33:32",223.5,2,yashsharma42
8347,16767932,"Mark #3","2026-09-13 19:03:20",223.4,2,markdjadchenko
8348,16777986,小雨姑娘,"2026-08-27 21:51:19",223.4,2,skewcy
8349,16687337,"sravani kamjula","2026-08-07 19:38:39",223.3,2,sravanikamjula
8350,16635610,JeffFosterUK,"2026-08-01 17:16:52",223.2,2,jefffosteruk
8351,16751141,DeadJed,"2026-08-26 11:10:40",223.0,2,deadjed
8352,16663438,"Varun Prajapati","2026-08-08 21:54:54",222.2,2,"krunalasari,varun2206"
8353,16656633,N25H03A1028,"2026-08-05 05:18:45",222.0,1,pardhusadhu
8354,16713179,"Enise Zengin","2026-09-13 18:51:03",221.9,2,enisezengin
8355,16769114,angayoung,"2026-08-25 07:22:00",221.8,1,joaga0603
8356,16659598,kudston,"2026-09-12 13:08:10",221.8,1,kudston
8357,16654244,"Saad Nanawala","2026-08-03 18:17:33",221.4,1,saadnanawala
8358,16712395,"Zuohong Pan","2026-08-12 12:15:40",220.7,1,pshuaibi
8359,16750285,LeEmperor,"2026-08-22 04:36:18",220.2,2,leemperor
8360,16778545,Mizunooo,"2026-09-10 10:16:12",220.1,2,mizunooo
8361,16659703,"Ananya #2","2026-08-04 12:00:26",219.9,1,ananyax8
8362,16682051,"Noorjahan Siddiqui","2026-08-10 09:33:35",219.6,2,noorjahansiddiqui
8363,16701138,superpig,"2026-08-19 09:43:31",219.3,1,geniussuperpig
8364,16682689,HenryRichardson1,"2026-08-07 10:00:12",219.3,1,henryrichardson1
8365,16702060,Mcusac,"2026-08-13 19:42:54",219.3,1,mcusac
8366,16744221,Dizzy1829,"2026-08-29 04:15:48",219.1,1,dizzy1829
8367,16660309,"Hazem Mahmoud Elsayd","2026-08-04 16:34:31",218.3,2,hazemmahmoudelsaid
8368,16743329,"Daniel Obioma emenike","2026-09-11 12:32:22",218.2,2,danielobiomaemenike
8369,16744545,"Aditya Kumar Singh 013","2026-08-19 18:45:42",217.1,1,adityakumarsingh013
8370,16675428,"Farhan Khairullah","2026-08-09 16:22:00",217.1,2,farhankhairullah06
8371,16668024,"Igor Burkov","2026-08-07 04:35:37",216.9,2,igorburkov
8372,16700992,Abhishek_1355,"2026-08-25 09:17:08",216.5,1,abhishek1355
8373,16660930,"Chung Ching Yeh","2026-08-04 14:44:34",216.1,2,chungchingyeh
8374,16773557,"Rudra kalyan","2026-08-26 09:08:54",215.9,2,rk1144
8375,16780411,K.Satwik,"2026-08-27 16:23:04",215.5,2,ksatwik3220
8376,16659283,"DILEEP POTHULA","2026-08-08 06:43:15",215.3,2,dileeppothula
8377,16656515,"Rushal Manandhar","2026-08-06 04:15:01",215.2,1,rushalmanandhar
8378,16661689,"David Rao","2026-08-04 18:27:01",214.3,1,davidrao63
8379,16688190,"Win M","2026-08-08 00:28:18",214.3,1,winmet
8380,16659910,"Shraddha Kumbhar","2026-08-07 09:55:58",214.3,2,raj113
8381,16802203,"Sadaf Mughees","2026-09-11 15:16:39",214.1,2,sadafmughees
8382,16684237,Zen_0910,"2026-08-07 17:07:02",214.0,1,zendeptrai
8383,16685568,Secertive,"2026-08-08 17:59:52",213.7,1,secretiveplotter1863
8384,16789570,wyananwyanan,"2026-09-13 11:53:27",213.6,2,wyananwyanan
8385,16636540,"Burkova Nastia","2026-08-01 13:34:02",213.4,2,"burkovanastia,ellvalerie"
8386,16633133,Holeneckles,"2026-09-07 17:24:26",213.0,2,holeneckles
8387,16674093,"Hoàng Trần Đặng Minh","2026-08-06 08:54:38",212.8,1,hongtrnngminh
8388,16741239,"fjf 1asd","2026-08-19 08:46:31",212.6,1,fjf1asd
8389,16744461,"Adiratna Kamble","2026-08-21 22:05:13",212.2,1,adiratnakamble
8390,16655482,Apoorv007,"2026-08-04 01:55:41",211.5,1,apoorv007
8391,16660749,"PavanK Saketh","2026-08-04 13:38:48",211.4,2,pavanksaketh
8392,16656287,sandip_shaw123,"2026-08-05 10:02:07",210.1,1,sandipshaw123
8393,16665463,Seendon,"2026-08-06 19:19:25",209.6,2,informationminer
8394,16738563,"Amrutha H","2026-08-19 14:01:51",209.4,1,amr13utha
8395,16692652,"Harsith R","2026-08-08 20:26:56",209.2,1,chiefofpredicitions
8396,16669473,"William Bickelmann","2026-08-05 17:47:13",209.2,1,williambickelmann
8397,16700832,Blitz,"2026-08-10 11:37:18",208.7,1,premshinde
8398,16656196,"Vishwash Golakiya","2026-08-27 01:07:00",208.6,1,vishwashgolakiya
8399,16813582,Soham_7391,"2026-09-03 06:44:41",208.5,1,soham7391
8400,16663910,"Shivram Nekkanti","2026-08-07 14:38:04",208.4,1,shivramnekkanti
8401,16735735,Rishabh@1304,"2026-09-12 10:08:51",208.3,2,rishabh1304
8402,16732342,"Viktor Antonov","2026-08-18 10:22:32",208.2,1,viktorantonov
8403,16672284,"Dhruv | AI/ML Engineer in Progress","2026-08-07 06:55:13",208.1,1,dhruvdipakchudasama
8404,16885735,keith,"2026-09-13 13:40:05",208.1,1,kamatt
8405,16633342,farm75,"2026-08-03 14:03:14",207.9,2,sakthi75
8406,16677786,"[Deleted] aec7dc1f-59cb-486f-998a-d2407e297536","2026-08-26 13:39:08",207.8,2,del=0fde9ba2630fee3c
8407,16667238,"Srija ganguluri","2026-08-07 10:14:48",207.5,1,srijaganguluri
8408,16670747,"Aryan Kumar Chaudhary","2026-08-11 22:46:05",207.4,2,"aryankumarchaudhary,rakshitmundra"
8409,16668506,"Louie Tang","2026-08-08 06:56:52",207.3,2,louietang
8410,16651507,jappanini,"2026-08-03 09:14:04",206.9,1,jappanini
8411,16823341,"Agnieszka Sobala","2026-09-03 20:15:55",206.9,1,agnieszkasobala
8412,16731142,yshinok,"2026-09-12 12:11:25",206.7,1,yukishinohara0114
8413,16794720,"paola hernandez55","2026-08-31 04:19:31",206.1,1,paolahernandez55
8414,16623131,"Liam Carrig Newsam","2026-08-04 00:00:03",206.0,1,liamcarrignewsam
8415,16749225,"Hisyam Prasetyo","2026-08-27 11:26:07",206.0,2,hisyamprasetyo
8416,16681610,"team maccy","2026-08-07 20:27:06",206.0,1,robertgama
8417,16844194,小林周人,"2026-09-06 15:52:14",206.0,2,kobashu
8418,16661252,"Andrzej Walczak","2026-08-05 09:46:19",205.6,2,andrzej1983
8419,16826118,shishuyang11,"2026-09-04 06:50:04",205.3,1,shishuyang11
8420,16724325,Melancholian,"2026-08-15 06:43:12",204.7,1,kasaneru
8421,16798152,"A secretive person","2026-09-02 13:18:48",204.6,1,asecretiveperson
8422,16861721,"SJ Gamsyy","2026-09-11 09:40:23",204.4,2,sjgamsyy
8423,16656771,"thushara bandara","2026-08-07 04:13:43",204.3,2,dushyanthibandara
8424,16730086,HanaGhanem,"2026-08-16 23:44:56",204.0,1,hanaghanem
8425,16739908,"Asfam Parvez Kawser","2026-09-10 09:42:54",203.4,2,asfamparvezkawser
8426,16652159,Boson328,"2026-08-04 10:06:13",203.3,1,boson328
8427,16717586,wangjialu2333,"2026-08-15 09:29:36",203.2,1,wangjialu2333
8428,16696952,tronxz8,"2026-09-09 13:51:31",203.1,1,tronxz8
8429,16832928,"Ilgar Gurbanov","2026-09-10 12:41:23",202.2,2,ilgargurbanov57
8430,16661494,"Arulmaniyan Rajavel","2026-08-22 13:46:58",202.0,2,arulmaniyanrajavel
8431,16679713,"John william Vicente 🇧🇷","2026-08-07 00:38:57",202.0,1,chrollo079
8432,16769470,HaHHYbYY,"2026-08-26 07:52:33",201.8,1,hahhybyy
8433,16679470,"GamaL Mahmoud","2026-08-08 13:33:52",201.7,2,gamalmahmoudtaha
8434,16738145,綿鍋だよん,"2026-08-22 13:38:54",201.7,1,potrue
8435,16663913,"Aanaa Kaliil","2026-08-05 15:15:31",201.6,2,aanaakaliil
8436,16723262,"Tiago OliveiraLL","2026-08-28 18:22:12",201.3,1,tiagooliveirall
8437,16709957,"Lei Gao","2026-08-12 04:03:42",200.8,1,leigao31
8438,16666037,"Matheus Marques","2026-08-06 06:03:28",200.8,2,mathmarquesbr
8439,16662108,nhkien,"2026-08-05 06:52:18",200.5,2,nhkien
8440,16860921,jayjayfff,"2026-09-10 01:25:36",200.4,2,jayjayfff
8441,16882682,"BALQEES GHWANMEH","2026-09-12 22:05:06",199.7,2,balqeesghwanmeh
8442,16885565,"Shiva Rupan S","2026-09-13 11:19:14",199.4,1,shivarupan20me
8443,16644360,Mathous,"2026-08-02 20:28:00",199.0,1,mathisdac
8444,16664315,happy_boy_2007,"2026-08-12 09:04:40",198.8,1,happyboy2007
8445,16654827,"ADITYA KUMAR MISHRA","2026-08-03 20:07:22",198.7,1,aditya1kumarmishra
8446,16838890,"Yisher Xia","2026-09-05 16:09:13",198.3,1,yisherxia
8447,16869551,"Adrien ple","2026-09-11 12:48:34",198.3,2,adrienple
8448,16880960,Kiriesh,"2026-09-13 14:30:34",198.1,2,kiriesh
8449,16657628,Hamo,"2026-08-07 12:00:21",197.9,2,mohamed2223
8450,16768568,Nour102006,"2026-08-27 04:46:00",197.6,2,nour102006
8451,16858512,lkjmo123,"2026-09-09 06:45:18",196.2,1,lkjmo123
8452,16666414,salyamq,"2026-08-05 16:41:38",196.0,1,salyamq
8453,16637099,tobhull,"2026-09-09 01:58:40",195.6,2,tobhull
8454,16784431,"Régis Meyssonnier","2026-08-28 14:47:27",194.8,1,rgismeyssonnier
8455,16724242,"Romash Koirala","2026-08-20 11:34:14",194.4,1,romashkoirala
8456,16718139,"shah jatin","2026-09-12 16:40:52",193.5,2,shahjatin
8457,16756887,"Rushika S","2026-09-13 12:26:14",193.3,1,rushikas
8458,16841294,"Annu Rana1","2026-09-09 18:12:34",193.2,1,annurana1
8459,16693318,meow3301,"2026-08-09 02:33:34",193.1,2,meow3301
8460,16807557,coolz,"2026-09-09 06:35:51",192.3,2,cooolz
8461,16719771,"Oleg Papulov","2026-09-12 11:31:22",192.3,2,olegpapulov
8462,16773358,yogeshgoudapatil,"2026-08-27 14:59:13",192.2,2,yogeshgoudapatil
8463,16668048,"Gazi Sayem Uddin Samir","2026-08-05 14:29:51",191.9,2,gazisayemuddinsamir
8464,16706557,"Nurullah Gundogdu","2026-08-11 17:52:07",190.4,2,nurullahgundogdu
8465,16660146,4Solver,"2026-08-08 02:06:19",190.4,2,msfbiolinhares
8466,16775684,ketterking,"2026-09-13 09:43:35",190.2,2,"ketterwang,wwppyywwww"
8467,16663448,"Adel I.","2026-08-07 12:55:44",190.2,2,adelid
8468,16656954,"Marwan Elmetwally","2026-08-04 05:56:29",189.6,2,marwanelmetwally
8469,16639465,"Gabriel Aguiar Leao","2026-08-02 00:23:49",189.0,1,"gabrielaguiarleao,marcositta"
8470,16760392,Владимир,"2026-08-23 00:19:23",189.0,1,vgkuvshinov
8471,16635248,eosphor,"2026-08-01 09:46:59",189.0,2,eosphor
8472,16887280,"ronger zhu","2026-09-13 16:23:38",188.3,1,rongerzhu
8473,16662630,"M.mohamed Muhasir","2026-08-05 18:25:39",187.5,2,mmohamedmuhasir
8474,16654384,"Alladi Sai Kalyan Raman 24BCE1509","2026-08-30 09:33:11",187.4,2,alladisaikalyanraman
8475,16663333,"Iago Moura e Moreira","2026-08-04 20:05:06",187.3,1,iagomouraemoreira
8476,16724995,dice1494,"2026-08-16 08:51:34",185.8,1,dice1494
8477,16715896,新木,"2026-08-18 05:25:46",185.7,1,sunchief
8478,16670462,"Talha Kayar","2026-08-15 15:24:03",185.4,2,talhakayar
8479,16727681,JanV123,"2026-09-06 05:37:07",185.0,2,janv123
8480,16681895,Akshar,"2026-08-07 06:16:19",185.0,2,aks0625
8481,16831130,"Khushar Pal","2026-09-06 15:21:15",184.9,2,khusharpal
8482,16658635,"Deepak Kumar ","2026-08-05 02:38:29",184.7,2,deepak2026ml
8483,16707062,"G DOLANARASIMHA","2026-08-11 12:18:02",183.9,2,gdolanarasimha
8484,16697143,"Jeisa Mathew","2026-09-06 13:04:00",183.9,2,jeisamathew
8485,16676992,NIDHIHEER01,"2026-08-16 17:09:00",183.1,1,nidhiheer01
8486,16698307,AnasAl7,"2026-08-10 13:08:08",182.7,2,anasal7
8487,16730380,"FOKRUL ISLAM LECTURER","2026-08-19 01:56:28",182.3,2,fokrulislamlecturer
8488,16658440,"Gloria Lourelynn S","2026-08-04 15:16:09",182.2,1,glorialourelynn
8489,16629441,Sofia_Gilka,"2026-08-01 07:45:58",181.9,2,sofiagilka
8490,16674390,yangluo1,"2026-08-08 01:31:08",181.8,2,yangluo1
8491,16671985,"vishal waghchaure","2026-08-07 09:25:36",181.3,2,vishalwaghchaure
8492,16881853,Sleepyman,"2026-09-13 09:36:15",181.2,2,alishakeri1
8493,16623563,"Jocelyn Dumlao","2026-09-01 02:35:54",181.0,2,jocelyndumlao
8494,16668018,"DAVID CHEW HL","2026-08-06 06:36:34",180.9,2,davidchewhl
8495,16632111,"Arda Çiftçi","2026-08-04 20:03:37",180.8,2,ardaciftci
8496,16656278,"Bhuvaneshwari Rebba","2026-08-04 09:20:36",180.7,1,bhuvaneshwarirebba
8497,16690112,"Ayush Tripathi","2026-08-17 09:03:03",180.5,2,ayushtripathi112
8498,16683903,Saju,"2026-08-17 11:31:45",180.4,1,sajutr
8499,16734896,pattikamo,"2026-08-27 10:52:28",180.0,2,pattikamo
8500,16692568,"Muhammed Gulfam Toor","2026-08-13 19:04:32",180.0,2,gultoor
8501,16715354,"Alyssa Clark","2026-08-14 02:52:26",179.4,2,a1yssaclark
8502,16633003,"K Mukhiya ","2026-08-01 12:09:51",179.1,2,kmukhiya
8503,16653906,swaroop41,"2026-08-04 05:53:29",179.0,2,swaroop41
8504,16658693,leehuilong,"2026-08-06 12:49:22",178.9,2,leehuilong
8505,16663945,anyasri,"2026-08-18 03:52:31",178.9,2,anyasri
8506,16677328,"Eng. Husnain","2026-08-08 13:13:23",178.8,2,enghusnain
8507,16632418,"Bretokce 3amich","2026-08-07 12:18:26",178.8,2,bretokce3amich
8508,16677403,bababoy,"2026-08-15 14:55:17",178.8,2,adrienrenard
8509,16701106,moshito,"2026-08-10 14:13:58",178.7,2,"danamaulana123,moshito,naufaldhiaulhaq01"
8510,16691502,"DILANE FOGUE KAMGA","2026-08-08 15:20:05",178.7,1,dilanekamga
8511,16657892,"Boonanan namna","2026-08-17 04:36:04",178.4,1,boonanannamna
8512,16658401,"Aryan Lonare","2026-08-04 09:55:47",178.3,2,aryandyalullonare
8513,16665371,"Kevoh Mutwiri","2026-08-24 19:31:27",177.8,2,kevohmutwiri
8514,16671232,"sms tcil","2026-08-07 13:03:30",177.8,1,smstcil
8515,16718605,"صفاء عبد الرقيب","2026-09-06 19:27:10",177.6,2,bssgirl
8516,16669142,"Jaclyn Agee","2026-08-07 15:21:06",177.0,2,jaclynagee
8517,16858886,twispur,"2026-09-09 07:38:09",176.7,1,twispur
8518,16688165,"David @ Koantek","2026-08-25 23:53:17",176.6,2,artificialbrilliance
8519,16657306,"Krunal Chavda","2026-08-07 21:38:11",176.6,2,krunalchavda21
8520,16722089,"Saidjon Ramazonov","2026-08-16 05:51:50",176.6,2,saidjonramazonov
8521,16713329,qrcodeTH,"2026-08-13 08:22:40",176.6,2,thanaphumsaywonin
8522,16695951,"Gleb Makarenko","2026-08-09 18:21:25",176.4,2,gleny48
8523,16793648,Sarda___,"2026-08-30 16:51:21",176.4,2,brainnotfound3
8524,16657462,"CROP CODERS","2026-08-10 18:00:28",176.4,2,"dhanvanthraj,raghavan9944,shanmugam666,sitha2345,sumaiyahibrahim"
8525,16697339,"Muhammad Safwan Ahmad Saffi","2026-08-15 00:28:21",176.4,2,safwanahmadsaffi
8526,16884753,God111,"2026-09-13 05:22:00",176.3,1,god111
8527,16736759,"Lavesh Kadam","2026-08-18 10:55:05",175.9,1,laveshk314
8528,16756875,"Meryem Kevser Keskin","2026-09-01 21:30:35",175.7,2,meryemkevserkeskin
8529,16624973,"Mrunmayee Kulkarni","2026-07-31 06:16:46",175.4,1,kulmrun
8530,16663334,"sameer mughal","2026-08-29 20:12:57",175.3,2,sameermughal109
8531,16752120,"Görkem Tuğ","2026-08-24 10:45:35",175.2,2,grkemtu
8532,16657578,raushancoursework,"2026-08-05 06:54:51",175.1,1,raushancoursework
8533,16633551,"Subarno Sen","2026-08-25 04:42:35",175.1,2,lordfiftyfive
8534,16784932,"Shefali Pradhan","2026-08-29 10:03:30",175.0,2,shefalipradhan
8535,16670777,"Aman Yitbark","2026-08-13 05:43:27",174.9,1,amanyitbark
8536,16666706,baijiachang,"2026-08-05 11:04:21",174.9,1,baijiachang
8537,16752481,"Thanh Toan","2026-08-21 08:33:13",174.8,2,tonnglthnh
8538,16653462,"Ruchi Scott","2026-08-12 12:19:19",174.8,2,ruchiscott
8539,16667968,ChronosData,"2026-08-18 14:25:43",174.6,2,codex5843
8540,16660978,"Maksym Khavil","2026-08-04 13:43:48",174.4,1,maksymkhavil
8541,16630725,"vaibhav vyas","2026-08-06 10:56:52",174.3,2,vaibhavvyas0
8542,16863892,brunoarpa,"2026-09-10 02:43:09",174.1,1,brunoarpa
8543,16690433,"Amar Amar Gupta","2026-08-15 10:08:37",174.1,2,amaramargupta
8544,16743630,TRP,"2026-09-01 17:06:48",174.0,2,tejratanpaulrocky
8545,16717600,"Collistus Kibe","2026-08-21 22:13:38",173.9,2,collistuskibe
8546,16657344,"Ombayo fredrick","2026-08-04 14:04:04",173.7,2,ombayofredrick
8547,16785398,"Vitória Freitas","2026-08-28 20:07:12",173.6,1,vitoriafreitas13
8548,16625043,"Ivan Litvak","2026-09-07 08:27:04",172.9,2,trydotatwo
8549,16748453,LINJINYAN,"2026-09-06 14:25:23",172.9,2,linjinyan
8550,16658033,"sanjay Ghalagi","2026-08-27 15:29:34",172.8,2,sanjayghalagi
8551,16723289,"Caio Saboia","2026-08-28 18:24:29",172.8,1,caiosaboia
8552,16713002,"Adithya M","2026-08-13 15:42:17",172.7,2,adithya3907
8553,16729148,"Marco M","2026-08-16 22:51:36",172.7,1,marcoms1000
8554,16654124,"Aditya Kumar Singh","2026-08-05 09:57:29",172.2,2,adityq121608
8555,16662803,"Ashish Gawade","2026-08-04 19:11:19",172.2,2,ashishgawade
8556,16858496,"Aziz Alqwm","2026-09-13 09:53:54",171.8,2,azizalqwm
8557,16757671,xxxxc47,"2026-08-22 08:25:52",171.6,1,xxxxc47
8558,16729010,"karan sankhe","2026-08-16 15:15:45",171.3,2,karansankhe1356
8559,16780986,Azizbek,"2026-09-01 14:26:45",171.2,2,miracle88
8560,16658522,"Amna khanii23","2026-08-07 05:15:47",171.2,2,amnakhanii23
8561,16656210,"Sanjay Suthraye","2026-08-04 14:55:13",171.2,2,sanjaysuthraye96
8562,16712562,"Sagar Singh","2026-08-17 09:28:26",171.2,2,acrejzz
8563,16785085,"THEEPAN S.S","2026-08-28 16:35:39",171.1,2,theepanss
8564,16641277,Zenieverse,"2026-08-30 05:09:04",171.1,2,zenieverse
8565,16680858,"Harshul Gupta","2026-08-21 04:40:05",171.0,2,harshulgupta77
8566,16668406,"VAP RF5","2026-09-13 12:07:43",170.8,2,vaprf5
8567,16661447,"Sibel Özbek","2026-08-04 20:50:27",170.6,1,sibelzbek
8568,16662334,"Andres Beltran","2026-08-04 22:58:11",170.3,2,andresbeltran05
8569,16662933,"Marcelo Pereira","2026-08-19 01:14:40",170.2,2,marcekkusrp
8570,16629426,"Abdullah Qureshi","2026-07-31 10:00:44",170.0,2,abdullahqureshi120
8571,16659929,"MAMADOU LY (LY BOUSSO 45)","2026-08-13 11:43:25",169.9,2,mamadoulylybousso45
8572,16664586,"Owen Lim","2026-08-05 05:42:25",169.7,2,owenlim45
8573,16670662,"Gina Lee","2026-08-11 22:45:21",169.5,2,ginaleegdm
8574,16662099,"The Algorithmist","2026-08-04 23:41:59",169.5,2,riyagheewala
8575,16814051,veron0611,"2026-09-08 04:33:30",169.5,1,veron0611
8576,16725990,"Parth Tomar","2026-08-24 12:35:45",169.5,2,parthtomar193
8577,16793392,"reda elkrouchni","2026-09-02 16:16:05",169.3,2,redaelkrouchni2
8578,16864193,"[Deleted] b3063c6b-024a-4ece-902e-6edde232fe9f","2026-09-10 06:27:50",169.2,2,del=d26e59586a26ce18
8579,16775493,"JOE DEVA JERRY D ","2026-08-26 15:41:55",169.1,1,joedevajerryd
8580,16662083,ihabkaggle,"2026-08-07 00:42:33",168.7,2,ihabkaggle
8581,16683577,"Ankush Kumar M","2026-08-07 13:19:05",168.1,2,ankushkumarm
8582,16799001,"Trịnh Quang Minh","2026-09-01 05:16:32",167.9,1,trnhquangminh140
8583,16654098,"Mohd Zaki","2026-08-26 01:46:45",167.8,2,mdzaki08
8584,16662269,"KAMLESH KUMAR POKHARNA","2026-08-06 17:25:51",167.2,2,kamleshkumarpokharna
8585,16630041,"Devi prashad tripathi","2026-08-03 17:56:58",167.0,1,deviprashadtripathi
8586,16802348,Shergill_17,"2026-09-01 11:17:15",167.0,2,shergill17
8587,16705490,"KASTHURI DEVI M","2026-08-13 10:42:42",166.9,2,kasthuridevim
8588,16701997,zran1t,"2026-08-15 14:10:18",166.7,2,zran1t
8589,16877079,"Saptak Banerjee","2026-09-11 19:09:58",166.4,1,saptakbanerjee123
8590,16680419,"Tech Changer","2026-08-17 12:31:58",166.3,1,johnbibin
8591,16739102,"Mithulya Kumarapeli","2026-08-30 03:53:39",166.1,1,sandalim
8592,16661500,"yagnit sutariya","2026-08-04 15:34:39",166.0,1,yagnitsutariya
8593,16672322,"khalil ur Rehman","2026-08-13 05:10:03",165.9,2,khalilurehman
8594,16705360,Elahi,"2026-08-18 05:49:00",165.9,2,mmelahi
8595,16802035,"sanchit atre","2026-09-01 09:31:07",165.8,2,sanchitatre
8596,16690195,"Manshi Shukla","2026-08-08 10:12:24",165.8,2,manshishukla
8597,16657227,"Anusha Marla","2026-08-04 07:05:53",165.7,2,anushamarla
8598,16662557,"Naman Sudershan","2026-08-05 13:21:08",165.7,2,namansudershan
8599,16697466,"hunain shahid","2026-08-11 06:12:38",165.7,2,hunainshahid230
8600,16690188,Anurag,"2026-08-08 10:20:42",165.6,2,kumaranu2007
8601,16658362,MHaurel,"2026-08-09 15:32:45",165.6,1,hetax17
8602,16655573,"Probablyaphilosopher ","2026-08-16 00:01:40",165.5,2,probablyaphilosopher
8603,16657032,"Ayaan Ghosh","2026-09-12 21:09:13",165.5,2,ayan9001
8604,16660285,"Sawan Kohli","2026-08-06 13:11:44",165.0,2,sawankohli
8605,16662662,"Joaquim Jose1","2026-08-04 17:57:03",164.9,1,joaquimjose1
8606,16658969,"Yuri Maslov","2026-08-04 10:11:45",164.8,1,yurimaslov
8607,16667231,bettsy,"2026-08-05 12:12:35",164.7,2,bettsy
8608,16721941,"Rita Ohabuenyi","2026-08-14 12:57:37",164.6,2,ritaohabuenyi
8609,16688288,"Ojo Oluwadamilare","2026-08-08 01:43:30",164.5,2,ojooluwadamilare
8610,16737641,"PATIL ATHARV VIJAYKUMAR","2026-09-07 05:35:17",164.5,2,"atharv095022,patilsarthakvilas,sonuretusharsuresh"
8611,16685093,"Huzaifa Inam","2026-08-07 13:47:15",164.5,2,huzaifainam
8612,16667886,"Ubaid ur rehman 0345","2026-08-05 15:23:12",163.2,2,ubaidurrehman0345
8613,16676026,"Bedashree Swarupa Das","2026-08-06 14:14:21",163.1,1,ashokkumardasbedashr
8614,16663265,"Darlington Ayakazi","2026-08-04 20:26:08",163.1,1,darlingtonayakazi
8615,16777666,Lithops1112,"2026-09-05 08:20:21",163.1,2,lithops1112
8616,16668495,Herisitraka,"2026-08-05 17:16:28",163.0,2,herisitraka
8617,16661969,"Raja T","2026-09-13 14:01:44",162.9,2,rajathiagaraj
8618,16656164,"Justin Schomer","2026-08-09 09:05:59",162.8,2,fathersecurity
8619,16686834,Kaabbil,"2026-08-09 16:14:49",162.4,2,"dr3aking,kaabbil"
8620,16679979,Pranav6657,"2026-08-07 02:40:48",162.3,1,pranav6657
8621,16712568,"Tanvi Dobariya","2026-08-14 17:39:52",162.1,1,tanvidobariya
8622,16634761,"CHARHBILI Moad","2026-08-07 13:44:23",162.1,1,charhbilimoad
8623,16777407,"Fahrur Rozzi","2026-08-26 23:01:52",161.7,1,frozzi18
8624,16625029,Hilarus,"2026-08-01 15:59:02",160.5,2,hilagbag
8625,16659036,"Mohammed Kaif","2026-08-04 10:41:22",159.9,2,mkaif001
8626,16664875,SaiSujitPunukollu,"2026-08-05 05:46:11",159.7,1,saisujitpunukollu
8627,16770924,rohit,"2026-09-12 05:08:35",159.0,2,rohitsrinivasan31
8628,16714589,xinsu9898,"2026-08-16 22:26:49",158.8,1,xinsu9898
8629,16669311,Schoki,"2026-08-17 22:26:49",157.9,2,jensdnisch
8630,16740144,Salmon,"2026-08-21 12:55:13",157.9,2,shin3110
8631,16750391,"Batuhan Yerebasmaz","2026-08-20 18:34:21",157.9,2,batuhanyerebasmaz
8632,16854169,"[Deleted] fe7af88d-d80f-4441-a8c5-3cca6b980e41","2026-09-09 12:41:02",157.9,2,del=0749851e202390c3
8633,16664458,"Prantik Chandra","2026-08-05 05:47:10",157.2,1,prantikchandra
8634,16741243,"Yasin Mert Şahin","2026-08-19 08:02:12",156.6,2,ymertsahin
8635,16647390,"guoqin gu","2026-08-11 08:54:59",156.4,1,guoqingu
8636,16659062,"MOHAMMAD SUBHAN PASHA","2026-08-17 07:14:09",155.7,1,mohammadsubhanpasha
8637,16662859,"Mohamed Zahran","2026-08-05 04:41:56",155.6,1,zrnking2012
8638,16773333,"Abdullah javed Javed","2026-09-05 03:13:57",155.3,2,abdullahjavedjaved
8639,16841612,"Jordan #2","2026-09-10 16:51:25",155.1,2,jordantay
8640,16656815,"Atharva S. Naladkar","2026-08-06 06:46:40",154.4,2,atharvasnaladkar
8641,16659271,Hamish,"2026-08-12 12:48:51",154.4,2,hamishdickson
8642,16640468,"Sohangkumar Patel","2026-08-26 15:00:44",153.7,2,samsamurai
8643,16795043,"SONU RAUT","2026-09-05 11:51:59",153.4,2,sonuraut
8644,16827437,kaedehs33-max,"2026-09-08 03:06:50",153.3,1,kaedehs33max
8645,16730922,"Shengyuan Yin","2026-09-13 08:07:37",153.1,2,flaming0
8646,16665223,"Sawon Mitra","2026-09-06 17:13:28",152.6,2,sawonmitra
8647,16659659,"michael J king","2026-09-07 23:28:26",152.4,2,michaeljking
8648,16674977,BarbateP,"2026-09-10 04:47:00",152.4,2,barbatep
8649,16843225,"Tobenna Okeke","2026-09-06 12:09:22",152.0,2,tobezzi
8650,16662123,hannhu40022,"2026-08-04 18:45:07",151.6,2,hannhu40022
8651,16840168,"gratefully dumb","2026-09-09 16:11:57",151.5,1,gratefullydumb
8652,16690199,"Lavkush Yadav","2026-08-08 10:20:55",151.4,1,lavkushyadavcse
8653,16737040,"Joseph Djian","2026-09-09 10:30:17",151.2,2,djian55
8654,16713896,"Quantum Fusion","2026-08-14 12:12:34",150.9,1,gugurobotics
8655,16778908,"PATIL ADITYA PANDURANG","2026-09-01 17:34:33",150.9,1,"jagdalepranavsagar,patiladityapandurang,pavankadam7005"
8656,16658189,"Zale John","2026-08-26 00:48:24",150.8,2,zalejohn
8657,16632458,"RAMAN BANSAL","2026-08-24 04:35:56",149.9,1,ramanbansal
8658,16756344,"Pasindu Perera","2026-08-21 19:21:11",149.6,1,amavinperera
8659,16807010,cjsrudals,"2026-09-13 08:33:47",149.3,2,cjsrudals
8660,16681056,"Aryan Jhingan","2026-08-11 18:53:48",148.9,2,aryanjhingan
8661,16814946,"Bekama Regasa Negewo","2026-09-03 07:30:36",148.0,1,bekamaregasanegewo
8662,16847667,"Tushar Barman","2026-09-12 20:30:34",147.9,2,tusharbarman
8663,16713435,"Visruti Patidar","2026-08-16 11:18:23",146.9,2,visrutipatidar
8664,16697716,ZEO,"2026-08-09 19:43:41",146.4,1,anuppatil29
8665,16754111,"Kalpana Patki","2026-08-22 16:05:10",146.0,1,kalpanapatki
8666,16658577,farmercode261,"2026-09-12 03:26:38",145.2,2,hifnikhakim
8667,16674774,"Dine ALASSANE","2026-08-07 05:53:28",144.1,2,dinealassane
8668,16712406,"L Sangeetha","2026-08-18 01:56:24",143.6,2,lsangeetha
8669,16662714,"Amilcar Rodriguez","2026-09-01 04:22:39",142.9,2,amilcarskt
8670,16731986,Vugar3,"2026-08-17 10:51:29",142.6,2,vuqarxudvrdyev001342
8671,16683220,Kongali,"2026-08-10 01:24:37",141.5,2,kongali
8672,16723068,"Clara Lima Silva","2026-08-21 21:39:57",140.7,1,claralimasilva
8673,16659871,"Abel Kpoton","2026-08-04 20:41:20",140.3,2,abelkpoton
8674,16640323,"KOUSHIK KUMAR DINDA","2026-08-29 01:55:31",140.0,2,koushikkumardinda
8675,16654363,"NIKHIL YADAV","2026-08-17 21:20:32",139.9,2,nikhilyadav232223
8676,16677081,"Brandon Gaston","2026-08-12 23:49:58",139.8,1,mushmon
8677,16743822,Surya,"2026-08-19 16:21:21",139.2,1,suryapandian
8678,16848578,"Tuấn Anh","2026-09-09 04:28:16",139.0,2,tuananhdata
8679,16659097,noril09,"2026-08-04 11:56:35",138.5,2,noril09
8680,16662809,"Chukwu Excellent","2026-08-08 22:06:34",137.9,2,chukwuexcellent
8681,16748612,"Priyadharshini B","2026-08-24 12:06:18",137.9,1,priyadh29
8682,16662295,"benja cooper","2026-08-04 17:41:28",137.4,2,benjacooper
8683,16756868,"Anisha Maurya","2026-09-05 19:29:41",136.8,2,anishamaurya
8684,16662230,"Angus Mc Gregor","2026-08-13 21:25:46",136.5,2,angusmcgregor
8685,16875898,"Sai Krishna Pakkir","2026-09-11 17:30:49",135.0,2,saikrishnapakkir
8686,16689881,"yuki #2","2026-09-13 14:53:39",135.0,2,hosikusa
8687,16660342,"Adapa Gopireddy","2026-08-04 12:49:43",134.3,1,adapagopireddy
8688,16841368,lware5829,"2026-09-05 20:57:52",133.9,1,lware5829
8689,16656685,"Shravani Hibare","2026-08-05 10:15:36",133.2,2,shrahib4725
8690,16719809,"Milanto FR","2026-08-14 05:37:48",133.0,2,milantofr
8691,16885883,"Stepan Kobaidze","2026-09-13 12:35:24",132.5,1,stepankobaidze
8692,16621565,"salih chindo","2026-08-12 19:45:58",132.5,1,salihchindo
8693,16656235,"Zain Ul Abideen Samo","2026-08-06 15:22:02",132.4,2,zainulabideensamo
8694,16756264,query_stop,"2026-08-27 00:24:14",132.2,2,jaared
8695,16657561,Roshdibenrojo83,"2026-08-04 07:19:05",131.3,2,roshdibenrojo83
8696,16868591,"Lucas A. Rizzieri","2026-09-11 00:22:41",131.2,2,lucasarizzieri
8697,16653934,"Ayomide Abdulrahmon","2026-08-03 19:22:32",131.1,2,ayomideabdulrahmon
8698,16690499,SuperAI@2615,"2026-08-11 16:42:48",130.9,2,superai2615
8699,16755807,PokeTrader,"2026-08-23 14:59:36",130.0,2,poketrader
8700,16680165,"Radwa ALkalifa","2026-08-23 08:39:37",129.9,2,radwahamada
8701,16762458,"Promise Matorofa","2026-08-24 10:00:04",128.9,2,promisematorofa
8702,16659582,"Srikanth Adivanna","2026-08-04 11:25:45",128.8,1,srikanthadivanna
8703,16717094,"[Deleted] 3efc3b54-b875-4c05-8e11-1214498e2853","2026-08-13 12:30:26",128.5,1,del=386289f87b91311f
8704,16662142,"Adnan Khan","2026-08-30 06:22:52",128.4,2,iamadnankhan313
8705,16794281,"adilio freitas","2026-08-30 22:25:36",128.2,1,adiliofreitas
8706,16691729,"ADOLF FAUSTINE","2026-08-18 02:42:39",127.9,2,adolffaustine
8707,16661098,"Muhammad aufa azmi","2026-08-04 15:18:35",127.4,2,muhammadaufaazmi
8708,16621770,"Rudraksh Zodage","2026-07-30 20:07:49",127.3,2,rudrakshzodage
8709,16656643,"Willetta Dettore","2026-08-05 15:33:52",127.2,2,willettadettore
8710,16771841,"Panagiotis Alimisis","2026-08-25 18:00:11",126.7,1,palimisis6
8711,16633511,"joshan gladston","2026-08-01 01:19:57",126.2,2,joshangladston
8712,16866458,lalal2006,"2026-09-10 12:33:26",125.8,1,lalal2006
8713,16656240,"SACHIN KUMAR","2026-08-10 03:13:24",125.4,2,sackm123
8714,16659840,"Dasari Giri Gabrelu","2026-08-05 13:41:11",125.3,2,giridasari
8715,16775483,"Parv Malav","2026-08-26 16:20:27",124.9,2,parvmalav
8716,16738778,"DILIP BAVISKAR","2026-09-13 09:12:49",124.6,2,dilipbdilipb
8717,16668691,BeltusTebid,"2026-08-05 16:01:45",123.9,1,beltustebid
8718,16716402,"Shashvat Singham","2026-08-13 10:56:39",123.2,1,shashvatsingham
8719,16657486,"Turhan TAS","2026-08-10 09:21:40",122.9,1,turhantas
8720,16670368,"Gary Gitton","2026-08-19 17:03:04",122.5,2,garygitton
8721,16670547,"Maduako Prince","2026-08-05 22:53:03",122.4,2,maduakoprince
8722,16707146,kaganou,"2026-08-11 13:19:53",121.9,1,kaganou
8723,16851731,"Amar 5454","2026-09-13 14:43:07",121.8,2,amar5454
8724,16765566,DIYANSH_JAIN7,"2026-09-03 10:56:38",121.8,1,diyanshjain7
8725,16723091,"Naiely Silva","2026-08-28 00:53:34",121.6,1,naielysilva
8726,16623660,"Taylor S. Amarel","2026-07-31 23:36:48",120.9,1,taylorsamarel
8727,16727876,"Harrison Wachira","2026-08-16 08:50:03",120.3,1,harrisonwachira254
8728,16661160,"Roobhasridevi P","2026-08-04 14:31:22",120.3,1,roobhasridevi
8729,16658299,"Bakar Prabowo!","2026-09-05 08:14:32",119.8,2,"galihrattn,kingki19,ranggacarkawan"
8730,16725070,"Mehak Iftikhar","2026-08-15 13:21:30",119.1,2,mehakiftikhar
8731,16679847,"Julio Contreras","2026-08-21 20:29:09",119.0,2,juliocontreras
8732,16755329,SBedrosian123@,"2026-08-21 15:07:41",118.7,1,sbedrosian123
8733,16791131,"Maria Carolina BRAY","2026-09-13 15:31:49",117.3,2,mariacarolinabray
8734,16623094,"Claudia Arias Gonzalez","2026-09-11 20:13:42",117.3,2,claudiaariasgonzalez
8735,16886704,"mohammed alshokry","2026-09-13 15:24:12",117.3,2,mohammedalshokry
8736,16658297,"Charishma Pillapalem","2026-08-11 12:46:56",117.0,2,charishmapillapalem
8737,16659041,"uma mahesh23","2026-08-04 11:50:03",116.6,2,umamahesh23
8738,16674328,daniel,"2026-08-06 09:34:23",116.6,1,dkamgamegasoft
8739,16626159,"Cảnh Đinh Tiến","2026-08-02 09:17:36",116.3,2,tourist110406
8740,16746655,"Charan Reddy321","2026-08-25 06:27:38",115.3,1,charanreddy321
8741,16726311,"Prince Diwakar","2026-08-16 12:55:18",114.5,2,princediwaker
8742,16782192,"Marcelo Correa","2026-08-28 04:15:07",113.3,1,mvcorrea
8743,16659308,Attaerabi,"2026-08-05 07:52:52",113.1,2,attaerabi
8744,16636855,"Wynn Koo","2026-08-01 14:03:04",112.8,1,yongfenggg
8745,16673753,hmmmSure,"2026-09-13 19:12:36",111.4,1,gerardnitt
8746,16657303,"Tejas Tiwari","2026-08-04 07:32:17",110.7,1,tejaat
8747,16858278,"Sukma Ramadhan A","2026-09-12 13:22:49",109.5,2,sukmaramadhana
8748,16626218,"Srishti Gauraha","2026-08-08 05:40:23",108.8,1,srishtigauraha
8749,16662547,"hiteshsinh solanki","2026-08-05 07:59:16",106.9,2,hiteshsinhsolanki2
8750,16707468,"SBJ 2205","2026-08-12 09:59:33",106.8,1,sbj2205
8751,16843755,oguzok,"2026-09-12 22:57:33",106.2,2,oguzok
8752,16677441,"ERREGUI YOUSSEF","2026-08-06 18:02:39",105.4,2,erreguiyoussef
8753,16662455,"Nenavath Shashi","2026-08-04 18:04:52",105.3,2,nenavathshashi
8754,16735064,"Harshada Thorat 129","2026-08-18 03:58:34",105.2,1,harshadathorat129
8755,16654556,anjipoo,"2026-08-05 15:33:04",105.1,2,anjana0812
8756,16660340,"pawan sondhiya","2026-08-07 06:22:38",104.7,2,pawansondhiya
8757,16654509,"Shruti Kondabathula","2026-08-07 18:17:56",104.6,2,shrutikondabathula
8758,16663161,"Pial Mahmud","2026-08-17 10:38:21",104.4,2,pialgroup
8759,16676977,"Akash Babu","2026-09-04 06:45:03",104.2,2,akashbabu17
8760,16743241,"Adhvaith KS","2026-09-02 14:30:35",104.2,1,adhvaithks
8761,16658695,"Muskan Zahid","2026-08-04 14:14:02",103.1,2,artificial52
8762,16667489,"Cornol Lieto","2026-08-05 12:31:14",102.5,1,lietocornol
8763,16654711,"Rupam Bhattacharjee1","2026-08-14 16:43:07",102.1,1,rupambhattacharjee1
8764,16665345,saurabh10june,"2026-08-05 11:53:47",102.0,2,saurabh10june
8765,16670552,"Harsh Chaudhary ml","2026-08-05 22:16:25",102.0,1,harshchaudharyml
8766,16662243,"Cepeda Braxton","2026-08-04 19:31:54",100.9,2,cepedabraxton
8767,16735323,"Souvik Routh","2026-08-18 04:30:21",100.5,1,souvikrouth
8768,16621519,Ᏸ𐍂Ꭷ,"2026-07-30 17:30:30",100.5,2,dheerajkannaujiya
8769,16659451,anero98,"2026-08-22 20:47:29",99.9,2,anero98
8770,16658666,"VMax Agents","2026-08-04 10:57:49",99.4,1,"akhiildheep,mithun5353"
8771,16654559,"Kerem Ali AVCIOĞLU","2026-08-03 19:28:49",98.6,2,keremaliavciolu
8772,16744618,"Roberth Douglas UFC","2026-08-27 16:33:10",98.5,2,roberthdouglasufc
8773,16857111,tfcygv,"2026-09-09 00:09:00",98.2,2,tfcygv
8774,16867026,"Aashish Bagmar","2026-09-11 05:14:45",98.1,2,aashishbagmar
8775,16665079,"Maguluri Keerthi","2026-08-05 06:16:03",97.7,2,magulurikeerthi
8776,16663277,"Mariana Mejía","2026-08-24 23:58:54",97.6,2,marianameja
8777,16691542,Tushar_SVC,"2026-08-11 04:12:09",97.3,2,tusharsvc
8778,16641109,zzgtylors,"2026-08-06 06:21:50",97.3,2,zzgtylors
8779,16798631,dzlabs,"2026-09-01 09:57:10",97.3,2,dzlabs
8780,16623953,"Denuwan Wijesinghe","2026-08-01 07:57:04",97.2,2,denuwanwijesinghe
8781,16661419,"Shivansh Soni","2026-08-04 15:08:01",96.2,2,shivanshsonii
8782,16731873,"Abhishek Singh Solanki","2026-08-19 07:24:47",95.2,1,realabhi5hek
8783,16700316,"Pranav Waghmare","2026-08-11 16:29:05",94.1,1,waghmarepranav6
8784,16693819,"Hossein Shad Manaman","2026-08-12 03:14:58",89.0,2,hosseinshadmanaman
8785,16785053,"Rinosh Bethala","2026-08-28 17:52:26",87.0,1,rinoshbethala
8786,16728931,Sathwik2006,"2026-08-16 14:25:36",86.2,2,sathwik2006
8787,16656485,stunningvn,"2026-09-08 07:40:44",85.0,2,dedquoc
8788,16666072,Abinash,"2026-08-05 15:07:52",84.3,2,abinashsinha1726
8789,16655748,revathip,"2026-08-06 06:00:14",83.4,2,revathiprakash
8790,16663406,"Elshan Kazim","2026-08-16 08:38:43",83.3,1,elsnkazm
8791,16658898,"SRI shiva","2026-08-07 17:21:07",83.1,2,srishiva
8792,16657055,RedKiwi,"2026-08-05 05:57:34",82.1,2,tnmthai
8793,16666273,"Wondu Zerihun","2026-09-08 07:55:57",82.0,2,zerihun369
8794,16667773,ShashankJha,"2026-08-11 15:41:47",81.8,2,shankinfy
8795,16735237,"YASH CHIMAN","2026-08-18 04:20:24",80.9,1,yashchiman
8796,16808545,"Qinyong Wang","2026-09-02 11:53:03",80.9,2,magicwqy
8797,16660886,"Dr.Eldirdiri Fadol ","2026-08-05 05:30:48",80.5,2,dreldirdirifadol
8798,16710773,Openaiskrip,"2026-08-12 07:54:38",78.8,2,openaiskrip
8799,16659675,"M.Athallah Rafif Aldera","2026-08-06 12:40:14",78.4,2,mathallahrafifaldera
8800,16678283,"Ajinkya Digurkar","2026-08-21 10:56:03",78.2,2,"ajinkyadigurkar,sakshiagrawal8818"
8801,16803074,"fumihito mori","2026-09-01 14:00:16",77.8,1,fumihitomori
8802,16794173,"Kamran Arshad","2026-08-31 07:19:49",76.8,2,kamranarshad
8803,16881244,"Atharva Govind Salunke","2026-09-13 18:21:08",76.8,1,atharvagovindsalunke
8804,16789546,"lsm jii","2026-08-29 08:48:51",76.7,2,lsmjii
8805,16731524,"Tsyrenov Mergen","2026-08-17 09:42:39",76.0,1,tsyrenovmergen
8806,16663897,jayaBhavagan,"2026-08-05 19:34:36",74.3,1,jayabhavagan
8807,16666836,"Emir Ayvaz","2026-08-07 05:57:00",74.1,2,emirayvaz
8808,16656777,"Salam Alqerem","2026-08-31 10:59:33",73.6,2,salamalqerem
8809,16806568,"Mumtaz Ahmad Maitla","2026-09-02 06:08:22",73.5,2,mumtazahmadmaitla
8810,16680428,"Surabhi veda","2026-08-07 01:49:35",73.3,1,surabhiveda
8811,16633018,purelilyth,"2026-08-20 19:43:09",71.9,2,purelilyth
8812,16867360,kagg24293,"2026-09-11 08:19:36",71.9,2,kagg24293
8813,16654087,Gabriela_Fernandes4,"2026-08-04 19:12:33",71.4,1,gabrielafernandes4
8814,16698958,"Shanjaya SK","2026-08-28 15:25:11",71.3,1,"payuu03,shanjayask"
8815,16848280,"Oladipupo Olapoju","2026-09-08 00:24:32",70.0,2,pupoolapoju
8816,16785477,"ASHMIL P URK25CS7129","2026-08-28 18:26:11",69.6,1,ashmilpurk25cs7129
8817,16705637,"Vedant Ghodekar","2026-08-11 05:28:57",69.5,1,vedantghodekar
8818,16740263,"Scott Weeden","2026-09-12 20:57:20",69.3,2,scottweeden
8819,16714335,"Jake Mordan","2026-09-06 22:35:04",68.3,1,jakemordan
8820,16730708,ysakuragi,"2026-08-19 01:30:12",67.8,1,ysakuragi
8821,16769234,"Akshar #2","2026-09-03 09:38:13",67.2,2,aksharzala
8822,16668599,"Hafsa Anwaar","2026-08-05 17:43:21",65.3,2,hafsaanwaar
8823,16846758,"Harish More","2026-09-07 07:44:25",65.3,2,harishmore812
8824,16770096,Program,"2026-09-10 09:58:07",64.3,2,panagiotapanora
8825,16698953,Locked_in_hell,"2026-08-13 18:31:55",61.1,2,stealthknight
8826,16835282,nico23t,"2026-09-07 14:18:22",60.4,2,nico23t
8827,16658100,"Nanda Riansyah","2026-08-04 08:55:54",60.1,2,nandariansyah
8828,16794052,"Sarthak Mishra","2026-09-10 09:04:26",58.5,2,"aarushverma04,pg541425,sarthak25b15310182,yadavup50"
8829,16714192,"Nishanth Palugula","2026-08-14 06:51:09",58.3,2,nishanthpalugula
8830,16667339,"Victor Chege","2026-09-01 13:56:51",57.9,2,victorchege0
8831,16661711,"Wild Star217","2026-08-30 18:00:18",55.9,2,wildstar217
8832,16640594,Win2207,"2026-08-07 12:05:07",55.4,2,win2207
8833,16724806,rin2401,"2026-08-15 09:39:51",55.0,1,rin2401
8834,16716562,"Ananya Maurya","2026-08-13 10:01:25",54.8,2,ananyamaurya
8835,16633932,omikbop,"2026-08-02 12:36:52",54.0,2,omikbop
8836,16761007,"Pankaj Nakhat","2026-08-23 11:48:21",53.8,2,pankajnakhat
8837,16679410,"Leke Glean","2026-08-07 17:29:04",52.4,2,lekeglean
8838,16644474,"Vihaan Ahluwalia","2026-08-05 13:16:21",51.5,2,vihaanahluwalia
8839,16684847,"M.Harshavardhan Raju","2026-08-09 16:15:49",49.6,2,mharshavardhanraju
8840,16852322,"Harshit Varma45","2026-09-08 03:54:30",47.0,1,harshitvarma45
8841,16736939,"Flandre 29","2026-08-26 08:23:01",46.2,2,flandre29
8842,16839644,Mikhail,"2026-09-06 06:52:57",45.1,1,mih2501py
8843,16868098,"Arya Patil","2026-09-11 08:00:49",44.5,1,shutterstack
8844,16716079,shaurya_pandey@19,"2026-08-13 09:27:49",43.2,2,shauryapandey19
8845,16778494,"Agda Niya","2026-08-28 06:43:07",42.2,2,agdaniya
8846,16624064,"Hemant Ahlawat","2026-07-31 15:52:56",42.1,2,happyahlawat
8847,16673372,"Hadyan Adira","2026-08-14 03:16:30",42.1,2,hadyanadira
8848,16660161,"Antimo Carlino","2026-09-08 19:09:46",41.1,2,antimocarlino
8849,16662922,BrandonDucar,"2026-09-12 23:12:40",40.1,2,brandonducar
8850,16719441,Gatranova,"2026-08-14 04:11:54",39.6,2,rafiabiyyuairlangga
8851,16675209,lavica,"2026-08-11 13:23:03",39.5,2,lavica
8852,16687628,ruchit,"2026-08-28 11:22:16",38.8,1,ruchitkhade
8853,16780027,rotto,"2026-09-01 13:18:33",36.5,2,pirotototo4023
8854,16656753,"TAMAL SINGHA ROY","2026-08-05 07:57:48",34.2,2,tamalsingharoy
8855,16675819,RohitS001,"2026-08-11 18:05:54",34.0,2,rohits001
8856,16662721,"Manish Sharma","2026-08-12 17:44:16",33.6,2,themihirsharma
8857,16665139,"Siddharaj Kulkarni","2026-08-16 05:23:21",33.2,2,siddharajkulkarni
8858,16771156,"Ronald Ayamba","2026-08-25 19:16:26",28.4,1,ronaldayamba
8859,16633250,Myst19,"2026-08-03 13:25:15",27.9,2,jakeschweikhart
8860,16664199,SomyaSingh_07,"2026-09-12 16:02:26",26.3,2,somyasingh07
8861,16644519,"Shambhu Shekhar Sinha","2026-08-12 18:55:43",25.3,2,shambhushekharsinha
8862,16676428,wayzhengong27,"2026-08-08 06:34:59",24.9,2,"kkkuek,wayzhengong27"
8863,16632413,"Varun Patil","2026-07-31 18:41:34",24.3,1,varunpatil262005
8864,16723050,"Ítalo Albuquerque","2026-09-11 18:32:23",22.7,2,taloalbuquerque
8865,16721495,"404 Crop Not Found","2026-09-01 08:45:29",22.0,2,"aiprojector,boazx15"
8866,16761521,"Artificial Silicon","2026-08-29 10:17:46",20.0,1,artificialsilicon
8867,16669011,"Siddiqui Rehan Ahmed Furqan","2026-08-07 05:24:38",16.8,2,siddiquirehanahmed
8868,16708290,"Hrishikesh Thakare","2026-08-12 14:45:08",16.1,1,hrishikeshthakare
8869,16654026,"joju shaji","2026-08-09 16:36:43",12.1,2,jojushaji
8870,16784650,LukasM1,"2026-08-28 14:15:24",10.4,1,lukasm1
8871,16658745,"Shabby farms 2.0","2026-08-16 03:10:28",10.4,2,rahulk5418
8872,16792786,"Fusion Flux","2026-09-07 06:29:03",10.1,1,mithilleshkumar
8873,16661152,"Dr.Abdulbaset Musleh","2026-08-19 20:09:26",5.6,2,drabdulbasetaledresi
8874,16689555,"kelvin waruingi","2026-08-09 22:45:23",3.4,2,kelvinwaruingi
8875,16659501,Duckey,"2026-08-04 13:02:16",3.1,2,bokangletsapo
8876,16780318,"Piyush Darinda","2026-08-27 17:28:07",2.8,2,piyushdarinda
8877,16696104,"Harshit Meesari","2026-08-09 14:31:00",2.1,1,harshitmeesari
8878,16809774,farmci,"2026-09-02 16:59:50",-1.8,1,ermismel
8879,16839343,"SAURABH VISHWAKARMA","2026-09-11 04:50:28",-2.3,2,surabhv21
8880,16664822,"Prateek Singh","2026-08-05 05:30:22",-4.8,2,pra73ek
8881,16720136,"Roaring Cotton","2026-08-20 07:33:15",-6.4,2,daviddavidelijah
8882,16644439," علي ساجد","2026-08-02 21:40:07",-10.5,2,jdvdjdv97171ushd
8883,16624666,"Avik Das","2026-08-21 08:57:10",-12.2,2,avikdas567
8884,16673732,"Async Null","2026-08-06 16:55:26",-15.2,1,asyncnull
8885,16657568,"Manpreet Singh","2026-08-08 13:45:41",-19.3,2,manpreet1994
8886,16732320,"Malik Muhammad Arbaz","2026-08-18 13:05:51",-21.5,1,malikmuhammadarbaz
8887,16721567,"Neeraj Sharma","2026-09-04 07:21:50",-21.5,1,neerajsharma897
8888,16676890,luciferingstar256,"2026-08-20 15:40:55",-29.0,1,luciferingstar256
8889,16654404,"Madhan Sidmal","2026-08-11 21:28:45",-31.3,2,madhansidmal
8890,16679250,srskat,"2026-08-16 08:26:30",-33.8,2,srskat
8891,16731488,"James Kimani","2026-08-27 13:18:20",-35.2,1,jaykim122
8892,16689681,"Prakash Rajan","2026-08-09 16:37:56",-35.8,2,prakashai
8893,16735078,"SUDHANSHU PATIL","2026-08-18 04:37:33",-35.9,2,sudhanshupatil10
8894,16790678,Pujolaras,"2026-09-03 14:45:14",-38.6,1,pujolaras
8895,16792531,"subash jayakumar","2026-08-30 20:14:56",-44.7,2,subashjayakumar
8896,16659057,"Jolvin James","2026-08-07 08:04:22",-45.4,2,jolvinjames
8897,16758417,AthulJenson,"2026-08-22 14:21:26",-46.2,1,athuljenson
8898,16674526,"Imdadul hasan hamim","2026-08-13 07:32:37",-47.1,1,imdadulhasanhamim
8899,16811344,"Vineeth Nannuri","2026-09-10 05:19:07",-53.6,2,vineethnannuri
8900,16794292,"Taylor Clark","2026-09-02 03:15:03",-58.8,2,taylorclark637
8901,16805234,Ryuzaki2325,"2026-09-01 19:44:54",-58.8,1,ryuzaki2325
8902,16755427,"Daksh Jain","2026-08-21 15:18:57",-63.7,1,dakshu081
8903,16683041,Abhishektyagi649,"2026-08-07 08:37:09",-63.7,2,abhishektyagi649
8904,16663728,"Al'Humairah Ali","2026-08-10 17:28:01",-64.0,1,alhumairahali
8905,16629006,ymym_tymblack,"2026-08-22 09:44:39",-68.4,2,ymymtymblack
8906,16721501,αίνιγμα,"2026-09-10 14:19:04",-83.7,2,"muditnagori09,shahidnadaf001"
8907,16731829,"Alexandra Tricia","2026-08-19 07:03:33",-84.2,2,alexandratricia
8908,16709661,sapphirey,"2026-09-07 11:21:05",-84.9,2,sapphirey
8909,16808566,"contemporary dance","2026-09-02 22:44:14",-87.6,2,shigeria
8910,16622991,"Fedor Grigorev","2026-08-27 15:30:57",-88.9,1,fedorgrigorev
8911,16685888,LeulYT,"2026-08-10 05:35:44",-95.1,2,leulyt
8912,16675801,"Neeraj Jha","2026-08-06 13:43:18",-96.4,1,neerajjha1996
8913,16713011,"Tasmayu Swain","2026-08-14 15:49:35",-100.3,1,tasmayuswain
8914,16657035,"Christvin Mathew","2026-08-04 08:55:56",-106.9,2,christvinmathew
8915,16719181,SaltyCode,"2026-08-16 04:56:22",-148.6,1,saltycode
8916,16724138,"Tuna Xiao","2026-09-07 15:05:12",-153.3,1,tunaxiao
8917,16659881,SantosR,"2026-09-08 14:27:04",-159.0,2,santosr
8918,16695221,"Muhammad Daud Abbas","2026-08-12 20:04:32",-163.5,2,muhammaddaudabbas
8919,16665495,"sai chand Boppudi","2026-08-07 04:19:58",-175.8,2,saichandboppudi
8920,16794008,HyperPlanz,"2026-08-31 13:08:38",-179.8,2,domiandr000
8921,16660261,"YO_ONE CHAUHAN","2026-08-08 23:49:54",-183.6,2,yoonechauhan
8922,16728276,"ROHAAN ASIF","2026-08-16 11:20:59",-186.7,2,ordinarydev007
8923,16659864,"Twin Titans","2026-08-08 07:50:33",-187.3,2,"sivahokage,solaisararaju"
8924,16668701,"Nihal Jamadar","2026-08-09 04:28:26",-188.0,2,nihaljamadar313
8925,16692837,"Sai Uttam Gite","2026-08-09 11:36:32",-198.4,1,saiuttamgite
8926,16717416,"Timofey Kalyak","2026-08-20 07:04:06",-200.5,1,timofeytweaky
