Rank,TeamId,TeamName,LastSubmissionDate,Score,SubmissionCount,TeamMemberUserNames
1,16718819,Majkel1337,"2026-09-13 23:03:27",3225.9,2,majkel1337
2,16732748,DSM,"2026-09-14 16:23:37",3069.3,2,"denden12,masspeaks,shimishige"
3,16621799,"Artem The Farmer 🍅","2026-09-14 15:34:54",3047.7,2,veshkinartem
4,16730612,"Unknown Mother-Goose","2026-09-14 16:09:01",3033.5,2,linkinpony
5,16732403,ymg_aq,"2026-09-13 15:09:30",3029.1,2,ymgpalaqs
6,16675778,"Orbital Terraformer","2026-09-13 18:05:36",3025.6,2,tubotubo
7,16622349,"Mengfei Li","2026-09-11 21:52:47",3020.1,2,meli19
8,16640510,SpaTaro,"2026-09-14 15:08:48",3010.7,2,tarosqrd2
9,16637255,"leave you","2026-09-14 13:24:56",2986.2,2,superallen001
10,16633178,"Cow Boy","2026-09-14 07:41:05",2980.9,2,shanzhong8
11,16640467,Catalyst,"2026-09-15 00:26:25",2977.0,2,vibekaggler
12,16773026,アルモンド,"2026-09-14 14:23:43",2973.7,2,almondman0707
13,16805699,"feel the agi","2026-09-13 14:05:13",2970.5,2,nulldata
14,16690867,HowardLeeTW,"2026-09-13 08:07:14",2970.1,2,howardleetw
15,16719123,"Thomas Tschinkel","2026-09-14 19:11:28",2968.2,2,thomastschinkel
16,16760569,"Otter Vibe","2026-09-14 01:20:47",2966.5,2,gyuminsong
17,16732521,redblackbst,"2026-09-14 23:46:36",2965.5,2,redblackbst
18,16730524,"THIRD FARM CLUB","2026-09-14 23:35:52",2954.1,2,"bowwowforeach,mooegi,shunrcn,simann"
19,16845367,kyy666,"2026-09-14 22:08:21",2950.2,2,"kyy666,robertmcwang"
20,16781445,"𝕯𝖊𝖔𝖉𝖎𝖒𝖘 & 𝕮𝖔","2026-09-14 19:40:02",2946.9,2,odimdavidchukwuemeka
21,16811307,elmo,"2026-09-14 15:55:03",2945.9,2,mktakizawa
22,16848479,nilochan,"2026-09-14 18:34:10",2938.9,2,nilochan
23,16767215,keiz,"2026-09-12 14:49:18",2934.1,2,keizkeiz
24,16778640,Kilupy,"2026-09-14 18:23:01",2933.4,2,kilupy
25,16625220,thisray,"2026-09-15 00:00:42",2931.9,2,thisray
26,16725899,Zhenghongshuang,"2026-09-14 01:32:30",2930.2,2,zhenghongshuang
27,16641710,yjshyfy,"2026-09-14 14:56:39",2928.3,2,yjshyfy
28,16730761,ElephtAI,"2026-09-15 00:08:11",2920.7,2,yuchengj
29,16758882,mtmr_s1,"2026-09-14 16:50:42",2920.3,2,mtmrs1
30,16786109,"Thomas Deng","2026-09-14 23:01:08",2917.7,2,tdeng24
31,16660726,自己找差距,"2026-09-14 10:29:48",2913.4,2,gengsr
32,16890669,"Fuchun Wang","2026-09-14 13:38:19",2912.2,2,wangfuchunag
33,16882725,Ebi,"2026-09-13 21:54:01",2905.1,1,ebinan92
34,16833141,yomogii,"2026-09-14 16:47:20",2904.9,2,yomogii
35,16860293,kobq,"2026-09-15 00:29:25",2902.6,2,kooobq
36,16644724,"Kaggriculture Agent","2026-09-14 21:05:44",2901.3,2,"jiweiliu,tonylica,yiheng"
37,16622198,"THUNDER THUNDER","2026-09-12 18:58:41",2900.4,2,thunderthunder
38,16727171,yfy,"2026-09-14 03:59:46",2899.1,2,qwidndbdjss
39,16804863,JezzLynn,"2026-09-14 15:58:55",2899.0,2,jezzlin
40,16723379,local,"2026-09-14 17:53:26",2897.2,2,matteo123383iend
41,16731275,carbonapi,"2026-09-14 23:16:31",2895.5,2,nonempty
42,16857404,gachichan,"2026-09-14 21:22:01",2893.4,2,gachichan
43,16732051,Jeryos,"2026-09-14 19:54:47",2892.4,2,joulskaf
44,16654783,quantara.cv,"2026-09-14 21:33:59",2891.9,2,goth55
45,16852826,Phoenix750,"2026-09-14 16:49:49",2891.5,2,richardmaddox
46,16682494,Phi,"2026-09-14 19:52:18",2888.1,2,ajinomoto132
47,16714457,"Crop Dustas","2026-09-14 17:07:02",2886.9,2,"peikopon,rishigottumukkala"
48,16622459,"Munal Singh","2026-09-14 05:37:35",2884.9,2,munalsingh
49,16663632,Seho.Connect,"2026-09-15 00:07:57",2884.8,2,sehoconnect
50,16748733,"Driz Lo","2026-09-14 18:18:13",2884.8,2,drizlo
51,16633100,"Emile Andrieu","2026-09-14 18:51:39",2880.4,2,emileandrieu
52,16884858,HojunLee,"2026-09-15 00:00:49",2879.3,2,hojuna
53,16630729,"american gothic","2026-09-13 20:43:09",2879.2,2,grennwolf
54,16661646,"Sergey Shcherbakov","2026-09-14 20:03:46",2879.1,2,sergey140146659
55,16728071,AI是我的豆包,"2026-09-14 18:26:22",2878.6,2,"blht2026,wocenmma"
56,16658554,Pai,"2026-09-14 15:30:49",2877.8,2,rajathrpai
57,16766128,"Oleksandr Parfionov","2026-09-14 13:53:06",2874.5,2,parfyon
58,16878119,Aryan.Ahl,"2026-09-14 19:21:59",2874.2,2,aryanahl
59,16839580,"Søren Ravn Andersen","2026-09-14 16:45:53",2873.9,2,sorenravn
60,16696304,"Utkarsh #2","2026-09-14 09:40:40",2873.1,2,n0va007
61,16796238,"Zhongyi Dai","2026-09-14 09:22:50",2872.4,2,zhongyidai
62,16888303,Satuker,"2026-09-14 21:36:49",2870.4,2,filipgaliski
63,16858228,doubao,"2026-09-13 15:00:00",2868.9,2,"erhankangyan,yuanlili123321"
64,16739925,nofreewill42,"2026-09-14 07:25:43",2868.4,2,nofreewill
65,16777134,Tom&Jerry,"2026-09-14 04:41:54",2868.3,2,tomjerry101
66,16667242,"Gleb Tumanov","2026-09-10 18:44:35",2868.0,2,crachton
67,16707467,kay.liechtenstein,"2026-09-14 16:25:20",2867.3,2,kayliechtenstein
68,16651244,"Knight of Favonius","2026-09-14 08:40:54",2866.2,2,ladyfaye
69,16671588,Keisuke,"2026-09-14 07:26:42",2863.6,2,keisukeueda
70,16675240,Leifson1337,"2026-09-14 16:07:45",2860.5,2,leifson1337
71,16791828,Ling,"2026-09-14 21:50:30",2859.1,2,lingbia
72,16859496,KTAcosmo,"2026-09-14 11:04:26",2859.0,2,ktacosmo2kag
73,16717255,Ryuuga89,"2026-09-13 16:31:48",2855.4,2,ryuuga89
74,16748173,pensukesan,"2026-09-14 16:11:41",2855.1,2,pensukesan
75,16655129,"Morylov Yehor","2026-09-14 16:05:58",2854.7,2,morylov
76,16633212,goosehaaan,"2026-09-14 18:58:55",2853.3,2,goosehaaan
77,16848396,ColorGram,"2026-09-14 15:27:34",2852.3,2,colorgram
78,16885498,wanwan7123,"2026-09-14 15:59:48",2851.1,2,tomoyayanagi
79,16838479,"Sufi Afifi","2026-09-14 23:01:41",2850.9,2,emrys21
80,16762735,"Zenith Ye","2026-09-14 00:24:34",2850.7,2,zenithye
81,16661575,skw1990,"2026-09-15 01:44:57",2849.2,2,skw1990
82,16876520,OpenModelMap,"2026-09-14 18:15:45",2848.0,2,openmodelmap
83,16712189,"Kostiantyn Isaienkov","2026-09-15 00:45:45",2846.9,2,isaienkov
84,16704247,WeAreFarmers,"2026-09-14 18:38:50",2844.4,2,gbmorris1
85,16715235,l1aF,"2026-09-14 08:04:34",2843.0,2,hhhoang
86,16671163,"Suyash Verma","2026-09-13 20:13:15",2842.3,2,suyashdiamond1
87,16699082,Sakthei,"2026-09-14 08:33:44",2840.4,2,sakthei
88,16624484,"Tomoki Hirose","2026-09-14 06:38:05",2839.8,2,tomokihirose
89,16680144,AM,"2026-09-13 23:49:04",2838.1,2,adammekky
90,16629972,"forever young","2026-09-15 00:00:16",2838.0,2,keisukeyokota0428
91,16705390,"Subramanya N","2026-09-13 19:07:10",2837.2,2,subramanya1997
92,16863959,"Một hai ba bốn 5 sáu bảy tám 9","2026-09-14 12:00:35",2834.4,2,thangnm1
93,16735539,"Joe Muller","2026-09-14 21:59:42",2833.8,2,joemuller
94,16783721,lc今天刷了吗,"2026-09-14 20:43:20",2833.0,2,"alkaidchen,limufeng"
95,16830526,"Raghav Agrawal","2026-09-14 16:31:08",2832.8,2,raghagra
96,16634803,hongzhouzhou,"2026-09-14 08:45:34",2831.9,2,afterrain42
97,16790091,ChengxuGu,"2026-09-14 06:15:20",2831.5,2,chengxugu
98,16664640,kaggricodex,"2026-09-15 00:01:24",2831.2,2,underestimated
99,16734580,shyjin,"2026-09-14 22:19:00",2831.1,2,shyjin
100,16860129,sonny_01,"2026-09-14 10:17:49",2829.4,2,sonnymupfuni01
101,16661050,Master_S1ave,"2026-09-14 05:20:26",2828.1,2,masters1ave
102,16657785,"Himanshu Kumar","2026-09-14 17:28:14",2827.9,2,himanshujha2812
103,16811948,"xiao xiongwei","2026-09-14 21:06:56",2827.6,2,xiaoxiongwei
104,16859815,alcanta,"2026-09-14 14:55:55",2826.5,2,ccotiuga
105,16730946,"Bohann Wang","2026-09-15 01:14:53",2826.3,2,bohannnwang
106,16632783,chocolat,"2026-09-14 22:59:20",2826.0,2,chocolatnya999
107,16860811,XiaoXiaoJ,"2026-09-15 01:02:46",2825.5,2,xiaoxiaoj
108,16644481,Liquidus,"2026-09-14 22:15:18",2824.7,2,liquidus
109,16862967,Unicorns,"2026-09-14 18:48:52",2824.6,2,"isaacjiang,ryokitano"
110,16685556,binghua,"2026-09-08 13:50:16",2823.6,2,binghua123
111,16864016,"Setu Chokshi","2026-09-14 22:12:22",2822.6,2,setuch
112,16817518,Dresden,"2026-09-14 08:24:06",2822.3,2,dresdeng
113,16741500,weichy7,"2026-09-14 06:21:00",2819.8,2,weichy7
114,16629033,"Igor V","2026-09-14 15:45:51",2819.0,2,rostigor
115,16664246,"Sida Zuo","2026-09-14 22:28:42",2818.8,2,sidazuo
116,16881600,"Yoshihiro Hatakeyama","2026-09-14 13:34:19",2818.6,2,yoshihiro1909
117,16880792,dre,"2026-09-14 18:04:16",2817.7,2,ahmedelfazouan
118,16670967,"Ne ML Clan","2026-09-14 13:36:39",2816.7,2,"al55522me,egoregors,sirgauda,vladmazeev"
119,16795448,ultimatum_game,"2026-09-14 13:23:29",2814.7,2,"ultimatumgame,walrushero"
120,16759786,农场主,"2026-09-14 09:03:11",2814.4,2,zzxhee
121,16784217,MMN0222,"2026-09-14 17:05:32",2814.3,2,mmn0222
122,16699947,HKmgikao,"2026-09-13 22:20:02",2812.4,2,hitoshikmgai
123,16806541,hidenov,"2026-09-14 11:45:40",2812.4,2,hidenov
124,16723620,3정훈,"2026-09-11 10:44:14",2812.3,2,az05192000gmailcom
125,16770229,"shivam kanojia","2026-09-14 04:50:37",2811.9,1,shivamkanojia1
126,16663783,WBF_USA_NYC,"2026-09-14 21:17:13",2810.9,2,wbfranci
127,16839986,"XIAO MA","2026-09-14 10:56:56",2810.6,2,linusm020311
128,16875763,"芳村 愛支","2026-09-14 07:50:13",2810.6,2,shin1012
129,16660483,TIM,"2026-09-14 13:12:57",2810.4,2,daynoryamil
130,16804022,monsaraida,"2026-09-14 22:22:19",2809.2,2,monsaraida
131,16676885,"Riva Kajangu","2026-09-14 19:11:50",2807.9,2,rivakajangu
132,16732126,iwashi,"2026-09-15 00:17:34",2807.5,2,iwashi
133,16652710,Pilea55,"2026-09-14 22:37:10",2807.3,2,ryutogrrr
134,16847222,charmq,"2026-09-14 08:27:12",2807.1,2,charmq
135,16762319,"Shiji Zheng","2026-09-14 17:13:26",2806.7,2,zhengshiji
136,16654710,"Ray Brothers","2026-09-14 18:54:43",2805.9,2,"madhurjyaray,vibekodr"
137,16706321,lumen,"2026-09-15 00:57:32",2805.3,2,lumenyuto
138,16841434,soraemon,"2026-09-13 08:11:27",2802.9,2,soraemon
139,16661558,안녕하세요이세입니다잘부탁드립니다,"2026-09-15 00:08:03",2802.4,2,"moonswalk,municef1"
140,16685548,"Erfan Eshratifar","2026-09-14 06:53:55",2802.3,2,erfaneshrati
141,16843315,Talvenn,"2026-09-13 17:04:44",2800.0,2,talvenn
142,16688732,tully_boss,"2026-09-15 00:00:53",2799.5,2,"gnux1408,tanakaai24"
143,16697089,"aghbalou Anass","2026-09-14 18:56:13",2798.8,2,aghbalouanass
144,16709492,abozten,"2026-09-14 18:54:17",2798.2,2,abozten
145,16863383,HanFish,"2026-09-14 00:00:31",2798.1,2,hananfish
146,16765884,洛希边际,"2026-09-14 09:05:07",2797.6,2,bxz2003
147,16845907,yt0914,"2026-09-14 10:40:54",2796.1,2,yt0914
148,16637546,Forrest,"2026-09-14 14:00:20",2794.7,2,yinxiaogang
149,16790660,suk1yak1,"2026-09-14 10:18:01",2794.6,2,suk1yak1
150,16695567,tera358,"2026-09-14 13:36:27",2794.2,2,tera358
151,16630675,"Lucien de Rubempre","2026-09-13 14:14:21",2794.1,2,lucienderubempre
152,16748765,"A. R. SEKKAT","2026-09-14 18:54:56",2793.6,2,arsekkat
153,16798172,"Dmytro Maliarenko","2026-09-14 21:10:38",2793.5,2,arxitekton
154,16657877,zigiella,"2026-09-14 17:47:00",2791.4,2,zigiella
155,16810171,kta_jpn,"2026-09-14 23:30:22",2790.5,2,ktajpn
156,16625060,"Subin An","2026-09-14 20:08:55",2788.6,2,subinium
157,16803103,hugghngkai,"2026-09-14 18:05:47",2787.2,2,hugghngkai
158,16665746,Chiranjieev,"2026-09-15 01:30:58",2786.5,2,"abhirajhiwale,amitambhore27,himanshu2605"
159,16651257,PursueML,"2026-09-14 09:38:58",2785.8,2,"cuijohn,pursueml"
160,16865470,J.Moriuchi,"2026-09-14 11:34:56",2785.4,2,hesoponyo
161,16861616,"Gagan Deep","2026-09-14 15:06:44",2784.6,2,gagandeep1
162,16671738,Exposed,"2026-09-14 19:54:12",2784.4,2,erickeller2
163,16867213,한밭대학교컴퓨터공학과정우민,"2026-09-14 14:36:58",2783.9,2,woominyo
164,16779977,sue124,"2026-09-14 11:29:14",2783.6,2,ryotasueyoshi
165,16652175,"Lucas Boesen","2026-09-14 21:56:28",2782.1,2,lucasboesen
166,16695283,"Mark Baushenko","2026-09-14 21:55:23",2781.5,2,e0xextazy
167,16737650,sime_saba,"2026-09-14 16:16:06",2781.4,2,watarukawashima
168,16718033,TheMightiestMan,"2026-09-14 16:10:19",2781.2,2,themightiestman
169,16651332,"Le Viet","2026-09-15 00:09:24",2781.2,2,sleepyssr
170,16638551,WinRAR,"2026-09-14 16:22:26",2780.8,2,ryosketchbook2007
171,16811036,"farmin time","2026-09-14 22:25:25",2780.8,2,jaydenszeto123
172,16712121,"Hai Dang","2026-09-14 15:25:33",2780.1,2,haidang2405
173,16688896,"JianYuan Deng","2026-09-15 00:38:16",2779.7,2,jianyuandeng
174,16623637,kuro0315,"2026-09-14 22:17:27",2779.4,2,skuro0315
175,16811868,luyinn,"2026-09-15 00:28:37",2778.7,2,luyinn
176,16781166,Ant,"2026-09-15 00:07:36",2778.7,2,anthonytrevino
177,16887661,magic101,"2026-09-14 22:48:26",2775.9,2,magicbuttons
178,16879253,"Lin Alpha","2026-09-14 10:36:46",2775.7,2,alphalin2010
179,16737944,ToastUz,"2026-09-14 12:17:52",2775.5,2,tatsuzoosawa
180,16736427,KouFu,"2026-09-14 15:26:59",2774.3,2,kouheif
181,16623488,"Kevin E R MILLE","2026-09-15 00:07:44",2774.0,2,kevinermille
182,16870342,"CHEN Xiang","2026-09-14 20:02:01",2773.9,2,intoxicatinglips
183,16665809,"Saravanan Jaichandaran","2026-09-14 05:50:43",2773.1,2,saranchandar
184,16640600,"Giord Frank","2026-09-14 09:26:43",2772.5,2,tangerinedog
185,16777137,Bernardus,"2026-09-14 05:07:02",2772.3,2,bernubritz
186,16841190,dp23334,"2026-09-15 01:18:29",2771.0,2,dp23334
187,16627796,tizawa3,"2026-09-14 21:53:58",2770.8,2,tizawa
188,16750575,Gronk,"2026-09-14 13:06:25",2770.6,2,jianyicai
189,16769059,Gabriel,"2026-09-14 19:24:00",2769.3,2,"shawsebastian,tvtdddd"
190,16760701,"Yannik Schiffner","2026-09-14 23:05:30",2768.5,2,yannikschiffner
191,16633790,curiosity,"2026-09-15 00:03:02",2766.4,2,chmffwn1
192,16677149,"Umataro Tenma","2026-09-14 21:14:33",2766.3,2,umatarotenma
193,16657931,t-enstar,"2026-09-14 14:03:36",2765.3,2,tstustatama
194,16771394,"ZHIRUI ZHAO","2026-09-14 22:43:26",2764.7,2,zhiruizhao
195,16748154,taiseiu,"2026-09-14 15:20:00",2764.5,2,taiseiu
196,16741096,"Yohanes Lengkong","2026-09-14 01:12:02",2763.0,2,yohanesfc
197,16633341,Hak,"2026-09-12 21:41:46",2763.0,2,hakdevelopment
198,16662883,OceanMix,"2026-09-14 09:40:06",2762.1,2,"cggonzalezsc,fierus,liesvyvalladares"
199,16623559,DECEM,"2026-09-14 20:10:09",2761.6,2,zy1343930734
200,16741542,"let cats farm","2026-09-14 15:25:01",2761.6,2,amonkizawa
201,16743858,kawauso9n,"2026-09-14 22:30:37",2761.3,2,kawauso9n
202,16734435,Economist,"2026-09-14 19:44:46",2761.2,2,jtheyogi
203,16734966,kigasudayooo,"2026-09-14 14:04:06",2760.0,2,argon1215
204,16673205,"Arda Ceylan","2026-09-14 12:05:21",2759.3,2,ardacey
205,16732774,edchax,"2026-09-14 20:31:43",2758.4,2,edchax
206,16858208,linhaiy,"2026-09-14 20:40:24",2758.4,2,linhaiy
207,16776738,"Kundan Bhaskar","2026-09-14 16:53:01",2758.0,2,kundan007
208,16683529,"Yanis Belami","2026-09-14 22:12:15",2757.0,2,yanisbelami
209,16809820,"Pramit Das","2026-09-14 20:33:39",2756.7,2,pramitdas
210,16891562,"Weverton Guedes","2026-09-14 18:27:43",2756.1,2,owevertonguedes
211,16685634,"Syed Asad Ali","2026-09-14 20:28:59",2756.0,2,syed3000
212,16773098,Apa,"2026-09-14 15:23:07",2755.0,2,yasso1
213,16756411,"Maximo Uribarri","2026-09-14 07:46:24",2754.3,2,maximouribarri
214,16629685,mikelou1,"2026-09-14 12:32:26",2754.2,2,mikelou1
215,16732578,nao.kwmr,"2026-09-14 01:01:24",2753.7,2,naokwmr
216,16764394,haseryooooo,"2026-09-14 08:10:08",2753.2,2,haseryooooo
217,16736198,JetJetGo,"2026-09-14 14:25:15",2752.6,2,psykrishna
218,16762101,"Kazama Yusuke","2026-09-14 23:51:13",2751.7,2,kazamayusuke
219,16658365,OnlyFarms,"2026-09-14 16:24:56",2751.6,2,hoowoo
220,16657100,"Jacky Chan","2026-09-14 19:30:39",2751.5,2,jhkchan
221,16778656,Aacceeo,"2026-09-14 21:06:07",2751.5,2,aacceeo
222,16763375,Makus,"2026-09-14 13:53:38",2751.4,2,alexmartinez75
223,16804768,Chaos,"2026-09-14 16:35:53",2750.8,2,hcfighting
224,16672251,"Kavinkumar M","2026-09-14 17:59:02",2750.7,2,kavinkumarrkm
225,16778707,momohuhu_kkkkkarrot,"2026-09-14 16:00:17",2750.6,2,kjy666
226,16734551,"junseok lee","2026-09-14 20:48:17",2750.5,2,jaslee2
227,16870440,GOSS,"2026-09-14 11:02:09",2750.5,2,gossan
228,16736874,mhiro2,"2026-09-14 14:40:28",2750.1,2,mhiro2
229,16865070,carlos-tagosaku,"2026-09-14 05:24:11",2749.7,2,sousugiyama
230,16716821,めめっち,"2026-09-15 00:50:45",2749.3,2,mechi22
231,16628897,"Kyoungwon Jeong","2026-09-14 23:37:48",2749.1,2,kyoungwonjeong
232,16891058,Navier-stokes,"2026-09-14 19:09:01",2748.1,2,"nguyenkhanhvu,nhtlongcs"
233,16741965,Ryuichi,"2026-09-15 01:00:47",2748.0,2,ryuichigt
234,16659412,yesterdays_rebel,"2026-09-14 19:15:46",2747.1,2,irfanparaniya
235,16681893,morality0707,"2026-09-13 15:39:53",2746.8,2,morality0707
236,16670210,"Ali Alghaithi","2026-09-15 01:02:56",2745.9,2,alioman
237,16668737,"Abish Pius","2026-09-14 13:44:49",2745.5,2,abishpius
238,16626191,"kevin park","2026-09-14 21:51:27",2745.2,2,k3v1npark
239,16621294,dpquoc,"2026-09-14 11:29:43",2745.0,2,dpquoc
240,16752019,"Kaipeng Zheng","2026-09-14 13:38:31",2744.9,2,kaipengzheng
241,16665357,XW,"2026-09-14 09:04:21",2744.1,2,xuewei
242,16826465,linmumu009,"2026-09-14 05:57:27",2744.0,2,"linmumu009,renjunxiang"
243,16632291,"alex chilton","2026-09-14 05:51:01",2743.3,2,alexchilton
244,16671017,"Pablo César Ruíz","2026-09-14 16:14:46",2742.9,2,pcruiher08
245,16662684,"Harshini Reddy","2026-09-13 15:52:24",2742.8,2,luffyh04
246,16769595,Rudra,"2026-09-14 09:40:51",2742.6,2,rudrabhaskar
247,16768449,"Dmitry Volovikov","2026-09-14 20:21:40",2742.1,2,dmitryvolovikov
248,16681464,Amyel21,"2026-09-14 18:40:15",2742.0,2,amyel21
249,16782203,"rui xiong","2026-09-14 10:51:57",2741.9,2,xiongruihumingyu
250,16769990,delai50,"2026-09-15 00:47:08",2741.9,2,delai50
251,16848970,massi0411,"2026-09-14 18:01:59",2741.3,2,massi0411
252,16880856,jinxingweilai,"2026-09-13 08:11:37",2739.9,2,jinxingweilai
253,16681369,GanadorPlusUltra,"2026-09-14 17:47:26",2739.9,2,ganadorplusultra
254,16692923,"Pavel Kazlou","2026-09-14 20:10:41",2739.5,2,paulik
255,16665829,Shadowfishes,"2026-09-14 23:10:47",2738.5,2,"boandme,ronitagarwal1,shauryasahdev2"
256,16694110,"Team Amboss","2026-09-14 16:27:04",2738.0,2,alexphilippi
257,16795062,"Satoshi Nguyen","2026-09-15 00:13:59",2737.6,2,satoshinguyenai
258,16623459,"Peng Wang","2026-09-14 04:03:02",2737.3,2,pengwang91
259,16731605,datatuu,"2026-09-14 20:03:12",2737.1,2,yaoguang516
260,16659870,"Tien N.","2026-09-15 00:04:29",2736.7,2,tientrum
261,16631460,Kosuke.T,"2026-09-14 15:32:25",2736.7,2,kosuke1992
262,16623520,asteriam,"2026-09-15 00:10:35",2736.6,2,masatakashiwagi
263,16668071,"Ali Eren Oğuztaş","2026-09-14 17:34:02",2736.6,2,alierenouzta
264,16721384,Hackoholics,"2026-09-14 11:32:29",2736.3,2,"limyenhui,richierx"
265,16804757,MAT,"2026-09-14 15:05:04",2735.1,2,mehmetanltays
266,16832316,"Tatu Helander","2026-09-14 23:07:17",2734.2,2,tatuhelander
267,16726545,whm8016,"2026-09-14 17:32:11",2734.0,2,whm8016
268,16807411,tamura_aicon,"2026-09-14 23:09:48",2731.4,2,hayatetaf
269,16687649,track,"2026-09-14 23:09:37",2730.4,2,"ahmedberatozer,omerlleez"
270,16744979,"Ahmed Alhassan","2026-09-13 21:51:58",2728.9,2,ahmed55
271,16891703,"Rasmus Hulthe","2026-09-15 00:04:58",2728.3,2,zazmuz
272,16879127,lihaoruolhr,"2026-09-14 15:35:47",2727.6,2,lihaoruolhr
273,16758556,bpbpbpbpb,"2026-09-15 00:01:21",2727.3,2,bpbpbpbpb
274,16632867,"Rayk Kretzschmar","2026-09-14 04:55:41",2726.7,2,raykkretzschmar
275,16820607,PeriwinkleBlueOvO,"2026-09-14 19:35:29",2726.4,2,"PeriwinkleBlueOvO,wenqiangao1"
276,16629787,FlameZywoo,"2026-09-13 10:05:22",2726.4,2,zgdllt
277,16739019,quzhihang,"2026-09-14 06:41:16",2725.3,2,quzhihang
278,16810299,spencersi123,"2026-09-14 17:57:31",2725.2,2,spencersi123
279,16871584,xder,"2026-09-14 09:58:50",2724.8,2,xderyeke393
280,16656500,我的豆包是AI,"2026-09-14 11:11:57",2724.7,2,"a982295350,bertmacutata,blencanierice,dangzhiyuan,imoxzm"
281,16716078,既然巅峰留不住，那就重走来时路,"2026-09-14 09:41:36",2724.6,2,"jenzenhuang,luwyeb,wafflebear,wenjiewangdev"
282,16782520,Durian,"2026-09-14 10:09:19",2724.5,2,rainyjin
283,16805906,FENGYESHAN,"2026-09-14 19:03:07",2724.3,2,fengyeshan
284,16805778,"Dương Đức Anh","2026-09-14 09:31:22",2723.3,2,"dda2k6,trungdttik55"
285,16666571,"Zhengxu Yu","2026-09-14 13:52:24",2723.1,2,zhengxuyu
286,16859757,"Nathan Jacob","2026-09-14 18:49:47",2722.1,2,nathanjacob
287,16806840,"Tavuk Master","2026-09-14 12:29:10",2721.3,2,mkrimenurgm
288,16632113,"Any Things","2026-09-14 19:26:36",2721.1,2,anythingsj3fare767
289,16886193,"Xiaoyong Zhu","2026-09-15 01:23:47",2720.9,2,xiaoyzhu
290,16665637,Luvsh81,"2026-09-14 20:20:54",2720.8,2,luvsh81
291,16623199,"Jesse Ferguson","2026-09-14 22:01:09",2720.6,2,jesseferguson
292,16763761,mkai1981,"2026-09-14 23:52:46",2720.6,2,mkai1981
293,16663264,Adarsh,"2026-09-14 17:04:23",2720.4,2,madarshbb
294,16750416,G!vIOne,"2026-09-14 23:15:02",2719.9,2,gvione
295,16878533,HayatoFujihara,"2026-09-14 15:34:37",2719.6,2,hayatofujihara
296,16655477,Aurora,"2026-09-14 16:03:47",2719.5,2,"niteshranjansingh,themeghajoshi"
297,16622509,Ali,"2026-09-13 15:51:44",2719.3,2,asalhi
298,16866933,tech-Mira,"2026-09-14 15:08:38",2718.2,2,itsukiito
299,16632119,nickyl,"2026-09-14 22:20:51",2718.1,2,nickyjliang
300,16654373,thwaitsusa2,"2026-09-14 23:30:10",2717.9,2,thwaitsusa2
301,16651806,shawnYiB,"2026-09-13 05:11:04",2717.3,2,"mike17cui,shawnyib"
302,16732879,daulettoibazar,"2026-09-14 10:06:10",2716.9,2,daulettoibazar
303,16629624,"Sayandeep Ghosh","2026-09-14 09:50:52",2716.7,2,sayandeepghosh
304,16838538,"rz cao","2026-09-14 04:34:54",2716.7,2,caoruizhe
305,16762208,CrazyML,"2026-09-14 11:37:11",2716.7,2,"janhvikhattri,sorcererbi,vedanshipathak"
306,16889004,SkOnTheRocks,"2026-09-14 04:36:04",2716.2,2,skontherocks
307,16758905,"Iwa Iwa","2026-09-14 18:07:41",2715.6,2,iwaiwa
308,16753567,Davics,"2026-09-14 15:27:50",2712.9,2,davics
309,16751820,yy,"2026-09-14 07:34:07",2712.3,2,hirokiyamazaki
310,16846857,"Tomohiro Nagai","2026-09-14 13:24:15",2712.2,2,tomohironagai
311,16847812,"Superman king","2026-09-14 07:49:09",2712.1,2,supermanking
312,16693549,別班,"2026-09-13 05:11:25",2711.9,2,"kusurizuke,pepushi,tomokiaki"
313,16881512,"Asem Adnan","2026-09-14 21:44:01",2711.3,2,asemadnan
314,16706892,Ko,"2026-09-13 08:01:21",2711.1,2,syurenuko
315,16677938,"Hajime Tamura","2026-09-15 01:44:29",2710.9,2,thajime
316,16793600,mogura2.0,"2026-09-14 13:39:22",2710.8,2,mogura20
317,16716317,yzyhello,"2026-09-14 01:44:14",2710.5,2,yzyhello
318,16736931,"Sergei Fironov","2026-09-14 16:13:30",2710.2,2,sergeifironov
319,16880773,最强扫地僧,"2026-09-14 09:51:50",2710.1,2,yyx466005036
320,16663247,Ak,"2026-09-14 20:13:17",2709.9,2,abisheksrivastav
321,16658221,"Roshan Roy","2026-09-14 17:30:32",2709.3,2,"adhilvt,mohamedarifj,roshanroy333"
322,16786102,"Anay Garodia","2026-09-14 18:19:25",2708.7,2,anaygarodia
323,16746025,Hamachi,"2026-09-14 19:42:57",2707.3,2,hamatz
324,16705139,gogogo,"2026-09-14 06:46:35",2706.9,2,huzech
325,16791248,"Ioannis Tzachristas","2026-09-14 09:56:53",2706.3,2,"ioannistzachristas,lilishyxf"
326,16632743,"Krizsó Gergely","2026-09-14 18:37:58",2706.3,2,lucifer19
327,16889791,JinboWang,"2026-09-14 13:54:13",2706.2,2,jinbowang1
328,16847936,张志浩1,"2026-09-14 13:04:45",2705.7,2,zzh13332470923
329,16768065,"Gradient Grazing","2026-09-13 09:13:08",2705.6,2,adamhusein
330,16889691,"Yango Mango","2026-09-14 18:19:13",2705.6,2,yangbai2026
331,16684093,"fog flower","2026-09-15 00:01:09",2704.8,2,fogflower
332,16669490,hinemos,"2026-09-14 18:00:16",2704.7,2,hinemos
333,16893323,"alexey pavlov","2026-09-14 22:54:57",2704.5,2,amocualg
334,16639155,"Arturo Gutiérrez Aguilar","2026-09-14 05:58:00",2703.6,2,jarturo
335,16848394,Polaris,"2026-09-14 14:58:24",2702.4,2,zhanglei226
336,16773144,"Mohamed Salah","2026-09-14 21:07:58",2702.3,2,mosalah7
337,16684620,kobayasi,"2026-09-14 15:56:10",2702.2,2,"boomvector,tatsuokoshida"
338,16862582,StephaneB7899,"2026-09-14 02:34:17",2701.7,2,stephaneb7899
339,16845833,おかゆん,"2026-09-14 00:27:28",2701.5,2,okayun
340,16732763,"Raihan Ramadistra","2026-09-14 12:05:13",2701.4,2,raihanramadistra
341,16842786,ScotLee08,"2026-09-14 05:27:39",2701.4,2,scotlee08
342,16637031,"and more","2026-09-14 21:40:33",2700.4,2,kym2022
343,16697266,"Top 1 🏆","2026-09-14 14:47:06",2699.7,2,"fahankaudeer,solirus,syntaxprnv,udhaykumarsujeebun"
344,16762248,KongKongDe,"2026-09-14 16:17:24",2699.4,2,kongkongde
345,16771200,DeeSaa,"2026-09-14 15:59:17",2699.0,2,deesaa
346,16759578,Randy,"2026-09-14 14:06:54",2699.0,2,rvndyerwin
347,16845713,"qweq asd","2026-09-14 04:09:52",2698.7,2,qweqasd
348,16695685,"kwon yong deuk","2026-09-14 23:19:19",2698.6,2,kwonyongdeuk
349,16693965,ra5anchor,"2026-09-13 00:28:29",2698.2,2,junmitsui
350,16665402,PrasadChopade213,"2026-09-14 12:39:13",2698.0,2,prasadchopade213
351,16848532,peppersaltman,"2026-09-14 14:49:11",2695.2,2,peppersaltman
352,16811920,"MINGXI LIU","2026-09-15 01:30:23",2694.6,2,wang5630900
353,16747839,"Ich Schmid","2026-09-14 17:51:07",2693.3,2,ichschmid
354,16680172,TTANE,"2026-09-14 21:59:53",2693.2,2,otmaneelmahdaouy
355,16762769,"Jacques Buis","2026-09-13 19:55:06",2693.2,2,jacquesbuis
356,16784164,Yaojinming,"2026-09-14 08:14:41",2691.2,2,yjm0905
357,16639642,c-number,"2026-09-13 03:29:40",2691.2,2,cnumber
358,16777359,"Dmitriy Ulybin","2026-09-14 03:58:05",2690.6,2,dmitriyulybin
359,16663946,"Hello San Francisco","2026-09-14 18:50:52",2690.6,2,"circiumaru,dulgherustefan,radugoga"
360,16875984,cccyou,"2026-09-14 09:37:46",2690.4,2,cccyou
361,16767960,"Yuvraj Bhati","2026-09-14 23:24:32",2690.4,2,avioon
362,16678534,"Filip Strzałka","2026-09-14 09:47:35",2689.8,2,snufkin77
363,16730728,"Le Trong Hieu","2026-09-14 09:01:01",2689.0,2,backtracking
364,16763669,cm391,"2026-09-14 11:31:26",2688.6,2,mccocoful
365,16757809,dasfds,"2026-09-14 07:42:37",2687.9,2,dasfds
366,16853054,saberzky,"2026-09-14 02:38:11",2687.8,2,saberzky
367,16623616,nasubiman,"2026-09-14 11:25:00",2687.2,2,yousukenakamura
368,16755099,"Aleksandr Ulianin","2026-09-14 12:05:33",2687.0,2,aleksandrulianin
369,16623400,Less,"2026-09-14 14:06:39",2686.4,2,jiaoyouzhang
370,16630804,"Emre Cirak","2026-09-14 19:25:48",2685.7,2,"biohack44,merkiraz"
371,16885944,"Дмитрий Герасимов","2026-09-14 14:56:51",2684.9,2,domager72
372,16694346,ywwywww,"2026-09-14 07:52:56",2683.5,2,ywywww
373,16663603,xsong2020,"2026-09-15 01:38:21",2681.8,2,xstargate
374,16738503,dddmd,"2026-09-14 04:20:11",2681.2,2,dddmdd
375,16621628,pupen_o,"2026-09-14 23:03:14",2681.1,2,pupeno
376,16884844,Happyfarm,"2026-09-14 10:51:11",2680.7,2,zhengweibin1026
377,16745569,kitchs,"2026-09-14 08:59:54",2680.5,2,kitchs
378,16730301,wonder777,"2026-09-14 09:23:03",2680.0,2,wonder777
379,16644565,Suda,"2026-09-14 23:06:01",2679.4,2,chaneyma
380,16731186,Naru041104,"2026-09-14 04:46:06",2679.2,2,naru041104
381,16881395,nikotin55,"2026-09-14 17:58:44",2678.6,2,nikotin55
382,16621154,Zain96,"2026-09-12 15:58:32",2677.4,2,zain96
383,16623463,porply,"2026-09-14 06:05:44",2677.1,2,porply
384,16673336,honjousetuna,"2026-09-14 01:28:09",2676.8,2,honjousetuna
385,16731971,s_a_ai_engineer,"2026-09-14 11:10:18",2676.4,2,saaienginner
386,16732210,tanadai,"2026-09-14 14:27:05",2675.8,2,da0516
387,16664836,"Adnan Zaman","2026-09-14 12:50:05",2675.8,2,adnanzamanniloy
388,16875986,"k hori ","2026-09-15 00:18:40",2675.7,2,khori7
389,16805980,Kifine,"2026-09-14 08:38:12",2675.4,2,liaoyingxi
390,16723893,iring58,"2026-09-14 21:43:23",2675.2,2,iring58
391,16861362,我小栗帽要娶藤正进行曲！！！💍,"2026-09-14 16:32:53",2673.8,2,"praveensahukari,rubiakaslana"
392,16849801,tq1d,"2026-09-14 20:32:19",2672.8,2,haya03010
393,16811467,Raster0x2a,"2026-09-14 10:34:36",2672.8,2,raster0x2a
394,16693534,HireMe,"2026-09-14 01:46:45",2672.4,2,junta1104
395,16809874,もたざる,"2026-09-14 11:55:20",2672.3,2,havenox
396,16622454,automatylicza,"2026-09-14 23:49:58",2671.8,2,automatylicza
397,16660988,"AI After Hours","2026-09-14 18:44:22",2669.9,2,"akshaythammana,mmehersaipreetam"
398,16783021,"TAN TIANYE","2026-09-13 03:04:35",2669.0,2,tantianye
399,16740405,by,"2026-09-14 13:28:50",2668.1,2,ibyyue
400,16771623,kekuru,"2026-09-14 14:25:08",2667.9,2,soyaishihara
401,16652446,"tine.sh agent","2026-09-14 19:47:39",2667.5,2,sidcodegg
402,16881350,xwl_tree,"2026-09-14 09:05:55",2665.7,2,xwltree
403,16690763,chungkuangwen,"2026-09-13 14:38:08",2664.3,2,chungkuangwen
404,16661622,"Ergin Akın","2026-09-14 21:11:04",2663.5,2,erginakin
405,16740419,IamDiganta.7,"2026-09-15 00:10:17",2663.5,2,iamdiganta7
406,16852766,MCZK,"2026-09-15 00:49:38",2663.4,2,hitoshimochizuki
407,16621153,"Addison Howard (ineligible)","2026-09-15 00:14:33",2663.3,2,addisonhoward
408,16806882,"Friedhelm Winter","2026-09-14 11:06:19",2661.8,2,friedhelmwinter
409,16623643,LiXingtao,"2026-09-14 02:58:24",2661.8,2,lixingtao123
410,16778340,NayuNayu,"2026-09-13 14:13:03",2661.4,2,nayunayu1005
411,16716263,"Ugnė Miklovaitė","2026-09-14 16:01:13",2661.3,2,ugnmiklovait
412,16639565,yasu,"2026-09-14 23:58:08",2660.8,2,yasutakababa
413,16799832,"Maman Salto","2026-09-14 12:35:13",2660.5,2,saddamaditya
414,16840509,"Iskander Yusupov","2026-09-14 17:35:57",2658.9,2,iskanderyusupov
415,16809294,Cherie01,"2026-09-14 07:52:35",2658.9,2,cherie01
416,16884121,Radiant,"2026-09-14 10:52:34",2658.8,2,"dnpkkk,xxxxxx6x"
417,16709068,Vib,"2026-09-14 21:51:49",2658.2,2,viblal
418,16623805,"Howon Kang","2026-09-14 22:14:05",2657.0,2,howonkang
419,16632224,"牧瀬 紅莉栖","2026-09-14 10:17:01",2656.7,2,yamakawanin
420,16730065,Blu3s,"2026-09-14 14:12:27",2656.7,2,"atteincueo,ausrine"
421,16775030,makishis,"2026-09-14 11:14:51",2656.5,2,makishis
422,16677855,Mehrdad_LU,"2026-09-14 21:07:39",2656.4,2,mehrdadal2023
423,16716335,JamesJJJJJ,"2026-09-14 14:20:35",2654.3,2,jamesjjjjj
424,16876180,kk.sky.9k,"2026-09-14 14:27:57",2651.9,2,kksky9k
425,16674508,"Giulio Ravasio","2026-09-14 05:38:11",2651.3,2,giuliorav
426,16795134,"jiawei li","2026-09-14 14:05:45",2650.7,2,jiaweiaaa
427,16846963,成吉思汗,"2026-09-14 07:44:37",2650.5,2,jddhhdh
428,16748142,"Hikaru Umeda","2026-09-14 16:13:46",2650.3,2,hikarumeda1030
429,16888794,NonCaffeine,"2026-09-14 10:04:24",2650.3,2,noncaffeine
430,16884892,AQiDA19,"2026-09-14 02:32:26",2650.0,2,aqida19
431,16823116,一路向北,"2026-09-14 03:24:12",2649.9,2,chronoscop
432,16654158,Hack2Publish,"2026-09-14 19:01:02",2649.4,2,"esfersami50,foysalemonshanto,hosen42,rokaiyasomapti"
433,16655478,Bruce,"2026-09-14 13:40:22",2649.3,2,bruceqdu
434,16738487,"Andrey Shpigar","2026-09-13 20:57:51",2649.2,2,andreyshpigar
435,16839902,"Sōsuke Aizen","2026-09-14 18:21:49",2646.8,2,"soukeaizenz,souvikdbiswas"
436,16763505,"Sai Reddy Pothireddy","2026-09-14 17:03:21",2645.9,2,saireddypothireddy
437,16843904,wadia,"2026-09-14 15:13:40",2644.5,2,yeshawang
438,16740892,"yuki matsumori","2026-09-14 12:39:44",2644.4,2,yukimatsumori
439,16875968,"Dias Bakhtiyarov","2026-09-15 00:27:15",2643.9,2,diasbakhtiyarov
440,16892458,Max,"2026-09-14 23:56:00",2643.4,2,orangeaugust
441,16721248,"Raef Guizani","2026-09-14 09:45:36",2643.2,2,raefguizani
442,16740644,Terence0914,"2026-09-14 03:00:31",2643.0,2,terence0914
443,16633552,Unkn0wn,"2026-09-14 12:00:42",2642.8,2,"harnadshilpa,nagendraadisesha"
444,16864919,ujimaa,"2026-09-14 23:19:55",2641.9,2,ujimaa
445,16687294,"Madiyar Khamzanov","2026-09-14 19:17:46",2641.7,2,mkhamzanov
446,16697229,"Masashi Nishimoto","2026-09-14 17:16:54",2641.0,2,masashinishimoto
447,16709837,Sophinator,"2026-09-14 20:26:38",2640.8,2,sophinator
448,16655844,MAFIN,"2026-09-14 12:37:15",2640.5,2,moneyman91
449,16710140,Lynxx,"2026-09-14 14:45:59",2640.1,2,lynnsakurai
450,16693439,"Ankit Hemant Lade","2026-09-14 19:52:18",2639.7,2,"ankitlade12,jsaikrishna"
451,16784608,shawenher,"2026-09-15 01:29:53",2638.8,2,shawenher
452,16622420,RuiFSPinto,"2026-09-14 13:11:27",2638.2,2,ruifspinto
453,16695046,"Farmers Is All You Need","2026-09-14 04:33:22",2638.1,2,"aurax7,coolinlai,davidsarrat,pseree,zongzishuang"
454,16746395,Levin,"2026-09-14 11:50:15",2638.0,2,"sophiexs,zhengliwen"
455,16621075,"Octavi Grau","2026-09-14 09:18:48",2637.4,2,octaviograu
456,16718480,PLReddy23,"2026-09-14 11:59:31",2637.3,2,plreddy23
457,16630825,"Black Mamba Farm","2026-09-14 04:13:29",2637.0,2,"asherjyd,frankyhz,qizhiran,yukundu231100"
458,16719884,ykhnkf,"2026-09-14 09:48:57",2636.3,2,ykhnkf
459,16723318,グレイラットルーデウス,"2026-09-14 13:58:55",2636.1,2,rudeus666
460,16844004,"Takahiro Saito","2026-09-14 09:04:56",2634.9,2,takahiro3110
461,16876865,LR.AIML,"2026-09-14 14:16:30",2633.7,2,"lucasgroot,robkraseu"
462,16839530,"que la cuenten como quieran","2026-09-15 01:12:56",2633.4,2,germanjurado1
463,16659679,Civitasmass,"2026-09-15 01:22:16",2633.4,2,godhand
464,16658349,lingxiaojun,"2026-09-14 06:10:06",2632.7,2,lingxiaojun
465,16799304,"Rlug mb","2026-09-14 10:16:19",2632.1,2,"minhtrph,rlugmb"
466,16683936,Cyrus,"2026-09-14 08:52:30",2632.1,2,jamalsaeedi
467,16768385,neibyr,"2026-09-15 01:31:14",2632.0,2,neibyr
468,16667951,KoRo2_JP,"2026-09-14 07:56:36",2631.9,2,koro2jp
469,16630752,motemen,"2026-09-13 07:56:37",2631.8,2,motemen
470,16881681,失忆的海_,"2026-09-14 15:15:18",2631.3,2,shiyidehai
471,16693557,"Ifeoluwa Adewumi","2026-09-14 12:18:07",2630.6,2,ifeadewumi
472,16841663,"Ryosei Hara","2026-09-14 03:02:06",2630.0,2,ryhara
473,16623990,senkin13,"2026-09-15 00:13:23",2629.8,2,senkin13
474,16760244,"Alex Paul","2026-09-15 00:07:16",2629.2,2,alexazander
475,16625050,"how to place pokemon","2026-09-13 11:18:37",2628.4,2,ktverdov
476,16666365,yiyu0716,"2026-09-15 01:31:35",2628.1,2,yiyu0716
477,16624571,"Baidalin Adilzhan [dsml.kz]","2026-09-14 14:58:49",2627.4,2,baidalinadilzhan
478,16687901,Khalid,"2026-09-14 09:52:11",2627.3,2,khalid000000
479,16624893,"GURU Prasaatha S","2026-09-14 19:00:14",2627.3,2,guruprasaathas111
480,16701074,"One Policy to Rule Them All","2026-09-14 14:41:04",2626.9,2,qujiahui
481,16636536,tetsu2131,"2026-09-14 15:29:14",2626.3,2,tetsutani
482,16885735,keith,"2026-09-14 12:51:25",2625.8,2,kamatt
483,16868304,"Aaron amacadu","2026-09-14 11:12:48",2625.7,2,aaronamacadu
484,16779110,mark,"2026-09-14 11:03:23",2625.4,2,mark
485,16778835,kiyoc,"2026-09-14 16:04:31",2625.4,2,kiyoshiohno
486,16751603,xxxzzz123312123321,"2026-09-14 12:13:19",2624.8,2,xxxzzz123312123321
487,16666805,Kaggs,"2026-09-14 11:15:21",2624.7,2,ayush21042004
488,16738424,Yunioshi,"2026-09-14 15:39:54",2624.6,2,yunioshi
489,16640388,SANNNNN,"2026-09-14 20:26:03",2623.9,2,zuhairsan
490,16732714,Mforg,"2026-09-14 15:14:55",2623.8,2,mforg74911
491,16803448,jiatu.l,"2026-09-14 14:06:59",2623.7,2,jiatul
492,16692845,"Yassine Ben Zekri","2026-09-14 22:14:51",2623.6,2,yassinebenzekri
493,16888950,"Qize He","2026-09-14 20:02:17",2623.2,1,watcher996
494,16843303,inori315,"2026-09-14 13:31:27",2623.1,2,inori315
495,16623812,"SeshuRaju 🧘‍♂️","2026-09-14 09:02:29",2623.0,2,seshurajup
496,16746599,Borrun,"2026-09-14 09:56:38",2622.6,2,borrun
497,16630312,beijijun,"2026-09-14 12:04:11",2622.5,2,beijijun
498,16668227,Yusuraume,"2026-09-14 22:14:23",2622.5,2,sugitatomohiko
499,16633226,test_money,"2026-09-14 21:56:13",2622.0,2,michaelsemenoff
500,16883863,qhapaq49,"2026-09-14 13:07:45",2621.6,2,qhapaq49
501,16892272,"Leo #3","2026-09-14 15:44:18",2621.5,1,leo123321
502,16657728,"T Soo","2026-09-14 14:48:56",2621.4,2,ttgrcgrc
503,16806206,"Yuan Yongth","2026-09-15 00:17:45",2621.4,2,"sunnylzheng,yuanyongth"
504,16657796,"parv goyal2","2026-09-14 04:25:29",2621.1,2,parvgoyal2
505,16871381,huaiyuyoung,"2026-09-14 15:43:01",2620.8,2,huaiyuyoung
506,16875659,あかつき,"2026-09-14 18:34:30",2620.6,2,akatuki25
507,16748476,sam_the_rice_cake,"2026-09-14 14:35:11",2620.5,2,"hash548,wliilamsam"
508,16743647,bono,"2026-09-14 10:01:12",2620.2,2,kjoonha
509,16675493,"Ryotaro Minato","2026-09-14 23:15:01",2620.0,2,ryotarominato
510,16824931,Magniverko,"2026-09-15 00:17:28",2619.4,2,huangyingkun
511,16655582,"Yang Jinneng","2026-09-14 12:59:37",2619.4,2,adurey
512,16657775,"Raagav Anand","2026-09-14 17:47:16",2619.4,2,raagavanand
513,16658382,vladee,"2026-09-14 14:49:46",2619.3,2,vladee
514,16688568,Sophie555,"2026-09-14 20:14:28",2619.3,2,sophie555
515,16707144,Kirderf,"2026-09-14 12:33:51",2618.8,2,kirderf
516,16835029,先过我的Gemini,"2026-09-14 10:21:24",2618.4,2,gutssss
517,16654707,ManasviSharma,"2026-09-15 00:01:17",2618.1,2,manasvi821
518,16789946,"Oriol Pi Morell","2026-09-14 16:29:30",2617.8,2,oriolpi
519,16661994,"Suvrat Rai","2026-09-14 10:09:32",2617.6,2,suvrat11rai
520,16866579,"Fighting Gold","2026-09-14 10:00:04",2616.7,2,sawada
521,16890503,KevinYongxin,"2026-09-14 08:52:18",2616.7,1,yongxinkwan
522,16764459,在高速上逆行是危险的,"2026-09-14 15:44:09",2616.7,2,"chaojiwudiwujie,qianxiang123"
523,16791924,magu1234,"2026-09-14 08:15:32",2616.2,2,magu1234
524,16728321,Rohitt_94,"2026-09-14 11:49:40",2616.2,1,rohitt94
525,16693342,takemo,"2026-09-14 23:00:01",2616.1,2,takemoriyuto
526,16623799,"Akhilesh godugu","2026-09-14 15:03:22",2615.8,2,"akhileshgodugu,ashokgodugu"
527,16859034,wayg9odysseus,"2026-09-14 19:02:59",2615.8,2,wayg9odysseus
528,16748738,Shymohn,"2026-09-14 16:09:50",2615.2,2,shymohn
529,16632006,"Adwait Tagalpallewar","2026-09-14 11:50:41",2615.1,2,adwaittagalpallewar
530,16778178,kyosan,"2026-09-14 04:37:14",2614.8,2,"azizbekxasanov,dilyorbek"
531,16754838,"Berkay Özkan","2026-09-14 19:23:24",2613.9,2,berkayzkan
532,16741672,张菠,"2026-09-14 17:04:57",2613.6,2,ysqdababa
533,16622319,"Roman Tamrazov 52","2026-09-14 18:11:56",2613.6,2,romantamrazov
534,16817750,"Baiqing Wang","2026-09-14 21:15:38",2613.5,2,wangbqbqbq
535,16828191,wanghongwei111,"2026-09-14 13:07:32",2613.2,2,wanghongwei111
536,16735353,我是刘大聪,"2026-09-14 16:55:50",2613.2,2,smartorz
537,16808111,"Oliver #2","2026-09-14 14:31:51",2613.1,2,wangzn0410
538,16630713,"Grzegorz Sionkowski","2026-09-14 15:18:48",2612.9,2,sionek
539,16623524,"Marcus Vinicius","2026-09-14 13:28:58",2612.7,2,marcux777
540,16642570,"Mathurin Ache","2026-09-14 10:54:46",2612.4,2,mathurinache
541,16797457,Aamod06,"2026-09-14 12:57:57",2612.1,2,aamod06
542,16699165,lime0001,"2026-09-14 13:31:27",2612.0,2,lime0001
543,16668152,ksew364,"2026-09-14 13:46:59",2612.0,2,ksew364
544,16757320,Jingxiang,"2026-09-12 22:11:32",2612.0,2,jingxiango
545,16631536,kglctf,"2026-09-14 14:09:53",2611.2,2,kglctf
546,16784725,prairieee,"2026-09-14 03:13:11",2611.1,2,"haideptry,prairieee"
547,16854428,"Marwan Ashref","2026-09-14 13:38:35",2610.5,2,"abobakerabobaker,marwanashref"
548,16643319,Jules,"2026-09-14 12:10:20",2610.5,2,julesvanligtenberg
549,16626332,"MD. Nazmus Sakib Anik","2026-09-15 01:34:14",2610.4,2,beyondlogic
550,16753974,"David Goldrajch","2026-09-14 20:19:50",2610.4,2,elie2003
551,16709504,U023,"2026-09-14 16:44:14",2609.8,2,ryutek
552,16806475,sohma,"2026-09-14 07:36:46",2609.7,2,hi210278
553,16796937,Alan,"2026-09-15 00:26:12",2609.6,2,amunsentom
554,16890988,"Aleksandrov Andrey Alekseevich","2026-09-14 15:04:47",2609.1,2,abbeleve
555,16708315,beeyan,"2026-09-14 15:05:43",2609.0,2,beeyan0821
556,16777710,"Clement Lau","2026-09-14 13:14:20",2608.8,2,clementlau
557,16761744,"Daiki Takahashi","2026-09-14 17:28:41",2608.1,2,daikitakahashi
558,16858464,Taisei_Tsuneki,"2026-09-14 07:09:25",2608.1,1,taiseitsuneki
559,16848588,"vibe coders","2026-09-14 17:21:41",2608.0,2,caando
560,16802867,matcha110,"2026-09-14 07:54:43",2607.2,2,matcha110
561,16846069,"Bryce Muhlnickel","2026-09-14 03:27:19",2607.1,2,tokenjunkielabs
562,16682032,"Satkar sarvankar","2026-09-14 14:56:57",2607.1,2,satkar003
563,16790943,"Tashfik Salehin","2026-09-14 09:20:48",2606.9,2,tashfiksalehin
564,16717787,Bull,"2026-09-14 16:51:44",2606.8,2,welshonionman
565,16670537,Silhouette,"2026-09-15 00:01:49",2606.5,2,jamessargsyan
566,16823957,"kiki yi2","2026-09-14 08:17:13",2606.3,2,kikiyi2
567,16839389,lizs,"2026-09-14 16:48:12",2605.5,2,chiila
568,16727998,hidsaito,"2026-09-14 13:07:06",2604.9,2,hidsaito
569,16667774,"Ziad EL ARARI","2026-09-14 16:26:56",2604.3,2,ziadelarari
570,16841910,"Lucky bara","2026-09-14 02:44:27",2603.8,2,luckybara
571,16864113,YYC3,"2026-09-14 14:52:47",2603.8,2,icongovo
572,16731577,RYnerv,"2026-09-14 11:33:32",2603.7,2,rynerv
573,16714159,Lonnie,"2026-09-14 10:53:53",2603.1,2,lonnieqin
574,16663271,"Malyshev Danil","2026-09-14 14:08:36",2602.7,2,malyshevdanil
575,16891040,"Nasri Siwar","2026-09-14 10:49:51",2602.6,1,sassounasri
576,16729280,"Ryoya Tsuruoka","2026-09-14 03:42:35",2601.4,2,"irohasorange,mrooto,rahaia"
577,16671133,Kazeneko,"2026-09-14 22:39:30",2600.9,2,kazeneko77
578,16662318,"Bardia Bahadori","2026-09-14 15:23:15",2600.8,2,bardiabahadori
579,16637987,Xander,"2026-09-14 02:13:50",2600.2,2,canqiang
580,16626093,"Pilkwang Kim","2026-09-14 03:56:12",2599.6,2,pilkwang
581,16785483,xiongrui666,"2026-09-15 01:34:09",2599.1,2,xiongrui666
582,16728160,Ozi,"2026-09-14 18:37:07",2599.0,2,muhammaduzair21
583,16806728,"Neural Knight","2026-09-14 09:55:40",2598.9,2,"chinmaymnaik,sivasainath06"
584,16806328,"Takamichi Toda","2026-09-14 05:34:09",2598.7,2,takamichitoda
585,16708296,LUCKY2,"2026-09-14 09:52:13",2598.0,2,carolezountangni
586,16647192,"Sailor Ren","2026-09-14 10:26:37",2597.9,2,sailorren
587,16851474,"HY ISHI","2026-09-15 00:01:37",2597.6,2,hyugaishioka
588,16682885,风沙星辰,"2026-09-14 12:50:15",2597.5,2,"duoliya,linyeping,sereinovov,wangying2026"
589,16757621,Kurokawa,"2026-09-12 20:30:41",2597.0,2,hiroshikurokawa
590,16750779,"Mao Nishino (mao1756)","2026-09-14 07:25:38",2596.9,2,maonishinomao1756
591,16756062,"Thomas #2","2026-09-14 08:31:12",2596.3,2,tommurakami
592,16792109,rogerrogerroger3r,"2026-09-14 10:35:24",2596.2,2,rogerrogerroger3r
593,16713335,"Muhammad Imran","2026-09-14 09:42:21",2596.1,2,muhammadimranchitral
594,16659555,"Joseph Adamski","2026-09-14 00:12:49",2595.8,2,josephadamski91
595,16671412,Xman,"2026-09-14 12:16:56",2595.8,2,xuanzhang001
596,16851399,"Ali Eren Konak","2026-09-15 00:18:05",2595.7,2,alierenkonak
597,16684704,LIQUIDHORSE,"2026-09-14 17:57:58",2595.6,1,liquidhorse
598,16867120,"DaoHe Liu","2026-09-14 07:13:16",2595.5,2,daoheliu
599,16674919,yukiZ,"2026-09-14 05:29:02",2595.5,2,hideyukizushi
600,16627906,"Tergel Munkhbat","2026-09-14 11:40:51",2595.4,2,tergelmunkhbat
601,16654742,"Aastik Rajan15","2026-09-14 11:58:25",2595.3,2,aastikrajan15
602,16669935,"Roman Svet","2026-09-11 07:30:02",2595.1,2,romansvet
603,16769849,"Shuwen(Shawn) Ge","2026-09-14 07:22:11",2595.1,2,shuwenshawnge
604,16823981,"mou mou","2026-09-14 11:19:35",2595.1,2,moumou6322
605,16641171,"Sadettin Şamil Verdil","2026-09-14 10:33:55",2594.9,2,sadettinamilverdil
606,16795853,GaoKui,"2026-09-14 03:41:41",2594.2,2,gaokui
607,16664392,AdamHsieh,"2026-09-14 06:22:24",2593.9,2,adamhsieh
608,16742369,"Ömer Faruk Yüce","2026-09-14 20:17:07",2593.8,2,merfarukyce
609,16891851,kamranahmmed,"2026-09-14 16:26:31",2592.5,2,kamranahmmed
610,16867924,PeaBrain,"2026-09-14 02:35:49",2592.2,2,abiruekanayaka1
611,16847478,tokitamago,"2026-09-14 12:01:50",2592.1,2,tokitamago
612,16668406,"VAP RF5","2026-09-14 13:35:56",2592.0,2,vaprf5
613,16631640,"dont share my work for value","2026-09-14 16:10:14",2591.8,2,caoyupeng
614,16778744,"Shunsuke Hayashi","2026-09-14 02:13:12",2591.8,2,shunsukehayashi1993
615,16676609,cqupt_sdq,"2026-09-14 08:06:53",2591.8,2,sdq2237
616,16845695,"Nam Lê Phương","2026-09-14 06:56:08",2591.6,2,pearpn25
617,16729413,KharinTymofii,"2026-09-14 01:32:08",2591.0,2,kharintymofii
618,16682879,"Ace Team","2026-09-14 17:52:54",2591.0,2,drpatrickchan
619,16656340,MAGMA,"2026-09-14 12:23:14",2590.1,2,infiheart
620,16644808,"Rotation Theory","2026-09-14 16:20:43",2590.1,2,mikhsank
621,16890118,chiikavyshy,"2026-09-14 08:20:03",2589.5,1,"marynaborovska,yuriygreben"
622,16888254,CaliforniaDog,"2026-09-14 21:52:00",2589.2,2,californiadog
623,16670524,"Nat Bel ML Fun","2026-09-14 18:40:11",2589.0,2,natbel4ml
624,16802410,"Aleksandr  Larko","2026-09-14 02:42:42",2588.7,2,alexxanderlarko
625,16861256,lizh2025,"2026-09-14 15:35:55",2588.5,2,lizh2025
626,16621315,"Reyhan Ksatria","2026-09-14 03:09:36",2588.1,2,reyhanksatria
627,16746010,"Khoi Tuan Nguyen","2026-09-14 06:51:16",2587.7,2,khoingt
628,16633340,"Tim Zagrebelny","2026-09-14 06:41:41",2587.7,2,timzagrebelny
629,16751358,Cristiano,"2026-09-14 13:09:57",2587.4,2,zhuangbility
630,16701051,"Komi ShouKo","2026-09-15 01:12:29",2587.2,2,asdwswdxd
631,16806000,wyz0210,"2026-09-14 04:57:55",2586.1,2,weiyouzhen
632,16742183,alessandrozonta,"2026-09-14 08:11:45",2585.4,2,azonta
633,16641372,ShoaibSSM,"2026-09-14 11:41:29",2585.0,2,"naveenlx111249971939,shoaibssm"
634,16655610,GPTatoes,"2026-09-14 11:08:07",2584.7,2,"angran,kaixuanosmas"
635,16818060,bnfan,"2026-09-14 23:57:41",2584.2,2,simonfan7
636,16780455,wadigongren,"2026-09-15 00:44:59",2584.2,2,wadigongren
637,16640472,"Vsevolod Rakita","2026-09-14 07:28:54",2584.1,2,vsevolodrakita
638,16703045,ReCurSiON,"2026-09-14 17:05:11",2583.9,2,ashok205
639,16811799,"Yuanchen Huang","2026-09-14 13:45:54",2583.6,2,geokocha
640,16807380,"D × MirAI","2026-09-14 11:40:38",2583.1,2,kmnkmn
641,16867671,Abhinav0370,"2026-09-14 11:32:30",2582.8,2,abhinav0370
642,16881248,Veerakrishna,"2026-09-15 00:58:56",2582.4,2,veerukhannan
643,16889296,"Takauchi Suguru","2026-09-14 05:02:03",2582.2,2,gurusut
644,16746275,LittleScottyy,"2026-09-14 03:31:41",2581.8,2,fongwaiyong
645,16751516,uki706,"2026-09-14 14:14:27",2581.6,1,uki706
646,16697767,"Teddy Tennant","2026-09-14 13:16:44",2581.4,2,thtennant
647,16765135,neuro168,"2026-09-14 12:47:00",2581.2,2,lordmc
648,16764901,"Han Chen","2026-09-14 06:45:25",2579.8,2,puffohan
649,16785523,Doranap,"2026-09-14 11:14:58",2577.8,2,doranap
650,16853805,yefenfei,"2026-09-14 04:58:30",2577.2,2,yefenfei
651,16802322,HongchenDai,"2026-09-14 08:41:42",2577.0,2,hongchendai
652,16683755,"Meng Di","2026-09-13 23:54:21",2575.7,2,hughshaoqz
653,16716566,"Junliang Ye","2026-09-14 14:38:26",2574.8,2,junliangye
654,16668688,"Nezihe Sözen","2026-09-14 09:16:02",2574.7,2,nezihesozen
655,16806053,hisatarosu,"2026-09-14 06:31:29",2573.7,2,tomako4390
656,16712560,"Max vrstpan1","2026-09-14 07:30:04",2572.8,2,wdjy123456
657,16760241,"Collin Christensen","2026-09-14 21:20:02",2572.6,2,cchristens
658,16698999,Odyssey,"2026-09-14 03:03:37",2572.6,2,a1spirit
659,16861302,YieldCurve,"2026-09-14 15:29:43",2572.3,2,"gendaijin,haruna015"
660,16676063,"Kembang Melon","2026-09-14 10:57:52",2572.3,2,wajawaja
661,16696593,bplyc15,"2026-09-14 03:44:05",2572.2,2,bplyc15
662,16730720,broccoli,"2026-09-14 11:13:32",2571.8,2,norihori0917
663,16676762,"Tomas Escobar Rivera","2026-09-15 00:26:07",2571.8,2,tomasescobarrivera
664,16727182,FinalSunFlower,"2026-09-14 12:36:11",2571.1,2,finalsunflower
665,16760515,"Kazuo Watanabe","2026-09-14 12:06:35",2571.1,2,watanabekazuo
666,16682183,lihaha.36,"2026-09-14 15:05:05",2570.7,2,lihaha36
667,16886298,amosokello451,"2026-09-14 20:49:05",2569.3,2,amosokello451
668,16626814,"Vu Tran Hoang","2026-09-14 03:08:32",2569.1,2,hoangvux
669,16865317,"sunil kumar","2026-09-14 09:19:26",2568.9,2,sunil123kumar
670,16891334,"Ruslan Akhmetov","2026-09-14 12:21:55",2568.5,1,ecolla999
671,16867067,jiazepin,"2026-09-14 08:34:16",2568.2,2,jiazepin
672,16825002,RAVEN,"2026-09-14 07:59:17",2568.0,2,silverlxt
673,16639969,"Sheep Are All You need","2026-09-14 20:22:10",2567.9,2,aliyelbekov
674,16694149,maxout,"2026-09-14 14:11:27",2567.7,2,"aadijoshi19,kavyabhand"
675,16744914,"El Mehdi EL JAIR","2026-09-13 11:45:42",2567.0,2,elmehdieljair
676,16864870,JR,"2026-09-14 16:38:01",2566.9,2,jurijsruko
677,16710499,sukeke,"2026-09-14 03:57:38",2564.1,2,sukeke
678,16851186,kaerururu,"2026-09-14 03:48:42",2562.6,2,kaerunantoka
679,16644690,Dubnium,"2026-09-14 02:00:02",2561.9,2,ahmetyasin1
680,16745959,_demo,"2026-09-14 03:17:24",2561.9,2,fortunaterookie
681,16654881,Freddy,"2026-09-15 00:16:43",2560.6,2,twoxding
682,16630380,JM,"2026-09-14 23:50:42",2560.2,2,julianmukaj
683,16814409,YuyaSuzuki,"2026-09-14 11:11:03",2560.2,2,yututapp
684,16727266,Agricola,"2026-09-14 23:24:43",2557.2,2,ebisuya
685,16840212,anngle,"2026-09-14 01:13:27",2557.0,2,anngle
686,16689844,IchikaHoshino,"2026-09-14 23:55:16",2557.0,2,htunkhi
687,16765807,"Win Suthar","2026-09-14 10:58:00",2556.1,2,ashwanidhukra
688,16701728,"katya barzova","2026-09-14 15:21:07",2554.6,2,"harlenka,nipah1,sigmaborov"
689,16756591,"Hamed Vakili","2026-09-14 19:26:52",2554.4,2,"hamedvakilit0,maryam7713"
690,16731803,JYShane,"2026-09-14 09:35:14",2554.0,2,jyshane
691,16666434,"JOSHNA ACSHA S 21CS","2026-09-14 05:48:22",2553.7,2,joshnaacshas21cs
692,16754022,Pico,"2026-09-14 06:17:14",2552.9,2,charithgr
693,16848208,"Takuto Inoue","2026-09-14 10:56:35",2552.6,2,takutoinoue
694,16739543,"Akshay #2","2026-09-14 11:22:43",2552.6,2,theakshay
695,16867799,"Chris Deotte","2026-09-13 20:10:43",2552.4,2,cdeotte
696,16861885,"Олег Бабков","2026-09-14 10:39:35",2552.2,2,jabberwock78
697,16676336,lemon13418,"2026-09-14 13:49:14",2551.5,2,lemon13418
698,16660488,tehyoni,"2026-09-14 15:15:31",2549.7,2,"gooberdambi,sidcat,suaeng,tehyoni"
699,16623458,datnt114,"2026-09-14 14:53:34",2548.9,2,kingkong153
700,16821967,"Nakul Maurya","2026-09-14 09:06:39",2547.8,2,nakulmaurya
701,16829053,BigAngel,"2026-09-14 16:24:46",2546.2,2,kevin8093
702,16624276,MKGA,"2026-09-14 19:22:02",2546.1,2,"horizen12,zejunfool"
703,16735744,老乡,"2026-09-14 02:54:38",2546.0,2,hboyang
704,16838362,"Yixuan Yang","2026-09-14 17:56:55",2546.0,2,easoney
705,16759037,Yuyannnn,"2026-09-13 13:33:26",2545.9,2,yuyannnn
706,16716558,"Evan Tobias","2026-09-14 07:40:29",2545.5,2,evantobias
707,16719563,"GPT-5.6 Sol🏆","2026-09-14 11:39:12",2545.3,2,"ctfxiao,gaoruihua,otherworldly777,wennaliu2007,xgentle"
708,16681405,"Yusuke Hayashi","2026-09-14 10:10:00",2543.9,2,yhay81
709,16673303,"Samuel Sundararaman ","2026-09-14 01:39:09",2543.3,2,neopok919
710,16663403,matthewwh,"2026-09-12 22:26:35",2542.2,2,matthewwh
711,16862084,weiooocnnnnnn,"2026-09-14 16:25:48",2542.0,2,weiooocn
712,16640807,TS,"2026-09-14 23:30:04",2541.0,2,"macomacoo,milkcoffeen,takumi0220"
713,16691001,"Mahmoud Abdelshafy","2026-09-14 20:08:03",2540.9,2,mahmoudabdshafy
714,16711376,"Arman Tuganbaev","2026-09-14 12:14:45",2540.4,2,armantuganbaev
715,16632157,"福原 大知","2026-09-14 18:02:54",2540.2,2,fxxyfox
716,16665416,"zeyu lau","2026-09-14 20:50:28",2539.8,2,zeyulau
717,16765233,Shun,"2026-09-14 00:36:23",2539.8,2,shunchan0677
718,16673013,TTT,"2026-09-14 02:00:51",2539.7,2,tadahiroasami
719,16657229,"Adam Plow","2026-09-14 12:33:54",2539.3,2,lizhiiii
720,16806376,pardival,"2026-09-14 12:32:08",2539.0,2,pardival
721,16624047,GUOHAOYANG,"2026-09-14 03:39:28",2538.6,2,pkuszboi
722,16827571,"BNBU ","2026-09-14 02:55:22",2538.4,2,"andycooper747,austindengkaggle,BNBUDINGSHANLee21,yuxiang328"
723,16632493,"oni chan arigato","2026-09-13 23:01:31",2536.5,2,"kindasomethin,nabidnur"
724,16655277,GUAM,"2026-09-15 00:03:13",2535.5,2,"analyticaobscura,jeongminlee92,kmmmvs,wnmgrn"
725,16859316,LP,"2026-09-14 04:10:33",2535.3,2,lihu6666
726,16847620,york1to,"2026-09-13 15:47:41",2535.1,2,yorkkang
727,16793396,...,"2026-09-14 05:21:44",2534.2,2,shackles6966
728,16688787,Fih,"2026-09-14 04:25:37",2533.8,2,vencerlanz09
729,16794207,AlekseiProvorov,"2026-09-14 00:57:23",2533.3,2,leoprovorov
730,16849780,"Juan Leiva","2026-09-13 23:36:08",2532.1,2,juank333
731,16745138,yok,"2026-09-14 14:58:24",2532.0,2,yokoinaba
732,16840439,"God Se7en","2026-09-13 21:07:30",2531.4,2,godseven7
733,16649314,"Yuka,Ota","2026-09-14 08:17:18",2531.3,2,yukaika
734,16677337,"xi luo","2026-09-14 15:54:35",2530.0,2,xiluo00
735,16630797,"Seok, Jeongeum","2026-09-14 10:13:55",2529.5,2,seokjeongeum
736,16885090,higuuu,"2026-09-14 09:41:11",2529.4,2,higuuu
737,16699856,yukio,"2026-09-13 23:40:07",2528.9,2,yukioseki
738,16709304,"Aleksey SCHUKIN","2026-09-14 07:10:08",2528.1,2,alekseyschukin
739,16743639,Hanserong,"2026-09-12 13:08:37",2527.4,2,"ronghedragon,rufus666"
740,16672121,"Tiger bonbon","2026-09-14 03:41:59",2526.6,2,fujiwarayuto
741,16667767,t3l3kin3sis,"2026-09-14 23:02:39",2526.5,2,"daffafariq,hashmatzamaryali,malsabbagh05"
742,16859963,林溪,"2026-09-14 20:24:00",2526.1,2,linxii012
743,16689741,shinamonmon,"2026-09-14 05:03:02",2525.7,2,shinamonmon
744,16674312,yuxuan,"2026-09-14 03:33:30",2525.4,2,yuxuan1221
745,16851444,"Vũ Tuấn","2026-09-14 10:33:50",2524.2,2,vtunksdlvnj6
746,16784561,"Rodrigo Ramón","2026-09-14 10:40:03",2523.5,2,rodrigoramn
747,16727110,yemaoye,"2026-09-14 06:21:16",2523.3,2,yemaoye
748,16624919,"Juste Me (●'◡'●)","2026-09-13 21:14:18",2523.0,2,degnonguidi
749,16734409,"Yuta Yamazaki","2026-09-14 15:25:57",2522.7,2,yamayuu18
750,16641524,AkiraIshikawa,"2026-09-14 21:09:09",2522.6,2,akiraishikawa
751,16839983,hana87hana,"2026-09-15 01:25:18",2522.2,2,hana87hana
752,16778946,yuki0731,"2026-09-14 00:24:56",2521.6,2,yuki0731
753,16845165,Tanuki_boosting,"2026-09-13 12:41:51",2521.4,2,miyamotodaiya
754,16724801,Noir,"2026-09-14 16:52:54",2521.3,2,nuitnoir
755,16867734,SH11235,"2026-09-13 17:57:42",2518.5,2,sh11235
756,16702275,Joyal,"2026-09-14 14:34:25",2516.9,2,joyalseejo
757,16870349,badboiriri,"2026-09-13 11:05:08",2516.6,2,"badboiriri,xiuyang88"
758,16887142,backsider,"2026-09-14 19:56:51",2515.9,2,backsider
759,16644229,"Amy Yuan","2026-09-15 00:20:42",2515.6,2,cozytato
760,16666442,"SHALWIN SANJU","2026-09-14 05:48:29",2515.6,2,shalwinsanju
761,16866373,kolesnikovia,"2026-09-13 21:58:54",2513.9,2,kolesnikovia
762,16730881,hank0123,"2026-09-14 04:49:18",2513.9,2,hank0123
763,16687363,"elegantangel (628700)","2026-09-14 15:12:25",2512.0,2,elegantangel
764,16700634,"Alperen Söylen","2026-09-13 20:58:02",2511.8,2,alperensylen
765,16696960,pi-500.phys,"2026-09-13 16:46:21",2511.4,1,pi500phys
766,16698688,JeremiahMannings,"2026-09-14 23:35:11",2511.2,2,jmannings
767,16749079,mraz1006,"2026-09-14 12:02:31",2510.8,2,mraz1006
768,16623974,Canon,"2026-09-14 01:35:41",2510.6,2,sotakurihara1
769,16791369,dataix,"2026-09-13 19:36:42",2510.1,2,codymachody
770,16682210,Boiled-Sweet-Potato,"2026-09-14 04:16:32",2509.8,2,boiledsweetpotato
771,16764301,"Quýt đây đừng sợ","2026-09-15 01:15:06",2509.6,2,ponschannel
772,16622422,ss,"2026-09-13 14:59:56",2508.6,2,forest2026
773,16809200,v0m0v,"2026-09-13 12:09:18",2507.5,2,maguchiya
774,16796241,"pavan rajr","2026-09-14 10:44:46",2507.5,2,pavanrajr
775,16864346,"Yanwei Lu","2026-09-14 02:08:33",2506.2,2,yanweilu
776,16675671,Marlubie,"2026-09-15 01:46:21",2505.5,2,kchuang
777,16697898,"Yin Li","2026-09-13 12:57:24",2504.8,2,kevin250304
778,16655519,CurveCowboy,"2026-09-13 23:54:43",2504.4,2,curvecowboy
779,16623635,HiroyukiSasaki,"2026-09-15 00:37:36",2504.4,2,hiroyukisasaki815
780,16687159,Max64738CB,"2026-09-14 19:01:28",2504.3,2,max64738cb
781,16710466,"Charles Backman on LinkedIn","2026-09-14 14:14:42",2504.0,2,charlesbackman
782,16633944,Toru59er,"2026-09-14 23:49:44",2503.9,2,toru59er
783,16746317,xingyun_byto,"2026-09-14 03:36:09",2503.8,2,xingyunbyto
784,16862912,"Nicolas Krusche","2026-09-15 00:03:10",2503.7,2,nicolaskrusche
785,16635067,"Berat Egemen Gök","2026-09-14 19:24:20",2503.7,2,berategemengk
786,16731501,"Shiv Satyam","2026-09-13 22:14:15",2503.3,2,shivsatyam
787,16665237,"Ad Space Available","2026-09-10 00:05:49",2503.2,2,"rainchen0411,richardsilence,tongyuexiao"
788,16682514,"Pavel Pavlov","2026-09-14 18:14:33",2501.3,2,akakii
789,16670933,Pat,"2026-09-13 12:12:37",2500.0,2,junseia
790,16840073,"Kragglenote2 Forwork","2026-09-14 14:09:43",2498.3,2,kragglenote2forwork
791,16720056,"Heads or Tails","2026-09-15 00:30:40",2495.8,2,headsortails
792,16656432,"CornHub Premium","2026-09-13 23:51:43",2495.4,2,nihilisticneuralnet
793,16665129,Doom,"2026-09-14 10:41:34",2494.7,2,"mr6436,sanskaarundale"
794,16717536,c0nrad,"2026-09-13 11:50:57",2494.5,2,stuartlarsen
795,16780062,Kousuke55,"2026-09-14 05:49:45",2493.4,2,kousuke555
796,16791254,"Prashant Bhattarai093","2026-09-14 14:09:42",2493.4,2,prashantbhattarai093
797,16886979,"Ivan Toropin","2026-09-13 21:21:17",2493.0,2,ivantoropin
798,16635818,F.A.Nina,"2026-09-14 21:33:42",2491.4,2,nina2025
799,16846856,BladeRunner,"2026-09-14 14:51:59",2490.9,2,bladerunner2022
800,16797543,Tarang222,"2026-09-13 18:36:05",2489.7,2,tarang222
801,16736265,"Marko Rupnik","2026-09-12 21:03:29",2489.5,2,markorupnik
802,16652536,Satoshi_SsSs,"2026-09-14 11:00:13",2489.3,2,satoshissss
803,16872754,kitano0104,"2026-09-14 13:15:40",2489.1,2,kitano0104
804,16806146,"Factual Explorer","2026-09-12 20:05:48",2488.1,2,factualexplorer
805,16837554,Quickpanda,"2026-09-14 02:13:28",2487.9,2,quickpanda
806,16657941,"Nick Styles","2026-09-14 20:39:03",2487.3,2,styles
807,16688893,CCG,"2026-09-14 05:08:44",2486.8,2,"hirokenn,nagomenk"
808,16674878,KirillKlem,"2026-09-13 18:19:27",2486.5,2,kirillklem
809,16779519,"Xiangsong Tian","2026-09-14 02:30:18",2486.2,2,xiangsongtian25
810,16870986,Taeyang,"2026-09-15 00:32:43",2485.8,2,taeyangg4
811,16642139,"Arnav Goel","2026-09-13 09:06:31",2485.3,2,arnavgoel17
812,16881005,"Donald Trump","2026-09-15 00:05:35",2484.0,2,"seanmtk,sinfonia8838"
813,16886400,Nisshi888880,"2026-09-14 08:51:04",2483.6,2,nisshi888880
814,16709176,Efnutrrionpy,"2026-09-13 13:35:36",2483.0,2,efnutrrionpy
815,16884104,Arsgorynich,"2026-09-14 02:52:49",2481.7,2,arsgorynich
816,16634580,akmr,"2026-09-14 19:05:32",2481.6,2,akimaru
817,16685014,"Vishal Kishore","2026-09-14 02:35:37",2481.6,2,kishorevishal
818,16893402,tedo,"2026-09-15 00:05:46",2481.2,2,takuroedo
819,16854072,r13721,"2026-09-13 13:57:13",2481.0,2,r13721
820,16669650,motono0223,"2026-09-14 15:16:56",2480.8,2,motono0223
821,16877834,"Aarush Srivastava","2026-09-14 23:32:58",2480.7,1,playb0icarti
822,16802442,"Rabia Eda Yılmaz","2026-09-14 19:59:29",2479.8,2,truthisneverlinear
823,16676193,"Akira Hirohashi","2026-09-15 01:23:32",2479.8,2,akirahirohashi
824,16780279,"N Divij","2026-09-12 18:30:06",2479.1,2,divijio
825,16685122,borealisalastor,"2026-09-15 01:49:16",2478.8,2,borealis27
826,16662492,"Lester Leong","2026-09-14 15:20:15",2478.3,2,lesterleong
827,16704466,"QQ Farming","2026-09-14 20:31:38",2477.9,2,"dzjiann,hdhsjdjd,keithtyser,mitubant,ngyzly"
828,16775378,TK256,"2026-09-14 11:13:17",2477.6,2,tk256ailab
829,16863498,Jackmama-nolfwin,"2026-09-13 04:36:37",2476.9,2,nolfwin
830,16731926,"Pardheev Krishna","2026-09-12 12:08:13",2476.8,2,"anandkumar0901,ayushjiwatramani,nidhibsh,nitindatanylatics,pardheev"
831,16839638,keeplooking,"2026-09-14 14:31:03",2475.8,2,keeplooking
832,16752740,BorisV,"2026-09-14 02:13:08",2475.5,2,bvoskresenskii
833,16622376,fmind,"2026-09-14 15:40:34",2475.3,2,freaxmind
834,16670453,141,"2026-09-13 20:44:53",2475.0,2,"muhammadmustafaxo,siddiqshah"
835,16665331,winstonton,"2026-09-15 00:05:17",2473.7,2,winstonton
836,16730495,joinus,"2026-09-14 16:54:38",2472.3,2,joinus2003
837,16715828,samg,"2026-09-14 12:28:48",2472.1,2,samgreen2046
838,16744842,juisajdiasd,"2026-09-13 08:18:35",2472.0,2,juisajdiasd
839,16730223,Ojaswy,"2026-09-13 13:43:36",2471.8,2,ojaswy
840,16636079,"Pawan Rama Mali","2026-09-14 10:29:15",2471.7,2,pawanmali
841,16635504,"Datta Dhebe","2026-09-12 22:41:11",2471.7,2,dattadhebe
842,16891791,judy12345.0316,"2026-09-14 14:54:23",2471.4,1,judy123450316
843,16732857,Rojiomote,"2026-09-14 08:15:19",2471.0,2,rojiomote
844,16665077,"Mohit Babel","2026-09-13 21:02:52",2469.9,2,mohitbabel
845,16667766,vasujain7,"2026-09-14 17:44:19",2468.9,2,vasujain7
846,16806862,JudyWatermelon,"2026-09-13 22:18:37",2467.5,2,judywatermelon
847,16623530,khursani,"2026-09-14 16:56:28",2467.5,2,khursani8
848,16840588,Q.Ai,"2026-09-13 19:36:27",2466.6,2,"alperennbaran,hseyinemre134"
849,16633853,"funny farm","2026-09-14 12:31:58",2466.5,2,"alannasibullin,alexandrutkov"
850,16875464,tllswelp,"2026-09-13 11:07:16",2466.3,2,tllswelp
851,16777836,キムチ納豆,"2026-09-13 07:07:18",2466.1,1,ccchikuwa
852,16684748,"nailong alpha","2026-09-12 16:14:46",2465.5,2,"dejavucry,weiyun22021,yizhewong,yoruet,zekenos"
853,16726816,"Games Jadley","2026-09-13 14:47:19",2464.7,2,gamesjadley
854,16772808,lucataco,"2026-09-14 06:31:12",2464.6,2,lucataco
855,16780995,"Silver Surfer","2026-09-13 15:19:13",2463.9,2,hausch11
856,16756492,satokato,"2026-09-13 08:36:31",2463.6,2,satokato
857,16659081,"JALKARNA GAUTAM","2026-09-13 14:45:43",2463.4,2,jalkarnagautam
858,16810275,Adam,"2026-09-14 19:06:06",2463.3,2,potonglantie93
859,16623381,cocoaAI,"2026-09-13 23:48:18",2463.3,2,cocoaai
860,16762494,西松大祐,"2026-09-14 15:42:52",2462.0,2,wep212
861,16655500,"Zhao Liying","2026-09-13 11:25:50",2460.6,2,yeohzhonghanervin
862,16810141,"Sijie Ma","2026-09-13 14:22:49",2460.1,2,"dimashitong112,sijiema"
863,16669632,"Kenneth Alonso","2026-09-13 18:49:10",2459.6,2,kennethalonso
864,16640048,"extra eclaire","2026-09-13 02:33:12",2457.9,2,"aeniminu,extraeclaire"
865,16879636,aaaaLiu123,"2026-09-14 10:04:25",2457.6,2,aaaaliu123
866,16725947,SamarthRawat18,"2026-09-14 22:15:57",2456.5,2,samarthrawat18
867,16732422,"Aizat Kashapov","2026-09-13 23:12:13",2456.2,2,liderpartiii
868,16761875,eugenn,"2026-09-14 20:03:47",2456.0,2,eugennekhai
869,16743218,RYUSHI,"2026-09-14 16:34:43",2455.2,2,ryushisa
870,16840447,"Suliman Tadros","2026-09-13 03:08:32",2454.4,2,sulimantadros
871,16853540,WUZB,"2026-09-14 16:34:29",2454.1,2,wzhengbiao
872,16633773,copasta,"2026-09-13 06:16:43",2453.6,2,copasta
873,16881882,Fl,"2026-09-14 21:42:24",2453.6,2,flagon
874,16868759,Pand,"2026-09-14 06:30:21",2453.3,2,pand999
875,16818313,"haonan zhengh","2026-09-13 03:22:51",2450.6,2,haonanzhengh
876,16669123,"Alex #2","2026-09-14 04:10:26",2450.0,2,alxdfy
877,16626732,islet,"2026-09-15 00:35:37",2449.8,2,kojimar
878,16732552,RyutoKeshi,"2026-09-13 07:41:24",2448.7,2,ryutokeshi
879,16635209,4eta,"2026-09-11 01:29:45",2448.7,2,bio4eta
880,16878308,Pjchauhan,"2026-09-14 01:47:37",2447.5,1,pjchauhan
881,16822002,shiokoh,"2026-09-13 16:02:35",2446.6,2,shiokoh
882,16698661,"Albert Wang","2026-09-14 02:01:26",2444.6,2,mianwang1024
883,16671376,Lebxgue.,"2026-09-13 08:26:45",2443.7,2,yukieja
884,16832209,enduejdu,"2026-09-13 09:06:02",2443.3,2,"enduejdu,vvennie,yuwenyue"
885,16847706,takumina,"2026-09-13 23:45:40",2443.1,2,takuminakamatsu
886,16884417,"malcolm tan","2026-09-13 11:26:47",2442.0,2,malcolmtan
887,16682306,岸本湧士郎,"2026-09-14 04:43:03",2441.9,2,yushiro20021111
888,16661708,"Stanley Honkpehedji","2026-09-14 10:16:51",2441.7,2,stanleyhonkpehedji
889,16658946,theredbluepill,"2026-09-13 14:33:00",2439.9,2,poonszesen
890,16655379,Ikeda0516,"2026-09-14 21:16:45",2439.9,2,ikeda0516
891,16865261,"Kamal Kadakara","2026-09-14 02:15:06",2439.6,2,kamalkadakara
892,16716533,wiffany,"2026-09-13 11:23:08",2439.1,2,wiffany
893,16731940,xxxxyt,"2026-09-14 06:04:53",2438.9,2,"shengqinxi,xmxgxcs,xxxxyt"
894,16655098,"Brotron Carbide","2026-09-13 03:38:35",2437.2,2,brotroncarbide
895,16885734,zylvento,"2026-09-13 10:02:37",2436.0,2,"lorvexa,zylvento"
896,16656452,Ng,"2026-09-14 19:26:33",2435.3,2,nguyenchicuong
897,16691038,"animal crossing","2026-09-14 22:04:12",2434.7,2,hoonchoonc
898,16767360,"Sinh Nguyễn Đức","2026-09-14 21:35:38",2433.5,2,sinhnguync
899,16807802,嘴爷,"2026-09-14 02:14:43",2433.4,2,zui0711
900,16885261,sdy623,"2026-09-13 16:04:18",2432.3,2,jaxa623
901,16629873,UncleWKTK,"2026-09-13 05:24:28",2431.0,2,unclewktk
902,16632558,"Made a Beautiful Bouquet","2026-09-14 04:56:37",2430.8,2,zaiwubian
903,16775686,"Max Podd","2026-09-15 01:35:42",2429.3,2,maxpodd
904,16676114,Gekkotron,"2026-09-14 07:25:04",2429.1,2,gekkotron
905,16761418,"Piggy Piggy","2026-09-14 23:37:49",2429.0,2,txgg123
906,16712134,cf696666,"2026-09-14 10:22:40",2428.9,2,cf33333
907,16794542,ysd1110,"2026-09-15 00:25:51",2428.3,2,ysd1110
908,16709468,"Andrey Chankin","2026-09-14 20:23:56",2428.3,2,bluepill
909,16882746,yuiop!,"2026-09-14 17:32:25",2427.8,2,yuiopy
910,16630129,"Yi Lu","2026-09-14 03:34:05",2427.7,2,liqiu0224
911,16849814,"Mr. Architect","2026-09-14 09:51:02",2427.2,2,vietnguyen130593
912,16881631,"Arjun Sharma","2026-09-12 14:47:32",2427.2,2,arjundsharma
913,16688294,"high frequency farming","2026-09-13 08:10:23",2427.0,2,"gunhcolab,hweowe,markslavin"
914,16707383,"codex is all you need","2026-09-13 01:26:48",2426.8,2,chizhu2018
915,16693976,rererenore,"2026-09-13 09:23:01",2425.5,2,rererenore
916,16715933,Scomics,"2026-09-14 11:16:23",2425.5,2,"bruceche7797,dongyiqun,jyxxxx"
917,16811900,"Brejesh Balakrishnan","2026-09-13 05:20:59",2425.4,2,brejeshbalakrishnan
918,16685950,"Planned Economy","2026-09-14 23:26:19",2424.5,2,alturutin
919,16653068,"Shuichi Fushimi","2026-09-13 11:06:17",2424.5,2,shuichifushimi
920,16740010,"Kobe BRYANT","2026-09-13 20:14:55",2423.6,2,kobebryantjohn
921,16794527,linyifangzhenshuai,"2026-09-14 14:05:04",2423.4,2,linyifangzhenshuai
922,16639507,Homii_N,"2026-09-14 18:40:24",2423.0,2,homeshwarrao
923,16686155,梁圣的恩情还不完,"2026-09-14 14:08:46",2422.6,2,yyyyhhhhwww
924,16779564,oycr,"2026-09-13 09:54:19",2422.0,2,"oyxiaobai159,wdt124"
925,16629165,lingyu07,"2026-09-13 14:13:23",2421.5,2,lingyu07
926,16655682,"Azamat Sadikov","2026-09-13 23:59:08",2421.3,2,azamatsadikov
927,16757727,"Sohshi Nakamura","2026-09-14 14:24:36",2421.1,2,sohshinakamura
928,16684641,t.me/aetheranime,"2026-09-13 10:22:28",2420.7,2,yfrite
929,16630418,butterchicken,"2026-09-13 12:29:23",2420.6,2,"ritanshuprasad,sriramlingavel01"
930,16885704,tavrico,"2026-09-13 09:52:55",2420.6,2,tavrico
931,16861637,薄荷喵呜,"2026-09-12 09:39:16",2420.5,2,bohemiao
932,16881121,Annsatz,"2026-09-14 14:59:00",2419.8,2,ansatzkong
933,16745006,UjjwalPardeshi,"2026-09-13 10:31:33",2418.9,2,ujjwalpardeshi
934,16630803,"Mirza Milan Farabi","2026-09-13 21:59:25",2417.6,2,mirzamilanfarabi
935,16730323,fufufukakaka,"2026-09-12 21:50:42",2417.3,2,fufufukakaka
936,16884932,torvile,"2026-09-13 05:54:14",2416.7,2,torvile
937,16798602,uns.t,"2026-09-13 11:57:33",2416.4,2,franksunp
938,16740431,yuikag,"2026-09-13 13:17:06",2416.3,2,yuikag
939,16722399,"Meta learners","2026-09-13 13:35:52",2415.7,2,aditya2909rb
940,16757392,Winter01,"2026-09-14 22:09:48",2415.5,2,wei111111
941,16693227,"Aniket Sharma","2026-09-14 18:30:16",2415.5,2,aniketsharma00411
942,16706222,"Xiangyu Liu","2026-09-14 20:05:55",2414.4,2,xiangyuliu007
943,16870577,"Kenan Zhang9","2026-09-14 08:35:50",2413.9,2,kenanzhang9
944,16875849,"Yaotong Niu","2026-09-12 13:38:33",2413.7,2,yaotongniu
945,16796370,MioValentine,"2026-09-14 11:12:35",2413.3,2,yuyizhu
946,16864125,culture,"2026-09-13 19:21:31",2412.7,2,shkurak
947,16842747,314?,"2026-09-13 19:26:50",2412.7,2,elshahed
948,16758895,daphne,"2026-09-13 07:22:13",2412.5,2,daphne4sg
949,16674586,"Stanislav Ilin","2026-09-14 18:57:05",2412.0,2,stanislavilin2026ai
950,16693215,"Izzoudine Mohamed KANTA","2026-09-13 21:44:44",2411.7,2,izzoudeenkanta
951,16683808,RuggedBones,"2026-09-13 16:07:50",2411.6,2,ruggedbones
952,16655631,"Djamila Benchikh","2026-09-15 00:40:20",2411.0,2,djamilabenchikh
953,16768543,caas_sicca,"2026-09-15 01:18:47",2410.6,2,caassicca
954,16670032,Kenjo1209,"2026-09-14 21:52:09",2409.5,2,kenjo1209
955,16740161,r2singh,"2026-09-13 19:26:20",2408.7,2,ratnaraj
956,16805244,nari,"2026-09-15 01:33:20",2408.3,2,shoheiyoshinari
957,16623603,"Renji Starfall","2026-09-13 14:14:01",2407.3,2,renjistarfall
958,16669604,"Abhijit Pise","2026-09-13 21:25:57",2407.1,2,abhijitpise
959,16722295,"Yuya Shintani","2026-09-12 22:06:53",2406.8,2,uplus26e7
960,16699741,Tom3,"2026-09-14 05:18:16",2406.6,2,tomohiroaz
961,16751828,hatry,"2026-09-13 03:57:09",2405.4,2,toseihatori
962,16677810,"Maksim Borisov","2026-09-14 00:57:29",2405.3,2,ma4ypic4y
963,16664111,"John Park","2026-09-14 04:53:13",2405.1,2,sigint
964,16855071,Janvi_ch,"2026-09-13 18:22:18",2404.6,2,janvich
965,16725856,"Abhi Datta","2026-09-13 09:20:39",2403.5,2,abhidatta87
966,16854176,吃白饭的大肥鱼,"2026-09-11 19:23:18",2402.5,2,"deepios,tanpowasd"
967,16863212,"Jayanth Koppala","2026-09-14 10:13:57",2402.4,2,jayanthkoppala
968,16866457,"Qian Jinjin","2026-09-14 05:20:42",2401.6,2,q20020006073
969,16884368,LaManbo,"2026-09-13 10:51:44",2401.5,2,encizhang
970,16858986,kam,"2026-09-14 04:55:10",2401.0,2,kotakambayashi
971,16660152,LIH.YUN,"2026-09-13 17:10:46",2400.3,2,fxlcee
972,16728492,ほのぼの牧場,"2026-09-14 11:21:18",2400.0,2,masatoshitaniguchi
973,16778627,LXZ538,"2026-09-13 12:58:52",2399.8,2,lxz538
974,16806195,unreal,"2026-09-14 01:04:36",2398.8,2,gauravgs1007
975,16621595,"Farmers From Punjab","2026-09-13 13:10:10",2398.1,2,alisalmanrana
976,16792410,"Taewoong Kim","2026-09-13 13:30:52",2397.9,2,aleaiest
977,16637597,venks,"2026-09-14 00:07:24",2397.9,2,vterli
978,16635351,AAAMIKASA,"2026-09-13 22:13:23",2397.6,2,aaamikasa
979,16635969,"Omkar Kadam","2026-09-13 18:48:15",2397.6,2,"itzzomkar,khanayanayub,princypaonam"
980,16739633,kwa,"2026-09-14 21:56:55",2397.4,2,ikaroskaggle
981,16849125,"OBSTACLE DEVELOPER","2026-09-14 14:33:47",2396.2,2,obstacledeveloper
982,16831965,"Ray Roberts","2026-09-15 01:03:21",2396.1,2,rayroberts
983,16881755,MudassarPAPI,"2026-09-14 08:59:06",2396.0,2,mudassarpapi
984,16805704,ShuHaya,"2026-09-14 23:22:11",2395.9,2,yfqqq088
985,16627600,"NiA Farms","2026-09-14 14:08:52",2395.4,2,"adriaft,natliablascoandreo"
986,16652272,"nadhir hasan","2026-09-13 14:07:09",2394.6,2,nadhirhasan
987,16716012,LaiCxm,"2026-09-14 07:20:34",2394.5,2,laicxm
988,16659103,Arin,"2026-09-13 10:58:50",2394.3,2,skarin
989,16629308,Sutee,"2026-09-13 18:50:02",2393.8,2,lszlst
990,16877997,Mirlan,"2026-09-13 07:44:53",2393.7,2,zmtrxq
991,16731415,BOB,"2026-09-14 15:35:18",2393.0,2,hotpotbro
992,16884861,Sky,"2026-09-13 07:20:40",2392.4,2,dhaksheshwarm
993,16803032,"varshitha kolupuri","2026-09-14 12:36:23",2390.7,2,varshithakolupuri
994,16689430,"Terry Luo","2026-09-10 12:28:44",2390.5,2,eimhluo1764
995,16632327,midnq,"2026-09-14 21:05:09",2390.5,2,midnqly
996,16797154,"Elvern Neylmav Tanny","2026-09-13 23:37:07",2388.2,2,elvernneylmavtanny
997,16639168,Sergey,"2026-09-13 08:22:45",2387.7,2,sergeymikhailovn
998,16662380,"Brandon Calderon-Morales","2026-09-14 00:39:35",2387.7,2,bmoe640
999,16695664,Bantam,"2026-09-14 12:04:20",2387.5,2,bantam
1000,16692185,"Xu Suyi","2026-09-14 09:34:55",2385.8,2,xuyuhaosuyi
1001,16622820,"Sergey Nefedov","2026-09-13 18:00:39",2385.7,2,sergionefedov
1002,16743342,"Артём Свинобоев","2026-09-13 11:38:29",2385.6,2,ssstelmah
1003,16697893,"YWehbe / ADIA Lab","2026-09-14 03:02:09",2385.3,2,youssefwehbe
1004,16850509,LS,"2026-09-14 21:56:53",2385.2,2,shannanl
1005,16854815,marching_zzz,"2026-09-14 16:45:03",2385.2,2,marchingzzz
1006,16786595,"dbvz sbsbs","2026-09-12 08:37:55",2384.6,2,dbvzsbsbs
1007,16882022,URAD,"2026-09-15 00:47:50",2381.9,2,uradkr
1008,16854439,"Yosef Zoabi","2026-09-13 21:05:15",2380.6,2,yosefzoabi
1009,16624339,"Дворкин Евгений Владимирович","2026-09-13 10:43:15",2380.3,2,evgendvorkin
1010,16809721,siren2345,"2026-09-13 09:59:42",2379.4,2,siren2345
1011,16657576,"SUBHASH B","2026-09-14 04:07:21",2378.5,2,"rishikrish1,subhashb21022"
1012,16687479,kowalskii,"2026-09-13 19:37:44",2377.6,2,anirudhkumaraheer
1013,16717114,uninhibited-scholar,"2026-09-13 15:58:45",2375.4,2,uninhibitedscholar
1014,16794630,"Yuchuan Ding","2026-09-14 04:55:24",2374.5,2,yuchuanding
1015,16659419,"Chahat Mehra","2026-09-14 17:29:59",2373.0,2,chahatmehra
1016,16675344,PP_Azalearn,"2026-09-15 00:05:26",2372.6,2,"androidss,keitookamoto,pptakehirokawada"
1017,16654027,shiv,"2026-09-14 15:18:51",2372.6,2,shivaurora
1018,16819431,kkkk,"2026-09-14 15:25:54",2372.0,2,kkkk4649
1019,16651804,"Bocen Li","2026-09-14 03:52:29",2370.5,2,bocenli
1020,16871327,"Anh Bui","2026-09-14 11:15:06",2370.0,2,bibanh
1021,16879879,wulawulacong,"2026-09-14 15:15:36",2369.4,2,wulawulacong
1022,16641751,Hikari_30,"2026-09-13 12:17:18",2368.5,2,hikari30
1023,16632304,"Masataka Suzuki","2026-09-13 03:36:14",2368.1,2,masatakasuzuki
1024,16796235,"Keside Onyeocha","2026-09-14 23:28:19",2368.1,2,kesideonyeocha
1025,16705417,fuxi,"2026-09-14 22:57:32",2364.9,2,"padyue,pytorch5009asd"
1026,16854477,"Marc Maldonado Lorca","2026-09-14 13:15:57",2364.5,2,marcmaldonado
1027,16623988,"Charismatic Pizza Party🍕","2026-09-13 06:01:29",2364.4,2,debugendless
1028,16624309,jjamppongmandu,"2026-09-13 14:45:49",2364.4,2,"beckspeca,hihiimj,jjamppongmandu"
1029,16801351,デワンシュ,"2026-09-14 07:03:30",2364.1,2,shade012
1030,16715216,Colin,"2026-09-13 15:41:34",2363.7,2,umcolin
1031,16740815,Remielle,"2026-09-14 16:28:17",2363.4,2,remielle
1032,16691867,huyang111,"2026-09-14 13:25:05",2362.6,2,huyang111
1033,16857641,ZengHL,"2026-09-13 07:35:36",2362.0,2,marshjff
1034,16666784,"Michał Łapiński","2026-09-14 17:41:53",2361.5,2,michaapiski
1035,16865854,lancerhim,"2026-09-14 04:18:21",2361.4,2,lancerhim
1036,16822706,"YUE WU","2026-09-12 20:16:36",2360.6,2,yuewuacademic
1037,16743055,栗ご飯,"2026-09-13 00:58:59",2360.3,2,criticalpath1903
1038,16663166,Rey4Dan,"2026-09-14 19:27:39",2359.7,2,rey4dan
1039,16635872,"Evgeniya Dmitrieva","2026-09-13 13:12:14",2359.4,2,evgeniyadm
1040,16638781,itsuki-data,"2026-09-13 09:38:58",2358.8,2,itsuki89
1041,16634704,"Maham Haroon","2026-09-14 15:53:28",2358.7,2,mahamhc
1042,16885455,"Ali Azizi","2026-09-14 19:09:11",2357.5,2,aliazizi1
1043,16880558,"Georgi Kanev","2026-09-14 14:42:31",2356.3,2,georgikanev
1044,16693092,"Andrei Dzis","2026-09-13 15:00:30",2356.1,2,dzisandy
1045,16885807,S3unburst,"2026-09-13 10:25:40",2355.9,2,s3unburst
1046,16843864,IkeKodd,"2026-09-13 18:48:00",2355.5,2,"ikekodd,pinluk"
1047,16839422,Serendipity,"2026-09-13 07:06:22",2353.0,2,stringyixuxi
1048,16772460,"Дмитрий Онин","2026-09-14 05:22:31",2352.8,2,rejo1ce
1049,16853125,"BEIKE YAN","2026-09-15 01:14:57",2350.4,2,craigsid
1050,16647607,pumpkin,"2026-09-13 10:40:06",2350.0,2,gealachpumpkin
1051,16660041,"Hoàng Quốc Việt ","2026-09-13 04:56:59",2348.0,2,viethwang3i
1052,16847543,"Sankalp Wanjari","2026-09-14 16:26:24",2347.7,2,sankalpwanjari25
1053,16866868,mr_children_0617,"2026-09-14 13:01:56",2347.4,2,mrchildren0617
1054,16883355,"Zalyaliev Marat","2026-09-14 16:29:22",2346.8,2,axollo
1055,16755808,"Van-Phuc Huynh","2026-09-12 21:02:10",2345.8,2,hvanphucs112
1056,16624934,"Haramball forever!","2026-09-12 22:17:36",2345.8,2,envyy23120093
1057,16887107,"Crazy Spirits","2026-09-14 21:02:18",2345.6,2,latents
1058,16756153,"🪏Harvest Moon","2026-09-14 20:55:16",2345.2,2,"bbrage,bobmyersthesecond,wguesdon,yutomuroshima"
1059,16796133,NoMoreThan20Words,"2026-09-15 00:19:25",2345.0,2,nomorethan20words
1060,16730334,"Have a nice trip in USST","2026-09-13 06:08:34",2344.7,2,"eugeneyeung,grace7523,tuskig,wzh20050212"
1061,16770715,"Vicens Gaitan","2026-09-14 10:21:10",2344.5,2,vicensgaitan
1062,16623875,"Pavlo Ivanin","2026-09-13 03:52:16",2344.4,2,pavloivanin
1063,16627888,atl132,"2026-09-13 02:42:06",2344.2,2,atl132
1064,16690065,JiangWenfeng1,"2026-09-15 00:43:18",2344.2,2,jiangwenfeng1
1065,16713797,CrazyDave111,"2026-09-14 13:00:34",2342.8,2,crazydave111
1066,16660485,"Colin Gaffney","2026-09-14 04:29:28",2342.7,2,colingaffney1
1067,16732878,modelcollapse,"2026-09-13 10:23:31",2341.5,2,modelcollapse
1068,16847311,WangYilin_henuAI,"2026-09-14 12:14:10",2341.1,2,"hyhyyh,violin1,xiaoming1238952"
1069,16660255,"Revanth Tambisetty","2026-09-14 16:45:11",2340.6,2,revanthtambisetty
1070,16622245,"Vlas Veles","2026-09-12 08:04:18",2340.0,2,vlasveles
1071,16634873,shin0000,"2026-09-13 02:40:02",2339.7,2,shin0000
1072,16875733,Fronta,"2026-09-13 06:47:59",2339.7,2,mirichima
1073,16855992,"Vanshika #2","2026-09-13 04:14:46",2339.6,2,crystalbaby
1074,16661743,"Sergey Kutepov","2026-09-15 00:01:05",2339.6,2,natsyst
1075,16655922,kusui26,"2026-09-14 11:21:51",2339.1,2,kusui26
1076,16864988,"jiangling wang","2026-09-13 10:59:00",2338.0,1,jianglingwang
1077,16882280,K_daisuke,"2026-09-12 18:32:38",2337.4,1,kawakamidaisuke
1078,16664239,VK_Kaggriculture..StartCompet,"2026-09-13 12:49:08",2336.9,2,venkatkumar001
1079,16748559,GodofThunder2407,"2026-09-13 06:18:15",2336.0,2,godofthunder2407
1080,16722705,我的AI是豆包,"2026-09-12 09:37:07",2335.7,2,"carrotliang,haoxuanjng,kaoqiangzhang,rainhuang0220"
1081,16732478,Ken_Ken_Pa,"2026-09-13 09:05:26",2334.0,2,kenkenpa
1082,16683288,HuaLQin,"2026-09-13 01:14:57",2333.8,2,hualqin
1083,16891283,tofu1002,"2026-09-14 22:34:32",2333.8,2,tofu1002
1084,16843042,"Frost Cerberus","2026-09-14 05:21:03",2333.7,2,frostcerberus
1085,16810954,BayramAnnakov,"2026-09-12 21:44:51",2332.9,2,bayramannakov
1086,16884902,yovrini,"2026-09-13 05:49:06",2331.8,2,yovrini
1087,16798724,"junfan shen","2026-09-15 00:53:56",2331.7,2,junfanshen
1088,16838589,iCO,"2026-09-14 17:29:32",2330.6,2,takashimaeda
1089,16641816,"Toshiki Honda","2026-09-13 09:47:01",2329.7,2,toshikihonda
1090,16668564,"Rikito Kanda","2026-09-14 13:01:57",2329.4,2,rikitokanda
1091,16755203,TY0912,"2026-09-14 10:47:08",2328.6,2,samejimatink0
1092,16657587,PxlPau,"2026-09-13 00:34:27",2328.6,2,studybeetutoring
1093,16880975,"Shenyu Ma","2026-09-14 17:07:03",2327.0,2,shenyuma
1094,16679389,"JOMIN URK21CS1077","2026-09-13 05:23:23",2326.4,2,jominurk21cs1077
1095,16655383,MtN,"2026-09-15 01:35:28",2326.1,2,mariotrsn
1096,16806023,"Eesh saxena","2026-09-13 07:47:27",2325.9,2,eeshsaxena
1097,16661607,choqui62,"2026-09-14 07:52:59",2325.0,2,choqui62
1098,16738852,ZJUwlm,"2026-09-13 08:15:00",2325.0,2,zjuwlm
1099,16622032,"Raunak Dey","2026-09-13 13:46:33",2324.3,2,raunakdey07
1100,16844518,"Haroon Rasheed","2026-09-14 10:49:44",2323.9,2,haroonnsgb
1101,16690500,Mr.NoT_GaMeR,"2026-09-14 03:11:59",2323.8,2,joshdilipkumarpatel
1102,16832192,"No Name #2","2026-09-13 15:39:41",2323.4,2,ivanj0
1103,16852049,Tremble,"2026-09-14 01:05:06",2323.0,2,junsongzhang
1104,16878707,"Shiva Somasundaram Balaji","2026-09-13 05:58:09",2322.8,2,shivasomasundaramb
1105,16661118,"Sirui Zeng","2026-09-13 02:00:36",2322.6,2,siruizeng
1106,16640933,"Bhanu prasad","2026-09-13 09:03:25",2322.4,2,restlesseagle
1107,16733748,"Ashutosh Agarwal","2026-09-13 08:30:32",2320.7,2,ashutoshagarwal088
1108,16848992,"Lee Shit Hoo","2026-09-13 00:02:19",2320.7,2,leeshithoo
1109,16812062,姜上（Integ）,"2026-09-15 01:49:09",2319.4,2,integjs
1110,16861198,Eggplanck,"2026-09-13 01:33:47",2318.7,2,gyozzza
1111,16639625,"Dr Chandrasen Pandey","2026-09-13 04:06:36",2318.1,2,devchandra
1112,16658038,Khanh,"2026-09-14 23:26:24",2317.2,2,khanhp142
1113,16770149,rikutokuwayama,"2026-09-13 05:31:48",2316.5,2,rikutokuwayama
1114,16867601,tadashikato,"2026-09-12 12:11:44",2315.9,2,tadashikato
1115,16884822,reziavon,"2026-09-13 05:38:11",2315.7,2,reziavon
1116,16700204,"ZHOU HONGYI","2026-09-14 15:41:27",2315.6,2,zhouhyz
1117,16845023,zhtmgxr,"2026-09-15 00:26:23",2315.5,2,zhtmgxr
1118,16668262,spbforce,"2026-09-13 05:57:55",2315.2,2,spbforce
1119,16632021,istinetz,"2026-09-14 15:54:22",2314.8,2,istinetz
1120,16860071,TOSS,"2026-09-14 05:31:45",2314.4,2,toshikawa80
1121,16691572,"Lord Momo","2026-09-13 14:57:17",2313.1,2,stevenleehans
1122,16858418,"Nguyễn Công Tuấn","2026-09-14 03:11:27",2312.6,2,nctuan
1123,16681049,"SiLin “Can SiLin” Can","2026-09-13 05:44:26",2311.6,2,"k3rn3l,silincansilincan"
1124,16632715,cmasch,"2026-09-14 11:17:17",2310.9,2,cmasch
1125,16877685,"Felipe Figueiredo","2026-09-13 08:16:59",2309.9,2,felipefigueiredo02
1126,16632423,goh,"2026-09-14 00:19:39",2309.5,2,bungohatayama
1127,16743852,"Alexander Mladenović","2026-09-13 01:19:55",2309.3,2,"alexandermlad,erikpymay"
1128,16859157,"David Mensah-Gbekor","2026-09-11 19:26:17",2308.5,2,ravdave
1129,16860547,stargazer7c,"2026-09-12 06:31:25",2308.0,2,stargazer7c
1130,16850683,cooked,"2026-09-12 09:57:03",2307.5,2,"jentopia,toasty3302,xenonminer"
1131,16769411,Beyond,"2026-09-14 18:10:40",2306.8,2,themanysh
1132,16723427,"Nikita Biryukov","2026-09-14 07:00:48",2306.5,2,bnikita
1133,16855214,"Kazumi Sakamaki","2026-09-13 09:37:27",2306.4,2,hatimitusiropp
1134,16805952,hatakazu93,"2026-09-14 04:03:48",2303.3,2,hatakazu93
1135,16779304,"Ari Nakos","2026-09-13 22:11:39",2302.9,2,aristides
1136,16681927,"Dariush Afshar","2026-09-13 23:44:17",2301.1,2,dariushafshar
1137,16674831,"nk for work","2026-09-13 11:50:45",2300.1,2,nkforwork
1138,16823251,"Khaled Yousef","2026-09-14 18:47:13",2298.7,2,recochet96
1139,16790432,"Field General","2026-09-13 22:00:43",2298.3,2,kevinarvai
1140,16684128,NIklitaCheporev,"2026-09-12 22:36:50",2298.2,2,niklitacheporev
1141,16862096,"Saksham Gupta","2026-09-13 14:40:09",2297.8,2,mashug
1142,16653311,"Stanislav Tsepa","2026-09-14 03:15:26",2295.9,2,mrtsepa
1143,16633173,"Saulo Quiñones Góngora","2026-09-11 19:53:56",2295.8,2,sauloquionesgngora
1144,16668789,qaq7864,"2026-09-12 10:01:49",2292.8,1,qaq7864
1145,16690923,"Maqsoud Tawaliou","2026-09-14 16:21:08",2292.7,2,maqsoudtawaliou
1146,16655296,"peeta pit","2026-09-13 04:10:17",2292.3,2,peetapit
1147,16738349,Suna-D,"2026-09-13 08:49:21",2291.8,2,sunad0630
1148,16765668,shun_johnny,"2026-09-14 23:09:26",2289.6,2,shunjohnny
1149,16723988,yuyinghuang,"2026-09-13 07:00:33",2287.1,2,yuyinghuang
1150,16751411,"lamb Liu","2026-09-12 08:13:29",2286.5,2,liuxiaohua72
1151,16790765,Aristotle.Chen,"2026-09-13 05:16:19",2285.8,2,aristotlechen
1152,16672136,chupaletas,"2026-09-14 05:31:58",2285.8,2,urvesh
1153,16635745,DataRockstar,"2026-09-14 16:52:38",2285.2,2,"amaropeter,jvlegend"
1154,16692956,VanKoha,"2026-09-14 14:21:06",2284.5,2,kohasama
1155,16726287,BBaRRel.,"2026-09-12 16:01:24",2284.2,2,yujinkk0609
1156,16855477,SiriusStarRally,"2026-09-14 16:32:00",2283.1,1,siriusstarrally
1157,16830984,lizhengui,"2026-09-13 06:34:44",2280.4,2,lizhengui
1158,16885770,"Rahul Jangra","2026-09-13 10:13:19",2280.0,1,leonado10000
1159,16809332,"ansheng jhang","2026-09-15 00:07:50",2279.3,2,anshengjhang
1160,16870485,agentic,"2026-09-13 18:37:36",2278.9,2,"audiuphile,mark5221,sidchevvan"
1161,16796223,"Bohan Shao","2026-09-14 03:22:54",2277.1,2,bohanshao
1162,16759402,Capitaalgain,"2026-09-15 00:03:35",2276.9,2,capitaalgain
1163,16886066,latentb,"2026-09-13 11:55:55",2275.6,2,latentb
1164,16659771,DieByTheSword,"2026-09-14 19:00:20",2275.3,2,przemysawstroiws
1165,16776793,"Guilherme Raiuga","2026-09-14 11:56:11",2275.1,2,guilhermeraiuga
1166,16661039,Abracadabra,"2026-09-14 13:37:53",2275.0,2,giovannicr
1167,16737041,presucc,"2026-09-13 04:13:37",2274.8,2,presucc
1168,16750268,"Harris Bashir","2026-09-14 20:13:59",2274.5,2,harrisbashir
1169,16731678,ShadowT_T,"2026-09-14 15:39:34",2274.5,2,shadowtt
1170,16651695,"Abnormal Guys","2026-09-12 08:30:28",2274.1,2,"gwey1025,koushikrudra"
1171,16670384,"Gordeev Max","2026-09-14 19:41:52",2272.4,2,gordeevmax
1172,16730344,lvisdd,"2026-09-13 13:33:00",2271.4,2,lvisdd
1173,16768702,"Crop It Like It's Hot","2026-09-15 00:09:39",2271.1,2,"davidben10,rachel79"
1174,16662914,"Apollo's cattles","2026-09-13 21:56:26",2269.8,2,"icr007,kennethlie16,romanrozen"
1175,16881613,refluxor,"2026-09-12 14:44:46",2269.1,2,refluxor
1176,16736856,misaki,"2026-09-14 13:34:34",2268.1,2,"dicenull,iroharyo,jinnsou0219,misakima"
1177,16842300,fanmili,"2026-09-12 06:03:45",2267.3,2,fanmili
1178,16688159,"aildar &  slopernak & bobot","2026-09-15 00:51:41",2266.6,2,"eldarkhisamutdinov,mernak,vladimirbagmanov"
1179,16724298,Orig_lab,"2026-09-11 12:30:00",2266.5,2,chengxixixi
1180,16839754,"Lauresowe 3D","2026-09-12 10:00:06",2266.0,2,lauresowe3d
1181,16881783,novasync88,"2026-09-12 15:27:48",2265.8,2,novasync88
1182,16660209,"Whyme Labs","2026-09-14 21:49:48",2265.8,2,whymelabs
1183,16730142,static,"2026-09-12 07:01:49",2265.5,2,huangshunhao
1184,16886627,caintly,"2026-09-14 03:37:27",2264.7,2,eyesad
1185,16798317,"Baran Akyıldız","2026-09-13 19:07:13",2264.3,2,baranakyldz
1186,16697461,Agricroporation,"2026-09-14 14:32:23",2263.7,2,"algionightly,kroissant7,officialabhinavsingh"
1187,16671088,jasonstillchasin,"2026-09-14 09:37:32",2263.4,2,jasonstillchasin
1188,16731834,Kamma,"2026-09-14 12:44:58",2262.6,2,"cheliu0307,makerfly,vonlanvonlan233"
1189,16654704,mandgeee,"2026-09-14 14:39:45",2262.0,2,mandgeee
1190,16854939,nusrati,"2026-09-12 07:49:37",2261.7,2,nusrati
1191,16792586,dodoshark,"2026-09-12 13:40:51",2261.1,2,dodoshark
1192,16881237,"Chunlai Li","2026-09-12 13:58:51",2260.3,2,lichunlai123
1193,16672456,hangglider5,"2026-09-12 05:16:44",2259.9,2,hangglider5
1194,16747069,l'rug,"2026-09-12 11:01:00",2259.8,2,sdfsfsfsdf
1195,16658677,大山,"2026-09-14 22:50:33",2259.8,2,mapodoufu
1196,16671767,Kaileh57,"2026-09-12 20:58:24",2258.3,2,kaileh57
1197,16881267,"juu meng","2026-09-13 07:07:40",2257.9,2,juumeng
1198,16839489,Q1du,"2026-09-12 10:12:02",2257.3,2,zjecust
1199,16757987,maverick_ss_26,"2026-09-12 17:20:42",2257.2,2,maverickss26
1200,16810595,dauriel,"2026-09-14 22:08:29",2256.9,2,dauriel
1201,16632294,"Rajan Nagarajan","2026-09-14 09:44:54",2254.9,2,narajan
1202,16887437,EthanL67,"2026-09-15 00:07:38",2254.8,2,ethanl67
1203,16678080,"Timothy Adeyemi","2026-09-12 18:17:39",2254.7,2,timothyadeyemi
1204,16669191,"Mohammed Nomaan","2026-09-12 18:28:13",2253.7,2,nomaanz
1205,16640873,"Takumu Hata","2026-09-12 21:16:03",2253.6,2,takumuhata
1206,16881585,Venqira,"2026-09-12 14:31:19",2253.2,2,venqira
1207,16708546,"Blue Rain","2026-09-12 04:15:32",2249.6,2,bluefeather386
1208,16644643,today,"2026-09-12 14:43:58",2249.6,2,today55
1209,16773041,walawala,"2026-09-12 15:14:30",2248.6,2,lixin73
1210,16875618,"Joel P. Joseph","2026-09-14 13:29:12",2248.6,2,joelpjoseph
1211,16882304,"Lokesh Prajapat","2026-09-12 18:20:47",2248.2,1,lokesh0252
1212,16842093,aether74,"2026-09-14 06:18:50",2248.1,2,aether74
1213,16635233,"Szymon Kłapiński","2026-09-12 10:11:30",2247.8,2,szymonkapiski
1214,16696738,rekhasri,"2026-09-13 06:22:26",2247.1,2,rekhasri
1215,16790931,100rabh,"2026-09-12 16:42:27",2246.4,2,saurabhkumar234
1216,16732727,brightest66,"2026-09-12 13:00:57",2245.9,2,brightest66
1217,16876869,MAGGR,"2026-09-12 18:42:26",2245.6,2,manojmandal
1218,16774250,"C R Suthikshn Kumar","2026-09-12 15:53:12",2244.0,2,crsuthikshnkumar
1219,16749435,SGY2512,"2026-09-14 14:08:53",2243.6,2,sgy2512
1220,16744573,"Oleksandr Kovalchuk","2026-09-13 12:55:29",2243.6,2,oleksandrkovalchuk
1221,16775350,"Sourabh Nirwanevht","2026-09-14 16:53:26",2243.3,2,sourabhnirwanevht
1222,16813655,c_fxy,"2026-09-12 16:58:42",2243.0,2,cfxyai
1223,16811313,Ta_____ko,"2026-09-13 11:36:51",2242.9,2,tako1249
1224,16790005,"Rohit Kumar Sahoo","2026-09-13 03:54:07",2242.9,2,rohit4118
1225,16671361,"Hangyu Yu","2026-09-15 00:42:45",2242.5,2,"cqupthangyuyu,wxgisspider"
1226,16623897,satoooh,"2026-09-12 05:04:15",2241.3,2,satoooh
1227,16641169,boatlee,"2026-09-12 18:02:28",2240.8,2,boatlee
1228,16783173,"Michael Shihong Zhang","2026-09-13 05:39:27",2239.8,2,"excelexx,festyve"
1229,16858414,wantOchange,"2026-09-13 01:00:32",2239.4,2,wantochange
1230,16806014,"weihao huang2004","2026-09-12 07:35:01",2239.0,2,weihaohuang2004
1231,16681116,Kagamihara,"2026-09-13 22:39:14",2237.0,2,kagamihara
1232,16881818,gradfield21,"2026-09-12 15:44:29",2236.7,2,gradfield21
1233,16625921,JinchengZhang1,"2026-09-12 07:38:07",2235.8,2,jinchengzhang1
1234,16732530,可抽奖的冰棒,"2026-09-15 00:14:51",2235.8,2,daniel1547
1235,16655758,patience,"2026-09-14 13:17:02",2235.0,2,"weirdocurry,wenjunkai124"
1236,16880437,doublek,"2026-09-12 09:33:43",2234.9,1,doublek
1237,16657152,"K S VIJAYARAAGHAVAN","2026-09-12 05:00:10",2234.7,2,ksvijayaraaghavan
1238,16806141,rode1234,"2026-09-15 01:39:38",2234.3,2,rode1234
1239,16638804,"Anhad Mahajan","2026-09-14 13:56:14",2234.2,2,anhadmahajan06
1240,16866014,htsbrer,"2026-09-12 02:53:05",2233.5,2,ht5brer
1241,16633190,Gigrise,"2026-09-13 22:45:14",2233.4,2,gigrais
1242,16857676,"Justin Yang","2026-09-13 09:52:20",2230.8,2,zake7749
1243,16630274,yutoAb,"2026-09-13 09:00:24",2230.6,2,yutoab
1244,16726461,mocatti,"2026-09-13 05:07:30",2230.0,2,mocatti
1245,16654076,"Son Pham","2026-09-13 19:30:47",2229.2,2,sonphamorg
1246,16685763,"koren sabag","2026-09-14 15:28:43",2228.9,2,korensabag
1247,16758381,"Yang Kuang Ou","2026-09-14 08:39:59",2228.8,2,yangkuangou
1248,16688460,lllleeeo,"2026-09-12 17:57:36",2227.3,2,lllleeeo
1249,16663513,DLTLM,"2026-09-12 08:40:13",2226.5,2,"debayank2024,laveshjadon,laxmikantaroy,moumitaaaaaa,tarunraii"
1250,16633950,"Matt Motoki","2026-09-12 04:35:41",2226.5,2,mmotoki
1251,16732055,DASH村,"2026-09-12 07:00:29",2226.1,2,sobameshi
1252,16725287,NoahRyan,"2026-09-13 10:37:32",2223.7,2,beginner080
1253,16853894,"Ilya Usmanov","2026-09-11 15:10:58",2223.4,2,ilyausmanov
1254,16749352,"Ian Virchenko","2026-09-14 10:23:15",2222.6,2,yvainr
1255,16623716,"tetsuya & yuanzhe & guoqi","2026-09-15 00:28:41",2221.1,2,"guoqingu,tetsuya3510,yuanzhezhou"
1256,16674385,"qr farm","2026-09-12 13:59:48",2220.0,2,qrz1201
1257,16684954,"Suneeth reddy","2026-09-11 18:38:08",2219.6,2,suneethreddy
1258,16793474,"Liu Classmate","2026-09-15 00:44:52",2215.2,2,liuclassmate
1259,16672128,Cliffton,"2026-09-14 07:31:52",2214.4,2,rieltzx
1260,16744837,JuliaGastellu,"2026-09-14 17:54:44",2213.6,2,juliagastellu
1261,16804231,illegalplumbing,"2026-09-14 19:29:27",2213.2,2,illegalplumbing
1262,16881521,Juniperss,"2026-09-12 14:16:09",2213.2,2,juniperss
1263,16715066,akahane,"2026-09-13 11:29:26",2212.3,2,shuheiakahane
1264,16697540,"Jared Floersch","2026-09-14 13:59:22",2211.6,2,jaredfloersch
1265,16841799,珍珠,"2026-09-14 16:49:56",2210.8,2,luochen6
1266,16709809,RiyaSoni20,"2026-09-14 15:54:14",2210.0,2,"riyasoni20,rudraamin06"
1267,16870033,"wbcrypto abrams","2026-09-12 23:33:05",2209.6,2,wbcryptoabrams
1268,16709967,Matsu,"2026-09-14 07:44:33",2209.1,2,matsuzawahayato
1269,16662628,AbhiniveshSharma5354,"2026-09-12 12:43:39",2208.9,2,abhiniveshsharma5354
1270,16668215,renta.k,"2026-09-14 16:46:27",2208.7,2,renta0426
1271,16786517,"Kagdew Valley_HeNU","2026-09-13 09:23:32",2208.4,2,"hongtongyi,hoshiiabc,lizhe125,ypeng1234"
1272,16691512,"Hongxin Su","2026-09-14 01:29:55",2207.8,2,hongxinsu
1273,16832226,"DI27 RF","2026-09-13 02:34:01",2206.1,2,di27rf
1274,16635340,"zhuo wamg","2026-09-14 15:05:30",2205.7,2,zhuowamg
1275,16624040,kumk,"2026-09-12 14:20:59",2205.5,2,kknagoya
1276,16641309,klog,"2026-09-12 04:48:32",2204.4,2,mhrzmmhrzm
1277,16774141,Radiance,"2026-09-12 10:39:19",2203.8,2,"evelyn3976,wangyi01"
1278,16784416,tatt:)ch,"2026-09-14 04:31:43",2203.3,2,tattch
1279,16799235,K.Piro,"2026-09-14 10:04:13",2203.1,2,agares02
1280,16762935,"ibr mo sal","2026-09-14 12:59:27",2200.0,2,ibrmosal
1281,16642128,"MAC SAHO","2026-09-11 17:04:55",2197.7,2,macsaho
1282,16700510,"Shadow Recon","2026-09-14 12:20:42",2197.0,2,gaurav065
1283,16673230,saitamad,"2026-09-13 08:51:12",2196.1,2,saitamad
1284,16654379,"Sebastian Mateus","2026-09-12 11:45:52",2195.4,2,sebastianmateus
1285,16713281,SirShifu,"2026-09-10 22:19:52",2194.8,2,sirshifu
1286,16771703,"Moomin and his farm","2026-09-12 07:03:58",2194.4,2,ataraxyyeah
1287,16879027,XMHHHH,"2026-09-14 09:12:04",2192.2,2,jkkhhoo
1288,16663614,Nevska,"2026-09-13 12:30:52",2192.2,2,nevska
1289,16777923,Sho,"2026-09-13 13:25:36",2191.8,2,shoito08190904
1290,16655520,"kaggle Osaka","2026-09-14 22:24:26",2190.4,2,toshiyukitanaka
1291,16678609,quantcrypto3,"2026-09-12 23:52:26",2189.8,2,quantcrypto3
1292,16869555,"Karthik Nambiar","2026-09-14 01:05:39",2189.6,2,karthiknambiar387239
1293,16684202,Ignat,"2026-09-11 22:40:54",2189.2,2,ignatgotin
1294,16784943,"Ian lin","2026-09-14 05:16:02",2189.1,2,ianlin310707
1295,16665641,"Alexander Shahramanyan","2026-09-13 19:18:35",2189.0,2,alexshah
1296,16841108,"Sean Peppers","2026-09-12 23:13:35",2188.8,2,gagepeppers
1297,16659957,LeFarmers,"2026-09-13 03:46:06",2187.9,2,"jaydonjp,kuantumknight"
1298,16656496,"Vaibhav Gupta","2026-09-13 04:28:27",2186.1,2,vaihero
1299,16632593,skomuro,"2026-09-13 03:09:56",2184.5,2,skomuro
1300,16842293,"WANG HONGXIANG","2026-09-14 03:46:38",2184.0,2,wanghongxiang
1301,16701768,darasty,"2026-09-14 15:52:41",2181.3,2,darasty
1302,16732670,minoneru,"2026-09-15 01:38:26",2179.3,2,kotaminoshima
1303,16855088,Re:dorf,"2026-09-14 09:55:47",2179.2,2,reydorf
1304,16802575,saeNeko,"2026-09-12 01:37:10",2179.1,2,sae20gorilla
1305,16833095,"ADARSH DWIVEDI","2026-09-13 03:02:06",2178.9,2,adarshcod
1306,16669461,"suzy su","2026-09-12 12:38:38",2177.7,2,suzysu997
1307,16666924,esis_ai,"2026-09-11 21:53:17",2177.5,2,alexesn
1308,16748866,masayoshi,"2026-09-13 15:44:29",2177.4,2,masayoshi64
1309,16698206,"Bark at the Barnyard","2026-09-14 15:22:45",2177.3,2,mming0430
1310,16862390,huytngo,"2026-09-13 02:44:09",2177.3,2,huytngo
1311,16784401,east,"2026-09-13 07:27:38",2176.9,2,eastxe
1312,16684402,vn1111,"2026-09-11 16:22:10",2173.5,2,vn1111
1313,16852208,"LONG NT123","2026-09-14 12:28:51",2172.9,2,longnt123
1314,16891718,"Artem Altuhov","2026-09-14 19:06:24",2171.4,2,fannasankh
1315,16653093,"willam wu","2026-09-14 15:58:33",2170.1,2,biaaib
1316,16857987,fujia,"2026-09-14 08:27:10",2168.9,2,fujiasama
1317,16661073,PyJa,"2026-09-11 15:35:57",2167.9,2,pixiux
1318,16714161,Slirche,"2026-09-13 10:56:33",2167.4,2,slirche
1319,16775803,Robson,"2026-09-14 20:11:52",2167.0,2,robsonsan
1320,16659295,snaykey,"2026-09-10 09:41:02",2163.8,2,snaykey
1321,16774075,"Mohammad Yaser Hussain","2026-09-13 17:55:29",2163.6,2,mohammadyaserhussain
1322,16693488,HarvestZero,"2026-09-15 01:41:16",2163.0,2,bernardboatey
1323,16681744,team_fn,"2026-09-14 03:28:21",2162.8,2,fjklmn
1324,16669038,"Nabeel Shar","2026-09-13 09:17:32",2162.6,2,nabeelshar
1325,16709463,MKhlystun,"2026-09-14 23:09:29",2162.5,2,mkhlystun
1326,16761693,nhatvo,"2026-09-13 23:36:42",2160.3,2,nhatvo
1327,16736435,Dieter,"2026-09-11 17:32:29",2159.6,2,"arc144,christofhenkel,crodoc"
1328,16730578,BostonKaggle,"2026-09-13 06:04:40",2158.5,2,"isthereanycode,lynnkim0"
1329,16657277,"Dude and Destroy","2026-09-14 06:40:37",2158.3,2,raymondbrookman
1330,16859690,Molood,"2026-09-10 20:30:43",2158.2,2,molooda
1331,16862806,kitsada,"2026-09-11 06:58:01",2157.9,2,wangwaen
1332,16878458,"Sho Saga","2026-09-14 00:01:52",2157.6,2,shosaga
1333,16876344,Hyunwoo_Park,"2026-09-14 01:24:04",2157.5,2,uts3125014010829
1334,16670504,Shirabe,"2026-09-14 06:55:44",2157.4,2,carlmakt
1335,16730236,加麻不加辣,"2026-09-12 17:19:01",2157.1,2,"shiyuanhe123,zihaokang"
1336,16766498,HNUST,"2026-09-13 15:00:19",2156.9,2,"aloemoon,castianhans"
1337,16623449,"Ryo Takaki","2026-09-14 15:41:47",2156.2,2,ryotakaki
1338,16711398," Fable 5.1","2026-09-14 14:34:56",2155.0,2,chenxizhao21
1339,16684401,WQAAAA,"2026-09-12 03:28:35",2152.9,2,wqaaaa
1340,16698308,Yuan800,"2026-09-12 06:57:33",2152.3,2,"jacqueszhelinzhang,yuan800"
1341,16660250,Moshel,"2026-09-12 23:06:43",2148.2,2,moshel
1342,16749034,digitalChaos,"2026-09-12 18:15:34",2147.3,2,digitalchaos666
1343,16756765,DharmParmar,"2026-09-14 17:23:12",2146.7,2,dharmparmar
1344,16807373,"junxing peng","2026-09-11 00:31:12",2146.4,2,junxingpeng
1345,16744983,Gappy,"2026-09-13 09:42:41",2145.3,2,takahirohigasa
1346,16712329,"Andrej Carpenter","2026-09-14 12:09:41",2145.2,2,andrejcarpenter
1347,16668761,"Lorenzo Regalado","2026-09-11 15:37:32",2145.2,2,lregaladohdez
1348,16683567,supr3mum,"2026-09-10 11:14:21",2143.0,2,friklez
1349,16641536,"Michael Timbs","2026-09-14 14:05:48",2141.7,2,michaeltimbs
1350,16689863,yukichi0403,"2026-09-13 15:47:24",2141.2,2,yukitake93
1351,16802505,daviondk,"2026-09-11 16:12:00",2141.0,2,daviondk
1352,16652212,"Варим сельский самогон","2026-09-14 08:05:48",2139.8,2,asimandia
1353,16623385,yurunougyou!,"2026-09-10 12:25:26",2139.5,2,isakatsuyoshi
1354,16726915,"인공저능연구소( Artificial Idiocy Lab )","2026-09-15 01:33:15",2139.4,2,megayak
1355,16671292,Yuyajk,"2026-09-13 03:35:26",2139.1,2,yuyajk
1356,16768100,Nathael,"2026-09-15 00:00:16",2137.7,2,nathaeldias
1357,16866971,"Riad Hossain","2026-09-14 18:59:46",2136.8,2,riadhhossain
1358,16624080,yuuuki1111,"2026-09-15 00:03:02",2136.7,2,yuuuki1111
1359,16860784,xxxx0314,"2026-09-14 14:03:40",2135.3,2,"kirklandsan,xxxx0314,yunfeiyang223"
1360,16777394,antadam127,"2026-09-11 20:02:13",2134.5,2,antadam127
1361,16841440,CornFormer,"2026-09-14 23:07:35",2133.3,2,linyangtian
1362,16709236,rick11224,"2026-09-13 16:37:58",2132.6,2,rick11224
1363,16623746,Juyong,"2026-09-13 01:52:31",2132.5,2,kimdoong
1364,16854842,ijiiok,"2026-09-11 09:11:10",2132.4,2,ijiiok
1365,16891396,易思言ysy,"2026-09-14 12:55:55",2130.6,1,ysykevin
1366,16893046,"Sumitro Palit","2026-09-14 20:00:03",2130.5,1,ortimusprime
1367,16717289,JackChenghao,"2026-09-12 10:09:51",2130.4,2,jackchenghao
1368,16875671,"Nikolay Shaulsky","2026-09-14 08:54:06",2129.8,2,nikolayshaulsky
1369,16843838,"Alapati Ramakrishna","2026-09-14 02:38:15",2129.2,2,alapatiramakrishna
1370,16705523,"Brian Chua","2026-09-14 03:36:32",2127.5,2,chuazhengweibrian
1371,16630331,"Mohamed El-Nageeb","2026-09-14 23:31:06",2122.4,2,thelastsmilodon
1372,16735741,TERMINUS,"2026-09-12 11:24:45",2121.4,2,gdreallygoodman
1373,16623390,KodamaSec,"2026-09-14 20:00:27",2121.0,2,dfhgfdghfdhg
1374,16660251,Yagawa,"2026-09-14 01:47:41",2120.9,2,yagawa
1375,16735094,RngRng,"2026-09-15 01:51:54",2120.2,2,rngrng
1376,16624979,"Mohamed abdelrazik","2026-09-10 05:10:39",2118.8,2,mohamed3abdelrazik
1377,16674174,"Ramesh Arvind","2026-09-11 07:09:42",2118.2,2,rameshln
1378,16848060,juliencst,"2026-09-11 14:53:10",2117.8,2,juliencst
1379,16740996,ikevayansky,"2026-09-15 00:22:40",2116.3,2,ikevayansky
1380,16848765,XJHya233,"2026-09-13 11:56:26",2116.1,2,xjhya233
1381,16677568,yarneo,"2026-09-13 10:08:51",2115.6,2,yarneo
1382,16834038,"Akio Furutsuka","2026-09-12 06:46:33",2115.5,2,akiofurutsuka
1383,16641116,SearchingForWife,"2026-09-13 05:38:32",2115.4,2,darksteeldragon
1384,16664761,"Udit Jain #2","2026-09-12 00:14:14",2115.3,2,iamudit
1385,16797847,"levski shampion","2026-09-12 23:19:08",2113.4,2,mariomalev
1386,16646970,juewang1p,"2026-09-14 03:15:01",2113.2,2,juewang1p
1387,16660313,Ctrl+Code,"2026-09-12 14:58:51",2112.9,2,"jayashankar369085,parnikasm"
1388,16740034,BSCode,"2026-09-14 02:27:32",2112.9,2,bscode
1389,16728114,yu9824,"2026-09-13 10:50:27",2112.2,2,yu9824
1390,16690447,Supermercado,"2026-09-12 11:14:33",2112.1,2,ryotaaaaaa
1391,16717572,kiyomiya-k,"2026-09-11 15:48:24",2110.8,2,kiyomiyak
1392,16793895,"Moh Notif","2026-09-14 19:34:16",2109.3,2,mohnotif
1393,16663387,Ju,"2026-09-14 20:59:38",2108.9,2,juziddd
1394,16745419,elren,"2026-09-14 09:34:15",2107.5,2,elrensmin
1395,16663929,"Erman Man","2026-09-12 02:05:39",2107.4,2,ermanman
1396,16639550,"HIDEYO CHIBA","2026-09-14 20:43:27",2107.1,2,hideyochiba
1397,16755705,"Semyon Epanov","2026-09-11 17:22:57",2106.9,2,semyonepanov
1398,16845258,Squirrel,"2026-09-14 14:33:17",2106.5,2,bunnykeeper
1399,16797105,"Rahul vats","2026-09-14 12:51:46",2106.0,2,rahulvats20
1400,16678693,"Maher el Ouahabi","2026-09-13 18:51:03",2103.9,2,maherelouahabi
1401,16809211,"Aleix López","2026-09-14 11:08:41",2103.1,2,aleixlopez
1402,16692725,"Zhen Li","2026-09-12 10:05:10",2102.6,2,zhenlisak
1403,16658700,"szlachetny snieg","2026-09-12 03:40:24",2102.0,2,takayukiimoto
1404,16866398,feles99,"2026-09-13 10:33:12",2100.1,2,feles99
1405,16868685,"Kotaro Simizu","2026-09-11 20:39:54",2099.8,2,"kotarosimizu,mahiro1214"
1406,16661462,"Dania Amer","2026-09-11 21:30:53",2099.1,2,dania35
1407,16623920,"Kazuta MIZUTA","2026-09-14 12:07:07",2099.1,2,kazutamizuta
1408,16794090,Euphor_M,"2026-09-14 19:04:28",2098.6,2,euphor
1409,16775010,"Alexey Kuznetsov","2026-09-15 00:33:36",2098.5,2,legtarrr
1410,16738534,"Sakito Horie","2026-09-15 00:10:08",2098.0,2,sakitohorie
1411,16709435,"Artyom Lyan","2026-09-14 14:05:27",2095.7,2,arli2016
1412,16760990,naren_v,"2026-09-14 03:26:45",2095.4,2,varuthakari
1413,16658895,kunihiro,"2026-09-11 07:29:44",2095.3,2,kunihiro
1414,16728262,wakawakayu,"2026-09-14 12:00:12",2095.3,2,wakawakayu
1415,16676034,"Songyot P","2026-09-12 14:57:32",2094.5,2,songyotpi
1416,16839458,"Agent 0","2026-09-14 00:51:00",2094.2,2,agent0
1417,16689186,NCK,"2026-09-12 04:31:04",2093.8,2,drnchaitanyakumar
1418,16689183,Hawksartelier,"2026-09-12 15:10:55",2093.4,2,satyapb2002
1419,16632240,Deepseek的恩情还不完,"2026-09-13 17:54:20",2093.2,2,"iwanys,pedianeko,realybin"
1420,16705659,"srijan k.r keshri","2026-09-12 06:35:52",2092.0,2,srijankrkeshri
1421,16738492,"Follow Me Gradient","2026-09-11 11:34:07",2091.6,2,farukece
1422,16711752,"Atakan Aldemir","2026-09-14 20:55:03",2091.1,2,atakanaldemir
1423,16690401,Skyspace,"2026-09-12 12:27:28",2090.1,2,empireblue
1424,16685982,Snorf,"2026-09-14 01:47:57",2089.2,2,snorfyang
1425,16842246,montplusa,"2026-09-15 00:55:49",2088.9,2,montplusa
1426,16866968,HXS-CF13,"2026-09-14 02:14:46",2088.6,2,hxscf13
1427,16792542,RB25det,"2026-09-14 07:31:08",2086.8,2,rb25det
1428,16757417,otter_0714,"2026-09-14 08:41:00",2086.2,2,otter0714
1429,16674839,"hongqian miao","2026-09-11 11:49:44",2082.7,2,hongqianmiao
1430,16885509,HAL,"2026-09-14 07:58:55",2082.5,1,"asunalin,ljimmy2005007"
1431,16808822,-lingluo-,"2026-09-14 01:44:32",2082.1,2,lingluoo
1432,16701258,ln,"2026-09-11 18:35:22",2080.6,2,nazarov
1433,16621515,"Alexander Gremyakov","2026-09-11 17:04:25",2080.2,2,alexandergremyakov
1434,16778012,俺是耕田哩,"2026-09-12 17:40:29",2080.0,2,tianzhenggao
1435,16634952,"Igor Zharov","2026-09-11 15:37:09",2079.4,2,flexonafft
1436,16749071,snc5656,"2026-09-12 14:33:21",2076.8,2,jamm1412
1437,16849377,try,"2026-09-12 20:23:11",2076.5,2,weishanshan033
1438,16671741,Excluding,"2026-09-14 18:44:30",2075.8,2,excluding
1439,16772119,Workybara.ai,"2026-09-12 03:16:14",2074.8,2,workybaraai
1440,16658343,aisamhottman,"2026-09-14 09:43:31",2074.2,2,heuingttiang
1441,16675063,"King Tian","2026-09-14 14:41:33",2074.0,2,tianwang1210
1442,16762019,yukino,"2026-09-10 02:43:41",2073.9,2,"jifengjianhao666,mqingcs"
1443,16717794,souldrive,"2026-09-13 13:18:14",2073.8,2,souldrive
1444,16634432,KARGI,"2026-09-12 10:45:37",2072.4,2,learningkin
1445,16735066,"Saber #2","2026-09-11 16:26:08",2070.7,2,yzheng21
1446,16844770,Richard,"2026-09-11 22:59:41",2070.3,2,richardwg
1447,16768603,Kinance,"2026-09-11 13:09:29",2070.0,2,kinance
1448,16704580,"Yunho Hwang","2026-09-14 13:48:21",2069.6,2,yunhohwang
1449,16658248,Aaweg,"2026-09-14 13:09:46",2068.4,2,aawegbhaladhare
1450,16663252,"MD Concepcion","2026-09-14 14:41:31",2067.8,2,mikedconcepcion
1451,16808396,Dr_F,"2026-09-12 02:20:48",2067.2,2,algebraictopology
1452,16835641,baojidehuangmao,"2026-09-13 13:38:08",2065.8,2,"brittneylewis2,innocentdzzz"
1453,16775473,LuanHengYu,"2026-09-14 13:50:17",2065.5,2,apexml
1454,16793340,bee_lx_xl,"2026-09-11 20:51:28",2065.2,2,beelxxl
1455,16887858,"Oleg Zholobov","2026-09-14 04:11:36",2065.2,1,olegzholobov
1456,16806556,KyryloBakumenko,"2026-09-12 18:01:54",2065.0,2,kyrylobakumenko
1457,16775571,Gaurav06520,"2026-09-11 09:36:43",2063.0,2,gaurav06520
1458,16641138,"Bharath Varma","2026-09-14 10:08:10",2062.4,2,bharath111l
1459,16728076,uuu,"2026-09-13 09:12:31",2061.5,2,vovafinogenov
1460,16814701,e0970145,"2026-09-10 11:43:21",2061.3,2,maxxtucker
1461,16814417,"Jane Street Farmers","2026-09-15 01:34:11",2061.1,2,"akamasterpiece,gianghiango,paramizodicrominique,phnhnnguyn"
1462,16881857,Pheonix,"2026-09-14 09:54:26",2060.9,2,vikasg1711
1463,16825815,linchenge,"2026-09-12 09:32:34",2060.7,2,linchenge
1464,16633179,infamemconculcemus,"2026-09-13 19:08:36",2057.1,2,jcgweb
1465,16696999,"HD h Joratos","2026-09-14 16:57:17",2056.5,2,hdhjoratos
1466,16728910,Thai,"2026-09-11 06:38:31",2053.7,2,hnthai
1467,16751152,"Andrew Reed","2026-09-10 03:42:42",2053.4,2,andrewreed
1468,16756764,"Alperen Aydın","2026-09-14 20:59:31",2053.2,2,alperen5252525
1469,16722818,"Mukesh R","2026-09-14 09:13:30",2050.8,2,mukeshr06
1470,16662735,"Kurian George","2026-09-11 17:16:25",2048.5,2,kuriangeorge
1471,16777767,"Miyanogawa Yuya","2026-09-14 18:30:08",2048.1,2,veritalogos
1472,16660215,"YoungDSML [dsml.kz]","2026-09-10 20:07:58",2048.0,2,"mazgas,nurikw3"
1473,16676085,"Giordano Dolenz","2026-09-11 17:20:50",2047.7,2,giordanodolenz
1474,16879360,"Neural Subscribed Operator","2026-09-12 06:55:46",2047.1,1,nacl3084
1475,16865168,"Maksym Bilychenko","2026-09-11 19:39:18",2046.8,2,mbilichenko
1476,16827097,"Bình Trần Thanh","2026-09-14 03:22:11",2046.5,2,dsdadasda
1477,16657657,ArnabKarmakar,"2026-09-15 00:05:11",2045.1,2,arnabkarmakar
1478,16862614,"Andrew Bunn","2026-09-13 02:55:58",2044.7,2,andrewbunn
1479,16862840,"Ammar Aziz","2026-09-12 11:11:53",2044.3,2,cabtainamamr
1480,16861278,"Michael Pershin","2026-09-14 19:21:22",2044.2,2,michaelpershin
1481,16728084,iwance,"2026-09-13 10:55:14",2043.0,2,iwance
1482,16678618,"Manu Nicholas Jacob","2026-09-12 02:13:33",2042.1,2,manunicholasjacob
1483,16647324,GG-bond,"2026-09-12 10:06:31",2040.6,2,wyhwyh123
1484,16653044,"x - An","2026-09-10 03:30:01",2039.3,2,"binhdth,buphmquc,hainguyenthien,pntan17"
1485,16743528,shfyyds12138,"2026-09-14 14:38:15",2038.9,2,junwenzhu1314
1486,16847609,"Aura Farmers","2026-09-14 23:26:51",2038.8,2,"adriana0022,ayrnpn,shengkaizhu"
1487,16744503,"Jun AKita","2026-09-12 04:12:19",2038.4,2,junakita
1488,16654914,Nozprod,"2026-09-11 14:55:33",2038.3,2,nozprod
1489,16661325,"Max Fofanov","2026-09-10 11:08:25",2036.0,2,maxfofanov
1490,16857624,flatton,"2026-09-11 06:47:34",2035.3,2,tomokifujihara
1491,16671150,Mc10nys0n,"2026-09-13 06:32:41",2035.1,2,rattanunt
1492,16632599,Shadowell888,"2026-09-14 17:30:40",2034.2,2,shadowell888
1493,16707915,MGöksu,"2026-09-12 16:05:38",2033.9,2,mgoksu
1494,16731194,"Neglected Turtle","2026-09-14 10:40:18",2033.6,2,pleaselike
1495,16710459,Nironiro,"2026-09-14 10:32:27",2033.3,2,nironiro
1496,16701024,pig7selene,"2026-09-12 10:20:34",2033.1,2,ejlthomas
1497,16653982,"Arul Prasad S P","2026-09-11 19:42:25",2031.7,2,arulprasadsp
1498,16848297,chacha260,"2026-09-11 08:27:30",2031.2,2,chacha260
1499,16858196,"Cường Dược Sĩ","2026-09-14 06:19:02",2031.0,2,cngdcs
1500,16688217,"The Grower","2026-09-14 18:56:13",2030.2,2,vigneshsankar1962
1501,16774701,@Suzumaru_1666,"2026-09-12 12:42:50",2029.8,2,suzumaru1666
1502,16762195,eliasruntime,"2026-09-12 14:33:31",2029.6,2,eliasruntime
1503,16682892,"Alvaro Llamojha","2026-09-09 21:37:21",2029.5,2,alvarollamojha
1504,16693904,DeeperNet,"2026-09-14 16:00:21",2028.8,2,deepernet
1505,16845382,Alpha_Ashwin007,"2026-09-12 18:36:30",2028.8,2,alphaashwin007
1506,16717756,Dominick,"2026-09-11 03:14:37",2026.9,2,kcinimod
1507,16659160,"Dmitry Bardonov","2026-09-13 05:47:46",2025.2,2,bdesim
1508,16730446,photunix,"2026-09-14 23:06:36",2025.2,2,photunix
1509,16756510,tongmian1314,"2026-09-13 15:22:02",2024.7,2,tongmian1314
1510,16657316,SCNU,"2026-09-11 11:39:42",2024.6,2,jasonxusk
1511,16632735,"No Free Lunch, Only Melons","2026-09-11 13:47:28",2024.3,2,kawaharataishi
1512,16720316,"Hưng Trần","2026-09-15 00:30:33",2024.0,2,hungtrabiz
1513,16848929,"Nikoo Yu","2026-09-13 14:16:31",2023.7,2,nikooyu
1514,16655505,Debmalya,"2026-09-14 16:43:47",2023.4,2,debmalya84
1515,16853849,emreaydin,"2026-09-13 22:25:57",2022.2,2,aydinemre
1516,16731839,mamematcha,"2026-09-12 16:29:27",2021.7,2,mamematcha
1517,16746191,たがやす,"2026-09-12 11:53:17",2020.3,2,drktti
1518,16848952,tubotu,"2026-09-11 14:47:08",2020.2,2,tubotu
1519,16833013,"Tariq Alyami","2026-09-14 20:49:53",2019.0,2,tariqalyami
1520,16708791,atsu0905,"2026-09-11 15:08:36",2017.3,2,atsu0905
1521,16623128,AdamJonesJohnson,"2026-09-14 20:54:52",2016.9,2,adamjonesjohnson
1522,16801171,"Asterios Terzis","2026-09-13 04:16:58",2016.5,2,asteriosterzis
1523,16674932,kokinnwakashuu,"2026-09-14 21:28:32",2016.1,2,kokinnwakashuu
1524,16621610,NMarkS,"2026-09-13 18:16:06",2015.6,2,nmarks
1525,16736124,GIN,"2026-09-11 10:56:59",2015.3,2,runjinzhang
1526,16674451,NycteacoBa,"2026-09-14 00:50:27",2012.8,2,nycteaowl
1527,16665084,"Wei Han","2026-09-14 20:14:10",2012.2,2,weihan87
1528,16736985,Colt,"2026-09-12 11:39:11",2011.9,2,nht1990
1529,16654669,"Jordi Corbilla","2026-09-13 22:27:34",2011.9,2,jordicorbilla
1530,16839311,"Hagiwara Shigechika","2026-09-10 11:58:39",2011.3,2,hagiwarashigechika
1531,16799598,RameshG888,"2026-09-11 08:42:57",2009.9,2,ramesh888
1532,16634716,Eusebius,"2026-09-11 14:18:58",2009.9,2,protuberanzen2000
1533,16669594,euorrl,"2026-09-14 03:07:02",2008.2,2,euorrl
1534,16766640,watana,"2026-09-11 13:12:40",2006.8,2,yukiwat
1535,16668783,Zyy7390,"2026-09-09 21:18:35",2006.7,2,"tigerrrrrr,zyy7390"
1536,16630142,zawawannko,"2026-09-11 08:03:32",2005.4,2,zawawannko
1537,16658185,"Juwon Kweon","2026-09-11 05:37:38",2004.7,2,juwonkwon
1538,16794309,"Sanyam Jain","2026-09-14 15:58:22",2004.1,2,sjain03
1539,16636756,"K.THARUN KUMAR","2026-09-13 08:49:11",2004.1,2,tharunkumar369
1540,16752277,YKuma,"2026-09-14 14:08:15",2003.9,2,ykumazaki
1541,16621590,Yaroslav,"2026-09-14 03:25:57",2002.4,2,yaroslavrogoza
1542,16771870,"kumi cho","2026-09-10 10:07:29",2002.2,2,kumicho
1543,16731074,UmutUygurr,"2026-09-11 05:57:55",2001.9,2,umuttuygurr
1544,16710464,ns0329,"2026-09-12 06:56:56",2001.0,2,ns0329
1545,16640780,"drezna ultra","2026-09-14 16:08:07",2000.7,2,notakes
1546,16792681,MorS,"2026-09-12 16:36:24",2000.1,2,mors1337
1547,16730673,"John Doge","2026-09-09 20:50:30",2000.0,2,spacedoge
1548,16758629,karinkaito,"2026-09-14 13:43:33",1999.9,2,karinkaito
1549,16792013,"Alec Polansky","2026-09-10 01:58:49",1999.1,2,alecpolansky
1550,16867005,cryptvector2,"2026-09-11 13:22:09",1998.9,2,cryptvector2
1551,16658801,"Thuc Nguyen Dang 111","2026-09-13 05:21:36",1998.8,2,thucnguyendang111
1552,16781506,un0o7,"2026-09-11 13:10:36",1998.6,2,hjhsdsdww
1553,16762957,邪悪な暁山瑞希、ジャガイモを量産してフライドポテト市場を独占,"2026-09-14 14:59:05",1998.2,2,yinzimike
1554,16876040,hgh404,"2026-09-14 19:04:44",1997.4,2,"gamejoker,hgh1024"
1555,16623592,Jack,"2026-09-14 16:11:36",1997.4,2,jackvd
1556,16735837,yaki-imo,"2026-09-11 04:35:42",1997.2,2,taichiakiyama
1557,16870621,BobtheBot369,"2026-09-15 00:00:48",1996.7,2,bobthebot369
1558,16696720,"JAZ COLD HORN","2026-09-13 15:57:19",1994.7,2,"evanmaksud,jazivxt,maulikgajera,niazmohaimanabtahi,victorhorn"
1559,16808020,"Pulkit Arora 🇮🇳","2026-09-11 09:15:58",1994.6,2,pulkittarora
1560,16850105,Pantheon,"2026-09-14 07:40:15",1993.9,2,skyenxt
1561,16673524,"Zikai Chen","2026-09-13 04:29:53",1993.8,2,kyrie1102kai
1562,16707036,"Just a Farmer","2026-09-11 02:07:31",1992.0,2,gunianxue
1563,16728366,"RL Learner","2026-09-11 12:30:15",1991.9,2,forrestxlz
1564,16666977,"Tagir Analyzes","2026-09-15 01:10:09",1990.0,2,tagirkhairutdinov
1565,16701612,Kiki,"2026-09-11 06:43:31",1989.3,2,rouiou
1566,16774712,icelemon2004,"2026-09-11 04:25:32",1989.1,2,"guanghuchen,icelemon2004,mustard64"
1567,16891115,tkm7510,"2026-09-15 00:55:29",1986.0,1,tkm7510
1568,16855665,"Yash Yadav","2026-09-13 06:58:11",1985.7,2,yash2072005
1569,16698560,"Seungjun Lee","2026-09-13 01:49:19",1982.2,2,seungjunleeofficial
1570,16836787,KSKBL,"2026-09-14 12:09:48",1981.5,2,"length1001,trafalgar1234"
1571,16688313,"Gnosys Labs","2026-09-11 18:26:07",1980.2,2,gnosyslabs
1572,16736670,"Mark Astrid","2026-09-14 09:21:00",1979.4,2,markastrid
1573,16740659,haodou092,"2026-09-11 11:10:47",1979.1,2,haodou092
1574,16667080,King-damon,"2026-09-14 18:11:26",1979.0,2,kingdamon
1575,16635314,"Aurora wy","2026-09-11 01:23:22",1978.1,2,aurorawy
1576,16644452,Durlabh_Jha,"2026-09-15 01:37:14",1978.1,2,durlabhjha
1577,16820794,"Yuxuan Ba","2026-09-11 01:00:35",1977.8,2,"cynthiaaaaa06,yuxuanba"
1578,16637973,StephenNedumpally,"2026-09-11 13:22:07",1977.8,2,stephennedumpally
1579,16730810,mgoto51004,"2026-09-12 16:07:18",1976.9,2,mgoto51004
1580,16741178,guruguru000,"2026-09-11 04:31:49",1976.8,2,guruguru000
1581,16668056,"Quantum Farm","2026-09-14 11:11:03",1974.4,2,"anselem7,divineokwueze,nnanyereuzoma"
1582,16700211,miya,"2026-09-14 03:50:18",1973.9,2,miyamuratakeki
1583,16875653,xuzenkun,"2026-09-14 02:59:27",1972.9,2,xuzenkun
1584,16741932,"Michael Chen","2026-09-11 05:38:12",1972.8,2,fuqiangchen
1585,16758232,mech_39,"2026-09-10 21:20:57",1971.7,2,mech39
1586,16722888,GarrieD,"2026-09-12 14:53:50",1970.8,2,garried
1587,16716431,m&m,"2026-09-13 21:44:34",1970.2,2,ntrlmt
1588,16764089,UtaAzu,"2026-09-11 02:21:40",1970.0,2,utaazu
1589,16843582,isk54_34,"2026-09-11 05:39:47",1969.4,2,isk5434
1590,16665294,"Thái Văn Tài","2026-09-14 02:51:51",1968.8,2,thivnti
1591,16806080,銅メダルくれくれくれくれくれくれくれくれくれくれくれくれくれ,"2026-09-14 17:46:09",1968.7,2,konbu17
1592,16655150,"Benjamin H Pepper","2026-09-14 22:24:52",1968.6,2,bhpepper
1593,16627194,GzmCR632,"2026-09-11 07:01:14",1968.4,2,gzmcr632
1594,16718745,"Vishwamitra Mishra","2026-09-14 21:54:59",1968.4,2,vishwa007
1595,16722849,"Dhruv Bansal","2026-09-10 22:03:08",1968.3,2,dhruvb2028
1596,16675960,"Audric LOKO","2026-09-14 09:56:02",1968.0,2,audricloko
1597,16729102,"Bruce Zheng","2026-09-11 12:17:11",1964.7,2,brucezheng666
1598,16843522,clouds111,"2026-09-10 09:00:49",1964.0,2,clouds111
1599,16630015,星之海,"2026-09-13 08:50:50",1963.9,2,web3cainiao
1600,16621063,Broskis,"2026-09-11 03:19:55",1963.1,2,"aikyatansinha,r1cksync,vamshikrishnaemmadi"
1601,16866549,"Roman Nesterov","2026-09-13 21:12:26",1962.1,2,romanest
1602,16663808,"Fae Gaze","2026-09-10 20:30:29",1961.8,2,achievement
1603,16629699,radiant-allomancer,"2026-09-11 00:50:02",1960.8,2,radiantallomancer
1604,16748487,Hiters,"2026-09-11 00:54:16",1960.3,2,mikehongsz
1605,16790603,xinbao,"2026-09-11 15:50:54",1959.2,2,zww123456
1606,16843384,"Anatoly Lyutov","2026-09-11 11:54:44",1958.7,2,anatolylyutov
1607,16784992,Prasad.tgs,"2026-09-14 11:47:23",1958.6,2,sivaprasadnaidu
1608,16843617,Jenny124685,"2026-09-14 09:53:10",1957.8,2,jenny124685
1609,16740420,Laplacenvmv,"2026-09-09 07:42:28",1957.4,2,laplacenvmv
1610,16686918,JustinLee,"2026-09-11 15:43:26",1956.9,2,justin2061
1611,16880960,Kiriesh,"2026-09-14 17:49:09",1955.8,2,kiriesh
1612,16868219,"Karim Hamada","2026-09-10 18:14:34",1954.3,1,karimhamada
1613,16631752,"Junichiro Morita","2026-09-13 04:16:15",1953.2,2,junichiromorita
1614,16750448,"Ansh Agarwal","2026-09-11 07:59:45",1952.1,2,anshagarwal2616
1615,16641077,lucaskna,"2026-09-15 00:26:34",1952.1,2,lucaskna
1616,16697185,"Prince Special","2026-09-14 19:29:24",1951.8,2,temitayogbolahan
1617,16867327,Zorvella,"2026-09-11 03:16:36",1950.8,2,zorvella
1618,16682318,Bibek,"2026-09-13 20:49:12",1949.9,2,bibek777
1619,16858157,osteo,"2026-09-11 01:33:23",1948.6,2,logstwo
1620,16851853,tryagain123,"2026-09-14 10:51:38",1948.1,2,lanqingsong123
1621,16729130,KoshinM,"2026-09-12 02:07:32",1947.0,2,koshinm
1622,16645203,easonyanyan,"2026-09-14 05:52:18",1945.5,2,easonyanyan
1623,16842828,"Smiley Flour","2026-09-13 17:53:03",1945.3,2,"ddlinh212,nguyenvlm"
1624,16838625,kyohei2106,"2026-09-11 05:14:43",1944.4,2,kyohei2106
1625,16671659,Jiang,"2026-09-11 08:12:46",1943.6,2,jncq2006
1626,16769836,weense,"2026-09-14 15:13:28",1943.4,2,weense
1627,16811605,"Ryu Sonoda","2026-09-13 06:31:50",1943.4,2,ryusonoda
1628,16671306,Yeswanthperni,"2026-09-14 14:40:38",1943.3,2,"tanvicaaa,yeswanthperni"
1629,16661667,"Wufang Hong","2026-09-10 07:14:27",1943.0,2,wufanghong
1630,16632172,Ayodeji,"2026-09-11 03:17:39",1942.7,2,ayodejiibrahimlateef
1631,16867641,"Yuki TASHIRO","2026-09-10 17:17:04",1942.3,2,yukitashiro
1632,16732735,MMMMMMMMMMMM,"2026-09-11 02:21:58",1941.3,2,hyh273279
1633,16710469,Qimra1729,"2026-09-11 08:09:04",1940.4,2,qimra1729
1634,16826999,donaldxu,"2026-09-11 00:13:46",1939.8,2,abc1705
1635,16731270,"Arthurs Torres24","2026-09-14 09:38:10",1939.2,2,arthurstorres24
1636,16630779,Jimmer,"2026-09-13 15:14:47",1937.4,2,przemysawonr
1637,16802578,Yuuki4543,"2026-09-11 06:18:16",1937.4,2,yuuki4543
1638,16665841,"Mohit Rao","2026-09-14 05:22:15",1937.1,2,vmohitrao
1639,16842384,"Muhammad Mirza Darma Putra","2026-09-13 04:39:08",1936.8,2,mirzadarma
1640,16659920,vkhydras,"2026-09-11 12:12:10",1935.2,2,vickimar
1641,16811224,yuya,"2026-09-15 00:43:27",1935.0,2,yuomori
1642,16768104,"Ivan Aleksandrov","2026-09-10 10:24:49",1933.5,2,ivanblch
1643,16643554,"Arnie Jimenez","2026-09-14 16:57:46",1933.4,2,arniejimenez
1644,16792661,итмоняяя,"2026-09-14 21:29:40",1931.7,2,"naladwepo,tickflag"
1645,16851147,Saifuddin,"2026-09-14 16:41:21",1931.2,2,syehsyoh
1646,16772204,"Hamam Ahmed","2026-09-14 16:29:47",1930.6,2,hamamelsanousi
1647,16789990,SA,"2026-09-12 09:58:38",1930.0,2,soheiarisaka
1648,16706227,"Wise Fancy","2026-09-11 01:08:47",1929.8,2,wisefancy
1649,16730675,Platycerium,"2026-09-11 17:27:51",1929.0,2,soutasakurai
1650,16786341,"Farmula One","2026-09-14 09:08:21",1928.5,2,"joesland,mer4yyy,ricaaaovo,zhangxingzhe"
1651,16654511,"Syed Shayan Ali Shah","2026-09-14 06:59:51",1928.1,2,dsshayan
1652,16871705,Bertholdt,"2026-09-12 06:30:07",1927.5,2,bertholdt
1653,16847763,MartinZiserman,"2026-09-11 23:53:37",1927.5,2,zarmii
1654,16728238,ubcict232,"2026-09-10 16:19:32",1927.4,2,ubcict232
1655,16670715,i3,"2026-09-14 05:15:25",1926.7,2,ishijima
1656,16886357,"Sun Jaden","2026-09-13 21:34:56",1926.5,2,sunjaden
1657,16761593,Azathoth,"2026-09-14 17:04:15",1925.0,2,stsaasts
1658,16662618,"Soledad Santiago","2026-09-13 21:59:18",1925.0,2,soledadsantiago
1659,16624109,"Nguyễn Thế Minh Đức","2026-09-15 01:01:29",1924.3,2,nguynthminhc
1660,16635509,simmons1025,"2026-09-10 15:26:38",1922.9,2,simmons1025
1661,16746372,"Meerub Atiq","2026-09-12 08:05:39",1922.3,2,meerubatiq
1662,16849766,"Uncle Scooge","2026-09-11 13:27:24",1922.0,2,"guzzbr,pascalcoimbra"
1663,16857732,bzczz123,"2026-09-11 07:05:04",1921.9,2,bzczz123
1664,16664487,houlidai-jiekiulai,"2026-09-11 06:28:55",1920.7,2,houlidaijiekiulai
1665,16802486,SHICHIES,"2026-09-14 17:53:39",1920.0,2,shichies
1666,16755049,gamesu7107,"2026-09-12 18:24:15",1919.4,2,gamesu7107
1667,16696099,moss,"2026-09-13 09:31:52",1919.3,2,kenyashimizu
1668,16789950,"Zachary Zhang","2026-09-09 05:37:03",1919.1,2,zacharyzhang16
1669,16691084,"Ke Ma Ke","2026-09-13 09:01:36",1916.8,2,kemake
1670,16652764,hikahika,"2026-09-11 13:31:34",1916.0,2,naganohikaru
1671,16630984,TakamaruEX,"2026-09-14 08:20:46",1916.0,2,takamaruex
1672,16659464,"Héctor Valverde","2026-09-12 18:14:21",1915.1,2,hvpareja
1673,16714365,meryol,"2026-09-14 23:27:25",1914.9,2,meryol
1674,16752250,"Takahiro Katsumata (tkatsuma)","2026-09-11 22:27:07",1913.5,2,alextfkd
1675,16661665,"Leonardo Viola10","2026-09-11 16:30:33",1913.1,2,leonardoviola10
1676,16799045,qq牧场,"2026-09-14 15:08:42",1913.0,2,"goodchen145,sir2026,zhaosir2026"
1677,16707547,Lin,"2026-09-10 17:03:51",1912.5,2,linjianrong
1678,16755911,"Paarth Patel","2026-09-11 04:20:20",1911.8,2,martis10
1679,16783740,ZiYiMing,"2026-09-12 07:39:04",1911.7,2,ziyiming
1680,16841595,Jaso1024,"2026-09-10 01:44:10",1911.4,2,jaso1024
1681,16841335,abondrn,"2026-09-14 17:17:35",1910.5,2,abondrn
1682,16790527,Yuta,"2026-09-10 08:33:55",1910.3,2,yutaecon
1683,16847247,月之光面,"2026-09-14 04:30:51",1909.4,2,cxcxcxcx
1684,16631115,prvsiyan,"2026-09-14 14:19:34",1909.1,2,prvsiyan
1685,16639263,Yam,"2026-09-10 15:44:54",1908.8,2,minyam
1686,16855156,"Lior Toledano","2026-09-10 16:37:28",1907.4,2,liortoledano
1687,16745761,mitomeat823,"2026-09-13 01:31:29",1907.0,2,mitomeat823
1688,16623371,MoZayed,"2026-09-13 19:28:49",1906.7,2,mohamedzayedahmed
1689,16676455,"Sarthak Sharma ","2026-09-14 08:31:32",1906.7,2,sarthaksharma14
1690,16823319,eviltsundera,"2026-09-14 20:50:32",1906.4,2,eviltsundera
1691,16668430,"john inan","2026-09-15 01:01:32",1905.8,2,johninan
1692,16633507,"Ivan Vorfolomeev","2026-09-13 21:41:16",1905.2,2,ivanvorfolomeev
1693,16762302,OxFFFs,"2026-09-12 11:04:44",1904.8,2,oxfffs
1694,16862944,Luchsus,"2026-09-14 23:29:16",1903.6,2,jansteindlstarlinger
1695,16860566,黄旭伟aaaabbs,"2026-09-10 02:08:34",1903.5,2,aaaabbs
1696,16692432,"Les 2 oies","2026-09-14 13:17:06",1903.5,2,"sanarceate,youyoucrf"
1697,16880407,kimuraaa,"2026-09-14 11:23:28",1903.0,2,kimuraaa
1698,16847304,"eryue shisi","2026-09-14 02:41:20",1901.9,2,eryueshisi
1699,16849053,z7777,"2026-09-10 14:16:42",1900.5,2,songqizhou
1700,16675866,DanilChil,"2026-09-14 17:54:24",1899.6,2,danilchil
1701,16657276,"Пётр П","2026-09-12 18:17:11",1899.3,2,petrinvest
1702,16630251,"Handry Novianto","2026-09-11 08:14:59",1897.9,2,handrynovianto
1703,16623980,Nikita,"2026-09-14 10:05:57",1895.4,2,ivanovnikitawork
1704,16864072,"Matvey Skovordin","2026-09-10 04:24:07",1894.6,1,kickassnumberone
1705,16653078,pk210495,"2026-09-13 10:56:29",1893.8,2,pk210495
1706,16662833,"umair zia","2026-09-11 17:15:41",1890.5,2,aimerscoding
1707,16664788,rian,"2026-09-09 17:32:52",1890.4,2,rian55
1708,16674961,"Ilya & Yurnero","2026-09-09 10:20:15",1889.8,2,"samson8,test7845"
1709,16802843,Dream,"2026-09-13 15:29:56",1889.6,2,"jamesl8,tzeweilim"
1710,16714474,"Glenn Dalbey","2026-09-09 23:44:37",1889.3,2,glenndalbey
1711,16757064,"coke lu","2026-09-14 07:28:26",1887.1,2,cokelu
1712,16832866,bgaoi2,"2026-09-09 15:09:29",1885.9,2,bgaoi2
1713,16862183,Smackaveli,"2026-09-12 16:16:22",1885.9,2,spoutop
1714,16702975,RicardoLópez,"2026-09-09 16:16:39",1885.3,2,richi2489
1715,16632527,"GIVE ME A JOB","2026-09-10 09:35:11",1884.3,2,tarokogawa
1716,16756477,Ender,"2026-09-10 11:10:27",1883.8,2,eamonnkashyap
1717,16865917,"Yihao Wei","2026-09-13 10:07:46",1883.8,2,yihaowei
1718,16635062,DL,"2026-09-10 04:16:38",1883.2,2,distiller
1719,16659395,HyperX,"2026-09-14 22:15:58",1882.2,2,"diversedharun,harishinkaggle"
1720,16854573,"这是 AI 的胜利","2026-09-10 09:15:16",1882.2,2,iaptainmy
1721,16729765,"Caio Ruiz","2026-09-15 00:03:34",1881.5,2,chvruiz
1722,16881336,hanlei,"2026-09-15 00:36:35",1881.1,2,hanleileo
1723,16697395,darktetradgod,"2026-09-14 15:35:29",1881.1,2,darktetradgod
1724,16755650,"kazuki morikawa","2026-09-10 12:56:10",1879.9,2,kazukimorikawa
1725,16810111,"Saket Singh","2026-09-14 09:08:32",1878.4,2,saketsingh9728
1726,16743582,ShunkiKyoya,"2026-09-14 08:34:24",1876.7,2,shunkikyoya
1727,16676739,"Jonathan Zheng Jiahao","2026-09-10 02:53:21",1875.5,2,jonathanzhengjiahao
1728,16691270,"Piyal Chowdhury","2026-09-14 19:45:53",1875.1,2,piyalchowdhury
1729,16663867,"Stephen Schott","2026-09-11 00:06:23",1874.4,2,steve421471
1730,16867407,Lanqira,"2026-09-11 03:08:56",1873.2,2,lanqira
1731,16739578,"Pietro Valocchi","2026-09-14 20:09:37",1873.1,2,pietrovalocchi
1732,16668622,"Michael McGrain","2026-09-10 10:38:27",1872.1,2,michaelmcgrain
1733,16831028,"氷見 和","2026-09-10 12:04:15",1871.5,2,himihimi
1734,16720797,"Vibe Farmer","2026-09-11 02:14:27",1871.3,2,pulakkantibhowmick
1735,16730676,ActiveMusyoku,"2026-09-13 15:05:26",1871.1,2,"daiki0381,kohei0okazaki,noriyukimori,ryonatori,seipon"
1736,16865564,Manat,"2026-09-12 02:55:49",1870.9,2,manatoshoji03
1737,16632245,u,"2026-09-10 12:19:55",1870.0,2,"apostoloskontarinis,curbotron13,halzweiman,josephmcgonaglebrown,shreyanshpoddar"
1738,16634519,"Darshan Makwana","2026-09-10 10:17:03",1868.5,2,ellipticaloranges
1739,16689488,"Ming Fong","2026-09-10 02:48:20",1868.1,2,evilpegasus
1740,16743546,"Simon Dorcas","2026-09-13 12:04:11",1867.4,2,simondorcas
1741,16720696,Ankit0017,"2026-09-09 14:57:00",1867.2,2,ankit0017
1742,16871053,Ni123456&,"2026-09-14 23:35:15",1866.8,2,bingdongni
1743,16717549,"Adejumo Boluwatife","2026-09-11 19:09:23",1865.8,2,adejumoboluwatife
1744,16802745,"Fuat Çakıcı","2026-09-10 12:17:54",1864.9,2,fuatcakiicii
1745,16746796,kaguramena,"2026-09-10 07:13:17",1864.6,2,kaguramena
1746,16767929,Timbydude,"2026-09-14 19:41:18",1864.4,2,timbydude
1747,16693431,Jonewang,"2026-09-15 01:24:32",1863.9,2,jone520
1748,16729186,Virtute,"2026-09-12 00:43:55",1863.9,2,nameless001
1749,16866567,Variiiiiii,"2026-09-11 10:09:24",1863.2,2,variiiiiii
1750,16848622,"KUO JEN WEI","2026-09-14 17:45:41",1863.0,2,"kuojenwei,kuyiting"
1751,16623298,Mikhail_Komkin,"2026-09-09 21:21:30",1862.9,2,mikhailkomkin
1752,16814378,"Jay Prrajapati","2026-09-09 13:53:13",1860.9,2,jayprrajapati
1753,16762289,NineThree,"2026-09-14 10:15:29",1860.3,2,xiaoazuzong
1754,16843860,LH-and-FPGA,"2026-09-14 22:28:14",1858.2,2,lhandfpga
1755,16779957,养了一群扫福瑞,"2026-09-09 12:13:36",1858.1,2,whq0q7
1756,16659670,MeeMee,"2026-09-10 07:07:22",1856.5,2,yagi46
1757,16701685,shawloong,"2026-09-10 06:56:56",1855.5,2,shawloong
1758,16660840,"An Garcia","2026-09-15 01:46:12",1855.5,2,angarcia
1759,16677342,Fedor,"2026-09-14 19:18:43",1854.5,2,fedorchuprakov
1760,16863501,ATC,"2026-09-10 01:05:59",1853.9,1,t6ccc2
1761,16769885,kurushun,"2026-09-10 02:10:21",1851.8,2,kurushun
1762,16627032,"Kaito Fukami","2026-09-11 02:40:45",1850.2,2,kaitofukami
1763,16640394,"MOHAMMADJAFAR ZAMANI","2026-09-14 13:31:16",1850.1,2,mohammadjafarzamani
1764,16761293,cha7ura,"2026-09-12 15:25:34",1849.8,2,cha7ura
1765,16854472,Taimo,"2026-09-11 17:10:58",1848.4,2,taikimori
1766,16809842,"zg l1218","2026-09-14 15:11:10",1848.2,2,zgl1218
1767,16747273,红烧肉,"2026-09-09 12:52:04",1848.1,2,ra1nac1d
1768,16866424,"gmmm mmod2","2026-09-11 07:38:54",1848.1,2,gmmmmmod2
1769,16623309,zyvren,"2026-09-11 15:14:31",1848.1,2,"nusratahmmedmaisha,sharif485"
1770,16865554,"parker tan","2026-09-13 03:39:28",1847.9,2,parkertan
1771,16865335,"Viktor Cikojevic","2026-09-14 11:20:51",1847.1,1,viktorcikojevic
1772,16845112,"Robert Baburin","2026-09-13 14:13:27",1846.4,2,robertbaburin
1773,16665224,tyz123456,"2026-09-14 15:47:45",1845.0,2,tyz123456
1774,16857861,Satua,"2026-09-11 06:36:26",1844.2,2,satyasrinivasanandh
1775,16670229,Munshi-PremChand,"2026-09-11 13:26:53",1843.8,2,munshipremchand
1776,16669843,"hikaru kitagawa","2026-09-11 12:53:08",1843.7,2,hikarukitagawa
1777,16866996,"Marina Afanas'eva","2026-09-10 14:36:18",1842.3,1,proamari
1778,16805918,"kaito ide 31","2026-09-14 23:50:55",1841.7,2,kaitoide31
1779,16848850,Lazyman,"2026-09-13 17:03:03",1840.9,2,lazyman
1780,16808526,iheng88,"2026-09-13 08:16:41",1840.7,2,iheng88
1781,16866946,truxivan,"2026-09-10 13:46:58",1840.4,1,truxivan
1782,16622835,"Max Manushin","2026-09-11 01:04:29",1839.9,2,innerf1re
1783,16857932,"Ahmed Ansari","2026-09-14 19:40:41",1837.7,2,ahmed1ansari
1784,16712007,"Dipin Kothavoor","2026-09-14 13:54:52",1836.9,2,dipinkothavoor
1785,16709101,"Djaafar Lecheheb DL","2026-09-11 03:33:18",1836.5,2,djaafarlechehebdl
1786,16722378,waticson,"2026-09-10 14:10:56",1835.8,2,yutodennou
1787,16658149,X,"2026-09-13 06:37:44",1834.6,2,lohithhb
1788,16840617,RyotaroAbe,"2026-09-10 14:03:06",1834.5,2,ryotaro45123
1789,16627581,AidenSong123,"2026-09-12 14:15:30",1834.2,2,aidensong123
1790,16865693,Eda,"2026-09-10 09:12:31",1833.9,1,edagram
1791,16844845,"Dinesh Amalathasan","2026-09-14 19:42:04",1833.9,2,amaldinesh
1792,16764349,Solo,"2026-09-12 22:58:37",1833.2,2,solosolo
1793,16751140,onick_man,"2026-09-13 11:53:51",1832.9,2,ftakahas
1794,16743356,"Azat Akhtyamov","2026-09-14 20:07:50",1831.1,2,azakhtyamov
1795,16668610,Sian,"2026-09-12 01:13:24",1829.4,2,arki13
1796,16859585,momo,"2026-09-10 03:06:37",1828.3,2,fyenneyenn
1797,16732945,"Aru Ohta","2026-09-14 09:12:22",1826.8,2,aruohta
1798,16730076,SJY321,"2026-09-14 14:44:02",1825.9,2,sjy321
1799,16623697,yuto083,"2026-09-15 00:54:44",1825.8,2,yuto0712
1800,16736079,Maxy5illion,"2026-09-10 11:10:08",1825.4,2,maxy5illion
1801,16700846,"Vaibhav Patel","2026-09-10 11:28:16",1823.9,2,vaibhavpatel
1802,16625798,grifth,"2026-09-09 08:20:58",1823.8,2,grifth
1803,16740361,"Suba S","2026-09-12 02:56:32",1822.3,2,jupiter79
1804,16809263,"Bertan Pank","2026-09-09 18:58:46",1820.3,2,bertanpank
1805,16657671,CyberRacoon,"2026-09-14 10:12:29",1819.7,2,racoontw
1806,16658732,Olympus,"2026-09-12 11:44:20",1816.8,2,jiseungwoo
1807,16799428,hatata,"2026-09-14 05:43:19",1815.9,2,hatata3737
1808,16811496,Marie,"2026-09-13 07:59:58",1815.6,2,mariashatrova
1809,16670276,"Egor Trushin","2026-09-10 08:19:32",1815.3,2,egortrushin
1810,16641230,"An V1","2026-09-12 01:03:30",1814.7,2,barakuga
1811,16742684,Inzilbêth,"2026-09-15 00:47:18",1814.3,2,inzilbth
1812,16759501,BaconT,"2026-09-09 11:20:50",1813.5,2,bacont
1813,16690805,"Alejandro Ayestaran","2026-09-10 01:37:21",1812.9,2,alejandroayestaran
1814,16634312,"Linh Le","2026-09-12 05:05:15",1812.3,2,linhlethuy
1815,16698134,Hossein,"2026-09-11 02:29:53",1810.3,2,tomi85
1816,16732696,naniwazu,"2026-09-09 17:15:52",1808.9,2,naniwazu
1817,16876071,NITISH5236GOEL,"2026-09-14 10:44:08",1808.1,2,nitish5236goel
1818,16665134,edteoh,"2026-09-15 00:06:15",1806.9,2,edteoh
1819,16870600,"Huayu Wen","2026-09-11 14:17:55",1805.3,2,huayuwen
1820,16857939,"Le Duy Dong","2026-09-10 16:11:23",1803.6,1,lduynglduyng
1821,16731966,ねねね,"2026-09-12 10:38:25",1803.0,2,napier1550
1822,16621500,"Reinforcement Larping","2026-09-10 12:02:23",1801.5,2,egortkachenko
1823,16793553,hoon0303,"2026-09-09 14:48:42",1799.9,2,hoon0303
1824,16682843,underline12311,"2026-09-09 13:17:13",1799.7,2,underline12311
1825,16855492,"Matin Urdu","2026-09-10 19:57:23",1799.6,2,matinurdu
1826,16656312,"retiring to farm","2026-09-10 15:50:14",1798.0,2,"avnermlim,belati,hilariusjeremy,matthewpramana,nicholasarditirta"
1827,16811247,"Luca Mussino","2026-09-10 20:53:58",1797.6,2,lucamussino
1828,16738822,shakedamo0w0,"2026-09-10 03:38:12",1797.4,2,shakedamo0w0
1829,16879166,NoDash,"2026-09-13 05:08:22",1796.1,1,nodash
1830,16678061,"Sushanth Tiruvaipati","2026-09-10 06:11:22",1796.0,2,sushanthtiruvaipati
1831,16782708,lcx666,"2026-09-10 12:33:05",1795.3,1,chengxinliang
1832,16819030,sunyuxiang136,"2026-09-14 15:47:49",1794.7,2,"hqy0619,orangetailfish,sunyuxiang136,tshen12"
1833,16660735,"Bassel Elbahnasy","2026-09-12 14:07:00",1794.6,2,basselashraf
1834,16631421,cg,"2026-09-15 01:48:28",1794.4,2,chaitanyagarg2
1835,16644702,cracker_1_war,"2026-09-10 07:18:48",1794.2,2,cracker1war
1836,16630833,"Savan Javia","2026-09-10 10:01:49",1794.1,2,savanjaviya
1837,16755654,oQo,"2026-09-09 15:03:16",1792.8,2,oqoxodk6
1838,16738408,kujitama,"2026-09-10 11:12:59",1792.7,2,tyamujin
1839,16839821,"Stepan Pankratov","2026-09-09 14:47:50",1791.5,2,infam62
1840,16627148,"Rogovik Makar","2026-09-10 06:06:17",1791.3,2,makarrogovik
1841,16890052,"Huy Lê Ngọc Gia","2026-09-14 08:17:31",1791.3,2,huylngcgia
1842,16855868,PapaSoda,"2026-09-10 17:45:16",1791.1,2,papasoda
1843,16644818,chudddc,"2026-09-09 13:57:18",1790.8,1,chudddc
1844,16799266,"Kucing Garong","2026-09-14 09:23:49",1789.6,2,syaugialkaf
1845,16852728,"Ryuto Yoda","2026-09-09 11:05:09",1789.1,2,ryutoyoda
1846,16810308,Congy,"2026-09-10 05:36:35",1788.9,2,congyingma
1847,16669441,"Chirag Desai","2026-09-12 04:07:31",1788.6,2,cid007
1848,16862155,"Kydyrbek Kozykorpesh","2026-09-09 17:34:41",1788.5,2,kozykappa
1849,16632612,Farmville,"2026-09-09 16:13:55",1787.7,2,rafaelfigueiredo13
1850,16653199,Koba,"2026-09-11 22:37:38",1786.5,2,zone0906
1851,16764546,Thirst,"2026-09-14 18:04:47",1785.4,2,wahidakram
1852,16633793,adakoda,"2026-09-09 11:55:49",1785.1,2,adakoda
1853,16698136,"David Estevez","2026-09-15 01:02:08",1783.2,2,destbreso
1854,16861998,bobodict,"2026-09-09 17:26:50",1782.0,2,bobodict
1855,16855111,PixelPuff,"2026-09-11 18:38:03",1781.9,2,krishpatel290895
1856,16677423,songling,"2026-09-12 13:10:57",1781.8,2,"lvbingrong,oralia"
1857,16857977,namopanda,"2026-09-09 15:41:49",1781.4,2,namopanda
1858,16759626,"Ghazaros Barseghyan","2026-09-14 10:35:26",1781.2,2,ghazarosbarseghyan91
1859,16881694,Novardion,"2026-09-13 11:28:43",1780.6,2,novardion
1860,16734667,sadanamaru,"2026-09-10 12:22:11",1780.6,2,sadanamaru
1861,16672997,"Francesco Montone","2026-09-11 10:56:31",1780.4,2,francescomontone
1862,16761173,"Shinzo Takayama","2026-09-11 19:55:50",1780.1,2,shinzotakayama
1863,16814375,"Yuta Eiki","2026-09-14 05:02:19",1779.8,2,wildauk
1864,16852910,omoch1,"2026-09-12 06:36:43",1779.6,2,agecom
1865,16778334,"Onkar Belure","2026-09-09 16:22:19",1779.5,2,onkarbelure
1866,16775781,"Gideon Oba","2026-09-14 19:02:28",1778.7,2,gideonoba
1867,16848217,"Yang Bai","2026-09-10 05:49:28",1777.3,2,jackelysia
1868,16731983,Gracie,"2026-09-14 14:40:35",1776.5,2,gracie428
1869,16661846,"Jeffrey Pike","2026-09-09 16:05:56",1775.3,2,jeffreypikeai
1870,16654109,"Mohamed Amine Aichaoui","2026-09-09 23:50:05",1774.6,2,mohamedamineaichaoui
1871,16673109,"Surya Bhattiprol","2026-09-14 03:28:26",1774.6,2,suryabhattiprol01
1872,16663485,"Jacob Alstrup","2026-09-09 15:42:29",1774.5,2,jacobalstrup
1873,16635195,my,"2026-09-09 14:55:09",1773.3,2,ryyymy
1874,16865570,"Kedar Kale","2026-09-11 08:53:24",1773.2,2,kedarkale
1875,16634104,FarmGoose,"2026-09-10 09:10:47",1773.0,2,yizhanglou
1876,16732409,kawhi0.0,"2026-09-10 03:44:50",1772.1,2,kawhi00
1877,16741113,kaitle,"2026-09-14 12:42:56",1770.6,2,kaitle
1878,16750843,jammings,"2026-09-09 13:11:04",1769.7,2,jammings
1879,16806018,トゲアリトゲナシトゲトゲ,"2026-09-09 11:31:20",1769.2,1,togearitogenasi
1880,16634179,daoviet,"2026-09-09 10:12:20",1769.2,2,daoviet
1881,16652451,JackGong,"2026-09-10 07:21:38",1768.8,2,jackgong
1882,16640991,sometimeafter,"2026-09-09 17:35:05",1767.9,2,xinyeee
1883,16632516,"Jiachen Li","2026-09-09 11:29:38",1766.6,2,llccqq624
1884,16810408,"Bohdan Boklah","2026-09-10 10:17:16",1765.9,2,bohdanbb2000
1885,16732292,takaygiiiiiiii,"2026-09-11 23:45:22",1765.3,2,takaygiiiiiiii
1886,16784516,pejipej,"2026-09-11 09:29:37",1765.2,2,pejmaneghbali
1887,16736838,アナコンダ,"2026-09-09 13:48:32",1765.2,2,"ei1333,unosss"
1888,16839834,nouvya,"2026-09-10 15:48:43",1764.6,2,nouvya
1889,16866458,lalal2006,"2026-09-15 00:57:37",1764.4,2,lalal2006
1890,16810499,佐藤滉太,"2026-09-09 16:00:43",1763.2,2,s1300200
1891,16667604,L7n,"2026-09-10 07:48:57",1761.7,2,znwe342
1892,16806006,2,"2026-09-14 11:22:37",1761.7,2,smallvv
1893,16734803,guoziyi123456,"2026-09-09 09:31:56",1760.6,2,"ax1lec,guoziyi123456,linhexlu,xuanzhechen"
1894,16893006,"Duvor Richard","2026-09-15 01:01:45",1760.4,2,duvorrichard
1895,16625219,MJVinay,"2026-09-12 15:54:42",1760.1,2,mallajayanthvinay
1896,16769967,"Bill Fan","2026-09-10 07:01:01",1758.9,2,billfan88
1897,16752082,"Tian hao Qing Nano7ko","2026-09-09 05:51:47",1758.0,2,tianhaoqingnano7ko
1898,16677217,Panos,"2026-09-11 08:20:32",1757.8,2,panosc
1899,16674367,"zongze Yan","2026-09-14 11:54:16",1757.2,2,aaayan
1900,16764386,Troy_xx,"2026-09-09 09:11:26",1757.2,2,troyxx
1901,16861903,iwa,"2026-09-13 05:12:38",1757.0,2,ichiko
1902,16809445,takusemba,"2026-09-09 14:50:14",1756.5,2,takusembba
1903,16838312,macaron,"2026-09-09 16:09:18",1756.1,2,hayatotech
1904,16774674,"Perminov Matvey","2026-09-09 09:54:55",1754.9,2,mperminiov
1905,16731836,"Theo Venturian","2026-09-11 18:03:45",1754.8,2,theodorraulventurian
1906,16730735,YUK,"2026-09-14 18:00:10",1754.6,2,yu0307
1907,16842482,Wodo888,"2026-09-12 03:25:41",1752.5,2,wodo888
1908,16860164,Ry_Sa,"2026-09-09 11:29:06",1751.5,2,ryqsaq
1909,16669686,"Mert Bayraktar","2026-09-12 18:44:44",1751.2,2,mertbayraktar
1910,16775474,ERS,"2026-09-10 05:09:16",1749.5,2,shingo257
1911,16623450,S.Aoki,"2026-09-09 11:26:29",1749.3,2,soyaoki
1912,16766401,"Gobi Elangovan","2026-09-14 15:38:14",1749.2,2,gobielangovan
1913,16661648,"Vân Nguyễn","2026-09-09 09:39:54",1749.1,2,vunnguyen
1914,16724755,K.nosaka,"2026-09-10 12:07:13",1746.6,2,kenseinosaka
1915,16709501,Galaxantic,"2026-09-09 06:02:29",1746.4,2,neel21yt
1916,16771337,titako0000,"2026-09-10 09:00:19",1746.1,2,titako0000
1917,16844456,Touk00,"2026-09-13 04:20:04",1745.3,2,touk00
1918,16854869,Ibar-Aki,"2026-09-09 14:34:06",1745.1,2,akicolor
1919,16860663,久保兼,"2026-09-09 12:50:27",1744.8,1,kuboken
1920,16659540,"Goua Henri","2026-09-13 21:07:08",1744.4,2,gouahenri
1921,16766796,panda__MB__maximus,"2026-09-09 09:32:32",1744.2,2,tanishmohokar09
1922,16767052,KaitoKusumoto,"2026-09-10 12:30:18",1744.0,2,kaitokusumoto
1923,16632757,taopy2,"2026-09-14 10:54:36",1743.7,2,taopy2
1924,16731686,SaiKushal185,"2026-09-10 09:14:13",1743.6,2,saikushal185
1925,16806879,tetsuro731,"2026-09-09 11:46:20",1743.4,2,tetsuro731
1926,16860907,kuengo,"2026-09-09 13:38:33",1743.1,1,kuengo
1927,16743033,Nagahama,"2026-09-09 14:57:53",1742.7,2,kazukinagahama
1928,16861083,Shoto,"2026-09-09 15:14:42",1742.3,1,bloodymonday
1929,16682753,"Cam-Luan Truong","2026-09-09 07:09:09",1742.0,2,luantruong
1930,16843047,liyuting,"2026-09-10 07:27:21",1742.0,2,lytqwq
1931,16641884,Blacklions.,"2026-09-14 13:36:08",1742.0,2,blacklions
1932,16681100,Chiranjith,"2026-09-09 09:06:26",1741.5,2,chiranjithdharma
1933,16677596,Sere1n,"2026-09-11 15:08:02",1741.4,2,chacc0
1934,16664132,kojingbo,"2026-09-12 15:49:01",1741.1,2,kojingbo
1935,16863538,e-toppo,"2026-09-10 01:15:27",1740.2,1,masatomatsui
1936,16658665,ChandramouliNagasundaram,"2026-09-11 22:43:06",1740.1,2,"enginegeneral,mouliindian"
1937,16862298,"Varadaraj Borkar","2026-09-13 13:12:11",1739.7,2,varadarajborkar
1938,16623608,"Dmitry Larko","2026-09-08 23:05:52",1739.6,2,dmitrylarko
1939,16623399,Kendamarron,"2026-09-13 16:11:54",1739.6,2,kazuhirokuriyama
1940,16862056,konchu2,"2026-09-10 11:32:13",1739.6,2,konchu2
1941,16860251,"Fabian Henning","2026-09-09 11:37:30",1739.5,1,crustacean
1942,16786092,Shiru2,"2026-09-09 19:34:32",1739.5,2,shiru2
1943,16625082,真的懒,"2026-09-13 04:55:09",1738.4,2,gtccc9
1944,16655474,Focus,"2026-09-09 12:04:51",1738.3,2,overvalueawareness
1945,16860160,"Kohei #2","2026-09-09 11:20:08",1737.6,1,confirm
1946,16743648,Hei_shao,"2026-09-12 18:48:52",1737.3,2,heishao
1947,16779171,Xunden,"2026-09-09 13:35:24",1737.2,2,xunden
1948,16870447,"louie lau","2026-09-11 08:22:30",1737.0,1,louielau
1949,16858113,wli889661,"2026-09-09 13:38:01",1736.7,2,wli889661
1950,16859804,seele,"2026-09-09 10:20:41",1736.1,1,seele1917
1951,16634082,"Mikey Marszewski","2026-09-11 02:26:39",1736.1,2,mikeymarszewski
1952,16624026,"Russell Kirk","2026-09-14 00:02:44",1735.9,2,russcore
1953,16625214,Malla,"2026-09-09 15:00:57",1735.1,2,mallaphalguni
1954,16843892,luxinyayaya,"2026-09-10 13:23:00",1735.0,2,luxinyayaya
1955,16841960,WessonZ,"2026-09-10 02:11:20",1734.4,2,wessonz
1956,16731630,SatoshiN04,"2026-09-14 23:23:45",1734.3,2,satoshinakamura04
1957,16784485,betterme,"2026-09-09 15:54:54",1734.0,2,betterme12345
1958,16660987,AdrianWang2003,"2026-09-09 09:32:53",1733.6,2,"adrianwang2003,benlou04"
1959,16789509,"Yang Wei Hao","2026-09-09 13:02:55",1733.5,2,aichangeworld
1960,16640701,momoon,"2026-09-15 00:01:26",1732.9,2,nomuraryota
1961,16814716,edder0798,"2026-09-12 07:57:25",1732.7,2,"edder0798,wangxi608"
1962,16640264,DhanaLakshmiMalla,"2026-09-09 15:01:45",1732.4,2,dhanalakshmimalla
1963,16654403,"Skibidi Six Seven","2026-09-08 14:20:24",1731.9,2,iam4722202468
1964,16674295,"Nguyễn Minh Hiếu","2026-09-14 10:43:39",1731.7,1,endermage
1965,16624303,seven,"2026-09-09 09:18:12",1731.0,2,morikawatakeshi
1966,16845531,"Suzuki Yuto - W","2026-09-10 06:24:18",1730.8,2,hoshinoyumemi
1967,16860708,"Nav N","2026-09-10 07:47:42",1730.4,2,navidata
1968,16661701,premjampuram,"2026-09-09 11:13:52",1730.1,2,"aasthasinha9,anji2705,premjampuram,sheetallodhi"
1969,16806142,"junjie zhou","2026-09-10 11:47:37",1729.8,2,junjiezhou5100
1970,16859409,wia'ma,"2026-09-09 09:08:21",1727.1,1,wangyiqicy
1971,16758893,"Sercan Yeşilöz","2026-09-09 12:34:34",1725.1,2,sercanyesiloz
1972,16775242,"Timothee Henry","2026-09-14 14:23:11",1724.1,2,timhenry
1973,16860118,Hironobukawaguchi,"2026-09-09 11:53:30",1722.3,2,hironobukawaguchi
1974,16674949,"Lev Neganov","2026-09-12 12:32:41",1722.0,2,levoel
1975,16677565,"Avish Sinha","2026-09-09 07:35:41",1721.3,2,avish006
1976,16893208,hongan,"2026-09-14 21:17:41",1720.9,1,honganzhu
1977,16623580,matsu997,"2026-09-09 17:35:42",1720.5,2,mastu997
1978,16741639,kirito83,"2026-09-12 13:25:22",1720.1,2,lishsh83
1979,16854090,"Kaichi Morimoto","2026-09-09 11:22:01",1719.6,2,kaichimorimoto
1980,16786496,"Lê Quang Cảnh","2026-09-12 05:44:25",1718.4,2,zhincez
1981,16847412,SuzukiKazuma,"2026-09-09 03:26:44",1717.8,2,suzukikazuma
1982,16705790,clora,"2026-09-14 14:58:09",1715.3,2,clora16
1983,16623708,"Chekhlov Dmitrii","2026-09-09 08:48:18",1713.5,2,zoli800
1984,16641956,SixGODD,"2026-09-14 17:03:03",1712.9,2,sixgodd
1985,16847370,"Suleyman Yollyyev","2026-09-14 16:07:51",1712.1,2,suleyman71
1986,16734914,bharat,"2026-09-08 11:43:10",1711.1,2,bharatmohan
1987,16801457," Banned My Account","2026-09-09 08:59:24",1710.9,2,subaru486
1988,16707990,Snorlax,"2026-09-15 01:47:34",1710.8,2,pku1400010735
1989,16655704,heinado,"2026-09-08 15:21:56",1710.4,2,heinado
1990,16665233,"Akash Deep","2026-09-13 19:50:04",1710.4,2,akashdeepo
1991,16801797,Tv,"2026-09-13 03:11:19",1709.3,2,linyeah
1992,16659843,"Amer Alkhalili","2026-09-14 14:16:24",1709.1,2,ameralkhalili
1993,16698726,加油,"2026-09-14 12:25:38",1708.6,2,honeeyl
1994,16691451,Nakano,"2026-09-13 22:02:17",1707.9,2,spicatom0914
1995,16738759,YJR,"2026-09-09 07:24:30",1706.3,2,misakamikoto66
1996,16754882,vvs,"2026-09-10 14:35:58",1706.0,2,marvelworld
1997,16754823,"tiki tiki tiki","2026-09-14 14:16:32",1706.0,2,slangitup
1998,16735628,perrodawn,"2026-09-13 03:57:27",1705.9,2,perrodawn
1999,16854616,"Dd National","2026-09-12 13:29:04",1705.4,2,ddnational
2000,16760523,"Joseph Ayanda","2026-09-14 17:46:08",1704.5,2,josephayanda
2001,16668998,WarRusher,"2026-09-13 15:38:43",1703.9,2,warrusher
2002,16673131,"Arfin Mustofa","2026-09-09 08:39:19",1702.8,2,arfinmustofa
2003,16827290,"Dhruvik Chauhan","2026-09-08 17:25:24",1702.6,2,dangptdawg
2004,16685047,Yvonne.,"2026-09-12 08:17:01",1702.5,2,zdawer250
2005,16679810,"Patrick Joël MAIRLOT-MBEZELE","2026-09-10 17:54:50",1701.4,2,pigenesis75
2006,16669256,Shivam_2212,"2026-09-11 00:46:20",1701.0,2,shivam2212
2007,16633445,Wal8800,"2026-09-10 06:30:12",1700.5,2,wal8800
2008,16842183,"Sumukh M G","2026-09-11 05:24:41",1698.9,2,sumukhmg35
2009,16858828,BlueSky_sora,"2026-09-14 01:58:17",1697.6,2,blueskysora
2010,16670371,rkd,"2026-09-08 20:05:18",1696.6,2,ryookd
2011,16758709,dk07dk,"2026-09-12 07:13:48",1696.5,2,dk07dk
2012,16779388,"Mohammad Alnajdawi","2026-09-09 11:27:03",1696.4,2,mohammadalnajdawi
2013,16740207,"As Long As You Love Me","2026-09-08 23:45:20",1695.9,2,theunforgiven7
2014,16673870,"Yuxiao Wang","2026-09-12 17:40:48",1695.3,2,yuxiaowangx
2015,16853498,MaksKhan,"2026-09-08 15:32:14",1694.5,2,makskhan
2016,16842066,Atomo333,"2026-09-08 10:35:55",1693.7,2,atomo333
2017,16810813,Scorn100,"2026-09-09 17:11:13",1693.3,2,scorn100
2018,16663498,"Braxton Dyer","2026-09-12 12:46:12",1692.3,2,braxtondyer
2019,16742159,mimi！,"2026-09-09 09:34:38",1691.6,2,"morongzhu,we111135"
2020,16741321,"S. B.","2026-09-13 20:36:38",1691.5,2,aughra
2021,16664490,llllllc666,"2026-09-14 04:23:02",1691.4,2,llllllc666
2022,16785321,HaoChi,"2026-09-08 23:38:40",1691.2,2,"lishi321,moxi21"
2023,16842242,"Scott Kirila","2026-09-08 09:09:58",1691.2,2,scottkirila
2024,16840564,starlovelmj,"2026-09-09 02:16:02",1690.9,2,starlovelmj
2025,16838766,"Justin Gao","2026-09-08 08:27:29",1690.8,2,justingao
2026,16793427,wuwuwu,"2026-09-08 00:12:46",1688.8,2,wu1570
2027,16841313,"Daniel Harkin","2026-09-09 18:24:13",1688.7,2,danielharkin
2028,16791712,"xiang W","2026-09-08 14:24:56",1687.0,2,"dekonsu,xiangwaaaaa"
2029,16670020,nanare,"2026-09-08 12:08:25",1685.4,2,nanaresudo
2030,16735794,宗宗没有英文名,"2026-09-09 13:44:57",1685.2,2,iver666
2031,16840862,HaoKwok,"2026-09-09 03:50:41",1684.8,2,haokwok2002
2032,16844672,"sleeping king","2026-09-09 02:11:59",1684.5,2,sleepingking
2033,16811949,PeterDreamHan,"2026-09-10 02:17:55",1684.1,2,"niuwh1004,peterdreamhan"
2034,16699246,"Labh Khatke","2026-09-11 15:53:22",1683.8,2,labhkhatke
2035,16710546,"Russlan Ramdowar","2026-09-09 05:03:58",1683.7,2,russlan
2036,16771010,42X,"2026-09-09 13:43:36",1683.3,2,infcyx
2037,16639570,"Vishesh Banna","2026-09-08 13:07:51",1683.2,2,visheshbanna
2038,16841565,"dar Zaa","2026-09-08 18:04:18",1681.8,2,darzaa
2039,16796901,hanhan761,"2026-09-10 05:31:28",1681.5,2,"hanhan761,kiivii,noice12138,xiaobai0417"
2040,16860559,"Sara Lark","2026-09-12 13:36:51",1681.4,2,saralark
2041,16822395,"Vladimir Galatenko","2026-09-14 21:42:30",1681.1,2,vladimirgalatenko
2042,16743392,tellurium_rrr,"2026-09-10 16:56:15",1680.7,2,telluriumrrr
2043,16717440,那个男人,"2026-09-14 16:05:52",1679.6,2,muran169633
2044,16841026,"Max Power","2026-09-13 16:49:23",1679.4,2,markbarney
2045,16843203,"Liyi xin jie","2026-09-08 08:39:56",1678.8,2,liyixinjie
2046,16840550,henriquejsza,"2026-09-10 13:50:41",1678.5,2,henriquejsza
2047,16663214,"Mathieu W","2026-09-08 13:12:32",1678.5,2,mathieuw
2048,16829834,Luxuer,"2026-09-09 08:54:11",1678.3,1,luxuer
2049,16695242,"Utkarsh Prakash Srivastava","2026-09-08 15:55:37",1678.1,2,utkarshps
2050,16664760,SN,"2026-09-13 17:12:22",1678.0,2,spirosnianiaras
2051,16658300,"Thành Toàn Vương","2026-09-08 14:14:22",1677.9,2,thnhtonvng
2052,16621616,insuperabilehart,"2026-09-12 12:57:16",1677.7,2,insuperabile
2053,16847189,lonelygolem,"2026-09-09 21:03:51",1677.6,2,rocinantt
2054,16732156,"Ца-ри-ца по-лей, ку-ку-ру-за!","2026-09-08 11:01:34",1677.4,2,samvelkoch
2055,16765484,smsxgz,"2026-09-08 19:09:03",1677.3,2,smsxgz
2056,16679098,"KIRTAN RUPESHBHAI BHOJANI","2026-09-09 13:20:27",1676.7,2,kitran17
2057,16851664,koucha,"2026-09-10 10:18:30",1675.8,2,momotakaaoki
2058,16729192,1m0ke,"2026-09-08 07:46:42",1675.7,2,smokelate
2059,16759699,"Mason Cao","2026-09-09 06:09:46",1675.0,2,mzcao7
2060,16713457,"Poor farmer","2026-09-08 08:45:03",1675.0,2,trnhip
2061,16791163,woldy,"2026-09-14 07:54:32",1674.6,2,woldywei
2062,16634156,"Hiroyasu Okuno","2026-09-13 07:32:33",1674.5,2,hiroyasuokuno
2063,16861723,"Landon Hershberger","2026-09-14 21:45:12",1674.5,2,landonhershberger
2064,16857973,guochangZhang,"2026-09-09 04:24:41",1673.9,1,guochangzhang
2065,16644578,"Team Name","2026-09-09 03:57:14",1673.9,2,baytree1238
2066,16702754,"ИТМОНИ AI B2B 67 SaaS","2026-09-11 08:40:29",1673.6,2,"borismatsakov,kirya1"
2067,16730719,Xiaowenhao404,"2026-09-14 04:15:13",1673.3,2,xiaowenhao404
2068,16774884,assssstnuar,"2026-09-09 05:59:05",1673.1,2,assssstnuar
2069,16727893,mmwstudy,"2026-09-08 07:50:20",1672.3,2,mmwstudy
2070,16754567,"Ashraf 1232","2026-09-13 07:52:36",1672.2,2,ashraf1232
2071,16690019,Around30,"2026-09-14 11:52:21",1671.0,2,"cyanspring,masahiromatsuda,sutesute000012"
2072,16773125,kuroko1t,"2026-09-14 17:41:58",1670.7,2,kuroko1t
2073,16835851,ruizhichen,"2026-09-08 09:10:02",1670.6,2,ruizhichen
2074,16844344,Hyt9797,"2026-09-09 08:19:53",1670.3,2,hyt9797
2075,16713262,"Seyit kaan Gunes","2026-09-08 10:30:24",1670.1,2,seyitkaangunes
2076,16663649,"Akhil Chinta","2026-09-13 16:37:38",1670.1,2,akhilchinta1505
2077,16786139,Trezerg,"2026-09-09 03:22:46",1669.8,2,progtrollwarrior16
2078,16753710,tax_free,"2026-09-10 17:08:47",1669.6,2,taxfreepython
2079,16756698,savoelh,"2026-09-07 19:39:38",1669.5,2,savoelh
2080,16659328,"Muhammed Ashiq Abdul Khader","2026-09-08 05:54:02",1668.3,2,ashiqabdulkhader
2081,16810306,"Asy Mortenson","2026-09-14 07:08:19",1667.9,2,asymortenson
2082,16717901,"Ahmed Hazem Abdeltawab","2026-09-11 12:10:58",1667.8,2,ahmedhazem23
2083,16794730,Fanch,"2026-09-08 08:29:22",1667.4,2,fanch123
2084,16848095,"Risha Apps","2026-09-08 15:41:31",1667.2,2,rishaapps
2085,16658426,RIVEN23,"2026-09-15 00:52:34",1666.9,2,riven5
2086,16783265,"Xiangjiang Zhou","2026-09-09 02:25:41",1666.5,2,xiangjiangzhou
2087,16764605,"Bandito Gangesterito","2026-09-08 17:51:50",1666.1,2,"mrtrueteller,restovrator"
2088,16656806,"Arshad Shemil k","2026-09-09 08:33:09",1665.9,2,arshadshemilk
2089,16774823,fan2goa1,"2026-09-09 07:23:33",1665.1,2,zfun0926
2090,16808631,ALkkGame,"2026-09-14 15:16:47",1664.8,2,alkkgame
2091,16842645,zard599,"2026-09-08 16:17:52",1662.9,2,zard599
2092,16811571,"Daniel Guo","2026-09-08 07:16:12",1662.6,2,denialguo
2093,16808840,Devansh3007,"2026-09-10 05:02:13",1662.6,2,devansh3007
2094,16858303,jlw123456,"2026-09-14 06:13:31",1662.5,2,jlw123456
2095,16855268,"Jiayi Du","2026-09-08 16:10:56",1662.0,2,jahyee
2096,16854060,Q,"2026-09-10 04:30:12",1661.5,2,dalll77
2097,16659465,AravindLochan,"2026-09-08 10:00:39",1659.9,2,aravindlochan
2098,16655109,"Tia He","2026-09-10 00:54:40",1659.8,2,altheahe
2099,16734715,史永刚,"2026-09-08 09:00:08",1658.7,2,shizehao
2100,16763897,BackFiring,"2026-09-13 09:41:16",1658.6,2,backfiring
2101,16844132,Tamasaki217,"2026-09-07 14:15:02",1658.6,2,tamadesu217
2102,16854541,yangyiqing6,"2026-09-14 12:39:51",1657.9,2,yangyiqing6
2103,16688130,"Lujia Liang","2026-09-14 18:19:02",1657.8,2,lujialiang123
2104,16656382,Aevion-Labs,"2026-09-09 03:03:51",1657.4,2,aevionlabs
2105,16842967,yoshiki116,"2026-09-11 05:05:19",1657.0,2,yoshiki116
2106,16795704,haodada001,"2026-09-10 01:49:03",1655.6,2,haodada001
2107,16794758,wppepi,"2026-09-09 03:06:09",1655.6,2,"foxsuzuran,malossov,wppepi"
2108,16743846,"Hemanth Raja Guttikonda","2026-09-11 09:41:59",1655.3,2,"hemanthrajg,poojithakatta18"
2109,16715729,Ajay_Rao_43,"2026-09-09 05:25:11",1654.5,2,ajayrao43
2110,16700501,Konno,"2026-09-08 02:40:46",1654.1,2,nearfield1234
2111,16748941,"Farmer Shuang","2026-09-08 11:49:03",1653.7,2,shuangxue
2112,16822519,Lunospital,"2026-09-09 11:50:29",1653.6,2,lunospital
2113,16650824,Orsted_hitogmi,"2026-09-09 02:20:20",1653.1,2,orstedhitogmi
2114,16718823,"Rafael Molina Castaño","2026-09-12 20:45:02",1651.7,2,rafaelmolinacastano
2115,16764228,"Kaixi Zha","2026-09-13 10:29:16",1651.2,2,"huadutry,kaixizha"
2116,16733016,Quillbolt,"2026-09-14 18:32:37",1651.0,2,tunminhhunh
2117,16843635,"Просто Человек","2026-09-08 18:03:16",1651.0,2,gomunkul
2118,16688450,SpiralTip,"2026-09-14 04:11:41",1650.9,2,spiraltip
2119,16728959,"no pain no gain","2026-09-11 09:19:44",1650.7,2,ilyayurov2000
2120,16815132,"Duc-Anh Nguyen","2026-09-08 13:06:10",1650.0,2,valentinonguyen
2121,16811251,poijio,"2026-09-10 13:07:22",1649.8,2,poijio
2122,16781279,zhyphirus,"2026-09-08 14:43:08",1649.3,2,zhyphirus
2123,16663851,"Harshith revuru","2026-09-13 00:08:12",1649.2,2,harshithrevuru
2124,16845020,AGI,"2026-09-12 16:45:51",1649.0,2,"guusadema,tgroen3"
2125,16663748,Calmracer,"2026-09-08 16:17:56",1648.8,2,ethanhall123
2126,16732352,ORiginators,"2026-09-09 10:47:23",1648.0,2,"sachinpandey721,sunritpal"
2127,16706265,questiondlmarks,"2026-09-10 06:09:35",1647.3,2,questiondlmarks
2128,16657341,raccoonForest,"2026-09-08 06:45:18",1646.9,2,gkanamoto
2129,16846391,"here we go","2026-09-09 05:28:41",1646.3,2,j1aliangx
2130,16745995,"Guido Tapia","2026-09-14 22:08:43",1645.4,2,guidotapia
2131,16673370,JeovaAnderson,"2026-09-15 01:22:17",1645.3,2,jeovaanderson
2132,16727404,Yichi,"2026-09-08 22:25:59",1644.8,2,yichi02
2133,16652631,"Panagiotis Anagnostou","2026-09-11 10:00:25",1643.7,2,panosanag
2134,16852377,"Zhong Lyu","2026-09-08 05:20:05",1642.6,2,zhonglyu
2135,16840536,"Philip Snyder","2026-09-08 05:18:07",1642.2,2,darkhorsecodes
2136,16845965,Oldplaykid,"2026-09-13 10:54:08",1640.7,2,"tonf3195,zerethon"
2137,16823467,"Riki Uchida","2026-09-08 13:04:02",1640.3,2,rikiuchida
2138,16893007,thegoatman7,"2026-09-15 00:29:22",1640.2,2,thegoatman7
2139,16706410,lixiaoxin25,"2026-09-14 06:54:28",1639.5,2,lixiaoxin25
2140,16849282,ancientLuck,"2026-09-13 18:13:47",1639.3,2,ancientluck
2141,16705830,"Grim Reaper","2026-09-14 20:18:03",1638.0,2,fathomable
2142,16707084,"3G 🐮🍺","2026-09-15 00:59:22",1638.0,2,dfgtde
2143,16659550,"Sai Syam","2026-09-09 05:42:01",1637.5,2,saisyam
2144,16627799,"navazsh fathi","2026-09-08 11:51:44",1637.4,2,navazshfathi
2145,16852605,VTH,"2026-09-08 06:35:01",1637.1,2,storm2501
2146,16841113,Andy,"2026-09-07 01:22:11",1637.1,2,andrewmedran0
2147,16798989,"Harvest Sun","2026-09-08 07:23:57",1637.0,2,zaoooo29
2148,16733851,tangaii,"2026-09-14 14:21:12",1636.5,2,tangai1
2149,16721382,"Milan Leonard","2026-09-12 07:20:12",1636.0,2,milanleonard
2150,16621165,"xisheng feng","2026-09-12 11:28:29",1635.9,2,xishengfeng
2151,16869614,"Szymon Miłosz","2026-09-13 21:03:18",1635.9,2,szymonmiosz
2152,16624645,"Closed Loop","2026-09-09 04:38:03",1635.7,2,hobbisttech
2153,16811072,Rafael,"2026-09-08 12:43:08",1635.6,2,rafaeldsjhkas
2154,16855035,"rock paper scissors","2026-09-08 15:03:00",1634.6,1,downbythesallygarden
2155,16809097,volumatic,"2026-09-10 11:00:51",1634.4,2,"kkeevviinn666,volumatic"
2156,16742439,"Shangshang Zhang","2026-09-13 17:29:00",1634.1,2,msvzss
2157,16763200,"Alexander Nord","2026-09-07 18:04:42",1634.1,2,"alexandernord123,pizza987"
2158,16843221,refine123,"2026-09-08 08:06:29",1633.8,2,refine123
2159,16854416,"Artemiy Shirokov","2026-09-08 12:53:33",1633.5,1,tema7707
2160,16832971,"Scott Willis","2026-09-07 17:02:44",1633.3,2,scottgwillis
2161,16669269,"yash bhaskar","2026-09-10 15:11:51",1633.3,2,yash9439
2162,16677847,ShiviWhivi,"2026-09-08 21:01:40",1632.7,2,blackpearls1
2163,16635747,"Jeki Wan Taufik","2026-09-08 15:14:33",1632.6,2,jek1wantaufik
2164,16621687,ropeadope,"2026-09-08 10:44:47",1632.2,2,silkross
2165,16777961,qiwaki,"2026-09-07 15:23:00",1631.8,2,resonayu
2166,16724366,"YASH JAIN","2026-09-10 18:14:25",1631.0,2,yashjain911
2167,16696997,coolin666,"2026-09-09 00:39:53",1630.8,2,coolin666
2168,16766171,Jonaid,"2026-09-10 22:22:27",1629.6,2,jonaidshianifar
2169,16664751,"Cindy Meng90","2026-09-11 04:39:31",1629.6,2,cindymeng90
2170,16669826,Jesse,"2026-09-12 07:51:27",1629.2,2,jesneuman
2171,16671596,Sibato,"2026-09-14 12:05:17",1628.6,2,sibato
2172,16749466,"The Wolf of Wheat Street","2026-09-07 17:55:14",1628.4,2,"lijuantang19,yuemengzheng01"
2173,16771080,"Ricky Shao","2026-09-07 17:16:14",1628.4,2,rickyshao
2174,16655263,rishavsaigal,"2026-09-08 07:25:25",1628.4,2,rishavsaigal
2175,16730473,Kyohei,"2026-09-08 00:42:18",1626.6,2,kyohei3
2176,16656776,ShaoCharles,"2026-09-09 14:16:17",1625.2,2,shaocharles
2177,16845193,Kaan111,"2026-09-08 09:11:30",1624.2,2,kaan111
2178,16741563,"Paul Pawletta","2026-09-10 11:00:13",1624.0,2,paulpawletta
2179,16641713,"ronsen sun","2026-09-11 08:01:06",1624.0,2,ronsensun
2180,16777406,"Toheeb Ogunade","2026-09-08 22:46:05",1623.5,2,toheebogunade
2181,16671504,Agentmaster,"2026-09-07 12:55:10",1623.0,2,"kinjaza,shawnno"
2182,16623466,len8487,"2026-09-08 04:47:16",1621.9,2,len8487
2183,16773964,trung,"2026-09-14 03:15:15",1621.9,2,trung2006
2184,16777107,Pipiripipap,"2026-09-09 10:03:38",1620.9,2,yohalf
2185,16731776,ASH,"2026-09-08 06:37:07",1620.6,2,pentannnn
2186,16668647,"THIRUPATHI KANNAN K","2026-09-07 14:59:51",1620.0,2,thirupathikannank
2187,16793755,"Juank Suarez","2026-09-14 02:45:41",1619.5,2,juanksuarez
2188,16763001,Eb3lss,"2026-09-09 11:08:19",1619.2,2,eb3lss
2189,16663759,🔥🦫📿🗽,"2026-09-07 19:59:55",1618.8,2,datafad
2190,16698489,"JIUZHOU CHAN","2026-09-11 15:44:18",1618.8,2,jiuzhouchan
2191,16796014,keith70,"2026-09-08 07:18:36",1618.7,2,keith70
2192,16632377,"Legend Brothers","2026-09-07 18:16:02",1616.9,2,"holeguma,shunhirota"
2193,16846677,涵哥,"2026-09-08 11:48:44",1615.9,2,jinfanhahaha1
2194,16848686,"xiang156 xu","2026-09-08 03:23:16",1615.8,2,xiang156xu
2195,16815985,leemc95,"2026-09-08 21:31:33",1615.7,2,leemc95
2196,16671425,"Gajenddra Raj","2026-09-11 01:18:29",1615.3,2,gajenddra
2197,16643453,Haumea,"2026-09-13 16:36:10",1615.3,2,chaitanyagullapalli
2198,16735252,LagrangianLocomotive,"2026-09-11 04:51:51",1614.9,2,lagrangianlocomotive
2199,16653805,mohsen2050,"2026-09-14 18:25:43",1614.8,2,mohsen2050
2200,16706696,AimeeChen1,"2026-09-11 13:28:17",1614.1,2,aimeechen1
2201,16838560,Aphrodite,"2026-09-08 03:03:11",1614.1,2,aphrodite874
2202,16672241,dupakdungking,"2026-09-10 16:09:36",1613.7,2,primarizki
2203,16726431,Manav,"2026-09-07 14:42:18",1612.7,2,manavsangwan
2204,16673328,"Preetham Prasanna","2026-09-13 10:13:18",1612.6,2,preethamprasanna
2205,16759913,"Peter Cnudde","2026-09-07 20:08:25",1612.6,2,petercnudde
2206,16771785,"Mencius silverio MENSAH","2026-09-10 12:57:18",1612.4,2,menciussilverio
2207,16641099,sieru-copan,"2026-09-05 16:17:32",1611.0,2,sierucopan
2208,16741997,hikarinosenshi,"2026-09-08 00:50:58",1610.8,2,hikarinosensh1
2209,16719090,CHSTO,"2026-09-12 21:35:49",1610.7,2,haotianqi
2210,16680524,Nealdarkdarkdark,"2026-09-08 04:36:02",1609.9,2,wklyb1
2211,16623877,Chikuwabu,"2026-09-08 14:36:45",1608.5,2,prgckwb
2212,16663999,"Colton Martin","2026-09-14 15:46:31",1607.9,2,coltonmartinnn
2213,16672858,Lyesterday,"2026-09-07 10:14:39",1607.8,2,ilyas93
2214,16790585,wzyxp_123,"2026-09-14 19:08:52",1607.6,2,cloudssdut
2215,16754974,BurntPotato,"2026-09-09 00:06:54",1607.3,2,burntpotato
2216,16790472,"Manurupan M","2026-09-13 10:27:57",1606.5,2,manurupanm
2217,16659961,faahh,"2026-09-07 16:48:31",1605.8,2,shivam98saini
2218,16621625,"Alexander Chesnokov","2026-09-09 10:41:37",1605.4,2,alexanderchesnokov
2219,16841077,melowdramtic,"2026-09-10 02:31:53",1605.3,2,melowdramtic
2220,16701697,"Shadow #2","2026-09-08 05:54:48",1605.3,2,chetanagrawall
2221,16664619,"Trupen Patel","2026-09-08 15:52:17",1605.0,2,trupenpatel
2222,16763706,断罪の孤高の神・大宇宙草莓覇皇,"2026-09-15 00:31:13",1604.2,2,qilejiang76
2223,16849883,"Rifa Tamanna","2026-09-07 22:07:04",1603.6,2,rifatamanna1109
2224,16682867,sneaky6767,"2026-09-14 09:37:52",1603.6,2,sneaky6767
2225,16681007,AkiraOnojp,"2026-09-08 18:48:33",1602.4,2,akiraonojp
2226,16730357,"My second life","2026-09-14 20:40:26",1601.6,2,"giovannibaldon,jjinho,pavelsavchenkov,ttyn4519"
2227,16623378,"nvidia fan","2026-09-03 20:35:53",1601.5,2,outwrest
2228,16842044,StackOverflowed512,"2026-09-07 17:53:32",1601.4,2,stackoverflowed512
2229,16744342,"glupez ","2026-09-13 19:15:15",1600.4,2,glupez
2230,16717253,Sybery_AI,"2026-09-13 19:51:41",1600.1,2,syberyai
2231,16850198,"Daiki Yasui","2026-09-09 17:54:55",1599.6,1,daikiyasui
2232,16849295,"Israa Saede","2026-09-07 17:30:03",1599.1,1,esraaalsaeede
2233,16847289,"Hengxiang Yu","2026-09-09 13:29:09",1597.6,2,hengxiangyu
2234,16749576,heralces,"2026-09-10 20:20:39",1597.6,2,heralces
2235,16644480,"Umut Keltek","2026-09-07 20:47:32",1597.3,2,umutkeltek
2236,16845083,"Restu Anggoro Kasih","2026-09-07 12:44:58",1597.0,1,restuanggorokasih
2237,16728109,"Sidharth Hulyalkar","2026-09-11 06:16:26",1596.3,2,sidharthhulyalkar21
2238,16734979,NiuLAI,"2026-09-09 01:19:57",1595.8,2,"chunsingyu,chunyinhui,jaminmei"
2239,16670879,"old macdonald","2026-09-07 16:11:15",1595.6,2,djschmit
2240,16723967,dk2lone,"2026-09-07 20:04:25",1594.4,2,dk2lone
2241,16679694,"Yaro Perventsev","2026-09-09 20:47:46",1594.3,2,yaroslavperventsev
2242,16680290,prospers,"2026-09-08 05:37:42",1594.2,2,prospers
2243,16832231,lst1923,"2026-09-11 16:06:58",1593.8,2,lst1923
2244,16779254,MaxZhuCHN,"2026-09-14 12:06:17",1592.5,2,maxzhuchn
2245,16727350,"T Hansda","2026-09-08 09:22:20",1592.0,2,hansda
2246,16645596,Kosakunin,"2026-09-07 15:14:03",1591.9,2,yugoawawa
2247,16634128,ZechHuang,"2026-09-09 08:22:39",1591.5,2,zechhuang
2248,16749520,"Andrey Tikhomirov","2026-09-04 16:24:32",1591.4,2,andreytikhomirov
2249,16817923,"Adhiraj Jagtap","2026-09-14 10:57:56",1590.9,2,adhirajjagtap
2250,16696231,"Oleg Smirnov","2026-09-08 07:17:12",1590.0,2,smirnolegov
2251,16736120,"Ricky #2","2026-09-08 02:47:36",1589.1,2,rickyds97
2252,16663681,Kometa,"2026-09-07 13:46:54",1588.8,2,petarknezevic1
2253,16856437,"Roshan S. Chauhan","2026-09-14 09:33:55",1588.6,2,vrosenta
2254,16797251,"Nguyễn Mạnh Niên","2026-09-06 11:29:31",1588.2,2,jacobrichard312
2255,16738298,tomo0608,"2026-09-06 10:46:22",1583.2,2,tomo0608
2256,16693942,"Lisan al-Gaib","2026-09-09 15:39:16",1582.9,2,azrihasin
2257,16814637,random_numb,"2026-09-11 05:08:06",1582.0,2,randomnumb
2258,16686424,"Thần Thoại","2026-09-08 16:58:05",1581.8,2,thanthoai
2259,16708880,yotsutose,"2026-09-10 10:18:49",1580.1,2,yotsutose
2260,16736404,¡olé!,"2026-09-08 04:30:34",1578.3,2,hjx1024
2261,16656810,IskanderAkhmetov,"2026-09-13 18:28:30",1578.2,2,iskander2017
2262,16622898,"sbol ball","2026-09-09 22:13:42",1577.9,2,"linearbasis,maksimkostritsya"
2263,16768043,"Cropy and Paste","2026-09-13 17:56:08",1577.1,2,tfriedel
2264,16693272,ush,"2026-09-10 07:22:13",1576.8,2,kusuha
2265,16635418,ocean240812,"2026-09-07 17:05:40",1575.7,2,ocean240812
2266,16765207,Cathy,"2026-09-10 01:48:38",1575.7,2,cathyyou
2267,16823782,yuyutech(Genuine),"2026-09-08 04:32:19",1575.5,2,yuyutechgenuine
2268,16730375,Floth,"2026-09-07 15:14:58",1575.5,2,suwat513
2269,16726559,william,"2026-09-05 02:03:48",1575.1,2,hiricodev
2270,16810104,HemanthRaju311,"2026-09-09 13:07:35",1574.9,2,hemanthraju311
2271,16805940,Foxure,"2026-09-12 01:51:33",1574.7,2,foxure
2272,16656011,"Jiashun Tan","2026-09-08 01:50:23",1574.5,2,jiashuntan
2273,16740464,"Jorrawar Grewal","2026-09-08 00:43:17",1574.3,2,jorrawargrewal
2274,16637241,M4nd4l0r14n,"2026-09-07 21:50:19",1573.5,2,thiagobcunha
2275,16838807,"tony boakye","2026-09-08 11:41:30",1572.8,2,tonyboakye
2276,16684250,"Alexander Sokolov","2026-09-06 12:33:49",1572.3,2,cheeec0
2277,16661970,"BOB'S ROOM","2026-09-09 12:30:24",1571.9,2,"bobpop123447,datasutudent"
2278,16845510,bugkeeper,"2026-09-08 06:24:57",1571.5,2,bugkeeper
2279,16654042,B.Pushpanjali,"2026-09-11 14:13:52",1571.4,2,"bpushpanjali,vinithwade"
2280,16686444,"Syakirin Pahimi","2026-09-06 16:21:15",1569.4,2,syakirinpahimi
2281,16663175,Anaconda,"2026-09-09 02:32:50",1569.4,2,anaconda
2282,16698281,Neural,"2026-09-07 20:55:48",1569.4,2,kevinkoza
2283,16667020,SCLim2022080004,"2026-09-06 22:26:21",1568.7,2,sclim2022080004
2284,16840338,"Shoma Arakawa","2026-09-12 08:55:21",1568.6,2,shomaarakawa
2285,16723955,chunsuri,"2026-09-07 08:10:47",1568.6,2,chunsuri
2286,16797036,tksfjn,"2026-09-12 04:06:53",1568.5,2,tks3210
2287,16775684,ketterking,"2026-09-14 14:37:08",1567.6,2,"ketterwang,wwppyywwww"
2288,16688281,"Luke Stafford","2026-09-14 01:16:07",1567.4,2,luketstafford
2289,16830390,"Hajime Kumami","2026-09-07 00:06:54",1566.4,2,hajimekumami
2290,16761652,"Dhruv #2","2026-09-14 18:22:40",1566.2,2,dhruvrama
2291,16732666,"Stefano Blando","2026-09-11 13:47:33",1566.0,2,stefanoblando
2292,16736542,YuRuiZe,"2026-09-06 10:16:45",1564.6,2,ruoyuruize
2293,16862895,"Quinn Brighton","2026-09-12 00:01:22",1564.4,2,quinnbrighton
2294,16707562,Snipine,"2026-09-08 01:17:09",1563.3,2,boluosnow
2295,16743427,Under遊具,"2026-09-08 01:52:19",1562.6,2,andayougui
2296,16672549,"ReinFARMent Learning?","2026-09-11 03:38:53",1562.6,2,arksey
2297,16669926,Jince,"2026-09-06 21:25:00",1562.5,2,jincesaju
2298,16799362,"James Weatherhead","2026-09-06 21:45:45",1562.3,2,jamesweatherhead
2299,16690651,"XS 330","2026-09-13 13:38:01",1559.4,2,xblade
2300,16749342,crasal,"2026-09-14 16:23:07",1558.3,2,crasal
2301,16728229,twomoon,"2026-09-08 05:22:46",1557.7,2,twomoon036
2302,16644160,"Saravana Rajan B","2026-09-07 15:04:38",1556.1,2,saravanarajanb
2303,16706576,王一凡,"2026-09-11 07:28:35",1556.0,2,"liuziyang1016,mikakohinata68"
2304,16725851,hetspookjee,"2026-09-07 21:54:39",1555.4,2,hetspookjee
2305,16845280,"Samuel Watson","2026-09-11 07:06:59",1554.5,2,scwatson
2306,16791999,"Dashi Tsybikzhapov","2026-09-10 09:40:51",1552.5,2,dashitsybikzhapov
2307,16664969,subsubsubagent,"2026-09-08 14:01:20",1552.5,2,"kingsley31,smithshine,wuliaoluis"
2308,16639800,"Yong Ming-Jia","2026-09-08 15:37:35",1551.4,2,ymingj
2309,16885561,goodpjw2008,"2026-09-14 13:31:07",1551.4,2,goodpjw2008
2310,16659286,shane18,"2026-09-14 15:32:18",1550.5,2,shane18
2311,16660137,Densike,"2026-09-09 17:32:51",1550.1,2,densike
2312,16658109,edward1503,"2026-09-11 05:21:06",1550.0,2,nguynnc
2313,16667922,JungHwan,"2026-09-06 00:05:59",1549.8,2,najunghwan
2314,16660020,"Gaddam Shiva Teja","2026-09-14 23:48:42",1549.6,2,shivateja005
2315,16824014,"Kotaro Kikuchi","2026-09-07 10:57:06",1549.4,2,kotaro1129
2316,16794753,"Yan #2","2026-09-08 16:45:43",1549.3,2,diskya
2317,16759849,kkanayj,"2026-09-10 13:16:50",1548.1,2,kkanayj
2318,16844769,phi,"2026-09-09 18:19:54",1548.0,2,fahisplr
2319,16810078,Sam-wiz,"2026-09-11 05:57:15",1547.7,2,samwiz
2320,16628951,"Hiro Nomo","2026-09-15 01:13:38",1546.2,2,morinokuma3
2321,16727103,sword3522,"2026-09-11 11:31:05",1546.1,2,"qinyanqiu,sword3522"
2322,16840452,pan6628,"2026-09-10 04:38:21",1546.0,2,pan6628
2323,16715358,wuy1hao,"2026-09-07 10:23:01",1545.5,2,wuy1hao
2324,16841542,Smmyth,"2026-09-06 22:18:52",1544.0,2,smmyth
2325,16802719,uta_ccc,"2026-09-06 07:15:44",1543.3,2,utaccc
2326,16806809,air,"2026-09-06 09:54:14",1542.8,2,air041001
2327,16847096,Jackylw,"2026-09-09 03:30:44",1542.6,2,jackylw
2328,16853941,"Baha Enes Ören","2026-09-08 14:52:10",1542.4,2,bahaenesren
2329,16666393,saikyo,"2026-09-07 02:04:55",1542.2,2,kyosaikyo
2330,16758982,Boredom,"2026-09-08 01:50:36",1542.2,2,cudacoding
2331,16838588,"Nadeem Ishikawa","2026-09-08 23:04:10",1541.3,2,nadeemishikawa
2332,16810490,katlun,"2026-09-13 03:25:31",1540.3,2,"hoyin1212,katlun"
2333,16731822,Senn88,"2026-09-08 13:54:19",1540.0,2,senn88
2334,16659711,williams,"2026-09-06 23:23:25",1539.5,2,williams
2335,16715383,"Leo Lilley","2026-09-09 03:36:39",1539.3,2,leolilley
2336,16653927,"Fernando GH H","2026-09-05 20:04:42",1538.2,2,fernandoghh2
2337,16765151,htnhtn,"2026-09-11 07:12:37",1538.0,2,htnhtn
2338,16706395,"Kunal Desale","2026-09-07 09:55:19",1537.7,2,kunaldesale2408
2339,16671607,"Chanhyuk Han","2026-09-10 06:13:12",1535.8,2,chanhyukhan
2340,16764342,malone001,"2026-09-11 08:18:49",1535.5,2,malone001
2341,16765834,Oakzen,"2026-09-04 14:37:49",1534.6,2,gyx517120273
2342,16750314,Captainuknow,"2026-09-14 07:39:43",1534.2,2,captainuknow
2343,16757123,"Sripad Modali","2026-09-12 10:24:35",1534.0,2,sripadmodali
2344,16783517,"dongdong zhang","2026-09-07 03:22:34",1534.0,2,mcdongdongzhang
2345,16623806,黒田彩人,"2026-09-07 21:37:20",1532.8,2,ayato0705
2346,16839937,"Haoxuan Wang","2026-09-14 12:03:27",1532.1,2,haoxuanwang12366
2347,16749061,"Wang H2O","2026-09-14 08:42:42",1532.0,2,wangh2o
2348,16806219,"Yiwei Pu","2026-09-14 06:50:14",1531.8,2,"lvyihan1210,raven20010261,yiweipu"
2349,16844233,y3uanm,"2026-09-12 12:54:24",1531.6,2,"delta47x,lunpaixo,y3uanm"
2350,16832556,"Harshit Raj #2","2026-09-10 16:45:16",1530.4,2,harshitraj2123221
2351,16748527,Tsubasa_00,"2026-09-10 00:22:27",1530.4,2,tsubasa00
2352,16783328,AggriTrader,"2026-09-14 08:08:06",1528.8,2,leoluo
2353,16724993,Bonkoturyu,"2026-09-10 07:59:12",1525.7,2,bonkoturyu
2354,16759632,"Rifqi Haikal","2026-09-04 22:14:02",1525.5,2,rifqihaikal
2355,16842817,darcy132,"2026-09-06 13:16:34",1525.0,2,darcy132
2356,16654463,Mark,"2026-09-04 19:38:01",1524.7,2,robotmf
2357,16843986,"Young Jim","2026-09-07 00:05:04",1524.4,2,youngjim
2358,16842001,"Lin Jing","2026-09-11 11:14:13",1523.5,2,linjingmax
2359,16779942,"YueKai Yu","2026-09-07 01:12:38",1523.1,2,yuekaiyu
2360,16743484,"薄和叶 Lv.INF","2026-09-03 14:24:47",1523.1,2,lumine01
2361,16864422,"William Li","2026-09-14 04:03:31",1522.4,2,w1ll1am10
2362,16854744,"Rostislav Epifanov","2026-09-10 12:14:58",1520.5,2,rostepifanov
2363,16707057,tamo,"2026-09-06 07:44:38",1520.1,2,ryotakasuya
2364,16843555,sol12378,"2026-09-07 02:34:09",1520.0,1,sol12378
2365,16738820,"Ying Li","2026-09-14 15:06:54",1519.9,2,lyee919
2366,16838898,"Minh Trịnh","2026-09-06 13:38:05",1519.8,2,minhtrinh2002
2367,16677107,gagacrow,"2026-09-07 16:11:58",1519.5,2,gagacrow
2368,16755229,theearthcheng,"2026-09-06 07:09:16",1519.0,2,theearthcheng
2369,16683952,"Maksimov Evgeniy","2026-09-04 01:23:59",1518.5,2,maxevg
2370,16730247,DOM-VASCONCELOS,"2026-09-13 10:03:51",1518.1,2,domcreator
2371,16842187,"rongkai bao","2026-09-06 05:34:57",1517.5,2,rongkaibao
2372,16848063,"Yuan Weijun","2026-09-15 01:15:12",1517.0,2,yuanweijun
2373,16758839,"Yusuf Murtaza","2026-09-06 10:23:21",1516.9,2,yusufmurtaza01
2374,16633688,Ryo,"2026-09-06 06:44:25",1516.2,2,ryosukekurakami
2375,16843173,"Hansen Zhong","2026-09-06 15:51:46",1515.5,2,onegameonedream
2376,16848220,ggmljs,"2026-09-10 05:10:42",1515.4,2,ggmljs
2377,16739537,"Bina Salama","2026-09-14 00:25:30",1515.1,2,binasalama
2378,16704613,alexbstl,"2026-09-14 01:43:31",1514.8,2,alexbstl
2379,16689748,cheesytoasts,"2026-09-05 17:01:10",1514.4,2,cheesinnn
2380,16687716,"Joshua Fernando","2026-09-14 18:43:22",1514.2,2,joshuafernandoj
2381,16669666,RhoenSprudel,"2026-09-11 19:08:43",1514.1,2,rhoensprudel
2382,16830000,"Danilo Lapegna","2026-09-06 12:57:50",1513.7,2,danilolapegna
2383,16634336,"Arko Bera","2026-09-08 19:08:41",1513.3,2,cartoonistbeard
2384,16639369,"Kyuhwan Cho","2026-09-06 10:32:53",1513.1,2,octoarden
2385,16727536,lelelove1225,"2026-09-06 12:58:48",1511.4,2,lelelove1225
2386,16652750,"Bahadir Selim Bakla ","2026-09-10 12:15:55",1511.3,2,bahadirselimbakla
2387,16640878,"Krishna Yadu","2026-09-06 08:18:51",1511.2,1,krishnayadav456wrsty
2388,16733766,Paarthpowa,"2026-09-12 19:02:37",1510.9,2,paarthpowa
2389,16745949,"Miaohua Zhang","2026-09-07 13:28:55",1510.1,2,miaohuazhang
2390,16805509,"Adel Zebiche","2026-09-06 17:28:28",1509.7,2,adelzebiche
2391,16845366,cdaden,"2026-09-08 06:00:19",1508.3,2,cdaden
2392,16689366,"Cuong Le","2026-09-06 15:24:57",1508.2,2,ad1999
2393,16757635,"Sridip Basu","2026-09-05 15:36:55",1507.4,2,sridipbasu
2394,16818508,"Napster Y","2026-09-06 08:55:35",1507.0,2,napstery
2395,16638994,wpl,"2026-09-06 19:44:50",1506.7,2,peilwang
2396,16672315,CemBas,"2026-09-12 03:39:40",1505.3,2,cembas
2397,16621481,"zero waste","2026-09-05 14:22:46",1505.2,2,chinnaphatkhun
2398,16810472,YuanKing77,"2026-09-06 03:11:18",1504.7,2,yuanking77
2399,16792123,coder2403,"2026-09-12 17:08:38",1503.6,1,coder2403
2400,16851133,"Bryan Pauze","2026-09-14 21:20:01",1503.5,2,bryanpauze
2401,16635108,"cabbage corp","2026-09-08 06:38:49",1502.4,2,"kagglercs,phoenix0501"
2402,16870585,ba,"2026-09-11 08:25:46",1502.0,2,yusukebaba
2403,16824564,"piu ATI","2026-09-06 10:02:27",1502.0,2,piuati
2404,16796600,skyShenzi5822,"2026-09-08 08:06:25",1501.9,2,skyshenzi
2405,16747408,すずき,"2026-09-11 04:23:39",1500.8,2,shumpeace
2406,16697205,"Gould Research","2026-09-08 17:19:28",1500.2,2,"georgeking1,gouldh,gradybos,shanemullahy"
2407,16642662,CdeTilly,"2026-09-12 22:09:47",1500.2,2,cdetilly
2408,16667998,Speril,"2026-09-11 03:51:03",1498.4,2,speril
2409,16712751,haruo_tensai,"2026-09-10 04:33:24",1497.8,2,haruotensai
2410,16639731,williamrawling,"2026-09-14 02:48:02",1497.2,2,williamrawling
2411,16779321,HarryP12,"2026-09-11 16:45:35",1496.4,2,harryp12
2412,16661768,"Lợi Trần Bảo","2026-09-13 19:43:53",1496.1,2,litrnbo
2413,16639871,"Aura Farming","2026-09-04 05:50:38",1495.9,2,gauthieravite
2414,16802630,takotakosan,"2026-09-09 03:10:10",1494.9,2,takotakosan
2415,16707639,Fujinawa,"2026-09-13 05:21:44",1494.1,2,wasshoiwasshoi
2416,16794536,HirokiTaniai,"2026-09-10 16:19:22",1493.9,2,nyokinyoki
2417,16700767,Love&AGI,"2026-09-08 19:50:42",1493.3,2,roniuhle
2418,16857923,Haruki.O,"2026-09-12 08:23:32",1492.8,2,ho0707
2419,16782564,"Chris Tu","2026-09-04 05:14:36",1492.5,2,christu831004
2420,16704818,probably6767,"2026-09-14 09:37:42",1492.0,2,probably6767
2421,16808905,"Yusaku Muroya","2026-09-07 10:35:52",1491.9,2,ymuroya47
2422,16727147,"Alan Smith","2026-09-09 11:26:14",1491.8,2,acorncupcake
2423,16775190,bianfu,"2026-09-05 21:08:36",1491.1,2,bianfu
2424,16845063,"Gaston Zarate","2026-09-14 07:42:41",1490.7,2,gastonz195
2425,16733111,qihuaz,"2026-09-13 06:35:14",1490.6,2,qihuaz
2426,16806249,CLJY_2026,"2026-09-15 00:40:42",1490.5,2,cljy2026
2427,16803592,"Bishal Lamichhane","2026-09-08 17:31:37",1488.3,2,bishallamichhane44
2428,16841276,EmmaL09,"2026-09-09 22:09:29",1487.8,2,emmal09
2429,16842273,2424,"2026-09-08 14:29:16",1487.7,2,takutonishi
2430,16676321,"tao wu11","2026-09-06 08:52:36",1487.2,2,"taowu11,xujchill"
2431,16800076,xinwang,"2026-09-07 05:13:34",1486.9,2,xxxtetantion
2432,16626979,"An - x","2026-09-12 15:08:43",1486.8,2,myotterspace
2433,16657198,Eldritch,"2026-09-10 15:14:36",1486.5,2,thefool00
2434,16671454,Shadow,"2026-09-11 19:35:02",1486.3,2,uziahmd
2435,16764476,daviddnd,"2026-09-09 01:50:53",1486.2,2,daviddnd
2436,16790359,"laoma fighting","2026-09-07 05:30:45",1485.8,2,laomafighting
2437,16839429,"Igor Aranovsky","2026-09-08 08:55:51",1485.5,2,igoraranovsky
2438,16662121,One-For-All,"2026-09-03 23:10:22",1485.1,2,indarkarhana
2439,16730484,Esperanza,"2026-09-10 00:42:17",1484.8,2,deanpixton
2440,16725081,ZhouYongqi,"2026-09-06 14:55:06",1483.6,2,xy0v0zhang
2441,16669856,StrugglerK,"2026-09-13 20:18:13",1483.5,2,muhammedkaanlker
2442,16669715,housssaamos,"2026-09-06 19:42:41",1483.3,2,housssaamos
2443,16630689,yw8837,"2026-09-10 08:51:35",1481.2,2,yw8837
2444,16671520,sci-shi,"2026-09-07 10:17:00",1479.6,2,scishi
2445,16643693,"Kerem çelik","2026-09-14 08:28:29",1479.3,2,keremelik
2446,16641548,"Indium AI Labs","2026-09-06 04:37:15",1478.2,2,"devaanshpa,wolframbopp"
2447,16644255,Rister,"2026-09-04 00:05:35",1478.2,2,"rister101,stharundhatri"
2448,16654490,"Furious Monk","2026-09-14 11:22:04",1475.8,2,furiousmonk
2449,16811890,Bobbbbbbbbx,"2026-09-03 15:25:01",1475.7,2,bobbbbbbbbx
2450,16644287,"Ryo Hasegawa","2026-09-08 16:54:03",1475.5,2,ryohasegawa926
2451,16803141,"Verdant Meridian","2026-09-08 14:13:17",1474.2,2,xinweizhang003
2452,16712258,Yizhou,"2026-09-06 02:15:23",1472.4,2,yaphellee
2453,16625339,kazusw,"2026-09-10 11:49:38",1470.1,2,kazusw
2454,16654068,"Renoir Vieira","2026-09-05 17:42:47",1469.7,2,renoirvieira0
2455,16666296,A.P.R.I.L,"2026-09-12 16:42:30",1468.6,2,puneeth333
2456,16726889,stnick,"2026-09-05 19:13:36",1468.4,2,stnick
2457,16836633,Yukino487,"2026-09-06 08:41:10",1467.6,2,yukino487
2458,16663626,"yvn kaggriculture","2026-09-06 19:03:22",1466.8,2,"garnikdavtyan,mikayelgr"
2459,16718138,Haalandspring,"2026-09-04 22:46:54",1465.6,2,haalandspring
2460,16775506,"lin qiy","2026-09-05 13:32:19",1465.2,2,linqiy
2461,16793083,"🐚seek inspiration🐚","2026-09-13 13:05:06",1464.8,2,kurupical
2462,16634765,democatXamer,"2026-09-05 14:17:04",1464.7,2,w1326627677
2463,16695931,"Kers Aoyagi","2026-09-05 19:24:41",1464.2,2,kersaoyagi
2464,16739419,danilka200300,"2026-09-06 12:33:53",1464.1,2,daniilsergeevda
2465,16664293,"Adam Lloyd","2026-09-05 07:12:04",1463.1,2,alloyd256
2466,16719578,blueblue222,"2026-09-11 04:36:53",1462.7,2,blueblue222
2467,16811433,"Bx LLLLLLLL","2026-09-05 21:54:10",1461.6,2,bxllllllll
2468,16816445,"Danila Lebedev","2026-09-08 13:54:33",1461.4,2,danilalebedev
2469,16631215,"Hira Norm","2026-09-05 00:18:00",1461.2,2,hiranorm
2470,16654791,"Dev Rath","2026-09-10 16:32:18",1461.0,2,devbratrath
2471,16790652,"Pengchao Zheng","2026-09-06 07:45:17",1460.6,2,"mengyihu,pengchaozheng"
2472,16792927,EnricRovira,"2026-09-12 21:58:31",1460.5,2,enric1296
2473,16622934,"Ümit Anık","2026-09-05 13:54:40",1460.0,2,mitank
2474,16786126,"Max Bloom","2026-09-14 20:41:55",1458.5,2,maxbloom
2475,16786255,OceFFFF,"2026-09-11 06:46:46",1458.0,2,oceanfujimoto
2476,16826561,"ANJAN B","2026-09-13 15:34:02",1457.9,2,anjan4646
2477,16789745,LoveLetter,"2026-09-14 15:20:41",1457.9,1,arthasmenethil
2478,16771397,its_mrz,"2026-09-07 17:48:52",1457.3,2,itsmrz
2479,16683488,"Ripudaman Parmar","2026-09-14 19:40:39",1457.1,2,"ktkgpt,ripudamanparmar"
2480,16707702,"anton leyn","2026-09-08 16:30:11",1456.8,2,antonleyn
2481,16805370,"Gaiar Baimuratov","2026-09-04 16:33:11",1455.6,2,baimuratov
2482,16675684,washamba_bots,"2026-09-13 07:38:38",1455.3,2,"billygmwangi,futurecentaur,peterkibetspidey,stephanenjoki"
2483,16655912,sssskilo,"2026-09-10 09:15:28",1455.0,2,wellkilo
2484,16658203,Lan_Sky,"2026-09-14 08:34:01",1453.7,2,lansky6
2485,16762926,"Ricky RTG","2026-09-04 05:29:17",1453.5,2,rickyrtg
2486,16655311,"Plant City Planter","2026-09-02 19:03:12",1453.5,2,michaellombard
2487,16623451,Ueddy,"2026-09-14 13:58:23",1451.4,2,ku0807
2488,16765763,latter0206,"2026-09-06 07:00:54",1451.2,2,shoheiyamanaka
2489,16810859,"Michael Silverblatt","2026-09-06 12:39:49",1451.1,2,msilverblatt
2490,16822109,Meticulousss,"2026-09-10 16:32:31",1450.9,2,meticulousss
2491,16759508,george-nigmatulin,"2026-09-14 17:32:30",1450.7,2,georgenigmatulin
2492,16822414,Yassinovich,"2026-09-06 12:50:02",1450.5,2,yassinovich
2493,16683435,CoorDi,"2026-09-08 02:13:42",1450.5,2,bxy0125
2494,16840857,Meteor,"2026-09-13 11:23:24",1450.2,2,meteorkid
2495,16630548,"YJ Wee 2807","2026-09-08 08:37:02",1450.0,2,yjwee2807
2496,16661702,"Chattso-GPT (Yasuhito Yanagisawa)","2026-09-05 09:33:14",1449.5,2,yasuhitoyanagisawa
2497,16725195,易研学社,"2026-09-06 07:27:43",1449.4,2,"chency17,fengwann,mingyingxin,sjojasdq,tbtbbb"
2498,16717186,"Roumak Das","2026-09-04 03:41:55",1449.3,2,roumak77
2499,16732433,syuuuuu,"2026-09-06 12:53:05",1449.3,2,syuuuuukun
2500,16732129,"payne yam","2026-09-14 02:55:12",1448.9,2,payneyam
2501,16804549,Feidudu,"2026-09-04 15:51:54",1448.8,2,zenanshao
2502,16635065,T88,"2026-09-07 09:02:57",1448.7,2,t88take
2503,16679214,alban,"2026-09-07 22:40:41",1447.3,2,albantiacoh
2504,16838953,HHHyyds,"2026-09-05 12:31:34",1447.2,2,hhhyyds
2505,16774941,Samvrcai,"2026-09-08 14:41:15",1446.3,2,samvrcai
2506,16832186,"Noah Öksüz","2026-09-09 10:15:04",1446.3,2,noahksz
2507,16782954,"Team Dajiang","2026-09-05 03:10:18",1446.1,2,"jihuaye,toolazyhhh123"
2508,16721237,phoenixai0,"2026-09-08 14:15:57",1446.1,2,phoenixultra
2509,16890190,isaev_semyon,"2026-09-14 21:21:55",1445.7,2,isaevsemyon
2510,16822602,haru0707,"2026-09-04 08:37:59",1445.2,2,"haru0707,kiduna"
2511,16741819,"Paritosh Kumar Tripathi","2026-09-06 11:51:20",1444.6,2,paritoshtripathi5
2512,16622567,"Georgy Mamarin","2026-09-14 20:02:12",1444.6,2,georgymamarin
2513,16810060,galileo680,"2026-09-05 23:45:08",1444.6,2,keter333
2514,16734813,"Johan BONILLA MENDIETA","2026-09-05 15:23:38",1444.3,2,johanbonillamendieta
2515,16654332,"Borys Tymchenko","2026-09-06 13:18:48",1444.1,2,spsancti
2516,16669148,"Syed Muhammad Gillani","2026-09-03 19:55:34",1443.6,2,syedmuhammadgillani
2517,16796574,cununn,"2026-09-04 18:08:46",1443.5,2,w007425y
2518,16623577,"Jiayi Tang","2026-09-04 07:35:03",1443.1,2,mannguo
2519,16825772,liujieyou,"2026-09-14 12:01:35",1443.0,2,liujieyou
2520,16684716,kumanomi,"2026-09-13 12:13:04",1442.0,2,kkkggg
2521,16795131,XuanxuChem,"2026-09-11 13:18:00",1441.9,2,zhaonoah
2522,16662176,"jorge fabian avila","2026-09-04 21:59:02",1441.9,2,jorgefabianavila
2523,16738810,mararaa,"2026-09-04 10:21:18",1441.4,2,mararaa
2524,16783521,xiannaix,"2026-09-04 09:28:00",1440.1,2,xiannaix
2525,16780141,"One Zero001","2026-09-03 08:43:16",1440.0,2,onezero001
2526,16796840,ezalbxx,"2026-09-10 04:09:31",1439.8,2,ezalbxx
2527,16745351,ChrisXie,"2026-09-08 02:14:19",1439.1,2,chrisstan
2528,16626462,mango,"2026-09-04 01:11:13",1439.1,2,mango789
2529,16640785,"syouya tobita","2026-09-14 11:52:14",1439.0,2,syouyatobita
2530,16891588,Krtecek,"2026-09-14 19:39:14",1438.9,1,krtecek
2531,16661533,wangyuou,"2026-09-04 16:40:16",1438.0,2,wangyuou
2532,16884338,"Emmet Banker","2026-09-14 14:38:39",1437.7,2,emmetbanker
2533,16662204,SM_30,"2026-09-05 15:45:06",1437.5,2,sagarmane104
2534,16839548,"Александр Прохоров","2026-09-08 12:30:54",1437.5,2,obbwd12
2535,16669089,YujieXing10,"2026-09-03 04:57:15",1437.1,2,yujiexing10
2536,16784056,"anh nông dân may mắn","2026-09-15 01:47:35",1437.1,2,nguyen1tri
2537,16808433,thenokol,"2026-09-07 12:26:33",1436.9,2,thenokol
2538,16798694,돌,"2026-09-09 15:36:01",1436.8,2,nintendojoa
2539,16678462,"Eric Han Wang","2026-09-06 00:10:04",1436.5,2,ericwang03
2540,16802039,"Anna Currie","2026-09-04 10:24:33",1436.1,2,hcnfgxsghvbkhbty
2541,16781110,yqz,"2026-09-04 17:57:19",1435.9,2,yuqizheng
2542,16838520,"Niu Yuanfang","2026-09-07 07:50:24",1435.5,2,niuyuanfang
2543,16660046,"Ikki Katsuyama","2026-09-06 15:46:09",1435.1,2,kacchanwriting
2544,16702429,iamlonely,"2026-09-08 16:27:53",1434.6,2,iamlonely
2545,16642036,enddl22,"2026-09-15 01:49:52",1434.4,2,enddl22
2546,16706898,Simiyon,"2026-09-08 15:35:12",1433.4,2,blackscythe123
2547,16758954,shenjj02,"2026-09-04 15:37:11",1433.3,2,shenjj26
2548,16836457,Andrew9603,"2026-09-06 12:28:37",1432.7,2,benxvyan
2549,16659467,AlexMoura2026,"2026-09-15 01:06:03",1432.6,2,alexmoura2023
2550,16858618,NaokaK,"2026-09-09 06:58:14",1432.3,1,naokak
2551,16661570,"sissoko cheick","2026-09-14 08:18:40",1432.0,2,sissokocheick
2552,16654995,"Artem Voronov","2026-09-14 11:14:51",1431.7,2,artemyvoronov
2553,16824101,"Bala Murugan AIML","2026-09-04 02:20:12",1431.5,1,balamuruganaiml
2554,16777894,"Matthew Neba","2026-09-06 21:37:08",1430.6,2,matthewneba
2555,16789561,"Rohan Kishibe","2026-09-08 15:26:29",1430.3,2,anbianluban1
2556,16661034,"Devesh Mehta","2026-09-14 16:47:59",1430.0,2,deveshmehtaaie
2557,16755328,"yang zhang","2026-09-07 04:14:27",1429.8,2,zhang1221ai
2558,16845426,"Erlik Khan","2026-09-13 23:03:03",1429.8,2,erlikkhan
2559,16768016,JohnBlake,"2026-09-14 07:07:22",1428.9,2,jaybeeja
2560,16839209,yuuuu.T,"2026-09-06 02:01:37",1428.9,2,yuuuut
2561,16673250,Prashant,"2026-09-04 16:46:37",1428.7,2,"kajalsinghrajpoot,prashantxo"
2562,16672033,"Mohan Prasath P","2026-09-07 09:39:23",1428.2,2,mohanprasath21
2563,16750364,Tangruichen,"2026-09-13 20:00:08",1427.0,2,device666kunkun
2564,16667964,Shuiys,"2026-09-05 18:41:46",1426.7,2,ysshui
2565,16633850,Pascal,"2026-09-05 04:01:56",1425.7,2,pascalledesma
2566,16793656,王子铖,"2026-09-04 12:26:08",1425.5,2,aurantium
2567,16820988,人畜无害,"2026-09-05 05:01:40",1425.5,2,slowmo19
2568,16784691,"Here i come","2026-09-14 14:38:56",1424.9,2,emrekuruba
2569,16712863,ominteam,"2026-09-14 13:06:18",1424.4,2,"luantony,suruikk"
2570,16674720,"Prathmesh Lagdive","2026-09-09 10:44:33",1424.0,2,"aglavevaibhav,prathmeshlagdive,shriyashkurud"
2571,16838305,"Zhiyan Chen","2026-09-05 09:20:32",1423.8,2,zenosga
2572,16756965,gchauhan,"2026-09-04 23:11:26",1422.9,2,gchauhan
2573,16817077,"Dinesh kumar Thiyagarajan","2026-09-11 08:55:04",1422.9,2,dineshkumar0705
2574,16765327,master_ssx,"2026-09-04 20:02:23",1422.8,2,masterssx
2575,16639746,"Kyle Wang","2026-09-04 15:12:00",1422.7,2,ky1ewan9
2576,16806587,"Dear Shark","2026-09-05 05:22:04",1422.3,2,dearshark
2577,16824069,"Phương Nguyễn Việt","2026-09-04 03:52:08",1421.8,1,phngnguynvit
2578,16839343,"SAURABH VISHWAKARMA","2026-09-14 17:38:24",1421.4,2,surabhv21
2579,16624253,DTrieu,"2026-09-05 13:09:24",1421.2,2,hodinhtrieu
2580,16655766,前衛,"2026-09-04 01:21:20",1420.8,2,"atharvranjan,shreyasgandhe,siddharth9077"
2581,16658287,ArturoSirvent,"2026-09-12 05:20:34",1420.4,2,arturosirvent
2582,16671012,"Sean Zhang","2026-09-04 02:41:33",1420.1,2,seanzhang2445
2583,16815841,"Sunshine through fog","2026-09-14 21:24:47",1420.1,2,sunshinethroughfog
2584,16695229,X1a0Ch3n,"2026-09-04 16:14:07",1419.3,2,xiaochen20236673
2585,16659210,HASHP100D,"2026-09-05 11:23:41",1418.8,2,hashp100d
2586,16857607,inny,"2026-09-10 04:48:47",1418.5,1,innycc
2587,16623630,noobanot,"2026-09-03 12:05:20",1418.1,2,noobanot
2588,16683199,"Filippo Gombac","2026-09-02 17:16:47",1417.3,2,filippogombac
2589,16654266,古德拜吃,"2026-09-03 11:26:52",1417.2,2,nosaewang
2590,16660220,tomo11111,"2026-09-05 23:47:27",1417.2,2,tomo11111
2591,16809249,Moro,"2026-09-06 02:48:13",1416.4,2,moromoromoro
2592,16645705,wataru420,"2026-09-13 14:41:56",1415.1,2,wataru420
2593,16630740,"Ramazan Turan","2026-09-14 12:30:26",1414.8,2,ramazanturann
2594,16657637,"Ronnie Atuhaire","2026-09-14 04:22:10",1414.8,2,ronnieatuhaire
2595,16679393,"Anvith Pothula","2026-09-14 22:54:53",1414.4,2,anvithpothula
2596,16743788,"Emmanuel Lo","2026-09-04 13:07:50",1413.7,2,emmanuello
2597,16811637,mohui666,"2026-09-03 09:21:41",1412.5,2,mohui666
2598,16660281,"xiy lin","2026-09-08 12:05:25",1411.7,2,xiylin
2599,16778388,"straw hats","2026-09-05 07:07:33",1410.7,2,rushikeshgaonkar
2600,16820116,cotora2121,"2026-09-05 17:42:49",1410.5,2,cotora2121
2601,16693050,Shoko,"2026-09-06 19:39:59",1408.2,2,abreyton
2602,16725793,Krilin,"2026-09-03 18:41:48",1408.2,2,krilin
2603,16794696,"Paul Bryan Elefante","2026-09-08 00:39:10",1408.0,2,heuljax
2604,16734290,CodeAMANSA,"2026-09-09 14:52:52",1407.7,2,bcollazo
2605,16799554,dengddd,"2026-09-03 15:30:23",1407.7,2,dengdgq
2606,16772109,Yashvs56,"2026-09-04 08:45:23",1407.2,2,yashvs56
2607,16655654,Cacinie,"2026-09-14 01:14:33",1406.9,2,cacinie
2608,16713540,Anruan,"2026-09-05 16:45:53",1406.9,2,xiaowanshen
2609,16772723,"Zhou Haonan","2026-09-03 13:07:49",1406.5,2,hatsuseizuna
2610,16806535,"zhangzhuang li","2026-09-03 18:31:12",1405.7,2,zhangzhuangli
2611,16805882,nmdcddwzml,"2026-09-10 11:46:04",1405.5,2,mujian63
2612,16657904,xfhdh1,"2026-09-06 09:51:45",1403.7,2,xfhdh1
2613,16657449,Timass,"2026-09-03 07:28:02",1403.5,2,timmass2
2614,16797393,lingmingzi,"2026-09-05 04:36:26",1403.1,2,lingmingzi
2615,16786357,guoyihui,"2026-09-05 05:53:59",1402.5,1,guoyihui
2616,16860587,"Mayo Mafia","2026-09-14 12:41:03",1401.6,2,vasujain12344
2617,16849330,"Ian Wang","2026-09-13 08:12:09",1401.3,2,ianwang1204
2618,16741683,"Lance Wu","2026-09-05 02:17:10",1399.9,2,lancewu722
2619,16676278,"Om Sangwan","2026-09-09 02:32:45",1399.7,2,omsangwan
2620,16851959,Darren0724,"2026-09-11 12:15:26",1399.7,2,darren0724
2621,16773607,sky1,"2026-09-04 13:54:00",1399.0,2,skyk1jn
2622,16721688,"Hi Im Ryo","2026-09-04 15:05:22",1398.7,2,loto610
2623,16659430,"John Keith Weber","2026-09-06 16:32:54",1398.4,2,johnkeithweber
2624,16718649,"Zakaria Aala","2026-09-05 19:32:26",1398.1,2,zlordgrim
2625,16714134,"Raul Tinajero","2026-09-04 01:14:06",1397.6,2,raultinajeroo
2626,16662810,HarshitSama,"2026-09-14 14:47:58",1397.4,2,harshitsama
2627,16734447,"Ali Bauyrzhan","2026-09-13 13:12:11",1396.9,2,alibauyrzhan
2628,16761324,WLYYYo,"2026-09-14 03:11:51",1396.7,2,wlyyyo
2629,16722995,July,"2026-09-10 10:42:05",1396.6,2,julyzseven
2630,16799797,"Zimin Zhong","2026-09-05 15:40:17",1396.3,2,zhongzinmin
2631,16638557,"Araik Tamazian","2026-09-03 07:11:00",1396.3,2,atamazian
2632,16730834,TomoyaM,"2026-09-10 00:00:39",1396.0,2,tomoyamiyaake
2633,16713291,Lperalt,"2026-09-14 08:27:47",1395.1,2,lucianobastidas
2634,16772090,"SHIVAJI SHAIK","2026-09-14 13:12:51",1394.9,2,shivajishaik
2635,16639520,"Cary Jin","2026-09-05 22:54:44",1394.8,2,strigiformes
2636,16790658,lxymmd,"2026-09-10 07:59:16",1394.8,2,lxymmd
2637,16732221,ringbearer,"2026-09-03 21:56:31",1394.1,2,mehmetbarankrat
2638,16841827,"pohang milk collector","2026-09-10 07:05:12",1394.0,2,"duckhun,idearendil"
2639,16749205,"Wish Coding Guy","2026-09-02 10:33:15",1393.8,2,tommycyd
2640,16721805,kavunidze,"2026-09-03 11:04:48",1393.3,2,kartu72
2641,16796484,"Ryutaro Tsujii","2026-09-04 00:07:32",1392.6,2,ryutarotsujii
2642,16773069,Grant,"2026-09-05 10:49:32",1392.5,2,leolin05
2643,16657228,"Vladimir Babin","2026-09-09 09:41:57",1389.9,2,vovababin
2644,16840921,evolved,"2026-09-13 08:13:34",1389.3,2,algunion
2645,16679812,"Xiang Li","2026-09-07 00:00:24",1387.7,2,xianglipee
2646,16735253,银龙,"2026-09-07 07:00:02",1387.6,2,boyanyanbo
2647,16801995,"XD tsui","2026-09-03 20:41:03",1387.5,2,xdtsui
2648,16826719,"Dennis HT","2026-09-08 07:56:06",1387.3,2,dennisht
2649,16659776,"Ben Hamilton","2026-09-08 23:36:18",1386.8,2,kineticaxisstudio
2650,16730707,"James Michael","2026-09-04 14:12:29",1386.5,2,ingenio
2651,16689154,CrossEngineered,"2026-09-14 16:40:48",1385.6,2,"danyalsahin1,gkenurk"
2652,16667880,DOPEなNOUFU耕すHOPE👨‍🌾,"2026-09-15 00:43:39",1385.4,2,"shin9915,syamoji141chan"
2653,16672040,"Tom Yim","2026-09-07 04:31:34",1385.1,2,tomyim
2654,16730049,"r2d2 Dasari","2026-09-07 02:53:56",1385.0,2,r2d2dasari
2655,16734199,Iliamna,"2026-09-06 20:44:33",1384.4,2,decotoj
2656,16799934,auhulu,"2026-09-03 12:11:03",1383.8,2,auhulu
2657,16624056,Raggriculture,"2026-09-02 14:53:48",1383.4,2,ravi123a321at
2658,16783124,Logorhythms,"2026-09-11 12:28:36",1383.2,2,mohammadsaidulislam
2659,16734822,Zcy,"2026-08-30 15:01:54",1383.2,2,laura831
2660,16711317,"yf D","2026-09-14 15:25:59",1382.0,2,dengvitruviano
2661,16810030,fukumayo,"2026-09-15 01:22:56",1381.9,2,fukumayouta
2662,16682283,"RL is all you need","2026-09-08 13:59:11",1381.3,2,"bpmf577,junzhejiao,jwj1342,liaodid,mrschang"
2663,16770055,"san yin26","2026-09-04 03:13:09",1381.2,2,"amadeusan,sanyin26"
2664,16631400,JZ,"2026-09-13 01:30:26",1381.2,2,zhoujiachen
2665,16795982,Vordax,"2026-09-03 18:17:12",1380.9,2,vordax
2666,16773020,HyperNeonByte,"2026-09-06 15:43:03",1380.9,2,hyperneonbyte
2667,16634239,"Radhakrishnan Guhan","2026-09-05 19:54:20",1380.4,2,rmsgrk
2668,16729092,"ayman elamin","2026-09-09 12:02:46",1379.8,2,aymanelamin
2669,16654715,"Aqib Raza","2026-09-02 19:21:26",1378.3,2,aqibrazadev
2670,16632231,"Samrish B","2026-09-05 18:17:55",1378.1,2,samrishb
2671,16750273,"Nil Lic","2026-09-14 16:44:57",1378.1,2,nillic
2672,16657395,"Uchechukwu Ajuzieogu","2026-09-03 14:10:11",1377.4,2,uchechukwuajuzieogu
2673,16682195,celefefwefwe1,"2026-09-02 16:48:52",1377.4,2,celefefwefwe1
2674,16786158,"Yi-Chia Chen","2026-09-05 14:14:40",1377.4,1,threerabbits
2675,16775076,hiros,"2026-09-03 04:15:51",1375.3,2,hiroshige1
2676,16752104,WYSSR1225,"2026-09-06 01:09:01",1375.1,2,wyssr1225
2677,16797063,Nianhua1,"2026-09-05 03:35:11",1375.1,2,nianhua1
2678,16773039,zyiqun,"2026-09-04 06:12:36",1374.3,2,zyiqun
2679,16794740,"Alexander R Luz","2026-09-11 16:15:45",1374.2,2,alexanderrluz
2680,16828244,AGSaturn,"2026-09-06 19:42:52",1373.8,2,polyuhst
2681,16632201,neurlog,"2026-09-14 12:49:25",1373.8,2,neurlog
2682,16839975,AlexHan,"2026-09-05 13:16:50",1373.7,1,gksgusrb1212
2683,16697891,KuziJA,"2026-09-12 11:42:10",1373.1,2,kuzija
2684,16846525,Dwaslaop,"2026-09-13 13:24:30",1373.0,2,dwaslaop
2685,16742232,"Prema Ananda","2026-09-14 09:01:14",1372.0,2,premaananda108
2686,16893291,"We Want... A Shrubbery!","2026-09-14 22:21:15",1371.8,1,timlongii
2687,16634149,"Hozuma ITOBAYASHI","2026-09-12 10:50:17",1371.3,2,hozumaitobayashi
2688,16674102,没落者,"2026-09-05 11:02:50",1370.6,2,needless090
2689,16803930,"Farrukh Ismoilov","2026-09-02 11:30:29",1370.1,2,fismoilo
2690,16716475,"dong & shen","2026-09-03 04:47:45",1369.7,2,"dongcookies,muyouqian4"
2691,16623480,xmaster6y,"2026-09-08 18:26:54",1369.3,2,xmaster6y
2692,16682932,"Iulian Curte","2026-09-13 10:07:59",1369.3,2,iuliancurte
2693,16808352,Rheinmetall,"2026-09-11 14:27:52",1368.9,2,rheinmetall
2694,16742470,AK,"2026-09-06 07:57:50",1368.8,2,aman1391
2695,16869870,"Electric Weasle","2026-09-13 15:27:16",1368.2,2,electricweasle
2696,16747577,"Nolan BONHOMME","2026-09-03 13:22:05",1368.2,2,nolanbonhomme
2697,16737237,"Ayodeji Adesegun","2026-09-02 12:09:57",1367.4,2,ayodejiadesegun
2698,16686827,Kronki,"2026-09-05 12:24:58",1367.1,2,kronki
2699,16753646,"[Deleted] 7d100524-25e6-4751-98db-b4fdce26a5ee","2026-09-02 14:22:45",1366.3,2,del=effabded1aa6d176
2700,16756902,"Matt Palmer","2026-09-06 04:17:51",1366.0,2,palmsey
2701,16679987,"Said Mohamed Omary","2026-09-09 21:02:21",1365.8,2,saidmohamedomary
2702,16659215,"Zhizhou Sha","2026-08-31 12:43:52",1365.6,2,zhizhousha
2703,16639771,"DK Armada","2026-09-06 06:33:12",1365.4,2,dkarmada
2704,16668532,"Nir Aberman","2026-09-14 11:01:18",1365.0,2,niraberman
2705,16694016,"Prajwal M","2026-09-02 16:15:52",1364.7,2,estrick
2706,16732574,AlcoholCat,"2026-09-10 14:34:25",1362.7,2,alcoholcat
2707,16697411,VynoDePal,"2026-09-12 13:57:54",1362.4,2,kvynodjo
2708,16658618,"philip georgiev","2026-09-08 14:28:06",1362.3,2,philipgeorgiev
2709,16719364,Yeh!AIGame,"2026-09-10 10:16:26",1362.2,2,"luluyeh,yehshibang"
2710,16808178,qianyuatkaggle,"2026-09-08 00:37:32",1362.0,2,qianyuatkaggle
2711,16686483,"all in kaggle","2026-09-14 12:25:30",1362.0,2,leonstew
2712,16728103,Immutable,"2026-09-06 21:33:16",1361.7,1,dishcleaner
2713,16675512,Corgi-Samoyed,"2026-09-14 14:34:57",1361.5,2,corgisamoyed
2714,16663827,magoemu,"2026-09-03 22:08:53",1361.4,2,magoemu
2715,16665700,张广麒,"2026-08-31 08:41:33",1361.4,2,zzggqq
2716,16714057,"T0m0t0m0 W","2026-08-30 07:55:00",1360.7,2,t0m0t0m0w
2717,16657825,MilanJoshi,"2026-09-01 12:04:31",1360.7,2,mlnjsh
2718,16841667,Zwxiang123,"2026-09-06 01:27:21",1360.0,1,zwxiang123
2719,16654752,Agrofitting,"2026-09-12 18:17:22",1359.6,2,"evvfebruary,vinch97"
2720,16763767,"Carson Zhang","2026-09-13 10:53:55",1357.9,2,zmcddn
2721,16728996,autowin,"2026-09-05 16:20:27",1357.7,2,atharvjairath
2722,16771558,"Vitalie Cervinschi","2026-09-01 00:08:11",1357.3,2,vitaliecervinschi
2723,16621831,"Tsung-Yeh, Hsieh","2026-09-09 18:31:09",1356.9,2,"tsungyehhsieh,xinyuloong"
2724,16736050,SuperZero11,"2026-09-10 07:44:19",1356.8,2,anandaverma
2725,16657594,"Wojciech Krasowski","2026-09-02 20:37:04",1356.5,2,ci3l4k
2726,16668157,"vineet dairashri","2026-09-13 17:23:11",1356.1,2,vineetdairashri
2727,16747036,Illusion,"2026-09-04 13:34:36",1355.8,2,briankimtaikab
2728,16693382,Sandrone,"2026-09-07 15:57:25",1355.3,2,luvgoelo
2729,16743172,moonzfxs,"2026-09-07 00:27:09",1354.2,2,moonzfxs
2730,16774727,"Dannya AbdulHadi","2026-09-04 11:48:50",1352.9,2,dannyaabdulhadi
2731,16719083,"Justin Mai 16","2026-09-07 22:30:10",1352.9,2,justinmai16
2732,16655190,"Will Rice","2026-09-14 18:20:14",1351.7,2,willrice
2733,16761641,Diavolo,"2026-09-05 09:31:08",1350.6,2,jeanmarcbah
2734,16697923,"Vincent Debout","2026-09-12 22:24:00",1350.3,2,vdebout
2735,16732813,Soomana1z,"2026-09-08 17:20:16",1350.3,2,soshionodera
2736,16806394,Flowers,"2026-09-02 04:03:16",1350.1,1,"guyueyuan,oliver34,wu12138test"
2737,16656659,"James Y","2026-08-31 09:51:47",1350.0,2,redoctopusk
2738,16754112,"rhythm master","2026-09-02 02:01:23",1349.4,2,"lukaswong,nairurga,zaynedong"
2739,16802752,hako22,"2026-09-05 13:11:51",1349.3,2,hako22
2740,16771605,Psyrax,"2026-09-14 14:54:38",1349.0,2,psyrax012
2741,16670948,wally0593,"2026-09-02 08:31:29",1348.8,2,wally0593
2742,16757418,Janus,"2026-09-04 11:49:23",1348.6,2,khaled1alhasan
2743,16733839,"Fabian Ruiz","2026-09-14 19:58:16",1347.8,2,fabianruiz3
2744,16795798,"Refrain 1","2026-09-01 09:36:19",1347.8,2,"chisatoy,refrain1"
2745,16713543,"Rustam Bazarbayev","2026-09-14 07:26:24",1347.4,2,rustambazarbayev
2746,16755414,Danzzzl,"2026-09-05 16:14:12",1347.3,2,okunevda
2747,16632214,roomer,"2026-09-05 03:55:23",1347.2,2,"matsuphy,mqme526,yasunamiura"
2748,16658409,AlexMasip,"2026-09-03 15:37:32",1346.9,2,alexmasip
2749,16658830,"Farhat Pachisa","2026-09-01 12:21:28",1346.1,2,farhatpachisa
2750,16732507,iwashhh,"2026-09-08 21:08:37",1345.4,2,yuinokogawa
2751,16760490,"nir afek","2026-08-30 21:08:22",1345.4,2,nirafek
2752,16666188,"XueFeng Chen","2026-09-13 00:35:39",1345.3,2,chxfmcs
2753,16697877,"Sky kun","2026-09-13 22:36:13",1343.8,2,skykun
2754,16783459,LKQ669,"2026-09-02 14:33:50",1343.1,2,lkq669
2755,16727544,"Mostafa H","2026-09-01 10:03:53",1342.5,2,mostafahaghiri68
2756,16660444,"Сергей Мизин","2026-09-12 08:30:25",1342.3,2,seeergo
2757,16785924,Abhinav_26104,"2026-08-31 15:17:41",1342.1,2,abhinav26104
2758,16818589,"Rachmat S. Haryadi","2026-09-10 16:48:09",1342.0,2,rachmatsharyadi
2759,16688642,"Natalia Mawyin","2026-09-05 11:08:38",1342.0,2,nmawyin
2760,16651792,LX,"2026-09-02 10:29:49",1341.7,2,sunnylx
2761,16793344,zyichi,"2026-09-02 06:41:30",1341.6,2,zyichi
2762,16658962,"Fabian Friedland","2026-09-01 02:35:18",1341.4,2,fabotelli
2763,16628456,kiro,"2026-09-08 06:39:53",1341.1,2,kirosamurai
2764,16743191,"Ryoya Kochiyma","2026-09-05 13:28:19",1340.2,2,"kazutotakekuma,ryoyakochiyma"
2765,16768143,KingDellaFarm,"2026-09-02 12:49:02",1339.5,2,"alessandrodestasi,disteroas"
2766,16740851,Zefirrr,"2026-09-01 16:46:15",1339.1,2,zefirrrr
2767,16775286,DanilAbdullin,"2026-09-02 05:42:51",1338.6,2,danilabdullin
2768,16623691,KevlarZanderChi,"2026-08-31 17:19:02",1338.5,2,kevlarzanderchi
2769,16668162,AlejandroAlvarez,"2026-09-11 10:49:13",1337.2,2,theworm
2770,16778792,"Karthik #2","2026-09-02 17:15:47",1337.1,2,karg14
2771,16779831,地里偷偷尿尿,"2026-09-06 14:21:55",1335.9,2,jjsdfd22
2772,16742825,"Ritwik Raha","2026-09-05 00:03:10",1335.2,2,ritzraha
2773,16771457,"HK Fama","2026-09-05 17:51:47",1334.8,2,kenho211
2774,16795041,"Denis Revenko","2026-09-01 13:02:36",1334.8,2,denizzko
2775,16737937,xamad,"2026-09-01 13:19:27",1334.5,2,giannicerrato
2776,16665311,"huayang sun","2026-09-05 06:20:01",1334.5,2,okami001
2777,16871907,"Junya _318","2026-09-14 04:15:18",1334.4,2,junya318
2778,16696762,SOSyuki,"2026-08-31 15:37:09",1334.0,2,sosyuki
2779,16791943,tamref,"2026-09-05 02:59:16",1332.0,2,tamreff3290
2780,16659627,"Lam Dang","2026-09-14 15:27:04",1331.9,2,lamdang
2781,16796682,LK30,"2026-09-15 00:55:37",1331.4,2,louisklasing
2782,16677252,カワシギ,"2026-09-03 05:11:27",1330.6,2,kawashigi
2783,16764068,"Chika Komari","2026-09-02 11:18:48",1330.6,2,gothamjocker
2784,16626203,"Manish Kumar Maurya","2026-09-13 13:29:42",1330.4,2,manishkumarmaurya11
2785,16810802,"Musa Khan","2026-09-03 16:40:12",1330.3,1,lazer999
2786,16848645,"Chee Keong Sim","2026-09-10 14:59:11",1330.3,2,cheekeongsim
2787,16701638,"John Stupid","2026-08-30 09:28:55",1330.1,2,bryxosmmm
2788,16741551,"Vedant Tiwari","2026-09-02 20:48:05",1330.0,2,vedant7312
2789,16785753,"Mizero Lucky Gall","2026-09-03 17:36:59",1329.6,2,mizeroluckygall
2790,16771361,"It's Ratcha","2026-09-07 18:59:25",1328.6,2,itsratcha
2791,16798174,"Jan Bartos","2026-09-07 22:28:55",1326.5,2,janbartos
2792,16793287,"Kim Jinseo","2026-08-30 13:47:02",1326.0,2,kimjinseo1
2793,16756633,TheDanKing,"2026-08-31 05:49:23",1325.8,2,thedanking
2794,16779652,cheezyp,"2026-08-31 06:26:25",1325.2,2,cheezyp
2795,16624969,tf,"2026-09-03 12:47:47",1324.9,2,tfukuhara
2796,16661393,"razab Bawa","2026-09-06 12:43:30",1324.1,2,razabbawa
2797,16838821,小等等,"2026-09-05 11:38:58",1323.7,1,atwelve
2798,16734225,"Vijay athithya ","2026-09-02 07:06:29",1323.7,2,vijay09
2799,16694186,souju00,"2026-09-14 10:52:51",1323.2,2,souju00
2800,16732484,tanzaku,"2026-09-06 07:58:50",1322.8,2,tanzaku
2801,16706442,tipstar0125,"2026-09-05 11:50:46",1322.5,2,dragonty
2802,16717113,"Dovydas Ruokis","2026-09-11 19:58:21",1321.5,2,dovydasruokis
2803,16778072,oonumberone,"2026-08-30 02:54:33",1321.2,2,oonumberone
2804,16725410,LE4VES,"2026-09-08 09:27:15",1320.8,2,le4ves
2805,16811502,"Avi Porath","2026-09-14 04:33:01",1320.8,2,aviporath
2806,16731911,"liu bo","2026-09-14 08:15:16",1319.6,2,liuboo45586
2807,16768323,thuvuduy16,"2026-08-31 18:59:54",1319.3,2,thuvuduy16
2808,16843970,dharana77,"2026-09-13 03:41:27",1319.3,2,ylee4574
2809,16771456,"Tianrun Liao","2026-09-14 16:08:41",1319.0,2,tianrunliao1
2810,16640540,QYQ1693,"2026-09-07 12:00:05",1318.6,2,qyq1693
2811,16672468,ComposeMage,"2026-09-08 01:51:40",1318.0,2,composemage
2812,16639979,naphthalene,"2026-09-01 10:40:26",1317.8,2,"aaa0342,leehyungjoon,minjek,trv449"
2813,16675739,"Jithendra Maddala","2026-09-12 05:12:26",1317.6,2,jithendramaddala
2814,16748187,"Violet Notes","2026-09-09 13:20:38",1317.4,2,dominicjamil
2815,16661304,"Jonathan Roy","2026-09-14 17:05:57",1317.2,2,jonathanroy7
2816,16653260,"Kadouci Abdelhak","2026-08-29 00:16:50",1317.2,2,kadouciabdelhak
2817,16655633,johnny,"2026-08-31 04:55:56",1317.1,2,jonykarki
2818,16795391,MECHINE,"2026-09-01 03:05:47",1316.8,2,nainglinwai
2819,16756630,Shreyas,"2026-08-30 09:58:08",1316.7,2,shreyasdongre25
2820,16709872,"Tim McGarvey","2026-09-13 03:35:26",1316.3,2,timmcgarvey
2821,16718956,hassan,"2026-09-01 16:14:25",1316.2,2,hasankhhan
2822,16686513,Vipul_Kumar75476,"2026-09-15 00:17:28",1315.9,2,vipulkumar75476
2823,16669911,"Batuhan Ustun","2026-09-15 00:14:48",1315.3,2,batustun
2824,16770089,ouga,"2026-09-15 00:10:24",1315.2,2,ouga1shizawa
2825,16877958,"Igor Buinyi","2026-09-11 23:06:07",1314.1,1,buinyi
2826,16637458,OlivierS,"2026-09-09 03:41:58",1313.7,2,oliviers
2827,16854250,"Jenil Emp","2026-09-14 13:15:14",1313.4,2,jenilemp
2828,16623890,"rapika rosalia","2026-09-01 17:40:24",1312.5,2,rapikarosalia
2829,16622919,Waffle,"2026-09-03 00:25:52",1312.5,2,waffle3z
2830,16780317,jrcjrcjrc,"2026-09-04 06:03:51",1312.2,2,jrcjrcjrc
2831,16761788,"Corenthin Buffard","2026-08-26 13:16:28",1311.8,2,cbuffard
2832,16794841,thisArmin,"2026-08-31 04:29:30",1311.1,1,thisarmin
2833,16791752,bayachay,"2026-09-13 02:26:18",1310.5,2,bayachay
2834,16765154,dreamcxy,"2026-08-31 03:54:16",1310.3,2,dreamcxy
2835,16675351,-Beterraba,"2026-09-05 18:45:27",1310.1,2,"afonsoo,miguelottoni"
2836,16721980,pend_ts19,"2026-09-03 03:03:36",1309.8,2,pendts19
2837,16757704,Faustine,"2026-09-10 12:37:00",1309.3,2,faustine649
2838,16841061,"Artin yzn","2026-09-09 12:20:47",1308.8,2,artinyzn
2839,16805609,Gleb,"2026-09-01 22:11:48",1308.5,1,korelin
2840,16652912,"Kyle Ellard","2026-09-04 11:51:13",1308.5,2,kyleellard
2841,16641183,"Team Name Pending","2026-08-30 15:18:19",1307.6,2,"abdaathaillahhadyan,oliverspiby"
2842,16716613,Arvin,"2026-09-08 01:18:15",1307.5,2,chesterx
2843,16626655,"Surya milenial","2026-08-30 08:21:22",1306.0,2,suryamilenial
2844,16705318,arminhej96,"2026-09-14 07:12:37",1305.8,2,arminhej96
2845,16623856,aowhite,"2026-09-03 06:12:31",1304.9,2,brandnewyork
2846,16774475,LoveB4Sunrise,"2026-09-01 04:42:09",1304.1,2,demacia1314
2847,16635663,"Pascal Pfeiffer","2026-08-31 08:47:35",1303.8,2,ilu000
2848,16634426,ertu,"2026-09-05 01:22:50",1303.8,2,ozertuu
2849,16674948,habe.sq,"2026-08-26 11:48:32",1303.1,2,habesq
2850,16664609,Re2lawd,"2026-08-31 05:42:43",1302.2,2,re2lawd
2851,16662222,MinerUNLEASHED,"2026-08-24 16:28:40",1301.8,2,minerunleashed
2852,16660121,10pi,"2026-09-02 01:21:07",1301.0,2,meredith10pi
2853,16866689,snehitha,"2026-09-14 18:39:09",1299.8,2,andapallysnehitha
2854,16662696,"Cengizhan Tümer","2026-08-31 20:54:21",1299.5,2,cengizhantmer
2855,16655169,Musliadi,"2026-08-31 05:51:39",1298.5,2,timscientia
2856,16806048,duck_raccooon,"2026-09-02 15:03:04",1298.4,2,duckraccooon
2857,16783630,"fan yanbing","2026-08-30 11:33:12",1297.9,2,jackpudding
2858,16779598,RiverStead,"2026-09-11 12:27:06",1296.3,2,riverstead
2859,16729906,"Krzysztof Madziar","2026-08-28 05:05:13",1296.3,2,krzysztofmadziar
2860,16778808,"Candace Dudleson","2026-08-31 23:19:12",1296.0,2,candacedudleson
2861,16641982,ZotAZaw3,"2026-08-28 09:43:47",1295.6,2,zotazaw3
2862,16760158,"apple farmer","2026-08-30 01:15:01",1295.1,2,gustavoknudsen
2863,16659715,masb,"2026-09-11 10:41:04",1294.4,2,affansaied
2864,16764431,"William Diment","2026-09-14 07:50:42",1294.0,2,williamdiment
2865,16779451,kibuna,"2026-09-13 09:04:02",1293.0,2,kibuna
2866,16667724,"Masashi Onda","2026-09-02 12:43:58",1292.2,2,masashionda
2867,16669810,CREART,"2026-08-29 16:06:18",1291.3,2,gustardust
2868,16689266,"Oleksandr Dudnev","2026-09-09 06:14:10",1290.9,2,dantist
2869,16715205,GCarnovale,"2026-09-15 00:08:31",1290.8,2,gcarno
2870,16769116,qiuqiu,"2026-09-11 13:33:23",1290.3,2,qiuqiuh
2871,16734699,PangMinShih,"2026-08-28 08:39:27",1290.1,2,shihbonbon
2872,16770299,"أحمد فهد الربيش","2026-08-25 09:55:13",1290.1,2,ghr111
2873,16852043,"pig da","2026-09-08 05:32:31",1290.0,2,qijunjie
2874,16782227,"chen yue li","2026-09-03 01:34:30",1289.9,2,yueelc
2875,16660477,SeaGoat,"2026-09-13 23:15:17",1289.0,2,vbandaru
2876,16655686,Kyle,"2026-09-01 13:47:44",1288.7,2,kylezhouzhou
2877,16719451,"Syed Toubur","2026-09-14 07:24:40",1288.6,2,syedtoubur
2878,16798544,esprit,"2026-08-31 23:47:56",1288.4,1,takuji
2879,16654196,"Aryaman Chokhani","2026-08-31 06:30:01",1287.3,2,"aryamanchokhani,pranrocky"
2880,16770927,kaptaan45,"2026-08-28 08:06:32",1287.2,2,kaptaan45
2881,16655381,"Varshith K","2026-09-10 22:42:07",1287.1,2,var3604
2882,16647438,"Aderian Setiawan","2026-09-09 20:10:46",1286.6,2,aderiannovito
2883,16747306,"Yasasvi Josyula","2026-09-14 08:34:44",1286.1,2,yasasvijosyula
2884,16757384,straw_Yu,"2026-09-09 01:41:11",1286.1,2,strawyu
2885,16653385,"Vasilii Buzmakov","2026-09-11 21:51:51",1286.0,2,vasiliibuzmakov
2886,16768676,Doit,"2026-08-25 02:09:47",1285.9,1,aifccnb
2887,16753125,"Rudransh Singh Rathore","2026-08-26 03:10:23",1285.8,2,rudranshsinghrathore
2888,16728774,あなまか,"2026-09-12 13:08:44",1285.3,2,arakish
2889,16622627,"Erik van de Ven","2026-09-07 13:01:31",1285.2,2,erikvdven
2890,16784611,sardarkhanyadav,"2026-08-28 16:45:33",1283.1,2,sardarkhanyadav
2891,16778358,"Lê Nguyễn Việt Cường","2026-08-28 03:46:51",1282.6,2,lengvietcuong
2892,16823626,Korokke3,"2026-09-13 14:08:54",1282.5,2,korokke3
2893,16725564,NoPlanB,"2026-09-06 17:23:08",1282.3,2,kduncanrobertson
2894,16790233,"prateek chandra","2026-08-30 15:55:55",1281.9,2,prateekchandra7005
2895,16702590,"Aashka Kapadia","2026-09-09 20:10:24",1281.6,2,aashka
2896,16779067,fishwg,"2026-08-28 09:12:54",1281.5,2,fishwg
2897,16689569,JovanaLab,"2026-08-27 22:43:51",1281.4,2,"choonesenlu,joxitsai"
2898,16793261,Von_Feynman,"2026-08-30 13:35:43",1280.6,1,terrenceluo1017
2899,16743136,unhappy,"2026-09-13 12:57:51",1280.5,2,chenyahui123
2900,16842071,buddyY26,"2026-09-07 13:06:08",1280.5,2,buddyy26
2901,16635029,"Oleg Melnik","2026-09-11 19:10:31",1279.4,2,olegmelnik
2902,16667147,"Daksh Bhalala","2026-08-26 06:41:04",1279.0,2,dakshbhalala
2903,16796980,ChenyuBaii,"2026-09-11 09:56:01",1278.7,2,chenyubaii
2904,16762537,Controlvector,"2026-08-25 08:28:11",1278.2,2,"controlvector,yxdu01"
2905,16686583,techtech69,"2026-09-07 15:53:30",1278.2,2,techtech69
2906,16691247,"Aneesh Rao","2026-08-27 17:11:07",1277.8,2,sidrao2006
2907,16766941,"S Kim","2026-09-10 22:16:57",1277.4,2,sunnyk92
2908,16666468,"J Penman","2026-09-09 07:04:10",1277.2,2,jpenman
2909,16762139,AltriaE,"2026-08-25 15:27:52",1277.1,2,altriae
2910,16696743,"wennan cao","2026-09-13 00:43:07",1276.8,2,wennancao
2911,16738626,李BCDEFGA,"2026-08-25 06:55:39",1276.5,2,bcdefga
2912,16707453,"Kaan Dınız","2026-08-28 09:11:10",1276.1,2,kaandnz
2913,16763437,"⸻AgentZZ ⸻","2026-08-23 20:47:44",1275.8,1,agentzz
2914,16778019,Mr.Frundles,"2026-09-03 02:21:58",1275.5,2,watehell
2915,16770397,Ryu,"2026-09-03 20:15:16",1275.2,2,bexultanashenov
2916,16745416,yamato035073,"2026-08-30 22:24:34",1275.0,2,yamato035073
2917,16791549,"Eugenio Schiavoni","2026-08-31 19:14:40",1274.8,2,eugeniokukes
2918,16813899,blueshine,"2026-09-10 10:13:48",1274.7,2,minagawateru
2919,16692744,"VAIBHAV RASTOGI 90","2026-09-03 23:43:33",1274.7,2,vaibhavrastogi90
2920,16689274,Anyeson,"2026-08-30 09:24:43",1274.6,2,anyeson
2921,16751899,peggy,"2026-09-06 07:54:57",1274.4,2,refrigerator21
2922,16858207,"David Wang","2026-09-15 01:25:15",1274.2,2,renew66
2923,16712714,MiMi,"2026-08-31 08:39:16",1273.7,2,"frank0921,rickytsou"
2924,16626582,"Omer Faruk Merey","2026-09-02 10:38:00",1273.7,2,omerfarukmerey
2925,16654526,"Jin Niu","2026-08-26 18:25:33",1273.6,2,gufanmingmie
2926,16716549,notoverkil,"2026-08-28 08:16:38",1273.5,2,notoverkil
2927,16760509,"gnanadeepika karanam","2026-08-29 03:35:25",1273.2,2,gnanadeepikakaranam
2928,16668756,"Clark Kitchen","2026-09-09 00:54:50",1272.8,2,clarkkitchen
2929,16755244,SZU蓝心,"2026-09-01 11:50:45",1272.5,2,jiazhanliu
2930,16671476,"Mingkang YAN","2026-08-26 08:13:57",1272.4,2,mingkangyan
2931,16790391,"Kevin Cao","2026-08-29 13:38:03",1271.9,1,kevincao2
2932,16775443,NoName,"2026-09-04 23:49:43",1271.9,2,thesonalsingh
2933,16838736,"kauan cassiano","2026-09-05 06:42:48",1271.9,1,kauancassiano
2934,16733708,RyanHo,"2026-08-29 03:59:12",1271.3,2,ryanrx
2935,16627472,CloverFarm,"2026-09-08 13:23:55",1271.2,2,ljs2546
2936,16759250,"Harsh Jain","2026-08-28 06:55:29",1271.0,2,harshjain123
2937,16726547,"Ezra Kho","2026-08-28 04:04:46",1270.4,2,ezrakho
2938,16670999,Maksonch1k,"2026-08-28 23:01:42",1270.1,2,maksonch1k
2939,16748000,"Rohit Raj Singh","2026-09-03 09:38:10",1269.9,2,rohitrajsingh555
2940,16670569,Ezzzzzekki,"2026-09-12 15:40:36",1269.9,2,abdullahelzeki
2941,16672709,"RS Turley","2026-09-14 13:49:51",1269.5,2,rturley
2942,16743656,Deskbo,"2026-08-26 16:14:12",1269.3,2,deskbo
2943,16692443,xmkevin2004,"2026-09-08 15:10:46",1269.1,2,xmkevin2004
2944,16704603,Tmaxxer,"2026-08-28 14:45:38",1269.1,2,tmaxxer
2945,16621497,"Victor @ Tufa Labs","2026-08-26 20:41:50",1268.8,2,vmerckle
2946,16802775," SonSheungmin","2026-09-03 06:55:03",1266.6,2,sonsheungmin
2947,16634153,AnpAn_Men,"2026-08-29 19:47:31",1266.1,2,anpanmen
2948,16746632,tingyu516,"2026-08-24 06:05:33",1265.8,2,tingyu516
2949,16655255,MalelizarazoP,"2026-08-26 13:34:53",1265.4,2,malelizarazop
2950,16664683,"Halapeño Farms","2026-09-14 00:35:12",1264.8,2,haladaj
2951,16685450,Nadeem,"2026-08-25 09:21:14",1264.1,2,nadeembinshajahan
2952,16773170,"yy li","2026-08-28 07:05:37",1264.0,2,yangyili11
2953,16777138,"Anna Pakhaliuk","2026-09-14 18:30:44",1263.9,2,annapakhaliuk
2954,16752733,zjukop1,"2026-08-25 03:29:28",1263.7,2,zjukop1
2955,16759058,Miz,"2026-09-14 11:17:56",1262.7,2,ryota040
2956,16748382,shiiin9,"2026-08-29 15:30:13",1262.6,2,shiiin9
2957,16709115,"PARK HYUNSIK","2026-08-26 01:51:31",1262.4,2,hyunsikpark
2958,16665753,"Mansour A. S. Ataa","2026-08-26 10:28:34",1262.3,2,profmansoor
2959,16664537,"Lenin Goud","2026-08-27 01:07:37",1262.1,2,leningoud
2960,16662910,"shoryakumar mishra","2026-09-14 00:01:05",1262.0,2,shoryakumarmishra
2961,16665337,BHackers,"2026-08-26 17:13:11",1261.7,2,clarencepagaduan
2962,16732586,Juniex,"2026-09-09 22:25:54",1261.5,2,juniex
2963,16732496,kanno,"2026-09-15 01:20:48",1261.2,2,kannomasaki
2964,16674310,"Ayaz Ahmed Kazi","2026-08-29 18:49:13",1260.5,2,ayazahmedkazi
2965,16738279,zhangshuosc,"2026-08-26 05:11:57",1260.2,2,zhangshuosc
2966,16888261,"Andreas meling","2026-09-14 17:35:15",1259.9,2,andreasmeling
2967,16747982,"Affriza Wildan Fauzan","2026-09-11 10:11:01",1259.7,2,affrizawildanfauzan
2968,16753515,"Yosif EL-Rammaal","2026-08-25 16:57:09",1259.1,2,yosifelrammaal
2969,16774410,"Rishabh Roy","2026-08-26 09:01:38",1259.1,1,rishabhr0y
2970,16700771,"Disuru Coba Ama Jaki","2026-08-31 09:50:50",1258.3,2,reiiihel
2971,16758791,"qw yi123","2026-09-10 08:06:11",1257.6,2,qwyi123
2972,16712432,hengck23,"2026-08-25 17:58:30",1257.3,2,hengck23
2973,16753194,"Saicharan Ramineni","2026-08-26 19:33:02",1257.1,2,godlydonuts
2974,16660601,"Rabbiya affan","2026-09-07 07:36:58",1257.1,2,rabbiyaaffan
2975,16749257,rsraki,"2026-09-08 03:05:03",1256.8,2,rsraki
2976,16727529,윤영일,"2026-09-10 14:44:20",1256.5,2,iongil
2977,16770998,ket,"2026-08-31 22:14:53",1256.3,2,kentken
2978,16742267,chandora,"2026-09-08 11:13:06",1255.6,2,chandora
2979,16670883,G*Sim,"2026-08-28 07:55:59",1255.6,2,guillaumesimiand
2980,16782193,nal_nh906,"2026-09-02 01:42:32",1255.3,2,hhan09
2981,16793106,"Пал Лаич","2026-08-30 12:45:34",1255.2,1,skypunkaudiowalker
2982,16630516,"Seb (allegedly)","2026-09-09 09:22:48",1254.9,2,sebmallia
2983,16745499,"lurs lurs","2026-08-29 02:02:15",1254.8,2,lurslurs
2984,16764738,Lucasty,"2026-08-25 07:04:36",1253.7,2,lucaswty
2985,16684994,"Katasonov Evgeny","2026-08-30 01:39:34",1253.7,2,katasonoveugene
2986,16669403,mrgrishninsb,"2026-09-13 13:22:10",1253.6,2,mrgrishninsb
2987,16758279,"GO HIROSHIMA 2","2026-08-29 02:51:47",1253.5,2,gohiroshima2
2988,16774129,"Chen Audrey","2026-09-04 13:38:19",1253.4,2,chenaudrey
2989,16741826,StackKnight,"2026-08-28 02:12:12",1253.4,2,stackknight
2990,16654697,KawattaTaido,"2026-09-14 12:21:11",1252.5,2,kawattataido
2991,16781550,Lumberjacks,"2026-09-13 15:34:54",1252.2,2,jamesmcgarryiv
2992,16769028,"Rishabh Yadav","2026-09-02 08:49:36",1252.0,2,riishabhhh
2993,16765313,Hosuke,"2026-09-01 04:19:31",1251.9,1,hosuke
2994,16670527,"Balram Gupta","2026-09-14 22:01:27",1251.8,2,"akankshaparab,bg28898"
2995,16844154,シュークリーム,"2026-09-07 03:31:45",1251.8,2,syucream
2996,16775771,"Ewia Tng","2026-09-09 04:57:46",1251.4,2,ewiatng
2997,16639796,rmizuta,"2026-08-28 15:07:43",1251.2,2,rmizuta
2998,16853131,"Awesome Egg","2026-09-10 07:27:41",1250.5,2,newegg
2999,16748647,"Adar Cohen","2026-08-24 21:27:43",1249.7,2,adarcohen
3000,16670659,saumyagupta12,"2026-09-07 11:24:23",1249.5,2,saumyagupta12
3001,16708965,"Witold Dziurdz","2026-08-23 16:33:47",1249.1,2,witolddziurdz
3002,16760656,CharTFboy,"2026-08-24 09:19:37",1249.1,2,chartfboy
3003,16748907,EdwardHwang@123,"2026-08-24 15:32:00",1249.0,2,edwardhwang123
3004,16761019,"yiwen hou","2026-08-25 14:48:43",1248.8,2,hevenhina
3005,16693663,"YoungCheol Son","2026-08-27 00:51:34",1248.7,2,sonyc5720
3006,16662819,THeLAB,"2026-08-17 18:55:16",1248.6,2,feuorme
3007,16763274,vinceybb,"2026-09-10 23:56:06",1247.7,2,vinceybb
3008,16630711,"Aleks Lviv","2026-08-30 11:46:50",1247.6,2,alekslviv
3009,16740392,"Amey Thakur","2026-08-25 12:01:41",1247.4,2,ameythakur20
3010,16762940,"Davide Andreolli","2026-09-06 09:20:28",1247.2,2,davideandreolli
3011,16659972,"Pelamovic ","2026-08-25 18:03:34",1247.1,2,pelamovic
3012,16660492,"Deven Bagul","2026-08-29 11:56:30",1246.9,2,devenbagul
3013,16666195,"Yihan Guo","2026-08-28 08:44:06",1246.8,2,yihanguo
3014,16770979,"Paulo Martins","2026-09-14 14:57:47",1246.6,2,paulomartins87
3015,16706523,"Aussie lover","2026-09-04 06:20:53",1246.5,2,aussielover
3016,16645426,Jun_value,"2026-09-15 01:19:46",1246.2,2,junvalue
3017,16876853,PUN,"2026-09-14 04:13:40",1245.3,2,pshikk
3018,16830753,"youyi li","2026-09-06 02:50:01",1245.0,2,liyouyi
3019,16729225,"Aayush Sigdel","2026-09-03 15:47:50",1244.7,2,aayushsigdel
3020,16675704,reeemii,"2026-08-26 08:51:15",1244.4,2,reeemii
3021,16679004,"Kevin Zhao","2026-09-11 08:58:50",1244.2,2,kevinzhao666
3022,16675777,"Ml BOY","2026-09-07 18:15:38",1243.8,2,mlboy1
3023,16727214,"Jaivardhan Raahi","2026-09-04 05:49:08",1243.6,2,jaivardhanraahi
3024,16771843,"Surekha Ramireddy","2026-09-01 15:34:18",1243.6,2,surekharamireddy
3025,16692038,CodeHacker,"2026-09-14 01:42:01",1243.3,2,junhanzangai
3026,16733932,"Jasper Turnidge","2026-08-24 06:36:23",1242.8,2,jasperturnidge
3027,16778489,dataWr3cker,"2026-08-28 20:40:52",1242.4,2,gourabr0y555
3028,16623736,Garigariyong,"2026-09-01 04:31:17",1242.3,2,garigariyong
3029,16672202,HealthStone,"2026-08-29 21:04:07",1242.2,2,healthstone
3030,16863344,masat,"2026-09-09 23:46:30",1241.2,1,masatttt
3031,16724228,LSS0334,"2026-08-26 00:15:54",1241.2,2,lss0334
3032,16729554,"JingSong Yang","2026-08-28 05:33:55",1240.8,2,jingsongyang
3033,16635681,"Shubham Phapale","2026-09-05 12:46:36",1240.7,2,shubhamphapale
3034,16764206,yanjixiang,"2026-08-25 11:37:34",1240.0,2,yanjixiang
3035,16744905,"Nator X","2026-08-26 22:15:29",1239.1,2,natorx
3036,16698340,"Yanxi Jiang","2026-08-26 03:24:55",1238.4,2,yanxijiang
3037,16735341,Ryui68925,"2026-08-24 16:22:30",1237.8,2,ryui68925
3038,16752121,adhsdrtjh,"2026-08-23 15:02:25",1236.1,2,adhsdrtjh
3039,16699455,vijaikm,"2026-09-14 11:34:34",1234.8,2,vijaikm
3040,16782984,crinoid,"2026-09-02 10:59:06",1234.7,2,takemi
3041,16821542,"Hıdır BozkurtT","2026-09-14 21:30:13",1234.7,2,hdrbozkurtt
3042,16725304,"Alexandru A","2026-08-29 07:34:25",1233.1,2,alexandrua01
3043,16742228,"bangqun ZHAO","2026-08-27 05:20:56",1232.9,2,bangqunzhao
3044,16759705,2nod,"2026-08-23 03:42:04",1232.7,2,tsunoten
3045,16860049,Himanshu,"2026-09-09 13:07:09",1232.4,2,himanshuffbfujbf
3046,16879133,xiepengo,"2026-09-13 14:05:18",1232.3,2,xiepengo
3047,16755921,"Natnael Yerga","2026-08-24 16:43:22",1232.1,2,natnaelyerga
3048,16838843,"qiu ji123","2026-09-12 02:58:46",1232.0,2,qiuji123
3049,16767625,"Saurabh Yadav","2026-08-24 17:56:22",1231.8,1,saurabhyadav1305
3050,16764545,ArX,"2026-08-24 09:44:45",1231.7,2,arx1993
3051,16758152,MiguelLFCG,"2026-08-30 11:20:49",1231.2,2,miguellfcg
3052,16670297,"Gebreab K. Zewdie","2026-08-26 00:22:15",1231.1,2,gzewdie
3053,16870771,wangxt1,"2026-09-11 06:19:14",1230.9,2,wangxt1
3054,16757566,"Ankit Kumar","2026-08-23 12:03:53",1230.8,2,imankit57
3055,16768047,アメリカ農業研究会,"2026-08-25 17:19:10",1230.8,2,flnkhome
3056,16851712,VelloNChiru,"2026-09-15 00:01:02",1230.6,2,janelawrence
3057,16807054,"JSU xiaopoche","2026-09-03 06:35:02",1230.3,1,xhmuvw
3058,16758817,Ruwawa,"2026-08-30 18:23:19",1229.8,2,ruwawa
3059,16769082,"Little Xi","2026-08-26 03:31:32",1229.8,2,littlexi0
3060,16759075,"Michael Day","2026-08-24 10:38:52",1229.5,2,michaelday99
3061,16784133,"HASNAIN HAIDER","2026-09-01 17:02:27",1229.2,2,techzero
3062,16737057,Wiz,"2026-08-24 03:15:13",1227.0,2,williamzhou001
3063,16666165,ChrisLeiteScha,"2026-08-24 15:20:36",1226.9,2,chrisleitescha
3064,16800775,SunSeeker染汐,"2026-09-01 16:47:33",1226.7,2,sunseekerrx
3065,16841296,Flesymevoli,"2026-09-06 08:49:58",1226.4,2,flesymevoli
3066,16630323,kaggricultureomnidimensionalut,"2026-08-28 10:51:28",1226.4,2,kumarandatascientist
3067,16861578,Markura,"2026-09-14 11:07:06",1226.1,2,markura
3068,16735232,"Johnson Chishimba","2026-09-03 04:13:50",1226.0,2,johnsonchishimba
3069,16737843,"Muhammad Shoaib Memon","2026-08-23 19:52:52",1225.5,2,muhammadshoaibmemon
3070,16738145,綿鍋だよん,"2026-09-14 14:37:31",1225.5,2,potrue
3071,16750726,prince22466,"2026-09-09 11:56:38",1225.4,2,prince22466
3072,16662651,CoatiAI,"2026-09-14 22:34:09",1224.4,2,gjhordan
3073,16658280,"Hemanth Reddy Katta","2026-09-14 22:15:43",1224.3,2,hemanthreddykatta
3074,16866086,"Table Feng","2026-09-14 08:42:38",1223.7,2,tablefeng
3075,16786013,sakarush,"2026-09-02 13:17:42",1222.7,2,sakarush
3076,16763813,Sydney,"2026-09-10 21:54:55",1221.8,2,n3yan7
3077,16872073,"Positive Quark","2026-09-14 23:35:41",1221.8,2,quarkliu
3078,16738721,"Luan Kunyu","2026-09-04 07:05:21",1221.4,2,luankunyu
3079,16875537,HeIIo.Darkness,"2026-09-13 23:22:12",1221.0,2,heiiodarkness
3080,16666578,STRAF,"2026-08-23 23:07:25",1219.7,2,nikosstraf
3081,16664379,N_Matsumoto24,"2026-09-02 08:17:44",1219.7,2,nmatsumoto24
3082,16886319,novacryptic,"2026-09-13 12:37:51",1219.6,2,novacryptic
3083,16745312,"Alexie Huynh","2026-08-22 08:27:27",1219.5,1,alexiehuynh
3084,16725432,Ezra,"2026-09-10 21:42:30",1219.3,2,ezberch
3085,16675655,TrebolNoir_,"2026-09-01 12:59:42",1218.7,2,trebolnoir
3086,16848720,嘎达嘎达,"2026-09-08 07:39:07",1218.5,1,eggyeggygggy
3087,16822583,"TA ME CHEM","2026-09-13 09:26:11",1218.5,1,tamechem
3088,16766320,vp_mass,"2026-08-25 20:19:08",1218.1,2,vpmass
3089,16768239,Oshbocker,"2026-09-10 17:00:40",1217.3,2,oshbocker
3090,16740159,CY,"2026-09-05 09:33:08",1217.2,2,aimeny
3091,16716081,"dunky su","2026-08-23 06:36:50",1217.1,2,dunkysu
3092,16726011,"Dawid Fleischer","2026-08-25 18:37:25",1216.3,2,dawidfleischer
3093,16732446,"Nuri DUDAK","2026-08-29 09:00:59",1216.1,2,nuridudak
3094,16691154,UnknownRobi,"2026-08-31 22:50:27",1215.9,2,canrobichaud
3095,16693193,"Efrain Garay","2026-09-04 20:55:13",1215.1,2,efraingaray7
3096,16658245,ziliangCok,"2026-08-28 16:08:13",1213.5,2,ziliangcok
3097,16748933,Lixrixy,"2026-08-26 06:11:03",1213.2,2,lixrixy
3098,16758634,Ernnnn4u,"2026-08-24 17:00:46",1212.8,2,ernnnn4u
3099,16706897,"Akshay Mathur","2026-08-30 20:38:59",1212.3,2,akshaymathur777
3100,16696208,"kazwzn S","2026-09-14 15:54:05",1212.1,2,kazwzns
3101,16716930,"Direc M","2026-08-31 04:54:06",1211.8,2,direcm
3102,16872275,"Maciek Kiryla","2026-09-13 18:31:00",1211.5,2,doktorkelp
3103,16723991,"James Holland","2026-08-17 01:40:17",1211.5,2,jkhollandjr
3104,16847725,SOLUCIENCE,"2026-09-10 08:06:08",1211.2,2,solucience
3105,16709246,"Tariku Mehdi","2026-09-03 00:25:56",1210.8,2,tarikumehdi
3106,16753618,mushichou4,"2026-08-22 10:20:51",1210.6,2,mushichou4
3107,16675905,HydFarms,"2026-08-30 11:22:11",1210.3,2,"kumaramar,ronithjaju,shiveshcgatech,vidhishah115"
3108,16765215,"arlenjim ","2026-08-24 19:32:48",1210.0,2,arlenjim
3109,16740399,"Lynn Pigott","2026-08-24 03:32:08",1209.1,2,lynnpigott
3110,16663767,"Tommy Mancino","2026-08-31 23:03:57",1209.0,2,tommymancino
3111,16732851,chenry2003,"2026-08-24 02:27:53",1209.0,2,chenry2003
3112,16691506,Dipak_ISM,"2026-08-29 13:07:18",1208.6,2,dipakism
3113,16743904,minamoto,"2026-08-25 16:53:16",1208.6,2,usermina
3114,16849328,"Gaurav #2","2026-09-13 16:02:26",1207.0,2,genesis96839
3115,16727784,Baen,"2026-08-24 06:44:33",1206.7,2,cairh22
3116,16664002,"Guilherme Zanini de Sá","2026-09-14 04:00:19",1206.3,2,guilhermezaninides
3117,16736138,Anand,"2026-08-21 06:00:12",1206.2,2,gazzal
3118,16844277,"Akash Chanran","2026-09-09 16:48:32",1206.1,2,"akashchanran,shruti9345"
3119,16845582,"Julio Cesar Filho","2026-09-08 06:10:03",1206.1,2,juliocesarfilho
3120,16711608,"Thomas Greissler","2026-08-24 00:01:46",1205.9,2,thomasg22202020
3121,16806346,"Mike chen666","2026-09-12 07:04:00",1205.5,2,"mikechen666,tiffanyjade"
3122,16754086,Beenvvv,"2026-08-25 05:57:29",1205.5,2,beenvvv
3123,16753831,zhangjiaweii,"2026-09-04 07:26:21",1204.4,2,zhangjiaweii
3124,16709203,Ayush_Patel,"2026-08-25 03:34:12",1204.3,2,ayushpatel1305
3125,16726994,bird,"2026-08-23 05:00:19",1203.7,2,whitebird
3126,16780130,与君作田,"2026-08-29 14:01:35",1202.5,2,zhaoxi1244
3127,16661772,R3ddrag0n,"2026-09-02 19:43:09",1201.3,2,r3ddrag0n
3128,16722731,"E&M Pioneer","2026-08-30 11:18:55",1201.1,2,hzq2004
3129,16844148,Ethereal49,"2026-09-11 04:17:57",1201.0,2,ethereal49
3130,16698223,"Feng Jiahui","2026-08-18 08:35:04",1201.0,2,junipersky
3131,16666665,Team-Veraxion,"2026-08-31 08:24:24",1200.9,2,"anuragvelekat,ayushiitomar,faizmemon,hariharigandikota"
3132,16795086,Leroll,"2026-09-01 01:54:12",1200.2,2,leroll
3133,16720720,道海孤舟,"2026-08-21 06:59:41",1200.0,2,unseenanch
3134,16662949,"Will English","2026-08-18 17:13:22",1199.9,2,dubascudes
3135,16828844,"SHOUHEI IKEDA","2026-09-06 23:29:56",1199.5,2,shouheiikeda
3136,16701633,"Jacob Davis","2026-08-23 15:06:50",1199.1,2,jacobtdavis
3137,16706185,"Bab Kek","2026-08-25 21:04:53",1198.8,2,babkek
3138,16685342,"Kanth Da","2026-09-09 14:24:45",1198.7,2,"kanthda,riteeshreddybysani"
3139,16778410,"uriel villegas govea","2026-08-28 00:25:47",1198.7,2,urielvillegasgovea
3140,16738899,Grayden_Lee,"2026-08-21 11:42:07",1198.3,2,haozelii
3141,16655718,eveyxy,"2026-09-05 08:58:28",1198.1,2,eveyxy
3142,16725335,"Chris #2","2026-08-29 15:32:47",1198.0,2,kagglecompetechris
3143,16707193,"radji kraim","2026-08-26 11:53:17",1197.8,2,radjikraim
3144,16779780,SiVitr2fDrXS.2N,"2026-08-30 15:06:17",1197.7,2,sivitr2fdrxs2n
3145,16654662,"2/3 rounded to two decimals","2026-08-22 00:36:50",1197.1,2,rnold2
3146,16677592,keniii,"2026-08-25 00:29:31",1197.0,2,kartheeswaran28
3147,16755071,"Varun Rao","2026-08-26 18:46:59",1196.9,2,varunraosfanlkan
3148,16685074,"Emir Can","2026-08-30 20:16:36",1196.8,2,aerospacer
3149,16757903,"Om Singh","2026-08-27 07:05:06",1196.3,1,spoilyfrog
3150,16634093,gezi,"2026-09-09 08:07:03",1196.0,2,goldenlock
3151,16720841,liuhc1017,"2026-09-14 12:24:08",1196.0,2,liuhc1017
3152,16736250,Yizhi,"2026-08-31 06:03:48",1195.7,2,yizhitao
3153,16712943,"Cesar Marcondes","2026-09-04 13:20:02",1195.1,2,cmarcond
3154,16691670,wangbin.dev,"2026-09-14 16:25:42",1194.9,2,wangbindev
3155,16688907,青烟,"2026-08-24 12:39:28",1194.9,2,"imagine4391,mortal4416"
3156,16638177,stpete_ishii,"2026-08-30 05:35:41",1194.5,2,stpeteishii
3157,16664232,"Eddy Despradel","2026-09-01 23:58:35",1194.5,2,eddydespradel
3158,16738657,Mactorr,"2026-09-02 22:44:15",1194.3,2,mactorr
3159,16664477,"The T-MAN","2026-08-26 18:51:40",1194.1,2,otmaneelmahda
3160,16729273,"Munib Ur Rehman Memon","2026-08-24 20:48:08",1193.9,2,muniburrehmanmemon
3161,16776505,"Duck Typing","2026-09-14 12:36:59",1193.8,2,ahmadamindw
3162,16696098,Valmorlee,"2026-08-23 19:40:07",1193.8,2,valmorlee
3163,16716697,"Habil Tobi","2026-08-28 20:57:52",1193.8,2,habiltobi
3164,16709824,pizzahut,"2026-09-12 18:24:15",1193.4,2,csalazoltntams
3165,16769795,"Edi Marian","2026-08-25 11:01:09",1193.3,2,edimarian
3166,16768955,Hunedjekdsfkd,"2026-08-25 03:56:30",1193.2,1,hunedjekdsfkd
3167,16713007,"Jerry Hwa","2026-08-23 12:20:13",1192.8,2,"jerryhwa,richarrdyu"
3168,16659942,"Abdoulaye DIAW","2026-08-21 09:57:06",1192.7,2,abdoulayediaw25
3169,16666054,Ani,"2026-09-04 21:33:20",1192.6,2,anirudhk333
3170,16707749,Yuzu,"2026-09-04 10:22:41",1192.6,2,yuzuoctopus
3171,16621741,"Andrey Naymushin","2026-08-24 09:46:41",1192.4,2,andrewsokolovsky
3172,16738895,SangGold,"2026-09-13 09:18:56",1192.3,2,sanggold
3173,16667843,"durgesh dere","2026-08-21 16:10:13",1192.2,2,durgeshdere08
3174,16661362,BEETRiX🦋,"2026-08-11 14:42:28",1191.9,2,johannaleighdeley
3175,16732654,Goated_Farmers,"2026-08-23 17:09:50",1191.7,2,"mugundhjb,srinathduvvuri"
3176,16870431,"Adam Brink","2026-09-11 11:09:17",1191.3,2,adambrink
3177,16793229,"Waseem Mushtaq","2026-08-30 13:38:14",1191.3,1,waseemmushtaq045
3178,16739898,"solo levelling","2026-08-18 21:08:16",1191.1,2,munibmemon
3179,16840001,agheieff,"2026-09-05 13:16:29",1191.0,1,agheieff
3180,16739363,kulukkuluu,"2026-09-13 17:37:42",1190.9,2,kulukkuluu
3181,16732792,amaotone,"2026-08-20 14:27:36",1189.6,2,amaotone
3182,16726281,rperez04,"2026-08-22 23:15:13",1189.4,2,rperez04
3183,16654091,webmaking,"2026-08-19 05:28:56",1188.8,2,webmaking
3184,16689601,"Prathmesh Adsod","2026-08-18 03:55:13",1188.8,2,prathmeshadsod
3185,16664566,"Lormann ","2026-08-23 06:24:29",1188.5,2,lormann
3186,16778417,"TANG BUDU 19SD195","2026-09-06 21:01:57",1187.5,2,tangbudu19sd195
3187,16763444,"crazy achiever","2026-08-28 18:51:13",1187.0,2,crazyachiever
3188,16654021,"Swachhith B","2026-08-24 08:40:04",1186.8,2,swachhithb
3189,16756750,Charu,"2026-08-22 00:45:03",1186.8,2,charu13a
3190,16728067,"Chenzhao Li","2026-08-18 08:04:21",1186.0,2,heartquest
3191,16738745,"Anh Quân","2026-08-24 13:41:30",1185.8,2,qunanh
3192,16668370,"Matthew Labrador","2026-09-14 13:02:06",1185.6,2,m4tyuuu
3193,16729691,YinuoChen271,"2026-08-17 15:42:51",1185.6,2,yinuochen271
3194,16703315,"Ryan Triplett","2026-09-14 22:37:37",1185.1,2,ryantriplett
3195,16752018,三浦桂基,"2026-08-30 04:00:30",1184.4,2,keikipc
3196,16722319,"༺ANIS YT༻","2026-08-19 13:08:47",1184.4,2,anisyt
3197,16709214,"Ariel Suntasig","2026-08-17 19:46:09",1184.3,2,arielsuntasig2001
3198,16668721,"Efe Can Celiksoy","2026-08-13 22:00:41",1184.1,2,efecnc
3199,16743216,xerkey,"2026-09-08 13:52:41",1184.0,2,xerkey
3200,16633222,maxingkong733,"2026-08-18 23:32:58",1183.6,2,maxingkong733
3201,16675486,"SALAH ELDIN ELNABARAWY","2026-08-18 21:17:22",1183.3,2,salaheldinelnabarawy
3202,16754560,Kam,"2026-08-21 14:02:39",1183.3,1,kamting
3203,16725342,little_d1d1,"2026-08-16 04:24:39",1183.2,2,littled1d1
3204,16675610,"Srikar Medisetti","2026-08-30 12:06:25",1183.1,2,deathaunter
3205,16712185,"Vishal Khomane","2026-09-02 15:32:38",1183.1,2,vishal567
3206,16750457,"Adrian Ricardo da Silva","2026-08-25 11:21:43",1182.9,2,adrianricardodasilva
3207,16743016,"MD Zeeshan","2026-08-20 18:13:32",1182.8,2,makrovh
3208,16730634,Priestess,"2026-08-21 14:10:31",1182.7,2,kalypheus
3209,16732104,sizumita,"2026-09-12 01:21:14",1182.5,2,sizumita
3210,16658983,"Titi Huang","2026-09-13 08:28:29",1182.4,2,titihuang
3211,16765953,"Muhammad Ahmed","2026-08-26 13:46:48",1182.4,2,muhammad4hmed
3212,16725441,lemon1219,"2026-08-21 15:37:35",1182.2,2,lemon1219
3213,16846297,"Zihan Ni","2026-09-07 08:06:53",1182.2,2,lunangai
3214,16769769,"Artur Shafiev","2026-08-29 05:29:31",1181.9,2,arturshafiev
3215,16665543,"Charan Manthena","2026-09-06 08:59:20",1180.4,2,charanmanthena
3216,16770884,VegetabledogNeo,"2026-08-31 01:23:25",1179.4,2,vegetabledogneo
3217,16665214,Epiphany_Thu,"2026-08-21 12:06:53",1179.0,2,epiphanythu
3218,16709950,"Ryan Myers","2026-09-04 18:48:35",1178.4,2,ryanmyers03
3219,16779275,XuetingWang,"2026-09-01 08:50:53",1178.3,2,snoopy262
3220,16657623,Restart:),"2026-08-20 08:35:50",1177.7,2,wayne127
3221,16625856,takai380,"2026-09-01 02:34:05",1176.8,2,takai380
3222,16794205,"kiwi apple","2026-09-01 18:56:25",1176.7,2,kiwiapple
3223,16709930,llRX,"2026-09-11 09:07:58",1176.5,2,"bankkobe,leojeel,ruikaihong"
3224,16730706,flaty,"2026-09-06 07:05:52",1176.1,2,flat831
3225,16675161,iVl44d,"2026-08-19 22:50:26",1176.1,2,ivl44d
3226,16728914,d0gied,"2026-08-17 15:12:08",1176.0,2,d0gied
3227,16721453,"Random Mambo","2026-09-01 09:41:19",1175.9,2,beaten67
3228,16724452,Jay,"2026-08-20 00:34:34",1175.8,2,jayshimada
3229,16683193,Paami,"2026-08-24 01:21:00",1174.6,2,coldpaami
3230,16753925,"Tyler Durden","2026-09-04 21:09:41",1174.5,2,jeedimetlacharan213
3231,16736969,"york li13","2026-08-19 01:07:02",1174.5,2,yorkli13
3232,16746112,"Jonathan Martschinke","2026-08-24 08:52:51",1174.0,2,jonathanmartschinke
3233,16664573,AdhithyaRokhith,"2026-08-22 20:34:38",1173.9,2,adhithyarokhith
3234,16677577,"Harsha Vardhan Konisa","2026-09-13 17:33:53",1173.7,2,harshavardhankonisa
3235,16719536,"Mandy Lin","2026-08-14 03:18:29",1173.2,2,ydnamlin
3236,16692272,Ddere008,"2026-08-21 18:43:56",1173.2,2,ddere008
3237,16662051,"Salem Ali","2026-08-26 07:57:33",1172.9,2,salemali7
3238,16680065,Vishodhan,"2026-08-14 23:46:15",1172.9,2,vishodhan
3239,16690970,"Raoul Biagioni","2026-08-22 06:37:40",1172.8,2,raoulbiagioni
3240,16730320,Rosebuddychomp,"2026-09-12 07:54:11",1172.4,2,rishabhshetye
3241,16744127,Faiz,"2026-08-21 20:33:33",1172.2,2,souraditya26
3242,16639250,"Hamed Seyed-allaei","2026-08-21 19:11:09",1171.9,2,pinocchio
3243,16715579,Uvais,"2026-08-24 00:58:56",1171.5,2,joshuaedwinjacobv24f
3244,16729640,"Наталья Скляр","2026-08-21 18:11:07",1171.2,2,natsklyar
3245,16741131,"Adarsh Balanolla","2026-08-23 19:09:08",1170.9,2,adarshreddyb
3246,16715244,uri_kkyhr,"2026-08-15 04:53:37",1170.8,2,urikkyhr
3247,16764422,"ong bee","2026-09-09 02:25:57",1170.8,2,ongbee
3248,16782196,"jingyang tu","2026-09-01 01:49:08",1170.5,2,jingyangtu
3249,16646679,tong00,"2026-08-17 12:02:11",1170.4,2,tong00
3250,16839557,Superspork,"2026-09-08 03:25:46",1169.9,1,superspork
3251,16743124,"Leo's Demiurge","2026-09-08 15:06:04",1169.6,2,jelurge
3252,16623515,fishcat,"2026-08-26 01:20:04",1169.4,2,fishcat37
3253,16725403,tabetai28,"2026-08-18 14:38:57",1169.3,2,taichiabewaseda
3254,16644303,"kevin zhou","2026-08-20 04:00:36",1168.8,2,kevinzhou66
3255,16730688,zy,"2026-08-27 07:25:40",1168.5,2,justforwin
3256,16721079,"six seven swag","2026-08-23 09:08:28",1168.2,2,polinababiichuk
3257,16623646,"Minal kharat123","2026-09-09 02:01:29",1168.2,2,minalkharat123
3258,16825340,xiaoBOSS97,"2026-09-13 13:53:13",1167.7,2,xiaoboss97
3259,16660268,"Sébastien Mametz (Pixs)","2026-08-14 09:08:39",1166.9,2,sbastienmametzpixs
3260,16692639,"Bharat Kumar0925","2026-09-04 19:52:25",1166.8,2,bharatkumar0925
3261,16661352,"Porch Goose","2026-08-21 02:52:24",1166.5,2,jaclyndeem
3262,16658931,"somewhere after","2026-08-19 08:16:29",1166.2,2,amaterasuuuuu
3263,16632262,Milkomeda,"2026-08-19 13:45:02",1165.9,2,milkomeda74583
3264,16661784,"XU XUXIANG","2026-08-27 12:57:06",1165.8,2,"mikeaaaa14,xuxuxiang"
3265,16623368,"Evgeniy Veselkov","2026-08-18 05:26:04",1165.7,2,evgeniyveselkov
3266,16632777,"Alexandrine Cakpo","2026-08-20 10:20:22",1165.7,2,alexandrinecakpo
3267,16724584,"Jinx JK","2026-08-18 09:08:26",1165.0,2,jinxjk
3268,16674447,"Nathan Thor","2026-09-14 03:19:36",1164.7,2,devofpie
3269,16713267,"yq l68135","2026-08-21 21:35:52",1164.7,2,yql68135
3270,16735582,"Tumaini Makena","2026-08-18 06:01:09",1164.5,1,tumainimakena
3271,16685160,Yura,"2026-08-17 07:27:50",1164.2,2,yuratrubitsyn
3272,16721383,"Emon xu","2026-08-21 16:14:05",1163.5,2,emon0xuyym
3273,16698576,monnu,"2026-08-19 05:55:01",1163.2,1,fuumin621
3274,16655195,Pirhosseinlou,"2026-08-24 18:17:43",1163.0,2,pirhosseinlou
3275,16678172,"Eishkaran Singh","2026-08-19 19:12:02",1162.8,2,eishkaran
3276,16665927,"bhavya shah","2026-08-17 11:06:22",1162.0,2,bhavyashah007
3277,16623470,rurumi,"2026-09-02 05:21:15",1161.9,2,rurururumi
3278,16715506,"Moo Point","2026-08-17 21:44:26",1160.4,2,"gnarlycow,tianmeiwang"
3279,16656394,"Pushkar K.G","2026-08-18 09:29:08",1159.8,2,dejokz
3280,16841536,"Berkay Hasret","2026-09-07 00:29:45",1159.2,2,berkayhasret
3281,16705907,Adrià,"2026-09-11 10:14:39",1159.0,2,adriamb3
3282,16721070,LiuChen1350,"2026-08-26 05:30:30",1158.7,2,liuchen1350
3283,16805870,"Ngo Trung","2026-09-12 17:12:53",1158.6,2,trungngotdt
3284,16760295,"Luke Hurt","2026-08-24 01:03:42",1158.1,2,lukehurt
3285,16882868,"Yash Mohan","2026-09-12 20:42:05",1157.7,1,yashm917
3286,16733297,sohasoha42,"2026-08-18 17:50:51",1157.6,2,sohasoha42
3287,16653379,"Asakawa Ruriko","2026-08-30 00:31:08",1157.4,2,asakawaruriko
3288,16622937,"Sheep 🐑","2026-09-14 06:52:15",1156.8,2,kabilrh
3289,16771277,zhaowenyi7,"2026-08-31 09:18:04",1156.6,2,zhaowenyi7
3290,16674684,next-best-agent,"2026-08-17 15:28:53",1156.4,2,"minhduy13ly,tdtu981"
3291,16664762,"John Marinton","2026-09-09 06:09:18",1156.1,2,marintonjohn
3292,16870452,SakuraSSS,"2026-09-14 04:21:01",1156.0,2,sakurasss
3293,16727842,"Iadh Jarray","2026-08-17 13:45:11",1155.9,2,iadhjarray
3294,16774237,"Dennis SH Lai","2026-08-30 17:21:31",1155.9,2,dshihlai
3295,16638375,"Tran H Hoang","2026-08-14 17:01:27",1155.8,2,tranhhoang
3296,16719414,SahilKumarTolani,"2026-09-10 16:16:07",1155.7,2,sahilkumartolani
3297,16729054,"Shantanu Kesarkar","2026-08-27 05:50:23",1155.3,2,shantanukesarkar
3298,16734492,Orynx,"2026-08-19 08:01:33",1155.1,2,"inderj1,jayveersingh6"
3299,16637329,Rucbic,"2026-08-19 17:32:21",1155.1,2,rucbic
3300,16700068,"My Little Pony","2026-08-17 13:41:17",1155.0,1,"buxiangzaoqi66,juliezhang131,yaoyilv"
3301,16670791,Hugelidus,"2026-08-25 03:43:18",1154.7,2,hugelidus
3302,16651939,"Yogesh Jadhav","2026-08-24 05:50:52",1154.6,2,dynamo14324
3303,16632476,"Назар Коваль","2026-09-10 09:02:44",1154.4,2,miickey
3304,16625241,"Mutoy Choi","2026-09-01 07:42:20",1154.1,2,mutoy1
3305,16738278,yansf677,"2026-09-01 12:24:29",1153.4,2,yansf677
3306,16697922,TingyuanLi277,"2026-08-21 03:39:03",1153.1,2,tingyuanli277
3307,16632164,"Tim Shini","2026-08-30 18:04:29",1152.7,2,timshini
3308,16742048,SuperGiantLam,"2026-08-25 02:08:17",1152.5,2,zptpsz
3309,16759625,gkg223,"2026-09-03 19:17:02",1152.4,2,gkg223
3310,16890232,"Yihan Guo #2","2026-09-15 00:31:57",1152.3,2,kagglebushswill
3311,16728901,dqvide,"2026-08-17 19:53:39",1152.1,2,dqvide
3312,16710389,GuerillaMoon,"2026-08-19 22:33:46",1151.8,2,guerillamoon
3313,16691946,"Hassan Algizani","2026-08-13 20:20:09",1151.7,2,hassanalgizani
3314,16668700,"Pranshu Ghori","2026-08-17 22:02:35",1151.7,2,pranshughori
3315,16725346,sokoranohimazin,"2026-08-18 19:39:07",1151.6,2,sokoranohimazin
3316,16701362,"Papa Annan","2026-08-20 21:26:39",1150.9,2,papaannan
3317,16653129,"Prashanth Reddy Biyyani","2026-08-20 13:53:37",1150.9,2,"prashanthbiyyani,shivagurrala,sumu1526"
3318,16790548,"Francesco Del Sesto","2026-08-31 10:47:27",1150.9,2,francescodelsesto
3319,16675503,"Jeff Marc E. Cadet","2026-08-30 17:56:07",1150.9,2,jeffmarcecadet
3320,16739488,Restodecoca,"2026-08-19 16:42:34",1150.7,2,restodecoca
3321,16714498,Zubekanov,"2026-08-18 01:14:49",1150.5,2,zubekanov
3322,16713743,oliver,"2026-09-10 18:03:43",1150.1,2,ollibolli
3323,16630839,steubk,"2026-08-21 21:55:39",1149.8,2,steubk
3324,16699586,"Linda Liu","2026-09-09 08:55:39",1149.7,2,lpoint
3325,16710141,htatsumi,"2026-08-15 01:07:11",1149.7,1,tatsumihasebe
3326,16725996,MatheusPSorancoDeCarvalho,"2026-08-17 22:12:37",1149.6,2,matheussoranco
3327,16666939,20237208_黄奕恺,"2026-08-22 12:53:27",1149.4,2,mrhuangyy
3328,16730462,"Xiang Tang","2026-08-28 15:11:51",1149.2,2,flyonthewater
3329,16675807,cubreto,"2026-08-26 15:00:34",1148.8,2,cubreto
3330,16727191,"Alexander Kokshenin","2026-08-20 02:08:15",1148.6,2,kokshenin
3331,16622531,"musya lyusya team","2026-08-19 11:22:46",1148.4,2,vswz2nqp
3332,16727379,"Nicholas Chua","2026-08-20 16:28:44",1148.3,2,nickckb
3333,16635317,"KAKA Minishijie","2026-08-26 04:36:55",1147.7,2,kakaminishijie
3334,16715319,ocha_heaven,"2026-08-19 13:10:14",1147.6,2,ochaheaven
3335,16694710,ponsuk,"2026-08-17 19:01:09",1147.6,2,ponsuk
3336,16664128,"Michael Todd Overdorf","2026-08-17 00:32:51",1147.6,2,michaeltoddoverdorf
3337,16708624,"Aboubacar HEMA","2026-08-19 14:24:02",1147.4,2,"aboubacarhema,marcmare,wilfredkouadjo"
3338,16634166,Yuki.O,"2026-08-19 01:38:42",1146.9,2,yukiohkawa
3339,16643125,"CARLOS CAADA ROSTRO","2026-08-21 19:23:34",1146.7,2,carloscaadarostro
3340,16621355,Raiden.B,"2026-09-12 07:07:59",1146.6,2,raidenb
3341,16663240,"Rilen T. L.","2026-08-18 13:45:46",1146.5,2,"jairosilvabastos,rilentl"
3342,16726071,"PDF ULTRA","2026-08-20 19:36:33",1146.4,2,"alengevorgyan,gab0yan"
3343,16654548,DataSluts,"2026-08-28 07:00:12",1146.3,2,"rahulmedida,siddarthnayak50,sivasu07"
3344,16635668,"Mirza Yasir Abdullah Baig","2026-08-21 14:13:17",1146.1,2,myab07
3345,16841647,patitod,"2026-09-06 01:22:09",1146.0,2,anasofaescobar
3346,16756557,"Marius Heuser","2026-08-24 21:41:31",1145.3,2,mariusheuser
3347,16651833,"Hồ Khánh Duy","2026-08-14 17:52:23",1144.8,2,hkhnhduy
3348,16664120,SaiDuttaAbhishekDash,"2026-08-21 20:30:01",1144.6,2,saiduttaabhishekdash
3349,16663445,"ali dzaki","2026-09-13 14:59:25",1144.3,2,alidzaki
3350,16724060,"Mạnh Linh Hoàng","2026-08-15 15:54:52",1143.6,2,manhlinh1501
3351,16693934,evnchn,"2026-08-23 15:41:50",1143.5,2,evnchn
3352,16732685,Tanmay,"2026-08-23 18:16:07",1143.0,2,blankkz
3353,16662940,"The Coder Geek Squad Leader","2026-08-17 09:23:58",1142.9,2,soulemaneisissifou
3354,16639732,"Junbeom Lee23","2026-08-15 02:45:23",1142.4,2,junbeomlee23
3355,16750344,Vaasu0501,"2026-08-28 16:49:39",1142.3,2,vaasu0501
3356,16726660,"Prime Leo","2026-08-23 14:21:53",1142.0,2,primeleo
3357,16821267,1417,"2026-09-11 13:14:32",1142.0,2,"dongyuhao,liuyihang026,yejialin"
3358,16732381,Raphdraft,"2026-09-03 01:11:34",1141.9,2,raphdraft
3359,16698930,MrKiwi,"2026-08-19 09:34:31",1141.9,2,mrkiwi
3360,16699772,MrAnalyst,"2026-09-05 10:43:49",1141.8,2,mranalyst
3361,16663590,"Jakub Dolének","2026-08-13 13:08:32",1141.7,2,dolenek
3362,16634172,"Mario Cicala","2026-09-05 03:06:37",1141.7,2,mariocicala
3363,16665352,"Paul Nassiri","2026-08-22 20:15:33",1141.7,2,laszlolevray
3364,16623152,"agentic warriors","2026-08-21 08:59:44",1141.3,2,"ibadia,isabellawoo01"
3365,16690612,"Mina Gayid","2026-08-16 12:59:16",1141.2,2,minagayid
3366,16733576,"Ojas Aklecha","2026-08-17 18:34:02",1141.1,2,ojasaklecha
3367,16641893,"Kashyapsinh gohil","2026-08-15 16:10:05",1140.9,2,kashyapsinhgohil
3368,16683813,WangQrkkk,"2026-08-17 06:54:07",1140.8,2,wangqrkkk
3369,16654841,"ABHIRUP DAS","2026-08-28 04:51:44",1140.5,2,abhirupdas10
3370,16681601,Hanaro,"2026-09-15 01:45:18",1140.2,2,lucas040
3371,16708185,XiaoYan12,"2026-09-13 17:57:28",1139.9,2,xiaoyan12
3372,16728708,"Rishi Jain","2026-09-14 20:17:56",1139.4,2,rishijain07
3373,16679560,LEET,"2026-08-15 00:45:52",1139.0,2,soufianelasfar
3374,16712535,"Benjamin Beaujard","2026-08-18 11:03:03",1138.8,2,benjaminbeaujard
3375,16655501,Savko,"2026-08-21 00:33:21",1138.8,2,savchenko
3376,16841344,"Abdoul Ahad Diop","2026-09-10 20:22:54",1138.5,2,abdoulahaddiop
3377,16651672,"Xiaolei Lian","2026-08-19 03:18:04",1138.4,2,xiaoleilian
3378,16741516,"Anh Tu","2026-08-28 05:10:34",1138.2,2,natcs98
3379,16677945,"Quân Trần","2026-08-25 06:43:39",1138.2,2,wuntrn
3380,16709295,"Isaac Owomugisha","2026-08-20 16:22:52",1138.2,2,cmplxxyttmt
3381,16636094,Hax2456,"2026-08-15 10:05:01",1138.1,2,hax2456
3382,16712459,松原琉喜,"2026-08-14 14:54:47",1137.7,2,ryuki12kyo
3383,16655877,"Harish K","2026-08-25 19:09:49",1137.2,2,harishk2209
3384,16729372,"Gaspard Plt","2026-08-17 21:58:55",1136.8,2,gaspardplt
3385,16759652,Fnoa,"2026-08-23 12:26:39",1136.0,2,trasibulo
3386,16697458,"Lissandra Kruse Fuganti","2026-09-01 15:19:00",1135.8,2,lissandrakruse
3387,16698884,VVVoyager,"2026-08-14 03:55:10",1135.5,2,"haoxuanshan,hengnui"
3388,16691987,0xalgos,"2026-08-17 09:35:28",1135.0,2,anandvashishtha5362
3389,16719262,sadjeen00,"2026-08-14 02:15:50",1134.9,1,sadjeen00
3390,16683865,Shin7jp,"2026-08-14 09:51:13",1134.8,2,shin7jp
3391,16628664,"Anton Tikhonov","2026-08-17 16:05:18",1134.7,2,itwastony
3392,16665336,"maoyuan ma","2026-08-18 11:41:09",1134.7,2,maoyuanma
3393,16621163,john,"2026-08-16 14:06:25",1134.6,2,jaejohn
3394,16651402,"Mille Initiate","2026-08-31 04:04:11",1134.5,2,milleinitiate
3395,16678872,ibrahim,"2026-08-17 19:30:32",1134.2,2,skyfish77
3396,16628875,TakahiroHon,"2026-09-13 06:12:29",1133.8,2,takahirohon
3397,16779007,"Teoh jia sheng","2026-09-12 15:05:22",1133.8,2,"nathanael19,teohjiasheng"
3398,16696607,"Manish modak","2026-08-16 07:37:54",1133.6,2,manishmodak
3399,16672530,GUGUGAGA,"2026-08-14 04:33:54",1133.6,2,"ruiyangzhang23,taoguo079"
3400,16697936,"Sami Cakiral","2026-08-15 19:43:40",1133.3,2,samicakiral
3401,16673234,MACvengers,"2026-08-19 16:34:04",1133.1,2,"astrojaswanthkumar,ikpikp"
3402,16763551,"PRASHANT SHUKLA91","2026-09-14 12:53:32",1133.0,2,prashantshukla91
3403,16672199,Vachan,"2026-08-20 07:33:48",1132.9,2,vachanpadival
3404,16736685,kentaro_kato,"2026-09-12 13:34:11",1132.8,2,kentarokato
3405,16726064,"sana slama","2026-08-15 17:01:13",1132.6,1,sanaslamamm
3406,16691976,"Harini Panigrahi","2026-08-14 16:57:32",1132.6,1,harinipanigrahi
3407,16670118,"Álvaro Benítez","2026-08-29 15:46:04",1132.4,2,lvarobentezlvarez
3408,16885137,"Manjunadh Padarthi","2026-09-15 00:13:06",1131.4,2,manjunadhpadarthi
3409,16744043,Take,"2026-08-23 14:17:27",1130.8,2,takeuchidaisuke2001
3410,16723941,teraSurfer40141,"2026-08-16 01:16:49",1130.0,2,r00tt00r
3411,16744355,"Sameera T","2026-08-22 10:13:47",1129.6,2,sameeramaq
3412,16666057,StopPlantingStartGameTheorying,"2026-09-08 07:53:27",1129.4,2,mymelodyenjoyer
3413,16656399,CROW,"2026-08-14 04:59:30",1129.2,2,"aaayangxh,hanifnoerrofiq"
3414,16694091,"Nan Leng","2026-08-23 07:41:41",1128.9,2,nleng66ca
3415,16739298,"ricardo assaad","2026-08-18 19:03:22",1128.8,2,ricardoassaad
3416,16653890,YUKRUB,"2026-09-11 08:55:14",1128.7,2,yukrub
3417,16713155,AdarshAleti,"2026-08-18 05:39:57",1128.6,2,adarsh1077
3418,16687068,digiliwigili,"2026-08-22 12:49:07",1128.3,2,kukchyievervin
3419,16682471,Soumya2003,"2026-08-25 17:58:29",1128.2,2,soumya2003uyvv755
3420,16659614,"Heikki Leskelä","2026-08-22 16:35:42",1128.2,2,heikkileskela
3421,16724353,PrathamGupta,"2026-08-17 02:04:38",1127.7,2,prathamguptaaaaaaa
3422,16644877,lu_fish,"2026-08-16 14:13:53",1127.5,2,thefish114514
3423,16680967,Tyooughtul,"2026-08-16 00:58:06",1127.2,2,yooughtul
3424,16727090,"Deep Blue Pasture","2026-08-17 02:28:34",1127.1,2,shamanah
3425,16621219,"Inna Campo","2026-08-15 09:08:23",1127.1,2,innacampo
3426,16705499,byncpy,"2026-08-17 17:18:47",1127.0,1,jinliangbi
3427,16722112,nyori,"2026-08-18 10:35:38",1127.0,2,nyoriworks
3428,16655368,"Mohammed Maqsood L","2026-08-19 10:40:17",1126.8,2,mohammedmaqsoodl
3429,16701868,AJ,"2026-09-09 20:53:34",1126.2,2,abduljabbarcalica
3430,16698214,Juandix,"2026-08-18 03:35:51",1126.2,2,juandix
3431,16695615,Celinao,"2026-08-14 08:02:47",1125.6,2,celinao
3432,16716991,XristosFilip,"2026-08-18 16:43:34",1125.5,2,xristosfilip
3433,16701897,"Alejandro Lavandeira Casais","2026-08-14 12:56:12",1125.4,2,alejandrolavandeira
3434,16731432,sieradni,"2026-09-01 06:12:00",1125.3,2,sieradni
3435,16667324,"Muhammed selim Bilic","2026-08-26 17:02:17",1124.8,2,muhammedselimbilic
3436,16659123,sd,"2026-08-18 17:46:56",1124.7,2,siddharthadevkota
3437,16724351,"Luxshan Thavarasa","2026-08-24 09:58:38",1124.7,2,luxluxshan
3438,16621683,Shivangoudaa,"2026-08-26 11:45:55",1124.6,2,ishivapatil
3439,16656584,Spintronic,"2026-08-19 15:24:17",1123.9,2,spintronic
3440,16722120,nekoha,"2026-08-15 15:01:16",1123.5,2,nekoha
3441,16708226,asi1024,"2026-08-16 13:14:53",1123.3,2,asi1024
3442,16623370,kenmatsu4,"2026-08-14 09:03:08",1123.1,2,kenmatsu4
3443,16724947,teacherli0,"2026-08-16 03:09:09",1122.8,2,teacherli0
3444,16622367,mg,"2026-08-23 17:49:21",1122.2,2,"egorkashpar,sashaboriskin,smooky"
3445,16718572,MLarpers,"2026-08-22 14:06:48",1122.2,2,"koteikachannel,mrhornetik"
3446,16710128,"KeHao Liu","2026-08-14 01:52:29",1121.8,2,kehaoliu
3447,16668069,jackhsia,"2026-08-23 15:56:13",1121.5,2,jackhsia
3448,16699745,"Norbert Szolnoki","2026-08-18 11:39:55",1121.4,2,norbertszolnoki
3449,16660233,ko9ma,"2026-09-08 08:42:33",1121.2,2,kohojung
3450,16722330,"Jean-Louis Roy","2026-08-31 07:44:08",1119.8,2,jeanjean111
3451,16697689,"Pavel Pakhmutov","2026-08-12 23:11:23",1119.8,2,pavelpakhmutov
3452,16729828,spunkrock,"2026-08-16 20:08:06",1119.2,1,spunkrock
3453,16661509,JSON_Voorhees,"2026-09-03 00:14:35",1119.1,2,michaelgreenhut
3454,16664860,ANUJPUROHIT18,"2026-09-01 05:03:07",1118.7,2,anujpurohit05
3455,16659763,clarkzhang1031,"2026-08-13 12:27:10",1118.7,2,"clarkzhang1031,huafeihuang"
3456,16671424,cicen1139,"2026-08-22 09:37:51",1118.4,2,cicen1139
3457,16713178,Funno,"2026-08-19 17:32:54",1118.3,2,yes711
3458,16863335,"Bright Choice AI","2026-09-15 01:17:04",1118.3,2,brightchoiceai
3459,16675088,"Andrei Chulkov","2026-08-15 19:43:12",1118.2,2,andreichulkov
3460,16703300,"Fahd EL ANSARI","2026-08-15 23:47:17",1117.9,2,fahdelansari
3461,16771677,"hedy huangyuheng","2026-08-27 02:13:28",1116.0,2,hedyhuangyuheng
3462,16715628,Dian,"2026-08-17 01:57:33",1115.3,2,clas233
3463,16722986,"Abhiram 9803","2026-08-15 18:43:09",1115.0,2,abhiram9803
3464,16718947,"Dani Ortega","2026-08-25 07:07:35",1114.7,2,daniortega99
3465,16694138,Alex,"2026-09-01 18:56:13",1114.7,2,alex789
3466,16695093,"Ryota Murai","2026-08-27 15:28:04",1114.6,2,rmuraix
3467,16623445,"Hasin Raihan Dhrubo","2026-08-16 09:28:12",1114.6,1,hasinraihandhrubo
3468,16622242,"Robert Koval","2026-08-15 07:02:17",1114.5,2,robertkoval
3469,16697223,"Azizii Gill","2026-09-09 21:27:12",1114.1,2,aziziigill
3470,16695695,"Siva Kumar","2026-09-14 16:32:04",1114.0,2,sivapnlr80
3471,16633096,anvai_agents,"2026-08-20 05:50:45",1113.9,2,"anandgaikwad7781,vaidehidhamnikar"
3472,16663818,"Mike Mordetsky","2026-08-18 11:49:58",1113.5,2,mikemordetsky
3473,16748421,lulzx,"2026-08-20 17:52:11",1112.9,2,lulzxy
3474,16743790,"yuji y","2026-08-28 10:53:06",1112.1,2,yujiyyy
3475,16719002,eus,"2026-09-14 15:53:57",1111.8,2,eusdotdev
3476,16719100,"Abhiraj Singh","2026-08-14 12:02:33",1111.2,2,cyberdrago
3477,16727019,uitsnf,"2026-08-23 15:45:22",1109.9,2,uitsnf
3478,16719006,bouiboui,"2026-08-20 18:55:02",1109.7,2,bouiboui
3479,16771780,Trichoderma,"2026-09-06 04:58:38",1108.8,2,brunoescalhao
3480,16671694,evananann,"2026-08-19 07:46:36",1108.5,2,evananann
3481,16721947,groots,"2026-08-16 06:32:40",1108.2,2,muhammadismail433
3482,16672003,carlscamt,"2026-08-14 17:19:42",1107.7,2,carlscamt
3483,16717792,han10086,"2026-08-13 15:05:21",1107.6,2,han10086
3484,16662041,"Sarah Ng","2026-09-14 15:32:29",1107.5,2,thunguyen1510
3485,16678346,"Farhan Abid","2026-08-16 08:41:15",1107.5,2,farhanabidtech786
3486,16667787,"Daryl Brach","2026-08-17 09:41:51",1107.1,2,dbrach
3487,16737561,"Raj Aryan Singh","2026-08-18 11:50:54",1107.0,2,kratos14raj
3488,16634238,SoWwe,"2026-08-29 18:17:46",1106.7,2,sowwe4
3489,16667734,SuroRitch,"2026-08-15 16:23:52",1106.6,2,suroritch
3490,16856021,PSI,"2026-09-08 19:26:40",1106.4,1,vinayak121
3491,16724262,"Obu obu","2026-08-15 10:48:05",1106.1,2,obuobu
3492,16735075,"Ronchen Luo","2026-08-18 04:29:47",1106.0,2,ronchenluo
3493,16664164,"Elzandi Irfan Zikra","2026-08-15 15:53:21",1105.9,2,"dyahayuretnoningsih2,zangetsufuin"
3494,16763978,"Swayam Gode","2026-09-07 16:15:33",1105.1,2,swayamgode2
3495,16649313,"Jiajun HAN","2026-08-14 07:13:57",1105.1,2,jiajun1
3496,16658150,Gravity-x73d,"2026-08-17 09:16:29",1104.8,2,gravityx73d
3497,16644145,"Mehdi Azouz","2026-09-07 11:22:07",1104.5,2,mehdiazouz
3498,16720088,"Oiti Roy","2026-08-14 06:26:04",1104.1,1,oitiroy
3499,16724795,yangqi1234,"2026-08-23 08:26:23",1103.5,2,yangqi1234
3500,16682557,"Soumalya Mandal","2026-08-14 14:57:29",1102.9,2,mrcyberhunter
3501,16781170,"Ulugbek Salohiddinov","2026-08-28 02:38:15",1102.7,2,ulugbeksalohiddinov
3502,16724109,"small fry in the underworld","2026-09-11 05:51:16",1102.7,2,wwwwhitley
3503,16628295,qwertykeypadapple,"2026-08-13 19:05:04",1102.7,2,qwertykeypadapple
3504,16802892,YUYA,"2026-09-06 08:34:05",1102.6,2,yuyaizumikawa
3505,16716698,gisgisgis,"2026-08-15 05:35:47",1102.5,2,gisgisgis
3506,16630315,janson,"2026-08-19 10:54:37",1102.5,2,johnjanson
3507,16749347,Shibungi,"2026-09-01 06:52:21",1102.4,2,shibungi
3508,16702547,Dean0016,"2026-08-13 17:56:10",1102.3,2,dean0016
3509,16685850,K,"2026-08-14 06:37:41",1101.2,2,kolci017
3510,16729488,"Bala vighnesh Reddy","2026-09-08 07:38:03",1101.1,2,balavighneshreddy
3511,16750477,"Tapabrata Biswas","2026-08-25 13:11:13",1099.8,2,"dumbakaash,ishanhira"
3512,16710094,winwinwin,"2026-09-03 13:22:51",1099.6,2,"ouyangruize,teecemackenieo"
3513,16696631,"saya akan lawan!","2026-08-21 18:42:23",1099.5,2,nurhadibudhy
3514,16770648,"Yoshitaka Nozaki","2026-08-26 00:38:06",1099.5,1,yoshitakanozaki
3515,16690113,m0chi1216,"2026-08-16 15:07:24",1099.2,2,m0chi1216
3516,16745294,"Ahmed Ehab Fathi","2026-09-05 01:27:13",1099.1,2,ahmedehabfathi
3517,16722902,"Grigorii IU","2026-08-22 01:54:09",1098.9,2,grigorii220
3518,16634691,bot-farmer,"2026-08-19 06:16:19",1098.9,2,shauryam25
3519,16726232,"sayed rafi","2026-08-18 21:13:00",1097.7,2,sayedrafi
3520,16679443,albu,"2026-08-15 19:22:12",1097.3,2,albuslaev
3521,16665596,chunhu666,"2026-08-30 07:05:40",1097.3,2,chunhu666
3522,16709529,alhlbx5,"2026-09-03 22:48:54",1097.2,2,alhlbx5
3523,16714902,HunterBlue,"2026-08-13 18:54:47",1095.8,2,marianacodebase
3524,16713127,Felis,"2026-08-25 20:07:16",1095.7,2,ilyaafanasenko
3525,16669897,"Tahsan Ferdous","2026-08-14 19:30:09",1095.3,2,tahsanferdous
3526,16655179,"I Need an Internship","2026-08-15 02:39:23",1095.2,2,dimasibnumuthi
3527,16713771,bndang,"2026-09-14 21:04:17",1094.7,2,bndang
3528,16651623,"Sarvesh Talele","2026-08-28 05:18:58",1094.7,2,sarveshtalele
3529,16656519,"Chris Laska","2026-08-25 19:45:39",1094.7,2,chrislaska
3530,16722303,JohannPongratz,"2026-09-10 08:07:38",1094.5,2,johannpongratz
3531,16651088,ych~sun,"2026-09-11 13:06:05",1094.2,2,ychsun
3532,16657610,"H Bharath","2026-08-31 18:54:57",1094.2,2,hbharath
3533,16634143,"manual player","2026-08-14 00:41:13",1093.6,2,prospal
3534,16665125,"David Schindler15","2026-08-14 04:58:39",1093.4,2,"davidschindler15,mz3207"
3535,16704589,"Lobato MBA IA Big Data","2026-09-15 01:08:26",1093.2,2,lobatombaiabigdata
3536,16753985,"Narenthira Balaji","2026-08-21 10:54:17",1093.2,1,narenthirabalaji
3537,16715024,"Ömer Özbek","2026-08-22 13:50:34",1093.1,2,omerozb
3538,16723132,Bridgeport,"2026-08-21 20:25:32",1092.7,2,bridgeport
3539,16807038,mitsuki,"2026-09-12 01:22:28",1092.0,2,mk00000
3540,16657803,"Arya Mazloomi","2026-08-14 00:17:11",1092.0,2,aryamazloomi
3541,16705176,"Ruslan Raupov","2026-08-20 09:10:24",1091.8,2,ruslanraupoff
3542,16674683,"Ali Esam","2026-09-11 17:00:03",1091.5,2,zyxsu0
3543,16842806,"Yan Tao Tang","2026-09-07 10:41:41",1091.2,2,yantaotang
3544,16674479,"Alan Rosston","2026-08-14 08:20:49",1090.6,2,alanrosston
3545,16766982,"Sir Dona ","2026-08-25 15:54:46",1089.8,2,sirdona
3546,16640368,"Nkosi Ndwandwe","2026-09-06 05:03:26",1089.6,2,nkosindwandwe
3547,16696983,"JKM Ventures","2026-08-17 22:58:03",1088.4,2,jeffreydrew
3548,16691702,kss,"2026-08-13 19:30:20",1088.2,2,l0glikelihood
3549,16878968,"Dale Zhong","2026-09-14 08:21:47",1088.2,2,dalezhong
3550,16770785,Brahim,"2026-09-08 09:20:24",1087.9,2,brahimdriss
3551,16666884,"Antonio Stanciu","2026-08-15 14:33:52",1087.5,2,stanciuantonio
3552,16658474,huyimin517517,"2026-09-14 14:41:10",1087.4,2,"huyimin517517,touyouzhaji,wumingshi2006,zxinzzzz"
3553,16719238,"Rômulo Siqueira","2026-08-20 00:15:16",1087.1,2,romulosiqueira
3554,16635600,"Divyansh Kumar","2026-09-14 16:07:25",1087.0,2,"divyanshkumar3,vivekjeetpatel"
3555,16840694,"cory cozy","2026-09-06 11:48:38",1086.6,2,corycozy
3556,16670755,"Amine zeDDouk","2026-08-18 09:37:41",1086.6,2,aminezeddouk
3557,16672653,Cultuurstelsel,"2026-08-13 16:59:47",1086.3,2,ryuorlandotamin
3558,16775412,"moo moo","2026-09-08 15:54:28",1086.1,2,"amrof122,yassinamr11"
3559,16725354,"Swaroop piduguralla","2026-08-19 14:23:28",1085.9,2,pnsaimanitejaswaroop
3560,16634650,UnfriendlyAI,"2026-08-24 11:44:47",1085.7,2,unfriendlyai
3561,16691524,"Martim Nascimento","2026-09-05 15:54:47",1085.7,2,martimnascimento
3562,16740700,"Vyas Senthilkumar","2026-08-19 04:26:42",1085.1,2,vyassenthilkumar
3563,16770282,colt,"2026-08-25 09:55:29",1084.8,1,xiaomaguo
3564,16690308,"Fatima Sarhan","2026-09-14 15:18:11",1084.6,2,fatimasarhan
3565,16656931,pns,"2026-08-15 09:45:46",1084.4,2,"nikhilkasyap07,premsivasai,saranboddu"
3566,16765065,"Rohith T R","2026-08-26 13:28:38",1084.3,2,rohithtrgod
3567,16631595,CuteClaw,"2026-08-14 01:25:52",1084.3,2,bloodmoonwq
3568,16663969,"Aarush Kute","2026-08-19 22:06:48",1083.9,2,aarushkute
3569,16623226,"Hafida Belayd","2026-09-05 17:12:33",1083.6,2,hafidabelayd
3570,16691830,"Nikita Lugovoy","2026-08-15 03:39:17",1083.3,2,nikital7
3571,16770952,"Satyajeet Kumar","2026-08-25 20:42:40",1082.9,2,m4rcuseryx
3572,16658777,"Jiarui (Jerry) Cao","2026-08-15 03:44:07",1082.7,2,jiaruicao7
3573,16740320,NguyenAn27,"2026-08-20 00:46:32",1082.4,2,nguyenan27
3574,16750317,"ELhamdaoui AM","2026-08-30 19:29:43",1082.4,2,elhamdaouiabdelmajid
3575,16702691,"Zengyi Mei","2026-08-28 17:01:51",1081.6,2,sfkmzy
3576,16785505,"Rishiraj Acharya","2026-09-08 04:26:42",1081.5,2,rishirajacharya
3577,16709339,"Mohammad Javad Dianat","2026-09-08 12:14:33",1080.7,2,dianatofficial
3578,16710587,durgasai,"2026-09-01 13:14:36",1080.0,2,dsainvg
3579,16738825,RishabhSpark,"2026-08-28 05:11:27",1079.8,2,rishabhspark
3580,16759813,tyf_scu,"2026-08-23 17:11:18",1079.4,2,tyfscu
3581,16676904,researchstudio.site,"2026-09-11 12:05:08",1079.4,2,fistyee
3582,16707598,Kamazarashi,"2026-08-18 05:40:15",1078.7,2,kamazarashi
3583,16668788,ConnieCodes,"2026-08-17 13:40:25",1078.3,2,conniecodes
3584,16632444,"Issac “Izreal” Davis","2026-08-13 20:42:03",1077.9,2,issacizrealdavis
3585,16680931,"Rattan Singh","2026-08-16 04:23:37",1077.8,2,rattans
3586,16729484,"Sankalp Nagineni","2026-08-16 17:35:31",1077.7,2,sankalpnagineni
3587,16658081,ando,"2026-08-20 01:52:23",1077.5,2,andoshunsuke
3588,16655335,Justus,"2026-08-19 14:18:38",1077.0,2,justus0
3589,16735238,DHKim0324,"2026-08-25 08:49:34",1076.8,2,dhkim0324
3590,16766905,Antigone_duckduck,"2026-08-24 16:38:37",1075.9,2,antigonexzh
3591,16691714,"Wesley Juraschek","2026-08-19 06:07:37",1075.5,2,wesleyjuraschek1
3592,16728723,"Ronith Rashmikara","2026-08-18 03:28:52",1075.5,2,ronithrr
3593,16697139,Stocks152,"2026-09-13 05:42:20",1075.5,2,stocks152
3594,16839110,0x3f,"2026-09-07 14:01:23",1075.1,2,zhangbowen1005
3595,16714980,Chenaters,"2026-08-16 08:41:10",1074.6,2,chenaters
3596,16622251,"Moroz Roman","2026-08-20 06:22:05",1074.5,2,crissyro
3597,16775386,kaggler,"2026-08-31 09:29:41",1074.4,1,deepkim
3598,16692548,"Rockstar Farmer","2026-08-19 05:15:37",1074.0,2,yuhaili
3599,16803651,gyujinst,"2026-09-05 01:44:38",1073.9,2,gyujinst
3600,16664334,"Satishvaran Ragu","2026-08-28 03:07:19",1073.4,2,satishvaranragu
3601,16677832,"Maryam Tahir","2026-08-25 15:07:42",1073.1,2,maryamtahir09
3602,16700737,HechtJP,"2026-08-13 11:12:06",1072.9,2,hechtjp
3603,16701969,旧楚狂人,"2026-08-15 14:20:59",1072.6,2,jiuchukuangren
3604,16796544,"Xiaonan FU","2026-09-02 08:23:49",1072.5,2,xiaonanfu999
3605,16664759,OrGanAIc,"2026-08-14 22:58:18",1072.5,2,arghyaranjandas
3606,16663229,kakuteki,"2026-08-28 04:08:43",1072.3,2,kakuteki
3607,16758244,yumizu,"2026-09-15 00:47:05",1071.8,2,yumizzzz
3608,16632788,"Bright O.H.","2026-08-23 03:45:36",1071.4,2,brightoh
3609,16783537,JustinybGao,"2026-09-10 00:22:50",1071.0,2,justinybgao
3610,16692851,ichnixhelle,"2026-08-12 22:20:24",1070.5,2,ichnixhelle
3611,16663284,"Aman Prakash","2026-08-12 20:58:28",1069.7,2,amanprakash777
3612,16756415,"Mihai Balan","2026-08-31 06:39:25",1069.6,2,mihaibalan
3613,16748246,"Eric S","2026-08-26 12:50:54",1069.3,2,ericsangberg
3614,16679245,"Krzysztof Gonia","2026-09-14 14:25:42",1069.0,2,krzysztofgonia
3615,16725642,"Arav Sharma","2026-08-17 03:51:14",1069.0,2,aravsharma26
3616,16749251,HawkOsm,"2026-09-03 16:33:13",1068.8,2,hawkosm
3617,16729421,Oblivix,"2026-09-02 04:16:25",1068.5,2,"aradhyatiwariii,oblivix"
3618,16732462,"Aji Samudra","2026-08-24 09:05:21",1068.0,2,ajisamudra
3619,16730903,noynkmr,"2026-08-25 05:47:01",1067.4,1,noynkmr
3620,16768022,"Miles Oberting","2026-08-31 23:48:39",1067.3,2,milesoberting
3621,16749618,Fon1as,"2026-08-21 09:36:42",1067.2,2,fon1as
3622,16732754,ikeuchy,"2026-08-29 04:10:41",1067.0,2,ikeuchy
3623,16687596,AjPrem,"2026-09-14 02:49:09",1066.4,2,"ajprem,jefferysingh,neelcasula"
3624,16715187,maker2026,"2026-09-09 00:38:59",1066.4,2,maker2026
3625,16732428,"Darren Amadeus Martin","2026-08-19 00:48:02",1066.3,2,darrenamadeusmartin
3626,16728272,"Daris Dzakwan Hoesien","2026-08-16 10:48:22",1066.1,1,darisdzakwanhoesien2
3627,16623753,HZM,"2026-09-11 04:34:07",1066.0,2,leehann
3628,16639230,Rylan,"2026-08-15 13:15:45",1065.8,2,"liuruihan333,wangxiaodundun"
3629,16726870,"Svanik Kolli","2026-08-16 00:11:14",1065.7,1,svanikkolli
3630,16743737,"Joanna C.","2026-08-20 23:07:09",1065.0,2,joannaciesielski
3631,16725242,chinchilla,"2026-08-19 10:53:07",1064.6,2,tgwstr
3632,16634824,yuki16,"2026-08-27 02:55:04",1064.5,2,yuki16
3633,16624896,"Akmal Azzam o'g'li","2026-08-18 06:03:51",1064.4,1,akmalmir
3634,16622939,"Kamal Das","2026-08-27 12:47:13",1063.7,2,kmldas
3635,16691012,"Sanzhar Almasuly","2026-08-29 07:28:34",1063.4,2,sanzharalmasuly
3636,16692711,Deniz,"2026-09-11 15:28:11",1063.1,2,denizeryilmaz
3637,16763120,"Shivam Singh #2","2026-08-23 16:56:35",1063.1,1,shivamsingh17072001
3638,16658803,"Rahul Jiwane","2026-08-21 06:19:57",1062.9,2,rahuljiwane
3639,16623791,rakumo,"2026-08-19 23:46:04",1062.8,2,sirakumo
3640,16698069,k_4821,"2026-09-08 15:11:16",1062.7,2,edgarondoodevilclub
3641,16641288,nakagawaren0805,"2026-09-12 10:35:10",1062.7,2,nakagawaren0805
3642,16688368,"Lam Vo","2026-08-15 16:39:23",1062.5,2,nhatlam
3643,16770832,"Harish Yadav","2026-08-27 06:18:09",1061.7,2,harishyadav0506
3644,16689447,"Ivan Berrutto","2026-08-13 04:14:38",1061.2,2,ivanberrutto
3645,16718937,62326368,"2026-09-11 22:58:43",1061.0,2,mooniim
3646,16724533,"Yusei Ito","2026-08-22 19:18:19",1060.9,2,yuseiito
3647,16667839,Viet-Tien,"2026-08-22 19:46:21",1060.6,2,tiena2cva
3648,16714058,"Ahmet Erdem Pamuk","2026-08-12 18:59:18",1060.1,2,ahmeterdempamuk
3649,16772993,"dirty farmers","2026-08-26 06:33:12",1059.8,2,jamesgui2007
3650,16629292,"Syed Saad Hasan Emad","2026-08-17 06:14:38",1059.8,1,syedsaadhasanemad
3651,16672243,"Fazil Putra","2026-08-14 01:24:17",1059.7,2,fazilputra
3652,16778206,yuanlao153,"2026-08-28 15:00:04",1059.5,2,yuanlao153
3653,16662615,"Anurag irawit","2026-09-01 14:16:49",1058.5,2,anuragirawit
3654,16710421,SZ_00_zyz,"2026-08-20 02:54:53",1058.5,2,sz00zyz
3655,16735125,mtskggle,"2026-08-22 04:50:43",1058.2,2,matsusakaggle
3656,16671821,donglee,"2026-08-13 09:13:09",1058.0,1,dongleeovo
3657,16727745,auouer,"2026-08-16 08:20:31",1058.0,2,"auouer,guriken,hkamna,insightfulthinking"
3658,16726115,helloworld311,"2026-08-17 05:52:20",1057.7,2,helloworld311
3659,16640552,"rupsa roy","2026-09-05 06:45:34",1057.3,2,rupsarroy
3660,16744658,Shree85,"2026-08-29 12:38:55",1057.2,2,shree85
3661,16763418,overwhelmer,"2026-08-25 08:22:55",1057.0,2,overwhelmer
3662,16665050,"Praneeth Palugula","2026-08-14 06:28:56",1056.9,2,praneethpalugula
3663,16662023,"Vikas Kumar","2026-09-08 17:17:57",1056.7,2,vikshit104
3664,16688153,"Panchajanya Banerjee (Pancham)","2026-08-16 20:28:27",1056.3,2,delayedkarma
3665,16830837,"Damilare Olayemi","2026-09-08 08:35:23",1056.2,2,damilareolayemi
3666,16655688,"Ryan Shan","2026-08-13 02:43:38",1055.5,2,codegold
3667,16764850,"cy zhang","2026-08-27 11:08:45",1055.5,2,zcy20051117
3668,16699610,"Sneha ","2026-08-17 01:00:34",1055.3,2,kharya3
3669,16625611,"Karl Smile","2026-08-28 16:42:46",1055.1,2,karlsmile
3670,16665919,"Labmem Tang","2026-08-31 03:06:37",1054.9,2,labmemtang
3671,16709793,"Victor Hotz","2026-08-13 18:48:06",1054.8,2,victorhotz
3672,16712888,Vux,"2026-08-20 14:32:16",1054.4,2,weiyu85
3673,16665838,wenbodai,"2026-09-01 12:41:51",1054.3,2,wenbodai
3674,16747161,wqlun06,"2026-09-07 06:55:24",1053.7,2,wqlun06
3675,16655305,"Junior Sohou","2026-08-14 00:15:42",1053.5,2,juniorsohou
3676,16743741,Arooran,"2026-08-24 13:37:47",1053.4,2,arooransivakarunai
3677,16634654,unknown,"2026-08-13 02:11:22",1053.3,2,abdullahshafi2021
3678,16663992,小陈同学,"2026-08-18 07:26:54",1053.1,1,czastu
3679,16655632,"Dmitry Kozlov","2026-08-28 10:06:54",1052.9,2,dkozlov
3680,16623020,Muhandro,"2026-08-20 16:29:57",1052.7,2,muhandro
3681,16623749,Tejas,"2026-08-17 09:52:29",1052.7,2,tejuuss
3682,16761849,viber3221,"2026-08-24 13:38:59",1052.2,2,viber3221
3683,16717630,Amer,"2026-08-13 21:23:41",1051.9,2,amerhu
3684,16714162,MarvinTMB,"2026-09-13 23:07:41",1051.7,2,marvintmb
3685,16774228,"Anggit Maulana Abdi","2026-08-28 14:37:01",1051.6,2,anggitmaulanaabdi
3686,16773559,"Abhishek Mahto","2026-08-26 06:40:07",1050.7,1,abhishek3115
3687,16809122,"federico battello","2026-09-10 15:05:02",1050.0,2,federicobattello
3688,16698256,Mint,"2026-08-17 18:39:08",1049.7,2,rorandangerous
3689,16756399,"old Ryne Mac had a farm","2026-08-21 19:44:11",1049.7,1,rynemac
3690,16769866,"Suzuki Riki","2026-08-25 12:11:09",1049.5,2,suzukiriki
3691,16773266,newbyy,"2026-08-26 05:21:47",1049.3,1,newbyy
3692,16781516,"Hongbin Guokaggle","2026-08-29 04:16:00",1048.9,2,hongbinguokaggle
3693,16789587,"José Luis","2026-09-08 06:49:13",1048.9,2,joseluissz
3694,16770302,stardxx,"2026-08-26 02:21:35",1048.8,2,stardxx
3695,16624651,"Zihao Zeng","2026-09-04 12:46:45",1048.0,2,zihaozeng0021
3696,16748717,mt,"2026-08-20 13:09:12",1046.6,1,mtanakaslgfreak
3697,16716468,"Sakhawat Hossen","2026-08-15 03:28:07",1046.4,2,sakhawathossen
3698,16730705,chris,"2026-09-15 01:26:36",1046.3,2,chris62
3699,16666853,"Bisola Olasehinde","2026-08-31 13:08:21",1046.3,1,bizzyvinci
3700,16700995,"Maram Ali","2026-08-15 09:13:15",1046.1,2,msama01
3701,16759864,exaucedossou,"2026-08-22 17:56:40",1045.3,2,exaucdossou
3702,16656990,"NALLA SUMANG","2026-08-30 03:15:46",1045.2,2,sumangnalla
3703,16649108,"Steve AVOMO","2026-08-17 03:12:41",1044.9,2,aurelsteve77
3704,16735102,"Zhiqi Liu","2026-08-31 02:57:12",1044.8,2,crazyqiqi
3705,16765526,"Kotala Kishan Reddy","2026-08-24 08:56:22",1044.7,1,kotalakishanreddy
3706,16666018,"H vv sathwik","2026-08-26 06:49:10",1044.6,2,hvvsathwik
3707,16851557,SunaoCool,"2026-09-11 04:15:13",1044.0,2,yoshikinishita
3708,16655559,"Fajri Yanuar Shiddiq Juanda","2026-08-13 01:40:20",1043.9,2,fajriyanuar
3709,16662314,"Hanh Tran","2026-08-13 12:29:31",1043.9,1,honghanhhh
3710,16755278,Kaz,"2026-09-04 15:27:28",1043.8,2,kazuyago
3711,16659314,Sandeep063,"2026-08-25 12:44:22",1043.8,2,sandeep063
3712,16633580,Vinymo,"2026-08-23 15:32:23",1043.8,2,vinymo
3713,16675780,susutem,"2026-08-21 04:03:32",1043.6,2,susutem
3714,16857894,"Ludwig Agurto Contador","2026-09-12 22:35:55",1043.3,2,ludwigagurtocontador
3715,16650372,Greed,"2026-08-12 17:18:47",1043.2,2,greedshen
3716,16841176,"Bruce Cole","2026-09-09 00:39:28",1042.9,2,brucecole
3717,16638823,YDDDDDD999,"2026-09-06 18:22:40",1042.5,2,ydddddd999
3718,16690020,shantaitichu,"2026-08-17 09:40:30",1042.5,2,shantaitichu
3719,16636909,"wking edewd","2026-08-21 11:21:57",1042.3,1,wkingedewd
3720,16656948,"alexander kern","2026-08-24 18:02:17",1042.3,2,alexanderkern
3721,16624073,SoftRL,"2026-09-13 07:20:03",1042.3,2,"maruichi01,ppocharl,puws06,tatsukisato,unikina"
3722,16802535,"To be happy","2026-09-01 11:08:41",1041.4,1,yaokaixinya123
3723,16695691,neural-canvas,"2026-08-12 20:46:37",1040.9,2,mrsanap
3724,16808914,slfmmm,"2026-09-02 11:50:26",1040.8,1,slfmmm
3725,16772450,"Muneeba Badar","2026-08-25 21:19:13",1040.0,2,muneebabadar
3726,16803602,ihiratch,"2026-09-06 15:57:56",1039.8,2,ihiratch
3727,16624824,GoofyGenius,"2026-09-09 16:05:59",1039.6,2,goofygenius
3728,16751267,Guojun1,"2026-08-21 01:57:23",1039.4,1,guojun1
3729,16740103,Adjakou,"2026-08-24 07:31:02",1039.3,2,adjakou
3730,16721259,Qsj,"2026-08-28 09:20:10",1038.9,2,qiaoshiji
3731,16766840,"Andrey ","2026-08-24 14:27:38",1038.8,1,anti1111
3732,16791862,"Emmanuel Mireku","2026-09-14 15:12:32",1038.8,2,eldermireku
3733,16711910,"Artem Zapara","2026-08-18 16:48:51",1038.5,2,artemzapara
3734,16710661,"Pengyi Peng1","2026-09-03 05:48:27",1038.4,2,pengyipeng1
3735,16889392,Prit_44421,"2026-09-14 11:29:09",1037.7,2,prit44421
3736,16633709,"kitory Yeah やきとり","2026-08-15 22:30:08",1037.4,2,kitoryyeah
3737,16731243,"[Deleted] dab36be1-9992-4710-95f4-39a9f7a2cd3c","2026-08-24 15:13:27",1036.8,2,del=fd92954ed0c92f1a
3738,16729227,Marjao,"2026-08-16 16:49:12",1036.3,2,muniburrehman2020
3739,16654381,"Dmitry Belan","2026-08-30 17:16:29",1036.0,2,dimong4
3740,16728460,oh-Artistburger-AHA-TastyMeat!,"2026-08-16 11:54:46",1035.8,1,akikukeo1
3741,16697249,"Sudharsana Rajasekaran","2026-08-13 06:25:58",1035.7,2,sudhan03
3742,16668049,"Masayoshi Kurihara","2026-08-14 06:20:21",1035.4,2,masayoshikurihara
3743,16731751,"Nikita Pudovkin","2026-08-17 09:15:54",1035.4,1,nickpudovkin
3744,16722619,vlavlalva,"2026-09-04 21:48:26",1035.1,2,cppcph
3745,16658014,Bharath,"2026-09-10 18:05:09",1034.9,2,pes2ug23cs121
3746,16726512,shash,"2026-08-15 19:41:18",1032.7,1,zshashz
3747,16624682,FrederikZ,"2026-09-02 10:17:51",1032.4,1,zkirederf
3748,16663352,"Avnish Sharma","2026-08-31 14:42:23",1032.4,2,kewlaz
3749,16733547,"Mark Grayson","2026-08-17 18:53:21",1032.0,2,flyingsinclair
3750,16709462,"KK #2","2026-08-14 09:06:37",1031.8,2,kk2909
3751,16728135,sukirman,"2026-08-17 12:24:20",1031.4,1,rakbidb
3752,16685626,"Livingstone Selassie","2026-08-16 00:26:50",1030.8,2,"hackerx019,livingstoneselassie"
3753,16748330,Okan,"2026-08-21 11:15:17",1030.3,2,okanzkaya
3754,16748524,TongY26,"2026-08-21 08:33:16",1029.3,2,tongy26
3755,16663694,"Dimitri ZABRE","2026-08-12 21:00:12",1028.6,2,dimitrizabre
3756,16661423,"Rishavendra Sharma","2026-08-31 08:38:23",1028.5,2,rishavendrasharma
3757,16729650,"Tapiwa Makandigona - Zimbabwe21","2026-08-31 11:36:48",1027.6,2,mukanya1994
3758,16663241,"Kris Adamatzky","2026-08-13 09:49:19",1026.9,2,krisadamatzky
3759,16707303,meTeam,"2026-08-23 15:01:49",1025.9,2,aaronzribi
3760,16656807,Yoganjaneyulu,"2026-08-13 09:20:17",1025.5,2,yoganjaneyulu
3761,16697675,"Isaac Grossman","2026-08-30 23:21:35",1024.2,2,kingisaac
3762,16831372,"Hazel caviar","2026-09-05 08:07:40",1023.5,2,hazelcaviar
3763,16622034,"Aryan Yadav","2026-08-15 18:49:17",1023.5,2,simplexcomplex
3764,16673110,"Sri Jayavel K","2026-08-20 08:18:31",1023.2,2,srijayavelk
3765,16734578,"Pascal Andreas","2026-08-26 17:42:14",1022.9,2,pascalandreas
3766,16709744,"Emre Bayram","2026-08-14 09:04:57",1022.7,2,emrebayram
3767,16696561,"Ali Ramazanov","2026-09-09 06:53:42",1022.6,2,aliramazanov
3768,16785100,5386,"2026-09-10 11:08:04",1022.0,2,"ismktkaggle,rairai314,satosis"
3769,16693962,"Changyuan Chen","2026-08-17 14:18:21",1021.5,2,changyuanchenmit
3770,16878026,yamazaking,"2026-09-12 14:00:29",1020.4,2,zacky21
3771,16805171,Mario,"2026-09-14 17:59:17",1019.5,2,mwalkiew
3772,16734450,"Ian Teigen","2026-08-18 00:04:38",1019.2,2,ianteigen
3773,16660711,ricardo,"2026-08-15 22:34:26",1019.1,2,magania
3774,16806938,boominginging,"2026-09-13 10:35:12",1019.1,2,"aviator22,boominginging,caiwenjie123,mikeintokyo"
3775,16656731,"Muhammad Ali","2026-08-14 06:47:06",1019.0,2,sardaralimaqsood
3776,16653955,"tanmay singhal","2026-08-29 12:00:53",1016.9,2,anexperiencedidiot
3777,16714059,Yentür,"2026-08-12 18:47:44",1016.8,1,meryentr
3778,16768647,vaultguard,"2026-09-14 21:08:32",1016.4,2,vaultguard
3779,16657494,Trex,"2026-08-12 14:00:14",1015.5,2,trexzone
3780,16699722,Dicere,"2026-08-13 08:00:17",1015.4,2,thedark735
3781,16678638,Loshtradz,"2026-08-26 18:40:35",1015.4,2,loshtradz
3782,16687594,"Andrew Markley","2026-08-13 01:19:04",1015.0,2,andrewmarkley1
3783,16695964,"JiMing Feng","2026-08-17 10:56:45",1014.5,2,jimingfeng
3784,16698439,"Pournami Prakash","2026-09-12 20:17:14",1013.9,2,pprakas
3785,16684163,MohamedFD,"2026-08-13 12:32:47",1013.7,2,mohamedfd
3786,16693058,"Yuvraj singh","2026-08-13 14:03:24",1013.3,2,yuvrajsingh789
3787,16745092,zakihiro,"2026-08-21 07:59:39",1012.6,2,zakihiro
3788,16700116,Goldian,"2026-08-21 16:13:40",1011.7,2,goldian
3789,16635973,"Code by Nadiia","2026-08-31 13:09:44",1008.5,2,codebynadiia
3790,16768236,Baligh,"2026-09-14 13:04:53",1008.1,2,balighmehrez
3791,16700314,Giallar,"2026-08-14 16:45:53",1007.6,2,andreykrotkikh
3792,16651052,lty,"2026-08-18 02:33:01",1007.4,2,linwei9
3793,16670433,"Mohammad Osamah Atif","2026-08-19 08:46:32",1007.2,2,osamatif
3794,16633414,"sagar tripathy","2026-08-13 15:57:56",1007.0,2,sagar8trip
3795,16682667,"zeel vavliya","2026-09-15 01:40:08",1006.9,2,zeelvavliya
3796,16688436,Zuu3scode,"2026-08-12 15:19:16",1006.4,2,zuu3scode
3797,16681749,"rohith vinice","2026-08-11 23:55:16",1006.0,2,rohithvinice
3798,16699659,"Dimas Pasha Akrilian","2026-09-01 01:59:59",1005.1,2,dimaspashaakrilian
3799,16667729,"Daniel Wu","2026-08-15 14:35:27",1004.9,2,danielwuu
3800,16671666,showtree,"2026-09-02 01:53:55",1004.8,2,showtree
3801,16645712,"Changye Li","2026-08-24 06:23:33",1004.4,2,antoinegg1
3802,16701759,xycai,"2026-08-14 17:23:35",1004.3,2,xycaipku
3803,16803913,"SUJIB BARMAN","2026-09-01 16:42:07",1004.3,1,cardata
3804,16696887,kt-Kitayama,"2026-09-01 13:23:49",1004.3,2,ktkitayama
3805,16697024,"Jiri Prudky","2026-09-06 06:00:57",1004.2,2,jiprud
3806,16633006,Kaiser,"2026-09-01 06:36:38",1004.0,1,kaiserm
3807,16667052,"Dandan Li","2026-08-15 18:07:17",1003.5,2,clcll532x
3808,16703099,GansPiro,"2026-08-13 18:34:26",1003.5,2,ganspiro
3809,16663313,onlysmrtsumx,"2026-08-12 01:29:30",1003.4,2,onlysmrtsumx
3810,16730015,suzu10,"2026-09-15 01:47:32",1002.8,2,suzu10
3811,16885684,LiYiTingTom,"2026-09-15 00:33:59",1002.5,2,liyitingtom
3812,16774700,たたたた,"2026-09-11 12:01:32",1001.0,2,tatatata1111
3813,16664217,Shushantw,"2026-09-09 03:07:56",1000.8,2,shushantw
3814,16632097,PavelLiashkov,"2026-09-15 01:37:44",1000.6,2,bigbag1983
3815,16682303,"Kapadiya Nirav Kumar","2026-08-18 06:24:30",1000.5,2,kapadiyaniravkumar
3816,16632146,Haker_Sam,"2026-08-27 10:45:31",1000.1,1,hakersam
3817,16664072,"victor aguilera","2026-09-12 22:29:45",1000.0,2,viaguilera
3818,16709300,炫酷的小克里斯,"2026-08-19 15:54:28",999.0,2,tinfufans
3819,16662166,duy,"2026-08-31 08:50:51",998.1,2,hduynguyen
3820,16657857,hust_xll,"2026-08-12 05:38:12",997.9,2,hustxll
3821,16689952,"Lazarus Ogero","2026-08-11 16:44:08",997.7,2,lazarusogero
3822,16639844,MaxChen303,"2026-08-13 02:25:24",997.3,2,maxchen303
3823,16805763,"Masaya Kawamata","2026-09-04 03:39:48",997.2,2,masayakawamata
3824,16860288,"VIKASH YADAV","2026-09-14 12:39:46",997.1,2,vikashyadav05
3825,16763383,"Alexandru Sitaru","2026-08-25 07:05:06",995.1,2,sitaru
3826,16770777,"Oscar Legoupil","2026-09-09 15:43:18",995.1,2,oscarlegoupil
3827,16692090,sans,"2026-08-12 03:14:55",994.8,2,sans6262q
3828,16811576,Zi,"2026-09-03 01:52:15",994.5,1,kaigaokaigao
3829,16781276,"Nikita Greben","2026-09-07 10:55:01",994.3,2,justnik77
3830,16621735,VN-Orion,"2026-08-21 11:42:27",994.1,2,fastthanh78
3831,16823930,"Yiyang Xu","2026-09-08 19:32:51",994.1,2,yiyangxudmm
3832,16655952,"Tianfu Wang (王天夫)","2026-08-12 15:08:12",993.9,2,wangtf96
3833,16692164,Abdulrahman.su10,"2026-08-11 20:35:39",993.8,1,abdulrahmansu10
3834,16682936,"Latifa Riziki","2026-08-12 09:38:13",993.6,2,latifariziki
3835,16679767,Salut!,"2026-08-12 21:56:55",993.5,2,denismekhanikov
3836,16680690,MYOUCER,"2026-09-01 01:20:04",993.4,2,myoucer
3837,16674649,寿!,"2026-08-12 06:45:37",993.4,1,taka3776toshi
3838,16761728,"Vybhav Nath C A","2026-08-30 12:19:48",993.3,2,shadowfax2000
3839,16681275,"CUG HeQiao","2026-08-12 09:06:14",992.4,2,cugheqiao
3840,16628765,"Kota Iizuka","2026-09-09 14:25:17",991.9,2,kotaiizuka
3841,16655826,KKY,"2026-09-15 01:12:26",991.5,2,evilpsycho42
3842,16673881,"Sebastian Johansson","2026-09-04 22:06:51",991.3,2,sebbejohansson
3843,16676043,"Tejash Rai","2026-08-14 07:16:01",991.3,2,tejashrai
3844,16702774,FilipJ,"2026-08-16 18:34:05",990.3,2,filipjarmua
3845,16655128,"Somasundar V","2026-09-08 20:24:00",990.3,2,somasundarv
3846,16689389,Chukunder,"2026-09-12 06:46:40",990.2,2,"farbricated,sarikajivrajika"
3847,16707993,"Sangita Bannore","2026-08-11 14:33:47",990.1,1,sangitabannore
3848,16738467,EnriFermi,"2026-08-26 23:51:18",989.7,2,enrifermi
3849,16672448,"Crisis Liu","2026-09-14 06:29:44",989.2,2,crisisliu
3850,16767431,Nine1Eight,"2026-08-24 16:51:12",989.1,1,wethepeople918
3851,16673097,"Sonu Kushwaha","2026-09-01 11:10:15",988.9,2,sonukushwaha124
3852,16662749,Jordan,"2026-09-15 00:49:20",988.5,2,extergeist
3853,16662846,"Kerem Ercin","2026-08-27 05:44:23",988.2,2,keremercin
3854,16692103,HaniJezo,"2026-08-11 20:32:40",987.7,1,hanijezo
3855,16652904,TonightIsOver,"2026-09-07 04:41:27",987.6,2,tonightisover
3856,16683441,Eura73,"2026-08-21 08:07:47",987.5,2,eura73
3857,16701221,"Othman Istaiteh","2026-08-10 13:25:38",987.4,2,istatieh
3858,16679371,ΛYMΞNRH,"2026-08-11 06:43:55",987.2,2,aymnrh
3859,16725680,henri66,"2026-08-15 21:09:47",987.2,2,henri665
3860,16855857,tchufers,"2026-09-15 00:08:18",987.1,2,viniciusraupp
3861,16672374,"kelly waldeck","2026-08-11 21:07:30",986.7,2,kellywaldeck
3862,16724779,"Gavin Cao","2026-08-16 09:00:53",986.7,2,gavinxgcao
3863,16684947,Hoaquason,"2026-09-04 08:54:54",986.0,2,"datnguyen0102,mibombaclat"
3864,16632675,"Baran Kucuk","2026-08-11 15:09:58",985.6,2,barankucuk
3865,16880278,jiayi2627,"2026-09-14 16:45:29",985.2,2,jiayi2627
3866,16710672,"Yasemin Koç","2026-08-14 05:52:52",984.6,2,yaseminmkoc
3867,16697021,Vaishnavi22052006,"2026-08-11 18:43:08",984.3,2,vaishnavi22052006
3868,16627400,"Krasnov Daniil","2026-08-11 06:04:48",984.3,2,daniilkrasnovvv
3869,16685743,"Alex Oranov","2026-08-28 19:30:54",984.2,2,aoranov
3870,16695176,"Zakaria Settar","2026-08-16 21:52:31",983.8,2,zakariasettar
3871,16693159,"Zonglin Han","2026-08-13 17:10:08",983.5,2,zonglinhan
3872,16862666,"Roman Katasonov","2026-09-14 11:52:30",982.9,2,romankatasonov
3873,16640683,Jason-Oh,"2026-09-15 01:45:11",981.9,2,dossantoss
3874,16688136,"Armanzhan Ayan","2026-08-11 16:49:36",981.8,2,armanzhanayan
3875,16712577,"nattapon nakakong","2026-09-04 07:57:35",981.5,2,nattaponnakakhong
3876,16650485,nasu726,"2026-08-13 13:51:20",981.4,2,nasu726
3877,16692110,"Ahmed Khudair","2026-08-11 22:33:06",981.0,1,ahmedkhudair121
3878,16660371,"José Luis Gómezz","2026-08-13 01:37:42",981.0,2,josluisgmezz
3879,16700630,apoyusiken,"2026-08-12 06:10:52",980.5,2,umutarpay
3880,16749153,"Arnav Mishra","2026-09-12 05:10:43",980.2,2,arnavmishra02
3881,16660333,"Deanos Crew","2026-08-11 13:10:19",979.7,2,jamescole0101
3882,16806886,dreamtear,"2026-09-02 05:55:56",979.7,1,mohanzeng
3883,16627995,"Fire Bird","2026-08-11 20:36:45",979.6,2,xuanleekaggle
3884,16659803,nRuaif,"2026-08-22 02:47:10",979.4,2,phngdoan
3885,16701573,"Haggai Musoda","2026-08-17 20:04:00",979.2,2,haggismusoda
3886,16702482,"Carlos Navarro","2026-08-14 05:26:26",978.8,2,navarr0
3887,16667233,EdGy2k,"2026-08-10 10:41:12",978.7,2,edgy2k
3888,16659662,MOHSIN525,"2026-09-01 15:43:49",978.4,2,mohsin525
3889,16704622,ray,"2026-08-11 16:30:13",978.2,2,rayenezanned
3890,16689770,"Abdillah Sagif","2026-08-11 10:11:23",978.0,2,abdillahsagif
3891,16660911,"Animesh Ratna","2026-08-23 22:01:35",977.7,2,animeshratna
3892,16695376,Garv88,"2026-08-13 12:19:20",977.2,2,garv88
3893,16698294,"John Doe","2026-09-07 12:29:46",975.8,2,johndoe90843
3894,16655715,Chin,"2026-08-12 06:20:32",975.5,2,qinyukun
3895,16669643,"Athenix Kaggriculture","2026-08-24 18:23:54",975.4,2,sdafdsfsdfgdsg
3896,16665702,"Aman Gupta","2026-09-08 16:26:19",975.2,2,amangupta0014
3897,16737113,"Sergei Myshianov","2026-08-20 03:24:23",974.6,2,sergeimyshianov
3898,16662681,"Vernon Campbell","2026-08-12 23:18:18",974.3,2,vernoncampbell
3899,16623533,xthixsl_ml,"2026-09-11 15:38:50",973.8,2,xthistle999
3900,16738705,"Atilla Y","2026-09-12 06:51:34",973.2,2,atillay
3901,16684012,ceh,"2026-08-16 04:58:18",972.5,2,emilhessman
3902,16655789,"wen chong yu","2026-09-14 12:15:49",972.5,2,wenchongyu
3903,16676356,"Wander waal","2026-08-11 02:48:56",971.9,2,wanderwaal
3904,16633886,mudesteven,"2026-08-16 02:54:25",971.9,2,fastlight2007
3905,16644891,yankang_XZK,"2026-09-02 18:29:53",971.6,2,yankang233
3906,16663919,hnhyhj,"2026-08-13 04:05:56",971.4,2,hnhyhj
3907,16767528,"Umut Toygar Göz","2026-08-30 13:01:54",970.7,2,umuttoygargoz
3908,16660678,"Chaitanya Sonaje","2026-08-11 13:30:49",970.5,2,chaitanya205
3909,16705441,CooperJiang,"2026-08-13 06:57:44",970.3,2,gingersna
3910,16692490,"Enes Coşkun","2026-08-11 05:37:38",970.2,2,enscskn
3911,16660331,A.K.NITHIN,"2026-08-12 12:07:32",969.8,2,aknithin
3912,16765601,"Dinesh Makireddy 7389","2026-09-09 12:31:33",969.6,2,dineshmakireddy7389
3913,16756925,"Dread Development","2026-09-05 11:38:51",969.1,2,"dreaddevelopment,seanornberg"
3914,16656316,"Richard Tang","2026-08-11 01:09:34",969.1,2,richardgtang
3915,16657091,raw2clean,"2026-08-12 08:12:12",969.0,2,raw2clean
3916,16659692,"Hùng Nguyễn Huy (Hiirooo)","2026-08-11 03:47:45",968.7,2,hngnguynhuy
3917,16705370,TS2333,"2026-08-11 03:40:40",967.4,2,ts2333
3918,16767164,"yuhan wu","2026-08-26 09:37:53",967.4,2,yuhanwu487
3919,16632579,ZZfancy,"2026-08-11 12:04:42",967.1,2,zzfancy
3920,16651331,"Mohamed Saeed","2026-08-11 18:58:08",966.8,2,m0sm71
3921,16656181,Vishwa,"2026-08-11 05:46:58",966.8,2,rv1922
3922,16707584,sadatch,"2026-08-13 05:18:28",966.6,2,sadatch
3923,16660037,shehai.lrs,"2026-08-11 13:37:32",965.9,2,shehailrs
3924,16677723,"Trip Meiners","2026-08-11 19:26:55",965.5,2,tripmeiners
3925,16882140,"jiang luo1021","2026-09-15 01:29:04",965.2,2,jiangluo1021
3926,16636004,"Ragunath Ravi","2026-08-11 10:59:07",965.2,2,ragunathravi
3927,16793134,sawasawasawa,"2026-09-07 09:06:57",964.3,2,yukisawamura
3928,16687724,Yijue1,"2026-08-11 02:15:05",964.3,2,yijue1
3929,16771994,"Jaden Tang","2026-09-07 16:14:09",964.2,2,"aayanshah,jadentang17"
3930,16665058,"Llin Ding","2026-09-01 05:38:32",963.7,2,llinding
3931,16708333,"Phạm Vương","2026-08-11 16:17:10",963.1,2,vuongphamqq
3932,16708573,Benser,"2026-08-15 14:41:24",962.8,2,benser
3933,16780558,hxrdxk,"2026-08-29 18:36:48",962.8,2,hxrdxk
3934,16635280,"Narendra Sirvi","2026-08-12 06:43:07",962.6,2,narendras78
3935,16675897,"KANG ZHIPENG","2026-09-08 08:59:56",962.5,2,kangzhipeng
3936,16625615,"Mobeen Fatima","2026-08-28 16:47:17",962.4,2,mobeenfatimah
3937,16705584,"Adil Munawar","2026-08-29 21:18:33",962.4,2,adilmunawar
3938,16889423,ShinChua,"2026-09-14 12:50:22",962.0,1,shinchua
3939,16693886,spellstriker,"2026-08-12 22:03:20",961.8,2,spellstriker
3940,16709069,"James Mcquay","2026-08-14 18:05:40",961.6,2,jamesmcquay
3941,16696608,beanbamboozled,"2026-08-10 10:45:19",961.1,2,beanbamboozled
3942,16675582,DavidX,"2026-08-11 06:05:18",960.9,2,davidasx
3943,16669778,UknesIruka,"2026-08-11 11:13:46",960.8,2,uknesiruka
3944,16804961,explise,"2026-09-02 08:13:03",960.7,2,explise
3945,16631777,KiKi,"2026-09-03 04:27:02",960.6,2,kingkiller2164
3946,16669494,"Abdullah Razi","2026-09-03 18:39:36",960.6,2,abdullahroninrazi
3947,16695501,brocade,"2026-08-15 00:01:12",960.2,2,brocade
3948,16809277,"Shuntaro Tanaka","2026-09-11 01:01:20",960.1,2,shuntarotanaka
3949,16692138,"Bishwa Thakur","2026-09-05 09:15:47",959.5,2,bishwathakur
3950,16696769,"maximo lorenzo y losada","2026-08-12 13:07:35",959.4,2,maximolorenzoylosada
3951,16698942,"PRADHAN RS","2026-08-13 18:06:58",959.1,2,pradhanrs
3952,16729863,Monkeyzl,"2026-08-22 20:02:21",958.7,2,monkeyzl
3953,16706315,"Desert Fox88","2026-08-11 12:02:03",958.4,2,desertfox88
3954,16706004,Divyansh,"2026-08-25 16:38:00",958.3,2,sehgaldivyansh
3955,16695608,"Elie Elias","2026-09-12 11:11:33",957.9,2,elieelias
3956,16679519,"Петьо Лазаров","2026-08-10 22:30:35",957.4,2,pesosz
3957,16709473,"Selahattin Günter","2026-08-23 14:07:42",957.2,2,selahattingnter
3958,16719551,JamesYip7,"2026-08-20 10:24:50",957.1,2,jamesyip7
3959,16676154,"Tuan Tran","2026-08-10 16:29:40",956.2,2,thtuan
3960,16711204,"harden james","2026-08-12 08:00:14",955.8,1,ffusername
3961,16653153,Gbining,"2026-08-09 12:21:06",955.7,2,gbining
3962,16712651,riicon,"2026-09-13 14:18:39",955.0,2,risakashiwabara
3963,16768644,Momoko,"2026-08-25 03:22:50",954.7,1,yangmengyuanmomoko
3964,16624625,"Harsha Vardhan","2026-08-10 07:33:35",954.6,2,harshacode101
3965,16745059,mekduy,"2026-08-29 11:42:07",954.3,2,mekduy
3966,16892288,"Omar Althobaiti","2026-09-15 00:00:08",954.3,2,omarahmedalthbite
3967,16661983,"Victor's Team","2026-08-12 12:05:19",953.8,2,"dlordsjustified,jezrealmomoh,joludare,victorokpe"
3968,16681848,Haraguchi-T,"2026-09-01 09:03:21",953.1,2,haraguchit
3969,16666733,"Alberto MV","2026-08-10 23:06:33",952.9,2,albertomv
3970,16687824,"André Dkw","2026-08-10 17:17:25",952.6,2,andrdkw
3971,16695137,"Samantha Nicole Bracamonte","2026-08-12 00:35:56",952.0,2,snrbracamonte
3972,16697142,Kujaomega,"2026-08-10 22:13:02",951.8,1,kujaomega
3973,16640869,taijunhao,"2026-08-12 10:26:30",951.6,2,taijunhao
3974,16668334,Suavemango,"2026-08-12 05:18:03",951.5,2,suavemango
3975,16695903,cerensukaramese,"2026-08-14 09:18:05",951.1,2,cerensukaramese
3976,16640058,"Justin CH123","2026-08-11 09:15:28",949.4,2,justinch123
3977,16656691,"Sahaj Deep Singh","2026-08-12 01:39:36",949.3,2,sahajdeepsingh9877
3978,16652849,Hejunhui,"2026-08-16 14:15:29",949.0,2,website98
3979,16823736,"Logan Seitz","2026-09-09 15:07:29",948.9,2,loganseitz26
3980,16696644,"Franklin T","2026-09-13 07:17:43",948.7,2,franklin0410
3981,16701466,"HELIOS reasonning","2026-08-11 22:38:55",948.7,2,heliosreasonning
3982,16681620,wanwanuil,"2026-08-13 12:43:19",948.4,2,wanwanuil
3983,16661093,"INDRAJIT SWAIN","2026-08-15 13:23:37",948.2,2,indrajitswain
3984,16639476,耶✌,"2026-08-30 19:52:36",947.8,1,qifeihhh666
3985,16706283,haogood666,"2026-08-11 08:25:40",946.9,1,haogood666
3986,16793275,"Biao Cao","2026-08-30 13:44:48",946.5,1,biaocao398
3987,16666410,"Binil George","2026-08-12 10:40:43",946.2,2,binilg
3988,16690567,"Falih Kaleel","2026-09-13 12:54:08",945.4,2,alphajet185
3989,16726422,"Praveen Kumar","2026-08-29 11:25:55",945.4,2,pankajrepswal
3990,16786082,"Noberto Frota","2026-08-29 00:40:42",945.3,1,nobertofrota
3991,16657429,"xiao cat q","2026-08-12 01:41:13",944.7,2,xiaocatq
3992,16736429,Rudra278,"2026-08-18 12:07:42",944.6,1,rudra278
3993,16839972,"Yusuf Lee","2026-09-05 15:16:20",944.5,1,yusuflee
3994,16684075,"Tianfang Li","2026-08-13 14:20:13",944.4,2,tianfangli1
3995,16662213,"Yang Zong-Yu phD","2026-09-04 17:15:32",943.6,2,yangzongyuphd
3996,16659610,gareeb,"2026-08-10 15:46:50",943.5,2,"arjund29,saqlainsqx,yashawl194"
3997,16692457,t2better,"2026-08-12 11:56:41",943.4,2,t2better
3998,16733121,saturnliu,"2026-09-10 17:20:24",942.9,2,saturnliu
3999,16691591,"Dheeraj Kumar #3","2026-08-12 04:05:32",942.1,2,kdheeraz
4000,16664481,"Siddhu Jaykay","2026-08-12 14:02:29",942.0,2,siddhujaykay
4001,16639236,"Dhavan Shah","2026-08-12 18:20:38",941.5,2,dhavanshah99
4002,16624088,Pomiro,"2026-08-11 04:41:24",941.3,2,pomiro
4003,16644378,"hicham bedrani","2026-08-28 11:33:17",940.8,2,hichambedrani
4004,16810587,"Avineesh Arora","2026-09-10 19:49:46",940.7,2,avndope
4005,16736816,LLE,"2026-08-22 16:50:40",940.6,2,"rajaditya01,saiash"
4006,16728955,"Chris Murphy","2026-09-07 23:33:26",940.1,2,mur418
4007,16688265,"Kyle #2","2026-08-11 01:51:35",938.6,2,georgeturbo
4008,16662653,"Jordan Schaeffer","2026-09-09 01:49:11",938.2,2,jordanmschaeffer
4009,16655693,DePie,"2026-08-10 08:01:37",937.4,2,phucthaiv02
4010,16704027,"Alan Cai","2026-08-10 22:36:40",936.4,1,alancai27
4011,16654122,"Peter Thompson","2026-08-10 17:59:36",936.2,2,mightytreefolk
4012,16658044,"Roshan Singh","2026-08-22 08:47:57",935.9,2,roshanavadheshsingh
4013,16660479,"Lakhindar Pal","2026-08-31 13:26:49",935.4,1,lakhindarpal
4014,16730449,"Shinichiro Yoshida","2026-09-08 00:32:56",934.2,2,sysd00
4015,16659890,"Cu Spoon","2026-08-25 22:02:11",933.9,2,cuspoon
4016,16658487,radozaprazny,"2026-09-12 14:09:06",933.8,2,radozaprazny
4017,16739181,yamu_duck,"2026-09-12 15:02:56",932.6,2,crazyleg11
4018,16661249,Yaohui,"2026-08-26 14:59:02",932.5,2,yaohui85
4019,16746507,Ushimaru,"2026-08-21 09:01:51",932.2,2,behindkun
4020,16691275,"Muhiminul Islam   Mahim","2026-08-12 10:04:35",931.5,2,muhiminulislammahim
4021,16655323,roma,"2026-08-09 19:49:51",931.2,2,mnroma
4022,16688808,"Niranjan Nakkala","2026-08-11 12:26:14",931.1,1,niranjanmudhiraj
4023,16702909,SG4265,"2026-09-07 21:14:54",931.0,2,sg4265
4024,16643233,"Marco DG","2026-08-11 06:20:14",930.9,2,marcodg
4025,16666282,"Bang sion","2026-08-22 10:06:06",930.3,2,bangsioni
4026,16773064,"Sonu Yadav","2026-09-15 01:42:30",928.5,2,sonuyadav710
4027,16729800,"Alchemical Retard.","2026-08-20 07:28:07",928.1,2,alchemicalretard
4028,16672075,"Kameron Green","2026-08-11 05:49:32",927.9,2,hgenix20
4029,16833052,"we lose some 🏆","2026-09-10 16:11:54",927.4,2,sayangoswami
4030,16870350,praneethb7,"2026-09-11 08:50:53",927.1,1,praneethbudati
4031,16732140,Miaa1526,"2026-08-24 08:58:42",926.9,2,miaa1526
4032,16660395,ljx59141421,"2026-08-12 01:27:08",926.9,2,ljx59141421
4033,16662712,"Roman Stupin","2026-08-27 23:52:01",926.2,2,rcnegby
4034,16659618,"Jeevan Jolly","2026-08-13 13:51:52",925.4,2,jeevanjolly
4035,16652741,"Sergi Bas","2026-09-14 18:10:21",925.1,2,sergibas
4036,16705192,"John Ogah","2026-08-16 03:54:21",924.6,2,johnogah
4037,16731924,CuddleYokai,"2026-08-19 10:57:11",924.4,2,cuddleyokai
4038,16671837,"Ronald K Wilson ","2026-08-28 13:09:38",923.6,2,ronaldkwilson
4039,16624485,"Nishant Dahal","2026-08-10 02:24:42",923.4,2,nishantdahal
4040,16817309,"TeddyDog Lovely","2026-09-03 10:44:15",923.3,2,teddydoglovely
4041,16658875,"Noah Bishop","2026-08-10 09:56:34",923.2,2,noahbishop1
4042,16660594,XIAODOUZI,"2026-08-17 12:06:50",922.8,2,xiaodouzi666
4043,16667994,"Zhian Wei","2026-09-11 06:57:54",922.4,2,zh1anwe1
4044,16846958,"Constantin Craciun","2026-09-10 06:36:32",921.3,2,constantincraciun
4045,16663780,"Hamza Kanice","2026-08-09 00:08:11",921.0,2,hamzakanice
4046,16672579,"Udbhaw Anand","2026-08-22 13:15:18",920.8,2,udbhawanand
4047,16738461,monnosuke,"2026-09-14 11:11:21",920.7,2,shiomi1012
4048,16666632,to1_10i,"2026-08-19 20:27:42",920.6,2,to110i
4049,16674744,"Burhan Ul Tayyab","2026-08-10 10:55:43",920.4,2,babychick
4050,16635238,"Tai Tien Ta","2026-09-03 03:25:55",920.2,2,tittin
4051,16732679,argon,"2026-08-19 08:32:47",920.2,2,argonlabs
4052,16675752,"Simon Rüba","2026-08-10 14:23:16",920.1,2,simonrba
4053,16845420,"Terrance Luangrath","2026-09-08 05:41:53",919.9,2,tksluangrath
4054,16661707,"Rudolf HOUNLETE","2026-08-09 11:41:08",919.3,2,queystanle
4055,16722500,"Mike Murunov","2026-08-16 15:18:17",919.3,2,mikhailmurunov
4056,16696852,MYGEMER,"2026-08-09 15:43:13",918.9,1,mygemer
4057,16808116,WWAWW,"2026-09-14 08:30:49",918.2,1,masatowaragai
4058,16664179,animelonerboy,"2026-08-09 15:52:55",917.9,2,adambasa5
4059,16676275,Scorpi,"2026-08-12 01:34:25",917.2,2,scorpi
4060,16654322,"Debatreya Biswas","2026-08-10 02:02:38",915.9,2,debatreyabiswas
4061,16780967,"black hole sun","2026-09-01 02:25:21",915.1,2,danielefiorino
4062,16692678,Nerozud,"2026-09-10 07:36:41",915.1,2,"lorerubiano22,nerozud"
4063,16689471,wenjinyang,"2026-08-11 13:32:09",915.0,2,wenjinyang
4064,16657553,graceyunliu,"2026-09-13 13:12:30",914.7,2,graceyunliu
4065,16850522,WayneCheng,"2026-09-08 08:07:59",914.4,2,taffy1883
4066,16694744,XiaoZhiren,"2026-08-10 13:03:56",914.2,2,"ruikangan,xiaozhiren"
4067,16784719,"Ayush Shekhar","2026-09-07 13:23:45",913.7,2,ayushshekhar56
4068,16667731,"Agent 33","2026-08-28 13:20:28",913.5,2,agent33
4069,16693374,"Henfry De Los Santos","2026-08-12 11:43:51",913.4,2,henfrydelossantos
4070,16663928,Auxileon,"2026-08-09 16:20:13",912.8,2,auxileon
4071,16655210,Amon,"2026-08-16 06:09:04",912.7,2,kingaemon
4072,16698735,Larfii,"2026-08-21 18:01:02",912.7,2,larfii
4073,16756592,"Abdalrahman Eissa","2026-08-23 23:43:11",912.6,2,abdalrahmaneissa
4074,16665500,"Madan kumar","2026-08-13 17:31:57",911.7,2,winklemad
4075,16623461,MightyK,"2026-08-09 05:36:23",911.3,2,anhhkhoi
4076,16683909,"Krzysztof ""Chris"" Karaszewski","2026-08-14 08:41:11",910.8,2,futureofworkchannel
4077,16768453,phicis8911,"2026-09-12 04:05:14",910.2,2,phicis8911
4078,16737482,Lindicaphxag,"2026-08-27 03:41:59",909.6,2,oblivicore
4079,16645078,"A Aswanth Raj","2026-08-09 08:57:36",909.5,2,aaswanthraj
4080,16685828,Ztr0,"2026-08-09 05:53:10",909.4,2,y1amadeus
4081,16638998,"khalid harouach","2026-09-02 14:19:04",908.5,2,khalidharouach
4082,16713031,"Nahid Hossain Redom","2026-08-13 15:38:30",908.3,2,nahidhossainredom
4083,16635518,"ROFIQUL ALAM SHEHAB","2026-08-09 11:49:00",907.8,2,rofiqulalamshehab
4084,16821420,Sight,"2026-09-14 11:59:09",907.8,2,"cai12341234,jingwenxu85"
4085,16885548,"Anand Kumar 369o","2026-09-15 01:51:55",907.6,2,anandkumar369o
4086,16679688,"Sathwik Chinthakayala","2026-09-15 00:32:59",907.5,2,sathwikchinthakayala
4087,16724233,"Rafal Porwol","2026-09-05 05:10:39",907.4,2,rafalporwol
4088,16674353,"Lakshmanan R","2026-09-02 06:32:53",907.3,2,lakshmanankumar02
4089,16684639,Bru3ll,"2026-08-09 15:50:45",906.4,2,bru3ll
4090,16790115,Starumi,"2026-08-31 00:39:22",906.3,2,starumi
4091,16622487,"Sam kramer_1028","2026-08-18 09:40:58",906.2,2,samkramer1028
4092,16857762,zetaex,"2026-09-12 01:35:22",906.1,2,"lossvis,zetaex"
4093,16726173,"Aman Bihari","2026-08-23 12:51:05",905.5,2,amanbihari
4094,16662718,xlnt,"2026-08-22 12:37:49",904.4,2,"princebisht,xlnt404"
4095,16660430,"Hassaan Ibrahim","2026-08-10 12:45:55",904.4,2,hassaanibrahim
4096,16670202,"Elizabeth Park","2026-08-09 20:33:17",904.0,2,elizabethpark
4097,16724895,russ,"2026-08-19 08:55:30",902.9,2,mdevian
4098,16623034,"Vlad Kochetov","2026-08-10 21:43:51",902.2,2,vladkochetov07
4099,16760101,"Big Moo","2026-08-25 00:52:06",901.6,2,abdullahramadan1
4100,16689697,Kmart0112,"2026-09-09 14:36:00",901.6,2,kmart0112
4101,16749776,DataLover,"2026-08-20 16:34:37",901.4,1,paulknidler
4102,16635330,tekatoncat,"2026-08-16 23:42:10",901.3,2,tekatoncat
4103,16761975,lixiuqixiaoke,"2026-08-26 09:59:11",901.3,2,lixiuqixiaoke
4104,16854347,"Arul Gandhi","2026-09-12 10:19:13",901.1,2,arulgandhi
4105,16699784,nianyu,"2026-08-10 09:46:32",900.9,2,nianyuc
4106,16659585,"Anas Riaz","2026-08-08 20:20:23",900.8,2,anasriaz
4107,16746592,Harvester,"2026-08-21 13:57:05",900.1,2,yudhis16
4108,16683982,Kenny,"2026-08-16 19:43:13",899.3,2,kmonar
4109,16680646,Naym0425,"2026-08-14 04:20:36",898.9,2,naym0425
4110,16828106,AG,"2026-09-14 09:50:57",898.9,2,lacroix7771
4111,16672371,Loren-wen,"2026-08-09 13:23:49",898.5,2,wofusituerte
4112,16698467,"Ra'uf Fauzan Rambe","2026-08-10 04:29:13",897.7,2,rauffauzanrambe
4113,16639496,"Sai Teja Bandaru","2026-08-11 14:51:49",897.6,2,saitejabandaruin
4114,16653262,"tianwen zhang1","2026-08-08 16:21:18",897.5,2,tianwenzhang1
4115,16692970,LakoMoor,"2026-08-09 17:43:25",897.3,2,lakomoor
4116,16667124,"Chaotic Era","2026-08-12 01:26:13",897.2,2,sani84
4117,16664409,"Kathi Munishwar","2026-08-09 03:37:05",897.1,1,kathimunishwar
4118,16864185,fluxdev,"2026-09-13 02:32:06",897.0,2,fluxdev
4119,16679347,"Youssef EL MSIYAH","2026-08-09 12:07:55",896.6,2,youssefelmsiyah
4120,16685116,huanghaoyu7280,"2026-09-11 10:00:17",896.5,2,huanghaoyu7280
4121,16791977,JeremyLIU858,"2026-09-15 00:00:09",896.4,2,jeremyliu1997
4122,16878695,"Yang Lv","2026-09-14 11:53:46",896.1,2,lvyang199888
4123,16848546,"TaoMark Tao","2026-09-14 13:05:17",895.9,2,taomarktao
4124,16815105,"Saurav Chaudhari","2026-09-03 08:46:53",895.0,2,saur3x
4125,16631101,"Muneeb ul Hassan","2026-08-10 09:56:41",894.9,2,muneeb2405
4126,16670545,"Mouad AIT HA","2026-08-18 20:03:55",894.8,2,mo0103
4127,16683036,"Ritesh Thawkar","2026-08-14 08:34:08",894.7,2,riteshthawkar
4128,16687935,"Sardak Pavel","2026-08-24 11:51:58",894.4,1,bebra3222
4129,16663668,"╰┈➤ˎˊ˗ www.sleepyai.org","2026-08-08 23:49:32",894.0,2,tahsinarafat
4130,16695799,Vaycheslav,"2026-09-13 14:04:41",893.4,2,vaycheslav
4131,16695182,"Ali Haydar Özdağ","2026-08-10 14:29:59",893.2,2,ahoirg
4132,16656296,Fususu,"2026-09-05 04:32:44",893.0,2,phuongncn
4133,16658746,marinxbt,"2026-09-11 14:18:24",892.7,2,marinxbt
4134,16668758,"Aman Vishwakarma","2026-08-09 17:33:00",891.9,2,amanvishwakarma01
4135,16734490,Tomeiser,"2026-09-11 00:08:43",891.1,2,tomeiser
4136,16684852,後藤将斗,"2026-08-24 14:51:20",891.0,2,masato09
4137,16694317,"PRITIKA SA","2026-08-09 07:17:19",890.9,2,pritikasa
4138,16857505,"DL Loz","2026-09-11 00:43:18",890.4,2,dllogic
4139,16694065,zhangwei02,"2026-08-30 09:29:12",889.6,2,zhangwei02
4140,16652214,Zhenrui.Weng,"2026-08-09 06:45:10",888.5,2,zhenruiweng
4141,16884836,"Brooks Shun","2026-09-13 05:33:12",887.8,2,mapmicro
4142,16692883,coolguy,"2026-08-08 20:56:21",887.3,1,vihangpagare334
4143,16675305,"Justin Sabu Sebastian","2026-08-22 23:19:57",887.0,2,justinsabusebastian
4144,16854059,"Gökmen KÜÇÜKAYDIN","2026-09-14 12:15:01",886.7,2,gkmenkkaydin
4145,16660385,"Jose Santiago Echevarria","2026-08-25 12:02:45",886.6,2,jmsechevarria
4146,16657598,"Arun Mallikarjuna","2026-08-10 04:29:14",886.6,2,arunmallikarjuna
4147,16644150,"J.M.Mubasshir Rahman","2026-08-09 17:15:01",885.8,2,jmmubasshirrahman
4148,16679683,Aberrchan,"2026-08-08 17:44:32",885.2,2,aberrchan
4149,16698071,nixotrix,"2026-09-07 21:16:50",885.0,2,nixotrix
4150,16674881,"Saisree Dhanasekaran","2026-08-20 08:09:07",884.9,2,saisreedhanasekaran
4151,16676025,"Csaba József","2026-08-31 19:31:00",884.8,2,"jcsaba,peterkiss4"
4152,16669711,"Anton Shaniuk","2026-08-09 12:46:11",884.7,2,antonshaniuk
4153,16655567,Heisnotanimposter,"2026-09-04 07:23:21",884.6,2,test013
4154,16630372,Q.qlmmm,"2026-08-24 18:25:02",884.6,2,qlammi
4155,16671314,"Robot Farm","2026-08-29 16:54:23",884.1,2,codearranger
4156,16665976,"Daksh Goyal","2026-08-08 20:36:06",883.9,2,dakshgoyal387
4157,16676038,"Adyanth M","2026-08-09 05:12:40",883.6,2,adyanthm
4158,16799997,Yitao111,"2026-09-09 06:29:02",883.0,2,yitao111
4159,16734498,kazuhiro3381,"2026-09-12 14:08:42",882.5,2,kazuhiro3381
4160,16857723,"Denise Mo","2026-09-13 02:28:26",882.4,2,"clipcode,maskgen"
4161,16684568,"[ODS] waniz","2026-08-08 11:04:42",881.9,1,wanizz
4162,16652827,"Rob C","2026-08-14 03:04:30",881.9,2,robertcheah
4163,16789865,AgroByte-dev,"2026-09-02 14:39:25",881.8,2,ylyasyylkybayev
4164,16672980,"Thomas Prinz","2026-08-09 13:57:51",881.6,2,xardiphotography
4165,16669930,"Ilya Klimanov","2026-08-25 13:30:13",881.4,2,ilyaklimanov
4166,16671372,"Meet Sabhaya","2026-08-08 06:02:13",881.3,2,meetsabhaya
4167,16830079,"Quan Vu","2026-09-04 11:35:57",880.7,2,quan0095
4168,16864121,"Eddie Dk","2026-09-12 01:32:38",880.7,2,daskrank
4169,16640332,"ning gu","2026-08-21 00:01:22",880.7,2,morninggu
4170,16670406,"jessica jennifer","2026-08-20 15:55:41",879.9,2,jessicajennifer
4171,16854523,"Mingsi Guo","2026-09-14 12:17:44",879.2,2,mingsiguo
4172,16857636,"Adura Sia","2026-09-11 00:45:17",879.1,2,bitsmini
4173,16641535,Tutti,"2026-09-06 15:16:23",878.4,2,malk271828
4174,16857685,"waves wang","2026-09-10 03:29:00",878.3,2,cliwave
4175,16888654,"Martin Lau","2026-09-14 01:37:47",878.2,2,modelkit
4176,16845514,"Long Fang","2026-09-10 13:36:18",877.9,2,fanglong
4177,16623189,"Aditya Mishra","2026-08-09 03:42:06",877.8,2,adityamishranika
4178,16655497,cszf_first,"2026-08-09 02:06:46",877.4,2,cszffirst
4179,16688579,"Long Hu","2026-08-09 09:41:04",877.3,1,longhul
4180,16720913,Candidates,"2026-08-23 17:18:05",877.2,2,"ulyanovmmm,vladimirarchipov"
4181,16891579,"chengxuan yang","2026-09-14 13:26:38",876.8,2,chengxuanyang
4182,16705440,Lannuo,"2026-09-14 06:18:10",876.0,2,lannuo
4183,16665935,eternitywinner,"2026-08-08 14:41:53",876.0,2,eternitywinner
4184,16663457,Furqan102102,"2026-08-09 12:02:35",875.8,2,furqan102102
4185,16885336,"Hanya Zhang","2026-09-14 06:10:09",875.7,2,hanyazhang
4186,16870218,"Les Owen","2026-09-13 02:25:51",875.5,2,hyperacc
4187,16709126,"Jamie Nojek","2026-09-14 07:41:33",875.3,2,jamienojek
4188,16879949,"Du Yutong","2026-09-14 14:30:25",875.2,2,duyutong6
4189,16847663,Kanny912,"2026-09-13 02:43:55",874.4,2,kanny912
4190,16845557,lh123463,"2026-09-14 06:25:42",873.4,2,lh123463
4191,16694751,im_justmatthew,"2026-08-10 11:27:00",872.6,2,imjustmatthew
4192,16711725,meatori-nu,"2026-09-05 13:40:48",872.3,2,meatorinu
4193,16670361,"Saud Saudesen","2026-08-15 22:16:42",871.7,2,saudsaudesen
4194,16667245,"KAIWALYA RAUT","2026-08-09 09:04:25",871.2,2,kaiwalyaatulraut
4195,16690897,"Ashok Kumar Garain","2026-08-08 13:26:11",871.1,1,ashokkumargarain
4196,16807134,"Chaowei Liang","2026-09-09 01:53:25",871.1,2,chaoweiliang
4197,16847300,"Lam PayGi","2026-09-08 02:02:17",870.6,2,lampaygi
4198,16792989,ALKRIS,"2026-08-31 14:35:26",870.5,2,wasimjbuh
4199,16672247,"Movie Watch2022","2026-08-18 19:48:12",870.4,2,moviewatch2022
4200,16672660,"Straw Hat","2026-08-11 06:14:47",870.1,2,"anuragugargol,tanishafagare114"
4201,16630249,"Aymar Avohoueme","2026-08-20 10:22:33",869.9,2,aymaravohoueme
4202,16832686,DongShangYu,"2026-09-13 18:19:08",869.7,2,dongshangyu
4203,16680075,I_luv_magick,"2026-08-07 09:50:30",868.9,2,iluvmagick
4204,16653984,"Howard Lyu","2026-08-08 18:35:00",868.6,2,howardlyu
4205,16847456,waHAHA,"2026-09-07 09:53:07",868.6,1,wangshen1994
4206,16857621,"yunwen shen","2026-09-12 01:24:42",868.1,2,"cudastack,dlbyte,dsbeta"
4207,16623485,XtraLearning,"2026-08-09 17:10:36",867.5,2,xcessivesmash
4208,16662592,"Vladislav Yushkevich","2026-08-09 14:54:24",867.4,2,"crazyflyingsheep,vladislavyushkevich"
4209,16864086,"Cyper PSI","2026-09-11 00:54:29",867.3,2,cyberpsi
4210,16692469,neoistheone,"2026-08-08 18:38:13",867.2,1,neoistheone
4211,16864047,Castaldo,"2026-09-12 01:28:06",866.8,2,llmrun
4212,16795676,cold_star,"2026-09-04 03:54:22",866.6,1,a406161167
4213,16888618,"balen zhen","2026-09-14 01:28:59",866.4,2,idcode
4214,16670058,"Dahoui Alex Armel ","2026-08-07 01:02:07",866.1,2,dahouialexarmel
4215,16857488,THFuller,"2026-09-10 03:13:42",865.8,2,neoist
4216,16671174,Alexandre008,"2026-08-09 12:29:49",865.2,2,alexandre008
4217,16659730,"Zhang Yingluo","2026-08-10 08:15:53",864.9,2,zhangyingluo
4218,16686843,"Juraj Zelman","2026-08-09 08:40:09",864.7,2,jurajzelman
4219,16891841,thx123456121,"2026-09-14 14:23:20",864.6,2,thx123456121
4220,16713590,"Александр Арутюнян","2026-08-13 05:20:18",864.4,2,alexarut17
4221,16881928,"Saad Khan","2026-09-14 09:24:07",864.3,1,saadlohani
4222,16702674,"Varun S G","2026-08-25 12:24:45",864.2,2,warun7
4223,16888634,RegL2,"2026-09-14 01:32:24",864.0,2,regularl2
4224,16870241,Yuranan,"2026-09-12 01:33:29",864.0,2,opscfg
4225,16625472,"luna is free！","2026-08-29 16:39:51",863.7,2,simingtan
4226,16683439,Goober,"2026-08-10 19:46:41",863.0,2,kongzhisyuen
4227,16684762,X-xuhui,"2026-08-08 10:07:58",862.6,2,xxuhui
4228,16760247,kriskur123,"2026-09-06 00:03:53",862.0,2,kriskur123
4229,16689084,Tam1m,"2026-08-29 09:56:39",861.9,2,booleanwolf
4230,16688898,"Sanskar Omar","2026-08-09 11:10:44",861.8,2,sanskaromar7
4231,16870229,"Huning Yi","2026-09-13 02:30:07",861.7,2,nnmerge
4232,16666946,pwxc00,"2026-09-08 20:49:33",861.5,2,alert04
4233,16660259,Marcus,"2026-08-08 17:23:34",861.1,2,marcuseno
4234,16666358,"GAYATHRI SALINI","2026-08-07 07:55:26",861.1,2,gayathrisalini09
4235,16884782,"Julia Tsin","2026-09-13 05:21:56",860.5,2,tokenrank
4236,16660537,Furina,"2026-08-08 13:52:01",860.5,2,cjlcjlcjl
4237,16692677,"Ashish Dubey","2026-08-10 06:17:34",860.4,2,ashish124536
4238,16639280,"Faruk Çiftler","2026-08-09 11:27:46",860.2,2,abdullahfaruk
4239,16673604,"Jiman Kwon","2026-08-21 17:23:47",860.1,2,jimankwon
4240,16670065,"Artyom Sayapin","2026-08-18 23:40:18",860.1,2,spielmeister
4241,16870268,cvcost,"2026-09-13 02:31:01",859.7,2,cvcost
4242,16661739,"Spandan Mhapsekar","2026-08-08 10:39:41",859.6,2,spandanmhapsekar
4243,16860457,corebase,"2026-09-12 01:27:22",859.6,2,corebase
4244,16667219,"Komil Parmar","2026-08-08 10:00:55",859.5,2,komilparmar
4245,16890366,lachesism,"2026-09-14 08:58:32",859.3,2,lachesism
4246,16884751,PSTE,"2026-09-13 05:17:23",859.2,2,pychat
4247,16660101,Zarathustra,"2026-08-12 02:48:18",858.2,2,rezkyadytama
4248,16633276,"Nolan Liang","2026-08-09 03:26:47",858.2,2,iamlkn
4249,16783642,base_camp_2002,"2026-09-15 01:38:47",858.1,2,basecamp2002
4250,16664242,"Alex Lee","2026-08-11 03:43:12",858.0,2,aiexanderr
4251,16661100,"Muhammad Junaid","2026-09-06 21:24:50",857.7,2,junaid512
4252,16658278,"Malcolm Durosaye","2026-08-18 20:59:51",857.4,2,malcolm95
4253,16840254,"Alexander Liu","2026-09-13 19:21:39",856.9,2,alexanderzhiyuanliu
4254,16869317,Pikachuexeallen,"2026-09-12 19:46:36",856.7,2,pikachuexeallen
4255,16670117,"Raj Aryan","2026-08-07 18:15:04",856.2,2,rajaryan2503
4256,16805949,Bigplanedoesnotflyfast,"2026-09-14 13:53:40",855.9,2,ronav48902753425
4257,16661899,AAI,"2026-08-09 14:23:08",855.8,2,aiolapo
4258,16664283,"Nguyễn Hữu Công","2026-08-07 05:24:48",855.7,2,nguynhucng
4259,16732690,なーでぃー牧場,"2026-09-14 23:44:30",855.6,2,nadyresearcher
4260,16728633,draven,"2026-09-12 07:35:01",855.3,2,ustchx
4261,16681226,"tingting shen","2026-08-10 09:24:23",854.7,2,tingtingshen99
4262,16888093,"Alejandro Izaguirre","2026-09-14 17:54:08",854.6,2,alejandroizag
4263,16655763,"Diogo Sena","2026-08-22 17:08:45",854.5,2,diogodmsena
4264,16624003,weedfarmer,"2026-08-08 05:34:16",854.4,2,aleksanderhan
4265,16630441,"yjhv buddies","2026-08-07 09:50:05",854.3,2,bender1123123
4266,16661132,"Jia Chen","2026-09-10 20:04:02",854.1,2,jiachenjasper
4267,16660613,今日洗澡明日香,"2026-08-07 09:58:49",853.4,2,"jasperkag,ryjiang,timmengzh,yningc"
4268,16671515,ziheng,"2026-08-07 09:47:38",853.0,2,zihengedie
4269,16783131,Hawkeye,"2026-09-03 07:15:17",852.8,2,pragneshbagary
4270,16659958,brainpick,"2026-08-24 21:54:50",852.6,2,prathvirajpalekar
4271,16677399,lyts,"2026-09-13 19:17:03",852.0,2,lytsyyds
4272,16672629,"Alex Boyd","2026-09-06 15:37:19",851.7,2,alexrayboyd
4273,16736559,"Team Rot-Weiß","2026-08-19 13:22:35",850.8,2,moritzpaal
4274,16866974,"Haoyang David Dong","2026-09-13 12:15:16",850.5,2,haoyangdaviddong
4275,16884814,"Stcey Cong","2026-09-13 05:29:41",850.3,2,loopide
4276,16644552,Keanan,"2026-08-08 11:35:17",850.3,2,citerne
4277,16639645,RamenBoy,"2026-09-08 14:38:35",850.1,2,ramenboyjapan
4278,16835621,"Atharv Santosh","2026-09-05 02:49:27",849.9,1,atharvsantosh
4279,16888260,"Ndabenhle Ngema","2026-09-14 12:17:51",849.5,2,ndabenhlengema
4280,16690829,JeremyH43,"2026-08-16 00:06:30",849.2,2,jeremyh43
4281,16668034,ggggalaxy,"2026-08-28 04:56:40",849.2,2,ggggalaxy
4282,16841868,彭文龙,"2026-09-14 02:41:28",849.0,2,pengwenlong
4283,16827859,"Ishraq Tanvir","2026-09-04 08:38:08",848.9,2,ishraqtanvir
4284,16732008,"Phoebe Lin","2026-09-05 01:05:06",848.6,2,phoebe0511
4285,16666625,"Nguyen Ngoc Thien","2026-08-07 16:12:04",848.4,2,ngocthienai
4286,16671403,"Alex Karpowicz","2026-08-08 18:36:52",848.4,2,alexkarpowicz
4287,16634174,phibkro,"2026-08-07 03:10:52",848.2,2,phibkro
4288,16666826,"Simone di costanzo","2026-08-07 19:38:11",847.6,2,simonedicostanzo
4289,16670040,galaxyhunter,"2026-08-17 19:22:06",847.5,2,pkharkwal
4290,16823751,"Tyler Knecht","2026-09-14 14:44:59",847.3,2,tknecht
4291,16657989,"vishnu gopal P","2026-08-08 12:27:56",846.9,2,vishnugp
4292,16681480,"Kevin Nguyen","2026-08-14 18:16:29",846.8,2,haidangnguyen1802
4293,16643193,"Shoroogh Ahmadi","2026-08-13 10:36:43",846.7,2,shorooghahmadi
4294,16665898,chengsongtao,"2026-08-23 00:12:59",846.2,2,cheng618
4295,16655156,"Pranjal Ranjan","2026-08-06 23:58:43",846.2,2,pranjalranjan299
4296,16687463,"Manolo Chow","2026-08-09 22:56:20",846.1,2,manolochow
4297,16891008,"Golubev Alexander","2026-09-15 01:27:25",845.8,2,golubevalexander
4298,16665561,LuoXingda,"2026-08-07 08:22:42",845.5,2,luoxingda
4299,16633043,"Ryan Adams","2026-09-08 23:48:54",845.4,2,ryanadamsai
4300,16661754,edwinis,"2026-09-14 15:09:04",845.2,2,edwinis
4301,16685358,"Nuno Ferreira","2026-08-07 13:48:37",844.9,1,ngcferreira
4302,16640582,Attension_Seeker,"2026-08-10 06:57:51",844.9,2,aisipu
4303,16667091,"Nico Feiler","2026-08-07 14:27:47",844.8,2,nicofeiler
4304,16680408,mochogo,"2026-08-07 05:42:33",844.6,1,mochogo
4305,16870201,"Siemon Wong","2026-09-13 02:24:43",844.6,2,opsneo
4306,16665015,"laiba razzaq10","2026-08-07 14:21:49",844.4,2,laibarazzaq10
4307,16654626,bgsszsa,"2026-08-07 12:01:33",844.3,2,bgsszsa
4308,16634468,"Kun Zhang","2026-09-01 11:38:47",843.7,2,beicicc
4309,16673002,xubenzheng,"2026-08-07 15:40:31",843.5,2,xubenzheng
4310,16681986,"Chirantan Bhardwaj","2026-08-07 10:07:52",843.0,1,chirantanbhardwaj
4311,16670378,"Ari Carter","2026-08-08 23:18:02",842.8,2,aricarter
4312,16679848,Nikola010,"2026-08-13 16:29:19",842.7,2,nikola010
4313,16653117,"li jiaqi77","2026-08-07 05:32:06",842.5,2,lijiaqi77
4314,16658789,Zhanpeng.W,"2026-08-08 10:05:26",842.2,2,zhanpengw
4315,16866155,gomamonaka,"2026-09-12 10:10:10",842.0,2,gomamonaka
4316,16742442,"Anton Dugin","2026-08-21 09:51:07",841.5,2,antondugin
4317,16639583,typeIIIfairy,"2026-09-10 10:11:22",840.9,2,typeiiifairy
4318,16678930,"Just a moroccan","2026-08-09 13:45:12",840.8,2,zbidaamine
4319,16663591,"Joseph Franck","2026-08-25 10:07:56",840.6,2,josephfranck
4320,16676280,agniii,"2026-08-06 17:05:08",840.4,2,agniii
4321,16663569,XYZ,"2026-09-06 00:11:35",840.3,2,h249748fkv7lyhik897
4322,16639606,Peach2587,"2026-08-12 03:19:13",840.3,2,momokayoshioka
4323,16729165,コーラ,"2026-08-23 07:30:40",840.2,2,cola0912
4324,16720234,Aditya109,"2026-09-08 05:20:00",839.9,2,"aditya109,tathagattyger"
4325,16670671,"TAUIL Abd Elilah","2026-08-11 01:17:39",839.6,2,tauilabdelilah
4326,16665529,Venneth,"2026-08-08 12:32:20",839.6,2,venneth
4327,16666609,"visit palja.co","2026-08-15 03:34:49",839.5,2,sselrats
4328,16663369,csteeve,"2026-08-07 18:44:37",839.4,2,csteeve
4329,16639125,"Caio Coelho","2026-08-09 15:38:12",839.4,2,caio41
4330,16659820,Accayo14,"2026-08-06 14:20:30",839.3,2,accayo14
4331,16660120,gktdgktdgktd,"2026-08-07 07:50:45",839.2,2,gktdgktdgktd
4332,16760841,KIsXcl,"2026-08-24 14:34:11",839.0,2,kisxcl
4333,16665169,"Rahul Barakoti ITM","2026-08-07 10:58:30",838.6,2,rahulbarakotiitm
4334,16670221,fle3n,"2026-08-08 19:48:37",838.5,2,fleongg
4335,16685990,VictorAndrew,"2026-09-05 22:20:04",838.2,2,vicktvr
4336,16656347,OctahedronBB,"2026-08-07 00:52:27",838.1,2,octahedronbb
4337,16673179,"Muhammad Faraz Aftab","2026-08-09 10:18:58",837.9,2,muhammadfarazaftab
4338,16809194,Ajanraj,"2026-09-14 15:54:19",837.8,2,ajanraj25
4339,16669971,"Luka Philip","2026-08-08 16:09:32",837.6,2,lukaphilip
4340,16658499,Grifun,"2026-08-09 03:24:51",837.2,2,msingatullin
4341,16631665,"jatan sanghvi","2026-09-07 14:03:17",837.2,2,jatansanghvi
4342,16666686,yolo,"2026-08-08 12:08:38",836.4,2,avin55
4343,16753820,sbite0138,"2026-09-10 14:12:17",836.0,2,sbite0138
4344,16664666,"Rheal Thomas","2026-08-21 19:29:44",835.3,2,rhealthomas
4345,16678288,"Speedrun retirement","2026-08-30 18:59:23",834.5,2,"josephkimanikamau,nanducode"
4346,16722487,Zotar,"2026-09-14 10:53:56",833.9,2,chunhinma
4347,16668668,"George Byne","2026-08-25 10:10:36",833.9,2,georgebyne
4348,16621802,fgwiebfaoish,"2026-08-13 12:21:54",833.6,2,fgwiebfaoish
4349,16671844,I2nfinit3y,"2026-08-07 02:27:10",833.4,2,i2nfinit3y
4350,16838800,"LEE Dailun","2026-09-09 13:59:27",833.4,2,peterccll
4351,16653855,"Klgv Klgv","2026-08-06 11:54:38",833.1,2,klgvklgv
4352,16662161,"Touhidul Alam Seyam","2026-08-10 12:39:51",833.0,2,seyamalam
4353,16677240,"Jeevan Malla","2026-08-07 07:37:46",832.1,2,jeevanmalla
4354,16635612,Julian,"2026-09-13 07:06:19",832.1,2,mob404
4355,16683852,"Abhiram Anil","2026-08-08 06:26:11",832.1,2,abhiramanil
4356,16880045,"Underground Farmers","2026-09-13 13:04:19",831.3,2,xavierwi
4357,16731259,"Manvik singh rathore","2026-08-30 17:18:55",831.0,2,manviksinghrathore
4358,16668029,Timbo615,"2026-08-07 11:56:21",830.8,2,timbo615
4359,16622788,Fitzcarraldo,"2026-08-07 14:17:24",830.8,2,ivankuc
4360,16664827,"Jose Miguel Diez de la L","2026-08-07 16:08:49",829.9,2,josemigueldiez
4361,16858849,"Mark Diamond","2026-09-13 22:11:38",829.5,2,ponkle
4362,16665353,Sakshamm2587,"2026-08-17 16:50:43",829.5,2,sakshamm2587
4363,16682336,"Çınar Efe Yetişen (Student)","2026-08-19 08:29:20",829.3,2,narefeyetienstudent
4364,16656941,"Winter Lamb","2026-09-09 08:07:56",828.5,2,fabiansyahcahyo
4365,16669518,Galagala,"2026-08-07 18:35:59",828.2,2,b12705059
4366,16677675,"Roman Mironov","2026-08-06 17:30:28",827.9,1,helloromiro
4367,16658670,EveryJust,"2026-08-07 08:33:35",827.8,2,"everyjust,zfc666wsnd"
4368,16753826,"Jai Mata Di","2026-08-31 10:09:11",827.8,2,mrigshira
4369,16669608,"Jesy Lu","2026-08-13 16:21:53",827.6,2,jesylu
4370,16729472,"Boris Pletenev","2026-08-16 17:23:56",827.4,1,borispletenev
4371,16654832,mohit,"2026-08-07 00:01:08",827.4,2,mohitvarred
4372,16639043,"saroj bono","2026-08-28 18:42:55",827.3,2,sarojbono197
4373,16673155,"Babar Khilji","2026-08-06 15:55:26",827.3,2,babarkhilji
4374,16652986,"Justin Kimlim","2026-08-26 03:12:37",826.4,2,justinkimlim
4375,16732667,Doug,"2026-08-26 23:26:49",826.4,2,dougsgrott
4376,16677188,Nicooni,"2026-08-06 16:35:01",826.1,1,nicooni
4377,16669273,Parag,"2026-08-07 02:10:29",826.1,2,paragkale
4378,16637919,NoOneAhead,"2026-08-07 05:12:50",826.0,2,jerrlu
4379,16653208,FabienDaniel,"2026-08-07 10:17:38",825.3,2,fabiendaniel
4380,16664775,DoubleZs,"2026-08-06 02:55:02",825.1,2,zhang051018
4381,16659727,shuaiqiyang,"2026-08-06 08:48:53",825.1,2,shuaiqiyang
4382,16662730,Operator-X,"2026-08-08 10:06:04",825.0,2,"jpexee,lavlinjaisonme23b250"
4383,16659525,"Dang Khoa Nguyen","2026-08-17 09:51:16",825.0,2,khoadangnguye
4384,16764419,"Leo #2","2026-08-30 08:17:12",825.0,1,nanlihao
4385,16782792,"[Deleted] bdc3c175-811b-438f-9c3a-c2d9c80c106a","2026-08-29 07:16:45",824.8,2,del=e8b93c44cf962f9e
4386,16658709,"Kaggler Albafica","2026-08-06 10:05:39",824.8,2,kaggleralan
4387,16676283,jnurik,"2026-08-07 17:24:01",824.7,2,nurdauletmoldik
4388,16660091,bcTiann,"2026-08-06 05:55:54",824.6,2,bctiann
4389,16665256,zhoujqi,"2026-08-06 18:31:31",824.6,2,zhoujqi
4390,16658025,"Dennis Gioche","2026-08-06 09:08:34",824.6,2,dennisgioche
4391,16668995,"MD.Firoj Khondokar","2026-08-06 11:05:13",824.4,2,mdfirojkhondokar
4392,16762722,"Bruno Romero García","2026-08-31 20:24:32",823.9,2,brunoromerogarca
4393,16655076,"Tita Kongolo","2026-08-08 09:08:57",823.9,2,titakongolo
4394,16669491,"Parakh Sharma","2026-08-06 10:59:33",823.1,2,parakh20
4395,16758431,"Mathews Jere","2026-08-26 18:10:25",822.8,2,mathewjere
4396,16668357,"B.Pardha Manoj Reddy","2026-08-24 16:57:25",822.7,2,pardhamanojreddy
4397,16625908,trantrikien239,"2026-08-06 04:32:29",822.5,2,trantrikien239
4398,16658684,"Takayuki Michishita","2026-09-13 11:00:03",822.3,2,takayukimichishita
4399,16674550,"Jebastin Nadar","2026-08-06 10:09:16",822.2,2,samfc10
4400,16665230,"Jack Burley","2026-09-04 21:01:15",822.2,2,jackburley
4401,16668060,"Spiros Skarmoutsos","2026-08-08 12:48:07",821.9,2,spirosskarmoutsos
4402,16705242,"Chonghao Peng","2026-09-04 21:45:52",821.9,2,chonghaopeng
4403,16630784,"🚜 Sub-Par Seedlings","2026-09-14 16:11:02",821.8,2,"dwellement0baser,michaellist,oneupkiwi,wilhelmberghammer"
4404,16823948,"Alexey Stepanov","2026-09-04 21:57:25",821.7,2,alexey0508
4405,16802695,"Taras Sam","2026-09-07 17:36:00",821.4,2,tarassam
4406,16684470,"Soumi Ghosh","2026-08-11 10:59:07",821.3,2,soumighosh911
4407,16655423,"Roland Luethy","2026-09-10 15:48:38",820.5,2,rluethy
4408,16667714,ZhexinJiang,"2026-08-06 11:26:30",820.5,1,zhexinjiang
4409,16888071,lawjkj,"2026-09-15 01:02:24",820.4,2,lawjkj
4410,16658384,UwU,"2026-08-10 04:20:44",820.1,2,sewitz
4411,16807875,meghana,"2026-09-10 23:44:54",820.0,2,meghana284
4412,16676677,"Clark Stéphane","2026-08-07 18:58:45",819.5,2,clarkstphane
4413,16675027,namanbnsl,"2026-08-06 13:02:52",819.5,2,namanbnsl
4414,16670807,mannogun,"2026-09-04 23:15:49",819.3,2,arcanejumper
4415,16630758,"Keshav Joshi","2026-08-20 18:53:37",819.2,2,keshavjoshi22
4416,16659000,xjlgg123,"2026-08-08 12:35:10",818.9,2,xjlgg123
4417,16742806,"Oğuz Karabulut","2026-09-11 07:47:41",818.1,2,ouzkarabulut
4418,16625013,sash,"2026-08-05 01:00:10",818.1,2,sash2104
4419,16632446,"Abdul Wahab Khan","2026-08-06 04:53:37",818.0,1,abdulwahab2321
4420,16681065,SYC,"2026-08-07 03:22:25",817.4,1,yichengs
4421,16672520,"Nah I'd win","2026-08-07 08:09:12",816.7,2,asutriy
4422,16654623,"Asher Goldstein","2026-08-09 17:54:27",816.5,2,ashergoldsteincd21
4423,16745450,GusNicho,"2026-08-24 03:30:55",816.4,2,pineapplepencil
4424,16623798,RuiKimura4,"2026-08-27 00:30:45",816.3,2,ruikimura4
4425,16802341,"Yousef Turk","2026-09-08 04:00:16",816.3,2,yousefturk
4426,16757741,"Malte Bories","2026-08-25 20:08:35",815.9,2,maltebories
4427,16668545,Ronty00,"2026-08-06 08:24:07",815.3,2,ronty00
4428,16663407,Denis,"2026-08-11 17:42:21",815.1,2,matsiusheuski
4429,16657957,"Mounika Kommireddy","2026-08-08 07:57:32",814.9,2,mounikakommireddy
4430,16668039,NotEnoughTokens,"2026-08-06 13:04:52",814.8,2,"adofai,jonghyun7777,taglink"
4431,16766274,"Satwato Dey","2026-09-14 17:03:25",814.7,2,satwato
4432,16664819,"SUBHASRI  S","2026-08-23 04:02:41",814.7,2,subhasri2007
4433,16879199,遠藤裕人,"2026-09-14 03:21:11",814.6,2,back2525
4434,16669542,Agzam,"2026-08-06 05:09:43",814.5,2,mazgag
4435,16653939,"Amr Yasser","2026-08-06 17:56:07",814.5,2,amryasswe
4436,16642579,"Desyat IO","2026-08-09 17:31:59",814.5,2,desyatio
4437,16792568,李秉叡（ntumlnoob）,"2026-09-13 19:19:44",814.3,2,ntumlnoob
4438,16744809,"Ruben Romero Fernández-Monge","2026-08-25 18:00:39",814.2,2,salieri7
4439,16635781,wacata,"2026-08-19 14:53:05",814.2,2,wacata
4440,16667606,Manifolds1,"2026-08-06 16:36:46",814.0,2,ptrakuldit
4441,16678506,SireeshLimbu,"2026-08-08 08:39:43",813.8,2,sireesh
4442,16699699,rudykane,"2026-08-11 16:06:34",813.1,2,rudykane
4443,16848841,Spacejam,"2026-09-07 16:15:52",812.7,1,spacejam1221
4444,16665431,"Monojit Nandy","2026-08-06 11:50:38",812.5,2,vedarthmn
4445,16654486,alijs,"2026-08-06 14:27:22",812.5,2,alijs1
4446,16666242,"Lalwani Palash","2026-08-08 07:45:46",812.2,2,lalwanipalash
4447,16661410,tmxdlr,"2026-08-05 12:40:54",811.9,2,tmxdlr
4448,16727696,Milkman,"2026-08-19 15:05:17",811.8,2,talhasahi
4449,16631016,木下陽平,"2026-08-06 14:52:20",811.8,2,yoheikaggle
4450,16641326,IY,"2026-08-05 19:27:31",811.7,2,irotrader
4451,16671407,JBro13,"2026-08-07 02:29:02",811.6,2,jbro13
4452,16623236,"Yonatan Nemtsov","2026-08-06 00:28:01",811.1,2,yonatannemtsov
4453,16664890,ideal_m99,"2026-09-14 04:48:27",810.9,2,idealm99
4454,16664368,"Ujjwal Reddy","2026-08-10 19:43:26",810.8,2,ujjwalreddyks
4455,16658717,"Aditya Kapadia","2026-08-06 14:32:16",810.7,2,adityakapadia2003
4456,16753850,"Ahmad Ali","2026-09-09 17:58:10",810.3,2,ahmadali1243534
4457,16690889,"B A S E L #","2026-08-08 14:47:22",810.3,2,basselll
4458,16762634,"Clement Ling","2026-09-11 08:49:26",810.3,2,clementling
4459,16654271,"Sophie and Yanna","2026-08-19 17:08:47",810.1,2,"morty3500,sophanie"
4460,16677774,"Abdulatif Mahgoub","2026-08-28 13:26:27",809.2,2,abdulatifmahgoub
4461,16678965,MrGS,"2026-08-09 01:18:09",808.9,2,gabrielsderhll
4462,16664170,SpookyHippo,"2026-08-06 02:44:29",808.5,2,spookyhippo
4463,16663052,gh,"2026-09-13 21:30:08",808.2,2,grzegorz
4464,16659045,Rai1,"2026-08-08 11:53:28",807.5,2,rai2003
4465,16642154,Burkina_team_mate,"2026-08-06 15:30:54",806.9,2,"belemkalilou,tedjosegregorybere"
4466,16840819,clammpon,"2026-09-12 21:49:41",806.3,2,clammpon
4467,16718916,"ROBERT SSEBAMBULIDDE","2026-08-14 19:21:24",805.9,2,robertssebambulidde
4468,16793478,noisyislands,"2026-09-15 00:17:08",805.7,2,noisyislands
4469,16797785,"Vivek Verma","2026-08-31 20:36:45",805.7,2,cosmicescape
4470,16644390,"Manan Gupta","2026-08-05 17:08:32",805.6,2,obirdy
4471,16669400,"Martin Konôpka","2026-08-06 12:16:13",804.9,2,rumburakk
4472,16702796,Yavuz.YILMAZ,"2026-09-07 12:22:45",804.3,2,yvztpe
4473,16658213,"Ahmet Abdullah Gültekin","2026-09-15 00:20:04",804.2,2,abdullahgultekin
4474,16719793,dhuruvapriyan,"2026-08-14 16:06:42",804.1,2,dhuruvapriyan
4475,16735488,"arhaan rai","2026-09-01 19:18:46",803.8,2,arhaanrai
4476,16742362,"AMANI DD","2026-08-23 08:02:47",803.8,2,dkonan
4477,16666301,"James Felipe","2026-09-03 05:42:24",803.7,2,jamesfelipe
4478,16660361,"Abhishek Sharma","2026-08-26 10:21:10",803.6,2,abhisheksharma425
4479,16656118,Mutte1904,"2026-08-07 05:03:56",803.6,2,mutte1904
4480,16726025,"Yanrun Chen","2026-09-07 12:15:23",803.5,2,yrchen98
4481,16660555,"Nguyễn Nhật Thanh","2026-08-07 03:45:29",803.5,2,nguynnhtthanhhhhh
4482,16633132,"Kaggledew Valley 🏆","2026-09-14 09:20:21",803.3,2,yanzhou06
4483,16758174,REBEL_K,"2026-08-27 18:30:45",803.2,2,rebelk
4484,16658265,kraken,"2026-09-05 15:23:26",803.1,2,krn0209
4485,16655353,"Pablo Montenegro","2026-08-09 02:13:47",803.0,2,pablomontalb
4486,16679237,"Danilo Sepúlveda","2026-08-06 21:26:28",802.9,1,daniloseplveda
4487,16660470,"Oğuz Kaan Mavice","2026-08-28 09:39:58",802.7,2,oguzkaanmavice
4488,16667479,"Leon Christians","2026-09-13 17:12:37",802.3,2,leonchristians
4489,16656393,"Faris Abqari","2026-08-07 00:15:25",802.3,2,farisabqari11
4490,16657094,irynavs,"2026-08-13 13:23:56",802.2,2,irynavs
4491,16635890,Poojan,"2026-08-06 09:44:47",802.2,2,poojankumartandel
4492,16657942,"Gokul Prasath","2026-08-04 23:38:18",802.0,2,beastgokul
4493,16675203,HK,"2026-08-06 11:38:05",801.9,1,hizurukonishi
4494,16698538,"Haozhe Wang 2022","2026-08-24 00:50:02",801.4,2,haozhewang2022
4495,16797134,Yooho0,"2026-09-07 16:25:05",801.4,2,yooho0
4496,16673682,MJ.LIU.T,"2026-08-06 08:14:05",800.9,1,mjliut
4497,16675753,Khafidin,"2026-08-12 05:16:26",800.4,2,khafidin
4498,16664518,senxichong,"2026-08-13 04:28:32",800.2,2,senxichong
4499,16687135,"Kavya Bhandari","2026-08-22 17:20:43",800.1,2,kavyabhandari1998
4500,16732722,Kusanagi,"2026-08-24 21:52:54",800.1,1,kusanagiap
4501,16659883,"Ahmad Hfdx5","2026-08-05 03:33:48",800.1,2,ahmadhfdx5
4502,16657077,_LT_zyc,"2026-08-05 01:01:42",799.9,1,zyczyc
4503,16751999,"Poorna Sai Dumpa","2026-08-25 01:03:04",799.7,2,poornasaidumpa
4504,16658723,"Waleed Alkhateeb","2026-08-05 13:31:44",798.9,2,waleedalkhateeb
4505,16661019,lmq,"2026-08-04 14:47:23",798.8,2,lmminhquang
4506,16656171,ishu,"2026-08-04 03:27:45",798.5,2,ishhverma
4507,16652896,"R^2 negative","2026-08-04 23:14:38",798.3,2,rktqwe
4508,16624977,Avikumar93801,"2026-08-11 05:55:19",798.1,2,avikumar93801
4509,16652900,cjen07,"2026-08-07 23:33:05",798.1,2,cjen07
4510,16791873,Sanjay,"2026-09-02 16:41:53",797.8,2,sanjay6727
4511,16670765,"tensor choko","2026-08-05 23:03:23",797.7,1,tensorchoko
4512,16699080,"Karthikeya Thatipamula","2026-09-12 04:52:19",797.7,2,karthikeya18
4513,16652079,Infill,"2026-09-13 18:01:04",797.5,2,infill
4514,16653085,"haoran huang430","2026-08-06 02:37:22",797.3,2,haoranhuang430
4515,16669282,sky233,"2026-08-06 17:06:04",797.3,2,sky233
4516,16790145,"Casper du Jardin Kejser","2026-09-04 09:12:34",796.6,2,casperdujardinkejser
4517,16656503,"Thiago Munhoz da Nóbrega","2026-08-04 20:47:37",796.5,2,thiagommtmn
4518,16663584,"Deployable LLMs","2026-09-15 01:22:59",796.3,2,"lucasveronese,planetoidleser,sinhakprat"
4519,16772626,"Dr. Mikholae Hutchinson","2026-09-05 19:48:53",796.2,2,drmikholaehutchinson
4520,16819277,"Enshi Zhang","2026-09-05 16:26:29",796.2,2,enshizhang31
4521,16658173,Tamizharuvi,"2026-09-14 08:27:27",795.9,2,tamizh1
4522,16729515,"Emmanuel Tolani","2026-08-29 15:03:36",795.9,2,emmanueltolani
4523,16875632,HexTex,"2026-09-12 04:34:49",795.7,2,hexlab
4524,16679155,jeziorop,"2026-08-06 20:34:53",795.7,1,jeziorop
4525,16805598,"I'm just trying out here QQ","2026-09-02 22:31:17",795.5,2,zadatt
4526,16629983,Amundsen,"2026-08-05 06:51:46",795.5,2,amundsen
4527,16630964,LEEKANG,"2026-08-03 14:10:21",795.4,2,poby7722
4528,16662496,KhalidKhan,"2026-08-05 05:31:07",795.2,2,feedfeed
4529,16732022,Mosamosa,"2026-09-03 00:42:06",795.1,1,mosamosa
4530,16885059,"Bhaskar #2","2026-09-14 19:08:31",795.0,2,itikelabhaskar
4531,16711556,"Avvy Lavoienne","2026-08-18 04:44:16",794.7,2,avvylavoienne
4532,16663899,"Abdelrahman Aboegela","2026-08-05 13:54:26",794.5,2,abdelrahmanaboegela
4533,16886420,infoproje,"2026-09-13 12:58:25",794.5,2,infoproje
4534,16679144,つるげーねふ,"2026-09-14 13:59:04",793.6,2,atom7666
4535,16659217,Dynamic_fire07,"2026-08-05 18:51:51",793.4,2,"dynamicfire07,tryingmybest123"
4536,16658616,"Amitesh Chaudhary","2026-08-11 10:04:02",792.9,2,amiteshchaudhary
4537,16643922,Konstantin03,"2026-09-07 17:03:30",792.8,2,konstantin03
4538,16698045,"Vikhas S G","2026-09-07 06:12:25",792.5,2,vikhassg
4539,16652560,"Ahmed Samir","2026-08-03 12:15:01",792.5,2,ahmedsamir1598
4540,16664360,"Rohan L","2026-09-06 04:08:41",792.3,2,rohanlopes
4541,16664300,"swajay nandanwade","2026-08-05 04:57:10",792.1,2,swajaynandanwade
4542,16661010,"Dante Dyches-Chandler","2026-08-05 04:36:09",791.9,2,dantedycheschandler
4543,16796145,Qian,"2026-09-01 15:04:00",791.7,2,"aurelianz,qianyuchaoni"
4544,16657861,"Liao Zixu","2026-08-25 04:28:34",791.4,2,liaozixu
4545,16694399,"Sujith Kumar Sashikanth","2026-08-10 00:01:32",791.4,2,sujithsashi
4546,16623540,TheDuck,"2026-08-22 15:50:49",791.1,2,jaxroth
4547,16759171,"Leonid Kozinkin","2026-09-11 12:35:53",791.0,2,leon7archer
4548,16662568,RaghavMundhra1,"2026-09-09 04:47:38",790.8,2,raghavmundhra1
4549,16758889,bomboclat,"2026-08-30 08:52:08",790.8,2,sstprk
4550,16664400,Boruiyang21,"2026-08-05 14:56:03",790.6,2,boruiyang21
4551,16658562,mashBrian254,"2026-08-04 10:48:33",790.4,2,mash1990
4552,16667547,"miaoqing long","2026-08-06 03:31:43",790.2,2,miaoqinglong
4553,16729564,"Eirik Tveiten","2026-08-19 13:04:02",790.1,2,eiriktveiten
4554,16659033,"Farzana Shaju","2026-08-05 07:18:29",790.0,2,"farzanashaju,shaikhharisjamal"
4555,16770912,IsonaEi,"2026-08-26 12:48:48",789.9,1,isonaei
4556,16656420,"Aditya Raj #2","2026-08-18 16:37:49",789.7,2,optimus2005
4557,16659676,Light,"2026-08-05 03:07:39",789.7,2,aadarshashrestha007
4558,16656009,"Steven Liu","2026-08-31 06:25:02",789.7,2,thornkey
4559,16632250,"Mesut Gözdemir","2026-08-05 17:54:14",789.5,2,gfkfu123
4560,16662872,"Artem Garbart","2026-08-05 09:41:29",789.3,2,artyomgarbart
4561,16638909,mbscgi,"2026-08-04 22:48:03",789.3,2,mbscgi
4562,16661229,Gena,"2026-08-04 15:18:42",788.7,2,gdonchyts
4563,16656304,"Gururaj Athani","2026-09-12 02:26:55",788.7,2,gururajathani
4564,16770724,Louras,"2026-08-26 09:49:05",788.6,2,louras
4565,16666245,"Cagatay Morcicek","2026-08-13 06:53:40",788.5,2,thisismylabs
4566,16664291,"William Dennis","2026-08-11 07:57:27",787.9,2,williamdennis
4567,16627023,Farrmer,"2026-08-05 08:02:35",787.8,2,noahfarr
4568,16654209,"Nirav Mehta 1612","2026-08-10 15:41:47",787.8,2,niravmehta1612
4569,16866109,AAA-建材批发旭哥,"2026-09-12 03:44:40",787.7,2,aaawenxu
4570,16693164,nuggettttt,"2026-08-09 02:14:22",787.5,2,nuggettttt
4571,16748741,"pt ptao","2026-08-26 12:50:45",787.3,2,ptptao
4572,16706993,Celibistrial,"2026-09-03 20:28:20",787.3,2,celibistrial
4573,16683764,bf01,"2026-08-21 21:19:05",787.2,2,jalperov
4574,16734312,truebelief,"2026-09-09 00:11:41",786.9,2,truebelief
4575,16652630,stars_w,"2026-08-25 17:13:04",786.9,2,starsw
4576,16660939,"Quenux Studio","2026-09-03 17:07:26",786.8,2,dieguis1976
4577,16666147,"Khalid Bin Hethlain","2026-09-12 14:48:30",786.5,2,khalidbinhethlain
4578,16665399,"Shivam Shrivastava","2026-08-13 15:32:37",786.4,2,shivamshrivastava180
4579,16663178,Sm00thiecodes,"2026-08-07 11:00:29",785.9,2,sm00thiecodes
4580,16662946,uzair,"2026-08-04 18:40:46",785.8,2,quantumcurator
4581,16656345,sunchang71,"2026-08-05 14:05:13",785.3,2,sunchang71
4582,16655396,Tesla1AC,"2026-08-08 08:18:09",785.1,2,mathornton
4583,16660824,"Stitch Clarity","2026-08-04 15:27:53",785.0,2,stevenanctil
4584,16644861,"kanzaler ensemble","2026-08-11 14:30:36",785.0,2,kanzalerensemble
4585,16841816,JasonDTao,"2026-09-14 06:38:01",785.0,2,jasondtao
4586,16635679,WUHAOZHE618,"2026-08-15 04:08:45",784.8,2,wuhaozhe618
4587,16702509,KošičanSVK,"2026-08-17 18:04:22",784.8,2,ryanstoner
4588,16794125,"Xero Scythe","2026-09-02 18:57:39",784.7,2,xeroscythe
4589,16678250,"RMS Danaraj","2026-09-08 19:52:43",784.7,2,salorajan
4590,16656934,"Aleks Kolesnik","2026-09-14 19:02:46",784.6,2,aleksandrkolesnik
4591,16713463,"Dillen Perumal","2026-08-29 16:39:37",784.6,2,dxllen
4592,16716522,"Lavanya Bacche","2026-08-17 08:43:40",784.5,1,lavanyabacche
4593,16793461,"Muhammad Hokimiyon","2026-09-13 14:49:54",784.2,2,muhammadhokimiyon
4594,16670304,"Daniel Tomaro1","2026-08-09 03:03:06",784.0,2,danieltomaro1
4595,16767453,IterumVici,"2026-09-06 19:28:10",783.9,2,iterumvici
4596,16660853,"lxh unbound","2026-08-05 00:02:02",783.3,2,lxhunbound
4597,16631261,Monster,"2026-08-04 15:46:32",783.2,2,tmtngtrng
4598,16659565,Tekin24,"2026-08-13 21:25:21",783.0,2,tekin24
4599,16644774,lungjyuanz,"2026-08-07 01:03:20",782.9,2,lungjyuanz
4600,16650701,"Oliver Wang","2026-08-03 16:17:36",782.9,2,oliverwang15
4601,16655530,AlivRick,"2026-08-05 16:18:54",782.8,2,alivrick
4602,16655493,TheDigitalCK,"2026-08-07 12:31:58",782.6,2,thedigitalck
4603,16632686,strike,"2026-08-06 06:21:38",782.6,2,nicolia
4604,16655828,ack07,"2026-08-06 04:52:07",782.5,2,its07amit10
4605,16634213,kkunizaw,"2026-08-03 20:47:58",782.5,2,kkunizaw
4606,16806251,"Seok Jun Kim","2026-09-08 07:51:16",782.5,2,sjk1225
4607,16622015,"Ioannis M","2026-08-06 08:12:21",782.4,2,imeintanis
4608,16637519,Temprao,"2026-08-03 12:16:43",782.4,1,maruimono928
4609,16624600,ariacat,"2026-08-06 07:16:44",782.2,2,ariacat
4610,16632138,kaggle_bbgg,"2026-08-05 11:59:35",782.1,2,kagglebbgg
4611,16792155,abc,"2026-09-03 06:45:13",781.8,2,"datqg0,quangnguyn132"
4612,16655534,"Charles Mills","2026-08-06 16:40:27",781.7,2,charlesqmills
4613,16650396,RaymondZhao0304,"2026-08-04 00:39:30",781.6,2,raymondzhao0304
4614,16818086,wwewwt,"2026-09-08 05:44:07",781.6,2,wwewwt
4615,16686707,"Sébastien henry","2026-09-14 14:32:56",781.4,2,sebmontreal
4616,16663273,"Mason Frias","2026-08-06 22:57:08",781.2,2,masonfrias
4617,16660819,nya654nya,"2026-09-14 08:30:21",781.1,2,nya654nya
4618,16744640,"Marcin Skalski","2026-09-01 18:25:08",780.7,2,marcinskalski
4619,16695556,"Prajwal Dongre","2026-08-12 08:53:42",780.4,2,prajwaldongre
4620,16660376,"Ahmed Sedky 0100","2026-08-06 20:56:37",780.2,1,ahmedsedky0100
4621,16632426,Santhana,"2026-09-06 07:54:19",780.0,2,santhanalekshmic
4622,16847548,"Abhinav Sai Podugu","2026-09-10 06:59:09",779.9,2,abhinavsaipodugu
4623,16623665,Giba,"2026-08-05 22:44:41",779.9,2,titericz
4624,16786115,"Andy Phan","2026-09-07 01:10:28",779.7,2,andyphan
4625,16654081,"Aleksei Ponomarev","2026-08-06 00:43:57",779.4,2,alekseiponomarev
4626,16644221,"Guzha Panashe H","2026-08-22 15:34:41",779.3,2,guzhapanasheh
4627,16651613,"Devin Zhou","2026-08-05 02:27:36",779.2,2,devinzhou
4628,16765743,page0526,"2026-08-26 02:08:11",779.0,2,page0526
4629,16654726,"James Mancillas","2026-08-07 15:46:12",778.9,2,jamesmancillas
4630,16811628,"Roger Yang","2026-09-08 03:12:08",778.6,2,rogerjyang
4631,16623969,"Akira Imae","2026-09-15 00:00:21",777.7,2,imaeakira
4632,16650018,EiMengLove,"2026-08-05 10:27:31",777.4,2,konicty
4633,16825081,huohuaya,"2026-09-09 06:09:50",777.4,2,huohuaya
4634,16665293,"ADITYA BEECHA","2026-08-10 05:16:38",777.4,2,bechaaditya
4635,16839782,"mou chen111","2026-09-05 15:00:04",776.6,2,mouchen111
4636,16658852,"Chhaya Awasthi","2026-08-04 09:37:05",776.5,2,chhayaawasthi
4637,16737702,"kaneko takafumi","2026-09-14 03:24:07",776.5,2,kanekotakafumi
4638,16724747,"Md.Mahfujul Karim","2026-09-15 01:41:06",776.3,2,mdmahfujulkarim
4639,16641093,"Satish ","2026-08-20 04:18:42",776.2,2,satishkommanaboina
4640,16666163,"Muthuraman Raman 7","2026-08-06 05:25:09",776.0,2,muthuramanraman7
4641,16665764,"izh yng","2026-08-21 06:16:21",776.0,2,izhyng
4642,16635159,Abdulsamad,"2026-08-06 11:48:04",775.9,2,abdulsamadjod1234
4643,16642207,"Nerijus Areska","2026-08-04 00:01:32",775.8,2,nerijusareska
4644,16644566,"Guangjian Dong","2026-08-02 23:59:18",775.7,1,guangjiandong
4645,16654946,AliLucky,"2026-08-05 15:07:59",775.5,2,alilucky
4646,16807575,Rf28,"2026-09-03 10:29:55",775.1,2,rehyyy
4647,16637797,"Xiangchen Li","2026-08-04 09:47:59",774.9,2,xiangchenli07
4648,16665994,Rakhansyah,"2026-08-25 13:08:20",774.8,2,rakhansyah
4649,16657294,"Ragul M","2026-08-04 07:08:51",774.7,2,ragul7002
4650,16676054,"Vladislav Konstantinov","2026-08-08 09:33:35",774.6,2,vladkonstantinov
4651,16764081,"Demir Durbakayım","2026-08-29 21:21:56",774.6,2,sixcode
4652,16655294,Mobzya,"2026-08-26 23:11:15",774.4,2,mobzya
4653,16690050,PersistentLife,"2026-08-08 17:16:17",774.3,2,persistentlife
4654,16669227,"Tom Dufresne","2026-08-07 11:17:39",774.3,2,tadufre
4655,16717665,"Christoffer Thimsen","2026-09-14 23:56:56",774.2,2,lowasitgoes
4656,16656308,"Srishanth Sriramula","2026-08-08 09:02:13",773.9,2,srishanthsriramula
4657,16639241,"Alissa King","2026-08-04 05:05:30",773.5,2,alissaking
4658,16655712,"Smart Manoj","2026-08-04 01:55:13",773.4,2,smartmanoj
4659,16654419,kreiack,"2026-08-09 23:47:00",773.2,2,kreiack
4660,16677965,felipe9695,"2026-08-12 21:23:05",773.0,1,felipe9695
4661,16654153,"Mateus Cruz, Msc.","2026-08-03 17:44:02",772.9,1,matteuscruz
4662,16659761,cheng-han,"2026-08-06 08:16:10",772.4,2,neoshie
4663,16641489,suminshim,"2026-08-03 06:24:39",772.4,2,suminshim
4664,16695555,S4K50M,"2026-08-12 14:39:41",772.4,2,setiasaksham
4665,16621709,smlcr,"2026-08-04 19:35:19",772.3,2,simulacri
4666,16734321,SubratP85,"2026-08-25 21:03:35",772.3,2,subratp85
4667,16636148,SanggeunParrk,"2026-08-05 04:04:32",772.2,2,sanggeunparrk
4668,16661376,"YERMES AMINE","2026-08-04 14:13:45",772.2,1,yermes
4669,16643095,ckyasb,"2026-08-05 14:39:42",772.1,2,ckyasb
4670,16806635,digimagi,"2026-09-02 05:47:57",772.1,1,digimagi
4671,16633808,mmath2,"2026-08-07 10:52:38",771.7,2,mmath2
4672,16667503,Yuzuki,"2026-08-05 12:19:45",771.4,1,yuzukiohya
4673,16668329,HakimTaoufik,"2026-08-18 13:06:18",770.6,2,hakimtaoufik
4674,16740633,zhangtingyu11,"2026-08-20 04:34:32",770.3,2,zhangtingyu11
4675,16625663,sota1111,"2026-09-03 01:43:41",770.3,2,sota1111
4676,16634752,"Praise the SHOVEL","2026-08-03 16:16:28",770.2,2,barnobarno
4677,16656170,"Chakrabhuana V  Deva","2026-08-05 06:54:50",770.1,2,chakrabhuanavdeva
4678,16854521,koumiyata,"2026-09-13 20:03:20",770.0,2,koumiyata
4679,16640811,cyberia,"2026-08-02 09:12:23",769.8,1,cyberia
4680,16657817,"rohith sai midigudla","2026-08-05 12:36:40",769.7,2,rohithsaimidigudla
4681,16622760,yunus_bayram_kagle,"2026-08-04 07:49:00",769.6,2,yunusbayramkagle
4682,16630111,jannchie,"2026-08-04 19:09:17",769.3,2,jannchie
4683,16653958,seowoohyeon,"2026-08-06 11:48:06",769.2,2,seowoohyeon
4684,16769419,dylanaki,"2026-09-05 15:08:18",769.1,2,dylanaki
4685,16775250,Junrong,"2026-08-30 00:00:13",769.0,2,fjhgjf
4686,16622482,"Veniamin Nelin","2026-08-04 19:40:18",768.6,2,veniaminnelin
4687,16658264,XiweiZhou,"2026-09-06 23:35:58",768.6,2,xiweizhou
4688,16644882,"SAMOILOV MIKHAIL","2026-08-03 02:10:04",768.5,1,samoilovmikhail
4689,16663096,Agola_dasacic,"2026-08-04 20:07:50",768.3,2,mnu303
4690,16659093,YangGod,"2026-09-09 03:31:29",768.2,2,yanggod
4691,16700265,Reesav,"2026-08-10 14:15:06",767.8,2,reez08
4692,16664439,"Tony T","2026-09-10 12:16:04",767.6,2,thekke
4693,16656337,"Prashant Kikani","2026-08-04 04:03:37",767.3,1,prashantkikani
4694,16655588,"The Devil's World 678","2026-08-07 10:39:23",766.8,2,thedevilsworld678
4695,16706738,Moriarty,"2026-09-08 17:43:23",766.2,2,mikhailkachalin
4696,16639471,CaminoLSY,"2026-08-05 01:22:09",766.1,2,lsy37521
4697,16715255,"xiaocai liu","2026-09-13 19:19:43",765.7,2,xiaocailiu
4698,16798334,"Gabriel othávio","2026-09-02 22:08:55",765.7,2,gabrielothvio
4699,16662094,"moncef elm","2026-09-05 21:39:39",765.6,2,moncefelm
4700,16651180,yangyefd,"2026-08-03 08:42:57",765.0,1,yangyefd
4701,16632055,Bugra0,"2026-08-03 22:44:42",765.0,2,bugra0
4702,16666900,sooflee,"2026-08-12 14:19:50",764.5,2,sooflee
4703,16809515,"Александр Трифонов","2026-09-12 20:13:15",764.3,2,cybrvibe
4704,16667205,"Andrew Lee","2026-08-06 11:16:52",764.2,1,andrewlee23023
4705,16623448,HoJoonYun,"2026-08-09 13:43:43",763.7,2,hojoonyun
4706,16623932,"Axel Ahmer","2026-09-07 15:54:12",763.6,2,blondie1
4707,16658261,"Manan Khanna","2026-08-04 07:41:27",763.6,1,manankhanna0
4708,16875907,"Yash Mathur","2026-09-12 09:53:56",763.5,2,yashmathur03102001
4709,16664565,"Wayne Chou","2026-08-05 12:30:14",763.1,2,ambientz
4710,16655339,harmo-miu,"2026-08-23 05:57:37",763.0,2,harmomiu
4711,16663099,"Md. Abdullah Al Mamun","2026-08-05 02:16:43",762.9,2,mamun18
4712,16876706,"zijun zhang","2026-09-11 17:47:11",762.4,1,kongmu0503
4713,16659874,"ding yumeng","2026-08-26 11:59:06",762.1,2,dingyumeng
4714,16747914,"Token's Expired","2026-08-22 16:25:39",762.1,2,"adeebshekh,akratisingh0101,shaankapoor21"
4715,16630760,dkzmn,"2026-09-04 08:59:03",761.8,2,dmkzmn
4716,16680239,"Marinto Richee J","2026-08-12 08:21:02",761.7,2,marintoricheej
4717,16634078,"yoho kumedayo","2026-08-15 12:48:29",761.5,2,dorachinyastyle
4718,16670099,"Jon Snyder","2026-08-06 00:27:21",761.0,2,snyderj1515
4719,16823938,"Santanu Banerjee","2026-09-13 07:05:31",760.9,2,santanubanerjee9
4720,16654006,"Harish Dhanarajan","2026-08-03 17:23:50",760.7,1,harishdhanarajan
4721,16818689,Takashi,"2026-09-12 10:43:09",760.1,2,takashi1
4722,16755495,"Leo Udah","2026-09-14 04:09:07",759.7,2,leoudah
4723,16661353,mithi,"2026-08-11 20:04:07",759.2,2,singhaleo
4724,16668633,peien5,"2026-08-06 14:44:47",759.2,2,peien5
4725,16854074,yudai_000111,"2026-09-15 01:48:20",759.1,2,yudai000111
4726,16677752,"Senya Ka","2026-08-08 19:16:00",759.0,2,m1greatcool
4727,16654235,"Mwanza Wambua","2026-08-06 10:16:13",758.8,2,mwanzawambua
4728,16655603,"Veeranuch Leelalai","2026-08-11 12:55:29",758.7,2,veeranuchleelalai
4729,16672264,iiTz_AK,"2026-08-15 12:18:44",758.7,2,iitzak
4730,16717448,getalife();,"2026-09-03 06:03:38",758.5,2,"byteknight28,dhairyapandya24,rounakagrwl"
4731,16763865,SydneyC666,"2026-08-26 08:50:40",758.1,2,sydneyc666
4732,16658569,"Danu A.","2026-08-05 13:12:09",758.1,2,eu1234
4733,16635680,starclan,"2026-08-14 17:50:55",757.5,2,starclan
4734,16860813,hirayuki,"2026-09-15 01:23:12",757.4,2,hirayukis
4735,16634022,"Cihan Atak","2026-08-02 16:00:43",757.1,2,cihanatak
4736,16633083,bsenst,"2026-08-07 12:38:47",757.0,2,bnzn261029
4737,16663187,"Teddy McBride","2026-08-07 03:59:53",756.7,2,tedcr100
4738,16840005,"Qiyao XU","2026-09-14 14:08:26",756.6,2,qiyaoxu
4739,16806003,"Hazqeel Afyq","2026-09-08 07:26:33",755.7,2,hazqeelafyqathaillah
4740,16622312,"Malak Reda","2026-08-03 09:02:41",755.7,2,malak457
4741,16663515,HamsterSashka,"2026-08-20 14:40:55",755.5,2,hamstersashka
4742,16661670,sansm1,"2026-08-04 16:54:59",755.1,2,sansm1
4743,16775353,"YK Pan","2026-09-14 11:19:52",754.8,2,vansher
4744,16868001,Nate,"2026-09-14 20:53:35",754.2,2,natert
4745,16749524,zzholo,"2026-09-06 00:16:17",754.1,1,zzholo
4746,16639330,"Dead Signal Works","2026-08-02 12:40:32",753.3,2,brooklynhalmstad
4747,16846490,MazharShaikh,"2026-09-12 04:53:27",753.0,2,mazharshaikh
4748,16664221,Anish,"2026-08-14 00:53:48",752.8,2,anishmunje
4749,16881685,"Vladislav Mlechko","2026-09-12 16:41:48",752.6,1,vladislavmlechko
4750,16662904,Bharathms1902,"2026-08-08 11:41:54",752.5,2,bharathms1902
4751,16739551,arao,"2026-08-28 21:24:55",751.8,2,anjanarao
4752,16745264,wpang,"2026-09-14 16:34:08",751.7,2,wangshu
4753,16628727,dominyellow,"2026-08-04 11:44:21",751.4,2,dominyellow
4754,16738239,"Yaseen Shah7897","2026-09-08 05:57:15",751.3,2,yaseenshah7897
4755,16655596,Bela,"2026-08-04 01:18:06",751.3,1,istribaik
4756,16644185,"Mimic Mohsin","2026-08-02 18:38:46",751.2,1,mimicmohsin
4757,16699091,Umkaaa,"2026-08-11 08:35:05",751.2,2,umkaaa
4758,16884517,"Fizie Fulumaka","2026-09-14 07:46:31",751.2,2,fiziefulumaka
4759,16661532,"Fedor Baart","2026-08-05 12:34:21",750.5,1,fedorbaart
4760,16652339,"Mohamed Amine Rebhi","2026-08-03 16:03:07",750.4,2,mohamedaminerebhi
4761,16656444,"christopher athans crow","2026-08-05 00:08:13",750.1,2,cchrisaa
4762,16678666,"Rudranarayan Pradhan","2026-08-09 12:28:32",749.9,2,itzrnp
4763,16663213,"Takahiro Someya","2026-08-10 22:03:09",749.6,2,takahirosomeya
4764,16672672,Koiiiiiopen,"2026-08-08 06:25:21",749.3,2,koiiiiiopen
4765,16658571,"Yusuke Sato","2026-08-27 03:06:42",749.2,2,wanko123
4766,16688884,"As Wasti","2026-08-14 01:34:26",749.2,2,aswasti
4767,16848207,vlad,"2026-09-10 14:19:33",748.9,2,khizanov
4768,16709136,ryanocm,"2026-08-13 15:08:49",748.5,2,ryanong
4769,16702430,"ZeLong Leo","2026-09-09 11:41:24",748.5,2,zelongleo
4770,16855147,Kao0207,"2026-09-12 12:32:12",748.3,2,kao0207
4771,16721639,"Ankit Sain","2026-08-25 01:14:02",747.9,2,thisankitsain
4772,16876275,"JOP OK","2026-09-12 12:06:55",747.3,2,fuveo24
4773,16639719,JASONSLIMWONG,"2026-08-02 08:11:22",746.9,2,jasonslimwong
4774,16661685,"Lê Ngọc Lâm","2026-08-13 15:29:40",746.8,2,lengoclam
4775,16674543,"Sujal Agarwal2301","2026-08-09 13:37:43",746.5,2,sujalagarwal2301
4776,16730199,kawanot,"2026-08-24 09:15:18",746.0,2,kawano
4777,16850098,"Bob Gerry","2026-09-09 05:35:31",745.9,2,bobgerry
4778,16623542,Stardrop,"2026-09-04 05:44:53",745.7,1,wscmisx
4779,16764445,sukesuke012,"2026-09-03 01:40:16",745.7,2,sukesuke012
4780,16693903,"Alief Randiansyah","2026-08-09 09:37:39",745.5,1,"aliefrandiansyah,salsaaghnia"
4781,16632694,8ct10nz,"2026-08-04 12:02:49",745.4,2,act10nz
4782,16632536,"Aleksander Sachuk","2026-08-02 21:33:27",745.4,2,alexsssachuk
4783,16789903,"Netanel Keidar","2026-09-14 15:03:54",745.4,2,netanelkeidar
4784,16667730,"Surya Vijjeswarapu","2026-09-03 18:49:07",745.2,2,suryavijjeswarapu
4785,16623389,"Mominul Islam Hemal","2026-08-02 11:23:03",745.1,2,mominulislamhemal
4786,16634036,"Emanuel Lázaro","2026-08-02 14:55:30",744.9,2,emanuellcs
4787,16682908,"Masha Mashallah","2026-09-12 09:32:09",744.7,2,mashamashallah
4788,16678370,"Chenhao Wang","2026-08-07 06:37:46",744.6,1,wangles
4789,16653122,Wei_Chance,"2026-08-23 10:25:14",744.6,2,bystanderq
4790,16667516,Rosastella,"2026-08-05 16:00:48",744.5,2,rosastella
4791,16726769,"Ci Zhu","2026-09-09 04:10:37",744.5,2,zhuci1993
4792,16774682,"Tatsuhito Yoshikawa","2026-09-04 02:14:45",744.3,2,tatsuhitoyoshikawa
4793,16730180,zshandy,"2026-09-08 04:57:54",743.9,2,zshandy
4794,16631978,"batuhan kalem","2026-08-02 22:12:00",743.5,2,batuhankalem
4795,16659435,Zerabyte_X,"2026-08-04 09:52:16",743.5,1,zerabytex
4796,16664249,"Rohan Jain","2026-08-17 20:26:14",743.2,2,rohanjain2312
4797,16698596,ymok,"2026-09-12 02:00:52",743.1,2,iromao
4798,16622940,"Enrico Ambrosio","2026-08-06 19:56:30",742.8,2,enricoambrosio
4799,16775125,weimean,"2026-09-12 15:05:00",742.6,2,gtwm98
4800,16838956,"Michael Brown","2026-09-13 10:11:57",742.5,2,michaelbrown4343
4801,16835371,"Eli Ziv","2026-09-06 00:11:52",742.4,2,eliziv027
4802,16849443,"Abhishek Kumar Gupta","2026-09-08 17:27:49",742.1,2,guptabhishekumar
4803,16854935,이순신,"2026-09-13 05:58:45",741.5,2,tenkojun
4804,16763829,"Shane Thivaharraja","2026-09-14 03:16:21",741.4,2,shanethivaharraja
4805,16770454,"Nawaf Almutairi","2026-09-12 19:23:12",740.9,2,nawafbalmutairi
4806,16774787,wpk1122,"2026-08-29 01:54:49",740.5,2,wpk1122
4807,16845664,fabio5050,"2026-09-11 03:40:24",740.3,2,fabio5050
4808,16671980,601918_กิตติพงศ์,"2026-08-08 08:28:12",739.8,2,bluexg5502
4809,16736314,"wuret henr","2026-08-20 09:10:48",739.7,2,wurethenr
4810,16658252,"Krishnan CS","2026-08-20 05:28:14",739.6,2,krishnanchathadi
4811,16762719,"Ahmet Bilginoglu","2026-09-02 20:34:49",739.6,2,ahmetbilginoglu
4812,16664653,Adir,"2026-08-26 00:49:46",739.0,2,adiradam
4813,16668361,NinhNguyen,"2026-09-12 12:55:39",738.8,2,ninhnt110695
4814,16667058,"Lê Quốc Duy","2026-08-08 01:03:08",738.4,2,lqucduy
4815,16663444,Thomas,"2026-08-11 04:21:42",738.3,2,tartieret
4816,16716089,wuzixiao,"2026-09-08 03:36:02",737.4,2,wuzixiao
4817,16663200,BONES,"2026-08-31 06:05:00",737.1,2,tusharkumar23321032
4818,16880938,nousername22,"2026-09-14 18:33:21",737.0,2,nousername22
4819,16655187,cmxu,"2026-08-05 05:31:07",736.8,2,cmxu77
4820,16669466,"vuppuluri sriramsubhash","2026-08-06 08:42:50",736.8,2,vuppulurisriram
4821,16773966,"Ronel Abraham Mathew","2026-08-26 16:05:26",736.7,2,ronelm
4822,16636105,"Md. Mehedi Hasan","2026-08-01 14:03:03",735.3,2,mehedi052
4823,16658048,"Joel jaison 391","2026-08-05 02:31:57",735.1,2,joeljaison391
4824,16659996,Schwifty,"2026-08-12 20:01:01",735.0,2,schwiftyc137
4825,16797025,"Jonathan Glinton","2026-09-11 17:11:01",734.8,2,jonathanglinton
4826,16639473,"Jeff Borschowa","2026-08-02 00:39:11",734.7,2,jeffborschowa
4827,16654705,"Abu Saleh","2026-09-09 17:01:47",734.6,2,salehjunior
4828,16651157,StupidXie,"2026-08-25 12:48:35",734.4,2,stupidxie
4829,16646360,"Asrith Singampalli","2026-08-03 08:46:59",734.1,2,asrithsingampalli
4830,16709800,nubx,"2026-08-20 17:12:04",734.0,2,manrajjitsidhu
4831,16662138,"Luan He","2026-09-05 21:53:24",733.9,2,luanhe
4832,16662633,"Shekhar Suman","2026-08-15 19:17:49",733.8,2,shekharvc
4833,16675452,Vladislav,"2026-08-12 13:58:35",733.3,2,simmeringoverstep
4834,16841445,Challo,"2026-09-14 23:41:45",733.2,2,germantardioperez
4835,16639567,YassY_The_AlchemYst,"2026-08-11 15:07:03",733.1,2,yassineelhallaoui
4836,16770972,"Victoria Makarskaia","2026-08-27 12:28:53",732.3,2,victoriamakarskaia
4837,16843436,ktaery,"2026-09-13 11:24:48",732.2,2,ktaery
4838,16849153,"Zackary Loevseth","2026-09-08 06:14:48",731.3,2,zackaryloevseth
4839,16678044,BJFC,"2026-08-16 09:15:05",730.8,2,"harshithharithsa,svsumanth"
4840,16672035,diet1236364,"2026-08-09 23:37:45",730.5,2,kosuke123
4841,16760087,Slizzle,"2026-08-30 04:37:40",730.2,2,sloan98
4842,16641068,"Rahul Ray","2026-08-05 14:27:07",730.1,2,rahulray5
4843,16652334,"Aldibek [dsmlkz]","2026-08-27 19:33:18",729.8,2,aldibek
4844,16793626,"KO LIH HAN","2026-09-11 01:29:18",729.7,2,kolihhan
4845,16867277,"Oriol Hinojo","2026-09-15 00:02:50",729.7,2,oriolhinojocomellas
4846,16832844,aliREZA,"2026-09-12 01:16:34",729.6,2,afazlik1
4847,16637489,"Gopal Krishna Gundumalla","2026-08-02 12:39:17",728.7,2,gopalkrishnag
4848,16731990,Karl0106,"2026-09-13 07:20:31",728.6,2,karl0106
4849,16668923,"duy tran","2026-08-10 18:38:49",728.1,2,duytran23
4850,16882077,telep,"2026-09-14 15:31:04",728.1,2,vitaliypyvovar1
4851,16718579,"Nazariy Karpov","2026-08-18 07:28:29",727.9,2,nazariykarpov
4852,16659749,"Kavsik YVS","2026-08-22 19:30:45",727.6,2,kavsiku0512
4853,16635848,KartoplyanePure,"2026-08-31 20:43:34",727.5,2,"danylotovp,wizardmp"
4854,16882001,"Satyam Pote","2026-09-13 00:00:04",727.5,2,satyampote
4855,16634876,MakiMakiAi,"2026-08-02 07:52:40",727.1,2,makimakiai
4856,16728204,Meshwa,"2026-09-04 11:17:12",726.8,2,meshwapatel4287
4857,16718039,Uman_n3l,"2026-08-31 14:40:32",726.8,2,umann3l
4858,16623732,A.S.TENSHU,"2026-08-17 16:25:35",726.0,2,kirvk013
4859,16640877,Yorix.um,"2026-08-02 13:31:28",725.9,1,yorixum
4860,16726093,CocoTeam,"2026-08-18 14:22:45",725.9,2,"albaasca,ceemeese"
4861,16703203,"Hamza Shafik ","2026-08-17 23:48:06",725.5,2,hamzashafik12
4862,16665816,Vikas1306,"2026-08-10 05:53:19",725.3,2,vikas1306
4863,16632571,"nishchal jain","2026-08-03 07:27:14",725.1,2,nishchaljainds
4864,16688429,"Omrani Rabah","2026-08-11 22:19:21",725.1,2,omranirabah
4865,16710621,(´･_･`),"2026-08-16 07:14:53",724.5,2,tanakh
4866,16726617,"Chase Lebarv","2026-08-19 01:07:58",724.4,2,chaselebarv
4867,16670365,"Konstantin Alekseev","2026-08-10 10:58:09",724.3,2,alekskst
4868,16758383,"Tong Jing Yen","2026-09-03 20:42:50",724.3,2,tongjingyen
4869,16725150,"Nicolae Drabcinski","2026-09-01 11:45:51",724.2,2,nickdrabcinski
4870,16654193,fvong,"2026-09-04 07:15:22",724.1,2,fvong35963
4871,16707034,"Muhammed Ali Kul","2026-09-14 16:59:15",723.6,2,muhammedalikul
4872,16682353,"counter puncher","2026-09-14 10:40:38",723.3,2,ahmadabdoumalickdiop
4873,16644415,Ztrk,"2026-09-03 17:04:24",723.3,2,ztrk123
4874,16802598,zxcqqe,"2026-09-12 10:56:15",723.0,2,anonimniygeniy
4875,16657419,"Saivedant Hava","2026-08-05 06:36:39",722.8,2,saivedanthava
4876,16671217,"Akshay V","2026-08-21 04:01:22",722.3,2,akshayv1001
4877,16626217,"Stanislav Chistyakov","2026-08-05 18:52:47",722.2,2,chistyakov
4878,16892313,zszdl0530,"2026-09-15 01:18:03",722.1,2,zszdl0530
4879,16663659,"Omer Rehman","2026-09-02 11:05:02",722.0,2,omerrehman97
4880,16734511,"Marcin Salaterski","2026-09-14 22:29:06",721.8,2,marcinsalaterski
4881,16679861,Pandabueno,"2026-08-12 15:51:48",721.6,2,ronaldomonzn
4882,16677514,mayoristaNLP,"2026-08-09 16:33:23",721.5,2,mayoristanlp
4883,16702932,kyconf,"2026-09-12 14:10:46",721.5,2,kyconf
4884,16640619,"Sơn Nguyễn","2026-08-28 08:19:19",721.5,2,sonnguyen10
4885,16688868,AlbanMaurel7,"2026-08-14 01:34:07",721.3,2,albanmaurel7
4886,16718539,"Divyansh Agrawal","2026-08-14 06:58:46",721.1,2,spartan1925
4887,16663356,Farm-ops,"2026-08-06 23:27:37",721.0,2,"dakotavannauker,tsho01"
4888,16670759,"Lemmes Yad","2026-08-09 04:37:37",721.0,2,"austinsemmel,jonallday"
4889,16798401,"Hunter Mimaroglu","2026-09-02 22:00:37",720.1,2,huntermimaroglu
4890,16822111,hikarimaru,"2026-09-10 14:07:36",720.0,2,hikarimaru
4891,16659174,Soulwood,"2026-09-06 04:56:32",719.7,2,soulwood
4892,16845284,KD0G22,"2026-09-07 20:07:47",719.6,2,kd0g22
4893,16654491,"Amedeo Biolatti","2026-09-08 16:50:15",719.2,2,abiolatti
4894,16773244,"Yudai Ueno","2026-09-07 05:47:33",718.7,2,yudaiueno
4895,16663933,AnshV1,"2026-08-06 03:03:35",718.5,2,anshv1
4896,16863492,"Andrew Kalita","2026-09-10 03:32:25",718.4,2,andrewkalita
4897,16883264,"João Felipe Aguiar","2026-09-13 15:32:14",718.4,2,joofelipeaguiar
4898,16724522,"stathis maurog","2026-08-26 07:01:48",718.3,2,stathismaurog
4899,16804027,ceir-ceir,"2026-09-03 19:11:09",718.0,2,ceirceir
4900,16692954,"Adam Nhan","2026-08-16 19:10:48",717.9,2,asnhan
4901,16670842,Cole,"2026-08-15 19:50:43",717.8,2,colechristensen
4902,16852559,永井こうたろう,"2026-09-09 04:01:11",717.7,2,kotakota914
4903,16692569,"Mark Kirwan","2026-08-26 08:05:16",717.3,2,markkirwan1990
4904,16779063,"Yendrew Y","2026-09-13 13:31:37",717.3,2,yendrewy
4905,16815488,"crothety liu","2026-09-05 06:27:35",717.1,2,crothetyliu
4906,16698366,Fateyongheng,"2026-08-17 15:08:58",716.3,2,fateyongheng
4907,16643692,Samsay24,"2026-08-02 17:22:45",716.1,1,samsay23
4908,16872204,"Nguyễn Trần Thanh Bình","2026-09-14 07:30:35",715.9,2,nguyntrnthanhbnh
4909,16658097,Sujay,"2026-09-08 14:00:15",715.8,2,sujayprodduturi
4910,16748511,HarshPandey-yt-auto,"2026-09-13 19:20:04",715.6,2,harshpandeyytauto
4911,16656167,"Minh Quang Do","2026-09-11 04:05:53",715.5,2,mrfreddy0209
4912,16665301,EricYang03,"2026-08-13 15:49:11",715.4,2,ericyang03
4913,16694269,Aftxb,"2026-08-11 14:58:08",715.1,2,aftxb07
4914,16668021,"bali rasem","2026-08-07 16:15:13",714.5,2,balirasem
4915,16671622,"Isaac Diaz Lopez","2026-09-14 15:57:15",714.5,2,isaacdiazlopez
4916,16862913,MLEDV,"2026-09-11 18:13:10",714.4,2,edwardvaines
4917,16709905,Rospel,"2026-09-03 21:56:37",714.1,2,rospel
4918,16717414,"Akshit Sivaraman","2026-08-13 14:43:40",714.1,2,akshitsivaraman
4919,16688587,yamashu,"2026-08-14 09:55:48",714.0,2,yamashuuu
4920,16639810,gytdrop,"2026-08-14 12:47:28",714.0,2,"kartikeyrajbhar,shaikaktharali"
4921,16770842,yatakeuc,"2026-09-14 07:58:24",713.8,2,yatakeuc
4922,16664103,izack2666,"2026-08-07 14:41:10",713.7,2,izack2666
4923,16662984,"Mark Schatza","2026-08-25 15:40:39",713.6,2,markschatza
4924,16656379,"Jay Gautam","2026-08-12 12:19:40",713.3,2,jaygautam007
4925,16659125,"Meet Parekh","2026-08-19 10:31:09",712.7,2,meetparekh1
4926,16692350,"Emerson Suarez","2026-08-16 05:09:13",712.4,2,jericksystem32
4927,16666391,"Harshpreet Singh","2026-08-06 10:32:51",711.9,2,harshpreet931
4928,16759229,"Samuel Kurabachew","2026-08-28 22:17:20",711.5,2,samuelkurabachew
4929,16881453,"fahim magsi","2026-09-13 15:18:43",711.4,2,fahimmagsi
4930,16775210,"Daniel LPD","2026-09-10 14:44:52",710.9,2,daniellpd
4931,16719065,"Aldo Rizona","2026-08-17 15:32:26",710.5,2,aldorizona
4932,16742139,ALLAI,"2026-09-15 01:44:36",710.1,2,glorysing
4933,16691481,"Aditi Salvi","2026-08-18 15:24:53",710.1,2,aditisalvi04
4934,16661585,"Fully Liquidated","2026-09-01 01:57:16",710.0,2,kriskilgroe
4935,16632950,"Adil Khabibullin","2026-08-04 15:54:11",709.6,2,adilkhabibullin
4936,16666452,"victor souza","2026-08-09 17:07:51",709.5,2,victorcaio
4937,16685069,derek_kuang0213,"2026-08-22 10:33:21",709.4,2,derekkuang0213
4938,16823942,"jiajun chi","2026-09-06 04:18:22",709.1,2,jiajunchi
4939,16663343,"Abdullah M. Haque","2026-09-13 18:41:14",708.8,2,abdullahmhaque
4940,16635049,rooklift,"2026-08-16 06:27:36",708.5,2,rooklift
4941,16662050,HandsOffMyBigMelons,"2026-08-13 22:00:12",708.4,2,scrattle
4942,16688929,"Kangqiao LIU","2026-08-18 07:44:55",708.1,2,kangqiaoliu
4943,16665654,"Anurag H H","2026-09-10 15:05:26",707.8,2,anur4ghh
4944,16881370,"xianhao Lin6077","2026-09-14 12:20:26",707.6,2,xianhaolin6077
4945,16758298,"Jack p","2026-08-30 07:36:22",707.4,2,jtv199
4946,16675873,"Zhu Liang","2026-09-13 03:08:44",707.3,2,paradite
4947,16658050,"changwei shi","2026-08-18 02:45:47",707.2,2,changweishi
4948,16634582,"Tarun Chaudhary","2026-08-12 06:36:33",707.1,2,tarunchdev
4949,16763977,"Jong Park","2026-08-26 09:21:40",706.8,2,papercat318
4950,16633923,JackyFan123,"2026-08-01 15:22:04",706.8,2,jackyfan123
4951,16635127,"Sergey Bryansky","2026-08-26 20:39:37",706.7,2,sggpls
4952,16741892,astro,"2026-08-20 20:49:49",706.7,2,mayursamrutwar
4953,16844092,Johana01,"2026-09-12 22:40:03",706.6,2,johana01
4954,16674532,"shoaib khan","2026-08-08 01:57:11",706.4,2,manifoldinfo
4955,16708369,JairSanchez151270,"2026-08-11 16:30:55",706.3,2,jairsanchez151270
4956,16657887,"Yermak Petro","2026-09-14 10:24:55",705.9,2,yermakpetro
4957,16658083,"Gunjan Solanki","2026-09-03 10:39:28",705.4,2,blackhatv1
4958,16637340,the_vinci_coder,"2026-08-03 16:27:16",705.2,2,lokijt
4959,16853417,"Aditya Prasetyo Budiarso","2026-09-11 11:59:34",705.1,2,artsodeva
4960,16692895,Manuf,"2026-09-14 19:27:47",705.0,2,manuelferromorales
4961,16675661,June_mk,"2026-09-06 00:08:47",704.7,2,jungoto
4962,16636725,shichi,"2026-08-11 12:47:35",704.7,2,shichi
4963,16636454,epigene,"2026-08-02 10:14:52",704.5,2,nadhu59648
4964,16675952,bazinga,"2026-09-11 19:09:21",704.5,2,stephanhahn16
4965,16666341,"Ege Güvener","2026-09-11 17:20:35",704.2,2,egegvener
4966,16718202,"Abhi Kumar Agrawal","2026-08-18 09:52:24",704.0,2,abhikumaragrawal
4967,16652984,hxaxd,"2026-08-05 15:09:49",704.0,2,hxaxdcs
4968,16670424,"Josep Audenis","2026-08-11 17:52:07",703.8,2,josepaudenis
4969,16882072,"Ahmed Isa Zaweel","2026-09-13 09:57:29",703.6,2,ahmedisazaweel
4970,16767802,"Luis Fernando Faria","2026-08-31 20:57:29",703.6,2,luisfernandofaria
4971,16665984,hepialidae,"2026-08-10 16:05:19",703.1,2,hepialidae
4972,16735298,Watary0927,"2026-08-22 23:25:11",703.1,2,watary0927
4973,16684710,"Pratik Singh","2026-08-11 11:34:48",703.1,2,pratikks11
4974,16660548,"Viraj Bakshi","2026-08-08 18:50:11",702.9,2,virajbakshi
4975,16866097,"Pradeep Kumar Mahato","2026-09-10 17:21:05",702.7,2,pradeepkr12
4976,16669392,cobrapigeon,"2026-08-20 18:43:25",702.7,2,cobrapigeon
4977,16678246,"Mark Holloway","2026-09-05 22:23:35",702.3,2,markholloway
4978,16879185,"xuhang ren","2026-09-14 09:56:36",702.2,2,xuhangren
4979,16759162,sgsuh,"2026-09-13 13:24:02",702.0,2,seukgyo
4980,16832185,"Andrew Chistyakov","2026-09-07 18:28:23",701.9,2,andrewchist
4981,16623555,yindujuxi,"2026-08-01 10:11:35",701.8,2,yindujuxi123
4982,16759443,"Ayman machhidan","2026-09-12 22:15:45",701.7,2,aymanmachhidan
4983,16856888,"Md Mehrab Hossain Opi","2026-09-10 07:16:45",701.6,2,iamopi
4984,16673477,ArtFix,"2026-08-11 00:51:09",701.5,2,artfix
4985,16723241,TrinhDung16,"2026-08-15 16:23:32",701.4,2,trinhdung16
4986,16705345,"DEMON JI","2026-08-14 15:02:11",701.3,2,demonji04
4987,16786485,"Sam Jenkins","2026-09-01 03:50:16",701.3,2,samjenkinsuk
4988,16716300,"Julian Kerignard","2026-09-07 10:12:31",701.1,2,juliankerignard
4989,16849778,"Kim Minh","2026-09-13 00:01:11",701.1,2,hanming14
4990,16658272,"Yash Katiyar","2026-08-08 20:17:05",700.8,2,yashkatiyar409
4991,16665120,nobody,"2026-08-13 14:48:45",700.7,2,rajesh1729
4992,16635177,Zacchaeus,"2026-08-07 07:04:15",700.6,2,zacchaeus
4993,16795844,Azamaro,"2026-09-09 08:38:56",700.6,2,azamaro
4994,16854339,"ML Underdogs","2026-09-10 12:45:50",700.5,2,mdjubairhasan
4995,16810807,Cordiz,"2026-09-03 22:42:51",700.3,2,cordiz
4996,16657332,"Amit Malakar","2026-09-14 14:39:29",699.9,2,amitmalakarjoy
4997,16630741,mrk,"2026-08-05 09:49:44",699.5,2,matsubaratakuji
4998,16823144,"AARAV JADAV","2026-09-10 03:30:21",699.0,2,aaravjadav
4999,16641348,wata,"2026-09-12 18:48:21",698.9,2,iwatahiroki
5000,16639973,akky,"2026-08-03 15:39:41",698.7,2,tellxxx
5001,16668736,bhundreds,"2026-09-14 08:58:30",698.6,2,hundreds1103
5002,16661467,sh_sub97,"2026-08-12 15:20:25",698.5,2,shsub97
5003,16666833,DenisKoronchik,"2026-09-14 21:19:27",698.3,2,deniskoronchik
5004,16802675,manishcs076,"2026-09-10 12:15:13",698.2,2,manishcs076
5005,16657095,"Prashant Kumar","2026-08-20 12:59:11",698.1,2,praskr
5006,16822523,bvgr,"2026-09-15 00:21:14",698.0,2,vbeeram
5007,16635421,"Lennart Haupts","2026-09-14 05:54:32",697.9,2,lennarthaupts
5008,16741188,"Adarsh Samanu","2026-08-20 00:01:33",697.7,2,adarshsamanu
5009,16638667,"Sarvesh Nikas","2026-08-13 06:50:00",697.6,2,sarveshnikas
5010,16639223,"SIDHAARTH SHREE","2026-08-19 15:03:55",697.6,2,sidhaarthshree
5011,16658602,aldoktvns,"2026-08-04 15:51:08",697.5,2,alrette
5012,16728069,Taisei7,"2026-09-09 06:27:49",697.1,2,taisei7
5013,16667762,KucingGanteng,"2026-09-12 20:04:37",696.7,2,dhiyaussalam
5014,16731443,"Arjun Vinod","2026-08-21 01:00:30",696.5,2,arjun0014
5015,16669330,"Panagiotis Charalabopoulos","2026-08-26 18:49:46",696.4,2,panagiotischaral
5016,16891179,feng222666888,"2026-09-15 01:06:10",696.4,2,feng222666888
5017,16662375,"Yunusa Hussein Adeiza","2026-08-14 22:12:49",696.1,2,yunusahusseinadeiza
5018,16719081,数学の山田,"2026-08-31 14:08:37",696.0,2,b612sum1
5019,16633175,"Umut Kıvanç Sipahioğlu","2026-08-04 15:51:56",696.0,2,umutkvansipahiolu
5020,16655217,"Jiawei Zhao","2026-09-14 12:29:39",696.0,2,c789a123
5021,16668168,"Ashutosh Ghodasara","2026-08-10 12:23:21",695.9,2,"asce09,attiraina,hashlord"
5022,16734712,"Jamshid Ganiev","2026-08-19 06:03:31",695.7,2,jamshidganiev
5023,16635004,"jacob OKOTH O","2026-08-02 05:57:05",695.5,1,jacobokotho
5024,16708189,Facouse,"2026-08-11 16:09:17",695.0,2,facouse
5025,16746380,JKong,"2026-08-22 01:40:01",695.0,2,kmt2001
5026,16862461,"Guilherme Volpe","2026-09-11 22:37:45",694.9,2,guivolpe
5027,16758204,kkKaan,"2026-08-24 07:56:58",694.8,2,kkkaan
5028,16659294,"Muhammad Rafzan","2026-09-05 18:30:44",694.7,2,revianalfariz
5029,16841397,"Petro Tarnavskyi","2026-09-06 12:36:05",694.5,2,petrotarnavskyi
5030,16687883,CherylStoned,"2026-08-11 22:53:28",694.4,2,cherylstoned
5031,16757447,soyukke,"2026-09-13 17:38:12",694.2,2,soyukke
5032,16656709,"Anh-Vu Mai-Nguyen","2026-09-14 23:48:36",693.8,2,mainguyenanhvu
5033,16889224,"Ishan Karnick","2026-09-15 00:01:00",693.8,2,ishankarnick
5034,16665517,"RUEI-HSIANG. CHANG","2026-08-17 15:23:55",693.4,2,rueihsiangchang
5035,16739640,TeamBanzaiSL,"2026-08-27 17:13:26",693.4,2,teambanzaisl
5036,16756176,"Unsh Rawal","2026-09-06 20:29:16",693.4,2,unshrawal
5037,16699045,"Abu Kayyisah Basyid","2026-09-12 09:50:13",693.1,2,abukayyisahbasyid
5038,16674324,"luca fregona","2026-08-08 13:37:49",693.0,2,lucafregona
5039,16655142,"Stanislav Kuznetsov","2026-09-03 12:58:20",692.9,2,drtduck
5040,16838855,"Sze Yu Sim","2026-09-09 01:37:05",692.9,2,szeyusim
5041,16799024,Becegatto,"2026-09-08 00:14:41",692.8,2,viniciussignorelli
5042,16715399,"Julia Chien","2026-09-05 08:21:06",692.7,2,juliachien
5043,16635796,MugaBros,"2026-08-04 05:27:02",692.3,2,"drrocktotpalkonwarh,monjyotid"
5044,16698007,"Juanma Serrano","2026-08-23 15:49:31",692.2,2,juanmaserrano
5045,16694779,JacobKooi,"2026-08-10 09:16:35",692.0,2,jacobkooi
5046,16712567,PatWid,"2026-08-18 17:17:20",691.9,2,patwid
5047,16755398,takataok_42,"2026-09-14 22:49:12",691.6,2,takataok42
5048,16807281,sansh0u0,"2026-09-04 02:16:09",691.5,2,sansh0u0
5049,16697736,"Daniel Correa","2026-09-10 05:04:32",691.0,2,dcorrea1
5050,16673346,gabrielep09,"2026-08-11 01:52:41",691.0,2,gabrielep09
5051,16675997,"Rintaro Moriwaki","2026-08-28 13:25:42",690.9,2,rintaromoriwaki
5052,16677402,"Hıdır Demir","2026-09-10 22:35:54",690.5,2,hdrdmr
5053,16822071,"aisormo P.H","2026-09-14 21:18:28",690.2,2,aisormoph
5054,16657397,"QSS Technosoft AI Team","2026-08-05 07:47:00",689.9,2,"kunalthedev,nishantkumarabes,prathamydvv,prishagdev,shreyakchakraborty"
5055,16696267,"yu lesui","2026-08-10 05:41:40",689.8,2,yulesui
5056,16809371,"Aashir Noman","2026-09-09 18:30:04",689.5,2,aashirnoman
5057,16743617,Dancing_Chaos,"2026-08-31 15:42:35",689.3,2,"bailynlove4ever,ripplecddc"
5058,16759623,"zhenglu wen","2026-08-26 06:24:09",688.6,2,zhengluwen
5059,16664024,"Juan David Bolanos","2026-08-13 17:06:00",688.3,2,juandavidbolanos
5060,16676308,DC,"2026-08-19 17:34:02",687.8,2,choudahchiun
5061,16697844,Noobykiller16,"2026-08-15 06:08:27",687.8,2,noobykiller16
5062,16672103,"fred mahinay","2026-08-24 23:34:48",687.3,2,fredmahinay
5063,16698822,JJN8825,"2026-09-14 13:42:44",687.3,2,jjn8825
5064,16715251,SoraGinko,"2026-08-28 18:52:17",687.0,2,terrywuu
5065,16655062,KKS,"2026-08-08 07:36:03",686.9,2,sachisgod
5066,16668868,tawashi,"2026-08-13 06:51:45",686.8,2,tawashi
5067,16655744,"Ademola Arigbabuwo","2026-09-03 21:44:49",686.8,2,princedemo
5068,16755568,KHuShIMaHajan,"2026-08-21 18:55:05",686.7,2,bymista4578
5069,16675475,"Andrey Aristov","2026-08-10 22:02:24",686.5,2,andreyaristov
5070,16780969,"Ewa Suknarowska","2026-08-30 15:53:25",686.4,2,ewasuknarowska
5071,16637898,"Marek Nurzynski","2026-08-01 16:06:46",686.3,1,marek3000
5072,16669561,"Nikunj Pahwa","2026-08-15 20:04:36",685.7,2,nikunjpahwa
5073,16792512,ckd999,"2026-09-06 19:15:19",685.6,2,ckd999
5074,16860088,Lockers,"2026-09-09 11:32:59",685.1,1,lockers123
5075,16662338,jaepyeocho,"2026-09-13 11:39:37",685.1,2,jaepyeocho
5076,16693137,"Ich Benavides","2026-09-06 18:24:52",684.7,2,jabeichbenavides123
5077,16763886,"Jackson Sauls","2026-09-04 22:59:51",684.6,2,jacksonsauls
5078,16678773,"Steve Probst","2026-09-09 01:51:39",684.4,2,steveprobst
5079,16850995,"KOSUKE MATSUDA","2026-09-14 11:37:26",684.2,2,kosukematsuda
5080,16777222,"José Daniel Ara","2026-08-27 00:12:53",684.2,2,josdanielara
5081,16623645,"ayutin tin","2026-08-14 07:48:31",684.1,2,ayutintin
5082,16640461,"Shigeru Kondou","2026-09-09 06:21:23",683.9,2,shigerukondou
5083,16672095,"Friaseus ","2026-09-14 19:46:49",683.9,2,friaseus
5084,16679079,"cedric stephan ","2026-08-25 20:39:15",683.8,2,cedricstephan
5085,16664241,payoon,"2026-08-07 08:24:05",683.5,2,payoon1234
5086,16662486,"KOTHAPALLI DILEEP","2026-08-10 12:06:14",683.4,2,kothapallidileep
5087,16709481,"Gerbilles Saucières","2026-08-22 10:38:44",683.4,2,"benjaminhrt30,volbox1902"
5088,16636954,"Jeff Horon","2026-09-13 16:30:41",683.2,2,jeffhoron
5089,16664828,Leon,"2026-08-09 09:00:09",683.2,2,leonmyl
5090,16654267,maniginam,"2026-09-15 00:30:10",683.1,2,maniginam
5091,16668123,B0RN2BL0W0UT,"2026-09-03 12:36:43",683.1,2,kadenmansur
5092,16841747,"Carlos Bósquez","2026-09-14 06:10:46",682.9,2,carlosbsquez
5093,16758767,"Mikhail Karchevskiy","2026-09-14 16:20:15",682.7,2,suvalex
5094,16657646,mountainbob,"2026-09-14 06:30:19",682.5,2,shongpakmanoon
5095,16770154,Florian,"2026-09-11 07:52:00",682.5,2,ftusek
5096,16665942,"Satvik R Shetty","2026-08-09 03:59:52",682.5,2,satvikrshetty
5097,16736632,Leo,"2026-09-13 11:48:09",682.4,2,huangkx666
5098,16661943,"Cow Wizard","2026-08-14 02:14:58",682.4,2,cowwizard321
5099,16635670,"Mr.S hanakosan","2026-08-09 00:31:34",681.7,2,earlgreytea15
5100,16747390,SawadaTsurumai,"2026-08-24 09:48:07",681.7,2,sawadatsurumai
5101,16656162,Marisyn,"2026-08-18 18:19:19",681.4,2,marisyn
5102,16624506,zhongtian,"2026-09-14 13:51:51",681.2,2,kmtbang
5103,16633240,Igor,"2026-09-13 10:46:09",681.1,2,igor14497
5104,16759351,"Shinsaku Haruta","2026-09-12 23:43:26",681.1,2,shinsakuharuta
5105,16663678,"Fabiano Adelino","2026-08-24 23:45:56",681.0,2,fabianoadelino
5106,16886856,爱上帝的小熊猫,"2026-09-15 00:16:09",680.8,2,xuefengxie
5107,16750175,"Quentin Pr","2026-08-27 18:08:14",680.5,2,quentinpr
5108,16656072,Vespidae,"2026-08-14 03:30:03",680.4,2,ianapis
5109,16755681,nic001,"2026-08-28 08:06:19",680.3,2,mimamura
5110,16670214,"Louis @ tradeInsight.ai","2026-08-21 15:18:11",680.2,2,louisquart
5111,16695822,"Ahmad Elawady","2026-08-18 20:06:59",680.2,2,aielawady
5112,16623886,onepunch999,"2026-08-01 07:30:37",680.1,2,onepunch999
5113,16784960,i-yuki23,"2026-08-30 01:13:11",680.0,2,iyuki23
5114,16690852,"Naveen Venu Bagadi","2026-08-30 04:38:13",680.0,2,naveenvenubagadi
5115,16630501,"Haris Ahmed","2026-08-14 10:08:51",679.7,2,harisahmedgenai
5116,16624277,"D S S Kumar","2026-08-10 03:22:55",679.5,2,satrusskumar
5117,16650160,nori8774,"2026-08-10 06:26:21",679.4,2,norimasayamamoto
5118,16761227,Ciel_ing,"2026-08-23 10:03:29",679.4,2,cieling
5119,16664154,dwdwdwsdedwd,"2026-08-11 06:29:24",679.3,2,dwdwdwsdedwd
5120,16712321,"Elias Schecke","2026-09-11 15:00:14",679.3,2,eliasschecke
5121,16640816,pawaraman,"2026-08-02 19:46:52",679.2,2,pawaraman
5122,16656274,googunmo,"2026-08-08 01:13:58",678.6,2,googunmo
5123,16738506,"Rok Sechs","2026-09-15 00:51:13",678.6,2,rokshimiz
5124,16876126,1fan\,"2026-09-14 15:52:05",678.5,2,wurrfv
5125,16684957,"Lucas Ferreira","2026-08-11 18:20:43",678.1,2,lucasdeoferreira
5126,16850078,"Safwan Amin","2026-09-11 18:01:20",678.0,2,bracu23101281
5127,16663784,Aniketh2k7,"2026-08-10 06:02:02",678.0,2,aniketh2k7
5128,16670420,"Mihir Argulkar","2026-08-07 20:03:15",677.8,2,mihirargulkar
5129,16630519,"Mehmet Özer","2026-08-01 16:51:55",677.2,2,ozermehmet
5130,16738994,"Hem Viramgama","2026-08-21 00:34:48",676.9,2,hemviramgama
5131,16811210,"Matt Dowis","2026-09-04 14:41:36",676.8,2,mattdowis
5132,16699578,kakanekoka,"2026-09-04 17:45:15",676.6,2,kakanekoka
5133,16667874,Vidushiii,"2026-08-10 12:25:42",676.4,2,vidushianand09
5134,16741660,Dhruv_Goyal990,"2026-09-03 16:20:31",676.2,2,"dhruvgoyal990,prathameshbelavagi"
5135,16798268,KAEOS,"2026-09-06 20:09:49",676.2,2,hitesh221
5136,16780019,"hamza khokhar890","2026-09-07 18:49:09",676.1,2,hamzakhokhar890
5137,16696724,arkmid,"2026-09-09 13:11:46",675.9,2,arkmid
5138,16630559,khan,"2026-08-02 12:18:56",675.7,2,khansolov
5139,16664219,JosephGuhlin,"2026-08-10 08:46:16",675.1,2,jguhlin
5140,16668298,"Riki Garcia","2026-08-26 15:36:14",674.8,2,rikigarcia
5141,16690988,"Aditya Bharadwaj","2026-08-20 10:02:32",674.7,2,adityabharadwaj26
5142,16639679,"Felix Allistar","2026-09-10 22:59:01",674.7,2,felixallistar
5143,16639492,"Vishnu R Mohan","2026-08-08 20:36:19",674.5,2,vishnurmohan
5144,16687808,GorillaGhost,"2026-08-13 23:23:10",674.5,2,gorillaghost
5145,16871483,prapproved,"2026-09-12 16:19:54",674.3,2,prapproved
5146,16847275,"Giovanni Marco Dall'Olio","2026-09-09 20:43:20",674.1,2,dalloliogm
5147,16701036,"Tiandong Wang","2026-08-19 11:45:32",674.1,1,condone
5148,16713877,FunnyBishop,"2026-08-16 03:19:24",674.0,2,funnybishop
5149,16664149,"Bushel Seed","2026-08-12 17:10:56",673.4,2,"dmyung,nicholasmschwartz"
5150,16658377,Masaya,"2026-09-04 15:10:14",673.1,2,irrohas
5151,16649344,BeyondAnalytics,"2026-08-28 12:00:36",672.9,2,radumarinion
5152,16658430,bruyantq,"2026-09-13 08:10:44",672.9,2,bruyantq
5153,16740404,BarrelAged,"2026-09-13 11:27:04",672.9,2,johnhosack
5154,16797969,probability,"2026-09-07 09:44:49",672.2,2,probabilitywavepeak
5155,16656501,"Thái Phạm Công","2026-08-05 03:59:47",672.1,2,thaipc
5156,16692750,"Hoya need job","2026-09-14 21:58:28",671.7,2,pranavwankhade
5157,16641141,"Yuri Barbashov","2026-09-11 18:32:47",671.1,2,yuribarbashov
5158,16659974,"anthony sinchi","2026-08-18 00:01:08",671.1,2,anthonysinchi
5159,16663361,protoLabs.studio,"2026-08-06 18:39:50",671.0,2,protolabsstudio
5160,16738538,ZHANG_WuHua,"2026-08-18 16:21:19",670.7,2,zhangwuhua
5161,16663238,"Francesco Zaccaria","2026-08-21 07:28:57",670.7,2,francescozaccaria
5162,16666204,"David Nana Kofi Ofosu-Arko","2026-08-05 11:04:42",670.5,2,davidnanak
5163,16777746,"Daniel Bandy","2026-08-29 02:04:01",670.2,2,goddangitboby
5164,16657570,"Guruprasad Parasnis","2026-08-10 12:04:57",669.9,2,guruprasadparasnis
5165,16818110,Kactus,"2026-09-14 10:22:34",669.9,2,kactus
5166,16660310,KOLONEX.NET,"2026-08-10 12:40:46",669.8,2,danielandresmiranda
5167,16819872,"Shi Van","2026-09-03 16:50:46",669.5,1,shivanufo
5168,16772673,"Alejandro Rendon B.","2026-09-09 23:15:52",669.3,2,alejandrorendonblan
5169,16745972,yamy893,"2026-08-22 02:14:20",669.1,2,yamy893
5170,16790257,"Shivam Kushwaha","2026-08-30 11:55:08",669.0,2,shivamk21
5171,16799014,"Vaibhav singh kaira","2026-09-12 04:49:54",668.2,2,vaibhavsinghkaira
5172,16631573,uesi,"2026-08-01 12:04:04",668.0,1,uemura687
5173,16633466,"Aarush pandey","2026-08-25 19:17:14",667.4,2,aarushpandey
5174,16633928,ghostiee11,"2026-08-01 01:33:25",667.0,1,ghostiee11
5175,16656912,"Sami Ali","2026-08-07 00:48:33",666.7,2,mrsamiali
5176,16672493,ChloeeeeY,"2026-08-23 06:17:03",666.7,2,chloeeeey
5177,16750036,"Kiệt Lưu","2026-09-05 03:41:19",666.4,2,jaxyss
5178,16699488,"Kelvin Lai","2026-09-14 15:44:35",666.1,2,kelvin84hk
5179,16695662,"Ollie Lowe2","2026-08-16 16:47:01",665.7,2,ollielowe2
5180,16699838,"Harry Taylor","2026-08-21 10:38:18",665.7,2,harryphysics
5181,16687788,skalermo,"2026-08-26 15:57:41",665.1,2,skalermo
5182,16737986,"Edris Yawar #2","2026-09-05 09:32:08",664.9,2,edrisyawar
5183,16798478,"Vinicius Pupin","2026-09-02 21:29:51",664.9,2,viniciuspupin
5184,16668720,"etienne duplessix","2026-08-10 22:48:53",664.8,2,etienneduplessix
5185,16699415,"Dohwan Kwak","2026-08-31 01:05:28",664.7,2,dohwankwak
5186,16665042,Neo_0x3f,"2026-08-10 21:36:56",664.2,2,neo0x3f
5187,16719745,"Masih Pemula Beneran","2026-08-31 02:14:53",664.1,2,mikhaeldhika
5188,16854582,BlackWizard00,"2026-09-08 15:32:36",663.6,2,blackwizard00
5189,16768466,BenJung,"2026-09-07 16:54:31",663.6,2,"benjung2512,hyeonglvl,hyeonho028,limjoonsoo"
5190,16809762,"Ryan Wong","2026-09-04 14:47:39",663.5,2,taggatle
5191,16691580,"Toni Blanco","2026-08-11 13:10:45",662.9,2,toniblanco
5192,16653222,StevenYuan7788,"2026-08-17 17:38:44",662.9,2,stevenyuan7788
5193,16634493,xixi,"2026-08-01 09:51:45",662.8,2,huangcarry26
5194,16669489,"Yichi Zhang","2026-08-28 19:31:07",662.7,2,yichizhang12
5195,16665395,"bachi idriss","2026-08-10 15:23:30",662.7,2,bachiidriss
5196,16854414,handsomeHBS,"2026-09-13 16:07:19",662.6,2,handsomehbs
5197,16664457,yaohongfu,"2026-08-10 12:30:43",662.4,2,yhfwww
5198,16661650,"Docker container","2026-08-15 18:52:39",662.3,2,yossefaymanzedan
5199,16846149,"Arnav Salkade","2026-09-07 15:00:23",662.2,2,arnavsalkade
5200,16688108,Special_octo20,"2026-09-14 19:16:13",661.8,2,specialocto20
5201,16635055,chch,"2026-09-11 04:34:51",661.7,2,chchentw
5202,16642846,"Leonid Zaporozhets","2026-08-02 20:03:13",661.6,2,leonidzaporozhets
5203,16654456,"Tristan Peng","2026-08-09 17:00:48",661.5,2,tristanpeng
5204,16786043,Palimpsesto,"2026-09-08 23:44:50",661.2,2,denzelfuentes
5205,16631090,yoikoarmor,"2026-08-09 07:01:44",661.0,2,yoikoarmor
5206,16832555,"Yanxi Teng","2026-09-13 08:40:37",660.8,2,yanxiteng
5207,16887820,"Radosław Czajkowski","2026-09-14 19:33:08",660.7,2,radoslaw
5208,16724002,Yahia717,"2026-08-20 20:48:31",660.6,2,yahia717
5209,16687925,BillDoser,"2026-09-11 21:54:35",660.4,2,billdoser
5210,16864562,otaniyu,"2026-09-15 00:53:18",660.4,2,otaniyu
5211,16726941,CJ103CJ,"2026-08-23 12:52:07",660.4,2,cj103cj
5212,16665342,Prothos,"2026-08-23 13:44:29",660.2,2,vjuenemann
5213,16668269,"Rashi Jain07","2026-08-05 17:46:37",660.1,1,rashijain07
5214,16731260,"Jeel Gajera","2026-08-18 07:44:44",660.0,2,jeelog
5215,16660805,"Ramon van Dijk","2026-08-05 05:48:21",659.9,2,ramonvandijk
5216,16729859,wintermute,"2026-09-02 19:15:07",659.4,2,siraev
5217,16663922,MoongladeAI,"2026-09-14 03:49:11",658.7,2,moongladeai
5218,16638031,vlad101,"2026-08-21 15:10:27",658.5,2,vlad101
5219,16655364,AmirElite,"2026-09-10 15:18:03",658.5,2,amirelite
5220,16659828,"Lebansty Valan","2026-08-21 14:14:56",658.2,2,lebanstyvalan
5221,16679295,Mk26,"2026-09-04 13:52:05",657.8,2,"manishk26,mans31"
5222,16885575,"Kotaro Imamura","2026-09-13 23:53:16",657.5,1,kotaroimamura
5223,16851573,NaNomin,"2026-09-08 01:55:42",657.4,1,nanomin
5224,16761267,Pranav,"2026-08-31 18:09:18",657.0,2,pranavarvind
5225,16759427,Dhruv,"2026-08-23 12:20:16",657.0,2,dtalati1
5226,16668089,Goller,"2026-08-26 15:05:53",656.7,2,goller
5227,16664804,ryanovovo,"2026-08-05 18:02:38",656.6,2,ryanovovo
5228,16832474,"Isaac D. Hérnandez G.","2026-09-14 17:53:43",656.3,2,isaacdhrnandezg
5229,16663736,"Life Is Roblox","2026-08-17 18:58:37",656.1,2,alexlisenko
5230,16840576,kfsky,"2026-09-08 05:50:25",656.0,2,kengofujii
5231,16746151,"Nicolas Gomasjaya","2026-08-26 16:57:08",655.6,2,nicolasgomasjaya
5232,16658043,"Tran Huy Hoang1312","2026-08-05 01:58:39",655.3,2,tranhuyhoang1312
5233,16796625,Nepsirhc,"2026-09-12 11:15:35",655.1,2,nepsirhc
5234,16739128,"Praneeth Paikray","2026-09-07 11:18:26",655.0,2,paiky1995
5235,16702270,"Jonas Jaku","2026-09-09 06:37:15",654.8,2,jonasjaku
5236,16725010,jenninglim,"2026-08-23 08:38:47",654.5,2,jenningl
5237,16857130,"Joao Araujo","2026-09-09 01:11:50",654.5,2,jhcaextra
5238,16823204,"Adilson Eduardo Tostes Carmo","2026-09-15 00:45:17",654.4,2,eduardotostess
5239,16757614,"Eduardo Molina","2026-09-06 04:04:22",654.4,2,eduardomolinaai
5240,16695633,"Kiran Kumar","2026-09-12 16:57:52",654.3,2,iamrkk
5241,16724355,hansama.qht,"2026-09-12 14:43:55",654.2,2,hansamaqht
5242,16653828,Boltuzamaki,"2026-08-23 18:40:37",653.9,2,boltuzamaki
5243,16660491,"Ryan Hancock","2026-08-08 09:56:54",653.8,2,rychanfox
5244,16784154,JoshJML,"2026-09-03 05:39:26",653.5,2,joshjml
5245,16675888,"Rob Gonzalez","2026-08-08 14:58:43",653.3,2,robg475
5246,16692401,"Abdurehman Iqbal","2026-08-14 09:13:08",653.3,2,abdurehmaniqbal
5247,16654855,"Pedro Rezende Gomes","2026-08-06 00:41:30",652.9,2,pedrorzgomes
5248,16769767,bruhbruh,"2026-08-28 08:51:26",652.8,2,nguyendinhbach69
5249,16659817,"Viet Anh Ngo ","2026-08-31 09:41:08",652.8,2,vietngogm
5250,16727219,"Chukka Venugopalam","2026-09-14 16:03:25",652.6,2,chukkavenugopalam
5251,16632994,primal,"2026-08-12 16:02:29",652.4,2,primalhost
5252,16685938,"Gautier Fauchart","2026-08-12 05:57:21",652.4,2,gautierfauchart
5253,16891689,"Jiawei Xi","2026-09-14 19:46:39",652.1,2,jiaweixi56
5254,16723528,"Singaraj B","2026-09-05 15:33:26",652.0,2,singarajb
5255,16861544,"Hiroyuki Fujimaki","2026-09-14 19:58:07",651.8,2,hiroyukifujimaki
5256,16776928,aiexpert1120,"2026-09-01 16:48:18",651.8,2,aiexpert1120
5257,16664884,Abhijeetgg,"2026-08-12 08:53:50",651.5,2,abhijeetgg
5258,16655411,フナコシ,"2026-08-20 13:47:26",651.2,2,kokifunakoshi
5259,16656107,Aotokitsuruya,"2026-09-02 14:35:20",650.9,2,elct9620
5260,16748955,micchy,"2026-09-13 04:59:51",650.9,2,micchy326
5261,16662128,BenPalmer59,"2026-08-11 19:16:24",650.8,2,benpalmer59
5262,16679887,ScriptRed,"2026-08-09 00:36:30",650.7,2,scriptred
5263,16723729,"Lucas Cimiano","2026-08-29 17:21:55",650.3,2,lucascimiano
5264,16890238,remi_hr,"2026-09-14 11:17:16",650.2,2,remihrf
5265,16656013,Asuran,"2026-09-04 04:43:56",650.0,2,zkasuran
5266,16752362,"Shashank Jangid (G25AIT2100)","2026-09-11 16:15:05",649.8,2,shashankjangid
5267,16664159,"james nazareth","2026-08-19 02:13:23",649.7,2,jamesnazareth
5268,16670834,romin_123,"2026-08-14 01:25:19",649.2,2,romin123
5269,16655140,Efthimios,"2026-09-04 08:28:52",649.1,2,efthimiosfousekis
5270,16658660,"Leo Lai","2026-08-13 08:14:45",649.1,2,junweilai
5271,16664112,"Ethan Hung","2026-08-08 21:44:57",648.9,2,chinesegorilla99
5272,16680342,Game_khó_vkl,"2026-08-13 19:28:01",648.7,2,maruusha
5273,16864558,"Henghan Dong","2026-09-14 03:42:19",648.6,2,henghandong
5274,16692857,AbeLincoln1865,"2026-08-11 00:10:16",648.4,2,abelincoln1865
5275,16752324,"yunchuan liu","2026-09-06 22:21:06",648.4,2,hoteye
5276,16648215,"Terrence Chuwe","2026-08-03 13:32:15",648.2,2,terrencechuwe
5277,16781242,"Bobby Clare","2026-09-03 17:04:16",648.1,2,bobbyclare
5278,16665759,"Shawn Zhang","2026-08-21 10:18:20",648.0,2,shawnzhang0318
5279,16660955,"Nihal l.suvarna","2026-09-14 17:09:15",648.0,2,nihallsuvarna
5280,16763838,"L. Barriga","2026-09-09 10:57:18",647.9,2,lbarriga
5281,16672687,Liz,"2026-09-13 12:37:57",647.8,2,lizgarcia3
5282,16738805,"Sergey Panasenko","2026-08-31 23:14:50",647.8,2,spanasenko
5283,16750447,Morpheus0303003,"2026-08-24 16:58:42",647.7,2,morpheus0303003
5284,16657290,lol-hiker,"2026-09-08 07:32:03",647.4,2,lolhiker
5285,16622993,"Yaroslav Tanko","2026-08-18 04:34:12",647.4,2,yaroslavtanko
5286,16707037,"Cedoque BAGBONON","2026-09-10 11:02:08",647.4,2,cedbag
5287,16891965,artem3605,"2026-09-14 14:35:14",646.9,1,artem3605
5288,16714208,TirumalaMarri,"2026-08-29 00:04:15",646.6,2,mtreddy
5289,16861102,walnut11,"2026-09-13 17:18:24",646.6,2,walnut11
5290,16668711,"David Leati","2026-08-28 00:47:39",646.6,2,davidleati
5291,16806165,"Kaige Wei","2026-09-10 12:05:49",646.5,2,kaigewei0403
5292,16733131,Rad,"2026-09-14 19:03:16",646.4,2,vnt174
5293,16658224,"Daniel Gallardo Gómez","2026-08-07 08:17:24",646.1,2,danielgallardogmez
5294,16725913,StarStone_233,"2026-08-16 07:22:12",645.9,2,starstone233
5295,16633269,op_star_platinum,"2026-08-09 17:52:52",645.8,2,opstarplatinum
5296,16633772,ayuma,"2026-08-03 06:01:01",645.8,2,onthoze
5297,16793385,"Rishav Utkarsh","2026-09-14 16:28:41",645.6,2,rishavutkarsh
5298,16714100,SuperMercat,"2026-09-09 15:13:08",645.5,2,supermercat
5299,16755344,"Alizen James","2026-08-23 18:34:30",645.1,2,alizenjames
5300,16803726,Yaromir_Ko,"2026-09-08 13:25:00",644.9,2,ronanndex
5301,16823681,Yielder,"2026-09-10 16:59:40",644.8,2,georgepapasideris
5302,16869617,"Denis Chernyshov","2026-09-11 23:20:28",644.7,2,denischernyshov
5303,16698034,Anatoliy_Fomin,"2026-08-12 12:57:18",644.5,2,anatoliyfomin
5304,16665932,"Fabian Birringer","2026-08-21 18:31:41",644.5,2,fabianbirringer
5305,16781447,"Cody Schrank","2026-08-31 04:38:57",644.4,2,codyschrank
5306,16663963,M0h4m3d-Byte,"2026-09-14 23:31:02",644.3,2,dev3mohamed
5307,16808956,"Denis Zerov","2026-09-03 10:59:46",644.2,2,dinoden
5308,16822745,Jetpack,"2026-09-12 08:27:56",644.2,2,"m1ngch1,victorye04"
5309,16665476,"Zhanghao Chen69","2026-08-19 12:42:33",644.0,2,zhanghaochen69
5310,16760439,XLX,"2026-09-06 03:20:58",643.9,2,lonelygleaner
5311,16767934,"taha berk","2026-08-26 15:21:51",643.4,2,tahaberkterekli
5312,16686715,"Adrien Secondaire","2026-08-08 15:54:58",643.3,2,adriensecondaire
5313,16657172,Honkazu,"2026-08-28 16:55:46",643.1,2,janposlusny
5314,16664709,kai,"2026-08-18 23:29:11",642.6,2,sungwo101
5315,16793892,cjc0013,"2026-08-31 18:27:50",642.6,2,cjc0013
5316,16629844,IsaacJinyu,"2026-08-01 15:39:55",642.5,2,isaacjinyu
5317,16780484,"Edmond Kirsch","2026-09-01 17:30:28",642.5,2,edmondkirsch
5318,16639970,Gowtham2962s,"2026-09-14 09:20:56",642.2,2,gowtham2962s
5319,16655044,"Darius Kolycius","2026-08-04 09:49:01",642.2,2,dariuskolycius
5320,16677701,"Coşkun Bağrıaçık","2026-08-10 00:02:25",641.9,2,cbagriacik
5321,16655340,LGarcia10,"2026-08-17 13:17:31",641.7,2,leonardogarcia10
5322,16741121,"Vignesh Nehru","2026-09-14 11:32:38",641.6,2,vigneshnehru
5323,16645297,Mark_RowSet,"2026-08-09 05:25:39",641.4,2,markrowset
5324,16795070,"HKUST Random","2026-09-11 03:37:34",641.2,2,siulungfan
5325,16705348,"Howard lin","2026-08-20 23:01:36",641.0,2,howardlin007
5326,16668211,"Alejandro Hernández Mairal","2026-09-03 13:28:29",640.7,2,alherma7
5327,16808242,keowpwpwkeo,"2026-09-07 18:23:50",640.7,2,keowpwpwkeo
5328,16745109,deflexor,"2026-08-27 21:35:07",640.7,2,deflexor050
5329,16855646,Seshu,"2026-09-09 14:49:33",640.6,2,seshuthota
5330,16777065,"dani yemane","2026-09-14 21:19:14",640.6,2,daniyemane
5331,16706456,"Michael van Mill","2026-08-12 09:58:40",640.4,2,michaelvanmill
5332,16622338,github/shepsci/kaggle-skill,"2026-08-24 17:22:49",640.2,2,shepscientific
5333,16631353,"Shivam Shinde","2026-08-01 15:29:24",639.9,2,shindeshivam
5334,16855755,"Jack Yap","2026-09-10 19:43:36",639.9,2,jackyap
5335,16666084,"Andaç Demirdelen","2026-08-09 19:18:08",639.8,2,andacdemirdelen
5336,16809158,"Kaito Sada","2026-09-08 05:17:26",639.7,2,kaitosada
5337,16744133,"levr hang","2026-09-08 16:39:27",639.5,1,levrhang
5338,16766888,"Alex #4","2026-08-24 14:42:19",639.2,1,alxndrvara
5339,16623644,Accer_sz,"2026-08-02 00:27:32",639.2,2,accersz
5340,16623836,awarse,"2026-09-04 09:06:23",638.7,2,awarse
5341,16738700,"Bugra Cinar","2026-08-19 07:51:58",638.5,2,bugracnr
5342,16655663,"Farmland Destroyer","2026-08-19 13:43:22",638.2,2,minghaopang
5343,16749236,"Michael Müller","2026-09-07 15:57:15",638.1,2,michaelmller
5344,16774890,SkoopSkoop,"2026-08-31 16:08:04",638.1,2,skoopskoop
5345,16755111,ingemarieke,"2026-08-21 15:04:53",638.0,1,ingemarieke
5346,16724202,"Sooriya Senthilkumar","2026-08-23 05:25:47",638.0,2,sooriyasenthilkumar
5347,16692896,"Guy Lev","2026-08-20 19:18:52",637.9,2,sarthobi
5348,16743382,"Pavan Rangisetti","2026-08-30 07:22:59",637.8,2,pavanrangisetti
5349,16875690,jwboost,"2026-09-14 07:52:48",637.6,2,kiritocui
5350,16668819,"ahmedou sidi med","2026-08-19 00:05:55",637.6,2,ahmedousidimed
5351,16689033,arman1o1,"2026-09-01 05:01:27",637.0,2,arman1o1
5352,16712870,"Jose Gibson","2026-08-13 20:09:11",636.9,2,josegibson
5353,16854776,aruuu,"2026-09-10 14:11:51",636.4,2,arruuu
5354,16735476,"Matthew Liew","2026-08-18 08:02:11",636.3,2,matthewliew
5355,16656460,dlutwzh,"2026-08-08 06:48:33",636.3,2,dlutwzh
5356,16675831,"Thayaparan Kumarakuru","2026-08-31 09:05:45",636.2,2,"kavishkasubashana,mrkala,thayaparankumarakuru"
5357,16661529,"AL Najafi","2026-08-08 03:39:39",636.2,2,alnajafi
5358,16699292,"Siddharth Kumar Gopal","2026-08-14 16:35:03",636.1,2,siddharthkumargopal
5359,16677597,InformaBook2,"2026-09-10 05:38:23",635.8,2,informabook2
5360,16703310,"israel ntumba","2026-09-14 17:42:47",635.3,2,israelntumba
5361,16748979,"Venkata Madhu Sai D ","2026-08-21 19:49:08",635.1,1,venkatamadhusaid
5362,16734672,"Artom  Wade","2026-09-14 13:20:01",634.9,2,artomwade
5363,16826098,Nomushin,"2026-09-11 13:22:26",634.9,2,nomushin
5364,16675832,"Dean Shalev","2026-08-09 04:12:47",634.6,2,deanshalev
5365,16742073,"nguyễn huệ anh","2026-09-14 15:44:44",634.2,2,akapatu
5366,16715473,cmrfrd,"2026-08-14 04:58:15",634.0,2,thecmrfrd
5367,16632266,"(ノ◡ <)","2026-09-09 07:15:13",634.0,2,nawfeelrahman1124444
5368,16763113,sowhatwillwelearn,"2026-09-01 11:03:47",633.7,2,sowhatwillwelearn
5369,16743165,"Chiachii Liang","2026-09-06 08:53:41",633.7,2,chiachiiliang
5370,16692994,turneja,"2026-08-08 23:50:13",633.5,2,turneja
5371,16789898,"Trung Phạm Đức","2026-09-09 04:00:19",633.4,2,arscil
5372,16727059,ksankeerth1,"2026-09-03 02:28:22",633.0,2,ksankeerth1
5373,16654746,"Michael Mullen","2026-08-06 11:08:31",632.7,2,mmullen200
5374,16735408,"Evan S","2026-08-18 20:06:05",632.7,2,evansc123
5375,16758316,"Roy Lo TW","2026-09-14 15:34:25",632.7,2,roylotw
5376,16677105,"Chaitanya Yadav","2026-08-16 10:36:07",632.5,2,xhaitanya
5377,16664003,"Nakul Rajpal","2026-08-05 06:29:24",632.5,2,nakulrajpal
5378,16733763,Gaurav,"2026-09-04 00:54:37",632.5,2,gauravahlawat
5379,16655013,"Adrian Martinez 1111","2026-08-12 00:52:14",632.5,2,adrianmartinez1111
5380,16677178,"YOUSSEF FAID","2026-08-11 21:10:38",632.1,2,yousseffaid
5381,16667258,"Firman Imam","2026-08-09 02:36:56",632.0,2,piririp
5382,16686787,"Lars Kammeijer","2026-08-07 21:31:11",632.0,2,larskammeijer
5383,16655521,"Hemadri Rajyaguru","2026-08-04 02:12:55",631.8,2,hemadrirajyaguru
5384,16663884,DevilQ,"2026-08-23 22:08:52",631.8,2,"parhamesm,samuelescarfone12"
5385,16769277,卡心农场,"2026-09-05 01:55:53",631.6,2,"hkd2333,hsiaosuan"
5386,16636808,"Kaito Ichikawa","2026-09-04 14:37:42",631.5,2,kaitoichikawa
5387,16804094,faheem,"2026-09-14 17:05:20",631.3,2,faheemkhaskheli9
5388,16674950,Davide,"2026-09-03 09:22:38",631.3,2,quanttony
5389,16655199,"Alexander Ulrich","2026-08-12 19:44:20",631.1,2,alexanderulrich01
5390,16719696,"Spencer Farrand","2026-08-17 18:40:28",630.8,2,spencerfarrand
5391,16661225,"Menelik Zafir","2026-09-14 22:26:20",630.7,2,monibeefudgekins
5392,16756891,T.Uehira,"2026-09-12 22:46:43",630.4,2,tuehira
5393,16739167,Yeyuqing0913,"2026-09-07 00:36:15",629.9,2,yeyuqing0913
5394,16699140,St.Valentine,"2026-08-18 09:49:04",629.7,2,stvalentin3
5395,16717952,Aydar,"2026-08-29 21:28:35",629.7,2,aydara
5396,16657547,"Pranav Thota","2026-09-10 11:50:23",629.6,2,pranavthota
5397,16699689,"David Sedláček","2026-08-10 08:38:38",628.9,2,sibicek
5398,16772678,SuppliLion,"2026-09-02 21:44:21",628.9,2,supplilion
5399,16662015,"ryan panda","2026-09-09 22:46:56",628.7,2,hollowpurple
5400,16721960,"Lê Khang","2026-08-18 19:42:43",628.7,1,kobtdatten
5401,16718838,"josh mathers","2026-08-14 09:26:33",628.4,2,joshmathers
5402,16789914,AkikJana,"2026-09-07 16:37:53",628.3,2,firewaterair
5403,16811935,"Bhargavaram Gajula","2026-09-05 18:08:56",628.2,2,bhargavaramgajula007
5404,16727241,Yogesh2850,"2026-08-17 09:55:08",628.1,2,yogesh2850
5405,16677518,"Khor Yin Loon","2026-09-11 15:56:20",628.1,2,khoryinloon
5406,16791960,Boladi,"2026-09-10 00:53:38",628.0,2,boladi
5407,16666099,"Marcben James Samuel","2026-08-18 06:42:43",627.8,2,marcbenjamessamuel
5408,16658019,ไอติวบ้านปังมาเอาแช้มมมม,"2026-08-08 18:43:05",627.7,2,tewnabhat
5409,16654743,"Jaume Batlle i Ferrer","2026-09-14 23:28:49",627.7,2,jaumebatlleiferrer
5410,16660600,"Beria Kalpelbe","2026-08-07 13:46:47",627.6,2,beriakalpelbe
5411,16848956,hkassimi,"2026-09-14 20:56:35",627.6,2,hkassimi
5412,16660090,"Kaggriculture @ Farmageddon","2026-09-06 06:28:47",627.4,2,gary08phillios
5413,16690869,"Yudai Hayashi","2026-08-23 09:14:30",627.1,2,yuhaya9
5414,16651593,"huanxian chen","2026-08-11 11:13:05",626.8,2,huanxiachen
5415,16766732,"Maziyar Abyari","2026-09-13 23:47:22",626.7,2,maziyarabyari
5416,16668354,"ashraf saiyed","2026-08-13 13:44:31",626.6,2,ashrafsaiyed58
5417,16663708,"Imran Ahamed","2026-08-29 22:00:50",626.5,2,immu4989
5418,16755091,Charlie,"2026-09-05 22:45:41",626.0,2,zephyrlennox
5419,16764149,"Manish Rai","2026-09-06 20:01:53",626.0,2,magiuscain
5420,16686222,"Nika Chaduneli","2026-08-10 01:21:09",625.8,2,nikachaduneli
5421,16655578,"Ahmed Merie","2026-08-13 00:11:40",625.4,2,aa7767
5422,16689398,Reesh,"2026-08-11 08:55:10",625.3,2,rishileung
5423,16671438,"Aot Chanthorn","2026-08-15 16:16:25",625.3,2,aotchanthorn
5424,16880672,"Bennett Hellman","2026-09-14 17:38:28",624.9,2,bennetthellman
5425,16658655,HbjaHbja,"2026-08-12 12:18:51",624.9,2,hbjahbja
5426,16793189,"Akash Mohan Chaudhary","2026-09-01 18:29:57",624.7,2,akashmohanchaudhary
5427,16666648,"Sriram Reddy19","2026-08-06 08:40:07",624.6,2,sriramreddy19
5428,16859900,ZZZ234234234,"2026-09-10 13:25:58",624.6,2,zzz234234234
5429,16654328,"QQ Farm","2026-08-28 12:59:12",624.5,2,"huiiyu,titirmt"
5430,16730028,"Ken Qian","2026-08-17 03:10:15",624.4,2,kenqian
5431,16657347,"Hibiki M","2026-08-20 15:30:40",624.4,2,hibikibrise
5432,16747180,KaiKogure,"2026-09-03 12:46:04",624.2,1,kaikogure
5433,16756972,"Đức Hải Hà","2026-09-14 11:19:09",624.0,2,tankinguyen
5434,16712410,aysfshn,"2026-09-09 15:09:08",623.9,2,aysfshn
5435,16661898,Farfadet,"2026-08-12 06:04:18",623.7,2,farfadet
5436,16660345,"Aadhithya Ramesh","2026-08-06 08:49:10",623.7,2,aadhithyaramesh
5437,16685785,KSAI,"2026-09-07 14:42:54",623.2,2,kishan2112004
5438,16882160,"John Doe #2","2026-09-12 18:04:56",623.2,1,realgrape
5439,16665990,daffaharil,"2026-08-11 07:56:55",623.0,2,"daffaharil,farhansiddiq"
5440,16717850,"HeeGwan Lee","2026-09-06 11:51:49",622.9,2,heegwanlee
5441,16748603,qianzhonhao,"2026-09-03 08:20:45",622.9,2,qianzhonhao
5442,16681149,Lee14k,"2026-08-19 17:00:35",622.9,2,lee14k
5443,16671646,Luche,"2026-08-08 04:23:32",622.3,2,henrylucky
5444,16684436,Simon-the-sorcerer,"2026-09-14 21:30:33",622.0,2,simonwiller
5445,16755548,"Manuel Ramos","2026-08-27 19:06:26",622.0,2,aizpask13
5446,16659341,Aryan88097,"2026-08-05 17:26:57",621.9,2,aryan88097
5447,16777228,"Zach Locke","2026-09-10 00:22:02",621.9,2,zachlocke
5448,16775652,"Dat Dinh","2026-09-14 02:48:43",621.8,2,dathbdinh
5449,16677366,Gmmastermind,"2026-08-07 01:19:13",621.7,2,gmmastermind
5450,16810497,Garuda,"2026-09-07 06:32:01",621.6,2,santhoshreddypasnoor
5451,16793489,hendracos,"2026-09-02 03:10:03",621.5,2,hendracos
5452,16655629,Mai_Konare,"2026-08-17 06:20:49",621.2,2,maikonare
5453,16759265,AI老爸,"2026-09-06 15:42:27",621.0,2,tsengchienchih
5454,16655595,ashsah,"2026-08-31 08:37:35",621.0,2,ashsah
5455,16623213,zulfikar.khalwaniev,"2026-08-23 09:08:56",620.9,1,khalwaniev
5456,16815017,Humanitis,"2026-09-12 15:06:34",620.9,2,humanitis
5457,16675708,"Mahder Tesfaye Abebe","2026-08-08 08:46:36",620.8,2,mahdertesfayeabebe
5458,16684886,HTHub,"2026-08-08 00:12:47",620.5,2,adegokesaidi
5459,16738261,"Samuel Moreira","2026-08-24 14:11:40",620.5,2,samuelmoreira420
5460,16786437,"Kiran Narayana K","2026-08-30 06:45:20",620.3,2,kirannarayanak
5461,16799391,"Mehdi El M.","2026-09-07 14:08:22",620.3,2,mehdielm
5462,16795923,KaluzaKlein,"2026-09-14 10:50:35",619.8,2,kaluzaklein
5463,16670615,Ahornsirup,"2026-09-06 21:03:14",619.8,2,ahornsirup
5464,16672370,"Yash Barhanpurkar","2026-09-10 17:36:18",619.7,2,yashbarhanpurkar
5465,16651661,"Quyền Thịnh","2026-08-07 06:27:45",619.7,2,quynthnh
5466,16731516,Sumit0694,"2026-09-06 12:58:54",619.5,2,sumit0694
5467,16687714,nabilux,"2026-08-09 13:27:11",619.4,2,eminesnabil
5468,16657016,"MD. AS-AID RAHMAN","2026-08-26 15:57:49",619.4,2,mdasaidrahman
5469,16679018,"Kushpreet Singh","2026-09-03 23:23:41",619.4,2,kush639
5470,16738653,"Julien Trocmé","2026-08-24 12:48:49",619.2,2,julientrocm
5471,16717614,Dhanyashree1028,"2026-08-16 15:00:37",619.0,2,dhanyashree1028
5472,16663656,"Andrii Kavetskyi","2026-08-20 21:48:20",618.6,2,andriykavetsky
5473,16791701,"Tired Dad Data","2026-09-12 21:37:23",618.5,2,alexmaggard
5474,16797356,"Thalía Cantero","2026-09-14 22:42:04",618.4,2,thalicantero
5475,16665692,Straw_hats,"2026-09-01 07:40:19",618.1,2,"charanno,tvigneshreddy"
5476,16671940,LJazya,"2026-09-05 02:54:37",617.8,2,jihanelek
5477,16892682,"Yasuhiro Manai","2026-09-15 00:46:19",617.7,2,yasu01
5478,16757280,"manos papagiannidis","2026-09-09 08:30:46",617.7,2,manospapagiannidis
5479,16673151,skyblue01,"2026-08-27 07:56:10",617.6,2,skyblue01
5480,16668439,Lugas024,"2026-08-08 05:33:51",617.6,2,lugas024
5481,16664359,"Apil Khadka","2026-08-15 13:10:18",617.6,2,apilkhadka
5482,16842527,ko_fusion_JPN,"2026-09-14 23:53:30",617.4,2,kofusionjpn
5483,16870596,juicyorange,"2026-09-14 23:52:05",616.7,2,billychau1
5484,16730461,"Mubin Shaikh","2026-08-19 06:09:17",616.7,2,shaikhmubin
5485,16713249,"vedant patnala","2026-08-27 22:38:03",616.5,2,vedantpatnala
5486,16735624,"Marc Rippee","2026-08-24 05:03:34",616.4,2,marcrippee
5487,16664041,"an Expired Engineer","2026-08-17 12:02:21",616.4,2,sanggusti
5488,16793680,prajval_p,"2026-09-01 01:03:39",616.2,2,prajvalp
5489,16757253,ZEE,"2026-09-11 07:13:27",616.2,2,randyzhang666
5490,16708824,"Tanaka Chiromo","2026-08-20 11:12:22",616.1,2,tanakachiromo
5491,16767632,"robin baldeo","2026-08-28 17:02:49",616.1,2,robinbaldeo
5492,16635377,het2554,"2026-09-13 07:55:05",615.9,2,crazy2554
5493,16691398,"Time to Win","2026-09-03 04:36:52",615.5,2,yatharthdurgapal
5494,16848416,"Mayank Bhatia","2026-09-07 15:09:19",615.4,2,mikemayankb
5495,16732529,"lixinglong ye","2026-09-09 07:46:16",615.4,2,lixinglongye
5496,16844875,GBWK,"2026-09-12 20:01:23",615.1,2,gabmaury
5497,16696916,Sundar,"2026-08-11 13:04:59",615.0,2,vsundar17697
5498,16624888,okome_niigata,"2026-08-06 06:47:17",614.9,2,okomeniigata
5499,16716941,林木子吖,"2026-08-24 09:28:59",614.9,2,linmuzi0108
5500,16716365,Murphy,"2026-08-21 14:00:29",614.8,2,taeyounglimdt
5501,16892314,"Akshay #3","2026-09-15 01:38:00",614.7,1,akshay1301
5502,16760604,"Thananut Phiboonbanakit","2026-08-25 14:04:44",614.6,2,tphiboonbanakit
5503,16771001,"0x1369 T-Farm","2026-08-31 04:38:04",614.4,2,xcryst
5504,16634246,just_calculate,"2026-09-13 15:21:05",614.1,2,justcalculate
5505,16724364,Sh4ron,"2026-09-11 15:48:11",613.8,2,sh4ron
5506,16663909,HDPark,"2026-08-17 04:48:41",613.4,2,hdpark
5507,16797395,"LCNN JJ","2026-09-06 02:27:37",613.0,2,supremebeast08
5508,16793913,"Vrushal Patil","2026-09-06 11:13:36",612.9,2,vrushalpatil
5509,16673359,hasshi7965,"2026-09-06 10:05:10",612.6,2,hasshi7965
5510,16668817,"Sean ODonnell","2026-08-08 03:27:47",612.4,2,sjean11
5511,16654351,"Manish Kumar","2026-08-04 07:45:22",612.4,2,manishkumarphd2000
5512,16876448,"Ryo #2","2026-09-14 16:48:36",612.3,2,ryosukefujita
5513,16870247,mxt1022,"2026-09-14 07:00:29",612.3,2,unlome
5514,16653534,"Mohamed Amine Ettaki","2026-09-14 20:52:45",612.2,2,amine159
5515,16670356,"Dziriyin wa9il","2026-08-25 19:56:56",612.0,2,"akumanomu,alioualaeddine"
5516,16854535,Dragon,"2026-09-09 16:48:11",611.8,2,dragon116rus
5517,16665154,"Omkar Pawar","2026-08-23 12:22:56",611.8,2,omkarrr7
5518,16734595,"Abhimanyu Singh","2026-08-20 12:52:38",611.5,2,abhimanyusingh170702
5519,16711868,"Mark Cooper","2026-08-16 13:09:02",611.4,2,markjcooper
5520,16678157,"Ayush Kumawat","2026-08-14 13:10:02",611.3,2,ayushkumawat21
5521,16833040,"Vadim Demchuk","2026-09-05 06:07:54",611.2,2,vadimdemchuk
5522,16777740,hoangnnh67,"2026-08-28 22:12:22",611.2,2,hoangnnh67
5523,16796445,"Md Aminul Islam","2026-09-14 17:38:09",611.2,2,aminulabir
5524,16662120,"Harpal Gujral","2026-08-25 18:07:07",611.1,2,harpalgujral
5525,16742239,"Benny Joseph","2026-09-12 20:05:12",611.0,2,pbennyjoseph
5526,16664790,"soumic 1088","2026-08-19 08:34:34",611.0,2,soumic1088
5527,16683282,ayushk_empire,"2026-08-14 11:50:15",610.9,2,ayushkempire
5528,16855295,zhudong1949,"2026-09-09 03:58:56",610.9,2,zhudong1949
5529,16702411,"Aryuemaan Chowdhury","2026-08-21 07:05:31",610.9,1,aryuemaanchowdhury
5530,16700785,"VIVEK JAMI","2026-08-19 13:57:57",610.8,2,vivekjami
5531,16667514,"Kakarott 10","2026-08-06 09:05:43",610.5,2,kakarott10
5532,16671421,"Gryffin Wang","2026-08-08 23:08:40",610.4,2,gryffindoraf
5533,16730288,matsurih,"2026-09-15 00:53:06",610.2,2,matsurihime
5534,16663998,"Harith Al-Ani","2026-08-24 00:09:54",610.0,2,abo3losh
5535,16732537,Rapha,"2026-08-27 12:08:17",609.8,2,raphaabels
5536,16738235,tenfish,"2026-09-12 11:48:01",609.2,2,"oygdri,takatoyoshikawa"
5537,16733046,Afordancja,"2026-08-24 18:22:42",609.2,2,afordancja
5538,16736636,torch,"2026-08-18 10:35:29",609.1,2,rhtsingh
5539,16662191,"Daniele Rufo","2026-09-14 11:27:32",608.9,2,danielerufo
5540,16670698,"Tamerlan Dadashov","2026-08-09 10:36:12",608.1,2,tamerlandadashov
5541,16787200,"HayDay Protestors","2026-09-13 04:26:26",607.8,2,"aaronjoshuaemmanuel,anjulasankalpa,chamathjayashanka,ghostd,prabhashanmadurawala"
5542,16704924,jdx,"2026-09-13 17:32:32",607.8,2,jdsemrau
5543,16654099,"Bhupin Thapa magar","2026-08-10 09:22:06",607.5,2,vupeenthapamagar
5544,16691518,"Sander Ee","2026-08-09 12:03:09",607.5,2,sanderee
5545,16658106,"Devam juthani","2026-08-05 08:18:14",607.5,2,devamjuthani
5546,16667500,jiannebab,"2026-08-14 14:29:12",607.4,2,jiannebab
5547,16670070,"Kirill Molostov","2026-08-31 12:18:26",607.4,2,kirillmolostov
5548,16666566,"Rairo Mukamuri","2026-09-14 12:32:34",607.1,2,thetraveller
5549,16655449,tcvieira,"2026-08-06 18:20:34",607.1,2,tcvieira
5550,16709318,"Jana Hagen","2026-08-26 18:00:16",607.0,2,janahagen
5551,16660653,kanchana's,"2026-09-01 17:09:40",606.9,2,"saikanchana,yuvarajkanchana"
5552,16691164,"Krishna Saathwik","2026-08-13 13:50:40",606.9,2,krishnasaathwik
5553,16706455,"John Andrei Martinez","2026-08-18 18:55:04",606.8,2,johnandreimartinez
5554,16775770,"Ashish Kumar","2026-08-27 17:18:58",606.7,1,whoashish115
5555,16841559,dal7,"2026-09-09 04:32:12",606.7,2,purelyconceptual
5556,16655027,"Artem Zenkevich","2026-08-16 13:09:58",606.6,2,artemzen
5557,16728220,Naki,"2026-09-08 11:50:44",606.6,2,nanakiohashi
5558,16825667,"Lê Minh Dương","2026-09-08 05:45:07",606.5,2,minhduonq
5559,16633379,"Artem Prokhorov","2026-07-31 20:53:32",605.9,1,catfield123
5560,16711567,"Finn Brooks","2026-08-15 04:40:11",605.9,2,finnbr
5561,16665471,"Dennis Navamani","2026-08-25 11:10:08",605.5,2,dennisnavamani
5562,16700546,"Nightshade Family","2026-09-07 13:24:48",605.5,2,"gihanchamod17,vishmithasamarakoon"
5563,16756564,"Nicolas Defossé","2026-08-25 21:10:58",605.5,2,nicolasdefoss
5564,16692995,RafaMartinaitis,"2026-08-22 11:50:10",605.4,2,rafaelmartinaitis
5565,16667630,Sparsh389,"2026-08-06 15:46:09",605.3,2,sparsh389
5566,16726873,@F,"2026-08-16 01:43:22",605.3,1,atefbouzid
5567,16693949,"Eric Worrall","2026-09-12 08:06:03",605.0,2,ericworrall
5568,16722502,Abyss,"2026-08-27 11:26:49",605.0,2,sahiltks
5569,16694610,Kshitiz2002,"2026-08-11 15:44:41",604.6,2,kshitiz2002
5570,16738336,"Guo Xuehan","2026-09-02 05:44:05",604.5,2,zmllls
5571,16830678,Voodoo_m88,"2026-09-11 05:21:29",604.4,2,voodoom88
5572,16671256,"Navid Zaman","2026-09-08 13:58:31",604.4,2,navidzaman01
5573,16722366,"Aki Lit","2026-08-14 23:24:20",604.3,2,akilit
5574,16739449,SelvapriyankaRam,"2026-08-24 18:44:21",604.2,2,selvapriyankaram
5575,16655039,"Andrew Yip","2026-08-06 20:14:49",604.1,2,yipcma
5576,16661210,vizyourdata,"2026-08-07 11:05:08",603.8,2,vizyourdata
5577,16845009,"Nyasha Gandah","2026-09-14 22:20:10",603.8,2,nyashagandah
5578,16732504,"porsche zheng","2026-08-18 08:19:41",603.8,2,porschezheng
5579,16682815,"Saiyam Bharara","2026-08-19 15:03:06",603.7,2,saiyambharara
5580,16697261,nbauerle,"2026-08-14 15:10:38",603.5,2,nbauerle
5581,16621407,Kh0a,"2026-09-06 18:30:51",603.5,2,llkh0a
5582,16702993,PLM,"2026-08-30 13:58:34",603.4,2,"ileabogdan,popu23,razvaniga,rvaurs"
5583,16664096,"Charles Coonce","2026-09-08 02:26:37",603.4,2,charlescoonce
5584,16733873,"Shirish Chinchanikar","2026-08-30 15:53:12",603.2,2,"codemastersj,shirishchinchanikar"
5585,16654761,"Mohammed Mukthar","2026-08-05 02:06:15",603.2,2,mohammedmukthar9
5586,16795256,"N Nelson","2026-09-05 14:29:25",603.1,2,napoliyannelson
5587,16713236,kingofeverything,"2026-09-08 06:20:42",602.9,2,"kingofeverything,skyyyang"
5588,16660005,DreamX5678,"2026-08-06 07:55:06",602.8,2,dreamx5678
5589,16702713,"Rob Sartin","2026-09-13 22:11:13",602.7,2,robsartin
5590,16881624,RetrainMap,"2026-09-12 20:08:45",602.6,2,retrainmap
5591,16823853,Zerbytheboss,"2026-09-06 22:03:05",602.5,2,zerbytheboss
5592,16853993,"Christie Lam","2026-09-13 09:28:09",602.4,2,christielam
5593,16847801,"Joachim Oliver Mampouya","2026-09-08 14:54:14",602.3,2,olivermam
5594,16664731,UT,"2026-08-21 15:24:42",602.3,2,"sabapunch,wasshan"
5595,16688175,aarav221w,"2026-08-25 23:40:16",602.1,2,aarav221w
5596,16770674,"Arpit Jain","2026-09-02 11:44:36",602.0,2,arpitjain5
5597,16635021,RiLi,"2026-09-14 11:30:22",601.9,2,hisatosenda
5598,16630837,"Vishal Sharma","2026-08-05 18:24:44",601.6,2,vishal40182
5599,16880648,"Akash Pattani","2026-09-12 18:30:07",601.3,2,akashpattani
5600,16652635,panacea9320,"2026-08-05 10:45:06",601.3,2,panacea9320
5601,16655527,"Saurabh Kumar","2026-08-06 08:14:52",601.1,2,sk25oct
5602,16853582,"Qiao Ke","2026-09-09 09:44:44",600.8,1,bridgekk
5603,16658686,"Alpesh Kumar","2026-08-08 06:12:31",600.6,2,alpeshkumar
5604,16837934,"Osman ILICA","2026-09-09 02:30:19",600.5,2,osmanilica
5605,16731447,"Rúben Martins","2026-08-19 20:55:42",600.4,2,rubenmartins10
5606,16851079,"Nathaniel Marshall","2026-09-08 02:04:22",600.3,2,nm4rshall
5607,16671237,"Jose Alejandro Rivera Jaramillo","2026-08-07 18:13:13",600.1,2,alejandroriveraj
5608,16885599,Suiban,"2026-09-13 13:38:00",599.9,2,suiban410219
5609,16808696,마짱MAZZANG,"2026-09-04 09:41:16",599.9,2,mazzang
5610,16654640,"Halil Akbas","2026-08-28 00:32:12",599.9,2,halilbrahimakbas
5611,16697526,"Jurgen Sinjari","2026-08-10 21:21:26",599.8,2,jurgensinjari
5612,16659367,"Tayyab Aamir","2026-08-06 10:59:49",599.8,2,duketi
5613,16625047,BOBQWERA,"2026-08-02 06:34:18",599.2,2,bobqwera
5614,16658042,"Giampietro Pregnolato","2026-08-13 09:17:36",599.2,2,giampietropregnolato
5615,16694134,"Sophia Leng","2026-08-24 20:04:10",599.1,1,sophialeng9
5616,16725871,"Patrice Santiago","2026-09-03 22:19:56",598.7,2,patricesantiago
5617,16668648,"Mason R. Brito","2026-09-10 16:58:25",598.7,2,masonrbrito
5618,16660540,Minikotey,"2026-08-16 15:34:40",598.5,2,juliapatarishina
5619,16691552,"Koshtubh Singh Parihar","2026-08-09 03:19:39",598.1,2,koshtubhsinghparihar
5620,16726080,"Arda Yasar","2026-08-19 06:02:10",598.0,2,ardayasar
5621,16670313,HamzZZzzZZa,"2026-08-06 22:01:28",597.8,2,memesalot
5622,16622330,"hiroshi murakami","2026-08-22 01:03:12",597.8,2,zabojeb
5623,16665894,"Pedro Wu","2026-09-03 03:40:31",597.7,2,pedropei
5624,16621657,"Nikita Batuev","2026-09-12 12:20:41",597.7,2,batuevnikita
5625,16664267,"Alan T. Andrea","2026-08-09 03:22:40",597.5,2,alantandrea
5626,16886640,holyholy,"2026-09-15 01:14:12",597.4,2,holy5contents
5627,16793802,"Andrew Lam","2026-09-01 09:07:56",597.3,2,andrewlam23
5628,16654454,"Haoxiang Li","2026-09-06 09:24:47",597.2,2,haoxiangli789
5629,16654943,"Alexis Selorm Gbeckor - Kove","2026-08-10 11:44:58",597.2,2,advancedbeginner
5630,16704437,babybuffalo,"2026-08-25 16:11:16",596.6,2,babybuffalo
5631,16704569,"Lorenzo Grattarola","2026-08-16 22:24:15",596.6,2,lorenzograttarola
5632,16673333,"Dimas Renggana","2026-08-06 23:40:39",596.4,2,dimasrenggana
5633,16839030,minedmap,"2026-09-07 20:19:52",596.3,2,minedmap
5634,16640504,"Recep Öztürk","2026-08-26 11:19:31",596.0,2,rcpztrrk1
5635,16731616,"Mohamed Aashik 24","2026-09-14 19:24:28",595.8,2,mohamedaashik24
5636,16697941,"Raphael Coelho","2026-08-16 15:24:28",595.6,2,raphaelrrcoelho
5637,16658937,SebastianQbiak,"2026-08-05 06:20:18",595.1,2,sebastianqbiak
5638,16687390,"Mark Calvert","2026-08-08 09:51:55",595.0,2,markycalvert
5639,16669597,农业农村部,"2026-08-10 19:11:08",594.9,2,"bingzhenghan,hrwan1,krasuszl"
5640,16682915,"igeo kK","2026-09-12 23:10:17",594.9,2,igeokk
5641,16745571,"Yifan Xie","2026-09-03 13:55:15",594.7,2,yifanxie
5642,16792449,SKYisSKYisSKY,"2026-08-31 04:16:07",594.3,2,skyisskyissky
5643,16744752,"Dean Johnson","2026-08-27 10:26:20",594.2,2,deanjohnson202
5644,16743836,"Auto Fermers","2026-09-14 16:36:29",594.2,2,"artemboltaev,dmitriigluzdov"
5645,16632510,shi_koyo,"2026-08-04 08:58:56",594.2,2,shikoyo
5646,16639408,Invictus,"2026-08-11 22:44:04",594.2,2,nicho256
5647,16689919,"Koren Ben Ezra","2026-08-08 17:49:55",594.2,2,korenbenezra
5648,16663210,"Marco Nasuelli","2026-09-13 15:58:07",594.1,2,marconasuelli
5649,16657798,"Ian Kim","2026-08-06 05:07:10",593.9,2,ianpkim
5650,16744534,"Leonardo Custode","2026-09-11 09:16:04",593.8,2,leocus
5651,16664134,"Pelayo Fernández","2026-08-07 10:36:48",593.7,2,pelayofdez
5652,16730577,"Team Rocket’s Orbital Farm","2026-09-11 05:56:54",593.6,2,koheitsutsumi
5653,16781377,AgriMind,"2026-09-14 22:36:42",593.4,2,slimaneguermat
5654,16732725,MackTen,"2026-08-19 08:14:01",593.3,2,mackten
5655,16696421,"Koyashiki Mao","2026-08-11 06:40:19",593.1,2,koyashikimao
5656,16731009,"Joseph Paris","2026-08-24 05:32:21",593.1,2,josephkparis
5657,16750864,Ymori,"2026-08-26 01:38:04",593.0,2,yasunorim
5658,16811259,"Aaryan Agarwal","2026-09-03 20:21:00",593.0,1,aaryanagarwal
5659,16669393,"ÖMER FARUK YILMAZ","2026-08-07 19:54:59",593.0,2,ofyzero
5660,16732048,jiangletian,"2026-08-24 03:20:40",592.7,2,jiangletian
5661,16828050,stephenlau,"2026-09-14 02:56:25",592.5,2,stephenlu0422
5662,16682876,"Kartik Garg","2026-08-09 05:21:34",592.5,2,kartikgarg97
5663,16665622,one,"2026-08-11 04:10:11",592.1,2,richardsplayground
5664,16654585,"David Pedersen","2026-09-11 06:56:10",591.9,2,semalytics
5665,16700441,"Houssem RIAHI","2026-08-27 14:54:09",591.8,2,houssemriahi
5666,16785687,"AP SEM F STUDENTS","2026-08-31 03:52:37",591.6,2,"advaithn0518,rohanjeyavel,shrivatsamurugan,stitchsages"
5667,16775749,Yurikada,"2026-09-03 11:13:54",591.6,2,yosukeinada
5668,16652173,"Shardul Gharat","2026-08-06 10:07:36",591.5,2,shardulgharat
5669,16670544,"William Rients","2026-08-06 00:01:02",591.3,2,williamrients
5670,16665060,Pipeweed,"2026-08-27 18:14:40",591.3,2,pipeweed56
5671,16694064,RRK0123,"2026-08-17 05:30:52",591.0,2,rrk0123
5672,16676254,"Lazy Lagoon","2026-09-13 08:36:31",590.9,2,"mokshoswal137,taniyasankhe"
5673,16706192,rustlers42,"2026-09-02 15:24:05",590.7,2,"lkshrsch,powerofcreation"
5674,16779539,"Dmitri Bugakov","2026-08-27 16:34:42",590.6,2,dmitrybugakov
5675,16811603,hundun,"2026-09-04 09:48:18",590.6,2,zhongh4oyang
5676,16770891,"Oleg Shatov","2026-09-05 16:34:56",590.3,2,bishkek
5677,16667565,BeeDeeR,"2026-09-10 22:42:41",590.3,2,beedeer
5678,16667794,knadithyavr,"2026-08-13 12:24:05",590.2,2,knadithyavr
5679,16658009,"Lando Wang","2026-08-05 02:18:17",590.1,2,landowang
5680,16701034,notnorm,"2026-08-11 10:31:23",590.0,1,notnorm
5681,16732003,"HAO jia liu","2026-08-18 09:58:05",589.9,2,haojialiu
5682,16697681,"Mahfujur Rahman Rakib","2026-08-10 05:14:21",589.8,2,mahfujurrahmanrakib
5683,16732307,"Shobha Vashishtha","2026-08-17 12:32:07",589.8,1,shobhavashishtha
5684,16634204,"m-toshi desu","2026-08-01 06:20:37",589.7,2,mtoshidesu
5685,16676360,"Chris Kang","2026-08-17 10:07:49",589.7,2,rukawa917
5686,16664313,CompilingCoder,"2026-08-06 09:38:17",589.6,2,compilingcoder
5687,16702118,"cemal özdeniz","2026-08-10 20:27:17",589.6,2,cemalzdeniz
5688,16755529,"Rafea Almejrab2025","2026-08-29 16:06:34",589.1,2,rafeaalmejrab2025
5689,16851330,umar,"2026-09-10 08:58:55",588.9,2,umar4md
5690,16743815,"Asanka Pradeep","2026-08-23 14:32:46",588.4,2,asanakapr
5691,16673923,"Gabriele Giacometti","2026-09-10 12:15:50",588.4,2,gabrielegiacometti
5692,16728195,"6 GOD","2026-08-21 15:50:28",588.3,2,tertospacko
5693,16665133,"Abhishek Dubey","2026-08-10 13:28:57",588.2,2,abhishekdubey911
5694,16809136,"Xander Lee","2026-09-04 13:56:48",588.2,2,xndlee
5695,16661318,"Zeel Kadvani","2026-08-25 11:17:53",588.0,2,zeelkadvani
5696,16730231,chandler14362,"2026-08-29 03:04:49",587.8,2,chandler14362
5697,16718445,"Hamza Elmorjani","2026-08-15 12:16:55",587.7,2,hamzaelmorjani03
5698,16686743,charmander,"2026-09-11 15:44:15",587.7,2,rahuladhi
5699,16689391,"Tejas Rajput","2026-08-08 17:21:18",587.6,2,tejasrajput123
5700,16774524,ShinYingChua,"2026-09-13 15:35:15",587.6,2,shinyingchua
5701,16771283,taroyan-vamos,"2026-09-08 15:31:54",587.5,2,taroyanvamos
5702,16667818,AjayVarma555,"2026-08-09 15:14:45",587.4,2,ajayvarma555
5703,16662421,"Aparna Mantha","2026-08-06 17:23:34",587.3,2,aparnam91
5704,16732609,"Filippo Paninforni","2026-08-19 18:30:22",587.3,2,filippopaninforni
5705,16659418,"Fonge Bertin","2026-08-06 09:26:33",587.1,2,fongebertin
5706,16814805,Muzhi11,"2026-09-14 05:19:38",587.1,2,muzhi11
5707,16675066,Opticulture,"2026-08-16 12:19:48",586.9,2,"bajibaburowthu,ponnuripavankumar,radhakrishnadoredla,veereshkumar1219"
5708,16678633,"Tanishq Tayade","2026-09-14 21:39:04",586.9,2,tanishqtayade
5709,16848263,Xenongas,"2026-09-08 14:23:14",586.8,2,xenongas1
5710,16883478,Aggri_goon,"2026-09-14 11:00:39",586.6,2,ryonagakubo
5711,16877886,"Mohamed el.harery","2026-09-12 15:23:06",586.6,2,mohamedelharery
5712,16660138,"Sanchit Handa","2026-09-12 18:45:23",586.5,2,"harmanjotsingh8,sanchithanda182006"
5713,16659951,"CHRISTOPHER CRILLY","2026-09-11 12:23:20",586.4,2,christophercrilly
5714,16668748,"Harrison Interactive","2026-09-14 13:33:26",586.3,2,nosiru
5715,16763088,mason.jr,"2026-08-25 04:29:36",586.2,2,haophanzx
5716,16657871,Lucienne,"2026-08-05 03:13:59",586.2,2,yangnianan
5717,16760226,"Erich Hofstötter","2026-08-24 15:49:06",586.0,2,erichhofsttter
5718,16726684,"William Lee","2026-08-19 15:35:28",586.0,2,notyouravgwilly
5719,16639867,vibecoder,"2026-08-08 05:34:55",585.9,2,kunal808
5720,16659138,allenbcy,"2026-09-10 14:41:18",585.9,2,allenbcy
5721,16690940,NKryst,"2026-08-29 10:57:18",585.8,2,nkryst
5722,16684674,"Ch Muhammad Umer ","2026-08-11 08:11:36",585.6,2,chmuhammadumer
5723,16782993,hayashida,"2026-09-07 14:01:36",585.6,2,daichihayashi
5724,16793452,"Ghazaros Ghazaros","2026-09-12 00:26:59",585.3,2,ghazarosghazaros
5725,16676534,AlphaBound,"2026-08-25 05:26:32",585.0,2,somsubhrometya
5726,16641130,LitvinKA,"2026-08-04 18:09:01",584.9,2,litvinka
5727,16726839,syunsuke,"2026-08-21 23:12:13",584.8,2,syunsuke1024
5728,16774843,"Assylkhan Kerey","2026-08-30 03:16:54",584.8,2,n0nlyy
5729,16693988,"Pranav Gupta","2026-08-18 03:51:41",584.6,2,kumbhakarann
5730,16668175,el_dedalus,"2026-08-06 14:48:01",584.6,2,eldedalus
5731,16763287,Sathishkumartheta,"2026-08-25 18:53:26",584.6,2,sathishkumartheta
5732,16637776,MarvelousXun,"2026-08-03 09:33:38",584.2,2,marvelousxun
5733,16730104,BartHeart,"2026-08-20 18:58:23",584.2,2,bartheart
5734,16733910,davidsmith42,"2026-08-19 23:59:03",584.1,2,ananthvydianath42
5735,16671942,"JIVRAJ SINGH","2026-09-05 02:33:23",583.9,2,jivrajsingh
5736,16681660,"Parham Ghazanfari","2026-08-07 20:18:18",583.8,1,parhamghazanfari
5737,16670708,"Mohammad Usman Sajid","2026-09-03 18:26:11",583.7,2,mohammadusmansajid
5738,16795284,"Kostas Tsolis","2026-09-14 09:14:56",583.6,2,tkostas
5739,16660295,Pentos,"2026-08-10 00:06:56",583.6,2,nishiumi
5740,16671420,"Chengchen Duan","2026-08-17 15:25:09",583.4,2,chengchenduan
5741,16677303,"Chase Martyn","2026-08-19 02:05:12",583.2,2,chasemartyn
5742,16732357,"Thales Augusto Leite de Souza","2026-08-23 23:43:38",582.9,2,thalestals
5743,16663766,"Anup Gautam","2026-08-08 01:29:10",582.8,2,anupanda
5744,16724819,Dwij12,"2026-08-20 18:28:01",582.8,2,dwij12
5745,16669396,Fleo98,"2026-08-10 15:43:34",582.3,2,fleo98
5746,16634316,"Cao Tùng Lâm","2026-09-01 07:16:08",582.1,2,liamislazy
5747,16711928,Leraaaa,"2026-08-18 20:01:52",582.0,2,leraaaa
5748,16706413,"Song Research","2026-08-18 00:39:36",581.9,2,sangbong91
5749,16728799,JulianHahn28,"2026-08-17 21:26:57",581.9,2,julianhahn28
5750,16707078,"Loïc & Zach","2026-08-24 20:25:24",581.9,2,"locmmeteau,zachariedubus"
5751,16791027,"Ryan Cheung","2026-09-07 04:46:47",581.8,2,doggychip
5752,16729531,alfphafarm,"2026-08-19 19:09:48",581.8,2,vudattumaniteja
5753,16653303,open5,"2026-08-06 01:43:09",581.8,2,"chen2yoimiya,huaidezhang,hyt1nn,wahuwahuwahu,zrurfa"
5754,16675585,"Jacob Joy","2026-08-11 12:13:06",581.8,2,jac0b1
5755,16787010,"Samir Patel","2026-09-04 02:59:28",581.7,2,mesamirpatel
5756,16795997,"Boyu Wan","2026-09-04 04:58:57",581.7,2,pupudan
5757,16639705,"Yuta Tomimasu","2026-08-07 13:02:39",581.6,2,yutatomimasu
5758,16727376,"Roko Torbarina","2026-08-18 18:31:57",581.5,2,rokotorbarina
5759,16657794,"Aromal vK","2026-08-06 15:35:11",581.4,2,aromalvk
5760,16669595,evanca,"2026-08-08 12:27:56",581.4,2,evanca
5761,16720788,Anson,"2026-09-05 19:45:48",581.3,2,anson0496
5762,16669165,"IT Neko","2026-08-14 13:17:33",581.2,2,"nirvaanaa,zhexuanyecust"
5763,16665191,JoJa,"2026-09-14 09:22:52",581.1,2,"mojyou,noahzx"
5764,16657265,"Hemant Kumar","2026-08-05 15:17:20",580.8,2,hemantrajputt
5765,16731996,Chloe,"2026-08-18 02:58:05",580.7,2,chenchloehaimo
5766,16655571,yuken,"2026-08-07 13:27:53",580.6,2,yukenai
5767,16712902,"Ethan Benjamin Cole","2026-08-13 12:19:26",580.5,2,ethanbenjamincole
5768,16691938,"PRASHANT SUTHAR11","2026-08-10 09:46:05",580.4,2,prashantsuthar11
5769,16794491,"Sushant Pargaonkar","2026-09-02 02:59:45",580.4,2,sushantpargaonkar
5770,16729202,Sven,"2026-08-27 21:55:40",580.2,2,sventleman
5771,16671779,"Syed Jawad","2026-09-06 12:12:28",580.2,2,syedjawad11
5772,16621811,"Shaun Andrade","2026-08-01 00:44:42",580.1,2,shaunandrade
5773,16844385,"Michael Leo Tan","2026-09-08 02:56:03",580.0,2,michaelleotan
5774,16866643,"Yan Slabodich","2026-09-10 21:35:38",580.0,2,yanskij
5775,16854552,ShionMatsuoka,"2026-09-13 01:16:14",579.9,2,shionmatsuoka
5776,16744239,"Diogo Gomes ","2026-08-25 09:39:28",579.7,2,diogogomes
5777,16730030,"Jared Wilder","2026-08-17 14:23:15",579.6,2,jaredwilder
5778,16690736,omarkami007,"2026-08-11 18:40:45",579.6,2,omarkami007
5779,16801855,KooDol,"2026-09-14 10:03:23",579.6,2,koodol
5780,16840437,nick.ai007,"2026-09-10 06:36:01",579.6,2,nickai007
5781,16685652,LeonDuue,"2026-09-01 06:55:54",579.4,2,leonduue
5782,16669545,"Rishabh Gupta","2026-08-06 18:19:04",579.4,2,rishabhguptajs
5783,16740534,"Gao Wenjiang","2026-09-02 09:48:37",579.3,2,gaowenjiang
5784,16661564,yang20251228,"2026-09-02 03:40:29",579.2,2,yang20251228
5785,16635746,"jeon hyeon woo","2026-08-13 15:32:43",579.1,2,jeonhyeonwoo
5786,16888648,"MAOSEN ","2026-09-14 07:41:55",579.1,2,maosen
5787,16690338,dvv_ram,"2026-08-13 00:11:18",579.0,2,ddvram
5788,16848633,umizora,"2026-09-08 13:34:47",579.0,2,yoiisohira
5789,16661066,"André Kuster","2026-08-06 00:54:20",579.0,2,andrkuster
5790,16743823,"Zeyu Huang_summer","2026-09-14 15:40:41",578.9,2,zeyuhuangsummer
5791,16717245,bernard558,"2026-08-24 22:18:16",578.7,2,bernard558
5792,16707767,"Lai Eu Wen","2026-08-16 16:47:50",578.6,2,laieuwen
5793,16730740," opus5🏆","2026-08-19 09:58:24",578.5,2,yinpinggao
5794,16761451,gulag,"2026-08-24 03:39:54",578.4,2,moglin
5795,16687548,"Shubham Tibrewal","2026-08-22 12:21:02",578.3,2,researchai2026
5796,16664415,"Imerson Krysthio","2026-08-12 05:37:03",578.3,2,imersonk
5797,16789550,foundtion,"2026-08-30 13:19:22",577.8,2,foundtion
5798,16666483,"Salih Erdem Kaymak","2026-08-08 17:32:38",577.8,2,saliherdemkaymak
5799,16686912,@mldsdev,"2026-08-13 02:07:44",577.7,2,lan1mel
5800,16735517,"Philipp k-s","2026-09-13 19:12:05",577.7,2,philippkeussenstrau
5801,16844527,"Suyog Gund","2026-09-12 18:30:05",577.7,2,suyoggund
5802,16890772,tcipin-egor,"2026-09-14 12:21:54",577.7,2,egorich51
5803,16747345,"Alex #3","2026-09-14 10:33:31",577.3,2,alexb99
5804,16883048,"Amit Gunjan","2026-09-12 23:07:44",577.2,2,daydreamerthinks
5805,16736368,tora,"2026-08-19 06:54:47",577.2,1,toranosukenoda
5806,16655426,engin_zhou,"2026-08-05 15:21:18",577.1,2,enginzhou
5807,16724904,"Carlos Eduardo De Paula Arantes","2026-08-15 15:48:43",577.1,2,carloseduardo1753
5808,16716632,shini47,"2026-08-22 20:30:17",576.8,2,shini47
5809,16664348,"Rocket Zech","2026-08-29 08:23:04",576.6,2,isaactunglaw
5810,16762994,AdvancedRising,"2026-09-13 14:54:28",576.6,2,advancedrising
5811,16659309,irisV11,"2026-08-18 05:23:01",576.4,2,irisv11
5812,16765031,"Allen JL Li","2026-08-27 06:12:23",576.4,2,allenjlli
5813,16798152,"A secretive person","2026-09-14 20:31:13",576.3,2,asecretiveperson
5814,16784420,renyxin,"2026-09-04 06:35:37",576.3,2,renyxin
5815,16872064,"Jimmy Erickson","2026-09-13 19:43:54",576.2,2,jimmyerickson
5816,16793150,Comet19,"2026-08-31 10:53:04",576.2,2,comet19
5817,16632504,"[Deleted] c2f6c5d5-ecb1-4f92-95d7-7c9f0fd3474f","2026-07-31 16:04:32",576.0,1,ryota517
5818,16676155,"Adam Carnaffan","2026-08-07 16:48:03",575.9,2,adamcarnaffan
5819,16655651,"Kevin Cho","2026-09-14 16:40:58",575.7,2,chokevinjs
5820,16674599,"Luka Duvanov","2026-08-19 22:03:46",575.5,2,nekkon
5821,16782187,"Margo Kim","2026-08-28 19:15:18",575.1,2,margokim
5822,16756029,EndCreeper,"2026-09-14 17:43:26",575.1,2,endcreeper
5823,16656792,"Gnanaprakash R","2026-08-28 15:05:38",574.4,2,gnanaprakashr
5824,16715495,Yashi003,"2026-08-24 04:44:40",574.4,2,yashi003
5825,16658779,"Richard G Atkinson","2026-08-05 00:29:59",574.4,2,richardgatkinson
5826,16800950,"Mani Kanta Kalluru","2026-09-09 17:17:20",574.4,2,manikantakalluru
5827,16738777,"Balwinder Singh1235","2026-08-20 10:21:34",574.2,2,balwindersingh1235
5828,16674504,"Arunabh Gupta","2026-08-18 11:10:33",574.0,2,"arunabhsgupt4,eggsysy"
5829,16708907,"[Deleted] 84526ff4-3aed-4b4b-a45f-a4486f01cb7b","2026-08-13 20:01:55",573.9,2,del=34c747d6ee8d2bd7
5830,16699711,"maxscender ","2026-08-13 14:03:35",573.9,2,maxscender
5831,16686613,Zubatch,"2026-08-15 20:11:39",573.8,2,zubatch
5832,16680297,"Ajay Singh","2026-08-08 04:33:24",573.7,2,ajaysinghg
5833,16756677,"Pyzh Vladislav","2026-08-24 10:19:44",573.5,2,pyzhvladislav
5834,16710521,"Natpaphon Nukhunthod","2026-08-17 03:37:15",573.4,2,natpaphonnukhunthod
5835,16645431,Amin,"2026-08-08 22:05:02",573.4,2,aminvafaei
5836,16697800,DR_Mkelvo,"2026-08-09 20:42:15",573.3,1,drmkelvo
5837,16659663,Chintakrinda_Naveen,"2026-09-13 07:26:01",573.3,2,naveen998
5838,16703129,"Pratik Vadher","2026-08-10 21:08:27",573.2,1,pratikvadher
5839,16664750,"shubham kumar","2026-09-13 16:24:23",573.2,2,shubzk17
5840,16827864,"Tùng Dương Bùi","2026-09-04 14:31:54",573.2,2,tdbui1209
5841,16806260,"Kotaro Furuno","2026-09-03 14:36:00",573.0,2,kotarofuruno
5842,16767800,awee,"2026-09-07 19:34:52",573.0,2,aweertw
5843,16817528,"沒有道歉 沒有道歉","2026-09-07 00:56:04",572.9,2,william950615
5844,16657401,korpo,"2026-08-25 20:18:13",572.8,2,krisko
5845,16674841,"Syna Bedi","2026-08-15 09:57:28",572.7,2,synabedi
5846,16688220,Aadi,"2026-08-24 23:10:37",572.1,2,aadicv
5847,16762206,"mohammad khanjani2026","2026-09-06 05:17:52",572.0,2,mohammadkhanjani2026
5848,16784599,"Lisa Hines","2026-09-03 15:09:08",571.8,2,lisamhines
5849,16671680,"Joe Hall","2026-08-10 19:02:30",571.7,2,halljr
5850,16846845,Shunsuke,"2026-09-07 15:25:38",571.5,2,shunsukeisono
5851,16658702,sherlockwatson007,"2026-08-29 08:48:53",571.4,2,sherlockwatson007
5852,16762010,"Ivan Piaternev","2026-09-14 17:59:47",571.2,2,iamvanya
5853,16632708,__Taichicchi__,"2026-09-13 21:45:42",570.9,2,hutch1221
5854,16736111,hexingwei33,"2026-09-01 02:08:11",570.7,2,hexingwei33
5855,16825999,"Atsushi Yoshikawa","2026-09-07 02:06:13",570.7,2,atsushiyoshikawa
5856,16795609,2023314806_이승민,"2026-09-04 10:21:31",570.6,2,sminleeee
5857,16775001,"Maarij Aqeel","2026-08-26 14:48:03",570.3,2,maarijaqeel
5858,16729157,HahaTaco,"2026-09-12 17:33:16",570.1,2,hahataco
5859,16760190,"Florian Tigoulet","2026-08-24 12:37:14",569.9,2,floriantigoulet
5860,16642994,"Danila Galkin","2026-08-13 19:22:17",569.9,2,danilagalkin
5861,16692680,"Marc-Luca ","2026-08-11 12:02:15",569.6,2,marcluca
5862,16666249,Kawa_pt,"2026-09-08 22:24:25",569.6,2,kawapt
5863,16667143,"Noct-Tech zombie","2026-08-06 13:46:51",569.5,2,jo3thaboss
5864,16718363,"Jarbas Camurça","2026-08-28 11:15:44",569.4,2,pjarbas
5865,16841858,"Aadit Agrawal","2026-09-08 07:23:56",569.3,2,aaditagrawal
5866,16749104,danielx119,"2026-08-20 16:36:00",569.3,2,danielx119
5867,16623745,chunluran,"2026-08-27 06:55:55",569.2,2,chunluran
5868,16756131,"Emre Atilgan","2026-08-24 20:20:06",569.1,2,emreatilgan
5869,16657105,"Mathijs Deelen","2026-08-05 01:16:34",569.1,2,mathijsdeelen
5870,16658031,BSam79,"2026-09-12 09:12:39",569.0,2,bsam79
5871,16709494,"Aditya Dushara","2026-09-10 22:24:55",568.9,2,adityadushara
5872,16623071,"Santiago Maniches","2026-09-06 06:32:55",568.9,2,santmani
5873,16660670,"Chirag Bhatnagar","2026-08-31 09:21:45",568.9,2,chiragbhatn
5874,16677231,"Ahmed Bootaan","2026-08-06 18:08:52",568.8,2,ahmedbootaan
5875,16659446,zhaozy233,"2026-08-15 16:51:36",568.7,2,zhaozy233
5876,16662103,"Saravana Thiagarajan K","2026-08-05 21:43:42",568.7,2,saravanatk1984
5877,16673712,"Alejandro Betato","2026-08-16 10:48:24",568.6,2,alejandrobetato
5878,16826099,"Aykut Çağlar","2026-09-13 23:15:46",568.5,2,aykutcaglar
5879,16707561,"Nick Rom111","2026-09-14 22:39:44",568.2,2,nickrom111
5880,16748462,"Jiwon Lee","2026-09-13 03:32:54",568.2,2,jibong7600
5881,16702481,"Scott G","2026-08-13 15:19:02",567.8,2,verifiedscott
5882,16621523,"Victor Orihuel","2026-08-18 05:40:18",567.7,2,victororihuel
5883,16731013,"Abimael Firstana","2026-09-11 06:55:02",567.4,2,abimaelfirstana
5884,16675457,"Ramana Prabhu Sana","2026-09-14 21:43:03",567.3,2,ramanaprabhusana
5885,16675074,ahiokk,"2026-08-07 07:58:44",567.2,2,ahiokk
5886,16863015,"Carlos Jaime","2026-09-14 05:18:14",567.2,2,cjaime708
5887,16777056,"Seb boulba","2026-08-27 21:03:26",567.2,2,sebboulba
5888,16644508,"Vandana Pathania","2026-08-22 21:59:37",567.1,2,vandanapathania
5889,16663232,"Marco Mangan","2026-09-06 21:20:24",567.0,2,masmangan
5890,16650930,"Govind Sharma","2026-08-24 09:25:23",567.0,2,govindsarswat
5891,16718366,RATriculture,"2026-08-28 19:15:28",566.8,2,tarasshchur
5892,16740709,"Abimael Firstana #2","2026-09-11 07:19:13",566.6,2,abimaelfirstana99
5893,16845593,matsudaatom,"2026-09-07 14:44:59",566.6,2,matsudaatom
5894,16841589,加藤正樹,"2026-09-06 01:59:11",566.4,2,masaki9920
5895,16655272,"Artur Sakhiullin","2026-08-09 14:27:52",566.3,2,artursakhiullin
5896,16657807,"Ragav Rida","2026-08-07 16:22:34",566.2,2,ragavrida
5897,16750614,"Shivansh Chaudhary","2026-09-05 06:17:27",566.1,2,shivanshchoo
5898,16741766,lrik00,"2026-08-29 10:40:44",565.9,2,lrik00
5899,16871854,"Tanvi Parsam","2026-09-13 16:07:41",565.9,2,tanviparsam
5900,16727009,B05801037,"2026-08-18 02:28:48",565.9,2,peteropop
5901,16673981,"Aarya Jadhav","2026-09-14 08:12:58",565.9,2,aaryajadhav0310
5902,16658151,"Nguyễn Phúc Gia Bảo","2026-08-06 15:15:07",565.7,2,kevincrazy678
5903,16663864,RamónLópez,"2026-09-14 23:43:25",565.6,2,lopeznomar
5904,16675461,mins0_0,"2026-08-30 07:50:53",565.4,2,mins00
5905,16668022,"Lady and tech","2026-08-19 04:08:50",565.4,2,ladyandtech
5906,16697704,"Leonid Matetskiy","2026-08-09 21:39:06",565.3,2,leonidmatetskiy
5907,16656871,"Pedro Henrique","2026-08-07 03:37:29",565.2,2,pedrohets
5908,16710512,FishWotou,"2026-08-19 04:45:40",565.1,2,fishwotou
5909,16723045,"Albert Einstein F Muritiba","2026-09-14 22:23:47",564.9,2,spideryzarc
5910,16780513,"Hugo JOBÉ","2026-08-27 20:51:09",564.7,2,hugojob
5911,16740646,"Darren Chung","2026-08-25 18:00:27",564.7,2,chungdarren
5912,16759246,wangfeifei_si,"2026-08-26 14:27:19",564.6,2,wangfeifeisi
5913,16752899,"Nicolò Alberti","2026-08-23 09:16:36",564.5,2,nicolalberti
5914,16621354,pengshy,"2026-08-06 04:54:01",564.4,2,dm15336142
5915,16756388,"Sam Scott","2026-08-22 22:04:06",564.4,2,shepard5
5916,16658775,"Vincent Pan","2026-08-29 12:55:20",564.4,2,"judithhong,vincentpan2005"
5917,16673191,juliye,"2026-08-10 03:49:13",564.3,2,juliye
5918,16705328,"Ester Arias","2026-09-14 19:35:52",564.3,2,esterarias
5919,16769793,"Shivam Batra","2026-08-26 14:21:49",564.2,2,shivam744
5920,16685618,"Krupa Vardhan","2026-08-28 09:24:21",564.2,2,krupavardhan
5921,16704864,ksj00610,"2026-08-12 08:47:16",564.1,2,ksj00610
5922,16656690,"Sushant Kumar (xWF)","2026-08-06 04:44:38",564.0,2,sushantkumarxwf
5923,16855052,pk954061458,"2026-09-14 10:37:54",564.0,2,pk954061458
5924,16674540,"Pratik Priyanshu","2026-08-07 18:28:12",564.0,2,pratikpriyanshu5
5925,16700484,白井孝太郎,"2026-08-15 01:08:02",563.8,2,kotaroshirai
5926,16712746,itsraininnnn,"2026-08-12 16:38:56",563.8,1,itsraininnnn
5927,16698292,"Dallas Manning","2026-08-17 14:29:53",563.8,2,dallasmanning
5928,16773320,kaka,"2026-09-11 12:48:23",563.7,2,kakawin
5929,16888050,"Ayoub Fliless","2026-09-14 17:56:12",563.7,2,ayoubfliless
5930,16774333,"Nazim Shoikot","2026-09-03 11:20:20",563.2,2,nazimshoikot71
5931,16671364,"Mike Riggs","2026-08-09 03:22:55",563.2,2,riggsasi
5932,16682076,"Igor Riegel","2026-09-02 14:49:12",563.0,2,igormriegel
5933,16708625,"Lê Văn Pháp","2026-08-29 03:15:56",562.9,2,"linhsarah,lvnphp"
5934,16660419,"Kai-Shih Chiu","2026-08-06 12:54:22",562.9,2,kaishihchiu
5935,16742172,"Felisitas Mellania","2026-09-11 06:39:04",562.8,2,felisitasmellania
5936,16749764,Aquaflame,"2026-09-11 16:41:58",562.7,2,aquaflame
5937,16627751,lzeee,"2026-08-10 14:06:38",562.7,2,shzgong
5938,16844334,lsnm,"2026-09-07 15:02:17",562.5,2,eliasnema
5939,16664119,FSzekut,"2026-08-07 00:03:04",562.4,2,fszekut
5940,16752665,"Dominik Toric","2026-09-14 17:20:14",562.2,2,dominiktoric
5941,16723037,"Red Cat","2026-09-10 19:23:50",562.0,2,severl
5942,16687448,"Israel Burns","2026-08-12 08:41:38",562.0,2,israelburns
5943,16863952,"Kuei-Hsien Chu","2026-09-10 06:14:39",561.9,2,formosa21
5944,16665462,ZSZ,"2026-08-12 13:55:00",561.9,2,zsuzsanna2
5945,16662293,"Alejandro Fonda","2026-09-15 00:58:58",561.9,2,alejandrofonda
5946,16775237,"Haruki Iwase","2026-09-12 14:38:17",561.6,2,harukiiwase
5947,16722028,"Aw Ming Xuan","2026-08-16 09:24:48",561.5,2,awmingxuan
5948,16845161,"Abate etienne","2026-09-08 00:28:04",561.1,2,abateetienne
5949,16715225,"Someswararao Tellakula","2026-08-17 01:15:37",560.9,2,someshtellakula
5950,16666328,"Dornus !","2026-08-05 21:53:19",560.7,2,dornus
5951,16662057,DeokJin,"2026-08-05 04:01:38",560.5,2,deokjin
5952,16773779,"Daichi Tanaka","2026-08-31 03:38:48",560.4,2,daichit64
5953,16670274,"dankwa wadie","2026-09-01 08:45:40",560.4,2,dankwawadie
5954,16622938,"Farmville Redux","2026-08-03 18:58:04",560.3,2,daveconnor
5955,16662313,"Maximus Sambucetti","2026-08-09 15:36:46",560.2,2,maximussambucetti
5956,16734901,Breaking1800,"2026-09-08 20:16:46",560.1,2,breaking1800
5957,16700885,"Malala Ramaha","2026-08-29 07:29:11",559.9,2,malalaramaha
5958,16658477,"chathura prasadh9817","2026-08-06 07:18:04",559.8,2,chathuraprasadh9817
5959,16638645,ChrisDavis,"2026-08-03 23:29:34",559.7,2,alpacas
5960,16635145,"Isaac Menard","2026-08-05 21:11:36",559.6,2,isaacmenard
5961,16738923,Quantum,"2026-08-29 01:40:45",559.4,2,jawadxhassan
5962,16679364,VicD,"2026-08-14 20:16:52",559.4,2,durandv
5963,16731729,"Sumit Bopche","2026-08-21 15:53:56",559.4,2,sumitbopche
5964,16773402,齐乐,"2026-08-28 05:52:43",559.3,2,qile200107
5965,16670596,prabalsingh_23,"2026-08-26 02:33:14",559.3,2,prabalsingh23
5966,16667346,Artwenty-six,"2026-09-14 06:37:42",559.0,2,rezakautsarinsani
5967,16679771,Coolgolf,"2026-09-02 13:56:54",558.9,2,coolgolf
5968,16844670,"Zheng haoling","2026-09-07 04:22:40",558.8,2,zhenghaoling
5969,16862188,KJ007123,"2026-09-10 07:02:20",558.8,2,kj007123
5970,16662751,ZeD,"2026-08-06 10:11:24",558.7,2,hussamcheema
5971,16660360,"Joey Gonzales","2026-08-05 00:00:47",558.7,2,joeygonzales
5972,16631772,yuki,"2026-08-03 17:39:58",558.4,2,yururoi
5973,16720143,"AMAN PANDEY","2026-08-16 13:57:00",558.3,2,amanapofficial
5974,16690152,"The Ceris","2026-08-16 11:49:31",558.1,2,amedeopachera
5975,16702359,"Ethan Pl","2026-08-11 19:43:21",558.1,2,ethanpl
5976,16743438,嘎嘎滴辣晒,"2026-08-24 09:30:32",558.0,2,yuhangzhang0621
5977,16658738,Aman,"2026-08-05 11:12:10",557.9,2,amank95amank95
5978,16888646,tinaztepec,"2026-09-14 19:09:00",557.8,2,tinaztepec
5979,16678602,"hassan manour","2026-08-07 12:52:23",557.7,1,hassanmanour
5980,16806084,"DSDgsdgs SDgsdfgs","2026-09-03 05:19:11",557.7,1,dsdgsdgssdgsdfgs
5981,16854398,"VALERIY MIKHALEV","2026-09-08 16:27:24",557.3,2,valeriymikhalev
5982,16658290,rrishavrraj,"2026-09-04 10:35:19",557.1,2,"rrishavrraj,shubhamkumar9812"
5983,16669699,nikesh23,"2026-08-08 01:52:56",557.1,2,nikesh23
5984,16784966,oouiaa,"2026-09-03 21:53:59",556.8,2,tomofumihata
5985,16714592,"Carey Casile","2026-08-14 18:34:16",556.7,2,ccasile
5986,16778145,TW_益民_li,"2026-09-03 12:28:49",556.6,2,liyimintw
5987,16637499,Yuchen20,"2026-09-02 19:10:43",556.6,2,yuchen2066
5988,16666055,Axit,"2026-08-06 10:16:15",556.3,2,axitslab
5989,16792329,"Kumkum Barot","2026-09-14 16:58:52",556.2,2,kumkumbarot02062003
5990,16730649,Mink,"2026-09-13 19:27:02",556.2,2,"mahendransaeyohnn,mysterious5577"
5991,16744898,"Tore Erdmann","2026-09-13 14:18:13",556.2,2,toreerdmann
5992,16756987,"Joseph Paggeot","2026-08-24 04:32:57",555.9,2,josephpaggeot
5993,16685349,Onelux,"2026-08-13 12:58:31",555.8,2,leehomhuang
5994,16736261,"Saptanshu Samal","2026-08-22 12:02:42",555.7,2,saptanshusamal
5995,16658820,"Jonathan Ashenaf1","2026-08-11 16:59:20",555.6,2,jonathanashenaf1
5996,16701454,"André-Marie BEHANZIN","2026-09-14 15:09:22",555.5,2,andremariebehanzin
5997,16660850,"Khoa Le","2026-08-05 13:23:55",555.5,2,bryanle2025
5998,16678644,"Kanik Aggarwal","2026-08-13 19:01:16",555.4,2,roronoazoro200
5999,16717817,"Nick Stoddart","2026-08-14 05:15:23",555.4,2,nickstoddart
6000,16762831,026,"2026-09-07 00:58:19",555.4,2,thahaarsh
6001,16664143,"Lucas Henrique Mateo","2026-08-21 19:10:52",555.3,2,lucashmateo
6002,16756858,"Rushi A.","2026-08-23 18:54:03",555.2,2,rushia
6003,16663677,"Aghazie David","2026-08-07 00:32:14",555.0,2,aghaziedavid
6004,16669118,"yunus yavuz","2026-08-05 21:51:21",555.0,2,yunusyvz
6005,16691271,"Ashler Herrick","2026-08-09 14:54:33",554.7,1,ashlerjohnherrick
6006,16656883,KK,"2026-08-05 10:27:15",554.7,2,kkonzyb
6007,16639244,"Romone Dunlop","2026-08-11 10:19:49",554.6,2,romonedunlop
6008,16669028,"Atishay Kasliwal","2026-08-11 17:54:59",554.5,2,atishaykasliwal
6009,16857823,"Hà Công Nga ","2026-09-10 02:49:42",554.5,2,hcngnga
6010,16659896,TedT,"2026-08-11 19:36:14",554.3,2,fdsaur
6011,16764330,"Koral Kulacoglu","2026-08-26 04:51:33",554.0,2,koralkulacoglu
6012,16692450,duckypants,"2026-08-23 20:36:59",553.9,2,duckypants
6013,16624941,"KO Ho Tin","2026-08-10 03:33:47",553.8,2,b14ckc4tmr
6014,16883234,Cpleasance,"2026-09-14 00:24:24",553.7,2,cpleasance
6015,16779813,zitihc,"2026-08-29 14:18:49",553.7,2,zitihc
6016,16738640,"Tjay Burger","2026-08-18 17:35:39",553.6,2,tjayburger
6017,16655899,"Dominic Tedrow","2026-08-17 20:37:28",553.5,2,dominictedrow
6018,16679671,Ash0666,"2026-08-09 19:28:52",553.4,2,ash0666
6019,16663437,inversion,"2026-08-04 20:44:41",553.3,1,inversion
6020,16786461,"Caleb Bredlow","2026-09-07 04:17:50",553.2,2,calebbredlow
6021,16740840,"Huchen Jiang","2026-09-02 09:18:47",553.2,2,huchenjiang
6022,16664370,"Joel Arias","2026-08-06 17:29:01",553.1,1,j4rias
6023,16796810,JosephErikRibeiro,"2026-09-02 20:21:08",553.1,2,josepherikribeiro
6024,16717716,"Диас Издибаев","2026-08-15 05:32:14",553.0,2,diasiz1
6025,16640077,larry54321zhao,"2026-09-09 08:48:32",552.9,2,larry54321zhao
6026,16718565,Frankyface,"2026-08-13 18:54:37",552.7,1,frankyface
6027,16701795,Proshian,"2026-08-11 00:01:04",552.3,2,proshian
6028,16690353,b13902103_yuhung94,"2026-09-14 04:16:00",552.2,2,yuhung94
6029,16660035,NoNamedeo,"2026-08-27 14:20:15",552.0,1,nonamedeo
6030,16696526,"Reda HEDDAD","2026-09-05 21:17:22",551.8,2,redaheddad
6031,16654970,"Maycon Coutinho","2026-08-27 21:28:32",551.7,2,coutinhomaycon
6032,16786603,"Shutong Hou","2026-09-05 09:24:56",551.7,2,praxel123
6033,16663093,"Akul Sareen","2026-08-21 23:49:50",551.6,2,akulsareen
6034,16659025,"Mohammed Naseef","2026-08-05 09:01:20",551.6,2,mohammednaseef
6035,16864314,marwar22,"2026-09-10 14:10:20",551.4,1,marwar22
6036,16718042,"Muddassir Shah","2026-09-02 21:49:44",551.4,2,wisemanseed
6037,16714894,"Mitsuaki Inoue","2026-09-12 11:29:10",551.4,2,mitsuakiinoue
6038,16743282,"Srivishnu Charan","2026-09-03 14:06:54",551.4,2,srivishnucharan
6039,16662201,"Saumitra Verma","2026-08-04 18:28:36",551.2,2,saumitraverma
6040,16675264,"Alon Bar Koter","2026-08-06 16:16:43",551.2,2,alonbarkoter
6041,16654085,"Bill Xu","2026-09-07 05:10:56",550.9,2,billll
6042,16705183,"Tong Jiakai","2026-08-14 08:23:26",550.8,2,tongjiakai
6043,16748774,"hakan ulucan","2026-08-25 19:19:11",550.8,2,hakanulucan
6044,16764600,"Tanmay Shingavi","2026-09-03 05:43:57",550.8,2,decodingafterlife
6045,16845760,Alyosha85,"2026-09-07 05:42:01",550.8,2,alyosha85
6046,16676259,Th_Gbay,"2026-08-19 20:42:35",550.8,2,thgbay
6047,16660119,"Dhruva Das","2026-08-05 17:05:52",550.7,2,dhruva77
6048,16660214,ytddsyt1214,"2026-08-09 12:32:06",550.6,2,ytddsyt1214
6049,16683918,Thuytien,"2026-08-07 17:20:33",550.5,2,thuytien200529
6050,16688134,"Marc Dakuginow","2026-08-13 01:40:44",550.5,2,marcdakuginow
6051,16633934,Alexy,"2026-08-25 04:40:02",550.4,2,alexycactus
6052,16666597,Ramkumar4240,"2026-08-10 12:19:20",550.2,2,ramkumar4240
6053,16673324,Amaranta,"2026-09-10 18:38:18",550.2,2,ulyanovantonamaranta
6054,16738456,"Pritul Raut","2026-08-21 08:45:04",550.2,2,pritulraut
6055,16747163,"Sarthak Patel","2026-08-21 06:36:26",549.9,2,sarthakpatel2028
6056,16666614,"Arjun Annamalai","2026-08-18 09:23:28",549.7,2,arjunannamalai
6057,16664841,vohi01,"2026-09-06 09:53:46",549.7,2,vohi01
6058,16677360,"Jatin Chawla","2026-08-08 13:45:06",549.3,2,jatin221
6059,16697346,"sayyid mogaka","2026-08-10 21:37:36",549.2,2,sayyidmogaka
6060,16669479,"Shifa Salsabiila","2026-08-09 02:56:11",549.0,1,shifasalsabiila
6061,16673266,Preet,"2026-08-14 05:57:17",548.9,2,hpkaur34
6062,16740894,BetOnMe,"2026-08-19 14:40:02",548.8,2,betonme
6063,16840480,jignesh13,"2026-09-14 10:16:55",548.6,2,jignesh13
6064,16669408,"Josaphat Adjele","2026-08-31 17:26:56",548.6,2,josaphatadjele
6065,16795624,"Shashwat Khare","2026-09-02 01:46:54",548.5,2,shshwtkhr
6066,16640845,"tang yangzhou","2026-08-04 21:36:09",548.4,1,tangyangzhou
6067,16853288,ypl0lpy,"2026-09-09 07:56:50",548.3,2,ypl0lpy
6068,16708230,"jose manuel Tinajero","2026-08-25 15:02:46",548.2,2,josemanueltinajero
6069,16886832,"Ayush Patel","2026-09-13 16:25:18",548.0,2,ayushpatel02
6070,16777150,Eduardo2c,"2026-09-06 14:23:04",547.8,2,eduardo2c
6071,16719172,"Victor Carriço","2026-08-24 03:35:14",547.8,2,kronossaurus
6072,16664142,"The Studio 1","2026-08-16 23:04:06",547.7,2,landonsheatsley
6073,16666988,"Sarthak Vedant Mohanty","2026-08-08 00:10:11",547.7,2,sarthakvedantmohanty
6074,16735475,SunjaeLee02,"2026-08-19 08:12:41",547.6,2,sunjaelee02
6075,16727961,"Ebenezer Olumeyan","2026-08-22 15:54:00",547.5,2,eolumeyan
6076,16677585,Pan,"2026-08-07 13:54:22",547.5,2,mehdiacho
6077,16657654,TemperaryT,"2026-09-10 12:34:25",547.4,2,temperaryt
6078,16781545,"Jake Lin","2026-09-04 01:41:22",547.4,2,jakelinai
6079,16740662,宣城市机械电子职业技术学院,"2026-09-14 03:23:04",547.4,2,chenzhengy
6080,16666066,Khush3e,"2026-08-12 04:50:39",547.3,2,khush3e
6081,16658718,"Duong Bao Duy","2026-09-03 16:10:38",547.2,2,duongbaoduy
6082,16730105,"Leonardo Palis","2026-08-17 03:35:05",547.1,2,leonardopalis
6083,16845696,Huskkky,"2026-09-07 03:47:13",546.9,2,huskkky
6084,16674076,rigsutra,"2026-09-12 16:57:45",546.8,2,rigsutra
6085,16669470,"ASDM HUB","2026-08-12 20:13:20",546.5,2,jesushechavarria
6086,16667025,"Anjitha Mekkayil Anand ","2026-08-28 05:59:46",546.3,2,anjithamekkayilanand
6087,16731887,"hoo aam","2026-08-21 05:37:16",546.3,2,hooaam
6088,16663777,"Mortis Beans","2026-08-24 05:27:44",546.1,2,mortisbeans
6089,16702820,"Plorek ","2026-08-28 11:28:11",546.1,2,plorek
6090,16753887,"Hong Tang","2026-08-24 21:41:20",545.9,1,hongtang15
6091,16846010,muelsyse111,"2026-09-07 07:52:55",545.9,1,muelsyse111
6092,16865424,lost,"2026-09-13 11:54:02",545.9,2,fluorescencexe
6093,16697730,JCN2365,"2026-08-13 18:06:35",545.7,2,jcn2365
6094,16684024,"Work From Home 3.0","2026-08-14 12:33:30",545.6,2,"direct1,gongyiqian,jovansee,maxtankialok,n00bcak"
6095,16856449,Sting,"2026-09-13 18:40:45",545.6,2,sarlnovax
6096,16774134,kokdonbaq,"2026-08-30 14:07:52",545.3,2,darkhan14
6097,16757407,"Dylan Bailes","2026-08-26 07:11:56",545.1,2,dylanbailes
6098,16848498,KeiroS,"2026-09-11 07:59:01",545.1,2,keiros
6099,16657400,indrapurnama,"2026-08-08 05:42:05",545.1,2,indr0008
6100,16660270,Ziel_Lux,"2026-09-13 11:18:14",545.1,2,nahbilafaith
6101,16634790,"Steven Lui","2026-08-03 12:22:08",545.0,2,stevenlui
6102,16885591,Orange,"2026-09-13 11:30:58",544.8,2,orangecoppers
6103,16670779,"Aditya Dube","2026-08-06 01:41:24",544.5,2,dubeaditya
6104,16686150,"Aek KunKub","2026-08-14 05:21:43",544.4,2,aekkunkub
6105,16655424,Fayche,"2026-08-10 16:50:28",544.3,2,fayche
6106,16630773,"An Hoang Vo","2026-09-05 14:49:25",544.1,2,anhoangvo
6107,16669397,"Abed Kibbe","2026-09-13 06:09:10",544.0,2,abedkibbe
6108,16743001,Nikhilasree,"2026-09-03 11:33:45",543.9,2,nikhilasree2003
6109,16692246,"Pamod Jayaneth","2026-09-08 05:13:09",543.9,2,pamodjayaneth
6110,16768178,Scarttish,"2026-08-26 22:44:26",543.8,2,scarttish
6111,16629002,Alpro,"2026-09-08 23:32:24",543.8,2,"dogaakal,egekemalkaraca"
6112,16659645,Drakus_Julia,"2026-08-09 02:15:20",543.7,2,drakus74
6113,16686655,"Emir Baki Demirci","2026-08-14 22:43:55",543.3,2,emirbakidemirci
6114,16632118,nk,"2026-09-11 09:55:01",543.3,2,nagatakengo
6115,16673034,"Milos Vlainic","2026-09-11 08:30:34",543.1,2,wlakinsson
6116,16696163,"Romain Durand","2026-08-17 19:00:46",543.1,2,romaindurand1607
6117,16870864,"Overfitting Is All You Need","2026-09-13 02:41:52",543.1,2,ryylll
6118,16672463,"Muzammil Baloch","2026-08-07 12:45:39",543.0,2,muzammilbaloch
6119,16798918,"Toan Nguyen Mau","2026-09-07 08:39:35",542.9,2,toannguyenmau
6120,16660173,"PAULO HENRIQUE DE LIMA","2026-08-06 02:42:20",542.9,1,paulohenriquedelima
6121,16664605,"Nathaniel Shou","2026-08-05 17:51:47",542.7,2,nathanielshou
6122,16893361,lemonjuice2312,"2026-09-15 01:14:03",542.4,1,lemonjuice2312
6123,16661099,TheSven,"2026-08-06 17:05:25",542.4,2,thesven
6124,16717742,"Ghawwjsb Vsjsjsbs","2026-08-13 22:32:49",542.2,2,ghawwjsbvsjsjsbs
6125,16686149,"Luc Mantoux","2026-08-09 20:25:33",542.0,2,lucmantoux
6126,16753353,"Aayush Kumar","2026-08-29 16:26:46",541.8,2,devaayushkumar
6127,16722252,pwdh2026,"2026-08-14 22:16:22",541.7,2,pwdh2026
6128,16740248,KK_nut,"2026-08-25 03:26:52",541.7,2,k0k0nut
6129,16872190,"Zephyr Pong","2026-09-11 11:07:15",541.6,2,zephyrpong
6130,16726854,"Tâm La Thành","2026-08-27 08:55:02",541.4,2,tmlathnh
6131,16661858,"Lukas Lee e","2026-08-18 00:58:12",541.4,2,lukasleee
6132,16861492,Adi_271,"2026-09-10 09:47:25",541.4,2,adi271
6133,16655630,askBillyWhatMamaDid,"2026-08-28 02:06:18",540.9,2,askbillywhatmamadid
6134,16659507,"Lokesh Lalan","2026-08-26 08:51:50",540.8,2,lokeshlalan
6135,16680108,dentalsoup,"2026-08-07 09:03:47",540.8,2,afinemonkey
6136,16661432,"Ange Adantchede","2026-09-14 09:00:26",540.6,2,angeadantchede
6137,16685582,Wasaanyi,"2026-08-18 09:21:30",540.4,2,"cnakakeeto,wasaanyi"
6138,16658074,"Qui Ngx","2026-08-05 05:57:15",540.3,2,quingx
6139,16798512,"Yuichiro Kinoshita","2026-09-15 00:12:39",540.1,2,yuichirokinoshita
6140,16768939,"Pratham Sonawane","2026-08-30 17:37:23",539.9,2,prathamsonawane1
6141,16660364,dadandsats,"2026-08-14 11:41:04",539.7,2,continuingdev
6142,16676320,"Khôi Trần","2026-08-29 14:14:57",539.6,2,khoitrn
6143,16632253,nasuuuuun,"2026-08-04 13:30:11",539.6,2,hikarumatsuzaki
6144,16687604,Harrislrobinson,"2026-08-11 00:25:10",539.5,2,harrislrobinson
6145,16709885,"Manuel Pérez","2026-08-14 01:54:02",539.5,2,manuelperezzz
6146,16671648,"[Deleted] 05e6ae2c-c72f-4044-b02f-dc74277e34ab","2026-08-09 07:21:22",539.4,2,del=871ca06d8c734ede
6147,16654890,"Josh Hipps","2026-08-06 14:16:49",539.2,2,joshuahipps
6148,16693738,"Sonu Jha","2026-08-14 20:32:37",539.2,2,sonujha090
6149,16668509,HarryZ,"2026-09-13 04:29:04",539.1,2,mzhumzhu
6150,16765380,jslee_homeofson,"2026-08-25 13:10:22",538.8,2,jsleehomeofson
6151,16713033,Contact-Nade,"2026-09-10 07:44:18",538.8,2,"masanammedha,rayofc"
6152,16809898,wodDAOdun,"2026-09-14 07:14:35",538.7,2,kylaucode
6153,16814952,"Ngọc Huyền","2026-09-14 10:26:41",538.5,2,ngchuynss
6154,16635744,XDang13,"2026-09-01 00:50:40",538.4,2,xdang13
6155,16828705,"liama liama","2026-09-04 16:37:52",538.4,2,liamaliama
6156,16726687,"Rohin Kethipally","2026-09-14 22:41:28",538.4,2,rohinkethipally
6157,16887280,"ronger zhu","2026-09-15 00:55:12",538.2,2,rongerzhu
6158,16658327,pocari1,"2026-08-19 07:17:28",538.2,2,pocari1
6159,16662715,"Great Okwuma","2026-08-17 00:10:46",537.8,2,greatokwuma2
6160,16745655,巴啦啦能量,"2026-09-08 01:30:14",537.8,2,wsh10086
6161,16700661,"Aakash Kavuru","2026-08-12 05:13:05",537.8,2,aakashkavuru
6162,16659813,"Uday Kumar R","2026-08-13 09:47:39",537.7,2,udaykumarramineni
6163,16887274,Shakeel,"2026-09-14 09:55:20",537.6,2,shakeel787
6164,16705480,Mint120,"2026-08-19 05:49:10",537.4,2,mint120
6165,16808750,ssssying,"2026-09-11 14:41:53",537.1,2,ssssying
6166,16723737,HaruhiroKazami,"2026-08-21 16:12:04",537.1,2,haruhirokazami
6167,16887642,"Dimitrios Giannoulis","2026-09-14 12:38:24",537.0,2,plagiagia
6168,16623316,"Ondrew Zudin","2026-08-06 23:08:41",536.9,2,ondrewzudin
6169,16718133,KaranjeetSingh1110,"2026-09-11 13:29:31",536.7,2,karanjeetsingh1110
6170,16706985,Valmrnch,"2026-08-24 07:57:56",536.6,2,valmrnch
6171,16761751,KrishnaKumar_AIML,"2026-09-02 14:38:24",536.3,2,krishnakumarcsr
6172,16892257,ShadowMist01,"2026-09-14 18:05:42",536.2,2,shadowmist01
6173,16778947,mart3104,"2026-09-05 15:31:43",536.0,2,mart3104
6174,16661550,SeriouS_K,"2026-09-05 08:25:29",536.0,1,serious101
6175,16735702,opflare,"2026-09-04 23:47:49",535.9,2,opflare1144user
6176,16651167,ArmanVardanyan07,"2026-08-03 22:43:13",535.8,2,armanvardanyan07
6177,16654596,"khusham sheth","2026-08-13 05:28:55",535.8,2,khushamsheth
6178,16661934,"Viacheslav Kasatkin","2026-08-10 10:48:25",535.7,2,viacheslavkasatkin
6179,16750751,AarizKh,"2026-09-09 16:28:15",535.6,2,aarizkh
6180,16736579,rk777848,"2026-08-25 03:00:28",535.6,2,rk777848
6181,16763351,shutong114,"2026-08-24 15:17:06",535.6,2,shutong114
6182,16661832,"Roberto Garcia","2026-08-08 15:09:39",535.5,2,robertogarciada
6183,16630335,"Solve Langseth","2026-08-05 06:48:57",535.3,2,solvelangseth
6184,16664266,"Ian Chung","2026-08-07 23:32:55",535.1,2,iannnnn012345
6185,16712921,"Come Back","2026-08-20 00:45:45",535.0,2,amirhosseinltf
6186,16661596,t@got@go,"2026-08-10 06:24:24",534.9,2,kamdaanahessod
6187,16711812,"zhan renyi","2026-08-31 05:24:39",534.9,2,zhanrenyi
6188,16659181,Hongjie04,"2026-08-05 04:07:04",534.7,2,hongjie04
6189,16890221,"Kalebu Makombe","2026-09-14 10:07:31",534.5,2,kalebuomakombe
6190,16774317,A_yuki,"2026-08-28 23:42:10",534.5,2,yukiys
6191,16715711,"Shawon Biswas","2026-08-19 10:42:24",534.1,2,shawonbiswas11
6192,16674308,"Ayush Roy","2026-08-06 20:28:57",534.0,2,ayushroy39
6193,16714363,guohaowen,"2026-08-13 14:25:48",534.0,2,guohaowen1910
6194,16749038,Seuz,"2026-08-29 18:40:14",533.8,2,kohdawei
6195,16720760,ysteh05,"2026-08-15 05:14:53",533.7,2,ysteh05
6196,16685800,"Sumit Ridhal","2026-09-05 11:44:15",533.6,2,sumitridhal
6197,16693797,"Riyaz Ur Rehman","2026-08-17 02:21:15",533.3,2,riyazurrehman
6198,16875818,Mateollqw,"2026-09-12 22:08:38",533.3,2,mateollqw
6199,16655075,"Félix Rodríguez Roble","2026-08-04 09:16:25",533.3,2,flixrodrguezroble
6200,16692644,"Achille Gohin","2026-08-10 00:26:26",533.3,2,achillegohin
6201,16725938,"Ben Cheng","2026-09-05 16:03:36",533.2,2,benczb
6202,16623302,"Raffi Ardhi Naufal","2026-07-31 18:31:57",533.1,1,raffiardhi
6203,16752153,zhao569,"2026-09-14 08:30:39",532.8,2,zhao569
6204,16700207,"S. Mujtaba Hussain","2026-09-11 06:38:05",532.7,2,smujtabahussain
6205,16796509,"Taha Alselwi","2026-09-10 22:26:26",532.5,2,tahaalselwii
6206,16672473,goldfish,"2026-08-13 03:34:21",532.5,2,dolgfish
6207,16688646,lakranitesh,"2026-08-08 12:49:18",532.2,2,lakranitesh
6208,16658116,Emmy,"2026-09-08 10:22:21",531.9,2,emmyone
6209,16628487,"Koichi HIRAOKA","2026-08-01 08:42:40",531.6,2,koichihiraoka
6210,16654485,"Mahbub Alam","2026-08-04 02:08:23",531.5,2,mahbubalam214
6211,16676663,"This cat is called Fumi","2026-08-11 18:21:43",531.5,2,qwer556617123
6212,16802663,ipefix,"2026-09-01 17:34:35",531.3,2,nmsis91
6213,16692637,"Blox Amaze","2026-08-09 09:47:42",531.1,2,bloxamaze
6214,16707159,"Toua Innocent TIA","2026-08-17 16:28:36",531.1,2,centino
6215,16705149,"Allen Chun","2026-08-15 04:59:05",530.8,2,allenchun
6216,16672333,"Giovanny Rodríguez","2026-08-20 12:23:08",530.8,2,giovannyrodrguez
6217,16652952,lackmind,"2026-09-04 18:46:11",530.8,2,lackmind
6218,16656317,"Manu Rahi","2026-08-06 16:43:55",530.7,2,manurathi
6219,16833063,"Fidel Escalona","2026-09-14 23:56:24",530.6,2,fbescalo
6220,16759112,songxin,"2026-09-04 05:01:15",530.5,2,likewaterandwind
6221,16715897,shettynaisha,"2026-09-06 17:28:58",530.4,2,shettynaisha
6222,16659444,"ANKIT AGARWAL","2026-09-14 04:47:23",530.4,2,ankwall223
6223,16658973,"not today","2026-08-05 05:57:14",530.3,2,cemhan44
6224,16691807,lbs-vadar,"2026-08-26 18:29:57",530.3,2,lbsvadar
6225,16823519,GarciasN,"2026-09-07 18:43:18",530.3,2,garciasn
6226,16685570,"Micah Fernando","2026-08-07 19:46:31",530.0,2,micahfernando
6227,16645446,gogo98415,"2026-08-29 06:04:15",529.8,2,gogo98415
6228,16665046,"Srish Jana","2026-08-06 18:12:59",529.8,2,srishjana
6229,16761589,"Eren -","2026-08-27 08:48:44",529.7,2,erenozyurek
6230,16657681,"Prince Raj","2026-08-11 22:49:02",529.6,2,princerajmdb
6231,16623112,Tians12,"2026-08-09 19:10:24",529.6,2,tiansang12
6232,16657601,Simon,"2026-08-05 15:59:44",529.4,2,benten10
6233,16693207,"Vamshi Guntupalli","2026-08-11 22:40:36",529.3,2,vamshiguntupalli
6234,16728137,mchicen,"2026-08-20 16:48:10",529.0,2,"iyaiji,mchicen"
6235,16784417,"Dallas Odem","2026-08-29 13:14:30",529.0,2,dallasodem
6236,16724842,"Mikaela Gkolemi","2026-08-21 19:04:38",528.9,2,mikaelagkolemi
6237,16755781,NaveenManwani,"2026-08-28 05:37:31",528.8,2,naveenmanwani
6238,16683309,"Zealous Sebastian","2026-08-09 12:45:32",528.8,2,zealoussebastian
6239,16623006,"Aaradhy Singhvi","2026-09-08 12:48:10",528.6,2,aaradhysinghvi
6240,16767754,"Dr. T","2026-09-13 08:01:21",528.6,2,davinor
6241,16682707,"AJAY KUMAR","2026-08-07 19:13:08",528.5,2,worldsslayer
6242,16701761,BalaVignesh,"2026-08-11 17:04:37",528.4,2,balavignesh
6243,16661397,"T. Scharf","2026-08-05 02:54:36",528.4,2,scharf
6244,16715126,준환,"2026-09-10 11:28:25",528.4,2,paulguilbert
6245,16664652,QuasarHeart,"2026-09-04 14:00:05",528.2,2,quasarheart
6246,16771171,Manfucci,"2026-09-12 14:08:47",528.0,2,manfucci
6247,16664706,olivbhxf,"2026-08-06 07:10:34",527.9,2,olivbhxf
6248,16730326,atsushi11o7,"2026-09-14 13:29:52",527.9,2,atsushi11o7
6249,16672078,vietlinhh02,"2026-08-08 07:46:53",527.9,2,vietlinhh02
6250,16845148,"nasa Furiy","2026-09-07 08:24:40",527.8,2,nasafuriy
6251,16648589,"Yilan Zhu","2026-08-05 11:23:23",527.8,2,yilanzhu
6252,16631480,"Kumar Abhijeet","2026-07-31 13:29:40",527.7,1,krabhijeet
6253,16641009,"Marius Kirschner","2026-08-03 08:41:47",527.6,2,mariuskirschner
6254,16892496,"Alif Mahmud 1993","2026-09-14 23:44:36",527.5,2,alifmahmud1993
6255,16730749,"Đông Hà","2026-09-03 03:04:06",527.5,2,phapsucongu
6256,16818405,MickyDot,"2026-09-08 08:16:06",526.9,2,mickydot
6257,16668461,SobanAli,"2026-08-19 15:49:03",526.7,2,soban256
6258,16670719,SimoImane,"2026-08-05 23:36:09",526.7,2,simoimane
6259,16774958,"Charles Wuytack","2026-08-27 14:58:07",526.7,2,charleswuytack
6260,16687330,"Mehmet Ensar Çetin","2026-09-06 06:20:19",526.1,2,mehmetensaretin
6261,16742059,dafei2025,"2026-09-03 09:19:34",526.0,2,dafei2025
6262,16656913,"Inna Davidov","2026-08-20 04:43:47",525.8,2,innadav
6263,16843633,"Arbnor Grubi","2026-09-13 02:32:30",525.7,2,protocool
6264,16666709,JSQL,"2026-09-02 18:52:37",525.7,2,jeffreyschott
6265,16720714,"Lithole Munangiwa","2026-08-19 11:23:49",525.5,2,litholemunangiwa
6266,16870486,"Sincere Bailey","2026-09-14 12:26:18",525.5,2,sincerebailey
6267,16665257,"Ken Li","2026-08-09 12:59:32",525.4,2,kenliwt
6268,16725847,"Shel Horta","2026-08-18 04:29:55",525.2,2,shelhorta
6269,16662875,Jimmy,"2026-09-12 20:41:39",525.2,2,jiyo4476
6270,16656410,Sam,"2026-08-14 01:58:04",525.1,2,beartrader
6271,16699756,"zhang xin","2026-09-13 16:58:12",524.8,2,zhangxin300
6272,16685722,"Jiahan Cao","2026-08-12 09:01:22",524.8,2,jiahancao
6273,16666371,jiten_topiwala,"2026-08-08 16:51:13",524.7,2,jitentopiwala
6274,16701779,"Chaoqi Luo","2026-08-15 16:42:19",524.6,2,chaoqiluo7
6275,16810343,"Aleksandr Borodin","2026-09-02 20:29:06",524.6,2,aleksandrbor
6276,16668562,"Anthony LOISEAU","2026-08-06 16:07:52",524.5,2,anthonyloiseau
6277,16717601,"Mariem Fersi","2026-08-24 23:22:14",524.5,2,"mariemfersi,yassinebrahem2"
6278,16663618,Anthaus,"2026-08-09 17:06:35",524.5,2,anthaus
6279,16868761,TboneBrown,"2026-09-11 17:14:42",524.5,2,tbonebrown
6280,16745065,MrEvidentYew,"2026-08-24 18:36:02",524.4,2,mrevidentyew
6281,16846143,germanyum,"2026-09-13 14:32:05",524.4,2,germanyum
6282,16794797,zzzyan10,"2026-09-14 02:26:01",524.4,2,zzzyan10
6283,16661507,Siddharth1984,"2026-08-06 13:39:22",524.3,2,siddharth1984
6284,16657981,"Arijit Kar","2026-08-18 11:05:52",524.2,2,demonicak
6285,16635481,Jamaisvu,"2026-08-20 15:39:29",523.8,2,jamaisvu
6286,16691007,"Nhật Khoa Phạm","2026-08-14 16:15:43",523.6,2,pnk123456
6287,16658344,SOONHANKWON,"2026-08-28 02:00:59",523.6,2,soonabletv
6288,16786140,valgrinderror,"2026-09-10 06:58:28",523.6,2,valgrinderror
6289,16698103,JJ,"2026-09-02 09:46:15",523.6,2,jianjinchen
6290,16686109,"Triple Tensor","2026-08-17 08:24:26",523.5,2,"adinathjagtap777,pds178,prajwalzolage05"
6291,16705415,"Mauro Najera","2026-08-11 05:30:13",523.5,2,mauronajera
6292,16630903,"Hrushikesh Pawar","2026-08-09 14:44:37",523.4,2,hrushikeshpawar
6293,16635406,ykuroka,"2026-09-12 19:59:56",523.3,2,ykuroka
6294,16793465,"Farming Sols","2026-09-03 23:40:36",523.3,2,rishitreddypalle
6295,16856778,"Johnathan King","2026-09-14 19:16:28",523.3,2,johnathanking1278
6296,16688366,yokoikazumasa,"2026-08-08 19:25:58",523.3,1,yokoikazumasa
6297,16667872,"Pralay Ghosh","2026-09-06 10:12:25",523.2,2,pralayghosh83
6298,16687538,aefinityaiinc,"2026-08-27 20:59:35",523.1,2,aefinityaiinc
6299,16757211,dacho,"2026-09-14 07:59:50",523.1,2,slothcafe
6300,16692168,"Kinshuk Aggarwal","2026-08-09 04:23:32",523.0,1,kinshukaggarwal
6301,16696020,"Hugo Voisin","2026-08-11 16:08:06",522.9,2,hugovoisin
6302,16637649,cameronezrajones579,"2026-08-15 15:49:12",522.8,2,cameronezrajones579
6303,16665080,"RAVI KUMAR696996","2026-08-05 06:14:29",522.7,2,ravikumar696996
6304,16733961,"Julia Fredo","2026-09-14 23:35:24",522.7,2,juliafredo
6305,16783677,"Đặng Anh Thịnh","2026-08-28 08:31:12",522.6,1,nganhthnh
6306,16811414,Y-Kitaro,"2026-09-12 14:00:39",522.5,2,yhataktaro
6307,16631919,"Ghinwa Allaoui","2026-08-04 16:27:17",522.5,1,ghinwaallaoui
6308,16718338,"Oladimeji Adeyemi","2026-08-17 15:33:50",522.0,2,adeyemioladimeji
6309,16630163,"SEREENA JERRY","2026-08-06 08:59:17",522.0,2,serenajerry
6310,16838914,kikikukikii,"2026-09-11 08:49:04",521.9,2,kikikukikii
6311,16723125,"Shubham Dhapola","2026-08-16 13:35:23",521.5,2,shubhamdhapola24
6312,16688383,plong2101,"2026-08-18 06:21:34",521.4,2,plong2101
6313,16633577,Boxy,"2026-08-15 18:55:40",521.1,2,boxyml
6314,16664140,Sxwat,"2026-08-23 01:13:13",520.9,2,aybatov
6315,16705363,"Matt Hall","2026-08-16 01:44:32",520.8,2,matthall0
6316,16810019,M&S,"2026-09-02 17:19:11",520.7,2,"martinhma,yishusheng"
6317,16682984,"Rishikesh Bharat Koli","2026-08-08 04:18:06",520.7,2,rishikeshbharatkoli
6318,16680562,devsloppy,"2026-08-10 20:02:19",520.6,2,twu1738
6319,16867745,"Carlos Uño Magne","2026-09-13 15:09:49",520.6,2,carlosuomagne
6320,16662722,"Ajeet Jain","2026-08-07 06:32:10",520.5,2,jainajeet29
6321,16664502,"Alejandro Morales","2026-08-10 01:05:59",520.5,2,langley96
6322,16691310,"Ganesh ","2026-09-14 22:50:16",520.4,2,hotshot1798
6323,16729914,Christina,"2026-09-14 11:16:46",520.4,2,geekycb
6324,16668678,"Madhur Sabherwal","2026-08-14 02:47:14",520.4,2,madhur321
6325,16709487,Kohei,"2026-08-19 20:54:42",520.3,2,kshintani
6326,16779152,"taijiu int","2026-09-04 22:22:20",520.2,2,taijiuint
6327,16668612,"raffael prem","2026-08-06 08:02:13",520.0,2,raffaelprem
6328,16658160,yunquer,"2026-08-17 07:18:53",519.9,2,yunquer
6329,16661927,JHCodeQuest,"2026-08-25 11:36:46",519.9,2,josephkhassan
6330,16660089,ChristosGrigoras,"2026-08-07 22:41:49",519.5,2,cgrigoras
6331,16685028,"serene ng","2026-08-13 14:53:37",519.5,2,sereneng
6332,16631981,"Karen Letir","2026-08-10 09:21:51",519.4,2,karenletir
6333,16833476,"Richard Pagan","2026-09-05 03:01:54",519.4,1,richardpagan
6334,16656689,"Vansh Gupta","2026-08-11 08:56:56",519.3,2,vanshrl9ine
6335,16728743,Miki_Nuummiu,"2026-09-14 15:26:52",519.3,2,mikinuummiu
6336,16733948,novodude,"2026-09-06 18:41:26",519.0,2,novomont
6337,16701250,T00bii,"2026-08-11 16:11:06",518.9,1,t00bii
6338,16662741,"Abhiraj Govind","2026-08-04 18:01:16",518.9,1,abhirajgovind
6339,16749371,"Renisa Assyifa Putri","2026-08-21 05:24:07",518.8,1,renisaassyifaputri
6340,16724395,"Hampton Yeh","2026-08-22 04:07:32",518.7,2,hamptonyeh
6341,16698164,"Ruizhang Zhi","2026-09-14 23:05:38",518.6,2,ruizhangzhi
6342,16862225,"Dmitriy Ershov","2026-09-09 19:38:26",518.3,2,bejeweled
6343,16658627,"Osman Can ÇETLENBİK","2026-08-05 15:25:30",518.3,2,osmancancet
6344,16720049,"aditya emmadishetty","2026-08-14 13:20:54",518.3,2,adityaemmadishetty
6345,16755101,"Thomas van der Meer","2026-08-26 11:19:19",518.2,2,tvdermeer
6346,16724847,"guangchen lu","2026-09-10 03:34:37",518.2,2,guangchenlu
6347,16657674,Warriors,"2026-08-29 14:12:29",518.0,2,"karthikreddykarri,kovvurisaimohanreddy,vikramadityaabhiram"
6348,16665281,"[Deleted] 899172b8-e148-4564-ba8c-c46356105ab8","2026-08-05 09:55:11",518.0,2,del=cd7e9a4014b872ef
6349,16843316,"Felipe Chiarini","2026-09-12 12:03:15",517.7,2,felipechiarini
6350,16823067,Francisco,"2026-09-10 18:00:57",517.6,2,cheneblanc
6351,16655072,Sonuaswar1,"2026-08-04 07:33:47",517.6,2,sonuaswar1
6352,16663188,"Ethan Feng","2026-08-05 22:09:38",517.5,2,xenon111231
6353,16662060,"Richard Valino","2026-08-06 16:03:36",517.5,2,richardvalino
6354,16743494,"ROHAN Exploit","2026-09-08 11:13:08",517.3,2,rohanexploit
6355,16867680,Asuka,"2026-09-11 05:45:46",517.3,2,asuka0langley0soryu
6356,16831074,BiNar,"2026-09-14 13:54:34",516.9,2,durbinar
6357,16668154,JuanEspana,"2026-08-09 11:38:32",516.8,2,juanespana
6358,16670218,"What is Coding?","2026-08-07 01:47:17",516.8,2,matthewshvarts
6359,16659261,PromptEngineer48,"2026-08-04 16:44:46",516.8,2,promptengineer48
6360,16770440,"Tegar Putrayas Dentatama","2026-08-29 06:33:59",516.6,2,tegarputrayasd
6361,16678083,"Abdeljalil Idalahaj","2026-09-05 04:28:08",516.6,2,abdeljalilidalahaj
6362,16699707,"Afana Khalit putra","2026-08-11 08:57:25",516.5,2,afanakhalitputra
6363,16661682,"Rishi Gupta","2026-08-05 07:46:38",516.5,2,rishigupta07
6364,16709880,"Javier Pérez Robles","2026-08-15 02:21:07",516.3,2,javierprezrobles
6365,16632100,"Mohit Shirke","2026-08-07 17:55:11",516.2,2,orcivion
6366,16793889,zhzz,"2026-09-01 11:28:52",515.7,2,ucsdzhengzeng
6367,16769648,"Alok Kumar","2026-08-28 18:04:50",515.7,2,shadowserpent
6368,16676613,LCZ1996,"2026-08-29 02:02:59",515.6,2,lcz1996
6369,16672657,"Lochan Naik","2026-08-07 08:41:44",515.4,2,lochannaik
6370,16687293,"Aurelie Jodelle Kemme","2026-08-20 00:25:43",515.3,2,"audreydemafo,aureliejodellekemme"
6371,16789996,"Chen Jiaqi","2026-09-02 15:48:25",515.2,2,elaemchen
6372,16662643,Mohit_Singh,"2026-09-12 18:36:14",515.2,2,mohitsingh955
6373,16664116,"Bogdan Sburlea","2026-09-09 22:48:41",514.9,2,bogdan1405
6374,16793535,Pink,"2026-08-31 15:41:51",514.9,2,farjanaafrinswarna
6375,16674714,"Kaaleedass Manoharan","2026-08-31 19:07:47",514.9,2,kaaleedassmanoharan
6376,16691466,"Jeeta Nandi ","2026-09-04 09:23:34",514.8,2,jeetanandi
6377,16765488,chenyinheng30,"2026-09-06 14:26:22",514.8,2,chenyinheng30
6378,16632368,"Yuelin Bai","2026-08-03 08:15:12",514.6,2,paralym
6379,16633069,"Nur Srijan","2026-08-06 12:55:34",514.6,2,nursrijan
6380,16761657,Picu,"2026-08-23 10:42:49",514.5,2,rumoschilling
6381,16679958,Bum_Fy_Mz,"2026-08-13 20:31:44",514.5,2,bumfymz
6382,16693045,"Huseyin Battal","2026-08-09 05:41:25",514.5,2,huseyinbattal
6383,16641948,JustForFun,"2026-08-18 08:00:36",514.4,2,thangphung215
6384,16719742,"Varun Dave","2026-08-31 22:56:07",514.3,2,"pranavtrivedi02,varundave95"
6385,16660081,fakyyy,"2026-08-09 11:19:15",514.2,2,manideepreddyakula
6386,16644577,"Arthur Merritt","2026-08-04 07:11:11",514.0,2,jarthuph
6387,16829729,NoobMaster69,"2026-09-06 09:12:58",513.9,2,thelegend007
6388,16705661,"Toshiki Touda","2026-08-13 06:51:05",513.8,2,toshikitouda
6389,16809677,"Phong Khổng Hoàng","2026-09-12 12:30:45",513.8,2,phongkhonghong
6390,16659183,"Leonard Yaw Mensah","2026-08-05 02:22:25",513.8,2,leonardyawmensah
6391,16665424,taaaaanq,"2026-08-17 14:23:35",513.8,1,"chuayaplong,flashtigro,huayu05,taaaaanq"
6392,16760352,"Romain Bomba","2026-08-24 01:27:23",513.6,2,romainbomba
6393,16641622,datajanko,"2026-08-22 07:40:54",513.5,2,jankoch
6394,16675477,"Joanne Yun","2026-08-07 13:40:53",513.4,2,joannejyun
6395,16778579,"Jiajia Zhang","2026-08-29 18:19:12",513.2,2,jiajiazhang01
6396,16735251,AlviH47,"2026-08-19 14:25:48",513.2,2,alvih47
6397,16846968,kfous,"2026-09-13 20:02:28",513.2,2,kfousekis
6398,16665511,phoenix_merk,"2026-08-05 09:46:25",513.2,2,phoenixmerk
6399,16661930,zzangsunghyeon,"2026-08-08 16:22:21",513.1,2,zzangsunghyeon
6400,16680799,zixma13,"2026-08-25 13:12:44",513.0,2,zixma13
6401,16862497,DefiAudit,"2026-09-15 01:02:23",513.0,2,defiaudit
6402,16660462,"Vishwanath N Iyer","2026-08-07 07:22:17",513.0,2,vishwanathniyer
6403,16673214,Boiga7,"2026-08-06 14:03:53",512.9,2,lewiselliot
6404,16722109,Navneet,"2026-08-14 14:02:35",512.7,2,zxcdfg
6405,16668324,"Alden Jenish S","2026-08-06 14:02:09",512.5,2,aldenjenishs
6406,16661443,"STEPHEN ASANTE OPOKU","2026-08-04 16:45:41",512.1,1,stephenasanteopoku
6407,16805275,"Women or something","2026-09-12 04:22:27",511.9,2,"appalachianmounta1n,reneeschmidt"
6408,16654174,"Dharmeswar Basumatary","2026-09-09 11:09:15",511.9,2,dharmeswarbasumatary
6409,16664608,sid,"2026-08-07 18:18:04",511.9,2,sidshastri04
6410,16722561,Asia214,"2026-08-30 02:26:16",511.6,2,asia214
6411,16726211,RepeatAfterMe,"2026-08-17 08:21:41",511.4,2,bekirsciftler
6412,16668589,"Gleb Naumkin","2026-08-05 22:46:26",511.4,1,glebnaumkin
6413,16890976,zyh222,"2026-09-15 00:04:04",511.2,2,zyh222
6414,16826447,"Absara viswanathan","2026-09-07 06:16:20",511.2,2,viswanathanabsara
6415,16662938,CarlitrosParra,"2026-08-05 21:34:52",511.2,2,carlitrosparra
6416,16693233,"Noah Wheeler","2026-09-14 02:33:21",511.0,1,nwheeler806
6417,16726445,"James Patounas","2026-08-19 08:37:06",510.9,2,jamespatounas
6418,16663368,"Laurence Dale","2026-08-12 18:00:07",510.8,2,laurencedale
6419,16667101,SundharSteyn,"2026-08-27 02:41:04",510.5,2,sundharsteyn
6420,16775131,"Re Son","2026-08-27 14:29:31",510.5,2,lemelson
6421,16737532,lsystudyhard,"2026-08-22 12:16:47",510.5,2,lsystudyhard
6422,16665865,"Agrippa Beaulieu","2026-08-08 19:09:28",510.4,2,agrippabeaulieu
6423,16756561,"Eren Tekin","2026-09-14 23:41:50",510.4,2,erennntkn
6424,16689908,Hyun777,"2026-08-14 01:11:17",510.4,2,hyun777
6425,16718295,doinggyu,"2026-08-18 12:56:58",510.3,2,doinggyu
6426,16722341,"Pham Huu Bao Chung","2026-08-23 21:44:46",510.2,1,phamhuubaochung
6427,16783713,Gale,"2026-09-05 02:29:43",510.0,2,na1vel
6428,16769170,"Hardik Savaliya211","2026-08-25 11:07:10",510.0,2,hardiksavaliya211
6429,16851553,Sentinel,"2026-09-12 19:35:06",509.9,2,atlasar
6430,16658115,SantaClaws,"2026-08-10 14:50:31",509.9,2,vovikdrg
6431,16778703,kamaras,"2026-08-30 11:58:07",509.2,2,kamaras
6432,16639814,"Nikhil Krishna A","2026-09-07 07:37:56",509.0,2,techmasternikhil
6433,16701046,"Thanakorn Kaewwiang","2026-08-14 17:13:39",508.8,2,deweytng
6434,16706143,Adityaupadhyay0805,"2026-08-20 04:28:06",508.7,1,adityaupadhyay0805
6435,16798775,Lissabon,"2026-09-07 03:36:41",508.7,2,lissabon
6436,16865454,"Zhihuan Xue","2026-09-14 15:10:12",508.4,2,xuantianfengwu
6437,16715769,Ethereallll1,"2026-08-14 15:21:12",508.3,2,ethereallll1
6438,16744610,"Safiullah Baig","2026-08-20 13:16:58",508.3,1,safm1rza
6439,16706277,"ratat Zheng","2026-08-12 10:25:38",508.2,2,ratatzheng
6440,16780592,sergey,"2026-08-27 19:09:25",508.0,2,sadsdfsdf
6441,16762168,Lewbei,"2026-09-10 04:58:43",507.9,2,lewbei
6442,16804827,"Bala Baskar","2026-09-11 04:14:06",507.9,2,balabaskar
6443,16721814,"DOAMBA Jean Edouard Odilon","2026-08-24 14:48:43",507.3,2,doamba
6444,16656797,"رحيم محمد","2026-08-04 20:05:45",507.2,2,darkmaxedwe
6445,16689372,"Kiran Yerpude","2026-08-12 05:39:43",507.0,2,kiranyerpude
6446,16752191,"Wenxuan Ye","2026-09-04 07:10:28",507.0,2,akomwins
6447,16666637,"Uttam Limbani","2026-08-07 13:41:14",507.0,2,uttamlimbani
6448,16697568,"Sergey Fedorov","2026-08-20 21:25:34",507.0,1,bd01ar
6449,16627463,dnish,"2026-08-05 07:37:16",506.9,2,dnishio
6450,16666652,"Mohamed Fanni","2026-08-17 00:51:38",506.9,2,"arachid,mohamedfanni,soukaynamokhtari"
6451,16794598,"Andrew Yu","2026-09-02 04:51:57",506.7,1,andnyu
6452,16733785,"Stuart Gilbert","2026-08-30 01:52:41",506.7,2,stuartgilbert
6453,16627324,"Attack on Kaggle","2026-08-06 13:27:22",506.6,2,user19394494
6454,16886765,LZWang,"2026-09-13 22:00:47",506.6,2,wlzwlz
6455,16744572,DivyanshAgg,"2026-08-31 19:30:49",506.5,2,divyanshagg
6456,16693003,ShirrleyChen,"2026-08-15 12:54:58",506.3,2,shirrleychen
6457,16665364,"Shien Zhang","2026-08-06 06:50:46",506.2,1,shienzhang
6458,16726044,"Lena Traczuk","2026-08-22 12:03:58",506.2,2,lenatraczuk
6459,16638651,Emre,"2026-09-09 14:38:18",505.9,2,emre690
6460,16777132,"Soham Dave","2026-08-27 14:51:01",505.8,2,sohamdave19
6461,16733644,Gavilán,"2026-08-23 19:41:22",505.7,2,gaviln
6462,16675060,"Xinger Gao","2026-08-31 08:52:07",505.7,2,xingergao
6463,16865918,yh00722,"2026-09-14 04:52:38",505.6,2,yh00722
6464,16693033,AgriBot,"2026-08-13 23:53:10",505.6,2,prcieuxcomlan
6465,16656470,Glimmeron,"2026-08-12 02:01:48",505.4,2,rishabhraushan
6466,16717671,Jeremy,"2026-09-13 19:58:00",505.3,2,lukeenness
6467,16719857,"Howey do it","2026-08-14 23:06:06",505.0,2,ronincoppins
6468,16729152,Antoine,"2026-08-17 10:12:04",504.6,2,a11t01n3
6469,16674106,Jaikrishna@007,"2026-09-13 08:04:40",504.6,2,"dineshak07,jaikrishna007"
6470,16662043,"Hengcong Zhu","2026-08-05 14:46:24",504.5,2,hengcongzhu
6471,16707986,Pones_kaggle,"2026-09-01 22:08:32",504.0,2,pyd966
6472,16725483,PQ_Marz,"2026-08-15 16:25:50",503.9,2,pqmarz
6473,16661950,moonmelonpizza,"2026-08-09 12:25:23",503.8,2,moonmelonpizza
6474,16666716,"Fanis Alexakis","2026-08-17 11:59:15",503.7,2,fanisalexakis
6475,16692480,"Khalis Murfid","2026-08-24 07:03:02",503.7,2,khalismurfid
6476,16725123,"Pham Quang Nghia","2026-08-22 15:00:51",503.6,2,phamquangnghia
6477,16664913,"ABHISHEK KUMAR","2026-08-17 04:20:56",503.4,2,abhishek6545
6478,16724269,lava,"2026-09-11 11:22:13",503.4,2,fanxiaozhen
6479,16713218,"Julien Baumgartner","2026-08-14 08:36:27",503.2,2,julienbaumgartner
6480,16644410,"Swaroop Kallakuri","2026-08-04 15:40:29",502.9,2,ksjpswaroop
6481,16662995,"carlos mario de oro aguado","2026-08-06 21:08:28",502.7,2,cdeoroaguado
6482,16880689,yasmine0809,"2026-09-12 16:19:37",502.7,2,yasmine0809
6483,16688296,"Michael Pollind","2026-08-28 13:30:32",502.5,2,mpollind
6484,16716531,tebenia,"2026-08-16 08:06:58",502.5,2,tebenia
6485,16672105,"Natural Stupidity","2026-08-10 19:39:53",502.4,2,"parthb21,sujaygolla"
6486,16890133,Adsterr,"2026-09-14 20:06:19",502.3,1,adsterr
6487,16772455,dextrecity,"2026-08-30 11:37:56",502.2,2,"dextrecity,leo0pa"
6488,16632105,"shreyas sangalad","2026-08-02 12:01:08",502.0,2,spoortisangalad
6489,16662647,"Ruben Maya","2026-08-18 20:55:57",502.0,2,rubenmaya
6490,16751058,"Henrique Loyola ","2026-08-21 05:29:59",501.9,2,henriqueloyola
6491,16686972,"Ankit Maurya","2026-08-23 07:05:44",501.9,2,"ankitmaurya16,rudraprasadsah"
6492,16664252,"Huy Hoang","2026-08-15 03:59:40",501.9,2,themeend
6493,16661402,"Abin Biju","2026-08-11 18:00:35",501.7,2,abinbiju1
6494,16674943,feyZERO,"2026-08-16 10:48:50",501.7,2,faezamora
6495,16790206,"bogdan chirkov","2026-09-11 22:23:08",501.6,2,bogdannchirkovv
6496,16726913,"T T‗Worker","2026-08-22 11:08:14",501.5,2,ttworker
6497,16630520,dimitris_x94,"2026-08-23 21:10:57",501.4,2,dimitrisx94
6498,16760191,"Kushal Shiva1","2026-08-26 20:19:36",501.4,1,kushalshiva1
6499,16825996,"Alex Li","2026-09-04 08:02:19",501.4,2,alexli1998
6500,16775214,"Sambhav R","2026-08-27 15:34:44",501.3,2,sambhavr
6501,16765688,jihunai,"2026-08-26 23:15:54",501.3,2,jihunai
6502,16773195,"Pham Nguyen Thanh Huy","2026-08-27 05:25:55",501.3,2,huyphmnguyenthanh
6503,16741053,"Bui Minh Thanh","2026-09-07 18:50:23",500.8,2,buiminhthanh
6504,16656431,"Venetta Smithen","2026-08-20 02:19:45",500.8,2,venettasmithen
6505,16717018,"Urvashi Bansal","2026-08-17 09:12:29",500.7,2,urvashibansal123
6506,16767147,"Hacker Trinity","2026-09-09 12:20:12",500.6,2,hackertrinity
6507,16659681,"Aditya Seth","2026-09-04 13:12:36",500.4,2,adityaseth777
6508,16737362,"moushun chen","2026-08-20 06:45:46",500.2,2,moushunchen
6509,16664211,"Ben Wilson","2026-08-06 23:57:29",500.1,2,crispyryse
6510,16762427,Raj_craj,"2026-08-30 20:27:00",500.0,2,rajcraj
6511,16764751,"Abhishek Parmar","2026-08-26 04:06:39",499.9,2,abhisheknparmar
6512,16771340,pang,"2026-09-05 16:41:51",499.6,2,pangwenfeng
6513,16621367,Numari,"2026-07-31 16:30:01",499.6,2,numaritaisei
6514,16809022,CheeseFunction,"2026-09-05 06:58:36",499.3,2,cheesefunction
6515,16786450,fujii,"2026-09-14 06:35:50",499.3,2,kojisoemi
6516,16765194,henry,"2026-08-24 13:39:29",499.1,2,zchenry
6517,16756812,"Alex Amirkhanyan","2026-08-24 05:51:16",499.1,2,aleksamirkhanyan
6518,16876700,"Omar Mukhtar","2026-09-14 17:55:02",498.9,2,omarmukhtar3
6519,16694171,"guanran wang","2026-08-11 05:57:12",498.7,2,guanranwang
6520,16645302,LuCcc,"2026-08-03 09:45:35",498.7,2,luuuuccccc
6521,16638883,LeiYang,"2026-08-03 15:04:07",498.5,2,leiyangcq
6522,16655600,"VYSHAKH G NAIR","2026-08-04 21:31:24",498.5,2,vyshakhgnair
6523,16681924,WEcoS,"2026-08-10 04:32:03",498.3,2,aungkhainghtun
6524,16804924,"Kevin L.","2026-09-09 07:04:46",498.3,2,zorgis
6525,16695400,"Karam Khasawneh","2026-08-10 20:29:16",498.3,2,karamkhasawneh
6526,16707865,"bb aa","2026-09-10 15:39:17",498.1,2,bbaa233
6527,16656143,"Debanshu Mallick","2026-09-10 13:27:19",498.0,2,debanshumallickiisc
6528,16702281,"Dhruv Patel #2","2026-08-10 21:25:08",498.0,2,dhruvpatel1972
6529,16725955,"Aditya Pandey","2026-08-17 00:10:10",497.7,2,adipandey777
6530,16728014,Alpha223,"2026-09-05 15:51:24",497.5,2,alpha223
6531,16774035,"Shengfeng Wang","2026-08-26 07:28:46",497.4,1,shengfengwang
6532,16749272,giraffeneck,"2026-09-14 13:40:31",497.4,2,yamajin
6533,16791550,Team21,"2026-09-08 12:53:38",497.1,2,"fchen121,muktharam"
6534,16668108,"Suresh Chandra Mangena","2026-08-11 09:32:31",497.0,2,sureshchandramangena
6535,16645870,"Barathan Aslan","2026-08-03 08:21:55",496.8,2,barathanaslan
6536,16666071,"Arda Yıldız","2026-08-20 09:33:54",496.7,2,xreina8
6537,16762154,lli,"2026-09-07 19:04:26",496.5,2,colesuoseue
6538,16819549,APEX101,"2026-09-06 06:16:51",496.5,2,"akshitasrivastava1,irongm"
6539,16793080,"Lonan Syayf","2026-08-31 19:44:09",496.4,2,lonansyayf
6540,16640399,Hubbahub,"2026-08-04 20:40:39",496.2,2,hubbahub
6541,16683934,"Teja Madala","2026-08-10 14:46:07",496.2,2,tejamadala
6542,16626105,sasaki,"2026-08-24 02:34:55",496.1,2,rsasaki
6543,16623938,flashthunder,"2026-09-14 08:04:09",496.1,2,thunderflash
6544,16621437,AdamBelniak,"2026-08-03 18:15:21",496.0,2,adamos581
6545,16729510,ARM,"2026-09-08 13:01:17",495.7,2,"midhun4126,mrohithjohn"
6546,16882021,"lucas honoratodesouza","2026-09-14 05:21:58",495.5,2,lucashonoratodesouza
6547,16653809,acbabc123,"2026-08-04 13:53:53",495.4,2,acbabc123
6548,16661287,"Jacob Hanlon","2026-08-11 13:59:58",495.3,2,jacobhanlon
6549,16649421,Eltormtace,"2026-08-14 04:35:15",495.2,2,eltormtace
6550,16687942,"Arya Arun","2026-08-16 08:52:26",495.2,2,aryaarun07
6551,16880843,"Triều Đinh Hải","2026-09-12 19:41:11",495.1,2,triuinhhi
6552,16715942,_@HimShukla23,"2026-08-18 03:57:15",494.9,2,himshukla23
6553,16731636,関西人,"2026-08-24 06:23:14",494.9,2,m1333666888
6554,16663327,Gnr8tr,"2026-08-13 14:16:44",494.7,2,wilburjpereira
6555,16728318,T3jas06,"2026-08-22 19:45:13",494.5,2,t3jas06
6556,16651042,Mira_332,"2026-08-27 04:58:29",494.2,2,ichiiohno
6557,16668137,"Thomas De Sousa","2026-08-06 06:34:48",494.1,2,thomasdesousa
6558,16729081,"Venkata Y","2026-08-19 00:45:13",494.1,2,venkatayerrapothu
6559,16875601,forwardidear,"2026-09-13 02:46:39",494.0,2,forwardidear
6560,16840130,tkm_ktn,"2026-09-05 15:48:40",493.8,2,takumikotani
6561,16663707,DotBix,"2026-08-12 21:45:54",493.7,2,dotbix
6562,16694314,"Ali Abbas Baig","2026-08-28 19:55:16",493.3,2,aliabbasbaig
6563,16668698,Addie,"2026-08-08 05:21:08",493.0,1,addie999
6564,16657312,"baolood herid","2026-08-06 13:13:48",493.0,2,baoloodherid
6565,16891504,"Taha N Kaya","2026-09-14 14:03:21",492.9,1,tahankaya
6566,16654885,"Jason Kong","2026-08-04 06:52:19",492.8,2,jasonkongie
6567,16749271,"Shoki Suzuki","2026-09-01 13:48:43",492.7,2,shokisuzuki
6568,16843511,"JiaHui Ni ","2026-09-13 14:59:35",492.6,2,jiahuini
6569,16709918,GUI666,"2026-08-26 16:17:40",492.6,2,gui666
6570,16623824,zhangende02,"2026-08-01 01:15:21",492.4,2,zhangende02
6571,16726155,miyawakiayaka,"2026-08-15 18:50:10",492.1,2,kanatakon
6572,16661460,Lucky,"2026-09-03 07:49:58",492.1,2,tmiya0107
6573,16678154,"Hashim Far","2026-08-08 04:20:32",491.8,2,hashimfar
6574,16627009,c0sm1c,"2026-08-01 11:06:14",491.8,1,tanghao111
6575,16668606,"Hasith Kulathilaka","2026-08-31 19:09:39",491.5,2,hasithkulathilaka
6576,16636719,"Naman Durve","2026-09-12 16:14:56",491.5,2,namancdurve
6577,16687648,"RSJ CorneR","2026-08-08 10:57:54",491.5,2,rsjcorner
6578,16676497,"Non-veg plants","2026-08-07 09:54:00",491.3,2,mohammadshadabshaikh
6579,16704597,"Wallace Switzer","2026-08-12 01:09:49",491.3,2,wallaceswitzer
6580,16756900,Kome_Sh,"2026-08-30 13:40:56",491.2,2,komeshun
6581,16674612,"Muhammad Dhiaz Rafilianza","2026-08-22 05:48:04",491.1,2,dhiazr
6582,16695102,whitelok,"2026-08-11 12:54:41",491.0,2,whitelok
6583,16656641,AndrewEly8,"2026-08-05 00:56:32",490.9,2,andrewely8
6584,16645841,Lucien,"2026-09-12 08:12:20",490.7,2,lucienhu6775765
6585,16659505,"Duleeka Mevan","2026-08-06 09:32:46",490.6,2,duleekamevan
6586,16679096,WilliamXylean,"2026-09-10 15:24:40",490.6,2,williamxylean
6587,16675686,"PRERIT MAURYA","2026-08-14 06:37:51",490.6,2,preritmaurya
6588,16654458,"Likith Narakala","2026-09-10 20:27:03",490.5,2,likith17052004
6589,16655415,"Ivan Jarp","2026-08-29 17:07:03",490.4,2,ivanjarp
6590,16655069,"Jason Harrison","2026-08-05 20:56:59",490.1,2,jasonharrisonco
6591,16697448,"Mykola Mazniuk","2026-08-15 17:57:39",490.0,1,mykolamazniuk
6592,16681778,kzeus@003,"2026-08-12 05:12:15",489.9,2,kzeus003
6593,16656573,"Ashiq Firoz","2026-08-17 18:20:11",489.9,2,ashiqfiroz
6594,16721940,DarkLayer,"2026-08-22 02:07:13",489.8,2,nnpaopao
6595,16879532,kiwamizamurai,"2026-09-14 20:27:53",489.8,2,kiwamizamurai
6596,16672798,yaphanqiii,"2026-08-27 07:55:23",489.7,2,yaphanqiii
6597,16818158,Noza,"2026-09-05 11:50:22",489.4,2,harukanozato
6598,16670986,"Anas Erami","2026-08-08 01:38:43",489.4,2,anaserami
6599,16852342,"Minh Đăng Lê","2026-09-08 17:30:17",489.1,2,minhngle
6600,16636973,"Ali Ali G","2026-08-03 18:36:40",489.1,2,alialig
6601,16794499,smileMAN13912339850,"2026-09-07 10:01:07",489.0,2,smileman13912339850
6602,16763898,"Tarık Sarıcı","2026-08-24 09:54:31",489.0,2,ssarici
6603,16623198,"Chris D'Mello (ineligible)","2026-07-31 17:32:46",488.9,1,cdmello
6604,16661233,"Uriel Johnson","2026-08-05 08:45:24",488.8,2,urieljohnson
6605,16687959,"Destin Nedjou","2026-08-27 05:45:33",488.8,2,destinnedjou
6606,16665184,woorym,"2026-08-10 03:04:12",488.6,2,woorym
6607,16694146,"JIlong Zhou","2026-08-26 15:04:38",488.5,2,acemaker
6608,16842936,"Sreejit Pradhan","2026-09-12 19:11:37",488.3,2,sreejitpradhan
6609,16671602,"Nithin Nambi","2026-08-07 00:09:31",488.0,2,nitthewit
6610,16687237,Khalibryler,"2026-08-11 09:17:03",487.9,2,khalibryler
6611,16792069,"Yen Hung1021","2026-09-03 16:09:33",487.8,2,yenhung1021
6612,16724470,"Mahdi Rafati","2026-08-24 15:32:51",487.2,2,mahdirafati
6613,16639577,Haitaks,"2026-08-16 09:42:16",487.2,2,haitaks
6614,16661323,mzyktkhs,"2026-08-10 13:21:59",487.0,2,mzyktkhs
6615,16655881,"Zhuoran Zhao","2026-08-07 16:50:04",487.0,2,yearcakes
6616,16657929,Robert-zwr,"2026-08-05 11:15:48",486.9,1,robertzwr
6617,16785352,"joão Vitor","2026-09-05 20:19:12",486.8,2,jaov30718
6618,16660060,AnkitGoyal,"2026-08-05 15:33:29",486.8,2,goyalankit
6619,16661449,"Samarjeet Singh","2026-08-23 04:32:19",486.7,2,samarjeet010
6620,16851860,"Senih Bayankulu","2026-09-08 03:13:24",486.5,2,senihbayankulu
6621,16665374,UmangDobhal03,"2026-08-06 03:46:29",486.5,2,umangdobhal03
6622,16785010,"Victor Wangles","2026-08-28 16:01:17",486.4,1,victorwangles
6623,16631547,"Chong Xuan Ng","2026-08-08 15:38:52",486.3,2,chongxuanng
6624,16780097,"wei chang","2026-09-13 00:42:40",485.9,2,wayne0404
6625,16664251,zzy123123,"2026-08-08 09:22:51",485.9,2,zzy123123
6626,16736951,giacomovin,"2026-08-25 20:14:52",485.8,2,giacomovin
6627,16661382,CBenaventte,"2026-09-02 13:35:27",485.8,2,cbenaventte
6628,16683837,"Blessed Ngorima","2026-08-18 09:40:53",485.8,2,blessedngorima
6629,16843921,Ruijiehe1213,"2026-09-13 03:40:30",485.7,2,ruijiehe1213
6630,16797002,ZhixinLuo,"2026-09-01 14:16:09",485.7,2,zhixinluo
6631,16661576,"Yash Jumde","2026-08-15 20:09:59",485.6,2,yashjumde
6632,16696703,Farmer,"2026-09-13 05:32:22",485.6,2,alekseic
6633,16661105,"Vignesh Murugan","2026-08-04 19:57:46",485.6,2,vigneshv1cky
6634,16636333,xiaoyang66,"2026-08-17 13:35:28",485.6,2,kennethhao8
6635,16798074,"Akkapop Prasompon","2026-09-09 12:17:36",485.5,2,akkapopprasompon
6636,16692263,"ADITYA CHAVAN","2026-08-09 17:44:15",485.4,2,adityasnr7
6637,16893654,"Arhaan Aggarwal","2026-09-15 00:59:51",485.4,1,arhaanaggarwal2
6638,16688873,cancel,"2026-08-18 06:50:33",485.3,1,rugaru
6639,16811685,benhur0905,"2026-09-14 09:39:19",485.3,2,benhur0905
6640,16757366,"Sean Connolly","2026-09-05 04:10:21",485.1,2,seanconnolly
6641,16699207,"Bipin Rimal","2026-08-10 07:45:21",485.1,2,bipinrimal314
6642,16724984,anish711,"2026-08-22 17:54:18",485.0,2,anish711
6643,16878353,"Hongbin Gu","2026-09-14 10:04:51",484.9,2,guhongbin
6644,16681637,nasu01,"2026-08-07 10:14:10",484.7,2,nasu01
6645,16678613,iBooNDK,"2026-08-09 19:03:37",484.6,2,iboondk
6646,16705276,layr0,"2026-08-14 00:53:11",484.6,2,layr0dotdev
6647,16667078,dprinzensteiner,"2026-08-05 14:06:26",484.0,2,dprinzensteiner
6648,16691628,"Gavin Walsh (N1DGE11)","2026-08-08 16:07:24",483.9,2,gavinwalshn1dge11
6649,16654312,Xmeeeee,"2026-08-05 00:11:29",483.9,2,xmeeeee
6650,16658476,"goksel yesiller","2026-08-04 11:07:53",483.7,2,gokselyesiller
6651,16728345,ron,"2026-09-13 00:49:44",483.6,2,romart
6652,16693795,kurt,"2026-08-30 15:22:47",483.6,2,syarht
6653,16658925,CYBWithFlourish,"2026-08-06 15:56:28",483.3,2,cybwithflourish
6654,16649077,"Yifan Yang 135","2026-08-11 06:22:40",483.3,2,yifanyang135
6655,16758526,"sudo give_me_the_prize","2026-08-24 16:34:02",483.1,2,ibrahimab2
6656,16767585,Hyena,"2026-08-25 22:17:26",483.1,1,hemant0
6657,16773194,NgNhan3110,"2026-08-27 09:36:17",483.1,2,ngnhan3110
6658,16884418,xuechengzou,"2026-09-13 12:22:43",483.0,2,xuechengzouinkaggle
6659,16667722,Radhouen911,"2026-08-06 21:37:37",483.0,2,radhouen911
6660,16838929,Charlesm85,"2026-09-06 05:56:26",482.9,2,charlesm85
6661,16660531,greySnow,"2026-09-10 23:39:09",482.6,2,shlomoron
6662,16654347,"aarav maheshwari1","2026-08-26 05:57:03",482.4,2,aaravmaheshwari1
6663,16719257,"Alexander Morozov","2026-08-14 23:53:53",482.4,2,scanhex
6664,16637894,"Leonardo Domingues","2026-09-06 10:38:08",482.1,2,leonardodomingues
6665,16768079,Sohee087,"2026-08-24 20:21:01",481.8,1,sohee087
6666,16847740,FarmAre,"2026-09-07 17:31:01",481.6,2,abishekak
6667,16663822,BhavyaSaini001,"2026-08-29 23:10:34",481.6,2,bhavyasaini001
6668,16755677,"Rutwik Kumar M","2026-08-26 16:31:00",481.5,2,rutwikkumarm
6669,16728845,"Mohamed Kaleel","2026-08-22 16:12:58",481.4,2,mdkaleel
6670,16657383,"Shih Hua Chou","2026-08-18 03:51:08",481.4,2,shihhuachou
6671,16739711,SBC,"2026-08-20 10:16:10",481.4,2,"anusasaha2406,harshkumar3014,rahulmaity"
6672,16774849,RiyadhLakadimu123,"2026-08-31 19:51:17",481.3,2,riyadhlakadimu123
6673,16653118,"Elmira Yekani","2026-08-18 17:05:20",481.2,2,elmirayekani
6674,16764151,Jpadilla987@gmail.com,"2026-08-25 21:00:27",481.0,2,jpadilla987gmailcom
6675,16665436,Aeternum,"2026-08-15 18:31:32",480.9,2,"donbinoy2004,surajkumarks"
6676,16760480,yat0i811,"2026-09-13 14:13:59",480.9,2,yat0i811
6677,16711823,Abi_e,"2026-09-07 09:47:37",480.4,2,abidjacquelineanadi
6678,16730870,"Jiang Ryan","2026-09-03 03:37:12",480.4,2,jiangryan
6679,16796273,"Kiplangat Vincent","2026-09-14 11:08:50",480.2,2,balvins
6680,16668185,"Swayam Chavan","2026-08-09 01:12:23",480.1,2,swamboy
6681,16759381,"Subhan Hussain","2026-08-26 10:37:25",480.0,2,subhanhussain0205
6682,16757806,Richardwe,"2026-09-08 08:43:12",479.8,1,richardwe
6683,16768456,清水一希,"2026-08-25 00:47:38",479.8,1,kazukishimizu0427
6684,16651872,Evgen21,"2026-08-05 14:03:50",479.7,2,evgen21
6685,16688662,"Faz Forward","2026-08-08 09:03:10",479.5,2,fazforward
6686,16623263,ASHML,"2026-07-30 23:28:50",479.4,2,ashml
6687,16700080,Kaushik,"2026-08-10 11:11:18",479.3,2,kgarumugam
6688,16766803,"Kanishk Sharma","2026-09-01 23:52:42",479.3,2,kan1shq198
6689,16665949,Rbda,"2026-08-06 14:18:03",479.2,2,brazvan
6690,16732200,"Louis WhoEat","2026-08-24 12:02:40",479.2,2,louiswhoeat
6691,16728933,dOvOb,"2026-09-08 14:51:10",479.2,2,waytosleep
6692,16717051,"Chirag Hosdurga","2026-08-13 13:38:41",478.9,2,chiraghosdurga
6693,16732513,Taogege,"2026-09-08 08:02:16",478.7,2,"liyiyiyi6,taogege520"
6694,16656568,"FARIATHTHEEN F","2026-08-04 11:44:49",478.7,2,fariaththeenf
6695,16856112,"Thomas White","2026-09-08 19:39:13",478.6,1,leopardguy
6696,16671033,"Alexandr Shustikov","2026-09-13 17:39:27",478.5,2,alexandrshustikov
6697,16858250,"ayush kumar","2026-09-14 10:35:32",478.0,2,ayushkumar1610
6698,16657093,"sixer srinath","2026-08-26 10:48:12",477.9,2,srinath2495
6699,16662690,"Pablo Gomez Perez","2026-09-04 16:45:32",477.8,2,pablogp
6700,16668813,zhaowang,"2026-08-06 05:19:52",477.8,2,zhaowangwang
6701,16755394,"Ruben Lucas","2026-08-21 21:50:16",477.8,2,rubenlucas
6702,16663267,"Sravya Isukapatla","2026-08-11 10:14:54",477.7,2,sravyaisukapatla
6703,16668267,Saran,"2026-08-27 14:18:05",477.7,2,saran2
6704,16745980,"Arif Amijoyo","2026-08-30 07:54:40",477.6,2,arifamijoyo
6705,16884148,mengxc410,"2026-09-14 15:31:27",477.6,2,mengxc410
6706,16644053,Rafiozoo,"2026-08-03 19:26:40",477.5,2,rafiozoo
6707,16723583,"varun chindage","2026-09-05 14:52:13",477.4,2,stormy420
6708,16695692,Saadii2279,"2026-08-11 16:44:39",477.3,2,saadii2279
6709,16809985,"ADOLE Edache","2026-09-13 20:57:33",477.2,2,adoleedache
6710,16646318,"I wanna Die","2026-09-06 16:25:14",477.1,2,chrisopherjoshy
6711,16690698,posty_melek,"2026-08-15 05:06:40",477.0,2,srisaraswati
6712,16723490,"Panashe Arthur Mhonde","2026-08-22 11:41:19",476.7,2,panashearthurmhonde
6713,16694330,"Jack Way","2026-08-10 11:48:42",476.5,2,jackway05
6714,16661539,"Ilia Mironov","2026-08-09 13:51:47",476.2,1,millcool
6715,16776824,"Manuel Santiago Atencio","2026-09-09 21:24:06",476.1,2,manuelsatencio
6716,16674605,Versilogic,"2026-08-16 07:54:48",476.1,2,versilogic
6717,16752081,"Ahmad Dehaini","2026-08-30 06:04:54",476.0,2,ahmaddehaini
6718,16689881,"yuki #2","2026-09-14 13:44:50",475.9,2,hosikusa
6719,16855185,ArdiaNova,"2026-09-13 09:23:59",475.8,2,ardianova
6720,16682386,"Charbel Nehme","2026-09-09 06:36:54",475.8,2,charbelnehme
6721,16718517,"Jessica Yin","2026-08-17 00:10:31",475.7,2,jeqyin
6722,16641501,Sonal,"2026-08-08 22:07:46",475.6,2,sonalm13
6723,16674266,HamYad,"2026-08-06 18:19:46",475.6,2,hamyadlab
6724,16625216,"Emre Can","2026-08-01 17:05:51",475.6,2,seicatsu
6725,16719733,CleoCantCompete,"2026-09-12 23:51:12",475.5,2,cleocantcompete
6726,16745574,"Yadunandan Raman","2026-08-22 12:20:06",475.5,2,yadunandanraman
6727,16640516,"Alfandi Hassan","2026-08-08 03:41:33",475.4,2,alfandihassan
6728,16627313,"Zafer Liu","2026-08-03 05:13:39",475.0,2,zaferliu
6729,16791617,"Neil Li","2026-08-30 00:10:32",474.9,1,neilliroub
6730,16621402,Maxim,"2026-08-13 07:01:03",474.6,2,ektarr
6731,16712488,"Vansh Bhura","2026-08-12 14:23:18",474.5,2,vanshbhura
6732,16701871,"Raj Nandan","2026-08-10 15:13:30",474.4,1,imrajnandan
6733,16645936,"Abhy Rejikumar","2026-08-22 19:26:23",474.3,1,abhyrejikumar
6734,16729214,kisamaki0815,"2026-08-28 01:21:57",474.2,2,kisamaki0815
6735,16700596,"Markel Iru","2026-08-13 15:52:53",474.2,2,markeliru
6736,16786351,"Pradeep P","2026-09-14 16:39:50",474.1,2,pradeeppuranam
6737,16657664,"Nguyễn Anh Kiệt 28","2026-08-06 04:17:40",474.1,2,nguynanhkit28
6738,16646286,"C Aravindhan","2026-08-04 05:03:22",474.1,2,caravindhan
6739,16628268,toxic_2499,"2026-09-14 13:39:02",473.9,2,toxic2499
6740,16863391,"Yifu and only Yifu","2026-09-11 20:26:50",473.9,1,yifuandonlyyifu
6741,16662111,"Mood Vikram","2026-09-05 23:15:35",473.7,2,"moodvikram,sidhantchauhan"
6742,16661154,"gronky goobers","2026-08-15 14:39:05",473.7,2,"viktoriusontop,yoshisurjuise"
6743,16728821,"Alen Maria Nirmal","2026-08-17 21:51:03",473.5,1,alenmarianirmal
6744,16661360,"Jasper Jiss","2026-08-13 18:45:37",473.5,2,jasperjiss
6745,16786101,Cai0Emanuel,"2026-08-29 01:11:51",473.3,1,cai0emanuel
6746,16662790,"Derek Earnhart","2026-08-04 18:04:01",473.1,1,derekearnhart
6747,16625808,"Etsushi Yamamoto","2026-08-09 16:50:41",473.1,2,etsushiyamamoto
6748,16667517,"Recep Barkın Topcu","2026-08-31 05:30:02",473.1,2,recepbarkntopcu
6749,16783367,hezhiqian,"2026-08-30 18:02:37",473.1,2,hezhiqian
6750,16668068,"Neural Harvest","2026-08-27 19:23:44",473.0,2,meghashyampawar
6751,16804902,"aitahmed amina","2026-09-08 16:15:15",472.8,2,aitahmedamina
6752,16780783,priscilamaria5363,"2026-08-28 15:10:15",472.8,2,priscilamaria5363
6753,16727920,"Youssef Yacoup","2026-09-04 16:50:53",472.7,2,youssefyacoup
6754,16675631,"Aswini Gowda","2026-08-10 05:37:33",472.7,2,aswinigowda
6755,16840624,Deepakexplores,"2026-09-11 17:51:43",472.6,2,deepakexplores
6756,16711918,"Pavel Filin","2026-08-13 05:23:28",472.6,2,pavelfilin
6757,16657502,Jasmeen,"2026-08-16 08:59:05",472.5,2,jasmeen0207
6758,16663594,"NGU BLACK SANTA","2026-08-05 15:23:10",472.4,2,ngublacksanta
6759,16758970,"Jason Wong","2026-08-30 07:47:43",472.3,2,jsin27
6760,16686093,"Muhammad Usman Butt","2026-08-07 22:00:04",472.3,2,debugdemon
6761,16722819,Anna,"2026-08-21 15:01:26",472.0,2,annatmp
6762,16876642,Gruberx,"2026-09-14 07:24:35",471.9,2,gruberx
6763,16661628,PradipBanerjee,"2026-08-05 21:03:11",471.7,2,pradipbanerjee
6764,16693925,"Francisco Corredor","2026-09-06 23:00:40",471.7,2,franciscocorredor
6765,16664205,"shr Wei","2026-09-03 06:00:47",471.5,2,shrwei
6766,16886012,smartkdy7,"2026-09-13 11:37:51",471.4,1,smartkdy7
6767,16654984,"Guseinov Elvin","2026-08-08 21:44:00",471.4,2,guseinovelvin
6768,16654974,"ACd Rooy","2026-08-11 06:35:28",471.4,2,acdrooy
6769,16850104,"vicky ","2026-09-14 20:03:09",471.1,2,vickysynapsev
6770,16771972,"Vansh Ahlawat","2026-09-10 12:17:19",471.1,2,vansh5126
6771,16765310,"Aria Muse","2026-09-04 06:00:22",471.1,2,ariamuse
6772,16747670,"Luis Molina","2026-08-26 07:40:36",470.9,2,micuentadecasa
6773,16725757,AchyutKishore123,"2026-09-11 09:58:14",470.6,2,achyutkishore123
6774,16676803,"Josue Villao","2026-08-14 05:20:13",470.5,2,josuevillao
6775,16798347,"Mr Michael Chung","2026-09-14 19:39:17",470.2,2,mrmichaelchung
6776,16718828,"Tejas Nisar","2026-08-23 17:04:45",470.2,2,tejasnisar
6777,16695828,rihiRule,"2026-08-11 13:40:24",470.1,2,rihirule
6778,16861019,CloriTeam,"2026-09-09 15:34:28",470.0,2,lorenzocomis
6779,16891695,yuruihito,"2026-09-14 21:35:57",470.0,2,yuruihito
6780,16659414,TTGP_TEAM,"2026-08-06 15:33:09",470.0,2,phttrntrnggia
6781,16659919,"SILVISTON EMMANUEL","2026-08-06 06:51:55",470.0,2,silvistonemmanuel
6782,16693522,shadycoderalltime,"2026-08-22 14:00:16",469.9,2,shadycoderalltime
6783,16660420,tipofyzik,"2026-09-05 14:34:30",469.8,2,tipofyzik
6784,16811454,"Zakaria Taouil","2026-09-07 16:11:13",469.8,2,ztaouil
6785,16657528,"Symekah Shadrack Basweti","2026-08-05 10:17:09",469.8,2,symekah99
6786,16681509,"Kethan Sai","2026-09-12 15:38:06",469.8,2,kethansaikoneru
6787,16724556,"Yixiang Wu","2026-08-28 03:34:55",469.6,1,yixiang964
6788,16663622,sammuq1,"2026-08-10 23:56:19",469.4,2,sammuq1
6789,16623271,"William Morley","2026-07-31 10:09:16",469.4,2,williamkmorley
6790,16653049,"Umut Doruk Öztürk","2026-09-02 09:52:16",469.3,2,umutdorukztrk
6791,16743015,"Sword's Frost","2026-09-04 00:53:30",469.2,2,alexwilliam7
6792,16778886,"Sandeep Das","2026-08-31 09:48:37",469.2,2,sandypos
6793,16728414,"Pedro Caycho","2026-08-16 12:40:26",469.2,1,pjcc1123
6794,16676482,GitLyf,"2026-08-16 12:47:59",469.1,2,"jaideva30,rohithkrishnaak"
6795,16625149,Rubylicious,"2026-07-31 07:53:00",469.1,2,labibahalya
6796,16657201,ShayML,"2026-08-08 09:02:05",469.1,2,shayml
6797,16709512,Rustamdurdyyev,"2026-08-31 19:59:56",468.5,2,rustamdurdyyev
6798,16663040,"BARBARA GASKINS","2026-08-12 01:08:47",468.2,2,barbaragaskins
6799,16701367,CryptoQuant1992,"2026-08-11 13:04:12",468.1,2,cryptoquant1992
6800,16664558,"Praneeth Annapureddy","2026-08-05 04:52:45",468.0,2,praneethannapureddy
6801,16719521,xarquin,"2026-08-25 03:16:23",467.9,2,xarquin
6802,16654394,sserges,"2026-08-08 20:46:14",467.5,2,sserges
6803,16708348,"Edilaine Arceno","2026-09-11 02:43:41",467.4,2,edilainearceno
6804,16664506,"Jonatan Asketorp","2026-08-23 02:57:42",467.4,2,weft169aston
6805,16714488,"HusseinNadem Nadem","2026-08-26 01:53:13",467.3,2,husseinnademnadem
6806,16838981,"Adil Shamim","2026-09-09 13:55:52",467.3,2,adilshamim8
6807,16679872,"Kirby Won","2026-08-19 16:47:21",467.1,2,kirbywon
6808,16661194,"Sandeep Vanapalli","2026-08-04 15:37:06",467.0,2,mrleaf
6809,16621572,"Abdulazeez AbdulMumeen","2026-08-05 10:59:27",466.7,2,ayobeen
6810,16690221,"HISOKY DEV","2026-08-10 09:42:03",466.7,2,omarfahid
6811,16668810,ZZZZGOD,"2026-08-07 19:11:09",466.6,2,zzzzgod
6812,16670090,"Gianpaolo Nettis","2026-08-24 08:42:07",466.6,2,rakes7
6813,16696271,"Neeta Sanjay Gajabi","2026-08-09 14:48:42",466.5,2,neeta2574
6814,16625434,"Chirapathleo Saelim","2026-09-08 08:40:06",466.5,2,chirapathleosaelim
6815,16683761,"Chiefmen749 Aris","2026-08-10 07:42:42",466.5,2,saysplayz
6816,16687602,"jithin manoj","2026-08-12 13:00:23",466.3,2,jithingmanoj
6817,16677166,Spectrobot,"2026-08-08 11:11:46",466.3,2,spectrobot
6818,16662095,"Buzz shocker","2026-09-13 20:28:48",466.2,2,buzzshocker
6819,16827224,"[HSE Lyceum ML] zaepupno","2026-09-07 13:08:53",466.1,2,daniilgoryushin
6820,16670634,"Narayan Sharan","2026-09-12 06:55:27",465.9,2,narayansharan
6821,16660330,wangyikai,"2026-08-09 07:59:45",465.8,2,wangyik
6822,16809168,"Shaun the Sheep ","2026-09-14 19:05:09",465.6,2,badlandsram
6823,16890884,"Michael Swartz","2026-09-14 17:50:04",465.3,2,michaelbruwerswartz
6824,16841679,Chafuuu,"2026-09-09 16:26:02",465.3,2,chafuuu
6825,16675916,Lorenzo176ITA,"2026-08-14 11:02:15",465.2,2,"alessiopap,lorenzo176ita"
6826,16668260,"Yangle Ma","2026-09-14 23:51:37",465.2,2,yanglema
6827,16883907,lll,"2026-09-14 12:46:25",465.1,2,lghlgh001
6828,16624414,"Chaitanya Jamble","2026-07-31 05:42:10",465.1,1,chaitanyajamble
6829,16802580,WarlockCode,"2026-09-03 14:07:58",465.1,2,maktub83
6830,16773043,"Petani Baik","2026-09-03 00:56:35",464.9,2,durrahandri
6831,16640965,jidaoluckey,"2026-08-08 07:10:45",464.9,2,jidaoluckey
6832,16662167,"Tara Singh Kharwad","2026-08-05 17:13:10",464.8,2,tarasi7261
6833,16775236,hohohoZzZ,"2026-09-13 10:43:58",464.8,2,hohohozzz
6834,16889017,Bigwh3el,"2026-09-15 00:01:38",464.7,1,bigwh3el
6835,16793145,KarlNUrban,"2026-09-05 12:19:50",464.6,2,karlnurban
6836,16853895,sailohith07,"2026-09-08 10:49:11",464.2,2,sailohith07
6837,16660455,"Alex Kapend","2026-08-05 08:42:26",464.0,2,alexkapend
6838,16715456,"wilson LUNG","2026-08-17 23:54:10",464.0,2,wilsonlung
6839,16729996,"Michael Roust","2026-08-18 16:09:56",463.7,2,michaelroust
6840,16638967,"Jenny Luo","2026-08-01 23:55:07",463.6,2,"jennyluo96,kyeoh92"
6841,16692618,"Ali Zakaee","2026-08-09 10:13:02",463.5,1,itheequalizer
6842,16776777,cerceanit,"2026-08-29 14:51:48",463.3,1,uaisamangeldi
6843,16683316,moonriver0922,"2026-08-11 07:04:11",463.0,2,moonriver0922
6844,16669117,"Shrikant Lambe","2026-08-10 23:31:50",463.0,2,shrikantlambe
6845,16786264,"THISHA S","2026-09-06 06:53:09",462.7,2,thishas
6846,16729086,samanyu,"2026-08-23 10:13:11",462.7,2,samanyu1808
6847,16664327,"Maged Hegazy","2026-08-06 13:13:28",462.7,2,magedhegazy
6848,16859368,"Emmanuel King Christopher","2026-09-09 23:31:24",462.6,1,emmanuelkingchris
6849,16858543,"Fakhar Mustafa","2026-09-10 05:07:39",462.5,2,fakhar90
6850,16669945,"Turab Zaidi","2026-08-07 13:27:44",462.5,2,turabzaidi
6851,16659080,VENKY,"2026-08-07 17:22:03",462.3,2,venkateshthatha
6852,16726882,"Albert Yu","2026-08-17 00:01:53",462.3,2,yukinying
6853,16857747,shaoxw,"2026-09-14 17:48:36",462.0,2,shaoxw
6854,16633097,"Matheus Bonjour Laviola da Silva","2026-08-02 11:08:21",461.7,2,matheusbonjour
6855,16691761,"Evie Barker","2026-08-15 13:40:05",461.6,2,eviebarker
6856,16655783,KonaKonaz,"2026-08-04 09:36:57",461.6,2,konakonaz
6857,16757135,Agrihand,"2026-09-02 15:00:23",461.5,2,mayur756
6858,16652661,"Petru-Mihai Craciun","2026-08-05 14:55:07",461.2,2,petrumihaicraciun
6859,16759239,SunYaoXi,"2026-08-27 09:32:42",461.2,2,sunyaoxi
6860,16840641,"Yukar Fu","2026-09-11 21:50:27",461.1,2,yukarfu
6861,16885547,L0k1xd,"2026-09-13 10:04:10",461.0,2,l0k1xd
6862,16889005,Dino,"2026-09-14 09:14:48",460.8,2,ngohongthai
6863,16735177,shilpa.rpns,"2026-08-22 04:57:10",460.6,2,shilparpns
6864,16644765,MoeCode,"2026-09-12 16:46:28",460.5,2,syrianeagle
6865,16706790,"Stas Chereshkevich","2026-08-19 12:23:33",460.4,2,staschereshkevich
6866,16867132,"Dilara Adıgüzel","2026-09-14 18:48:48",460.3,2,dilaraadgzel
6867,16738218,kiyo,"2026-09-10 13:01:37",460.3,2,kiyohiro
6868,16696716,MatiasMG,"2026-09-13 14:53:04",460.0,2,matiasmgonzalez
6869,16809943,"A Rook","2026-09-03 19:06:08",459.9,2,rookcastle
6870,16659558,Ayuroshbo,"2026-09-09 06:24:53",459.9,2,ayuroshbo
6871,16838619,HeroGod,"2026-09-05 12:25:27",459.9,2,herogod
6872,16728549,Karatelb,"2026-08-16 17:45:59",459.8,2,karatelb
6873,16883859,"Carlos Daniel Polanco","2026-09-14 22:45:47",459.8,2,carlospolanco00
6874,16735934,"Uday Kiran003","2026-08-18 06:23:18",459.7,1,udaykiran003
6875,16772803,"Linneu Holanda","2026-09-11 00:03:53",459.6,2,linneuholanda
6876,16876859,Broncat,"2026-09-14 07:39:05",459.6,2,broncat
6877,16684031,"Phillip Kamundia","2026-08-14 20:35:15",459.3,2,phillipkamundia
6878,16655080,"Mohamed Judi","2026-09-07 19:18:31",459.0,2,mhjudi
6879,16692373,"Ornevis Montero","2026-08-20 01:59:43",458.8,2,ornevisbolaosmontero
6880,16719460,"Amon #2","2026-08-15 12:40:41",458.7,2,ezjameng
6881,16681655,"Tae seong Gim","2026-08-14 14:14:10",458.7,2,taeseonggim
6882,16698287,"Ethan J. Schauder","2026-08-12 18:21:50",458.6,2,ethanjschauder
6883,16734601,sweetlesson,"2026-08-18 00:40:55",458.6,2,sweetlesson
6884,16843082,"Mohmed Hafez","2026-09-13 04:48:36",458.4,2,mohmedatya
6885,16641513,"Sameer Chakravedi","2026-08-15 16:06:11",458.0,2,sameerchakravedi
6886,16639764,CortexExplorer,"2026-08-23 13:03:06",458.0,2,cortexexplorer
6887,16853371,JIAWEILI0001,"2026-09-10 05:05:16",457.8,2,jiaweili0001
6888,16707951,K_ChanHo,"2026-09-14 16:07:04",457.8,2,kchanho
6889,16844010,"Nori Miya","2026-09-06 15:17:38",457.7,2,norimiya
6890,16765863,MADUPU.SRINIDHI,"2026-09-05 10:31:08",457.7,2,madupusrinidhi
6891,16664352,"Shreyash Asati","2026-08-06 10:40:56",457.6,1,shreyashasati
6892,16675468,"atakan akgün","2026-08-13 15:32:32",457.5,2,atakanakg
6893,16693307,"Vlad Gavrilov","2026-08-09 04:00:29",457.5,2,vladgavrilov
6894,16663871,"Iyed Djebbi","2026-08-07 09:25:07",457.5,2,iyeddjebbi
6895,16729522,all-coder,"2026-08-16 17:55:08",457.4,2,allcoder
6896,16677524,"Phúc Phạm","2026-08-07 20:16:24",457.4,2,phucpham77
6897,16757204,hhcjj,"2026-08-22 06:42:32",457.3,2,hhcjjkk
6898,16668095,Menna_Allah_Samy12,"2026-08-15 15:04:56",457.3,2,mennaallahsamy12
6899,16785568,"Sneha Bhargava4","2026-09-14 20:21:05",457.2,2,snehabhargava4
6900,16634060,"Chí Thành Đỗ","2026-08-02 05:11:58",457.2,2,chithanhdeptrai
6901,16731790,"A random farmer","2026-08-18 02:19:53",457.2,1,hinatatokuda
6902,16702200,"ANGAD JANGIR","2026-08-11 02:01:38",456.9,2,angadjangir
6903,16858984,Katherine_2002,"2026-09-14 15:49:44",456.9,2,katherine2002
6904,16748500,stimmie,"2026-08-30 16:11:56",456.9,2,stimmie
6905,16656579,"Riad Rayhan","2026-08-15 06:40:35",456.8,2,riadrayhan
6906,16677047,LINOXYR,"2026-08-15 13:13:58",456.8,2,linoxyr
6907,16649339,"华东 朱","2026-08-30 09:35:51",456.8,2,mgdbzny
6908,16784731,Alfred,"2026-09-06 13:27:19",456.7,2,holleyalfred
6909,16890098,"Binief Ta","2026-09-14 14:08:36",456.5,2,biniefta
6910,16852845,quantumgeek,"2026-09-12 06:54:58",456.5,2,yk1598
6911,16838460,"Yash Vardhan","2026-09-08 07:39:50",456.5,2,poruskapil1
6912,16668241,"Shreyansh Kanotra","2026-08-08 19:56:15",456.4,2,shreyanshkanotra
6913,16623712,Dapp,"2026-08-03 23:09:19",456.3,2,lgloria
6914,16854332,kotaross,"2026-09-09 15:18:06",456.3,2,kotaross
6915,16662133,"Ding Lifeng","2026-08-29 08:20:49",456.2,2,dinglifeng
6916,16670155,Kiznaiver,"2026-08-23 14:27:19",456.1,2,kiznaiver
6917,16775069,JWlKIM,"2026-08-26 23:22:43",456.1,2,jwlkim
6918,16802750,"[Deleted] fafa60dd-8026-43cc-b656-34ca4625ef7d","2026-09-01 12:22:13",455.9,1,del=e2a734cecd171934
6919,16690793,"MOHAMMAD ALRASHED","2026-08-08 18:33:34",455.8,2,mohammadalrashed
6920,16726948,Stitch,"2026-09-13 14:52:43",455.8,2,mitsuaccessjam
6921,16695095,"Jayanth Chowdary","2026-08-22 17:50:39",455.8,2,jayanthchowdary24
6922,16675000,"Carl Bell","2026-09-12 10:00:10",455.7,2,allegedcarlbell
6923,16706843,"yh z","2026-08-11 09:32:56",455.6,1,yhz123456
6924,16661786,Nagaraju,"2026-08-10 01:53:04",455.4,2,orugantn
6925,16669703,AnubhavBhadani142,"2026-08-15 06:32:19",455.3,2,anubhavbhadani142
6926,16667601,"Audrius Molis","2026-08-27 19:30:39",455.2,2,vienas
6927,16705510,"Palak Choudhary","2026-08-11 07:12:44",455.1,2,palak2564
6928,16659520,"Play Code","2026-08-05 14:28:00",455.1,2,codenya
6929,16734096,"Cem Ali Görmez","2026-09-06 10:48:37",455.0,2,cemaligrmez
6930,16653429,mktdev,"2026-08-10 12:19:54",454.8,2,mktdev
6931,16799023,"Alkava Ind","2026-09-14 01:50:31",454.5,2,alkavaind
6932,16723614,"James Atteh","2026-09-12 06:28:17",454.4,2,jamesatteh
6933,16696993,healer2408,"2026-08-15 07:10:57",454.1,2,healer2408
6934,16726441,Enrique.rfm,"2026-09-14 16:40:46",454.1,2,enriquerfm
6935,16698141,Zippo,"2026-08-16 05:44:18",453.8,2,gagemerrick
6936,16655316,Nader,"2026-08-10 14:49:21",453.8,2,naderamin
6937,16875460,"Safa Nasrin","2026-09-13 14:02:15",453.4,2,safanasri
6938,16676205,"Alhassan Fedawy","2026-08-14 17:15:07",453.1,2,alhassanfedawy
6939,16660484,"Waiswa Geoffrey","2026-08-31 08:29:58",453.1,2,waiswageoffrey
6940,16755159,"Kay Gijzen","2026-08-23 11:51:31",453.1,2,kaygijzen
6941,16725065,"Maxim Smirnov","2026-08-15 13:21:05",453.0,2,smirnoffmg
6942,16799224,"Tian Yan666","2026-09-03 14:48:42",452.8,2,tianyan666
6943,16682906,Masiki,"2026-09-05 13:55:54",452.7,2,blackseed
6944,16728863,Irabala,"2026-09-14 17:10:31",452.4,2,irabala1
6945,16696959,"Joe Filfli","2026-08-11 10:47:03",452.4,2,joefilfli
6946,16735206,"Shiyal Kishan","2026-08-20 04:01:28",452.1,2,shiyalkishan01
6947,16823197,Cowabunga,"2026-09-14 21:48:48",452.1,2,ameripreye
6948,16721530,revv0o,"2026-08-15 13:58:34",452.0,2,revv0o
6949,16855836,"Srinivasan Raghavan","2026-09-08 18:07:38",451.9,1,srinivasan1812
6950,16883044,"Muhammad Olamide","2026-09-14 16:22:47",451.8,2,muhammadolamide
6951,16707331,"Simon Ziegs","2026-08-23 22:54:11",451.8,2,simonziegs
6952,16815817,haiy_qq,"2026-09-04 01:41:26",451.6,2,haiyqq
6953,16785932,"Thomas Yi","2026-09-04 00:33:06",451.6,2,tyyslashd
6954,16664044,IntentionalSayshara,"2026-09-05 14:45:02",451.5,2,jaelle
6955,16660990,"Bunny Tang","2026-09-10 14:33:23",451.2,2,tanghung64
6956,16623503,"D Mohith","2026-08-01 01:06:22",451.2,2,dmohith
6957,16692128,gibocx,"2026-08-10 18:10:34",451.2,2,gibocx
6958,16659018,"Ramziddin Toxirov","2026-08-11 04:58:03",451.1,2,ramziddintoxirov
6959,16666873,"linli duan","2026-08-12 15:06:42",451.1,2,linliduan
6960,16879477,liuzewen123,"2026-09-14 13:02:10",450.6,2,liuzewen123
6961,16714240,"The Shovel","2026-08-26 03:21:18",450.5,2,"astapasta0,qotqat"
6962,16632855,Shreyash_Automation,"2026-08-21 00:06:49",449.9,2,shreyashautomation
6963,16633786,tuannm3812,"2026-08-28 08:00:42",449.8,2,tuannm3812
6964,16773264,LA28,"2026-09-03 19:44:02",449.7,2,saisreelasyaappali
6965,16847947,"Phongwit Sri","2026-09-14 04:24:54",449.7,2,phongwitsri
6966,16656627,"Soykot Podder","2026-08-14 05:39:06",449.6,2,diptopodder
6967,16675340,"SHAURYA SHARMA","2026-09-03 00:57:48",449.6,2,shauryas555
6968,16666479,"Prajwal Nivangune","2026-08-09 18:33:51",449.5,2,prajwalnivangune
6969,16716002,"Preethi Gnanaprakasam","2026-08-14 09:10:46",449.5,2,preethignanaprakasam
6970,16691704,"Rahman Aliyev","2026-09-10 17:59:57",449.4,2,rahman4li
6971,16658500,"abhinav rai1","2026-08-18 17:24:56",449.3,1,abhinavrai1
6972,16729155,WangZihao5649,"2026-08-24 02:32:08",449.1,2,wangzihao5649
6973,16699633,Nafmo,"2026-08-11 17:10:53",449.1,2,nafmo2
6974,16661014,manu,"2026-08-16 04:45:12",448.9,2,manupandit
6975,16672292,"KARTIKEY PANWAR","2026-08-06 05:46:16",448.7,2,kartikeypanwar
6976,16726285,Dhananjay,"2026-08-15 18:48:20",448.5,2,dhananjaylakkawar
6977,16825489,"Monishwar S","2026-09-06 17:28:12",448.5,1,monishwar2718
6978,16725957,"Ayman Tarig Mohammedosman Elgadi","2026-08-24 02:57:16",448.4,2,aymantarig17
6979,16750435,"Oleksandr Zalievskyi","2026-08-23 18:34:59",448.0,2,sashaworker
6980,16658520,drownedsnake,"2026-08-05 01:03:22",447.9,2,makerplay
6981,16659658,"Tim Wong","2026-08-06 02:02:30",447.9,2,wai0186
6982,16721942,"Daniel Rodriguez Bothe","2026-08-18 16:57:00",447.8,2,danielrodriguezbothe
6983,16700627,"Benedict Ebito Boyubie","2026-08-10 11:03:38",447.4,1,bboyubie
6984,16702980,GCSudarshanReddy,"2026-08-15 17:32:06",447.3,2,gcsudarshanreddy
6985,16654401,ChronoForensics,"2026-08-08 17:26:11",447.3,2,ryanwollmuth
6986,16629201,"GUILLERMO REY PANIAGUA","2026-08-01 16:41:58",447.2,2,guillermoreypaniagua
6987,16845679,"Wenhai Tang (raisin)","2026-09-07 03:33:14",447.1,1,wenhaitangraisin
6988,16713557,kaggri-kal-chal,"2026-09-08 08:32:30",446.9,2,"nainikaanish,shrivastavaaryan"
6989,16656989,Crunchex,"2026-08-29 10:52:11",446.6,2,"asmo04,chinmaysoni48,codencry"
6990,16671665,"Kobata Sota","2026-08-06 07:17:03",446.4,1,kobatasota
6991,16792630,Vipluv1,"2026-09-04 20:32:56",446.2,2,vipluv1
6992,16666878,aaronykchen,"2026-08-17 15:06:13",446.1,2,aaronyukuchen
6993,16738351,"Haidar Faruqi","2026-08-25 05:00:00",446.0,2,haidarfaruqi
6994,16715033,"Colton Byers","2026-08-17 10:41:50",446.0,2,coltonbyers
6995,16660317,esgranja,"2026-08-04 18:58:48",445.8,1,esgranja
6996,16872182,yxxchh,"2026-09-11 13:18:38",445.5,1,yxxchh
6997,16713723,"Jyot Buch","2026-08-12 23:09:41",445.2,2,jyotbuch
6998,16715404,"karthik reddy","2026-09-04 01:34:50",445.1,2,karthikreddyp
6999,16665647,hr15de,"2026-08-28 10:00:50",445.0,2,hr15de
7000,16675215,"Viljen Apalset Vassbø","2026-08-06 22:24:44",444.9,2,viljenapalsetvassb
7001,16668093,Sai_Dattu,"2026-08-07 07:35:01",444.8,2,saidattu2003
7002,16754552,Touyu,"2026-09-09 18:55:09",444.7,1,yutoaoki
7003,16719679,ZhiruiLuo,"2026-08-25 15:52:57",444.7,1,zhirluo
7004,16758987,"Irtaza Ahmed Khan","2026-09-08 06:38:25",444.5,2,yrrebeere
7005,16712259,geqiulin,"2026-08-13 04:46:11",444.3,2,geqiulin
7006,16657520,"Joel De la Cruz Fuertes","2026-08-12 16:33:48",444.2,2,joeldcf
7007,16695521,"Chen Ken","2026-09-07 16:32:18",444.1,2,nuty
7008,16888455,Erin,"2026-09-14 02:55:17",444.1,2,eringobyte
7009,16880707,Joy_22@1,"2026-09-12 11:27:08",444.1,1,joy221
7010,16637342,SupremeWarrior108,"2026-09-13 07:19:15",444.1,2,supremewarrior108
7011,16669170,AsadUsmanFAST,"2026-08-05 22:37:33",444.0,2,asadusmanfast
7012,16665966,aj000,"2026-09-11 09:21:27",444.0,2,anishjagdaleaj
7013,16675385,Apex🦾,"2026-08-14 18:00:17",444.0,2,"raghadabdullara,renadahmadalamri,zzainh"
7014,16871538,freesoso,"2026-09-14 14:01:19",443.9,2,freesoso
7015,16713061,Yuk!,"2026-08-16 10:59:12",443.9,2,mitsuyukiokamura
7016,16708409,toshiconner,"2026-08-12 06:30:06",443.5,2,toshiconner
7017,16777612,"zebra G","2026-08-27 15:46:59",443.4,1,zebrag
7018,16661751,"Shailaja J","2026-08-12 14:51:15",443.4,1,shailajaj
7019,16865650,Azhi,"2026-09-10 09:02:01",443.2,1,azh1sdad
7020,16655820,"Cory Tortorici","2026-08-08 15:20:42",442.9,2,corytortorici
7021,16717912,"Anu Kumari","2026-08-13 18:03:07",442.9,1,anuk16020
7022,16663055,jainish_d24ce180,"2026-08-10 13:54:40",442.7,2,jainishshah35
7023,16659269,"Bedirhan Dinçer","2026-08-10 20:26:46",442.7,2,bedirhandiner
7024,16683390,Christopher34,"2026-08-08 00:20:59",442.7,2,christopher34
7025,16717420,"Muhammad Yasir Sarwar","2026-08-13 14:40:09",442.6,2,muhammadyasirsarwar
7026,16663815,"Tetsuya Sasaki","2026-09-05 00:00:30",442.4,2,sasakitetsuya
7027,16669164,コノウイ,"2026-09-11 14:50:18",442.4,2,nickhu0414
7028,16795330,"Alejandro Villacampa","2026-09-02 17:32:11",442.2,2,avillacampa
7029,16668331,"Maitreya Mohapatra","2026-09-10 20:52:30",442.1,2,maitreyamohapatra
7030,16811013,"Sara Vahidestakhri","2026-09-03 00:32:07",442.1,1,saravahidestakhri
7031,16832891,"Kana Kuroyanagi","2026-09-10 05:23:29",442.0,2,kanakuroyanagi
7032,16768262,"Brayan Miranda G","2026-08-26 19:40:15",441.9,2,brayanmirandag
7033,16854266,もふもふ神,"2026-09-12 16:26:42",441.5,2,mohumohukami
7034,16725349,"Saj Patel","2026-08-15 21:55:42",441.5,2,sajpatel15
7035,16847224,peiyingtok,"2026-09-12 14:19:53",441.4,2,"cwy0904,jasonchao89,jaspersooks,makomek,peiyingtok"
7036,16663804,"Fredy Meyer","2026-08-05 20:19:51",441.3,2,alexmeyerm
7037,16773032,fecrescencio22,"2026-09-02 21:07:10",441.3,2,fecrescencio22
7038,16686796,"Harinath Reddy A","2026-08-23 21:23:45",441.1,2,harynath
7039,16664004,"Me, Myself, and I","2026-08-11 03:57:46",440.9,2,notlunarxd
7040,16778939,"Stepan Antonov","2026-08-27 07:59:30",440.9,1,stepanantonov
7041,16885464,"Javier Hernáez","2026-09-14 16:11:44",440.8,2,javierhernaez
7042,16660697,"Dannis Wong11","2026-09-09 10:07:46",440.8,2,danniswong11
7043,16742149,"Ankith Savio","2026-09-09 13:16:09",440.7,2,weedoo
7044,16890511,"Alex Solonsky","2026-09-14 08:57:30",440.7,1,alexsolonsky
7045,16669168,"Kingsley Jide","2026-08-31 21:30:18",440.7,2,kingsleyjide
7046,16658678,"Manav Aghera","2026-09-06 18:16:28",440.6,2,manavaghera
7047,16742009,"Mutyam kavyanjali","2026-08-19 10:25:06",440.0,1,mutyamkavyanjali
7048,16792685,李明,"2026-08-31 00:46:42",440.0,2,liming2026good
7049,16761319,Yuvraj,"2026-08-23 07:29:44",439.9,1,yuvrajkr01
7050,16827781,c1626343198,"2026-09-04 14:50:37",439.8,2,c1626343198
7051,16889078,"Md Waquar Ahmad","2026-09-14 13:02:39",439.8,2,mohdwaquarahmad
7052,16883962,"Ilakk manoharan","2026-09-15 01:19:18",439.7,2,ilakkmanoharan
7053,16692782,"Andres Regino","2026-08-23 20:26:03",439.6,2,andresregino
7054,16656156,"Kshitij aucharmal","2026-08-06 04:35:27",439.6,2,narutoaucharmal
7055,16666447,"Shuaib ayad Jasim Jasim","2026-08-06 20:51:47",439.6,2,shuaibayadjasimjasim
7056,16660343,"Mert Olgun899","2026-08-05 13:05:07",439.3,2,mertolgun899
7057,16671773,"Sawyer Lundberg","2026-08-07 03:33:23",439.2,2,sawyerlundberg
7058,16751796,"Leo Pallorina","2026-08-23 14:06:17",439.2,2,lelelsp
7059,16706184,"Lingaraju Saikumar","2026-08-16 11:51:34",438.8,2,lingarajusaikumar
7060,16662985,DanTheDataScienceMan,"2026-08-05 17:40:06",438.7,1,danthedatascienceman
7061,16658521,"Vishal Dhariwal","2026-08-08 11:43:36",438.7,2,user412
7062,16845067,"Vineet Gupta","2026-09-14 09:08:20",438.7,1,"graceydugar,vineetgupta2023"
7063,16876529,"Νικόλαος Μπριάκος","2026-09-14 18:59:12",438.6,2,bnikos
7064,16797029,phospholipid,"2026-09-13 14:21:08",438.4,2,phospholipid0614
7065,16664129,"Mr M 8641","2026-08-06 18:57:45",438.4,2,mrm8641
7066,16726168,"Shrey Modi","2026-08-15 19:42:14",438.3,2,shreymodi2
7067,16857491,cherish_zhang,"2026-09-10 09:09:54",438.2,2,cherishzhang
7068,16664406,"MURDER GOOSE","2026-08-05 09:45:33",438.0,2,ujjwalar
7069,16768578,"Patrick Lzz","2026-08-25 02:56:30",438.0,2,patricklzz
7070,16633984,"Mongkhon Hatit","2026-08-04 11:58:56",437.8,2,mongkolhatit
7071,16707437,"Ivan Plekhanov","2026-08-11 12:03:11",437.8,1,nnob0dy
7072,16658051,SethuMadhavan004,"2026-08-09 09:38:27",437.8,2,sethumadhavan004
7073,16659939,"Mouafak Dakhlaoui","2026-09-05 13:26:34",437.6,2,sharmoul
7074,16793657,Xin_T,"2026-08-30 16:48:11",437.3,1,xint666
7075,16621518,jaccobian,"2026-08-29 08:11:50",437.1,2,harshraj22
7076,16668522,"Moatez Litaiem","2026-08-06 16:57:54",437.1,2,moatezlitaiem04
7077,16760377,"Yuxuan Qian","2026-08-29 23:45:28",437.1,2,yuxuanqian
7078,16663259,erush,"2026-09-08 03:16:44",437.0,2,erushia
7079,16705640,"Dongre Laxman","2026-08-12 12:36:29",436.7,2,dongrelaxman
7080,16807636,"Liu Panfeng","2026-09-05 00:30:20",436.2,2,liupanfeng
7081,16654175,abhiv142,"2026-08-11 13:22:03",436.2,2,abhiv142
7082,16676256,"Kotaro Nakamura","2026-08-11 22:18:41",436.1,2,kotaroma
7083,16716636,"Mahamane Lawaly","2026-08-13 10:22:51",436.1,1,mahamanelawaly
7084,16892509,"Konko M","2026-09-14 18:52:34",436.0,2,konkomaji
7085,16671911,"Dwi Eflatino","2026-08-16 10:44:17",435.8,2,eflatino
7086,16735012,"Shuvam Swapnil Dash","2026-08-28 19:56:48",435.6,2,"shashwatmandal,shuvamswapnildash"
7087,16774921,"conor lowth","2026-08-28 10:46:42",435.6,2,conorlowth
7088,16670464,halfpintcider,"2026-09-10 14:38:52",435.0,2,"amoghdeshpande2021,visspric7"
7089,16663976,"wangyang denis","2026-08-12 06:26:08",434.7,2,wangyangdenis
7090,16761148,Deku,"2026-08-23 13:36:57",434.7,1,piyushsharma5654
7091,16892644,ElKnilcho,"2026-09-14 19:01:37",434.7,2,elknilcho
7092,16732041,"Vallapu Nandini","2026-08-17 10:22:47",434.6,1,nandinivallapu
7093,16698029,"Meet Vachhani","2026-08-10 18:34:55",434.5,2,meetvachhani7
7094,16662726,"Juan Carlos González Aguilar","2026-08-14 19:54:48",434.5,2,juancg
7095,16736432,"Sarthak #2","2026-08-18 12:33:53",434.2,2,srthkdixit
7096,16723301,mayukistarry,"2026-08-15 02:20:13",434.0,2,mayukistarry
7097,16848309,"Angela Wu","2026-09-09 03:56:03",434.0,1,angelawurx
7098,16702935,"Defne Demir","2026-08-11 18:27:36",433.9,2,defnedemir
7099,16640814,"Kritika Adhikari","2026-08-07 09:25:26",433.7,2,kritikaadhikari
7100,16662589,"Arunagirinadan Sudharshan","2026-09-06 07:07:50",433.6,2,sudhanaruna
7101,16664514,"Henry Adjanor tetteh","2026-08-12 00:43:41",433.5,2,henryadjanortetteh
7102,16750931,"Antonio Rotundo","2026-08-27 12:52:58",433.5,2,antoniorotundo2
7103,16638019,Randynho,"2026-09-03 18:18:13",433.5,2,randynho
7104,16623582,yunsuxiaozi,"2026-08-01 13:59:57",433.5,2,yunsuxiaozi
7105,16638953,"Joe Young","2026-08-03 19:23:13",433.4,2,jsphyg
7106,16826555,AioRaito,"2026-09-07 00:30:20",433.3,2,aioraito
7107,16757351,SaiVenkatesh,"2026-09-05 10:30:00",433.1,2,nothingnew
7108,16660923,naganikshith,"2026-08-06 08:01:09",433.1,2,naganikshith
7109,16831179,"Andrey Baranov","2026-09-10 15:10:38",433.0,2,baranov
7110,16630896,OpenBuilder,"2026-08-08 12:09:06",433.0,2,weijunguo
7111,16805621,"DIVYANSH KUMAR SINGH CHAUHAN","2026-09-02 04:04:53",432.8,2,capdiv
7112,16634016,"Adrien Thomas","2026-09-13 16:40:18",432.8,2,adrienthomas
7113,16660073,"Mahad Kakooza","2026-09-06 20:30:18",432.6,2,mahadkakooza
7114,16706054,"ErrorX Info","2026-08-20 11:30:03",432.5,2,"errorxinfo,shyampatel47"
7115,16656951,"[Deleted] 6015b650-8e16-4705-8036-db40bdd2d353","2026-08-04 09:08:05",432.5,1,del=084ea76838ad756b
7116,16660515,"pooja sandali","2026-08-08 05:51:03",432.5,2,poojasandali
7117,16656023,JD_Mello,"2026-09-06 01:41:52",432.4,2,jdmello
7118,16751979,"Sasha Sam","2026-08-27 20:02:46",432.3,2,sashasam
7119,16685615,Spectra,"2026-08-07 16:14:32",432.0,2,thomaskressig
7120,16661966,Rocket,"2026-08-29 18:05:35",431.9,2,"aarchie4,nick16541,siddharthdongardive"
7121,16743032,"Sabarishvar S S","2026-09-03 17:49:08",431.9,1,sabarishvarss
7122,16732395,"Nikita Antonov","2026-08-23 08:33:03",431.8,2,nantonov
7123,16890222,"Borisov Emilian","2026-09-14 19:14:12",431.6,2,emili123
7124,16640810,まさやん,"2026-08-12 15:22:53",431.4,2,masayam1234
7125,16796474,"Chaitanya Mundhe ","2026-09-13 12:27:10",431.3,2,chaitanyamundhe
7126,16685904,KavYaHD,"2026-08-10 13:02:45",431.2,2,kavyahd
7127,16630020,"Piotr Gabrys","2026-08-09 16:53:59",431.1,2,piotrekga
7128,16808233,"Yash Hingane","2026-09-04 12:53:43",431.1,2,yashhingane
7129,16670387,"Oracle69 AI","2026-09-12 00:48:38",430.9,2,princeadewaleadewumi
7130,16632841,AGG,"2026-09-05 18:33:20",430.6,2,aleixgim
7131,16644023,"Yiğit Efe Albaş","2026-08-02 18:34:39",430.2,1,yiitefealba
7132,16657712,"samuel job Adeola ","2026-09-04 23:18:57",430.1,2,samueljobadeola
7133,16658535,khanna.rohit5,"2026-08-10 05:00:31",430.1,2,khannarohit5
7134,16763523,"Nam Khánh Lê","2026-09-02 06:28:44",429.9,2,"khanhss,khimbodoi"
7135,16657574,harikrishnacs,"2026-08-04 12:28:53",429.7,2,harikrishnacs
7136,16675232,"Rafif Ariq Rabbani","2026-08-27 19:37:32",429.4,2,rafifariqrabbani
7137,16676327,shu10038,"2026-09-14 12:07:16",429.4,2,shu10038
7138,16661659,"Ivan Zagorulko","2026-08-05 10:53:13",429.4,2,normaldaki278
7139,16666132,andres555,"2026-08-28 14:36:21",429.4,2,"andres555,violalin"
7140,16726765,"Ali Al-Killidar","2026-08-16 09:47:37",429.2,1,alialkillidar
7141,16664818,"B M Dimpu Shree","2026-08-21 10:51:22",429.2,2,bmdimpushree
7142,16665988,"Ronel maamoc","2026-08-31 09:37:13",429.1,2,ronelmaamoc
7143,16632503,"Wei Hsiang Lin111","2026-08-01 07:42:33",429.1,2,weihsianglin111
7144,16747782,"Muhammad Agam Febryan","2026-08-29 18:22:04",428.9,2,muhammadagamfebryan
7145,16712906,"Sharad Garg","2026-08-13 14:54:43",428.8,2,sharadgarg
7146,16783050,"Charles Chen","2026-09-07 06:24:21",428.8,2,charles2580
7147,16655997,tanatet8,"2026-09-05 11:00:05",428.7,2,tanatet8
7148,16798974,huangbin,"2026-09-13 04:55:48",428.7,2,huangbin1
7149,16728945,"Suryansh Kulshreshtha","2026-09-01 14:39:14",428.7,2,"busyfellow,suryanshkulshreshtha"
7150,16759916,"Jeevith G","2026-08-23 06:58:50",428.7,2,jeevithg090
7151,16699436,"Oluwaseun O Adeya","2026-08-23 01:22:24",428.6,2,oluwaseunoadeya
7152,16892318,"fumiya utsuno","2026-09-14 16:21:11",428.6,1,fumiya326
7153,16697396,"Collective Win","2026-08-18 05:10:12",428.6,2,collectivewin
7154,16710428,"Mansi Aggarwal","2026-09-13 15:30:53",428.6,2,mansiaggarwal88
7155,16665040,"Arnav Yashlaha","2026-08-05 05:44:26",428.5,2,arnavyashlaha
7156,16660413,Ritesh-2006,"2026-08-21 10:21:53",428.4,2,ritesh2006
7157,16728839,Mharfe,"2026-09-06 23:26:08",428.3,2,mharfe
7158,16665152,"Ahmed Karim","2026-08-17 11:32:15",428.2,2,versusic
7159,16805176,"Hritvika Tawde","2026-09-13 11:22:46",428.2,2,hritvikatawde
7160,16631609,dlougen,"2026-08-04 16:40:03",427.9,2,dlougen
7161,16694497,Kawai,"2026-08-23 18:33:10",427.9,2,"lavendermoon19,sumitwod"
7162,16726052,"Peter Mugoya","2026-08-27 04:32:50",427.8,2,petermugoya
7163,16784400,K_DHEERAJ_11,"2026-08-31 02:58:38",427.7,2,kdheeraj11
7164,16657545,"Deepak Singh","2026-08-11 13:50:31",427.6,2,vihaannegi
7165,16668368,"Waleed Hasan","2026-08-12 01:42:22",427.6,2,whasan
7166,16698570,MurphyIIVan,"2026-08-10 03:35:41",427.5,2,murphyiivan
7167,16829367,"quant park","2026-09-05 07:55:05",427.4,2,quantpark
7168,16691790,"Akshay Sawant","2026-08-08 19:33:14",427.4,2,akshaysawant8983
7169,16762837,Nagamatsur,"2026-09-12 07:40:57",427.3,2,rihitonagamatsu
7170,16705401,"Nguyen Hong","2026-09-11 15:45:21",427.3,2,nguyenhongbubu
7171,16623528,"Faijur Rahaman","2026-08-20 09:40:07",427.2,2,faijurrahaman
7172,16693255,"Carlos Hideo Yamaguchi","2026-08-10 00:59:12",427.2,2,carloshy
7173,16623135,mohduwaishchaudhary,"2026-07-30 22:05:45",427.1,2,muwaish5
7174,16678819,"Digant Kathiriya","2026-08-07 02:07:51",427.0,2,digantkathiriya
7175,16744018,"ZK Adam","2026-08-27 17:40:04",427.0,2,zkadam
7176,16675043,malibu_orange,"2026-09-05 13:27:13",426.8,2,malibuorange
7177,16728394,"Aisultan Davletkan","2026-08-16 13:01:38",426.8,1,aisdav
7178,16796102,yiliang,"2026-08-31 12:55:20",426.7,2,yilianglv
7179,16774592,"Oliad Dandana","2026-08-27 09:28:20",426.6,2,olidan
7180,16662896,"Adrian Dubois","2026-09-12 22:49:02",426.6,2,adriandubois
7181,16885346,"Michael Handal","2026-09-13 16:23:03",426.6,1,michaelhandal
7182,16753895,Andrew98,"2026-08-22 13:10:58",426.5,2,vitem98
7183,16655891,"Yukihito Ikoma","2026-08-27 03:55:41",426.4,2,yikoma
7184,16701064,KMishra011,"2026-08-20 20:30:34",426.3,2,kmishra011
7185,16723411,CaZen,"2026-08-15 10:48:16",426.3,2,cathzwah
7186,16678298,"RITIK CHAUDHRY","2026-08-10 13:34:35",426.1,2,ritikchaudhry13
7187,16757336,Stevejustin,"2026-08-31 04:18:31",426.1,2,stevejustin
7188,16634911,onlytimeknows,"2026-08-22 12:31:11",426.1,2,onlytimeknows
7189,16729351,vlad.shorodok,"2026-08-16 18:05:09",426.0,2,vladshorodok
7190,16623054,"Max Bond ABE","2026-08-15 22:43:34",425.9,1,maxbondabe
7191,16802028,Dong,"2026-09-11 03:53:23",425.9,2,protostar
7192,16666596,"Daumas Benjamin","2026-09-03 10:05:38",425.8,2,daumasbenjamin
7193,16623631,SeaEag1e,"2026-07-31 06:26:17",425.7,1,seaeag1e
7194,16890342,Bin.Han,"2026-09-15 00:07:32",425.0,2,binhan0514
7195,16663104,Sohan,"2026-08-23 14:42:40",424.9,2,sohansinghrawat
7196,16661990,"Olaoluwa Abiodun","2026-08-05 14:57:07",424.8,2,laoluwaa
7197,16780101,jjjhoon,"2026-08-28 04:04:26",424.7,2,jjjhoon
7198,16671670,"Karla Ziegler","2026-08-08 21:14:37",424.6,2,karlaziegler
7199,16639916,BloomBerry,"2026-08-12 12:38:31",424.5,2,kagglepalandata
7200,16723779,Matheubern,"2026-09-07 02:24:32",424.3,2,matheubern
7201,16715416,"Md. Adnan","2026-09-11 21:26:30",424.2,2,mdadnan96
7202,16662646,"Jay Parsana","2026-08-09 18:07:10",424.2,2,jay051
7203,16719296,Mr.TtT_Games,"2026-08-14 04:58:39",424.0,2,mrtttgames
7204,16881479,GG,"2026-09-13 11:27:34",424.0,2,ggroth
7205,16663258,sawe,"2026-08-05 17:07:24",423.9,2,boiihhh
7206,16709337,"Chris Turnbull","2026-08-11 22:15:57",423.7,2,christurnbull
7207,16658366,kuroneko,"2026-08-04 10:43:29",423.4,2,kurorosuke
7208,16670475,Adib,"2026-08-06 02:02:27",423.4,2,adibemohamed
7209,16759765,"Ososanwo Idris Olaitan","2026-09-11 18:38:06",423.0,2,ososanwoidrisolaitan
7210,16840668,"Aratrika Ruhal","2026-09-13 23:35:13",423.0,2,aratrikaruhal
7211,16726616,9Hash,"2026-08-19 19:08:01",422.9,2,hashimrazi
7212,16659459,"Akandé Philippe ABIODOUN","2026-08-06 11:58:09",422.7,2,vrmelo
7213,16662079,"Farrukh Hussain","2026-09-08 11:36:07",422.7,2,farrukhhussai
7214,16863551,"Fady Mohammed","2026-09-13 09:49:11",422.7,2,fadymagdy
7215,16716589,"Shaik Adilazeez","2026-08-13 09:29:44",422.5,1,shaikadilazeez
7216,16669434,"Saugat Kannojia","2026-08-07 11:45:47",422.4,2,saugatkannojia
7217,16690197,"Ankit Kushwaha_06","2026-08-18 08:10:12",422.4,2,ankitkushwaha06
7218,16858944,Ashish_G_A,"2026-09-10 20:54:56",422.2,2,ashishga
7219,16780915,"Aravind S","2026-08-29 18:04:47",421.9,2,aravind20061981
7220,16686954,"Davie Mdumuka","2026-08-09 19:40:56",421.8,1,daviemdumuka
7221,16671913,res67,"2026-08-07 16:22:30",421.6,2,junyeanyap
7222,16675462,bkcoban,"2026-08-07 18:22:48",421.2,2,bkcoban
7223,16675900,"Pranav Advani","2026-08-23 14:43:09",421.2,2,pranavadvani
7224,16758681,"Sahil suman","2026-08-26 16:26:13",421.0,2,gruntingtorch
7225,16795877,"Marco Polo","2026-09-15 00:02:26",421.0,2,zhesong1
7226,16676397,Rohan_Joshi6404,"2026-08-13 13:58:56",420.9,2,rohanjoshi6404
7227,16790718,"Carlos Alves","2026-09-02 04:29:42",420.8,2,carlosone
7228,16717679,mureee,"2026-09-10 05:46:33",420.8,2,"hosyan3279,mureee54"
7229,16665228,Jason_Qian,"2026-08-05 16:00:43",420.8,2,jasonqia
7230,16665470,KanakoS,"2026-08-18 13:13:58",419.7,2,kanakos
7231,16888433,SINKO1,"2026-09-15 00:55:41",419.6,2,sinko1
7232,16663286,"Fan Wang","2026-08-10 21:12:40",419.5,2,wangfan420
7233,16700685,"Preeti Dhotmal","2026-08-27 11:25:29",419.4,2,preetidhotmal
7234,16784030,"Pooja Gera","2026-09-02 15:10:47",419.3,2,poojagera00
7235,16701713,"Максим Хованский","2026-08-10 14:35:38",419.2,1,yeezynaizi
7236,16711374,Jascha,"2026-08-13 11:22:30",419.2,2,lippja
7237,16851939,"Naoya Mieno","2026-09-11 06:19:02",419.2,2,naoyamieno
7238,16701885,"Mehdi L.","2026-08-13 13:41:14",418.7,2,lmehdi
7239,16622943,"Erwin Huizenga","2026-09-06 15:04:57",418.7,2,erwinh
7240,16791546,fatimakhlid,"2026-09-10 21:00:33",418.4,2,fatimakhlid
7241,16662089,"Alonso Gallego Pacho","2026-08-27 13:27:36",418.0,2,alonsogallegopacho
7242,16670188,orivael,"2026-08-05 21:20:17",417.5,2,orivael
7243,16658498,cheesama,"2026-08-04 23:36:18",417.3,2,cheesama
7244,16673009,CruelShow,"2026-09-13 10:36:40",417.3,2,cruelshow
7245,16716657,"Jasti Phani","2026-08-19 08:38:00",417.2,1,jastiphani
7246,16676726,"Manaswi Bansal","2026-08-16 06:28:05",417.0,2,manaswibansal
7247,16664512,oggyiu,"2026-09-01 07:46:10",417.0,1,oggyiu
7248,16864670,"Takahiro Cho","2026-09-10 04:55:10",416.9,1,takahirocho
7249,16818498,"AARYAN VISHAL","2026-09-07 11:53:23",416.9,2,aaryanvishal
7250,16885124,"LABHESH YAWALKAR","2026-09-13 07:45:34",416.9,1,labheshyawalkar
7251,16793944,"Grupo 808","2026-08-30 22:36:59",416.9,1,grupo808
7252,16666944,"Meghnath S","2026-08-11 01:56:22",416.9,2,meghnaths
7253,16696939,"Keaton Zang","2026-08-10 21:24:20",416.9,1,keatonzang
7254,16884997,"Le Huy Tuong","2026-09-14 03:12:25",416.6,2,lehuytuong
7255,16802866,"Antonio Di Cecco","2026-09-01 18:37:02",416.3,1,antdic
7256,16841826,抵扣豆浆,"2026-09-14 02:03:05",416.1,2,tootough
7257,16661453,"Disleve Kanku","2026-08-14 15:32:51",416.0,2,dislevekanku
7258,16884028,"Jayden Y","2026-09-13 15:26:49",415.9,1,jy0810
7259,16716702,"majjati khalid ","2026-08-19 14:12:32",415.7,2,khalidma
7260,16719603,"sravan Tirumala","2026-08-14 03:05:43",415.6,1,sravantirumala
7261,16712633,"Andy Andy","2026-08-13 08:11:38",415.5,2,andy3373
7262,16658202,"SNAEHATH P","2026-08-06 13:51:15",415.1,2,snaehath
7263,16658304,"KETHAVATH Aadarsh","2026-08-05 21:00:45",415.1,2,kethavathaadarsh
7264,16839457,HugoLee_dreamer,"2026-09-14 01:18:31",415.0,2,hugoleedreamer
7265,16715912,"Hiroshi Sakiyama","2026-08-14 13:22:19",414.9,2,hiroshisakiyama
7266,16733886,LuisMV8,"2026-09-12 17:01:10",414.8,2,luismv8
7267,16684776,"D Rithika","2026-08-10 18:36:30",414.8,2,drithika
7268,16638704,"Lee Yen Fei","2026-09-01 03:31:45",414.6,2,leeyenfei
7269,16712796,"Kumar Saurabh","2026-09-11 09:02:40",414.3,2,bakakaka
7270,16660287,BhatNasir,"2026-08-04 16:29:18",414.3,2,nasir94
7271,16710244,Bytemindd,"2026-08-26 10:20:45",414.3,2,"daisy023,sruthikanv,thasneemj,uthayanandhini,vajraparameswari"
7272,16779769,"Pravin jeyavel","2026-09-14 05:39:48",414.2,2,pravinjeyavel
7273,16783870,郭一贤,"2026-08-29 07:22:41",414.2,2,guoyixian2
7274,16663981,"Steven Pun","2026-08-07 01:59:52",414.2,2,stevenpunn
7275,16716299,Biwaaa67,"2026-08-13 19:57:06",414.1,1,biwaaa67
7276,16758093,_student,"2026-08-23 22:21:25",414.0,2,drvtalan
7277,16690812,zhangkai_0121,"2026-08-09 01:40:21",413.8,2,zhangkai0121
7278,16738335,"Xuzhou Dong","2026-08-20 14:39:16",413.5,2,xuzhoudong
7279,16662319,ethan.ai,"2026-08-13 18:16:35",413.3,2,ethanai
7280,16659720,Project_Kurukshetra,"2026-08-16 05:01:34",413.2,2,"chaitanyaterli05,lavanyayandapalli"
7281,16732340,"BJ Kim","2026-08-19 15:17:16",413.1,2,doitdoit80
7282,16681209,AgenticBuilder,"2026-08-13 18:44:29",412.9,2,gau2112
7283,16690299,"EL GORRIM MOHAMED","2026-09-01 10:59:10",412.9,2,elgorrimmohamed
7284,16844262,"S Aishvarya","2026-09-14 11:39:03",412.8,2,saishvarya
7285,16747544,OliverYip,"2026-08-25 06:01:07",412.8,2,oliveryip
7286,16661717,"Yaswanth Ippili","2026-08-06 11:32:13",412.7,2,yaswanthippili
7287,16669102,Ritik,"2026-08-07 18:11:13",412.6,2,xritikx
7288,16886174,ZZDW_,"2026-09-14 15:54:34",412.6,2,"fufustory,hashak,linjunren1016,mushroom1763,yamaer"
7289,16674278,"Niels de Gier","2026-08-07 15:57:04",412.5,2,nielsdegier
7290,16723569,"Trishanth Mellimi","2026-08-15 07:09:55",412.5,2,trishanthmellimi
7291,16752444,zama,"2026-08-25 04:31:12",412.4,2,zamami
7292,16890562,Names231,"2026-09-14 16:08:48",412.2,2,names231
7293,16807538,Asterope,"2026-09-10 04:59:25",412.1,2,jianlee0
7294,16657054,"ömer umut güngör","2026-08-05 06:10:22",412.0,2,merumutgngr
7295,16695627,"Xu Lou","2026-08-09 13:01:23",412.0,2,xuxiaozhou666
7296,16735580,"Dhiya Nachimuthu","2026-08-30 06:13:38",411.9,2,dhiyanachimuthu
7297,16834632,casua132,"2026-09-05 07:56:17",411.8,1,casua132
7298,16681441,"Lamiaa Al-bdrani","2026-08-07 04:25:50",411.8,1,lamiaaalbdrani
7299,16729669,HYPEREUCLIDEAN,"2026-08-19 07:47:48",411.7,2,hypereuclidean
7300,16768884,z y f 007,"2026-08-31 05:39:35",411.7,2,zyf007
7301,16790615,"Suryansh Vashisth","2026-08-31 10:38:54",411.7,2,songoku2005
7302,16731832,jackee777,"2026-09-10 18:23:16",411.0,2,jackee777
7303,16868576,DarkhanShakhan,"2026-09-10 21:09:34",410.9,2,darkhan1991
7304,16667615,"Zayd Mulani","2026-08-08 23:05:57",410.8,2,zaydmulani
7305,16667759,"Nafis Fuad Shahid","2026-08-05 19:21:39",410.7,2,nafisfuadshahidd
7306,16660318,"Aiman Al-Shalfi","2026-09-14 12:39:08",410.6,2,aimanalshalfi
7307,16663990,"OURNO PAPA SALIF","2026-08-07 23:18:43",410.4,2,belfiremine
7308,16749503,ally,"2026-08-23 11:48:49",410.4,2,phamngoclinh
7309,16786328,"DanishGW School","2026-09-02 03:50:19",410.3,2,danishgwschool
7310,16662081,Ayush_Bhaskar_25323010,"2026-08-08 19:49:56",410.2,2,ayushbhaskar25323010
7311,16716670,"Aremanda Yasaswini","2026-08-13 09:27:46",410.2,1,aremandayasaswini
7312,16661331,"John Wessel","2026-09-15 00:27:06",409.9,2,johnwessel
7313,16808705,Danielaijdkx,"2026-09-03 11:29:34",409.5,1,danielaijdkx
7314,16890654,"Niloofar Y.","2026-09-14 09:50:16",409.5,1,niloofaryoonesi
7315,16796572,"Phan Van Hieu ","2026-08-31 14:23:03",409.5,2,phnvnh
7316,16679904,"Joshua Bensemann","2026-09-12 12:08:09",409.3,2,qazcat
7317,16706257,dlv,"2026-08-13 11:11:14",409.2,2,ducott1
7318,16808646,"Yimeng Wang","2026-09-08 06:33:38",409.2,2,yimengwang0814
7319,16660852,"K VISHALINI","2026-08-13 06:59:27",409.1,2,kvishalini
7320,16679850,AryaGarg23,"2026-08-09 03:33:14",409.1,2,aryagarg23
7321,16779823,"Jean Dem","2026-08-31 12:38:41",409.0,2,jeandem
7322,16689344,"Shalini Gangrade","2026-08-09 13:17:30",409.0,2,shalinig1
7323,16809202,amano,"2026-09-03 13:44:49",408.8,2,amanoshotaro
7324,16729874,"Shane Schisler","2026-09-08 03:08:31",408.7,2,seschis
7325,16741746,"Ahmed Harfoush","2026-08-19 09:47:45",408.6,1,ahmed1harfoush
7326,16684225,"Aum Savaliya","2026-08-10 20:10:02",408.6,2,aumsavaliya
7327,16705300,T3485D5T,"2026-09-03 08:20:18",408.6,2,"danijelbilalli,t3485d5t"
7328,16659588,"Priya J","2026-08-14 05:57:46",408.6,2,priyaj21
7329,16757017,"William Green","2026-09-05 01:33:23",408.2,1,dskswu
7330,16891519,SongShijieCC305,"2026-09-14 16:03:59",408.2,2,songshijiecc305
7331,16707987,"Big Balls Entertainment","2026-08-12 10:18:24",408.1,2,"pavivin,semenkolesnikov"
7332,16855885,"Shinonome Seiga","2026-09-10 05:10:04",407.9,1,shinonomeseiga
7333,16777871,嵇禄lugent,"2026-09-01 00:00:35",407.9,2,lugent
7334,16809998,chzCharbs,"2026-09-03 17:38:24",407.9,2,chzcharbel
7335,16763938,"joel paul","2026-08-26 02:05:07",407.8,2,joelpaulf
7336,16764608,messibeatgravity,"2026-08-24 05:34:05",407.7,1,messibeatgravity
7337,16669346,"Jalpesh Vasa","2026-09-14 18:23:32",407.4,2,"deep1812,jalpeshvasa"
7338,16778127,Nimmokumar,"2026-09-11 13:37:45",407.4,1,nimmokumar
7339,16722122,Abhas20,"2026-08-19 10:02:51",407.4,2,abhas20
7340,16738441,"Moritz Huber","2026-08-30 21:00:10",407.4,2,moritzhuber
7341,16840626,"Christopher Márquez","2026-09-12 22:23:02",407.3,2,christophermrqz1174
7342,16653006,"anthony mbadiwe ikeme","2026-08-18 09:08:02",406.8,2,anthonymbadiweikeme
7343,16716488,"Will Henderson290","2026-08-14 13:27:25",406.7,1,willhenderson290
7344,16667987,"Kunj Kansara","2026-08-05 13:41:26",406.7,1,kunjkansara
7345,16689877,Amr_Said1233,"2026-08-08 08:48:28",406.7,1,amrsaid1233
7346,16663674,"Mason Mahar","2026-08-30 04:00:17",406.7,2,masonmahar
7347,16666257,"Shijian Wen","2026-08-06 09:40:44",406.6,2,shijianwen
7348,16669218,"Shaik Sabiya","2026-08-12 09:15:22",406.6,2,shaiksabiya55
7349,16794302,bettta11,"2026-09-04 23:25:27",406.5,1,bettta11
7350,16730589,山谷知輝,"2026-09-02 02:03:05",406.4,2,tomokiyamaya
7351,16727022,Saharkh99,"2026-09-01 00:18:26",406.3,2,saharkh99
7352,16656608,"Jeffrey Dilley","2026-08-04 15:40:08",406.3,1,jeffreydilley
7353,16666958,TinkerBotics,"2026-08-05 20:29:19",406.1,2,salosojaedwin
7354,16630662,Akshatjhawar777,"2026-08-05 12:18:30",406.1,2,akshatjhawar777
7355,16797045,"Carl Pang","2026-09-08 23:21:35",406.0,1,carlpang
7356,16656902,"Ram Chandra Gupta","2026-08-05 10:18:41",405.4,2,ramchandra142
7357,16750743,"Nagimov Timur","2026-08-20 21:10:30",405.2,2,nagimovtimur
7358,16689970,"Константин Паращук","2026-08-08 09:15:08",405.2,1,kangchenxi
7359,16848262,Philedo,"2026-09-12 14:33:59",405.1,2,philedo
7360,16624879,indira,"2026-07-31 06:52:02",405.1,2,inansia
7361,16734431,"Maxwell Herron","2026-08-19 02:06:34",405.0,2,maxwellherron
7362,16739939,crescent_star,"2026-09-09 04:42:10",404.8,2,cenzop
7363,16893233,"Garrick Lai","2026-09-14 22:24:17",404.7,1,garricklai
7364,16880393,flower_s,"2026-09-14 15:37:50",404.6,2,flower244140625
7365,16758663,"Light In","2026-08-22 19:18:51",404.1,2,lightin45
7366,16625418,"Hariprasanth Paranjothy","2026-08-01 05:52:19",404.1,2,hariprasanth8
7367,16661633,"Joseph Garcia","2026-08-19 16:28:08",404.0,2,josephpgar
7368,16708896,"Alberto Scinetti","2026-08-13 19:18:11",404.0,2,albertoscinetti
7369,16654258,"Ashray Bagde","2026-08-13 08:13:00",403.9,2,ashrayaaaaa
7370,16691891,"Gagan Thakur","2026-08-16 04:36:51",403.8,2,gaganthakur2006
7371,16729708,msmsuman,"2026-09-06 11:11:45",403.7,2,msmsumanmuskan
7372,16849620,rgbweston,"2026-09-07 18:00:17",403.6,1,rgbweston
7373,16660489,"Luca Lullo","2026-08-05 20:21:38",403.4,2,lucalullo
7374,16761784,"Ghaith Kammoun","2026-08-24 21:19:54",403.3,2,ghaithkammoun
7375,16716585,"tejaswini kakollu","2026-08-13 09:12:37",403.3,1,tejaswinikakollu
7376,16668268,"Kunal Rout","2026-08-06 05:48:25",403.1,2,charlotte26
7377,16794871,IMosia,"2026-09-14 04:49:49",402.9,2,ivanmosiagin
7378,16709179,"SATENDRA SINGH","2026-09-09 15:39:20",402.7,2,satendrasingh9876
7379,16768174,lambdap,"2026-09-06 13:25:29",402.6,2,lambdap
7380,16657063,"those how","2026-08-04 07:50:57",402.5,2,thosehow
7381,16763400,"Parth Sarnobat","2026-09-11 15:02:38",402.5,2,parthsarnobat
7382,16759225,"Andrea Jordan Paro","2026-08-24 11:24:14",402.2,2,andreajordanparo
7383,16690029,Nitesh_Prajapati2569,"2026-08-18 08:12:30",402.2,2,niteshprajapati2569
7384,16706516,"Mohit Khade13","2026-08-26 16:03:22",402.1,2,mohitkhade13
7385,16693087,osprey2k,"2026-09-09 02:34:27",402.1,2,osprey2k
7386,16665959,"Lourenz Baliber","2026-08-18 00:34:06",401.7,1,lourenz
7387,16750666,"Mitali Yadav","2026-09-11 00:07:21",401.6,2,mitaliyadav18
7388,16860003,"Aatif Sayyad","2026-09-10 21:31:13",401.6,2,aatifsayyad
7389,16857871,SHP123SHP,"2026-09-10 03:20:57",401.4,2,shp123shp
7390,16758192,"Dev Monk","2026-08-29 14:03:22",401.3,2,devmonk63
7391,16757338,Dewakaran,"2026-08-22 05:34:35",401.0,1,dewakaran
7392,16799769,manyuA,"2026-09-14 15:32:31",400.8,2,"forheuristiclifeksh,manyua,realhonest"
7393,16664064,lookapmaka,"2026-08-10 17:19:05",400.6,2,lookapmaka
7394,16689286,"Telman Yusifov","2026-08-09 07:08:46",400.4,2,yusifovtelman
7395,16662964,"Tim Ogilvie","2026-08-13 13:18:59",400.4,2,timogilvie
7396,16715097,"Yusuf Yavuz","2026-08-13 00:25:40",400.1,1,yusufyavuzz
7397,16657438,"Udit Aggarwal1","2026-08-08 19:09:27",400.0,2,uditaggarwal1
7398,16755264,wsdsby,"2026-08-21 15:16:42",399.9,2,wsdsby
7399,16658512,fatariq,"2026-08-10 21:18:35",399.9,2,fatariq
7400,16850232,"Kharchenko Bogdan","2026-09-09 18:57:16",399.7,2,kharchenkobogdan
7401,16664454,"Naga Vinay Avvaru","2026-08-05 07:04:44",399.6,2,anagavinay
7402,16656932,"Thivvin Raj","2026-08-13 03:53:35",399.5,2,thivvinraj
7403,16660929,ttkk,"2026-08-12 16:39:58",399.5,1,optimavia
7404,16691565,"Blu cky","2026-08-09 19:13:27",399.2,2,llmdablucky
7405,16790076,Jessewudao,"2026-09-04 16:54:58",399.0,1,"jessewudao,zongruixie"
7406,16727480,MSAM,"2026-09-07 13:43:02",398.7,2,arashdeepsinghmaan
7407,16640901,"Kian Maghsoodi","2026-08-20 23:01:51",398.6,2,kizmodo
7408,16660294,"Mohamed Amadu Bangura","2026-08-04 16:14:07",398.5,1,mohamedamadubangura
7409,16772511,"Max Gläser","2026-08-26 23:39:34",398.3,1,maxglser
7410,16702771,n_samii,"2026-08-14 01:20:08",398.3,2,nsamii
7411,16669229,"Kayvan Sinha","2026-08-11 15:23:35",398.2,2,kayvansinha
7412,16673583,"Priyanshu Jha","2026-08-16 08:10:08",398.2,2,codewithjha
7413,16685164,cleanledger,"2026-08-07 13:38:23",398.1,2,cleanledger
7414,16686411,NeoCodes.Dev,"2026-08-23 23:53:10",398.0,2,neocodesdev
7415,16747683,"Jianyu Lin","2026-08-27 13:05:05",398.0,1,jianyulin1999
7416,16638938,Light&Thunder,"2026-08-09 06:39:19",397.8,2,yerne39
7417,16695177,"Ajith Bagali","2026-08-15 12:23:37",397.7,2,ajithbagali
7418,16839419,"Gunratna borkar","2026-09-05 23:32:33",397.4,2,gunratnaborkar
7419,16867865,"ADITYA RAJ","2026-09-13 08:16:10",397.4,2,adityaraj2026yp
7420,16726569,"Andrey Balvaneda","2026-08-17 20:59:45",397.2,2,andreybalvaneda
7421,16660228,"Ochuwa Pearl Isa","2026-08-06 09:29:36",397.2,2,pearlisa
7422,16653728,"Iswar Patra","2026-09-01 02:46:09",397.1,2,iswarpatra
7423,16658367,"Prachii Sonii","2026-08-31 17:28:45",397.0,2,prachiisonii
7424,16664401,"Pranav Premchand","2026-08-05 03:07:24",397.0,1,pranavpremchand
7425,16639727,"Andres Mohali","2026-08-13 23:03:25",396.8,2,mohax3
7426,16770270,"salthiel nishimwe","2026-08-25 10:45:23",396.4,2,salthielnishimwe
7427,16704985,"Ethan Marchisano","2026-08-24 21:36:54",396.3,2,ethanmarchisano
7428,16727326,AhmedMousaHassan2510,"2026-08-17 12:56:01",396.2,2,ahmedmousahassan2510
7429,16685412,Praveen8775,"2026-08-25 20:24:00",395.8,2,praveen8775
7430,16658882,"toukali samir","2026-08-07 13:43:05",395.8,2,toukalisamir
7431,16673310,dffzno1,"2026-08-14 01:44:55",395.7,2,joyzip
7432,16670257,RonitKhanna333,"2026-08-12 12:22:11",395.7,2,ronitkhanna333
7433,16628404,theken,"2026-08-09 12:19:19",395.6,2,theken
7434,16669516,GorgeousCookie,"2026-08-06 09:17:13",395.6,2,axellindqvist
7435,16624935,"Anjana mohan","2026-08-01 06:06:39",395.2,2,anjanamohan13
7436,16784379,超级陆战队,"2026-08-29 14:43:33",395.2,2,luyi61227
7437,16664450,"Fritz Adelbertus","2026-08-10 01:13:44",395.1,1,fritzadelbertus
7438,16875657,"Валерия Захарова","2026-09-12 23:53:56",395.0,2,melomanpanda
7439,16770085,AllenCheng329,"2026-08-25 10:05:43",394.7,1,allencheng329
7440,16855738,"Anuj Gupta","2026-09-09 07:38:48",394.5,2,anuj6540
7441,16689349,"Adunola Abdulrahman","2026-08-10 17:38:47",394.4,2,adunolaabdulrahman
7442,16639624,"Nishanth Rajan","2026-08-02 03:25:35",394.3,2,nishanthrajandev
7443,16661276,Middle,"2026-09-14 04:43:00",394.3,2,aydagul
7444,16658227,Gugu888,"2026-08-14 04:27:57",394.2,2,gugu888
7445,16735593,"timur tytrin","2026-08-18 07:37:46",394.0,2,timurtiutrin
7446,16674012,ahankesumah,"2026-08-16 07:34:05",394.0,2,ahankesumah
7447,16677804,"Pravin Takpire","2026-08-11 08:17:51",393.9,2,pravintakpire
7448,16671532,"Yuri Nakayama","2026-08-13 11:34:55",393.4,2,yurinakayama
7449,16733318,"Anuj Bolewar","2026-08-18 11:11:01",393.3,2,anujbolewar
7450,16652230,BorisSpider,"2026-08-13 11:34:46",393.3,2,borisspider
7451,16671512,"Darren Grendi","2026-08-10 00:38:51",393.2,1,darrengrendi
7452,16799743,"Luc Tellier","2026-09-05 08:31:17",393.2,1,luctellier
7453,16638383,"Yunus Emre Sarıduman","2026-08-12 12:57:08",393.1,2,emresariduman
7454,16677950,"Rounak Laddha","2026-08-15 01:47:41",392.7,1,rounakladdha
7455,16728897,kaba777,"2026-09-14 14:43:55",392.4,2,kaba777
7456,16733007,"Not Found","2026-08-17 16:32:16",392.1,4,"ammarkhan05,zainabirfanansari"
7457,16666216,missss,"2026-08-06 06:49:00",391.8,2,missssb
7458,16643278,"Giovani Moresco","2026-08-06 05:30:45",391.7,2,giovanimoresco
7459,16856809,"Mateusz Kuzniar","2026-09-08 22:14:50",391.4,2,mateuszkuzniar
7460,16695479,Anandhasabesan,"2026-08-09 13:50:37",391.0,1,anandhasabesan
7461,16735307,"Ayush Dhabsa_real","2026-09-10 09:13:50",391.0,1,ayushdhabsareal
7462,16888334,"Ohene A","2026-09-14 17:36:00",390.9,2,pamo12
7463,16867501,aueurm,"2026-09-11 05:07:13",390.7,2,aueurm
7464,16667105,"Vikram Tiwari","2026-08-10 11:12:26",390.6,2,vikramtiwari
7465,16641665,huangjunjia,"2026-08-04 14:12:26",390.3,2,huangjunjia777
7466,16714425,sileza,"2026-08-13 12:57:35",390.2,1,azelis
7467,16658960,"Amit Kumar","2026-08-06 05:44:30",390.0,2,anmitkumar
7468,16655737,Dharshini,"2026-08-08 15:00:05",390.0,2,dharshini1812
7469,16630772,"Mitsuhiro Iizuka","2026-08-04 10:31:00",389.9,2,mitsuhiroiizuka
7470,16628521,arai9953,"2026-08-24 22:46:57",389.9,2,arai9953
7471,16721615,"Dai Dai","2026-09-08 07:59:14",389.7,2,jumpingdaidai
7472,16656919,Sumaiya,"2026-09-09 18:09:44",389.5,2,ayeshasummaiyya
7473,16625770,"Đức Trung Trần","2026-08-24 11:01:33",389.4,2,ctrungtrn
7474,16831875,"Hamza Mughrabi","2026-09-06 19:10:53",389.3,2,hamzamughrabi
7475,16668431,"Harshpreet Singh #2","2026-08-06 01:06:28",389.3,1,harshpreetsingh45
7476,16705696,"TS Farmer","2026-08-13 11:22:09",389.3,2,"shivangkainth,tusharsekhri27"
7477,16723096,Shabuuu,"2026-09-14 07:47:57",388.9,2,shabuuu
7478,16661002,"Eliyas sk","2026-09-02 12:32:51",388.9,2,eliyassk
7479,16804803,"01000110 01010101 01000011 01001011 00100000 01011001 01001111 01010101 00100001","2026-09-14 16:38:59",388.5,1,f01010101
7480,16658391,"Jack #2","2026-09-13 07:13:43",388.2,2,jack1233
7481,16655689,花朝,"2026-08-05 04:10:02",388.2,2,xhxyyds
7482,16885604,"Shashank Kalled","2026-09-13 11:13:50",388.2,1,"shashankkalled,tridiv14"
7483,16662162,"THE predict","2026-08-13 21:18:25",388.1,2,vikaspal505
7484,16870360,"Tedi Septiana","2026-09-14 06:57:54",388.0,2,tediseptiana
7485,16732355,"Nagesh gite","2026-09-06 07:44:05",387.8,2,"kuberb,nageshgite,vasugupta1121"
7486,16662267,"Fahim Montasir","2026-08-10 16:15:10",387.7,2,fahimmontasir
7487,16785676,Bilal11122,"2026-08-29 08:15:46",387.5,1,bilal11122
7488,16662854,"NISCHAY SANJAY JIWANKAR 23115098","2026-08-13 05:38:18",387.3,2,nischay2908
7489,16773370,"Nishant #1","2026-08-26 06:11:42",387.3,1,nishanttomar110
7490,16682342,"Jebez Oswald","2026-08-10 05:38:15",387.3,2,jebezoswald
7491,16666334,UnderBlade,"2026-08-05 09:56:11",387.3,2,"athillazaidan,kurtmikhael"
7492,16634720,Thiyo,"2026-08-18 11:51:04",387.2,2,thimirajayasekara
7493,16717522,kyunyoung,"2026-08-14 07:16:00",387.1,2,kyunyoung
7494,16634352,"sovit karki","2026-08-12 17:21:13",387.1,2,sovitkarki
7495,16714166,"Naman Malik","2026-09-12 00:06:39",386.9,2,"adenijielijah,anapau11,marydata,namanmalik81714"
7496,16661095,"AAYUSHMAAN PATEL","2026-08-09 08:16:53",386.8,2,aayushmaanpatel
7497,16662791,"Shiva Neshan yuva","2026-08-15 18:39:16",386.4,2,shivaneshanyuva
7498,16862308,"Furkan CAT","2026-09-10 15:07:24",386.4,2,furkancat
7499,16696384,Sisu16,"2026-08-13 20:13:27",386.3,2,sisu16
7500,16669176,"Karakam Sridevi","2026-08-11 07:44:48",386.3,2,karakamsridevi
7501,16796834,"Harsh Gupta #2","2026-09-09 19:20:48",386.2,2,harshgupta0415
7502,16717797,"patan hashmi","2026-08-13 15:02:52",386.1,1,patanhashmi
7503,16723047,"Matheus Finger","2026-09-11 19:15:11",385.9,2,matheusfinger
7504,16794153,"harshita harshita","2026-08-31 17:47:11",385.8,2,harshitaharshitaaaa
7505,16656860,SamReiswig,"2026-09-02 04:04:09",385.5,1,sreiswig
7506,16685625,"silvan ion","2026-08-08 13:05:39",385.5,2,john1one
7507,16630007,"Yuankun Liu","2026-07-31 15:48:13",385.2,2,lyk1652
7508,16755029,"Jashan Bajwa","2026-08-22 12:56:30",385.1,2,jashanbajwa
7509,16867305,Prikat,"2026-09-14 17:05:31",385.1,2,prikat
7510,16629742,yun,"2026-08-15 09:10:21",385.0,2,yuyumarupython
7511,16757236,"Erlanda Miko P","2026-08-23 07:02:01",384.9,2,snneva
7512,16641330,"Takuya Yoshimi","2026-08-04 05:16:22",384.8,2,tkyysm
7513,16735393,Dai_Research,"2026-08-18 10:40:17",384.7,2,dairesearch
7514,16677761,"Rithuraj Nambiar","2026-08-06 18:11:41",384.3,2,rithurajnambiar
7515,16655555,Bharath2411,"2026-09-03 07:14:26",384.3,2,bharath2411
7516,16675093,"Nikhil Srivastava","2026-08-15 08:47:12",384.1,2,nikhilsrivastavark
7517,16731108,"Vipparla Nandini","2026-08-17 06:29:48",384.1,1,vipparlanandini
7518,16668286,"Sabari V","2026-08-15 14:38:41",384.0,2,sabari112005
7519,16803129,hdttnk,"2026-09-02 14:13:00",384.0,2,hdttnk
7520,16677470,"Saish Walavalkar02","2026-08-09 12:44:51",383.9,2,"harichaudhari1,kaiserjayin,meetramjiyani,nirbhaygajabi30,saishwalavalkar02"
7521,16657883,jps,"2026-08-06 08:36:04",383.7,2,jahaziel
7522,16685207,"Koushik Thummu","2026-08-07 18:15:47",383.7,2,koushikthummu
7523,16696419,detectivseb,"2026-08-12 10:34:45",383.5,2,detectivseb
7524,16876354,A_Mose,"2026-09-12 08:57:15",383.2,2,mmameh
7525,16667177,"Raunak Phull","2026-08-10 11:14:44",383.0,2,raunakphull4
7526,16862124,"Lei Yang23","2026-09-14 16:03:35",382.6,2,leiyang23
7527,16630524,"Omprakash Patra","2026-09-07 07:45:34",382.3,2,omprakashpy
7528,16697627,abinandhan03,"2026-09-01 10:38:15",382.2,2,abinandhan03
7529,16722757,"Sebastian Adamatzky","2026-08-14 19:10:23",382.1,2,sebastianadamatzky
7530,16668159,ABDELGHANY,"2026-08-12 11:04:36",381.8,2,abdelghanyrageh
7531,16892255,"Jegors Čemisovs","2026-09-14 18:31:10",381.6,1,fortemate
7532,16759115,chabinhwang,"2026-08-22 14:33:59",381.2,1,chabinhwang
7533,16726381,"Adriana Redondo","2026-08-15 19:39:41",380.8,1,adrianaredondo
7534,16695592,"André Luiz Pedroso","2026-08-09 11:59:19",380.6,1,andreluizpedroso
7535,16658219,"Deepesh Pankaj","2026-08-15 05:58:07",380.6,2,deepeshpankaj
7536,16828390,Yuhuping,"2026-09-04 11:22:14",380.6,1,yuhuping
7537,16740197,Winssk,"2026-08-27 01:55:06",380.4,2,winssk
7538,16862542,"Mitchell Luciana","2026-09-10 05:52:40",380.2,1,mitchellluciana
7539,16673167,Karam96,"2026-08-08 11:40:36",379.6,2,karam96
7540,16660899,"Clarence Trinidad","2026-08-07 17:53:59",379.6,2,claree007
7541,16709299,"Divyanshu Choudhary","2026-09-04 13:13:32",379.6,2,divyanshuchoudhary25
7542,16633475,betagammashtrit,"2026-08-29 16:24:03",379.2,2,betagammashtrit
7543,16795163,"Nguyễn Đỉnh","2026-09-14 05:05:43",379.1,2,nguyendinh1507
7544,16668673,"kyran sinha","2026-08-14 14:21:34",379.1,2,kyransinha
7545,16691753,"Jan Moilanen","2026-08-09 12:02:17",378.9,2,janmoilanen
7546,16794285,Penelope.pnlp,"2026-09-01 15:38:43",378.9,2,penelopepnlp
7547,16779805,"Ákos Blaschek","2026-09-01 17:21:44",378.8,2,kosblaschek
7548,16658286,"Jatin Gujarathi","2026-09-03 08:43:39",378.7,2,jatingujarathi
7549,16739447,"Jacob Stambaugh","2026-08-19 17:53:29",378.5,2,jacobstambaugh
7550,16882081,Aabualella,"2026-09-13 00:58:37",378.4,1,aabualella
7551,16621243,"Jesse Bullard","2026-09-14 16:01:59",378.2,2,jessebullard
7552,16679392,Dickie,"2026-08-09 09:05:10",378.1,2,dickieho
7553,16668523,Bumblerrr,"2026-08-06 19:46:02",378.1,2,bumblerrr
7554,16625011,"Heng Yu","2026-08-18 06:30:56",377.9,1,megalobox1
7555,16652422,Kite,"2026-08-17 16:26:55",377.6,1,kiteyinlong
7556,16666275,HeatS33ker,"2026-08-15 14:37:36",377.6,2,byronokou
7557,16866482,"Sunday Ibidapo","2026-09-10 21:46:49",377.5,1,sundayibidapo
7558,16769491,"Ivan Ternovskiy","2026-09-07 08:44:15",377.4,2,aristophanivan
7559,16662197,"Zehra Basaral","2026-08-07 10:42:57",377.2,2,zehrabaaral
7560,16692825,"Saad Arain","2026-08-09 12:27:08",377.1,2,saad451
7561,16693098,broken_gpu,"2026-08-30 10:07:27",377.1,2,brokengpu
7562,16696439,VaraPrabha,"2026-08-10 04:36:00",377.0,2,galiveetipoornima
7563,16623678,Mahog,"2026-09-14 14:54:30",377.0,2,mahoganybuttstrings
7564,16681188,"Tresor Mufalme.","2026-08-08 09:29:05",377.0,2,tresormufalme
7565,16691027,"Jelle Maas","2026-08-08 14:58:19",376.9,2,jellemaas
7566,16723273,"Bradley ZODOME","2026-08-19 07:06:18",376.8,2,bradleyzodome
7567,16871894,sx2154,"2026-09-14 10:45:46",376.7,1,sx2154
7568,16666590,"Hoàng Anh Tú","2026-08-12 23:59:58",376.6,2,anhtu9999
7569,16786280,Shambhavi21,"2026-09-06 17:20:56",376.6,2,shambhavi21
7570,16747403,"Kanchan Chavan","2026-09-12 17:46:56",376.5,2,momovedant
7571,16677747,"Yuvraj Bhatt","2026-08-10 08:38:11",376.5,2,bhattyuvraj22
7572,16692710,"Baran Haydar","2026-08-12 06:56:50",376.4,2,baranhaydar
7573,16794088,"Felipe Colombarolli","2026-08-31 00:46:32",376.3,2,felipecolombarolli
7574,16710241,"Julien Serbanescu","2026-08-12 14:32:50",376.2,2,julienserbanescu
7575,16674725,"rajan jha","2026-08-13 12:05:42",376.1,2,rajan1673
7576,16671714,"Donnell Layne","2026-08-07 15:40:35",375.6,2,jupiter1127
7577,16771216,"Hugo Ponce","2026-08-25 17:54:30",375.5,2,hugoskn
7578,16771187,FernandoRB,"2026-08-26 15:53:49",375.3,2,fernandorb
7579,16745497,"Handsome Heretic","2026-08-21 19:14:30",375.1,2,handsomeheretic
7580,16770758,"Maor talker","2026-08-26 20:18:59",374.9,2,maortalker20
7581,16730060,"Enzo Pio","2026-08-21 16:44:03",374.9,2,enzopio
7582,16638343,"Phong Khoi","2026-08-04 12:20:52",374.6,2,phongkhoi
7583,16805340,"Md. Rafiul Islam","2026-09-12 18:40:55",374.4,2,rafiulislamrafi
7584,16670724,"Neel Patel","2026-08-14 19:33:43",374.2,2,n33lpat3l
7585,16796468,suin7328,"2026-09-05 02:05:08",374.2,2,suin7328
7586,16718662,Safin,"2026-08-22 17:50:27",374.1,2,safinlynx
7587,16844246,"CS Abhinay","2026-09-13 12:22:30",374.1,2,csabhinay
7588,16665449,AgroVisionAI,"2026-08-11 19:52:49",373.9,2,"aishwaryvarshney,bhuppisharma,kirtisharmaphd,pragyasingh59,priyasingh0590"
7589,16670565,"Grant Biellak","2026-08-05 22:52:01",373.8,2,grantbiellak
7590,16673825,h_jun,"2026-08-10 06:21:12",373.7,1,lhjoon77
7591,16717447,zhiyue666,"2026-09-10 09:01:07",373.5,2,zhiyue666
7592,16640067,"minghao mei","2026-08-02 09:57:29",373.4,1,minghaomei
7593,16665400,FieldOps,"2026-08-10 16:16:03",373.4,2,sycpr1me
7594,16684677,"Sean Southwick","2026-08-27 14:45:32",373.2,2,seansouthwick
7595,16721948,ziszim,"2026-08-26 14:38:30",373.1,2,ziszim
7596,16710417,"Aryant Jadhav","2026-08-15 18:57:18",372.7,2,aryantjadhav
7597,16702742,"Kavyanshu Singh","2026-08-11 10:47:02",372.7,2,kavyanshusingh
7598,16653001,"Alexey Kuleshov","2026-08-04 12:07:51",372.6,2,alexkulll
7599,16690077,"GOMATHI PRIYA","2026-08-13 06:38:45",372.5,2,gomathipriyaraj22
7600,16624102,Khadersha.sk,"2026-08-03 02:45:03",372.4,2,khadershask
7601,16659533,"Pavan Desai","2026-08-10 16:29:20",372.3,2,pavancdesai
7602,16654947,"Ömer Hüseynov","2026-08-08 22:06:03",372.2,2,omarhuseynov
7603,16658452,Hillclimber,"2026-09-13 01:50:22",372.0,2,driessmit1
7604,16890155,GSD,"2026-09-14 12:56:05",372.0,2,gsdeepakkumar
7605,16706276,MitulbhBhatia,"2026-08-18 04:02:38",371.8,2,mitulbhbhatia
7606,16689718,HumsAuraTech,"2026-08-21 17:11:42",371.6,2,humaima03
7607,16690098,"Akshay Kashyap","2026-08-10 17:10:28",371.5,2,akshaykashyapakku
7608,16634219,"Michael J Hammel","2026-08-01 11:37:10",371.5,2,michaeljhammel
7609,16624990,"Tanjim Ahmed Kingshu","2026-08-02 07:05:52",371.3,2,tanjimahmedkingshu
7610,16666997,"Krishnamurthy Venkatasubramanian","2026-08-05 15:09:46",371.3,2,krishnamurthyvenkat
7611,16735080,"SARTHAK PATIL","2026-09-02 19:23:03",371.3,2,sarthakpatil23
7612,16662577,"Shreyash Suryawanshi","2026-09-02 19:42:31",371.0,2,shreyashsuryawanshi
7613,16629476,NOOBS,"2026-08-09 19:58:48",370.9,2,"patelkrishna8,sakshamranawade,shravanideshpande25"
7614,16728881,Ch.Manvita,"2026-08-16 16:33:52",370.8,2,chmanvita
7615,16721529,"Danny De Bree","2026-08-20 09:46:36",370.8,1,dannydebree
7616,16661891,BALLEN1337,"2026-08-04 19:22:30",370.8,2,ballen1337
7617,16763255,"I P Tharun Gowda","2026-09-12 09:16:38",370.7,2,iptharungowda
7618,16641606,"Tanisha Sahu","2026-08-02 14:39:27",370.4,2,tanisha3
7619,16780268,"SAI ESHWAR S","2026-08-29 06:26:11",370.2,1,saieshwars
7620,16688364,"Om Raval08","2026-08-21 02:57:23",370.2,2,omraval08
7621,16665996,AVATAR3905,"2026-08-06 18:14:01",370.2,2,avatar3905
7622,16680015,"Khôi Trương","2026-08-10 01:11:55",370.2,1,kiykhoi
7623,16660568,Fascetta,"2026-08-07 20:48:53",370.0,2,fascetta
7624,16654213,"Hojin Jang","2026-08-20 09:59:20",370.0,2,hojinjang
7625,16658519,"David kinyanjui","2026-08-31 07:10:00",369.9,2,davidkinyanjui
7626,16716322,zhaimh,"2026-08-14 02:43:21",369.8,2,zhaimh
7627,16668696,Fabian,"2026-09-03 15:52:06",369.7,1,fabiantoh98
7628,16683087,qiuchenglong,"2026-08-07 09:25:48",369.7,2,qiuchenglong
7629,16841549,"Ayush Kumar #4","2026-09-06 03:30:02",369.4,2,akyushumar
7630,16656946,"Sambit Padhan","2026-08-05 10:10:10",369.4,2,sambitpadhan
7631,16891781,"mohamed saafan","2026-09-14 14:54:04",369.4,2,mohamedsaafan
7632,16655257,"Afia Animah Fosu","2026-08-04 18:21:50",369.2,2,afiaanimahfosu
7633,16659312,qwertyDmitry,"2026-08-05 13:44:24",369.2,2,qwertydmitry
7634,16622097,"Garrick C.P.","2026-08-10 18:12:06",368.9,2,garrickchinnis
7635,16668141,"Soichiro Mochizuki","2026-08-07 22:13:36",368.8,2,soichiromochizuki
7636,16880694,yuxian6666,"2026-09-12 14:18:47",368.5,1,yuxian6666
7637,16667959,"Fourth Quadrant","2026-09-11 16:09:51",368.4,2,flynnfei
7638,16694575,"Aloise Mutune","2026-09-13 14:59:53",368.0,2,aloisemutune
7639,16637762,"Greek olive oil","2026-08-09 19:56:48",367.9,2,alexanderchar
7640,16880350,喜欢逢坂大河,"2026-09-14 07:06:27",367.8,2,yhsno69
7641,16670988,"Pavle Skoric","2026-08-21 21:34:32",367.5,1,pavleskoric
7642,16868034,"Vivek Teja","2026-09-14 19:25:09",367.5,1,vivektejaraju
7643,16725177,misaka12435,"2026-09-14 23:48:58",367.5,2,misaka12435
7644,16674394,"Ishant Mittal","2026-08-08 09:24:57",367.3,2,ishantmittal95
7645,16649794,"Wanzhu Zhao","2026-08-04 13:04:05",367.2,2,wanzhuzhaora
7646,16769110,tianlululing,"2026-08-26 13:09:45",367.2,2,tianlululing
7647,16662874,"Dev Shah","2026-08-08 01:52:52",367.2,2,imdevshah11
7648,16659234,"MARY RAISA P","2026-08-27 07:06:43",366.9,2,"harinimala21,maryraisap,saha0102"
7649,16657142,"Vishisht Gupta","2026-08-16 16:16:54",366.9,2,vishishtgupta
7650,16732873,"Yash Rana","2026-08-18 04:57:04",366.7,2,yashrana24
7651,16660397,Divyansh82Raj,"2026-08-04 15:01:28",366.7,2,divyansh82raj
7652,16710564,"Clarice Harijanto","2026-08-14 04:28:13",366.5,2,clariceting
7653,16666577,"Jatin khandelwal112","2026-08-05 11:26:41",366.5,2,jatinkhandelwal112
7654,16656732,"Shivam Kashyap","2026-08-04 05:28:03",366.5,1,shiyan0090
7655,16652805,"Rodrigo Batista da Silva","2026-08-13 13:35:19",366.4,2,eurodrigobatista
7656,16888733,"Sébastien Callegari","2026-09-14 03:49:42",366.3,1,sbastiencallegari
7657,16711573,"Sushmitha Vasantha","2026-08-13 09:08:29",366.1,1,sushmithavasantha
7658,16709754,"Simon Preuss","2026-08-12 16:39:55",365.9,2,simonpreuss01
7659,16664617,BarkeviousBingo,"2026-08-19 04:34:59",365.9,2,barkeviousbingo
7660,16735966,kyone,"2026-08-18 08:09:32",365.8,1,xtraky
7661,16687699,jegazhu,"2026-08-13 22:25:15",365.5,2,jegazhu
7662,16688381,"Teresa Fitzgerald","2026-09-13 21:02:07",365.4,2,teresafitzgerald
7663,16683400,"wo zhe yi sheng ru lu bo bing","2026-08-10 16:53:48",365.2,2,"ivanlo103,panckck,waijai"
7664,16663738,"Handre Bezuidenhout","2026-08-04 23:27:08",365.1,2,handrebezuidenhout
7665,16792188,anisotropies,"2026-09-12 05:25:04",365.0,2,achan31
7666,16655652,Emergence,"2026-08-10 03:21:04",364.8,2,daylighth
7667,16738563,"Amrutha H","2026-09-14 13:19:01",364.3,2,amr13utha
7668,16656135,"JAYASURYA R","2026-08-05 15:43:01",364.1,2,suryar261
7669,16676416,"Abhishek Mishra","2026-08-10 10:09:30",364.0,2,abhishekmishra23
7670,16641140,NITISH_GOYAL1,"2026-08-27 06:42:29",364.0,2,nitishgoyal1
7671,16693147,"Oliver Curtis1","2026-08-09 14:51:57",363.7,2,olivercurtis1
7672,16870467,wentingyun,"2026-09-11 10:21:01",363.6,1,wentingyun
7673,16661476,slowpoke,"2026-08-29 16:33:07",363.5,2,banboyechristains
7674,16666115,"Iam Intolerable","2026-08-06 07:48:28",363.5,2,iamintolerable
7675,16659688,Daniel,"2026-08-05 12:21:37",363.4,2,danielyazgi
7676,16716594,"U Anand Williams","2026-08-13 09:19:09",363.4,1,uanandwilliams
7677,16690947,"Veiled Star","2026-08-10 13:36:49",363.1,2,veiledstar
7678,16665980,cshara,"2026-08-06 08:41:16",362.8,2,cshara
7679,16689017,"Mounica Challa","2026-09-09 23:45:17",362.7,2,mounicachalla
7680,16728261,"Smit Deshaval","2026-08-24 17:44:12",362.2,2,smitdeshaval11
7681,16668592,"Ashutosh jatav","2026-08-09 13:34:45",362.1,2,ghost1412
7682,16743604,KeswaniRohit,"2026-08-22 17:19:18",362.0,2,keswanirohit
7683,16783322,kentaro,"2026-08-29 03:55:45",361.9,2,kentarokujo
7684,16844410,ナポレオン,"2026-09-07 15:46:40",361.7,2,naporeondesu
7685,16665460,"Shubham kumar jha","2026-08-23 07:36:36",361.6,2,shubhamjhakr
7686,16658319,"Huỳnh Nguyễn Trọng Tín","2026-08-06 06:23:40",361.5,2,tnhunhnguyntrng
7687,16831170,"None #2","2026-09-05 04:16:51",361.5,2,mdmorshalinemojumder
7688,16665907,"Jonathan Saina","2026-09-10 19:00:56",361.5,2,jonathansaina
7689,16675324,"Attempt Seven","2026-08-10 10:13:50",361.3,2,attemptseven
7690,16701060,"Paula Jimenez","2026-08-22 16:18:37",361.0,2,paulajimenez
7691,16655250,"Juan Pablo Ponce","2026-08-08 03:34:18",360.7,2,juanpabloponce28
7692,16666218,"sugan Chandrasekar","2026-08-16 11:02:09",360.6,2,suganchandrasekar
7693,16660992,"Vishnu Vardhan Dumpala","2026-08-05 18:17:30",360.6,1,vishnuvardhandumpala
7694,16721675,stork8i,"2026-08-14 13:16:26",360.4,1,stork8i
7695,16767709,"Mike Anderson","2026-09-14 13:39:40",360.1,2,manderson240
7696,16685649,YUYUTA,"2026-08-09 05:39:50",360.1,2,yuyuta
7697,16778526,starkhushi,"2026-08-27 07:01:28",360.1,2,starkhushi
7698,16692427,"Infy ","2026-08-09 20:48:09",360.0,2,infydes
7699,16657658,"Esther Usman","2026-08-25 23:45:50",359.9,2,estherusman
7700,16659394,"יוסף בש","2026-08-09 15:11:23",359.9,2,josiii123212
7701,16668091,Solidscripts.io,"2026-08-23 23:41:23",359.7,2,juancamera1
7702,16732936,"Kateryna Dudko","2026-08-25 12:15:40",359.6,2,dudkiina
7703,16768551,"AAYUSHMAAN SINHA","2026-08-25 02:43:00",359.3,2,aayushmaansinha
7704,16646644,BeyondBirthday,"2026-08-09 06:39:01",359.3,2,near07
7705,16785821,"Naresh Meena","2026-08-28 21:24:31",359.2,1,nareshmeena12
7706,16628409,"yann sadowski","2026-07-31 09:39:25",359.0,1,yannsadowski
7707,16660246,taqnik,"2026-08-08 11:54:39",359.0,2,taqnik
7708,16716713,"T Vamsi Krishna","2026-08-13 09:37:43",358.9,1,vamsee3763
7709,16762854,J8young,"2026-08-26 13:52:54",358.9,1,j8young
7710,16709519,"p pxl16","2026-08-19 09:49:35",358.8,2,ppxl16
7711,16848598,"Work 3","2026-09-12 09:26:57",358.8,2,nanisriram
7712,16660436,turkenm,"2026-08-06 13:03:36",358.6,2,turkenm
7713,16716497,xpxg,"2026-08-16 17:04:22",358.5,2,deepxchat
7714,16724976,Soham,"2026-08-18 11:28:07",358.3,2,soham308
7715,16682632,Sebastiaan,"2026-08-27 18:24:40",358.2,2,sebastiaanreinders
7716,16795677,"Carol bright","2026-08-31 09:30:28",358.1,2,carolbright
7717,16701902,"Matthew Souza Chong","2026-08-11 05:58:50",358.1,2,matthewsouzachong
7718,16879578,"kabir Merakeb","2026-09-15 01:01:53",358.1,2,kmerakeb
7719,16752067,neuroxaker,"2026-08-22 14:50:32",358.0,2,neuroxaker
7720,16715988,"Hsyn Kskn","2026-09-03 12:08:15",358.0,2,hsynkskn
7721,16773858,"Kundan Kumar","2026-09-12 08:08:12",358.0,2,edkundan
7722,16681397,"Vishal Dubey","2026-08-11 08:51:13",357.9,2,visha1dubey
7723,16624029,"Miguel Angel Rodriguez Fonseca","2026-08-07 03:55:38",357.8,2,miguelangelrodriguez
7724,16745485,"Thamires dos Santos ","2026-09-15 01:24:51",357.7,2,thasantos
7725,16859646,Andy2009,"2026-09-09 12:12:02",357.7,2,andy2009
7726,16679827,Juanky_too,"2026-09-07 19:04:35",357.5,2,juankytoo
7727,16690775,"Prasanna Raut","2026-08-08 20:41:38",357.5,2,prasannaraut
7728,16653105,James,"2026-08-17 16:52:18",357.5,2,jamesquirk
7729,16659523,"Ahmad Khidir","2026-08-27 22:33:31",357.4,1,ahmadkhidir
7730,16682108,"Shadow Monarch","2026-08-17 06:45:10",356.6,2,avinashk01
7731,16762424,AuroraXXiiaa,"2026-09-10 15:57:10",356.3,2,auroraxxiiaa
7732,16711497,"Korvi sai kumar","2026-08-13 08:02:21",356.3,1,korvisaikumar
7733,16801437,"Koh Saito","2026-09-05 06:01:20",356.1,1,kohsaito
7734,16777515,Abhimanyu21,"2026-08-27 13:33:38",355.9,2,abhimanyu21
7735,16654758,f--n,"2026-09-06 13:37:43",355.9,1,a17442473
7736,16682869,"Sepideh Rahmati","2026-09-14 09:43:57",355.9,2,sepidehrahmati
7737,16713366,BANKAI,"2026-08-16 15:24:28",355.7,2,igors97
7738,16654788,bumbum,"2026-08-14 12:59:51",355.7,2,krzysztoff1
7739,16831106,asd1984,"2026-09-05 17:40:01",355.5,2,asd1984
7740,16654330,"Perumalla Pujitha","2026-08-12 18:09:24",355.5,2,perumallapoojitha
7741,16691667,jeremyllll,"2026-08-12 03:30:26",355.1,2,jeremyllll
7742,16654407,"Serendeep Rudraraju","2026-09-04 03:17:43",355.0,2,serendeeprudraraju
7743,16654808,Vishwajeet-maker,"2026-08-17 21:17:02",355.0,1,vishwajeetmaker
7744,16669725,chosunghwan,"2026-08-06 03:52:24",354.5,1,chosunghwan
7745,16845736,Gio,"2026-09-13 14:55:18",354.3,1,giovanizanfra
7746,16729572,"Aswin Ramanathan","2026-08-17 16:17:38",354.1,1,aswinramanathan
7747,16880953,IAMNAMNAM,"2026-09-14 11:24:07",354.0,2,iamnamnam
7748,16661390,"Raúl García Gómez","2026-08-04 17:04:39",354.0,2,corso138
7749,16659260,hitesh,"2026-08-05 19:29:28",353.8,2,shahhs
7750,16660980,"João Marcelo Curi","2026-08-05 18:31:19",353.8,2,joomarcelocuri
7751,16711383,"Monika Kocianova","2026-08-14 11:01:11",353.8,2,monikakocianova
7752,16802128,"vaman soni","2026-09-02 10:08:49",353.7,1,vamansoni
7753,16730191,rRTZZZ,"2026-08-17 02:43:14",353.6,2,rrtzzz
7754,16735751,"Hasan Taşkın","2026-08-24 19:36:02",353.6,2,hasantaskin
7755,16659410,TTH,"2026-08-07 08:21:16",353.5,2,tthungdz
7756,16692906,CodeZee,"2026-08-09 19:50:49",353.5,2,codewithzaeem
7757,16641294,YogeshG22,"2026-08-03 17:58:51",353.2,2,yogeshg22
7758,16656190,"Akshaj Shandilya","2026-08-06 03:14:36",353.2,2,akshajshandilya
7759,16697694,"Adithya Thiruvalluvan","2026-08-29 17:28:42",353.1,1,forestfire7
7760,16654688,"Terrell Millz","2026-08-10 16:08:33",353.0,2,terrellmillz
7761,16660099,Desireog71,"2026-08-08 15:01:19",353.0,2,desireog71
7762,16762021,Dhananjai1729,"2026-09-14 06:13:33",352.7,2,dhananjai1729
7763,16661351,"Adekojo Adeyemi","2026-08-04 15:25:52",352.7,1,adekojoadeyemi
7764,16794431,"Yash Apps","2026-09-08 04:12:52",352.3,2,yashwanthgajji
7765,16686716,"menna hassanM","2026-08-28 21:49:51",352.2,2,mennahassanm
7766,16662967,"Amalio Gomez","2026-08-04 22:07:16",351.9,1,amaliogomez
7767,16855459,"Shune Lae lae Khaing","2026-09-11 17:55:19",351.8,2,shunfloryn
7768,16668271,"Shashank Raj","2026-08-06 14:27:00",351.6,2,ssr6156
7769,16671519,"Mandhati Sai ganesh","2026-08-06 06:36:45",351.5,2,mandhatisaiganesh
7770,16657056,"Jacob Ross Piedad","2026-08-06 12:15:14",351.2,1,jacobrosspiedad
7771,16656472,angusdddsa,"2026-08-04 06:04:22",351.1,2,angusdddsa
7772,16725769,NikunjMakhija_,"2026-08-19 13:01:57",351.1,2,nikunjmak
7773,16730679,"Hoàng Trọng Hiếu","2026-09-13 08:32:32",351.0,2,hongtrnghiu
7774,16689841,Pavani2325,"2026-08-08 10:00:56",350.9,2,pavani2325
7775,16774954,Ye_xz233,"2026-08-26 15:35:23",350.5,2,yexz233
7776,16716649,"Meghana Busse","2026-08-13 09:33:08",350.4,1,meghanabusse
7777,16688859,"Muhammad Fayaz Khan","2026-08-08 06:36:02",350.1,2,mfayazkhan
7778,16632620,"[Deleted] d9d74cbb-c76e-4fbb-a4bf-35e25b48627d","2026-08-08 16:00:16",350.0,2,del=c21e6a8a03ad3b3c
7779,16700360,"Thanush Soma","2026-08-10 09:49:02",349.8,2,thanushsoma
7780,16635130,Pongsaky,"2026-08-01 12:56:02",349.8,2,gantanch
7781,16670812,"Brian Toman","2026-08-09 15:56:22",349.7,2,briantoman
7782,16710906,Krunal.ix,"2026-08-12 07:06:58",349.4,1,krunalix
7783,16658011,"Arooba Hanif","2026-08-05 07:24:53",349.3,2,aroobahanif
7784,16657687,"Siddardha Shayini","2026-08-04 14:23:48",349.3,2,siddardhashayini3
7785,16696800,"VEER GOMA","2026-08-14 15:42:47",349.2,2,novaxoxo
7786,16661157,Shenlai,"2026-09-09 09:33:22",348.6,2,shenlai
7787,16865101,"Hanlinh ","2026-09-11 03:58:09",348.4,2,hanlinh227
7788,16655729,"Arnab Mallick","2026-08-04 02:41:48",348.3,2,arnabmallick24
7789,16741512,Offenders,"2026-08-30 15:08:39",348.3,2,"karthicchockalingams,shakil2411,shehnaaz01"
7790,16784712,SIDDpat,"2026-08-30 08:13:50",348.0,2,siddpat
7791,16660369,"Dev MCP","2026-08-04 12:59:09",348.0,1,nishant2905
7792,16639067,"ToMY F.","2026-08-11 11:34:31",347.9,1,tomyfdev
7793,16694264,"Vansh Visariya","2026-08-10 09:00:11",347.9,2,vanshvisariya
7794,16823229,aper,"2026-09-05 08:42:58",347.7,2,todaya
7795,16668471,Broomva,"2026-08-05 14:57:35",347.4,1,broomva
7796,16731458,"Arthur Baygildin","2026-08-17 10:06:55",347.1,1,arthurbaygildin
7797,16741982,barry_Paddi,"2026-08-27 07:10:52",347.0,2,barrypaddi
7798,16739702,"Vasantha Kumar552","2026-08-19 07:22:10",346.9,2,vasanthakumar552
7799,16664671,Acteus,"2026-08-06 00:01:12",346.8,2,acteus
7800,16758426,"Attique Ansari","2026-08-22 11:50:42",346.7,2,attiqueansari
7801,16665252,"Harsh Katara","2026-08-05 06:51:14",346.5,1,harshkatara
7802,16757557,BitxWolf,"2026-08-22 19:06:48",346.4,2,bitxwolf
7803,16672020,"Arum Puri ","2026-08-18 14:03:33",346.3,2,arumpuri
7804,16658320,"Justin Eight","2026-08-27 07:29:52",346.2,2,justineight
7805,16690183,ankit8924praj,"2026-08-14 15:43:56",346.1,2,ankit8924praj
7806,16661191,"Yudha Eka Saputra","2026-08-04 19:28:31",346.0,2,yudhaekasaputra
7807,16738581,"mr moradi1","2026-08-18 14:31:26",345.8,1,mrmoradi1
7808,16871722,agenlu,"2026-09-14 19:50:31",345.8,2,agenlu
7809,16767037,"Yubraj Sigdel","2026-08-24 15:45:56",345.7,1,yubraj11
7810,16777607,"je nap","2026-08-30 01:56:28",345.5,2,johnenapoles
7811,16666171,"JD Crew","2026-08-06 12:52:58",345.5,2,"abhijnanpodder,ahsafabid"
7812,16754141,SicilyTing,"2026-09-08 14:53:25",345.3,2,sicilyting
7813,16622809,"German Vdovin","2026-08-03 00:38:01",345.2,2,ertrerhtytmnbdsefdw
7814,16765805,"sayyad karimun","2026-08-25 10:14:26",345.1,1,sayyadkarimun
7815,16658817,"Andrew Glez","2026-08-04 12:10:17",345.0,1,andgos
7816,16749568,"Nana Hung","2026-08-23 02:17:34",344.5,2,nanahung
7817,16683178,soulasin,"2026-08-07 14:32:26",344.5,2,soulasin
7818,16712257,Banarto,"2026-08-13 07:49:16",343.9,1,banarto
7819,16734894,"MP Gamimg","2026-08-26 14:47:08",343.7,2,okadahiroshi
7820,16668340,"Sibi Vishnu","2026-08-08 10:35:33",343.5,2,sibivi
7821,16691936,"Adhar Chaudhari 07","2026-08-09 08:13:35",343.3,2,adharchaudhari07
7822,16851029,john01234,"2026-09-08 04:57:12",343.1,2,john01234
7823,16668012,"Aleksander Iżemski","2026-08-05 20:52:54",343.0,2,aizemski
7824,16759407,"Giovanni Colpani","2026-08-22 17:02:37",342.8,2,giovannicolpani
7825,16662428,"Sonu kumar","2026-08-24 05:18:49",342.6,2,sonukumar9142
7826,16732296,"duong nguyen","2026-08-20 14:51:38",342.3,1,duongnguyen161
7827,16809931,"john crick","2026-09-11 14:24:43",342.2,2,johncrick
7828,16628296,NoxMetenis,"2026-08-15 17:54:03",342.2,1,avasgaire
7829,16770232,MinhTran2346,"2026-09-07 14:12:04",341.9,2,minhtran2346
7830,16659529,"Sanchit Jain","2026-08-05 05:58:55",341.8,2,sanchit1609
7831,16700876,"Oyegoke Emmanuel","2026-09-04 11:32:28",341.6,2,oyegokeemmanuel
7832,16658733,luoqiuy,"2026-08-04 10:46:04",341.5,2,luo912
7833,16666033,"Shota Takano","2026-09-12 23:15:51",341.4,2,shotatakano
7834,16633737,nrg,"2026-08-04 20:19:50",341.2,1,nargizaskarbekkyzy
7835,16714418,AdriMonFer,"2026-09-01 12:15:21",340.8,2,adrimonfer
7836,16877297,"Aaryan Gole","2026-09-13 22:16:46",340.4,2,aaryangole
7837,16655919,"Tạ Minh Lễ","2026-08-04 06:46:45",340.3,2,tminhl
7838,16728571,hasibirok0,"2026-09-06 01:16:24",340.0,2,hasibirok0
7839,16656480,"Dip Biswas","2026-08-07 04:35:56",339.9,2,dipjacobiswas
7840,16636643,"Babul Kumar","2026-08-02 07:46:50",339.8,2,babulkumar07
7841,16655446,"Ismael Omar Leonidas Hurtado Vargas","2026-08-04 00:07:01",339.8,1,ihurtadov
7842,16686700,"Hakkı selim Ak","2026-08-07 17:06:03",339.2,1,hakkselimak
7843,16810051,Reddi_twelve,"2026-09-03 23:26:30",339.0,1,redditwelve
7844,16838645,"Deepak #2","2026-09-06 10:20:54",339.0,2,deepakup85
7845,16709165,"Yooraj Gole","2026-08-13 18:10:17",338.8,1,yoorajgole
7846,16682454," Vandanaa R","2026-09-02 09:48:24",338.6,2,vandanaar
7847,16698739,"Sahrul Adicandra","2026-08-11 04:06:08",337.8,2,sahruladicandra
7848,16705294,"zhenf Liu","2026-08-11 07:51:06",337.6,2,zhenfliu
7849,16867163,"Harikesh Shukla","2026-09-14 05:04:51",336.9,2,harikeshshukla
7850,16713319,"David Tilman","2026-08-12 18:56:13",336.8,2,davidtilman
7851,16658897,"Teja Pattem","2026-08-07 10:42:44",336.7,2,tejapattem
7852,16773448,"Qamar usman","2026-09-13 17:56:06",336.7,2,qamarmath
7853,16677732,"Alessandro Mermali","2026-08-06 20:52:35",336.5,2,alessandromermali
7854,16635243,MlMlDev34,"2026-08-01 11:26:52",336.4,2,mlmldev34
7855,16845081,"Sera Ria Gomes","2026-09-10 12:28:43",336.4,2,serariagomes
7856,16665360,"Ayush Bhadauria","2026-08-19 11:11:51",336.3,2,ayushbhadauria50
7857,16740191,"Arjun Dhillon","2026-08-19 15:15:57",335.7,2,arjundhillon07
7858,16690166,"Niteshwar Mishra","2026-08-08 10:02:22",335.3,2,niteshwarmishra
7859,16683075,"Manuel lasarte León","2026-09-04 10:27:02",335.3,2,manuellasarte
7860,16673152,"Arijit Raj","2026-08-06 08:23:14",335.1,2,arijitraj02
7861,16623739,SarsaShen,"2026-08-05 07:12:00",335.0,2,sarsashen
7862,16659415,PincheCabrón,"2026-08-17 17:34:01",334.6,2,pinchecabrn
7863,16662659,"Chiziterem Eze","2026-08-11 12:20:48",334.5,2,chiziteremeze
7864,16676974,"Deveshwar U","2026-08-31 01:10:42",334.4,2,deveshwaru
7865,16682345,Gordy,"2026-08-31 07:39:13",334.0,2,gordyii
7866,16727044,"Kai Leisten","2026-08-16 10:19:42",334.0,2,kaileisten
7867,16660996,"Thịnh Nguyễn Chí Tiến","2026-08-08 01:49:40",334.0,2,thnhnguynchtin
7868,16668479,"Muneera Mahjabeen","2026-09-10 09:22:28",334.0,2,muneeramahjabeen
7869,16686332,毛治钦,"2026-09-01 05:05:37",333.9,2,maozhiqinf
7870,16795802,Kk,"2026-09-09 08:50:14",333.9,1,cudamax
7871,16778327,WangYingChen,"2026-08-28 03:11:28",333.6,1,wangyingchen
7872,16677312,"Kavuri Sravya","2026-08-19 02:33:01",333.2,2,kavurisravya
7873,16664469,"Thorlapati Nikhil","2026-08-11 19:11:09",333.0,2,thorlapatinikhil
7874,16660658,Shlok_Sharma0001,"2026-08-19 09:31:48",332.8,2,shloksharma0001
7875,16657729,"Kandregula V S S V P Krishna Murthy","2026-08-08 15:29:35",332.6,2,kkandregula
7876,16661012,"Tesfahun Feleke","2026-09-12 12:42:39",332.6,2,tesfahunfeleke
7877,16664718,Vedika_,"2026-08-11 18:28:09",332.4,1,lighjt
7878,16693821,"DARSHAN A","2026-08-11 18:02:26",332.4,2,ad12345kag
7879,16683136,"Stefano Ciaci","2026-08-16 14:47:29",332.0,2,stefanovcciaci
7880,16723046,"Pedro Joás","2026-09-11 14:59:09",331.9,2,pedrojos
7881,16652899,Isha,"2026-08-22 05:51:50",331.7,2,aarohi20
7882,16751311,JoangHZ,"2026-08-21 09:18:57",331.5,2,joanghz
7883,16843393,"Rizki Syawaldi","2026-09-06 15:42:28",331.5,1,rizkisyawaldi
7884,16691813,Hyezir4,"2026-08-10 08:36:47",331.5,2,hyezir4
7885,16662495,Earth,"2026-08-15 10:54:03",331.5,2,earthearth
7886,16681177,"Ivan Kevin Garcia Hernandez","2026-08-17 19:25:34",330.7,2,jedilgh
7887,16838913,LunaT2,"2026-09-05 09:10:21",329.6,1,lunat2
7888,16658450,"Krish Singh","2026-08-05 16:11:00",329.6,2,krishsingh2283
7889,16698591,FestusKipkoech,"2026-08-28 18:58:28",329.4,2,festuskipkoech
7890,16660341,"Nefise Aybar","2026-08-04 12:37:29",329.4,2,nefiseaybar
7891,16668453,"Kawish Hassan","2026-08-05 16:51:03",329.4,2,kawishhassan
7892,16715791,CustardApple47,"2026-09-06 11:34:26",329.1,2,custardapple47
7893,16721533,"Lakshya Sharma","2026-08-16 06:01:34",328.7,2,lakshyasharma007
7894,16678653,Wzjj98,"2026-08-06 19:31:39",328.7,1,wzjj98
7895,16624235,appu2431,"2026-08-11 15:56:41",328.7,2,appu2431
7896,16769212,"jason vetter","2026-08-25 05:48:22",328.6,1,jasonvetter
7897,16666056,"sarthak gupta1303","2026-08-05 11:01:04",328.1,2,"sarthakgupta1303,sathviktummalapenta"
7898,16684308,Itsside_jay,"2026-08-07 11:46:48",327.7,1,itssidejay
7899,16666353,"Pal Savani","2026-09-14 19:01:01",327.5,2,palsavani
7900,16658383,"SIVA S","2026-09-14 06:09:45",327.4,2,codingmaster24
7901,16764868,y129besan,"2026-09-05 23:47:35",327.4,2,y129besan
7902,16807668,kilariHemalatha,"2026-09-05 04:33:19",327.1,1,kilarihemalatha
7903,16859269,BAILW,"2026-09-09 13:47:08",327.0,1,baimatubama
7904,16672689,"Yusuf Yemez","2026-08-06 06:51:07",326.9,1,yusufyemez
7905,16716476,lnssan,"2026-08-20 13:05:18",326.7,2,lukanilssandmayr
7906,16659865,Rithikaaaaah,"2026-08-17 07:09:08",326.5,2,rithikaaaah
7907,16623405,nbarlow,"2026-08-12 20:01:08",326.3,2,nickbarlow
7908,16723487,RoboDavo,"2026-08-19 00:36:17",326.1,2,robertdavidson1911
7909,16623161,"Charles Kalaba","2026-08-08 13:06:02",326.1,2,charleskalaba
7910,16654348,rkeshwani,"2026-08-07 16:17:49",325.8,2,rkeshwani
7911,16670881,"Amir Y. Sajjadi","2026-08-05 23:56:26",325.8,1,amirysajjadi
7912,16706181,"Juvenal Pedro Baptista","2026-08-16 14:58:40",325.7,2,juvenalpedrobaptista
7913,16633330,"danielle Ange","2026-08-12 16:26:03",325.4,2,danielleange
7914,16661068,ZeViX,"2026-09-08 06:29:42",325.4,2,"codinggeek101,vedantkhete"
7915,16732280,"Akarsh kumar shukla","2026-08-18 20:38:35",325.0,1,akarshkumarshukla
7916,16805109,"иван астахов","2026-09-10 21:30:35",324.9,2,iastakhov
7917,16719709,Rishiii360,"2026-08-18 03:46:23",324.7,2,rishiii360
7918,16653903,Manav2805,"2026-08-04 09:25:08",324.4,2,manav2805
7919,16707092,"Asharani Sahu","2026-08-11 11:19:08",324.4,1,asharanisahu
7920,16783863,"Vivek Vardhan Reddy","2026-08-31 06:14:34",323.8,2,vivekvardhanreddy77
7921,16854519,nmw,"2026-09-09 15:23:56",323.4,2,rubikkaggle
7922,16670600,"Leon Lum","2026-08-20 14:58:27",323.2,2,leonlum
7923,16850246,"Makarand Gokhale","2026-09-14 12:20:03",323.1,2,makarandgokhale
7924,16729246,"Ayodeji Akinola","2026-08-29 19:45:30",322.9,2,ayodejiakinola
7925,16655811,"Duy Trần","2026-08-04 08:23:27",322.8,1,duyqtrn
7926,16757689,YanXiaohan666,"2026-09-14 03:29:51",322.3,2,yanxiaohan666
7927,16682229,"mayuri sarangi","2026-08-29 14:03:36",322.2,2,mayurisarangi
7928,16789486,TanjiahaoXX,"2026-08-29 07:47:37",322.1,1,tanjiahaoxx
7929,16877927,"EFE ULKER","2026-09-12 00:13:05",321.7,2,efeulker
7930,16858795,"Радик Владимирович Хорошев","2026-09-10 07:59:02",321.6,2,rodionkh
7931,16628190,Horizonx30,"2026-08-09 18:06:56",321.4,2,horizonx30
7932,16728948,L3MG,"2026-08-16 21:17:06",321.4,2,lemgyy
7933,16868524,"Chutayu Adhittayawong","2026-09-11 03:30:13",321.1,2,arteezy009
7934,16630545,"GAURAV PARKHEDKAR","2026-08-01 07:00:23",320.9,2,gauravparkhedkar
7935,16672138,mostafa69ca,"2026-08-06 05:03:43",320.9,1,mostafa69ca
7936,16659696,"Lakshyaraj Singh Rathore","2026-09-05 18:47:32",320.9,2,lakshyarajrtm
7937,16685996,"Universal Entropy","2026-08-07 16:22:28",320.8,1,fennerjw
7938,16791680,"Surja Sarker","2026-09-04 12:12:24",320.7,2,surjasarker
7939,16623730,"Ethan Higgins","2026-07-31 02:25:21",320.7,2,ethanhigginz
7940,16889822,CornReform,"2026-09-15 01:16:09",320.7,2,cornreform
7941,16662054,"phantom of shubh","2026-08-11 07:54:46",320.6,1,shubhamkumar123490
7942,16650070,"jakub slavíček","2026-08-04 12:58:40",319.9,2,jakubslavicek
7943,16657145,"Shudipto Trafder","2026-08-04 19:25:24",319.9,1,iamsdt
7944,16667406,"Abdulrahman AlAsali","2026-08-05 13:20:41",319.9,1,abdulrahmanalasali
7945,16675218,데미안과마루,"2026-08-18 14:16:13",319.8,2,siver3
7946,16734670,Sparsh,"2026-08-22 01:48:51",319.4,2,sparshsinha24
7947,16774471,"Seymour Schmidt","2026-09-13 14:37:22",319.4,2,angrybread
7948,16689923,Dhinesh,"2026-08-09 08:39:37",319.2,2,dhineshwarrs
7949,16730745,"Aymerou Yaya Koné","2026-09-13 05:41:07",319.2,2,aymerouyayakon
7950,16887476,"Memory Engineer","2026-09-14 18:09:15",319.2,2,salazarslytherin
7951,16765570,"Akhand Soni","2026-08-24 12:47:42",319.1,1,akhandsoni
7952,16656351,"Triet Ho","2026-08-07 07:27:33",319.1,2,trietho247
7953,16633982,Nikunj1375,"2026-08-07 08:40:29",319.0,2,nikunj1375
7954,16656506,"Piyush Harde","2026-08-04 12:54:26",319.0,2,piyushharde
7955,16681638,aadi_065_,"2026-09-14 05:38:37",318.8,2,aadi065
7956,16686789,Hay-gent,"2026-09-07 05:37:52",318.6,2,"alagusuriyas,gayathrisrimai"
7957,16664147,JordanM10,"2026-08-05 19:54:08",318.6,1,jordanm10
7958,16655875,PLLZ,"2026-08-17 01:11:41",318.4,2,pllzzz
7959,16659453,"Ishwar Rathod","2026-08-06 03:29:27",318.2,2,ishwarrathodofficial
7960,16694673,"B T Chinmayi","2026-08-27 19:47:10",318.1,2,btchinmayi
7961,16800468,Vaishnavi,"2026-09-01 11:13:30",318.1,1,vaishnavisri09
7962,16700187,"adrian purnama","2026-08-10 10:50:45",317.5,1,adrianpurnama
7963,16661212,AnkitRaj4004,"2026-08-23 13:17:37",317.5,2,ankitraj4004
7964,16794729,Copperford,"2026-09-08 00:41:27",317.5,2,copperford
7965,16866140,Mantis,"2026-09-11 04:49:40",317.3,2,orchidmantis
7966,16657891,"Joshua Kinnah","2026-08-07 23:00:45",316.9,2,joshuakinnah
7967,16797284,Alice7371,"2026-08-31 17:58:22",316.7,1,alice7371
7968,16690163,"Abhay Upadhyay","2026-08-08 18:05:54",316.7,2,abhay18s
7969,16666719,helenkwok,"2026-09-12 06:53:13",315.9,2,helenkwok
7970,16662491,Rudra070311,"2026-08-11 17:06:39",315.6,2,rudra070311
7971,16762084,"Krishna Lokhande","2026-08-23 14:08:48",315.5,1,krishnalokhande8080
7972,16763916,"Mohamed Nchourupouo","2026-08-24 09:28:47",315.5,2,mohamednchourupouo
7973,16660473,"Owen M Kelley","2026-08-10 00:53:11",315.4,2,owenmkelley
7974,16715576,bhavnachavda21,"2026-09-14 04:04:32",315.4,2,bhavnachavda21
7975,16692084,"Kaggri Farmers","2026-08-29 19:47:29",315.2,2,"jayant99acharya,satvikkolluru"
7976,16664218,"Nguyen Vu Tue Khang","2026-08-24 03:32:10",315.1,2,nguyenvutuekhang
7977,16777489,"Yousef Elbaz","2026-08-27 11:18:54",314.7,1,yousefelbaz
7978,16887058,"Michael Eberhard","2026-09-14 13:16:56",314.6,1,michaebe
7979,16686950,"Kittikhun Pachana","2026-08-08 00:16:11",314.6,2,kittikhunpachana
7980,16675048,Wizard_King,"2026-08-06 19:35:41",314.6,2,anshumanrayy
7981,16669535,sakshitantak,"2026-08-08 05:16:32",314.3,2,sakshitantak
7982,16646076,"Ajeet Krishnasamy","2026-08-04 19:52:27",314.2,2,ajeetkrish
7983,16683421,"Ruchita Yadav","2026-08-13 18:09:54",314.2,2,ruchitayadav20
7984,16665661,Ikhbar,"2026-08-05 09:50:57",314.1,2,ikhbar
7985,16757233,"Tet Toe Wai","2026-08-24 07:51:45",313.8,1,tettoewai
7986,16687403,"Raja Sai Vardhan","2026-08-09 08:19:22",313.6,2,rajasaivardhan
7987,16725135,"clement cg","2026-08-19 07:54:00",313.6,2,clementcg
7988,16765997,"Diya Sharma","2026-09-13 18:08:07",313.6,2,diyasharmanexa
7989,16682262,"Pardeep Singh","2026-09-01 11:01:27",313.5,2,pardeep06
7990,16709522,"Sanjay Dilip","2026-09-14 01:31:50",313.5,2,sanjaydilip
7991,16785050,"MITHIL J URK26CS7067","2026-08-28 18:29:14",313.0,1,mithiljurk26cs7067
7992,16690882,"Meet P. Shah","2026-09-05 04:32:03",313.0,2,meet47
7993,16778585,Deepa,"2026-09-11 11:13:56",312.9,2,deepa42639
7994,16661551,SimonAx,"2026-08-10 09:41:59",312.8,2,simonaxel
7995,16702052,"Beny Pratama Putra","2026-08-12 16:18:20",312.7,2,benypratamaputra
7996,16707118,"DEVEN BAGADE","2026-08-11 11:24:10",312.2,2,devenbagade
7997,16655621,xia0910,"2026-08-08 11:03:21",312.2,2,xia0910
7998,16696061,Mingyuan2002,"2026-08-28 17:15:00",311.9,2,mingyuan2002
7999,16791786,BladeOffline,"2026-08-30 03:42:42",311.7,1,bladeoffline
8000,16661639,"Jayanth Kumar D","2026-08-06 13:36:46",311.7,2,jayanthkumard
8001,16755632,"Adarsh Yadav","2026-08-21 16:34:37",311.4,1,adarsh12yadav
8002,16732315,"Filip Chladek","2026-08-17 13:37:38",310.8,2,filipchladek
8003,16681801,majj,"2026-08-11 03:07:46",310.8,2,m313786372
8004,16659975,"Rahul Sain","2026-08-05 18:54:58",310.7,2,rahulsain2001
8005,16690055,"Prem Kumar","2026-09-02 05:56:28",310.7,2,premkumar099
8006,16785111,"JEFFREY KIRUBA J ","2026-08-28 18:07:41",310.6,1,jeffreykirubaj
8007,16662856,"Pranjal Arya","2026-09-11 09:30:08",310.5,2,pranjalaryaa
8008,16758856,"Ali Zaib","2026-08-27 20:12:02",310.5,2,alizaib001
8009,16736202,杨雨灿,"2026-09-08 00:51:59",310.3,2,yucanyang
8010,16855181,Komal_Rani,"2026-09-08 16:39:15",310.2,2,komalvinayak
8011,16746121,Nononoi,"2026-08-21 07:18:02",310.1,1,nononoi
8012,16659493,"Ori Glisko","2026-08-09 14:27:44",309.8,2,origlisko
8013,16661690,codefusiondu,"2026-08-06 04:53:25",309.7,2,codefusiondu
8014,16657159,"Amey Malpurkar","2026-08-11 07:35:27",309.4,2,"ameymalpurkar,siddheshsadarao"
8015,16690514,"Aditya #3","2026-08-09 06:29:48",309.3,1,a0x1ab
8016,16663351,MiguelS,"2026-08-07 15:25:29",308.8,2,lordm758
8017,16784225,sulala,"2026-08-29 08:51:26",308.5,2,sulala
8018,16716592,"Poma Mikhail","2026-09-10 09:08:04",308.3,2,ambisinistra
8019,16713082,"Siyam Molla","2026-09-06 08:06:43",308.2,2,siyammolla
8020,16794647,"Michael Cahill","2026-09-01 07:46:28",308.1,2,michael1232
8021,16660308,zhangzhenman,"2026-08-25 06:14:26",308.1,1,zhangzhenman
8022,16676305,JTHEFROG,"2026-08-08 12:09:45",307.9,2,joshyuasa
8023,16726021,"The Farm Game","2026-09-02 13:23:00",307.4,2,"tacostew,thomasbower6"
8024,16658725,"syed jawad","2026-08-17 08:49:32",307.4,1,syedjawad663
8025,16666639,"Dheeraj Pranav","2026-08-24 19:38:42",307.4,1,dheerajpranav
8026,16792780,"Sreekar Reddy","2026-09-01 15:33:38",307.3,2,eshured
8027,16879958,Sash.a,"2026-09-12 18:09:09",307.2,1,smashaza
8028,16655315,SL,"2026-08-13 01:50:18",307.0,2,xndr007
8029,16671959,"Sintu Verma","2026-08-09 05:44:56",306.8,2,sintuverma
8030,16676302,Arnav,"2026-08-08 06:10:01",306.6,2,arnav03101
8031,16662403,"ulaş özen","2026-08-05 19:49:16",306.3,2,ulazen
8032,16634769,Fivingone,"2026-08-03 03:47:43",306.2,2,fivingone
8033,16690187,"Amrita Singh","2026-08-08 10:34:51",306.1,2,amrita004
8034,16682559,"Punit Pritam Mohanty","2026-08-11 06:21:03",306.1,2,punitpritammohanty
8035,16667033,"Geethika Sandireddy","2026-08-15 07:04:31",306.0,2,geethikasandireddy
8036,16765329,"Bart Woz","2026-08-31 14:18:24",305.9,2,bartwoz
8037,16632319,Valentin,"2026-07-31 21:14:24",305.6,1,vaha94
8038,16784538,"mou1234568 fdsfds","2026-08-28 18:05:29",305.2,2,mou1234568fdsfds
8039,16661955,Bingos,"2026-08-05 11:43:07",304.8,2,bingos
8040,16707179,"Achintya Rai","2026-08-12 11:15:16",304.7,2,achintyarai
8041,16652970,"Abhay sarkar","2026-08-05 14:40:05",304.6,1,abhaysarkarai
8042,16686645,Ornaat,"2026-09-09 10:43:27",304.5,2,ornaat
8043,16784605,"Iniyan M D R","2026-08-28 13:53:22",304.4,1,iniyanmdr
8044,16621557,"Vijay Krishna Lanka","2026-08-26 01:20:53",304.4,2,vijaykrishnalanka
8045,16839939,Lemonabc,"2026-09-05 12:56:42",304.1,1,lemonabc
8046,16654430,"Rishoban Y","2026-08-07 13:46:37",303.6,1,rishoban
8047,16728465,"Abdurrahman Assegaf","2026-08-16 12:13:15",303.3,2,amanshop
8048,16672670,RonTroy,"2026-08-13 04:46:15",302.9,2,rontroy
8049,16660529,Imaanga,"2026-08-10 11:41:21",302.8,2,imaangababy
8050,16652397,"Aniket Kumar","2026-08-06 13:29:50",302.5,2,kalkiavatar3
8051,16849173,"Sarvajith Adyanthaya","2026-09-07 16:51:17",302.4,1,sarvajithadyanthaya
8052,16659581,"isah ridwan","2026-08-07 09:02:00",302.2,2,isahridwan
8053,16672168,"Justin Rutkowski","2026-09-13 08:13:41",301.5,2,justinrutkowski
8054,16882182,":T Eh?","2026-09-13 09:16:32",301.4,1,goulustis
8055,16662913,"IYAMPAYE ribert","2026-08-04 19:01:38",301.3,1,iyampayeribert
8056,16668464,Mauro,"2026-08-05 15:57:27",301.1,2,ilmaurino
8057,16653054,Khongor2424,"2026-08-03 15:32:17",300.9,2,khongorkikaik21
8058,16761681,"Ming Myung","2026-08-24 05:12:56",300.8,2,vanhaminhquan
8059,16678521,"Arina Nevolina","2026-08-06 20:31:22",300.8,1,nevolinaa
8060,16858604,"Ye Naing","2026-09-10 02:42:59",300.7,2,yenaing
8061,16658357,heetmehta18,"2026-08-07 13:30:40",300.6,2,heetmehta0000
8062,16845314,ryvhii,"2026-09-14 03:02:14",300.0,2,ryvhii
8063,16665758,"Oladipo Bashir","2026-08-31 10:23:51",299.7,1,oladipobashir
8064,16720606,Williamtime,"2026-08-17 03:11:34",299.7,2,williamtime
8065,16668166,Pikachu,"2026-08-05 14:52:15",299.7,2,"arpankumarsinha,phantomboy69,subhojitpaul2006"
8066,16748410,Lemons,"2026-08-21 19:44:07",299.2,1,takahiromatoba
8067,16773545,faithk7u,"2026-08-31 21:57:43",299.0,2,faithk7u
8068,16712086,"Zubair Shafi","2026-08-16 23:23:04",298.8,2,zubairshafi5050
8069,16671566,renmin517,"2026-08-17 07:31:19",298.4,2,renmin517
8070,16660543,"BUTUH DUIT","2026-08-06 07:39:16",298.2,2,abulkahfi
8071,16882689,Soodari,"2026-09-12 21:56:31",298.2,2,soodari
8072,16657104,"Bashar Gamal","2026-08-17 00:04:56",298.1,2,bashargamal
8073,16661290,"Kelian Esteve","2026-08-04 14:33:13",298.1,1,kelianesteve
8074,16721849,ayushai8714,"2026-08-28 09:36:41",297.9,2,ayushai8714
8075,16755664,"Shivam Rajdev","2026-09-04 19:28:36",297.7,2,shivamrajdev
8076,16698920,"Rishabh Bhartiya","2026-08-12 13:48:26",297.7,2,rishabhbhartiya
8077,16669576,"zarnab waheed","2026-08-17 19:20:34",297.4,2,zarnabwaheed
8078,16659247,cindrella_18,"2026-09-13 08:56:24",297.2,2,"ankithraj30,neharaj1518"
8079,16668333,VishalVivek,"2026-08-07 09:46:17",297.1,1,vishal14332
8080,16683284,"Haha Farming","2026-08-07 14:38:04",297.0,1,"akshitharamesh,harinir1423"
8081,16759726,Phoenix,"2026-08-22 19:43:10",296.8,1,seanht1
8082,16712089,"yui seya","2026-08-12 12:17:02",296.6,2,yuiseya
8083,16711348,ticoraph,"2026-08-21 18:55:56",296.4,2,ticoraph
8084,16637025,kodalien,"2026-08-10 15:21:00",295.3,2,kodalien
8085,16656881,"Eugene Nyondo","2026-08-30 22:33:50",295.2,2,eugenenyondo
8086,16675037,"Stanislav Pashkov","2026-08-08 20:50:16",295.0,2,stanislavpashkov
8087,16651668,Haiku,"2026-08-05 06:28:54",294.5,2,yangjiefu
8088,16667700,"Omar Mohammad","2026-08-05 15:52:54",293.7,2,omarmohammadw
8089,16667042,"Adarsh Mukundan","2026-08-07 17:12:28",293.7,1,aadarshmukundan
8090,16684223,"Aayush Shah","2026-08-13 17:57:28",293.6,2,aayushshah265
8091,16885028,"wen yimeng","2026-09-13 09:26:04",293.4,1,wenyimeng
8092,16796258,"Lanzhi Jiao","2026-09-03 08:31:13",293.3,1,lanzhijiao
8093,16684168,"Roaya Saed","2026-08-10 14:36:20",293.2,1,roayasaed
8094,16818690,"Arionchen TitanTeam","2026-09-04 08:52:16",293.0,2,arionchentitanteam
8095,16682422,"SABBIR HOSSAIN 2029","2026-08-16 14:23:24",292.4,2,sabbirhossain2029
8096,16683970,"Zakhar Homyakov","2026-08-07 11:14:41",292.4,2,zakharhomyakov
8097,16766823,suikkee,"2026-09-02 05:05:50",292.3,1,suikkee
8098,16682623,"Aditya Paul","2026-08-14 12:44:45",292.2,2,adityapaul634
8099,16707228,"Milind Bansal","2026-08-11 11:45:00",292.1,1,milindbansal18
8100,16658065,"Parul Mittal","2026-08-06 13:55:51",292.1,1,pisces83
8101,16641866,"Prem Gandhi","2026-08-06 19:48:18",292.1,2,gprem352
8102,16845556,"li Insomenia","2026-09-07 04:07:10",292.1,2,liinsomenia
8103,16753817,Karmers,"2026-09-04 14:46:31",290.7,2,"prasenjittadake,swapnilpatil2737"
8104,16658941,Matts6591,"2026-08-17 07:59:36",290.7,1,mathwithmatt
8105,16808492,"beginner's luck","2026-09-06 02:32:36",290.6,1,"naohs01,tropicalbanana"
8106,16691354,"Vedika Gupta","2026-08-08 14:20:25",290.5,1,vedikagupta0
8107,16882973,"Omar Tarek Abdelkader Ahmed El Belbeisy","2026-09-12 22:59:07",290.3,2,patmux
8108,16659698,"Duy Anh Nguyễn","2026-08-07 10:23:27",290.2,1,duyanhnguyn
8109,16739918,POLAROID_86,"2026-08-18 21:56:04",290.1,2,polaroid86
8110,16817520,shreyansh0103,"2026-09-11 15:48:43",290.1,2,shreyansh0103
8111,16655734,dworld,"2026-08-05 04:13:18",290.1,2,jagdishhalde
8112,16654253,"Gaius K Biju","2026-08-03 18:51:18",290.0,2,gaiuskbiju
8113,16658990,"Muhammad Burhan SE-45-02","2026-08-07 04:26:18",290.0,2,muhammadburhanse4502
8114,16658620,"Dina Chettouh","2026-08-04 09:13:27",289.9,2,dinachettouh
8115,16841154,Kinjal,"2026-09-05 22:13:51",289.8,2,kinjalparmar5009
8116,16762045,ADV,"2026-08-23 13:28:56",289.6,1,shuntianjiang
8117,16756768,"Sayeed Ibrahim","2026-08-22 01:32:12",289.4,2,sayeedibrahim
8118,16663600,"Adrián Flores","2026-08-05 00:38:36",289.2,2,foward2892
8119,16678362,"Mitiku Yohannes","2026-08-07 00:00:37",288.9,2,mitiku
8120,16747086,Karma_350234,"2026-08-20 09:56:52",288.9,1,karma350234
8121,16842088,"Hrithik Reddy","2026-09-07 09:46:01",288.4,1,hrithik22122
8122,16707941,ニイエチカイン,"2026-08-14 15:28:42",288.0,2,j4ck99
8123,16658489,小出和見,"2026-08-13 23:23:04",287.9,2,kzmk8d
8124,16754845,"LG Music","2026-08-21 22:48:01",287.6,1,lgmusic
8125,16706591,"Poorvi Shetty","2026-09-11 09:12:22",286.6,2,poorvishetty1
8126,16713204,Mohamedg,"2026-08-24 23:15:06",286.1,2,mohamedgcroesus
8127,16624553,"Abiram Bharathi S.A","2026-09-08 11:40:32",285.9,2,abirambharathisa
8128,16840506,"Jayanth Earla","2026-09-10 16:46:21",285.9,2,jayanthearla
8129,16847927,"Laiba Hameed","2026-09-12 09:00:51",285.8,2,laibahameed08
8130,16661879,"Pham Truc","2026-08-07 07:21:46",285.7,1,genti1206
8131,16830884,"Khalil hafni","2026-09-14 23:51:56",285.5,1,hafnix
8132,16757098,"Tharun kumar Jaya kumar","2026-08-30 02:29:39",285.4,1,tharunkumarjayakumar
8133,16740795,Yanshaoo2026,"2026-08-19 08:40:17",285.1,1,yanshaoo2026
8134,16875479,"Debasish Gorai","2026-09-13 09:10:58",284.7,2,debasishgorai
8135,16689926,"Yongxiang Zhao #2","2026-08-12 03:33:27",284.7,2,yongxiangzhao
8136,16883375,"Sam Robin Singh E","2026-09-14 22:42:51",284.5,2,samrobinsinghe
8137,16743603,tanmoypal11,"2026-08-19 15:19:36",284.4,1,tanmoypal11
8138,16865663,GauravPramodJain,"2026-09-10 09:44:04",283.8,1,gauravpramodjain
8139,16655003,"Paramjeet Kaur","2026-08-04 21:09:02",283.8,1,kauxp26
8140,16659387,dharssshiniii,"2026-08-04 09:48:15",283.8,1,dharssshiniii
8141,16662105,PunnatatJAY,"2026-08-04 16:22:50",283.8,1,punnatatjay
8142,16629403,Galza98,"2026-07-31 10:09:02",283.5,1,galza98
8143,16665114,"Francesco Benincasa","2026-08-05 09:56:52",283.4,2,francescobenincasa
8144,16687151,harshi101,"2026-08-08 06:32:37",283.2,2,harshi101
8145,16748206,ArtlexYang,"2026-08-25 08:43:28",282.6,1,artlexyang
8146,16761731,"James Hu","2026-08-23 17:50:28",282.5,1,cnjameshu
8147,16756174,"Mateo Coelho","2026-09-02 19:10:01",282.4,2,mathsco
8148,16732746,MSG_Encrypted,"2026-09-11 23:47:57",282.3,2,msghais
8149,16643303,sigireddyBalasai,"2026-09-12 11:40:23",281.9,2,sigireddybalasai
8150,16697373,"Sumit Bhattacharjee","2026-08-29 18:29:11",281.8,2,sumitbhattacharjee
8151,16660579,mayank,"2026-08-06 14:41:12",281.7,2,mayank921
8152,16661213,"Daniel Siersleben","2026-08-05 12:53:41",281.7,1,danielsiersleben
8153,16740506,Growingduck,"2026-09-02 03:18:21",281.5,2,jaeminkang2021
8154,16780106,"Mirangga Jakti","2026-09-09 20:05:22",281.2,2,miranggajakti
8155,16746682,"julio cesar valencia","2026-09-09 20:37:35",281.2,1,juliocesarvalencia
8156,16624246,"xu j1ayang","2026-08-11 05:12:47",281.1,2,xuj1ayang
8157,16839430,EliaSav,"2026-09-06 15:33:34",281.1,2,eliasav
8158,16663253,"Albert Benjamin Asare","2026-08-06 19:29:05",281.0,2,albertbenjaminasare
8159,16741555,"Rushikesh Shirwalkar","2026-08-19 11:02:46",280.9,2,rushikeshshirwalkar
8160,16631989,"VIDIT SHRIMALI","2026-07-31 17:13:46",280.3,1,viditshrimali
8161,16655813,minerppdy,"2026-08-04 06:06:58",279.5,1,minerppdy
8162,16672982,"Enes Aytaç","2026-08-14 12:12:24",279.4,2,enesayta
8163,16790545,Adnane,"2026-09-01 02:18:09",279.3,2,adnaneel
8164,16639684,Rubel,"2026-08-05 18:49:11",279.3,2,rubel01
8165,16649074,nanato,"2026-08-28 04:27:29",279.1,1,nanato
8166,16662861,"Chirag Tutlani","2026-08-04 19:13:05",278.8,1,chiragtutlani
8167,16670185,"Odilon Yehouenou","2026-08-13 20:23:58",278.6,2,odilonyehouenou
8168,16680789,Marouane,"2026-08-15 02:41:18",278.4,2,marouanealahyane
8169,16659804,"Gashahun Demise","2026-08-04 13:23:20",278.1,2,gashahundemiset
8170,16785434,"Caik Franco","2026-08-28 18:05:21",278.0,1,caikfranco
8171,16698562,Kyoko004,"2026-08-11 04:38:18",277.7,1,kyoko004
8172,16676084,"Abir Majdi","2026-08-24 00:24:35",277.7,2,abirmajdi
8173,16672325,Ispagiytiy,"2026-08-06 08:58:30",277.5,2,ispagiytiy
8174,16669314,"Editor Jugnu AI","2026-09-06 08:31:32",277.3,2,editorjugnuai
8175,16660144,"Léandre ELISHA","2026-08-09 12:25:44",277.3,2,landreelisha
8176,16668559,Goups,"2026-08-22 09:11:46",277.0,2,hervrenard
8177,16666316,adityakr1001,"2026-08-05 09:33:41",276.9,1,adityakr1001
8178,16658795,"Case Seller","2026-08-30 06:46:45",276.8,2,caseseller
8179,16684191,"Patel Aryan D","2026-08-10 07:36:13",276.3,2,patelaryand
8180,16677629,"XIE Jintao","2026-08-06 18:47:28",275.9,2,xiejintao
8181,16656595,"Sithija Amarathunga","2026-08-04 10:09:50",275.9,2,sithijaamarathunga
8182,16733204,"Sompalli Akhil Kumar","2026-08-18 10:14:08",275.9,2,sompalliakhilkumar
8183,16652276,Phare111,"2026-08-04 15:09:55",275.8,1,phare111
8184,16772354,"Gleidistony Mendes","2026-08-28 17:50:07",275.7,1,gleidistonymendes
8185,16663869,CYBER_TECH99,"2026-08-05 01:40:15",275.4,2,cybertech99
8186,16656679,"Sadiqa Bibi","2026-08-27 09:52:29",275.2,2,sadiqabibidata
8187,16659060,Pratham3gewg,"2026-08-06 18:26:51",275.1,2,pratham3gewg
8188,16736084,"Kaishang Zhang","2026-09-02 13:41:28",274.5,2,kaishangzhang
8189,16669411,"Atta Ullah","2026-08-10 13:28:30",274.2,2,attaullahqau
8190,16748092,Luckshith,"2026-08-20 12:59:43",274.1,2,luckshith
8191,16772388,XiaozhenWu2002,"2026-08-29 16:21:55",273.9,2,xiaozhenwu2002
8192,16718890,"Andy Symonds","2026-08-19 23:04:11",273.6,2,andyivanhoe
8193,16697712,"Daniel Hebenstreit","2026-09-06 11:53:20",273.5,2,danielhebenstreit
8194,16664157,"Runjie Zhu","2026-08-10 11:49:13",272.9,1,damiendesolei
8195,16661587,"Debashis Mohapatra","2026-08-05 09:05:50",272.2,2,debashismohapatra
8196,16785789,"Mateus Sousa do Carmo","2026-08-28 21:23:10",272.1,2,mateaadsaf
8197,16665461,"Krishna Golwala","2026-08-24 18:39:08",272.1,2,krishnagolwala
8198,16660957,CREVATEC,"2026-08-11 09:30:33",272.1,2,"olakunleolalekan,samueloladeji"
8199,16660450,"prashant prakash","2026-08-08 09:45:36",271.6,2,prashantprakash28
8200,16663459,"Cristian Yeanpaul Palomino Calderon","2026-08-06 04:14:17",271.6,2,dawo0t
8201,16668032,pat999,"2026-08-08 08:30:58",271.5,2,pat999
8202,16748712,"Amit Kumar Gupta","2026-08-21 13:33:00",271.4,2,eramitg
8203,16695733,"Imad Zaanine","2026-08-11 02:11:15",271.4,2,imadzaanine
8204,16688231,"Antoine Matemane Mahirwe","2026-08-10 19:40:15",271.3,2,antoinemah
8205,16713601,"Omar spok","2026-08-19 13:27:13",271.2,2,omarspok
8206,16755126,"David ter Kuile","2026-08-21 14:01:59",271.1,2,davidterkuile
8207,16683428,"Darsh Jilka","2026-08-19 09:03:08",271.1,2,darshjilka
8208,16724743,"Dr. James Gambrah","2026-08-17 08:48:47",271.0,2,jamesgambrah
8209,16656198,N9uy3nPham,"2026-08-06 10:56:04",270.5,2,n9uy3npham
8210,16658676,"Abdul Roheem Abdul Warith","2026-08-04 18:59:04",270.4,1,albasoliyy
8211,16817626,"Jaya Singh","2026-09-06 05:30:17",270.4,1,jayasingh12
8212,16684875,"Amitrakshar Mukherjee","2026-08-07 13:21:32",270.2,2,amitraksharmukherjee
8213,16729884,"Chaimaa Matrag","2026-09-05 19:51:34",269.9,2,chaimaamatrag
8214,16724204,chestnut,"2026-08-21 02:15:17",269.8,2,yskkrbysh
8215,16697283,Puranjay02,"2026-09-10 07:09:06",269.6,2,puranjay02
8216,16760903,"Derrick Lace","2026-08-23 04:23:40",269.6,2,derricklace
8217,16641331,ushi,"2026-08-05 13:33:18",269.3,1,yuki508
8218,16711610,cc_z_kaggle,"2026-08-12 09:33:23",269.2,1,cczkaggle
8219,16758007,stoicsatvik,"2026-08-22 12:37:48",268.7,1,stoicsatvik
8220,16676007,"Lao KENAO","2026-08-15 01:15:48",268.5,2,laokenao
8221,16676501,"[Deleted] cf820879-5b51-45ff-9f0a-1d88833299b5","2026-08-08 08:32:10",267.8,2,kamraanmulani
8222,16684535,Moonlight,"2026-09-07 14:16:17",267.7,2,rajesh1joc
8223,16690494,StevenBeyen,"2026-08-13 07:55:32",267.6,2,beyensteven
8224,16654290,"Srinivasa Ranga","2026-08-17 05:19:41",267.4,1,srinivasaranga
8225,16784952,"Adria Barreto","2026-08-28 16:06:57",267.2,1,adriabarreto
8226,16809620,"Mohamed Alaa Elboraay","2026-09-02 19:11:42",267.0,2,mohamedalaa10
8227,16669523,Jackson55171,"2026-08-05 18:21:00",266.2,2,jackson55171
8228,16654306,Shubham,"2026-08-03 19:09:40",266.1,2,sanjayshubham24
8229,16792392,pansya,"2026-08-30 08:13:58",265.9,1,pansya
8230,16659374,"[Deleted] 8f7327b9-2576-439b-bd6e-3f5fde366ebe","2026-08-04 10:12:44",265.9,1,del=8b215115eb53cbc1
8231,16760025,"Mayar Abdelfattah","2026-09-14 19:14:02",265.6,2,"mayarabdelfattah,omarelmaghraby03"
8232,16661469,"Qiqi Xie","2026-08-06 20:53:32",265.3,2,qiqixie123
8233,16657378,doteeee,"2026-08-14 11:43:40",265.0,2,narendra
8234,16707372,"zidu cheng","2026-08-11 13:30:40",265.0,1,ziducheng
8235,16740800,"Shiva Sai","2026-08-19 03:54:27",264.8,1,shivasai846
8236,16690161,"Sudipto Event","2026-08-11 09:25:00",264.8,2,sudiptoevent
8237,16670004,Zinc-Eater,"2026-08-19 22:50:41",264.7,2,zans7331
8238,16691322,"Anita rai98765","2026-08-16 19:05:43",264.7,2,anitarai98765
8239,16790137,sinchir0,"2026-08-30 12:52:05",264.6,1,sinchir0
8240,16645300,szyulian,"2026-08-04 04:42:36",264.6,1,szyulian
8241,16761994,"Talha Sayyad faim","2026-08-23 11:32:37",264.3,1,talhasayyadfaim
8242,16671827,"Shourya Gupta","2026-09-13 06:48:36",264.2,2,siriuspotter
8243,16671302,"Pratish Chaudhary","2026-08-10 00:35:01",264.0,1,pratishchaudhary
8244,16701143,macneil,"2026-08-14 14:53:54",263.8,2,macneil
8245,16689933,"Anjali Shah","2026-08-17 09:30:28",263.7,2,anjalishah0306
8246,16623823,"Julieta Rubis","2026-07-31 04:45:53",263.7,2,julietarubis
8247,16703295,Yuting,"2026-08-13 20:42:16",263.6,2,yutinghanuxd
8248,16862181,"M chetin","2026-09-12 18:51:14",263.3,2,cetin95
8249,16627717,da_pond,"2026-07-31 08:33:57",263.3,1,dapond
8250,16701041,"Meet Babariya","2026-08-10 14:21:06",263.0,1,meetbabariya
8251,16677788,DorianCo,"2026-08-06 18:10:06",262.5,2,dorianco
8252,16856961,"Victor Egbo","2026-09-10 08:38:48",262.4,2,victoregbo
8253,16655786,leavts,"2026-08-04 02:35:50",262.3,1,leavts
8254,16740950,Shaw,"2026-08-23 10:07:14",262.1,2,shaw06
8255,16723467,"Vladas Verkelis","2026-08-15 14:23:42",261.9,1,vlaveris
8256,16689903,wangbohuan,"2026-08-08 09:35:12",261.8,2,wangbohuan
8257,16809426,"The Nafl","2026-09-10 11:20:55",261.7,2,nafalrust
8258,16695937,Ryckiii,"2026-08-09 13:03:24",261.6,1,ryckiii
8259,16811407,"Souta Wakatsuki","2026-09-11 17:25:44",261.6,2,souwaka
8260,16665243,"Harshit Jha","2026-08-05 13:40:16",261.5,2,harshitjha28
8261,16675981,"Luca R","2026-09-13 08:39:57",261.4,2,luck058
8262,16665719,"[Armenia] Narek Petrosyan1","2026-08-05 07:49:34",261.3,1,narekpetrosyan1
8263,16744954,charley8,"2026-08-22 06:23:36",261.2,2,charley8
8264,16678355,"Tanuj Saxena","2026-08-07 10:10:24",261.1,2,tanujsaxena
8265,16730653,"Daham Dissanayake","2026-08-21 03:17:15",261.0,1,"dahamdissanayake,dinuginimnara"
8266,16664863,zzzhhcc,"2026-08-13 06:15:42",260.7,2,zzzhhcc
8267,16673369,Frame,"2026-08-06 07:59:47",260.3,1,rainorwang
8268,16654318,"Aryan Raj Ayush","2026-08-23 08:34:14",260.0,1,aryanrajayush
8269,16659280,"yahaya zayyan","2026-08-04 10:51:16",259.8,1,yahayazayyan
8270,16759675,TianKitty,"2026-08-27 04:43:06",259.7,1,tiankitty
8271,16666574,"hrishit prakash","2026-08-05 13:26:37",259.7,2,hrishitprakash
8272,16849556,"Peter Bull","2026-09-08 12:41:45",259.6,2,peterbull
8273,16658888,NovaBytes,"2026-08-06 07:06:34",259.6,2,"drashtisingh14,kjjkjjk3107"
8274,16661231,"R Ajay Kumar12","2026-08-04 14:12:11",259.3,1,rajaykumar12
8275,16625775,liubingxin205,"2026-08-15 06:29:40",259.1,2,"hongjuw,liubingxin205"
8276,16713179,"Enise Zengin","2026-09-13 18:51:03",259.1,2,enisezengin
8277,16666512,RexHuang936,"2026-08-07 08:51:41",259.0,2,rexhuang936
8278,16655159,"Marcel Relaford","2026-08-13 01:26:26",259.0,1,marcelrelaford
8279,16663066,"Mithun Kore","2026-08-29 19:18:28",258.9,1,mithunkore
8280,16649650,"Ashish Barnawal","2026-08-11 04:08:04",258.9,1,klein4
8281,16676003,franck,"2026-08-06 14:59:55",258.9,2,bakura
8282,16724512,"Diw Gupta","2026-08-21 13:45:51",258.7,1,diwgupta
8283,16679467,"Ahmed Zedan","2026-08-18 00:28:27",258.6,2,ahmedzedan11
8284,16756743,"Ismail Alli Adekunle","2026-08-21 22:59:18",258.5,1,ismailalliadekunle
8285,16749514,"M Harini","2026-08-20 16:43:59",258.5,1,rvmharini
8286,16790483,"ivo nahuel jasinskas","2026-08-29 14:08:28",258.3,1,ivonahueljasinskas
8287,16841277,"Luis Garza Gonzalez","2026-09-08 05:07:26",258.2,2,luisgarzagonzalez
8288,16699790,Aryanpal07,"2026-08-16 12:28:53",258.1,1,aryanpal07
8289,16687891,qklent,"2026-08-09 19:44:12",258.1,1,qklent
8290,16708246,StudyForUse01,"2026-08-11 16:58:19",257.9,1,studyforuse01
8291,16807657,Dechant,"2026-09-14 08:39:17",257.8,1,dechant
8292,16667063,"Amiksha S","2026-08-09 15:16:49",257.8,1,amikshas
8293,16698399,liuzhangzhen,"2026-08-10 09:49:23",257.7,1,liuzhangzhen
8294,16665614,MesonLabs,"2026-08-11 06:17:27",257.6,1,mesonlabs
8295,16663191,"Arnav Anand","2026-08-04 19:53:08",257.6,1,arnavair27
8296,16656692,"kinza aftab 714","2026-08-04 05:43:51",257.4,2,kinzaaftab714
8297,16723065,"Kaio Castro","2026-08-28 17:24:26",257.4,1,kaiocastro
8298,16750033,davidw001,"2026-08-20 17:13:07",257.3,1,davidw001
8299,16795353,BlurreA,"2026-08-31 06:42:30",257.3,1,blurrea
8300,16657426,"M.Mukunda Reddy","2026-08-17 06:18:11",257.1,2,mmukundareddy
8301,16655292,"Ingrid Fellah","2026-08-04 06:31:35",257.1,2,ingvor
8302,16769754,daguniang,"2026-08-26 00:44:59",257.0,2,daguniang
8303,16670674,"Foodle Jang","2026-08-19 22:14:34",256.6,2,foodlejang
8304,16660471,"Obsessed Beings","2026-08-24 16:44:48",256.5,2,"meur99,muhammedsaeed315,obsessedbeing,studentwork01"
8305,16885828,U-Bex,"2026-09-13 10:35:08",256.5,1,shuichiurabe
8306,16738539,"Sharath S","2026-08-21 05:19:45",256.2,2,akicodes
8307,16712990,shreyaaaaa9,"2026-08-12 16:17:06",256.1,1,shreyaaaaa9
8308,16728249,"Ahmet Kiraz","2026-08-17 07:23:30",256.1,1,ahmetqiraz
8309,16772089,"Ana Riquele","2026-08-26 18:11:38",256.0,2,anariquele
8310,16725288,mustafasadiqi,"2026-08-15 12:26:35",255.7,1,mustafasadiqi
8311,16662039,"Ajat Rosadi","2026-08-04 16:58:10",255.5,2,ajatrosadi
8312,16637845,"Hadjmohamd Seif","2026-08-08 21:47:53",255.4,2,hadjmohamdseif
8313,16780057,"Njabulo Hope Makana","2026-09-14 19:35:00",255.4,2,njabulohopemakana
8314,16658567,"Sharif Mohamed (1)","2026-08-04 13:16:47",255.3,1,sharifmohamed1
8315,16678647,"Zorawar Singh","2026-08-06 19:55:53",255.3,2,zorawarsingh677
8316,16822994,"Peter Danilov","2026-09-03 18:16:23",255.1,1,pndanilov
8317,16633833,"mohammad javad Kamali","2026-08-19 05:13:42",255.0,1,mohammadjavadkamali
8318,16632795,"vishwottam kudekar","2026-08-05 18:19:02",254.8,1,vishwottamkudekar
8319,16850036,Sumzali083,"2026-09-07 19:23:11",254.8,1,sumzali083
8320,16881853,Sleepyman,"2026-09-13 09:36:15",254.6,2,alishakeri1
8321,16677517,justnyoike,"2026-08-10 01:12:56",254.6,2,justnyoike
8322,16669756,AlgSaid,"2026-08-05 18:54:07",254.5,1,imabdallah
8323,16783872,"Soupau Lev","2026-09-01 09:50:33",254.4,1,olivierauffret
8324,16657440,Lz7_129,"2026-08-04 15:26:01",254.4,1,lz7129
8325,16653997,"Alekya Valapushetty","2026-08-05 13:52:08",254.2,2,alekyavalapushetty
8326,16725104,ManasviVarma,"2026-08-23 10:20:35",254.1,1,manasvivarma
8327,16708480,"Omar M.Moustafa","2026-08-11 18:55:58",253.8,2,omarmmoustafa
8328,16771048,"Aditya Pawar","2026-08-25 16:55:04",253.7,1,aditya22102001
8329,16687620,Goktug1,"2026-08-24 21:03:56",253.6,2,goktug1
8330,16658644,"Hitarth Pandey","2026-08-09 03:04:42",253.6,1,hitarthpandey
8331,16683998,"Mahoraga save me","2026-08-07 22:09:22",253.4,2,yqngyv
8332,16706312,"shabbar taj","2026-08-11 16:35:57",253.4,2,shabbartaj
8333,16665704,"Sreesanth M S","2026-08-05 07:12:05",253.4,1,sreesanthms
8334,16657777,"sandeep kumar","2026-08-04 11:41:21",253.2,2,sandeep088
8335,16635098,"Charvi Upreti","2026-08-15 05:43:59",253.2,1,charviupreti
8336,16719618,Javierrcs,"2026-08-14 13:16:05",253.0,1,javierrcs
8337,16796678,ka,"2026-08-31 16:16:03",252.9,1,kandruszek
8338,16882350,akacome,"2026-09-12 18:32:37",252.4,1,akacome
8339,16655762,"Idrisse Moundhir","2026-09-05 08:21:45",251.7,1,idrissemoundhir
8340,16725537,"Ayan Bashir Sheikh","2026-08-15 18:02:07",251.6,2,ayanbashirsheikh
8341,16762459,GNR_network,"2026-08-23 13:59:19",251.5,1,gnrnetwork
8342,16728350,fajarnadeem808,"2026-08-16 13:07:59",251.5,2,fajarnadeem808
8343,16748882,gsv,"2026-08-20 16:13:45",251.3,1,ram1o1
8344,16670506,"Juan Andres Bravo Mejia","2026-08-05 21:40:17",251.2,1,juanandresbravomejia
8345,16809584,"Kinnal Rutu","2026-09-02 15:01:01",251.2,2,kinnalrutu
8346,16811524,PeiyuQian,"2026-09-11 16:00:55",251.2,2,peiyuqian
8347,16654067,DataForge,"2026-08-05 10:19:25",251.1,2,"chanduchandini,goriparthiramatulasi,srilakshmipanitini,suryachakradhar"
8348,16762081,VKAUL3,"2026-08-23 12:09:08",251.1,1,vkaul3
8349,16660321,syafanidwina,"2026-08-05 00:41:33",251.1,1,syafanidwina
8350,16774202,Wrs,"2026-08-26 09:21:40",251.0,1,wrsarch
8351,16768507,"Dhanush Ballanki","2026-08-25 00:33:27",251.0,1,dhanushballanki
8352,16862268,"Vishal Harry","2026-09-12 21:26:48",250.6,2,vshr777
8353,16762167,"Arkoday Roychowdhury","2026-08-24 01:29:19",250.6,2,arkodayroychowdhury
8354,16686316,"Ali mohon","2026-08-07 16:16:43",250.6,2,alimohon
8355,16633483,"benkerrouche abdelbasset","2026-08-07 16:11:50",250.5,1,bassetkerouche
8356,16782747,goodgreen,"2026-08-28 04:30:23",250.4,1,goodgreen
8357,16876167,"kjl jkl","2026-09-14 18:12:52",250.4,2,kjljkl
8358,16666027,CropBOTS,"2026-08-13 16:12:42",250.2,2,"anshultickoo,itsmepooja,manuakumar,sapnajain115"
8359,16711673,losingself,"2026-08-12 09:07:45",250.1,1,level14taken
8360,16758090,"JOYMIE TALICUAD","2026-08-22 10:07:40",249.8,1,joymietalicuad
8361,16864283,"Nguyễn Cường","2026-09-10 05:03:59",249.6,2,nguyncngo
8362,16737009,"Alexandre Pedrosa","2026-09-03 07:42:20",249.6,1,alexandrepedrosai
8363,16806577,ShinYAM1002,"2026-09-06 17:33:20",249.5,1,shinyam1002
8364,16654853,"Saketh Rao","2026-08-03 21:43:14",249.3,1,sakethrao
8365,16831820,"Raihan Saladin","2026-09-12 17:21:34",249.2,2,raihansaladin
8366,16712979,"Yusuke Tsukuda","2026-08-12 14:58:39",249.2,1,yusuketsukuda
8367,16698987,"Shree Ashok L","2026-09-01 05:16:16",249.2,2,"praneelbaskar,rishivarathan,santhoshkumarp24,shreeashok72"
8368,16663658,oriolgalceran,"2026-09-15 00:19:54",248.9,2,oriolgalceran
8369,16852383,"Ahmed Mostafa #2","2026-09-08 06:46:03",248.7,2,republic966
8370,16658152,MingSUN007,"2026-08-04 13:46:29",248.5,2,mingsun007
8371,16821068,"Danila Goncharenko","2026-09-03 15:22:12",248.4,2,danilegovich
8372,16667684,"Tim Neale","2026-08-06 13:01:12",248.4,1,timothyjneale
8373,16723075,"Cauã Freitas","2026-08-28 17:35:54",248.3,1,cauafreitas
8374,16708091,"Dipak Kumar Samanta","2026-08-11 15:17:04",248.0,1,dipak889
8375,16644210,"حسنين ساجد","2026-08-07 22:08:44",248.0,2,kutghngf98687er
8376,16818924,"super penguin king","2026-09-03 12:35:44",247.9,1,superpenguinking
8377,16653319,"Md. Rasel Meya","2026-08-06 14:42:18",247.7,2,raselmeya
8378,16667691,alexanderctrl,"2026-08-18 10:10:51",247.5,2,alexanderctrl
8379,16723726,"Erika Worrall","2026-08-15 23:09:17",247.4,1,erikaworrall
8380,16880785,"CHIDANANDA G L","2026-09-12 11:18:48",247.3,2,chidanandagl
8381,16666383,"Sindhi Vishal","2026-08-14 10:46:32",246.8,2,sindhivishal
8382,16784360,"Suraj Kumar","2026-09-08 10:20:42",246.7,2,suraj99km
8383,16819370,"István Csik","2026-09-03 13:39:36",246.2,2,istvncsik
8384,16696266,"Pandarasamy Arjunan (Samy)","2026-08-09 14:16:03",246.2,1,samy101
8385,16659001,"Tim Wanjohi","2026-08-12 11:43:16",246.0,2,timwanjohi
8386,16659900,"Abu Bakr","2026-08-04 18:30:29",245.8,2,mohamed32010
8387,16658783,"Devesh Choudhury","2026-08-07 17:08:33",245.6,2,deveshchoudhury
8388,16662066,"Yug Savalia","2026-08-06 19:06:26",245.6,1,"priyankagarg19,yugsavalia"
8389,16779857,0x74,"2026-09-03 14:03:17",245.3,1,i0x74i
8390,16717555,"Mariem GLIOUEZ","2026-09-10 15:21:07",245.1,1,mariemgliouez
8391,16733752,Abhi,"2026-08-17 19:34:16",245.0,1,zeroday19
8392,16635610,JeffFosterUK,"2026-08-01 17:16:52",244.6,2,jefffosteruk
8393,16681959,"shun takinami","2026-08-07 05:43:47",244.4,1,shuntakinami
8394,16885658,mio114,"2026-09-13 14:05:56",244.4,2,mio114
8395,16672767,"FasterYouChase FasterIRun","2026-08-09 13:15:12",243.9,2,icoguser
8396,16655508,bigsea,"2026-08-04 01:31:58",243.7,2,sakamakihiromi
8397,16767173,AgriNexus,"2026-09-12 12:58:54",243.6,2,rashmirajput0102
8398,16793148,"Hoàng Trung Nguyễn","2026-09-01 08:08:00",243.6,2,hongtrungnguyn
8399,16684891,SARTHAK,"2026-08-14 19:07:26",243.4,1,s4rth4k01
8400,16663003,devzohaib,"2026-08-04 21:27:30",243.4,1,devzohaib
8401,16707519,"Pradnya Khanse","2026-08-11 12:52:07",243.3,1,pradnyakhanse
8402,16675956,"Hassan Alghamoudi","2026-08-10 02:36:36",243.3,2,hassanabdulhafid
8403,16727383,"Minchul Shin","2026-08-20 07:50:37",243.0,1,nashory
8404,16632881,"Brisa Marina","2026-08-07 16:13:15",242.6,1,brisamarina
8405,16643821,"arnav chaturvedi123","2026-08-02 22:16:08",242.0,2,arnavchaturvedi123
8406,16725615,carside,"2026-08-29 04:49:31",241.9,1,carside118
8407,16684908,"Nidal Saleh","2026-08-08 14:08:20",241.6,2,nidalsaleh
8408,16830761,Skarmory,"2026-09-04 13:05:56",241.5,1,syarnorke
8409,16745293,Harvey,"2026-08-22 04:20:10",241.3,2,celestia0113
8410,16624000,Leneen,"2026-08-31 16:02:47",241.3,1,leneen
8411,16710929,"Pooja Divekar","2026-08-16 08:22:48",241.2,1,poojadivekar123
8412,16667365,"leul dereje","2026-08-08 06:54:54",241.1,2,leuldereje
8413,16654293,"Jatin N. Soni","2026-08-18 09:59:05",241.0,2,jatinsoni111
8414,16714263,Lmfm24,"2026-08-12 20:38:01",240.9,2,lmfm24
8415,16621290,"Muhammad Ahsan","2026-07-30 17:35:00",240.8,2,ahsanneural
8416,16659203,"Praful Nayak","2026-08-05 08:17:06",240.7,2,prafulnayak2003
8417,16666553,DevChheda26,"2026-08-05 09:53:22",240.3,1,devchheda26
8418,16691583,Caleb,"2026-08-09 14:32:52",240.1,2,collev
8419,16751488,Klixel,"2026-08-21 03:35:28",239.7,1,klixel
8420,16809006,Ilya,"2026-09-02 13:23:05",239.7,1,zhukov
8421,16632145,kazuki_kazukazu,"2026-07-31 14:53:13",239.7,1,kazukikazukazu
8422,16869551,"Adrien ple","2026-09-11 12:48:34",239.4,2,adrienple
8423,16687574,"Yash Raghuvanshi","2026-08-07 22:09:38",239.2,2,yashraghuvanshi25
8424,16668654,"Zharkyn Makhanbet","2026-08-10 18:28:08",239.2,1,imadparadoxi
8425,16668379,dccgps,"2026-08-08 05:44:36",238.1,1,dccgps
8426,16761134,mash3gt,"2026-08-23 06:10:12",237.8,1,shiroguitar
8427,16690286,imunderthetree,"2026-08-08 12:25:51",237.6,2,imunderthetree
8428,16632724,"Sayan Dutta","2026-08-04 07:47:42",237.6,1,sayan1507
8429,16859006,"king huang","2026-09-10 06:09:41",237.6,1,kinghuang123
8430,16676991,"Jack Hopkins","2026-08-19 19:11:37",237.3,2,jackhopkins
8431,16623099,"Bovard Doerschuk-Tiberi","2026-07-30 21:04:23",237.0,1,bovard
8432,16685128,"Rohan Hake","2026-08-10 12:48:36",236.6,2,rohanhake
8433,16890196,hello518123,"2026-09-14 08:51:52",236.3,1,hello518123
8434,16844343,"Gotovtsev Artyom","2026-09-14 10:57:52",235.6,1,artemgotovtsev
8435,16689364,"Udbhav Purwar","2026-08-11 10:12:00",235.2,1,udbhavpurwar
8436,16698886,pied_piper,"2026-08-10 14:11:15",235.1,2,ahanhalder
8437,16653941,"Sachin Kumar Kushwaha","2026-08-11 08:45:11",235.0,2,sachinkumarkushwaha
8438,16739908,"Asfam Parvez Kawser","2026-09-10 09:42:54",234.6,2,asfamparvezkawser
8439,16660291,"Abhijit Rajkumar","2026-08-04 13:27:44",234.5,2,abhijitrajkumar
8440,16861601,aliksey,"2026-09-11 17:22:46",234.4,2,aliksey
8441,16662048,"Deekshitha Prabhakar","2026-08-06 18:15:45",233.7,2,deekshithaprabhakar
8442,16790992,"Matthew Knyazev","2026-08-29 17:53:40",233.7,1,matthewknyazev
8443,16662603,"Shem Gikunda","2026-08-06 17:24:48",233.4,1,shemgikunda
8444,16822259,"Craig Goldswain","2026-09-07 14:52:01",233.4,2,craiggoldswain
8445,16661810,AGNES33,"2026-08-16 19:09:18",232.5,2,agnes33
8446,16675104,"khwaja Moula'Ali","2026-08-06 11:30:49",232.5,1,khwajamoulaali
8447,16798369,"Olabode James","2026-09-01 20:40:53",232.3,1,olabodejames
8448,16662353,"LAYAL ALNASHMI","2026-09-12 11:37:55",231.8,2,waitups
8449,16644398,Nurkan123,"2026-08-16 21:20:24",231.5,2,nurkan123
8450,16656900,Hxrsh09,"2026-08-10 14:39:46",231.3,2,hxrsh09
8451,16750526,"Marcel Biezunski","2026-09-05 16:44:52",230.7,1,marcelbiezunski
8452,16723404,"Mahdi Al Hajji","2026-08-20 02:13:12",230.2,2,mhh1430hacker
8453,16697020,"Hossam elden Mohamed","2026-08-15 01:13:51",230.1,2,hossameldenmohamed
8454,16659572,"ABHILASH PRAHARAJ","2026-08-04 11:24:21",230.1,1,abhilashpraharaj
8455,16658761,!Aman212,"2026-08-04 12:10:28",229.8,2,aman9142424
8456,16665701,ManuelWick-Eckl,"2026-08-27 16:01:18",229.8,2,manuelw
8457,16785175,SonOfNike,"2026-08-28 17:20:58",229.6,1,sonofnike
8458,16658311,zkskhurram,"2026-08-05 07:59:40",228.8,2,zkskhurram
8459,16782525,"Ashish Mittal","2026-08-28 05:27:46",228.6,2,ashish1502g
8460,16845903,"Tsubasa Hizono","2026-09-07 05:47:46",228.4,2,tsubasahizono
8461,16654314,Mahamudul_Hassan_8012,"2026-08-03 18:33:07",227.5,2,mahamudulhassan8012
8462,16826118,shishuyang11,"2026-09-04 06:50:04",227.3,1,shishuyang11
8463,16762162,"Shota Hirao","2026-08-23 12:34:05",227.1,1,shotahirao
8464,16851731,"Amar 5454","2026-09-14 10:28:42",226.9,2,amar5454
8465,16671342,"Danh Nguyen 1303","2026-08-09 14:47:52",226.7,1,danhnguyen1303
8466,16887893,"Sridhar C","2026-09-13 20:12:56",226.7,2,sridharchinnasamy
8467,16623274,Mhmda81,"2026-08-03 00:10:04",226.6,2,mhmda81
8468,16656515,"Rushal Manandhar","2026-08-06 04:15:01",226.5,1,rushalmanandhar
8469,16760920,"Román Eliezer Pérez Ríos","2026-08-31 18:07:43",226.4,2,perezrios
8470,16687514,Dark_1926,"2026-08-07 20:30:33",226.3,1,dark1926
8471,16682051,"Noorjahan Siddiqui","2026-08-10 09:33:35",226.3,2,noorjahansiddiqui
8472,16667550,"Oseni Sakariyau Oluwadamilare ","2026-08-23 10:05:56",225.8,2,sakabambam
8473,16712844,"ray hengbo","2026-09-01 03:35:31",225.6,1,rayhengbo
8474,16680521,"Luis Enrique Dalmau","2026-09-04 09:45:18",225.5,2,luisenriquedalmau
8475,16659703,"Ananya #2","2026-08-04 12:00:26",225.3,1,ananyax8
8476,16633342,farm75,"2026-08-03 14:03:14",225.2,2,sakthi75
8477,16728152,"Kenji Tai","2026-08-16 18:27:33",224.7,2,kenjitai
8478,16706134,NK11FC,"2026-08-25 11:30:00",224.6,2,nk11fc
8479,16751141,DeadJed,"2026-08-26 11:10:40",223.6,2,deadjed
8480,16814858,"Sankalp Patidar","2026-09-09 06:13:01",223.0,1,sankalppatidar
8481,16668024,"Igor Burkov","2026-08-07 04:35:37",222.3,2,igorburkov
8482,16654256,"KONGARA PRASANTH","2026-08-04 03:40:27",222.2,2,prasanth2008
8483,16716407,"Ibrahim Adamu Anka","2026-08-13 09:01:38",222.1,2,ibrahimadamuanka
8484,16659283,"DILEEP POTHULA","2026-08-08 06:43:15",221.9,2,dileeppothula
8485,16716386,"Dev Marya","2026-08-13 09:26:18",221.5,1,devmarya
8486,16780411,K.Satwik,"2026-08-27 16:23:04",221.0,2,ksatwik3220
8487,16669060,Twansss,"2026-08-15 04:37:59",220.9,2,twansss
8488,16701138,superpig,"2026-08-19 09:43:31",220.9,1,geniussuperpig
8489,16712395,"Zuohong Pan","2026-08-12 12:15:40",220.2,1,pshuaibi
8490,16663438,"Varun Prajapati","2026-08-08 21:54:54",220.1,2,"krunalasari,varun2206"
8491,16656633,N25H03A1028,"2026-08-05 05:18:45",220.1,1,pardhusadhu
8492,16660309,"Hazem Mahmoud Elsayd","2026-08-04 16:34:31",220.1,2,hazemmahmoudelsaid
8493,16881244,"Atharva Govind Salunke","2026-09-14 04:58:42",219.7,2,atharvagovindsalunke
8494,16773557,"Rudra kalyan","2026-08-26 09:08:54",219.3,2,rk1144
8495,16657525,"Alae Lakhdar","2026-08-05 08:10:49",219.2,1,alaelakhdar
8496,16639615,rickzai,"2026-09-01 05:37:21",218.8,2,rickzai
8497,16702060,Mcusac,"2026-08-13 19:42:54",218.5,1,mcusac
8498,16623846,"masatoshi hiraki","2026-07-31 07:52:39",218.5,2,masatoshihiraki
8499,16813582,Soham_7391,"2026-09-14 07:00:58",218.5,2,soham7391
8500,16793391,"Muhammad Ussman","2026-09-13 11:45:53",218.4,2,muhammadussman
8501,16711840,OverfitMilkCake,"2026-08-13 06:36:21",217.9,1,overfitmilkcake
8502,16639692,"Nirmal Patel","2026-08-06 03:05:27",217.4,2,nirmalpatel02
8503,16744545,"Aditya Kumar Singh 013","2026-08-19 18:45:42",217.1,1,adityakumarsingh013
8504,16654482,SarahShams,"2026-08-14 16:36:06",217.0,2,sarahshams
8505,16697628,"Yash Sharma","2026-08-17 15:33:32",216.2,2,yashsharma42
8506,16687337,"sravani kamjula","2026-08-07 19:38:39",216.2,2,sravanikamjula
8507,16674093,"Hoàng Trần Đặng Minh","2026-08-06 08:54:38",216.0,1,hongtrnngminh
8508,16700992,Abhishek_1355,"2026-08-25 09:17:08",215.9,1,abhishek1355
8509,16674977,BarbateP,"2026-09-14 10:38:33",215.7,2,barbatep
8510,16744221,Dizzy1829,"2026-08-29 04:15:48",215.5,1,dizzy1829
8511,16799132,"Marlon Vasquez","2026-09-01 08:07:31",214.9,2,vexmeavf
8512,16661689,"David Rao","2026-08-04 18:27:01",214.9,1,davidrao63
8513,16651507,jappanini,"2026-08-03 09:14:04",214.2,1,jappanini
8514,16636540,"Burkova Nastia","2026-08-01 13:34:02",214.1,2,"burkovanastia,ellvalerie"
8515,16675428,"Farhan Khairullah","2026-08-09 16:22:00",213.6,2,farhankhairullah06
8516,16866478,aktk,"2026-09-10 16:43:56",213.5,2,aniltk
8517,16777986,小雨姑娘,"2026-08-27 21:51:19",213.0,2,skewcy
8518,16654244,"Saad Nanawala","2026-08-03 18:17:33",212.8,1,saadnanawala
8519,16889817,"Om Patelxyz","2026-09-14 07:04:40",212.5,2,ompatelxyz
8520,16688190,"Win M","2026-08-08 00:28:18",212.5,1,winmet
8521,16672284,"Dhruv | AI/ML Engineer in Progress","2026-08-07 06:55:13",212.1,1,dhruvdipakchudasama
8522,16844194,小林周人,"2026-09-06 15:52:14",211.8,2,kobashu
8523,16682689,HenryRichardson1,"2026-08-07 10:00:12",211.6,1,henryrichardson1
8524,16656287,sandip_shaw123,"2026-08-05 10:02:07",211.6,1,sandipshaw123
8525,16668438,"Sahil Suman","2026-08-16 17:09:20",211.4,1,sahilmanavraunak
8526,16769114,angayoung,"2026-08-25 07:22:00",211.3,1,joaga0603
8527,16882682,"BALQEES GHWANMEH","2026-09-12 22:05:06",211.2,2,balqeesghwanmeh
8528,16750285,LeEmperor,"2026-08-22 04:36:18",211.0,2,leemperor
8529,16744461,"Adiratna Kamble","2026-08-21 22:05:13",210.8,1,adiratnakamble
8530,16870461,Fumi,"2026-09-13 10:10:00",210.4,1,cheersbeer
8531,16735735,Rishabh@1304,"2026-09-12 10:08:51",210.3,2,rishabh1304
8532,16802203,"Sadaf Mughees","2026-09-11 15:16:39",209.9,2,sadafmughees
8533,16665463,Seendon,"2026-08-06 19:19:25",209.7,2,informationminer
8534,16681610,"team maccy","2026-08-07 20:27:06",209.7,1,robertgama
8535,16668506,"Louie Tang","2026-08-08 06:56:52",209.5,2,louietang
8536,16662108,nhkien,"2026-08-05 06:52:18",209.5,2,nhkien
8537,16660749,"PavanK Saketh","2026-08-04 13:38:48",208.9,2,pavanksaketh
8538,16663910,"Shivram Nekkanti","2026-08-07 14:38:04",208.8,1,shivramnekkanti
8539,16633133,Holeneckles,"2026-09-07 17:24:26",208.5,2,holeneckles
8540,16692652,"Harsith R","2026-08-08 20:26:56",208.5,1,chiefofpredicitions
8541,16685568,Secertive,"2026-08-08 17:59:52",208.0,1,secretiveplotter1863
8542,16659598,kudston,"2026-09-12 13:08:10",208.0,1,kudston
8543,16659910,"Shraddha Kumbhar","2026-08-07 09:55:58",207.8,2,raj113
8544,16677786,"[Deleted] aec7dc1f-59cb-486f-998a-d2407e297536","2026-08-26 13:39:08",207.8,2,del=0fde9ba2630fee3c
8545,16743329,"Daniel Obioma emenike","2026-09-11 12:32:22",207.5,2,danielobiomaemenike
8546,16889278,"Ari Kurniawan92","2026-09-14 08:32:53",207.5,1,arikurniawan92
8547,16732342,"Viktor Antonov","2026-08-18 10:22:32",207.4,1,viktorantonov
8548,16663913,"Aanaa Kaliil","2026-08-05 15:15:31",207.2,2,aanaakaliil
8549,16760392,Владимир,"2026-08-23 00:19:23",206.9,1,vgkuvshinov
8550,16700832,Blitz,"2026-08-10 11:37:18",206.3,1,premshinde
8551,16741239,"fjf 1asd","2026-08-19 08:46:31",206.1,1,fjf1asd
8552,16623131,"Liam Carrig Newsam","2026-08-04 00:00:03",206.1,1,liamcarrignewsam
8553,16670747,"Aryan Kumar Chaudhary","2026-08-11 22:46:05",205.9,2,"aryankumarchaudhary,rakshitmundra"
8554,16723262,"Tiago OliveiraLL","2026-08-28 18:22:12",205.8,1,tiagooliveirall
8555,16656196,"Vishwash Golakiya","2026-08-27 01:07:00",205.5,1,vishwashgolakiya
8556,16858512,lkjmo123,"2026-09-09 06:45:18",205.1,1,lkjmo123
8557,16657032,"Ayaan Ghosh","2026-09-12 21:09:13",204.8,2,ayan9001
8558,16661252,"Andrzej Walczak","2026-08-05 09:46:19",204.6,2,andrzej1983
8559,16778545,Mizunooo,"2026-09-10 10:16:12",204.3,2,mizunooo
8560,16666414,salyamq,"2026-08-05 16:41:38",204.2,1,salyamq
8561,16669473,"William Bickelmann","2026-08-05 17:47:13",204.1,1,williambickelmann
8562,16831130,"Khushar Pal","2026-09-06 15:21:15",204.0,2,khusharpal
8563,16660930,"Chung Ching Yeh","2026-08-04 14:44:34",203.8,2,chungchingyeh
8564,16652159,Boson328,"2026-08-04 10:06:13",203.6,1,boson328
8565,16860921,jayjayfff,"2026-09-10 01:25:36",203.0,2,jayjayfff
8566,16684237,Zen_0910,"2026-08-07 17:07:02",202.5,1,zendeptrai
8567,16749225,"Hisyam Prasetyo","2026-08-27 11:26:07",202.5,2,hisyamprasetyo
8568,16675863,"Habib ullah","2026-09-14 15:58:27",202.0,2,habibullah123456789
8569,16639465,"Gabriel Aguiar Leao","2026-08-02 00:23:49",201.8,1,"gabrielaguiarleao,marcositta"
8570,16679470,"GamaL Mahmoud","2026-08-08 13:33:52",201.3,2,gamalmahmoudtaha
8571,16644360,Mathous,"2026-08-02 20:28:00",201.0,1,mathisdac
8572,16794720,"paola hernandez55","2026-08-31 04:19:31",200.8,1,paolahernandez55
8573,16656771,"thushara bandara","2026-08-07 04:13:43",200.4,2,dushyanthibandara
8574,16807557,coolz,"2026-09-09 06:35:51",200.1,2,cooolz
8575,16717586,wangjialu2333,"2026-08-15 09:29:36",200.0,1,wangjialu2333
8576,16730086,HanaGhanem,"2026-08-16 23:44:56",200.0,1,hanaghanem
8577,16666037,"Matheus Marques","2026-08-06 06:03:28",199.8,2,mathmarquesbr
8578,16657628,Hamo,"2026-08-07 12:00:21",199.4,2,mohamed2223
8579,16667238,"Srija ganguluri","2026-08-07 10:14:48",199.3,1,srijaganguluri
8580,16663333,"Iago Moura e Moreira","2026-08-04 20:05:06",198.7,1,iagomouraemoreira
8581,16724325,Melancholian,"2026-08-15 06:43:12",197.8,1,kasaneru
8582,16655482,Apoorv007,"2026-08-04 01:55:41",196.6,1,apoorv007
8583,16773358,yogeshgoudapatil,"2026-08-27 14:59:13",196.4,2,yogeshgoudapatil
8584,16673753,hmmmSure,"2026-09-13 19:12:36",196.2,1,gerardnitt
8585,16697143,"Jeisa Mathew","2026-09-06 13:04:00",196.1,2,jeisamathew
8586,16664315,happy_boy_2007,"2026-08-12 09:04:40",195.7,1,happyboy2007
8587,16709957,"Lei Gao","2026-08-12 04:03:42",194.3,1,leigao31
8588,16668048,"Gazi Sayem Uddin Samir","2026-08-05 14:29:51",194.2,2,gazisayemuddinsamir
8589,16724242,"Romash Koirala","2026-08-20 11:34:14",193.9,1,romashkoirala
8590,16679713,"John william Vicente 🇧🇷","2026-08-07 00:38:57",193.9,1,chrollo079
8591,16719771,"Oleg Papulov","2026-09-12 11:31:22",193.4,2,olegpapulov
8592,16696952,tronxz8,"2026-09-09 13:51:31",193.3,1,tronxz8
8593,16661494,"Arulmaniyan Rajavel","2026-08-22 13:46:58",192.7,2,arulmaniyanrajavel
8594,16693318,meow3301,"2026-08-09 02:33:34",192.3,2,meow3301
8595,16706557,"Nurullah Gundogdu","2026-08-11 17:52:07",191.8,2,nurullahgundogdu
8596,16859770,"Praful Tiwari1","2026-09-14 10:37:58",191.6,1,prafultiwari1
8597,16727681,JanV123,"2026-09-06 05:37:07",190.6,2,janv123
8598,16769470,HaHHYbYY,"2026-08-26 07:52:33",190.1,1,hahhybyy
8599,16698307,AnasAl7,"2026-08-10 13:08:08",189.6,2,anasal7
8600,16823341,"Agnieszka Sobala","2026-09-03 20:15:55",189.1,1,agnieszkasobala
8601,16656954,"Marwan Elmetwally","2026-08-04 05:56:29",188.3,2,marwanelmetwally
8602,16785398,"Vitória Freitas","2026-08-28 20:07:12",187.8,1,vitoriafreitas13
8603,16768568,Nour102006,"2026-08-27 04:46:00",187.8,2,nour102006
8604,16715896,新木,"2026-08-18 05:25:46",187.7,1,sunchief
8605,16635248,eosphor,"2026-08-01 09:46:59",187.5,2,eosphor
8606,16663945,anyasri,"2026-08-18 03:52:31",187.4,2,anyasri
8607,16656278,"Bhuvaneshwari Rebba","2026-08-04 09:20:36",186.8,1,bhuvaneshwarirebba
8608,16660146,4Solver,"2026-08-08 02:06:19",186.5,2,msfbiolinhares
8609,16654827,"ADITYA KUMAR MISHRA","2026-08-03 20:07:22",186.4,1,aditya1kumarmishra
8610,16637099,tobhull,"2026-09-09 01:58:40",186.2,2,tobhull
8611,16784431,"Régis Meyssonnier","2026-08-28 14:47:27",186.2,1,rgismeyssonnier
8612,16663448,"Adel I.","2026-08-07 12:55:44",185.9,2,adelid
8613,16832928,"Ilgar Gurbanov","2026-09-10 12:41:23",185.9,2,ilgargurbanov57
8614,16661969,"Raja T","2026-09-14 15:27:27",185.8,2,rajathiagaraj
8615,16658693,leehuilong,"2026-08-06 12:49:22",185.6,2,leehuilong
8616,16633551,"Subarno Sen","2026-08-25 04:42:35",185.2,2,lordfiftyfive
8617,16676992,NIDHIHEER01,"2026-08-16 17:09:00",185.1,1,nidhiheer01
8618,16670462,"Talha Kayar","2026-08-15 15:24:03",184.9,2,talhakayar
8619,16657892,"Boonanan namna","2026-08-17 04:36:04",184.8,1,boonanannamna
8620,16671985,"vishal waghchaure","2026-08-07 09:25:36",184.5,2,vishalwaghchaure
8621,16885565,"Shiva Rupan S","2026-09-13 11:19:14",184.2,1,shivarupan20me
8622,16683903,Saju,"2026-08-17 11:31:45",184.2,1,sajutr
8623,16713329,qrcodeTH,"2026-08-13 08:22:40",184.1,2,thanaphumsaywonin
8624,16681895,Akshar,"2026-08-07 06:16:19",184.0,2,aks0625
8625,16662630,"M.mohamed Muhasir","2026-08-05 18:25:39",183.3,2,mmohamedmuhasir
8626,16791131,"Maria Carolina BRAY","2026-09-14 11:31:52",183.2,2,mariacarolinabray
8627,16867344,"shayan yadegaridehkordi","2026-09-12 17:05:44",182.8,1,shayanyadegari32
8628,16877079,"Saptak Banerjee","2026-09-11 19:09:58",182.7,1,saptakbanerjee123
8629,16674390,yangluo1,"2026-08-08 01:31:08",182.2,2,yangluo1
8630,16680858,"Harshul Gupta","2026-08-21 04:40:05",181.8,2,harshulgupta77
8631,16717600,"Collistus Kibe","2026-08-21 22:13:38",181.7,2,collistuskibe
8632,16793536,yukko08,"2026-09-14 16:37:04",181.6,1,yukko08
8633,16730380,"FOKRUL ISLAM LECTURER","2026-08-19 01:56:28",181.4,2,fokrulislamlecturer
8634,16653906,swaroop41,"2026-08-04 05:53:29",181.3,2,swaroop41
8635,16891082,"surya prakash Nayak2","2026-09-14 10:56:23",180.8,1,suryaprakashnayak2
8636,16736759,"Lavesh Kadam","2026-08-18 10:55:05",180.7,1,laveshk314
8637,16677328,"Eng. Husnain","2026-08-08 13:13:23",180.5,2,enghusnain
8638,16793648,Sarda___,"2026-08-30 16:51:21",180.2,2,brainnotfound3
8639,16743630,TRP,"2026-09-01 17:06:48",179.5,2,tejratanpaulrocky
8640,16658033,"sanjay Ghalagi","2026-08-27 15:29:34",179.4,2,sanjayghalagi
8641,16814051,veron0611,"2026-09-08 04:33:30",179.0,1,veron0611
8642,16756875,"Meryem Kevser Keskin","2026-09-01 21:30:35",178.9,2,meryemkevserkeskin
8643,16665371,"Kevoh Mutwiri","2026-08-24 19:31:27",178.7,2,kevohmutwiri
8644,16658440,"Gloria Lourelynn S","2026-08-04 15:16:09",178.5,1,glorialourelynn
8645,16657344,"Ombayo fredrick","2026-08-04 14:04:04",178.4,2,ombayofredrick
8646,16657578,raushancoursework,"2026-08-05 06:54:51",178.4,1,raushancoursework
8647,16707062,"G DOLANARASIMHA","2026-08-11 12:18:02",178.3,2,gdolanarasimha
8648,16677403,bababoy,"2026-08-15 14:55:17",178.2,2,adrienrenard
8649,16632111,"Arda Çiftçi","2026-08-04 20:03:37",178.1,2,ardaciftci
8650,16701106,moshito,"2026-08-10 14:13:58",177.7,2,"danamaulana123,moshito,naufaldhiaulhaq01"
8651,16671232,"sms tcil","2026-08-07 13:03:30",177.6,1,smstcil
8652,16858886,twispur,"2026-09-09 07:38:09",177.5,1,twispur
8653,16723289,"Caio Saboia","2026-08-28 18:24:29",177.4,1,caiosaboia
8654,16658909,junesdata,"2026-09-14 23:04:12",177.3,2,junesdata
8655,16668018,"DAVID CHEW HL","2026-08-06 06:36:34",177.2,2,davidchewhl
8656,16697339,"Muhammad Safwan Ahmad Saffi","2026-08-15 00:28:21",177.1,2,safwanahmadsaffi
8657,16690433,"Amar Amar Gupta","2026-08-15 10:08:37",177.0,2,amaramargupta
8658,16657462,"CROP CODERS","2026-08-10 18:00:28",176.9,2,"dhanvanthraj,raghavan9944,shanmugam666,sitha2345,sumaiyahibrahim"
8659,16658635,"Deepak Kumar ","2026-08-05 02:38:29",176.9,2,deepak2026ml
8660,16625043,"Ivan Litvak","2026-09-07 08:27:04",176.7,2,trydotatwo
8661,16858496,"Aziz Alqwm","2026-09-14 04:05:21",176.6,2,azizalqwm
8662,16715354,"Alyssa Clark","2026-08-14 02:52:26",176.5,2,a1yssaclark
8663,16686902,"Aaditya Jain","2026-09-14 06:22:21",176.0,2,aadityajain2312
8664,16653462,"Ruchi Scott","2026-08-12 12:19:19",176.0,2,ruchiscott
8665,16669142,"Jaclyn Agee","2026-08-07 15:21:06",175.9,2,jaclynagee
8666,16690112,"Ayush Tripathi","2026-08-17 09:03:03",175.8,2,ayushtripathi112
8667,16784932,"Shefali Pradhan","2026-08-29 10:03:30",175.5,2,shefalipradhan
8668,16658401,"Aryan Lonare","2026-08-04 09:55:47",175.5,2,aryandyalullonare
8669,16713002,"Adithya M","2026-08-13 15:42:17",175.4,2,adithya3907
8670,16841612,"Jordan #2","2026-09-10 16:51:25",175.2,2,jordantay
8671,16838890,"Yisher Xia","2026-09-05 16:09:13",175.0,1,yisherxia
8672,16695951,"Gleb Makarenko","2026-08-09 18:21:25",174.9,2,gleny48
8673,16712562,"Sagar Singh","2026-08-17 09:28:26",174.6,2,acrejzz
8674,16691502,"DILANE FOGUE KAMGA","2026-08-08 15:20:05",174.5,1,dilanekamga
8675,16629441,Sofia_Gilka,"2026-08-01 07:45:58",174.4,2,sofiagilka
8676,16692568,"Muhammed Gulfam Toor","2026-08-13 19:04:32",174.4,2,gultoor
8677,16789570,wyananwyanan,"2026-09-13 11:53:27",174.1,2,wyananwyanan
8678,16667886,"Ubaid ur rehman 0345","2026-08-05 15:23:12",174.0,2,ubaidurrehman0345
8679,16662933,"Marcelo Pereira","2026-08-19 01:14:40",173.9,2,marcekkusrp
8680,16633003,"K Mukhiya ","2026-08-01 12:09:51",173.9,2,kmukhiya
8681,16802348,Shergill_17,"2026-09-01 11:17:15",173.7,2,shergill17
8682,16656210,"Sanjay Suthraye","2026-08-04 14:55:13",173.6,2,sanjaysuthraye96
8683,16630725,"vaibhav vyas","2026-08-06 10:56:52",173.5,2,vaibhavvyas0
8684,16666706,baijiachang,"2026-08-05 11:04:21",173.4,1,baijiachang
8685,16657306,"Krunal Chavda","2026-08-07 21:38:11",173.2,2,krunalchavda21
8686,16854169,"[Deleted] fe7af88d-d80f-4441-a8c5-3cca6b980e41","2026-09-09 12:41:02",173.0,2,del=0749851e202390c3
8687,16885883,"Stepan Kobaidze","2026-09-13 12:35:24",173.0,1,stepankobaidze
8688,16785085,"THEEPAN S.S","2026-08-28 16:35:39",173.0,2,theepanss
8689,16663334,"sameer mughal","2026-08-29 20:12:57",172.5,2,sameermughal109
8690,16841294,"Annu Rana1","2026-09-09 18:12:34",172.4,1,annurana1
8691,16731142,yshinok,"2026-09-15 00:42:28",172.3,2,yukishinohara0114
8692,16654124,"Aditya Kumar Singh","2026-08-05 09:57:29",172.2,2,adityq121608
8693,16670777,"Aman Yitbark","2026-08-13 05:43:27",172.1,1,amanyitbark
8694,16722089,"Saidjon Ramazonov","2026-08-16 05:51:50",172.1,2,saidjonramazonov
8695,16632418,"Bretokce 3amich","2026-08-07 12:18:26",171.9,2,bretokce3amich
8696,16729010,"karan sankhe","2026-08-16 15:15:45",171.8,2,karansankhe1356
8697,16624973,"Mrunmayee Kulkarni","2026-07-31 06:16:46",171.6,1,kulmrun
8698,16777666,Lithops1112,"2026-09-05 08:20:21",171.5,2,lithops1112
8699,16688165,"David @ Koantek","2026-08-25 23:53:17",171.5,2,artificialbrilliance
8700,16630041,"Devi prashad tripathi","2026-08-03 17:56:58",171.3,1,deviprashadtripathi
8701,16757671,xxxxc47,"2026-08-22 08:25:52",171.3,1,xxxxc47
8702,16662083,ihabkaggle,"2026-08-07 00:42:33",170.9,2,ihabkaggle
8703,16686834,Kaabbil,"2026-08-09 16:14:49",170.6,2,"dr3aking,kaabbil"
8704,16656164,"Justin Schomer","2026-08-09 09:05:59",170.5,2,fathersecurity
8705,16664586,"Owen Lim","2026-08-05 05:42:25",170.1,2,owenlim45
8706,16657227,"Anusha Marla","2026-08-04 07:05:53",170.0,2,anushamarla
8707,16773333,"Abdullah javed Javed","2026-09-05 03:13:57",169.9,2,abdullahjavedjaved
8708,16623563,"Jocelyn Dumlao","2026-09-01 02:35:54",169.9,2,jocelyndumlao
8709,16730922,"Shengyuan Yin","2026-09-13 08:07:37",169.9,2,flaming0
8710,16724995,dice1494,"2026-08-16 08:51:34",169.8,1,dice1494
8711,16668495,Herisitraka,"2026-08-05 17:16:28",169.5,2,herisitraka
8712,16725990,"Parth Tomar","2026-08-24 12:35:45",169.3,2,parthtomar193
8713,16752481,"Thanh Toan","2026-08-21 08:33:13",169.3,2,tonnglthnh
8714,16729148,"Marco M","2026-08-16 22:51:36",168.8,1,marcoms1000
8715,16667231,bettsy,"2026-08-05 12:12:35",168.0,2,bettsy
8716,16654384,"Alladi Sai Kalyan Raman 24BCE1509","2026-08-30 09:33:11",167.8,2,alladisaikalyanraman
8717,16640468,"Sohangkumar Patel","2026-08-26 15:00:44",167.7,2,samsamurai
8718,16802035,"sanchit atre","2026-09-01 09:31:07",167.5,2,sanchitatre
8719,16667968,ChronosData,"2026-08-18 14:25:43",167.0,2,codex5843
8720,16863892,brunoarpa,"2026-09-10 02:43:09",167.0,1,brunoarpa
8721,16697466,"hunain shahid","2026-08-11 06:12:38",166.7,2,hunainshahid230
8722,16737641,"PATIL ATHARV VIJAYKUMAR","2026-09-07 05:35:17",166.3,2,"atharv095022,patilsarthakvilas,sonuretusharsuresh"
8723,16659929,"MAMADOU LY (LY BOUSSO 45)","2026-08-13 11:43:25",166.2,2,mamadoulylybousso45
8724,16662099,"The Algorithmist","2026-08-04 23:41:59",166.2,2,riyagheewala
8725,16629426,"Abdullah Qureshi","2026-07-31 10:00:44",166.0,2,abdullahqureshi120
8726,16734896,pattikamo,"2026-08-27 10:52:28",165.9,2,pattikamo
8727,16685093,"Huzaifa Inam","2026-08-07 13:47:15",165.6,2,huzaifainam
8728,16670662,"Gina Lee","2026-08-11 22:45:21",165.3,2,ginaleegdm
8729,16777407,"Fahrur Rozzi","2026-08-26 23:01:52",165.2,1,frozzi18
8730,16665223,"Sawon Mitra","2026-09-06 17:13:28",165.2,2,sawonmitra
8731,16690188,Anurag,"2026-08-08 10:20:42",165.1,2,kumaranu2007
8732,16688288,"Ojo Oluwadamilare","2026-08-08 01:43:30",165.0,2,ojooluwadamilare
8733,16739102,"Mithulya Kumarapeli","2026-08-30 03:53:39",164.7,1,sandalim
8734,16752120,"Görkem Tuğ","2026-08-24 10:45:35",164.6,2,grkemtu
8735,16864193,"[Deleted] b3063c6b-024a-4ece-902e-6edde232fe9f","2026-09-10 06:27:50",164.6,2,del=d26e59586a26ce18
8736,16683577,"Ankush Kumar M","2026-08-07 13:19:05",164.6,2,ankushkumarm
8737,16658522,"Amna khanii23","2026-08-07 05:15:47",164.4,2,amnakhanii23
8738,16669311,Schoki,"2026-08-17 22:26:49",164.3,2,jensdnisch
8739,16780986,Azizbek,"2026-09-01 14:26:45",164.1,2,miracle88
8740,16664458,"Prantik Chandra","2026-08-05 05:47:10",164.0,1,prantikchandra
8741,16660978,"Maksym Khavil","2026-08-04 13:43:48",163.8,1,maksymkhavil
8742,16740144,Salmon,"2026-08-21 12:55:13",163.7,2,shin3110
8743,16658969,"Yuri Maslov","2026-08-04 10:11:45",163.6,1,yurimaslov
8744,16662803,"Ashish Gawade","2026-08-04 19:11:19",163.4,2,ashishgawade
8745,16690195,"Manshi Shukla","2026-08-08 10:12:24",163.4,2,manshishukla
8746,16676026,"Bedashree Swarupa Das","2026-08-06 14:14:21",163.3,1,ashokkumardasbedashr
8747,16793392,"reda elkrouchni","2026-09-02 16:16:05",162.6,2,redaelkrouchni2
8748,16712568,"Tanvi Dobariya","2026-08-14 17:39:52",162.5,1,tanvidobariya
8749,16794292,"Taylor Clark","2026-09-15 01:13:00",162.5,2,taylorclark637
8750,16662334,"Andres Beltran","2026-08-04 22:58:11",162.4,2,andresbeltran05
8751,16672322,"khalil ur Rehman","2026-08-13 05:10:03",162.0,2,khalilurehman
8752,16705360,Elahi,"2026-08-18 05:49:00",161.9,2,mmelahi
8753,16748453,LINJINYAN,"2026-09-06 14:25:23",161.7,2,linjinyan
8754,16799001,"Trịnh Quang Minh","2026-09-01 05:16:32",161.5,1,trnhquangminh140
8755,16661500,"yagnit sutariya","2026-08-04 15:34:39",161.5,1,yagnitsutariya
8756,16662662,"Joaquim Jose1","2026-08-04 17:57:03",161.5,1,joaquimjose1
8757,16661447,"Sibel Özbek","2026-08-04 20:50:27",161.2,1,sibelzbek
8758,16750391,"Batuhan Yerebasmaz","2026-08-20 18:34:21",161.2,2,batuhanyerebasmaz
8759,16654098,"Mohd Zaki","2026-08-26 01:46:45",161.2,2,mdzaki08
8760,16655573,"Probablyaphilosopher ","2026-08-16 00:01:40",160.8,2,probablyaphilosopher
8761,16775493,"JOE DEVA JERRY D ","2026-08-26 15:41:55",160.7,1,joedevajerryd
8762,16664875,SaiSujitPunukollu,"2026-08-05 05:46:11",160.1,1,saisujitpunukollu
8763,16662269,"KAMLESH KUMAR POKHARNA","2026-08-06 17:25:51",160.1,2,kamleshkumarpokharna
8764,16705490,"KASTHURI DEVI M","2026-08-13 10:42:42",160.0,2,kasthuridevim
8765,16778908,"PATIL ADITYA PANDURANG","2026-09-01 17:34:33",159.7,1,"jagdalepranavsagar,patiladityapandurang,pavankadam7005"
8766,16625029,Hilarus,"2026-08-01 15:59:02",159.2,2,hilagbag
8767,16718605,"صفاء عبد الرقيب","2026-09-06 19:27:10",159.2,2,bssgirl
8768,16714589,xinsu9898,"2026-08-16 22:26:49",159.1,1,xinsu9898
8769,16663265,"Darlington Ayakazi","2026-08-04 20:26:08",159.1,1,darlingtonayakazi
8770,16681056,"Aryan Jhingan","2026-08-11 18:53:48",158.4,2,aryanjhingan
8771,16662557,"Naman Sudershan","2026-08-05 13:21:08",158.3,2,namansudershan
8772,16660285,"Sawan Kohli","2026-08-06 13:11:44",158.2,2,sawankohli
8773,16721941,"Rita Ohabuenyi","2026-08-14 12:57:37",158.2,2,ritaohabuenyi
8774,16634761,"CHARHBILI Moad","2026-08-07 13:44:23",156.7,1,charhbilimoad
8775,16770924,rohit,"2026-09-12 05:08:35",156.3,2,rohitsrinivasan31
8776,16679979,Pranav6657,"2026-08-07 02:40:48",156.2,1,pranav6657
8777,16658362,MHaurel,"2026-08-09 15:32:45",155.8,1,hetax17
8778,16690199,"Lavkush Yadav","2026-08-08 10:20:55",155.2,1,lavkushyadavcse
8779,16632458,"RAMAN BANSAL","2026-08-24 04:35:56",155.1,1,ramanbansal
8780,16659036,"Mohammed Kaif","2026-08-04 10:41:22",155.1,2,mkaif001
8781,16659271,Hamish,"2026-08-12 12:48:51",154.8,2,hamishdickson
8782,16701997,zran1t,"2026-08-15 14:10:18",154.7,2,zran1t
8783,16756344,"Pasindu Perera","2026-08-21 19:21:11",154.6,1,amavinperera
8784,16641277,Zenieverse,"2026-08-30 05:09:04",154.0,2,zenieverse
8785,16680419,"Tech Changer","2026-08-17 12:31:58",153.9,1,johnbibin
8786,16723068,"Clara Lima Silva","2026-08-21 21:39:57",153.6,1,claralimasilva
8787,16623094,"Claudia Arias Gonzalez","2026-09-14 20:45:10",153.5,2,claudiaariasgonzalez
8788,16697716,ZEO,"2026-08-09 19:43:41",153.3,1,anuppatil29
8789,16875898,"Sai Krishna Pakkir","2026-09-11 17:30:49",153.2,2,saikrishnapakkir
8790,16843225,"Tobenna Okeke","2026-09-06 12:09:22",152.6,2,tobezzi
8791,16659062,"MOHAMMAD SUBHAN PASHA","2026-08-17 07:14:09",152.0,1,mohammadsubhanpasha
8792,16827437,kaedehs33-max,"2026-09-08 03:06:50",150.7,1,kaedehs33max
8793,16871409,"Aleksandr Isakov","2026-09-14 23:59:10",150.5,2,aleksandrisakov
8794,16658189,"Zale John","2026-08-26 00:48:24",150.2,2,zalejohn
8795,16884753,God111,"2026-09-13 05:22:00",149.3,1,god111
8796,16731986,Vugar3,"2026-08-17 10:51:29",148.5,2,vuqarxudvrdyev001342
8797,16889852,"Abdikaliq osman","2026-09-14 07:49:46",148.3,2,abdikaliqosman
8798,16662859,"Mohamed Zahran","2026-08-05 04:41:56",148.1,1,zrnking2012
8799,16861721,"SJ Gamsyy","2026-09-11 09:40:23",148.1,2,sjgamsyy
8800,16662123,hannhu40022,"2026-08-04 18:45:07",147.8,2,hannhu40022
8801,16754111,"Kalpana Patki","2026-08-22 16:05:10",147.1,1,kalpanapatki
8802,16662230,"Angus Mc Gregor","2026-08-13 21:25:46",146.9,2,angusmcgregor
8803,16683220,Kongali,"2026-08-10 01:24:37",146.0,2,kongali
8804,16741243,"Yasin Mert Şahin","2026-08-19 08:02:12",145.5,2,ymertsahin
8805,16656815,"Atharva S. Naladkar","2026-08-06 06:46:40",145.4,2,atharvasnaladkar
8806,16795043,"SONU RAUT","2026-09-05 11:51:59",145.0,2,sonuraut
8807,16659659,"michael J king","2026-09-14 22:37:42",144.6,2,michaeljking
8808,16713896,"Quantum Fusion","2026-08-14 12:12:34",143.9,1,gugurobotics
8809,16814946,"Bekama Regasa Negewo","2026-09-03 07:30:36",142.4,1,bekamaregasanegewo
8810,16718139,"shah jatin","2026-09-14 15:40:49",139.7,2,shahjatin
8811,16674774,"Dine ALASSANE","2026-08-07 05:53:28",139.7,2,dinealassane
8812,16743822,Surya,"2026-08-19 16:21:21",139.6,1,suryapandian
8813,16740263,"Scott Weeden","2026-09-14 08:15:35",139.0,2,scottweeden
8814,16660342,"Adapa Gopireddy","2026-08-04 12:49:43",138.7,1,adapagopireddy
8815,16713435,"Visruti Patidar","2026-08-16 11:18:23",138.4,2,visrutipatidar
8816,16621565,"salih chindo","2026-08-12 19:45:58",138.3,1,salihchindo
8817,16654363,"NIKHIL YADAV","2026-08-17 21:20:32",138.2,2,nikhilyadav232223
8818,16677081,"Brandon Gaston","2026-08-12 23:49:58",137.5,1,mushmon
8819,16738778,"DILIP BAVISKAR","2026-09-13 09:12:49",137.4,2,dilipbdilipb
8820,16840168,"gratefully dumb","2026-09-09 16:11:57",137.4,1,gratefullydumb
8821,16712406,"L Sangeetha","2026-08-18 01:56:24",136.7,2,lsangeetha
8822,16662714,"Amilcar Rodriguez","2026-09-01 04:22:39",136.0,2,amilcarskt
8823,16662295,"benja cooper","2026-08-04 17:41:28",136.0,2,benjacooper
8824,16640323,"KOUSHIK KUMAR DINDA","2026-08-29 01:55:31",135.8,2,koushikkumardinda
8825,16737040,"Joseph Djian","2026-09-09 10:30:17",135.5,2,djian55
8826,16659871,"Abel Kpoton","2026-08-04 20:41:20",135.1,2,abelkpoton
8827,16680165,"Radwa ALkalifa","2026-08-23 08:39:37",134.7,2,radwahamada
8828,16653934,"Ayomide Abdulrahmon","2026-08-03 19:22:32",134.6,2,ayomideabdulrahmon
8829,16756264,query_stop,"2026-08-27 00:24:14",134.0,2,jaared
8830,16707146,kaganou,"2026-08-11 13:19:53",133.0,1,kaganou
8831,16807010,cjsrudals,"2026-09-13 08:33:47",132.6,2,cjsrudals
8832,16716402,"Shashvat Singham","2026-08-13 10:56:39",131.7,1,shashvatsingham
8833,16658577,farmercode261,"2026-09-12 03:26:38",130.3,2,hifnikhakim
8834,16771841,"Panagiotis Alimisis","2026-09-14 19:04:58",130.0,2,palimisis6
8835,16662809,"Chukwu Excellent","2026-08-08 22:06:34",129.8,2,chukwuexcellent
8836,16748612,"Priyadharshini B","2026-08-24 12:06:18",129.4,1,priyadh29
8837,16762458,"Promise Matorofa","2026-08-24 10:00:04",129.3,2,promisematorofa
8838,16717094,"[Deleted] 3efc3b54-b875-4c05-8e11-1214498e2853","2026-08-13 12:30:26",129.1,1,del=386289f87b91311f
8839,16723091,"Naiely Silva","2026-08-28 00:53:34",128.9,1,naielysilva
8840,16756887,"Rushika S","2026-09-13 12:26:14",128.8,1,rushikas
8841,16656235,"Zain Ul Abideen Samo","2026-08-06 15:22:02",128.7,2,zainulabideensamo
8842,16659097,noril09,"2026-08-04 11:56:35",128.7,2,noril09
8843,16775483,"Parv Malav","2026-08-26 16:20:27",128.5,2,parvmalav
8844,16841368,lware5829,"2026-09-05 20:57:52",128.1,1,lware5829
8845,16765566,DIYANSH_JAIN7,"2026-09-03 10:56:38",127.6,1,diyanshjain7
8846,16847667,"Tushar Barman","2026-09-12 20:30:34",127.6,2,tusharbarman
8847,16848578,"Tuấn Anh","2026-09-09 04:28:16",127.1,2,tuananhdata
8848,16621770,"Rudraksh Zodage","2026-07-30 20:07:49",126.5,2,rudrakshzodage
8849,16794281,"adilio freitas","2026-08-30 22:25:36",124.7,1,adiliofreitas
8850,16858278,"Sukma Ramadhan A","2026-09-12 13:22:49",124.1,2,sukmaramadhana
8851,16657561,Roshdibenrojo83,"2026-08-04 07:19:05",123.6,2,roshdibenrojo83
8852,16756868,"Anisha Maurya","2026-09-05 19:29:41",123.5,2,anishamaurya
8853,16662142,"Adnan Khan","2026-08-30 06:22:52",123.5,2,iamadnankhan313
8854,16691729,"ADOLF FAUSTINE","2026-08-18 02:42:39",123.4,2,adolffaustine
8855,16656685,"Shravani Hibare","2026-08-05 10:15:36",123.3,2,shrahib4725
8856,16633511,"joshan gladston","2026-08-01 01:19:57",123.1,2,joshangladston
8857,16755329,SBedrosian123@,"2026-08-21 15:07:41",122.7,1,sbedrosian123
8858,16690499,SuperAI@2615,"2026-08-11 16:42:48",122.5,2,superai2615
8859,16679847,"Julio Contreras","2026-08-21 20:29:09",122.3,2,juliocontreras
8860,16657486,"Turhan TAS","2026-08-10 09:21:40",122.2,1,turhantas
8861,16658297,"Charishma Pillapalem","2026-08-11 12:46:56",122.2,2,charishmapillapalem
8862,16719809,"Milanto FR","2026-08-14 05:37:48",121.9,2,milantofr
8863,16668691,BeltusTebid,"2026-08-05 16:01:45",121.9,1,beltustebid
8864,16886704,"mohammed alshokry","2026-09-14 14:38:40",121.3,2,mohammedalshokry
8865,16661098,"Muhammad aufa azmi","2026-08-04 15:18:35",120.9,2,muhammadaufaazmi
8866,16661160,"Roobhasridevi P","2026-08-04 14:31:22",120.2,1,roobhasridevi
8867,16892144,"Ruichen Yin","2026-09-14 16:08:26",119.9,2,superaier
8868,16623660,"Taylor S. Amarel","2026-07-31 23:36:48",119.9,1,taylorsamarel
8869,16670547,"Maduako Prince","2026-08-05 22:53:03",119.9,2,maduakoprince
8870,16727876,"Harrison Wachira","2026-08-16 08:50:03",119.3,1,harrisonwachira254
8871,16746655,"Charan Reddy321","2026-08-25 06:27:38",118.9,1,charanreddy321
8872,16755807,PokeTrader,"2026-08-23 14:59:36",118.6,2,poketrader
8873,16659582,"Srikanth Adivanna","2026-08-04 11:25:45",118.4,1,srikanthadivanna
8874,16659840,"Dasari Giri Gabrelu","2026-08-05 13:41:11",117.3,2,giridasari
8875,16662243,"Cepeda Braxton","2026-08-04 19:31:54",115.8,2,cepedabraxton
8876,16726311,"Prince Diwakar","2026-08-16 12:55:18",114.2,2,princediwaker
8877,16674328,daniel,"2026-08-06 09:34:23",113.9,1,dkamgamegasoft
8878,16658299,"Bakar Prabowo!","2026-09-05 08:14:32",113.7,2,"galihrattn,kingki19,ranggacarkawan"
8879,16656643,"Willetta Dettore","2026-08-05 15:33:52",111.7,2,willettadettore
8880,16676977,"Akash Babu","2026-09-04 06:45:03",111.2,2,akashbabu17
8881,16656240,"SACHIN KUMAR","2026-08-10 03:13:24",111.2,2,sackm123
8882,16654559,"Kerem Ali AVCIOĞLU","2026-08-03 19:28:49",111.1,2,keremaliavciolu
8883,16725070,"Mehak Iftikhar","2026-08-15 13:21:30",110.9,2,mehakiftikhar
8884,16670368,"Gary Gitton","2026-08-19 17:03:04",110.1,2,garygitton
8885,16868591,"Lucas A. Rizzieri","2026-09-11 00:22:41",110.0,2,lucasarizzieri
8886,16626159,"Cảnh Đinh Tiến","2026-08-02 09:17:36",109.7,2,tourist110406
8887,16662547,"hiteshsinh solanki","2026-08-05 07:59:16",109.7,2,hiteshsinhsolanki2
8888,16626218,"Srishti Gauraha","2026-08-08 05:40:23",109.6,1,srishtigauraha
8889,16659041,"uma mahesh23","2026-08-04 11:50:03",109.3,2,umamahesh23
8890,16662455,"Nenavath Shashi","2026-08-04 18:04:52",109.3,2,nenavathshashi
8891,16885774,"Adama Savadogo","2026-09-14 17:34:16",109.0,2,adamasavadogo
8892,16657303,"Tejas Tiwari","2026-08-04 07:32:17",108.8,1,tejaat
8893,16636855,"Wynn Koo","2026-08-01 14:03:04",108.5,1,yongfenggg
8894,16731873,"Abhishek Singh Solanki","2026-08-19 07:24:47",108.3,1,realabhi5hek
8895,16658666,"VMax Agents","2026-08-04 10:57:49",107.5,1,"akhiildheep,mithun5353"
8896,16641109,zzgtylors,"2026-08-06 06:21:50",107.4,2,zzgtylors
8897,16670552,"Harsh Chaudhary ml","2026-08-05 22:16:25",105.4,1,harshchaudharyml
8898,16659308,Attaerabi,"2026-08-05 07:52:52",105.4,2,attaerabi
8899,16770096,Program,"2026-09-14 11:35:12",105.4,2,panagiotapanora
8900,16782192,"Marcelo Correa","2026-08-28 04:15:07",104.9,1,mvcorrea
8901,16663161,"Pial Mahmud","2026-08-17 10:38:21",104.6,2,pialgroup
8902,16621519,Ᏸ𐍂Ꭷ,"2026-07-30 17:30:30",104.2,2,dheerajkannaujiya
8903,16658695,"Muskan Zahid","2026-08-04 14:14:02",103.8,2,artificial52
8904,16654556,anjipoo,"2026-08-05 15:33:04",103.6,2,anjana0812
8905,16730854,src,"2026-09-14 06:56:17",103.3,2,skthtu
8906,16744618,"Roberth Douglas UFC","2026-08-27 16:33:10",103.1,2,roberthdouglasufc
8907,16735064,"Harshada Thorat 129","2026-08-18 03:58:34",102.5,1,harshadathorat129
8908,16660340,"pawan sondhiya","2026-08-07 06:22:38",101.6,2,pawansondhiya
8909,16654509,"Shruti Kondabathula","2026-08-07 18:17:56",100.8,2,shrutikondabathula
8910,16663277,"Mariana Mejía","2026-08-24 23:58:54",100.6,2,marianameja
8911,16691542,Tushar_SVC,"2026-08-11 04:12:09",100.6,2,tusharsvc
8912,16665079,"Maguluri Keerthi","2026-08-05 06:16:03",99.3,2,magulurikeerthi
8913,16767932,"Mark #3","2026-09-14 17:40:32",98.6,2,markdjadchenko
8914,16743241,"Adhvaith KS","2026-09-02 14:30:35",98.1,1,adhvaithks
8915,16798631,dzlabs,"2026-09-01 09:57:10",98.0,2,dzlabs
8916,16623953,"Denuwan Wijesinghe","2026-08-01 07:57:04",97.8,2,denuwanwijesinghe
8917,16857111,tfcygv,"2026-09-09 00:09:00",97.5,2,tfcygv
8918,16677441,"ERREGUI YOUSSEF","2026-08-06 18:02:39",97.3,2,erreguiyoussef
8919,16735323,"Souvik Routh","2026-08-18 04:30:21",97.2,1,souvikrouth
8920,16867360,kagg24293,"2026-09-11 08:19:36",96.0,2,kagg24293
8921,16707468,"SBJ 2205","2026-08-12 09:59:33",96.0,1,sbj2205
8922,16659451,anero98,"2026-08-22 20:47:29",95.6,2,anero98
8923,16667489,"Cornol Lieto","2026-08-05 12:31:14",92.0,1,lietocornol
8924,16700316,"Pranav Waghmare","2026-08-11 16:29:05",91.7,1,waghmarepranav6
8925,16654711,"Rupam Bhattacharjee1","2026-08-14 16:43:07",91.6,1,rupambhattacharjee1
8926,16665345,saurabh10june,"2026-08-05 11:53:47",91.3,2,saurabh10june
8927,16808545,"Qinyong Wang","2026-09-02 11:53:03",90.7,2,magicwqy
8928,16803074,"fumihito mori","2026-09-01 14:00:16",88.9,1,fumihitomori
8929,16657055,RedKiwi,"2026-08-05 05:57:34",88.8,2,tnmthai
8930,16661419,"Shivansh Soni","2026-08-04 15:08:01",88.4,2,shivanshsonii
8931,16769234,"Akshar #2","2026-09-03 09:38:13",86.6,2,aksharzala
8932,16735237,"YASH CHIMAN","2026-08-18 04:20:24",86.3,1,yashchiman
8933,16693819,"Hossein Shad Manaman","2026-08-12 03:14:58",85.9,2,hosseinshadmanaman
8934,16666072,Abinash,"2026-08-05 15:07:52",84.1,2,abinashsinha1726
8935,16663406,"Elshan Kazim","2026-08-16 08:38:43",83.9,1,elsnkazm
8936,16655748,revathip,"2026-08-06 06:00:14",83.2,2,revathiprakash
8937,16728931,Sathwik2006,"2026-08-16 14:25:36",82.5,2,sathwik2006
8938,16666273,"Wondu Zerihun","2026-09-08 07:55:57",82.1,2,zerihun369
8939,16663897,jayaBhavagan,"2026-08-05 19:34:36",80.0,1,jayabhavagan
8940,16633018,purelilyth,"2026-08-20 19:43:09",79.3,2,purelilyth
8941,16846758,"Harish More","2026-09-07 07:44:25",78.1,2,harishmore812
8942,16656777,"Salam Alqerem","2026-08-31 10:59:33",77.7,2,salamalqerem
8943,16867026,"Aashish Bagmar","2026-09-11 05:14:45",75.9,2,aashishbagmar
8944,16656485,stunningvn,"2026-09-08 07:40:44",74.4,2,dedquoc
8945,16666836,"Emir Ayvaz","2026-08-07 05:57:00",74.2,2,emirayvaz
8946,16785477,"ASHMIL P URK25CS7129","2026-08-28 18:26:11",74.0,1,ashmilpurk25cs7129
8947,16843755,oguzok,"2026-09-12 22:57:33",73.8,2,oguzok
8948,16660886,"Dr.Eldirdiri Fadol ","2026-08-05 05:30:48",72.1,2,dreldirdirifadol
8949,16659675,"M.Athallah Rafif Aldera","2026-08-06 12:40:14",72.1,2,mathallahrafifaldera
8950,16710773,Openaiskrip,"2026-08-12 07:54:38",71.7,2,openaiskrip
8951,16804859,DevashishSoni123,"2026-09-14 17:19:12",71.2,2,devashishsoni123
8952,16794173,"Kamran Arshad","2026-08-31 07:19:49",71.1,2,kamranarshad
8953,16667773,ShashankJha,"2026-08-11 15:41:47",70.7,2,shankinfy
8954,16730708,ysakuragi,"2026-08-19 01:30:12",70.7,1,ysakuragi
8955,16678283,"Ajinkya Digurkar","2026-08-21 10:56:03",70.7,2,"ajinkyadigurkar,sakshiagrawal8818"
8956,16680428,"Surabhi veda","2026-08-07 01:49:35",70.2,1,surabhiveda
8957,16785053,"Rinosh Bethala","2026-08-28 17:52:26",70.1,1,rinoshbethala
8958,16714335,"Jake Mordan","2026-09-06 22:35:04",69.4,1,jakemordan
8959,16789546,"lsm jii","2026-08-29 08:48:51",68.3,2,lsmjii
8960,16654087,Gabriela_Fernandes4,"2026-08-04 19:12:33",67.6,1,gabrielafernandes4
8961,16698958,"Shanjaya SK","2026-08-28 15:25:11",67.2,1,"payuu03,shanjayask"
8962,16658898,"SRI shiva","2026-08-07 17:21:07",65.9,2,srishiva
8963,16769435,"Nguyễn Mạnh","2026-09-14 09:46:32",65.3,2,nguyenmanh97
8964,16724806,rin2401,"2026-08-15 09:39:51",65.0,1,rin2401
8965,16661711,"Wild Star217","2026-08-30 18:00:18",63.7,2,wildstar217
8966,16848280,"Oladipupo Olapoju","2026-09-08 00:24:32",62.5,2,pupoolapoju
8967,16658100,"Nanda Riansyah","2026-08-04 08:55:54",62.4,2,nandariansyah
8968,16662922,BrandonDucar,"2026-09-12 23:12:40",62.0,2,brandonducar
8969,16705637,"Vedant Ghodekar","2026-08-11 05:28:57",61.3,1,vedantghodekar
8970,16806568,"Mumtaz Ahmad Maitla","2026-09-02 06:08:22",60.4,2,mumtazahmadmaitla
8971,16761007,"Pankaj Nakhat","2026-08-23 11:48:21",58.2,2,pankajnakhat
8972,16698953,Locked_in_hell,"2026-08-13 18:31:55",58.1,2,stealthknight
8973,16720136,"Roaring Cotton","2026-09-14 20:18:49",58.1,2,daviddavidelijah
8974,16731524,"Tsyrenov Mergen","2026-08-17 09:42:39",56.8,1,tsyrenovmergen
8975,16736939,"Flandre 29","2026-08-26 08:23:01",55.6,2,flandre29
8976,16835282,nico23t,"2026-09-07 14:18:22",55.6,2,nico23t
8977,16714192,"Nishanth Palugula","2026-08-14 06:51:09",55.1,2,nishanthpalugula
8978,16668599,"Hafsa Anwaar","2026-08-05 17:43:21",53.4,2,hafsaanwaar
8979,16640594,Win2207,"2026-08-07 12:05:07",51.2,2,win2207
8980,16716562,"Ananya Maurya","2026-08-13 10:01:25",50.6,2,ananyamaurya
8981,16633932,omikbop,"2026-08-02 12:36:52",49.7,2,omikbop
8982,16667339,"Victor Chege","2026-09-01 13:56:51",49.7,2,victorchege0
8983,16684847,"M.Harshavardhan Raju","2026-08-09 16:15:49",49.6,2,mharshavardhanraju
8984,16679410,"Leke Glean","2026-08-07 17:29:04",49.5,2,lekeglean
8985,16794052,"Sarthak Mishra","2026-09-10 09:04:26",49.1,2,"aarushverma04,pg541425,sarthak25b15310182,yadavup50"
8986,16852322,"Harshit Varma45","2026-09-08 03:54:30",47.8,1,harshitvarma45
8987,16644474,"Vihaan Ahluwalia","2026-08-05 13:16:21",47.7,2,vihaanahluwalia
8988,16723050,"Ítalo Albuquerque","2026-09-11 18:32:23",47.6,2,taloalbuquerque
8989,16673372,"Hadyan Adira","2026-08-14 03:16:30",46.4,2,hadyanadira
8990,16839644,Mikhail,"2026-09-06 06:52:57",44.6,1,mih2501py
8991,16868098,"Arya Patil","2026-09-11 08:00:49",42.9,1,shutterstack
8992,16675209,lavica,"2026-08-11 13:23:03",39.9,2,lavica
8993,16719441,Gatranova,"2026-08-14 04:11:54",39.3,2,rafiabiyyuairlangga
8994,16716079,shaurya_pandey@19,"2026-08-13 09:27:49",39.0,2,shauryapandey19
8995,16761521,"Artificial Silicon","2026-08-29 10:17:46",38.6,1,artificialsilicon
8996,16656753,"TAMAL SINGHA ROY","2026-08-05 07:57:48",38.5,2,tamalsingharoy
8997,16624064,"Hemant Ahlawat","2026-07-31 15:52:56",38.2,2,happyahlawat
8998,16675819,RohitS001,"2026-08-11 18:05:54",37.0,2,rohits001
8999,16780027,rotto,"2026-09-01 13:18:33",34.9,2,pirotototo4023
9000,16889642,"calvin Grimm","2026-09-14 06:15:04",34.9,1,calvingrimm
9001,16633250,Myst19,"2026-08-03 13:25:15",34.4,2,jakeschweikhart
9002,16778494,"Agda Niya","2026-08-28 06:43:07",32.7,2,agdaniya
9003,16665139,"Siddharaj Kulkarni","2026-08-16 05:23:21",30.8,2,siddharajkulkarni
9004,16662721,"Manish Sharma","2026-08-12 17:44:16",29.7,2,themihirsharma
9005,16644519,"Shambhu Shekhar Sinha","2026-08-12 18:55:43",29.7,2,shambhushekharsinha
9006,16771156,"Ronald Ayamba","2026-08-25 19:16:26",28.8,1,ronaldayamba
9007,16721501,αίνιγμα,"2026-09-14 07:00:52",28.0,2,"muditnagori09,shahidnadaf001"
9008,16687628,ruchit,"2026-08-28 11:22:16",25.5,1,ruchitkhade
9009,16660161,"Antimo Carlino","2026-09-08 19:09:46",25.5,2,antimocarlino
9010,16792786,"Fusion Flux","2026-09-07 06:29:03",25.0,1,mithilleshkumar
9011,16676428,wayzhengong27,"2026-08-08 06:34:59",20.8,2,"kkkuek,wayzhengong27"
9012,16784650,LukasM1,"2026-08-28 14:15:24",20.4,1,lukasm1
9013,16632413,"Varun Patil","2026-07-31 18:41:34",19.4,1,varunpatil262005
9014,16721495,"404 Crop Not Found","2026-09-01 08:45:29",17.3,2,"aiprojector,boazx15"
9015,16708290,"Hrishikesh Thakare","2026-08-12 14:45:08",16.9,1,hrishikeshthakare
9016,16780318,"Piyush Darinda","2026-08-27 17:28:07",8.8,2,piyushdarinda
9017,16669011,"Siddiqui Rehan Ahmed Furqan","2026-08-07 05:24:38",7.8,2,siddiquirehanahmed
9018,16654026,"joju shaji","2026-08-09 16:36:43",6.0,2,jojushaji
9019,16658745,"Shabby farms 2.0","2026-08-16 03:10:28",4.2,2,rahulk5418
9020,16696104,"Harshit Meesari","2026-08-09 14:31:00",3.1,1,harshitmeesari
9021,16689555,"kelvin waruingi","2026-08-09 22:45:23",2.2,2,kelvinwaruingi
9022,16681125,"M & M & P & Q","2026-09-14 00:13:34",1.7,2,"morimo,msd0110,piiiiiiiii,qistripute"
9023,16661152,"Dr.Abdulbaset Musleh","2026-08-19 20:09:26",1.3,2,drabdulbasetaledresi
9024,16673732,"Async Null","2026-08-06 16:55:26",-2.6,1,asyncnull
9025,16664822,"Prateek Singh","2026-08-05 05:30:22",-4.7,2,pra73ek
9026,16624666,"Avik Das","2026-08-21 08:57:10",-6.5,2,avikdas567
9027,16657568,"Manpreet Singh","2026-08-08 13:45:41",-7.1,2,manpreet1994
9028,16659501,Duckey,"2026-08-04 13:02:16",-7.9,2,bokangletsapo
9029,16809774,farmci,"2026-09-02 16:59:50",-8.7,1,ermismel
9030,16664199,SomyaSingh_07,"2026-09-12 16:02:26",-10.8,2,somyasingh07
9031,16721567,"Neeraj Sharma","2026-09-04 07:21:50",-17.6,1,neerajsharma897
9032,16732320,"Malik Muhammad Arbaz","2026-08-18 13:05:51",-17.8,1,malikmuhammadarbaz
9033,16811344,"Vineeth Nannuri","2026-09-10 05:19:07",-19.8,2,vineethnannuri
9034,16644439," علي ساجد","2026-08-02 21:40:07",-23.3,2,jdvdjdv97171ushd
9035,16676890,luciferingstar256,"2026-08-20 15:40:55",-25.0,1,luciferingstar256
9036,16654404,"Madhan Sidmal","2026-08-11 21:28:45",-25.7,2,madhansidmal
9037,16679250,srskat,"2026-08-16 08:26:30",-28.3,2,srskat
9038,16790678,Pujolaras,"2026-09-03 14:45:14",-28.6,1,pujolaras
9039,16659057,"Jolvin James","2026-08-07 08:04:22",-29.5,2,jolvinjames
9040,16735078,"SUDHANSHU PATIL","2026-08-18 04:37:33",-35.9,2,sudhanshupatil10
9041,16689681,"Prakash Rajan","2026-08-09 16:37:56",-36.4,2,prakashai
9042,16731488,"James Kimani","2026-08-27 13:18:20",-38.9,1,jaykim122
9043,16674526,"Imdadul hasan hamim","2026-08-13 07:32:37",-40.4,1,imdadulhasanhamim
9044,16792531,"subash jayakumar","2026-08-30 20:14:56",-46.4,2,subashjayakumar
9045,16755427,"Daksh Jain","2026-08-21 15:18:57",-55.5,1,dakshu081
9046,16758417,AthulJenson,"2026-08-22 14:21:26",-58.6,1,athuljenson
9047,16805234,Ryuzaki2325,"2026-09-01 19:44:54",-68.1,1,ryuzaki2325
9048,16663728,"Al'Humairah Ali","2026-08-10 17:28:01",-71.1,1,alhumairahali
9049,16629006,ymym_tymblack,"2026-08-22 09:44:39",-71.6,2,ymymtymblack
9050,16622991,"Fedor Grigorev","2026-08-27 15:30:57",-76.9,1,fedorgrigorev
9051,16713011,"Tasmayu Swain","2026-08-14 15:49:35",-83.3,1,tasmayuswain
9052,16683041,Abhishektyagi649,"2026-08-07 08:37:09",-84.6,2,abhishektyagi649
9053,16731829,"Alexandra Tricia","2026-08-19 07:03:33",-87.0,2,alexandratricia
9054,16675801,"Neeraj Jha","2026-08-06 13:43:18",-89.2,1,neerajjha1996
9055,16808566,"contemporary dance","2026-09-02 22:44:14",-92.5,2,shigeria
9056,16709661,sapphirey,"2026-09-07 11:21:05",-93.6,2,sapphirey
9057,16685888,LeulYT,"2026-08-10 05:35:44",-100.2,2,leulyt
9058,16657035,"Christvin Mathew","2026-08-04 08:55:56",-105.3,2,christvinmathew
9059,16719181,SaltyCode,"2026-08-16 04:56:22",-150.5,1,saltycode
9060,16659881,SantosR,"2026-09-08 14:27:04",-161.9,2,santosr
9061,16695221,"Muhammad Daud Abbas","2026-08-12 20:04:32",-173.5,2,muhammaddaudabbas
9062,16724138,"Tuna Xiao","2026-09-07 15:05:12",-174.2,1,tunaxiao
9063,16665495,"sai chand Boppudi","2026-08-07 04:19:58",-177.0,2,saichandboppudi
9064,16794008,HyperPlanz,"2026-08-31 13:08:38",-179.9,2,domiandr000
9065,16660261,"YO_ONE CHAUHAN","2026-08-08 23:49:54",-181.6,2,yoonechauhan
9066,16728276,"ROHAAN ASIF","2026-08-16 11:20:59",-186.3,2,ordinarydev007
9067,16668701,"Nihal Jamadar","2026-08-09 04:28:26",-188.4,2,nihaljamadar313
9068,16659864,"Twin Titans","2026-08-08 07:50:33",-189.7,2,"sivahokage,solaisararaju"
9069,16717416,"Timofey Kalyak","2026-08-20 07:04:06",-199.4,1,timofeytweaky
9070,16692837,"Sai Uttam Gite","2026-08-09 11:36:32",-205.5,1,saiuttamgite
