Rank,TeamId,TeamName,LastSubmissionDate,Score,SubmissionCount,TeamMemberUserNames
1,16915014,Boey,"2026-09-24 12:57:23",3093.2,2,boeychenjun
2,16732748,DSM,"2026-09-26 00:35:38",3066.4,2,"denden12,masspeaks,shimishige"
3,16770421,"Vadim Vasilenko","2026-09-25 18:39:21",2998.7,2,vadimvasilenko
4,16681125,"M & M & P & Q","2026-09-25 15:04:30",2995.5,2,"morimo,msd0110,piiiiiiiii,qistripute"
5,16623559,DECEM,"2026-09-25 18:58:13",2976.8,2,zy1343930734
6,16667959,"Fourth Quadrant","2026-09-25 16:34:20",2946.7,2,flynnfei
7,16730612,"Unknown Mother-Goose","2026-09-26 02:41:10",2943.1,2,linkinpony
8,16854176,吃白饭的大肥鱼,"2026-09-24 00:14:30",2900.8,2,"deepios,gengsr,tangdi24,tanpowasd"
9,16887437,TheEggman,"2026-09-26 01:25:33",2899.4,2,ethanl67
10,16718819,Majkel1337,"2026-09-25 19:57:01",2899.1,2,majkel1337
11,16743356,"Azat Akhtyamov","2026-09-25 23:24:18",2895.9,2,azakhtyamov
12,16730524,"THIRD FARM CLUB","2026-09-25 04:01:11",2894.3,2,"bowwowforeach,mooegi,shunrcn,simann"
13,16793083,"🐚seek inspiration🐚","2026-09-25 13:23:39",2892.1,2,kurupical
14,16624026,"Russell Kirk","2026-09-25 22:57:39",2890.3,2,russcore
15,16758882,mtmr_s1,"2026-09-25 15:21:09",2881.2,2,mtmrs1
16,16660137,Densike,"2026-09-25 18:11:54",2877.1,2,densike
17,16621799,"Artem The Farmer 🍅","2026-09-25 14:38:49",2866.4,2,veshkinartem
18,16673205,"Arda Ceylan","2026-09-25 14:19:31",2847.8,2,ardacey
19,16763230,flg,"2026-09-25 10:41:13",2839.9,2,ferdinandlimburg
20,16709127,IsaiahP,"2026-09-24 22:30:36",2821.4,2,pressman1
21,16730357,"My second life","2026-09-26 00:01:02",2821.2,2,"giovannibaldon,jjinho,pavelsavchenkov,ttyn4519"
22,16632327,"We wanna be tomatos","2026-09-25 22:14:22",2820.7,2,"behindkun,forrestxlz,konbu17,mechi22,midnqly"
23,16734966,kigasudayooo,"2026-09-26 02:34:09",2819.9,2,argon1215
24,16623716,"tetsuya & yuanzhe & guoqin","2026-09-26 03:34:40",2819.9,2,"guoqingu,tetsuya3510,yuanzhezhou"
25,16760569,"Otter Vibe","2026-09-25 14:19:05",2818.4,2,gyuminsong
26,16654697,KawattaTaido,"2026-09-25 05:00:05",2808.4,2,kawattataido
27,16752196,sekai013,"2026-09-25 10:09:55",2807.3,2,sekai013
28,16732403,ymg_aq,"2026-09-25 12:44:22",2803.0,2,ymgpalaqs
29,16664246,"Sida Zuo","2026-09-24 01:35:19",2800.2,2,sidazuo
30,16712258,Yizhou,"2026-09-26 00:00:40",2797.5,2,yaphellee
31,16644287,"Ryo Hasegawa","2026-09-25 21:33:59",2791.4,2,ryohasegawa926
32,16864314,marwar22,"2026-09-24 00:21:57",2788.0,2,marwar22
33,16622198,"THUNDER THUNDER","2026-09-21 07:08:52",2787.9,2,thunderthunder
34,16640510,SpaTaro,"2026-09-25 13:09:11",2786.2,2,tarosqrd2
35,16690867,HowardLeeTW,"2026-09-25 03:16:31",2782.2,2,"binghua123,gisgisgis,howardleetw,william950615"
36,16740405,by,"2026-09-26 02:58:09",2778.1,2,ibyyue
37,16926467,arutyunoff,"2026-09-25 23:09:17",2774.4,2,arutyunoff
38,16863512,YumeNeko,"2026-09-22 14:45:10",2773.3,2,kashiwaba
39,16866398,feles99,"2026-09-25 09:18:51",2769.8,2,feles99
40,16767215,keiz,"2026-09-26 00:34:35",2768.9,2,keizkeiz
41,16668998,WarRusher,"2026-09-25 23:41:27",2763.8,2,warrusher
42,16811917,"Dipam Chakraborty","2026-09-24 17:41:36",2759.0,2,dipamc77
43,16728071,AI是我的豆包,"2026-09-25 14:31:22",2757.1,2,"blht2026,wocenmma,zzxhee"
44,16730676,ActiveMusyoku,"2026-09-25 15:32:49",2756.1,2,"daiki0381,kohei0okazaki,noriyukimori,ryonatori,seipon"
45,16633178,"Cow Boy","2026-09-26 01:34:06",2752.6,2,shanzhong8
46,16811307,elmo,"2026-09-25 12:52:00",2750.0,2,mktakizawa
47,16685950,"Planned Economy","2026-09-25 23:56:17",2748.8,2,alturutin
48,16695046,"摆烂小分队 🏆","2026-09-26 00:06:28",2748.4,2,"aurax7,coolinlai,davidsarrat,pseree,zongzishuang"
49,16671741,Excluding,"2026-09-26 00:14:49",2747.1,2,excluding
50,16758244,yumizu,"2026-09-25 16:05:14",2744.3,2,yumizzzz
51,16714457,"Crop Dustas","2026-09-25 15:59:52",2743.6,2,"peikopon,rishigottumukkala"
52,16717665,"Christoffer Thimsen","2026-09-25 22:36:54",2743.4,2,lowasitgoes
53,16942123,dodsters,"2026-09-25 22:55:22",2739.1,2,"andreyakifev,friklez"
54,16653199,Koba,"2026-09-25 23:08:07",2738.9,2,zone0906
55,16629972,"forever young","2026-09-25 20:00:20",2737.7,2,keisukeyokota0428
56,16630825,"Black Mamba Farm","2026-09-26 01:52:55",2734.9,2,"asherjyd,frankyhz,qizhiran,yukundu231100"
57,16942171,mhw,"2026-09-25 10:51:04",2729.4,2,"matelong,wuyujc,yanghanxin"
58,16739633,kwa,"2026-09-24 23:47:16",2727.5,2,ikaroskaggle
59,16760701,"Yannik Schiffner","2026-09-26 00:11:35",2725.7,2,yannikschiffner
60,16693965,ra5anchor,"2026-09-24 16:56:57",2724.8,2,junmitsui
61,16633132,"Kaggledew Valley 🏆","2026-09-26 02:00:11",2724.0,2,"jackvd,wscmisx,yanzhou06"
62,16675778,"Orbital Terraformer","2026-09-22 14:33:40",2723.9,2,tubotubo
63,16672709,"RS Turley","2026-09-23 04:04:12",2716.5,2,rturley
64,16632021,istinetz,"2026-09-25 09:14:26",2711.8,2,istinetz
65,16799266,"Kucing Garong","2026-09-26 01:30:31",2708.2,2,syaugialkaf
66,16705417,fuxi,"2026-09-23 13:20:03",2707.8,2,"padyue,pytorch5009asd"
67,16693904,DeeperNet,"2026-09-25 13:34:12",2706.4,2,"deepernet,kkkggg,xblade"
68,16743582,ShunkiKyoya,"2026-09-25 15:10:24",2705.6,2,shunkikyoya
69,16891058,Navier-stokes,"2026-09-25 01:15:17",2705.6,2,"nguyenkhanhvu,nhtlongcs"
70,16707990,Snorlax,"2026-09-23 09:49:11",2700.3,2,pku1400010735
71,16754022,Pico,"2026-09-25 18:41:56",2695.7,2,charithgr
72,16640785,"syouya tobita","2026-09-25 20:17:43",2693.8,2,syouyatobita
73,16882725,Ebi,"2026-09-20 08:09:48",2693.6,2,ebinan92
74,16723620,3정훈,"2026-09-26 03:49:15",2691.8,2,az05192000gmailcom
75,16669935,"Roman Svet","2026-09-25 06:23:22",2690.9,2,romansvet
76,16652175,"Lucas Boesen","2026-09-25 18:21:03",2689.2,2,lucasboesen
77,16690763,chungkuangwen,"2026-09-25 04:06:51",2682.9,2,chungkuangwen
78,16748142,"Hikaru Umeda","2026-09-26 00:32:25",2682.7,2,hikarumeda1030
79,16734901,Breaking1800,"2026-09-25 23:18:32",2680.7,2,breaking1800
80,16668783,Zyy7390,"2026-09-25 23:16:28",2680.3,2,"tigerrrrrr,zyy7390"
81,16748173,pensukesan,"2026-09-25 17:15:09",2680.3,2,pensukesan
82,16659555,"Joseph Adamski","2026-09-25 18:11:35",2677.3,2,josephadamski91
83,16621590,Yaroslav,"2026-09-25 09:38:23",2676.5,2,yaroslavrogoza
84,16632783,chocolat,"2026-09-26 01:37:38",2675.5,2,chocolatnya999
85,16659627,"Lam Dang","2026-09-24 16:30:38",2675.3,2,lamdang
86,16667242,"Gleb Tumanov","2026-09-19 11:45:55",2667.2,2,crachton
87,16706321,lumen,"2026-09-25 12:48:01",2665.0,2,lumenyuto
88,16922539,Gatswei,"2026-09-25 05:54:37",2663.1,2,gatswei
89,16823930,"Ghost Rule","2026-09-24 15:26:20",2662.9,2,yiyangxudmm
90,16685763,"koren sabag","2026-09-26 02:35:26",2662.6,2,korensabag
91,16732521,redblackbst,"2026-09-23 13:21:46",2661.7,2,redblackbst
92,16644724,"Kaggriculture Agent","2026-09-25 22:43:03",2661.2,2,"jiweiliu,tonylica,yiheng"
93,16717536,c0nrad,"2026-09-25 18:08:43",2660.3,2,stuartlarsen
94,16856022,"fasith 007","2026-09-25 11:09:16",2659.8,2,fasith007
95,16633950,"Matt Motoki","2026-09-25 23:14:55",2659.1,2,mmotoki
96,16750416,QQ农场,"2026-09-25 07:15:57",2657.1,2,"dqfeng,gvione"
97,16623466,len8487,"2026-09-26 03:55:36",2651.9,2,len8487
98,16625908,trantrikien239,"2026-09-26 00:00:21",2648.6,2,trantrikien239
99,16629685,mikelou1,"2026-09-21 14:47:03",2647.0,2,mikelou1
100,16910633,Shawn404,"2026-09-25 14:48:00",2644.3,2,shawn404
101,16845367,kyy666,"2026-09-25 20:02:10",2644.1,2,"kyy666,robertmcwang"
102,16748733,"Driz Lo","2026-09-24 16:31:41",2643.7,2,"cieling,drizlo,kindinred"
103,16705390,"Subramanya N","2026-09-25 15:34:35",2643.6,2,subramanya1997
104,16677337,"xi luo","2026-09-24 17:22:28",2643.2,2,xiluo00
105,16889691,"Evil Mango","2026-09-24 19:57:10",2642.7,2,"theevilpiggie,yangbai2026"
106,16736435,Dieter,"2026-09-26 00:01:03",2642.2,2,"arc144,christofhenkel,crodoc"
107,16815017,Humanitis,"2026-09-25 22:00:23",2641.9,2,humanitis
108,16736427,KouFu,"2026-09-25 11:53:58",2634.6,2,kouheif
109,16857676,"Justin Yang","2026-09-24 23:15:40",2634.2,2,zake7749
110,16658248,Aaweg,"2026-09-25 15:27:29",2632.5,2,aawegbhaladhare
111,16621163,john,"2026-09-25 20:43:45",2632.5,2,jaejohn
112,16670384,"Gordeev Max","2026-09-26 01:24:30",2630.3,2,gordeevmax
113,16704466,"QQ Farming","2026-09-25 07:04:20",2628.9,2,"dzjiann,hdhsjdjd,keithtyser,mitubant,ngyzly"
114,16909118,loxigicck,"2026-09-26 01:28:20",2627.3,2,loxigicck
115,16730076,SJY321,"2026-09-25 19:16:09",2626.2,2,sjy321
116,16659679,Civitasmass,"2026-09-26 03:35:25",2625.1,2,godhand
117,16656496,"Vaibhav Gupta","2026-09-26 03:35:38",2624.1,2,vaihero
118,16798172,"Dmytro Maliarenko","2026-09-25 14:29:21",2623.5,2,arxitekton
119,16645426,Jun_value,"2026-09-25 11:41:59",2623.1,2,junvalue
120,16700204,"ZHOU HONGYI","2026-09-25 01:56:24",2622.0,2,zhouhyz
121,16621497,"Victor @ Tufa Labs","2026-09-26 02:25:32",2621.9,2,vmerckle
122,16923122,RangerSnow,"2026-09-23 03:58:57",2619.4,2,rangersnow
123,16634537,d_tree_love,"2026-09-26 03:22:39",2618.6,2,yuki11ii
124,16698366,Fateyongheng,"2026-09-25 11:04:09",2617.5,2,fateyongheng
125,16696304,"Utkarsh #2","2026-09-25 10:22:05",2615.8,2,n0va007
126,16622330,"hiroshi murakami","2026-09-25 14:40:57",2613.4,2,zabojeb
127,16731275,carbonapi,"2026-09-25 22:17:18",2612.6,2,nonempty
128,16696999,"HD h Joratos","2026-09-25 12:01:59",2611.5,2,hdhjoratos
129,16633552,Unkn0wn,"2026-09-25 22:23:36",2609.0,2,"harnadshilpa,nagendraadisesha"
130,16651244,"Knight of Favonius","2026-09-25 12:42:05",2608.8,2,ladyfaye
131,16641710,yjshyfy,"2026-09-24 07:05:03",2608.2,2,yjshyfy
132,16932366,"Mehrdad Naderi","2026-09-25 06:45:37",2604.8,2,mehrdadnaderi
133,16923256,Rio,"2026-09-25 16:01:28",2601.9,2,ryosukehada
134,16882022,URAD,"2026-09-26 03:06:41",2601.9,2,uradkr
135,16748154,taiseiu,"2026-09-26 00:21:39",2599.7,2,taiseiu
136,16762319,"Shiji Zheng","2026-09-25 22:14:15",2598.9,2,"q20020006073,watcher996,zhengshiji"
137,16867799,"Chris Deotte","2026-09-25 08:11:46",2598.8,2,cdeotte
138,16688159,"aildar &  slopernak & bobot","2026-09-26 02:10:18",2597.9,2,"eldarkhisamutdinov,mernak,vladimirbagmanov"
139,16946062,Dlyra,"2026-09-25 22:12:42",2596.7,2,tyronnaidoo
140,16892288,"Omar Althobaiti","2026-09-25 23:47:36",2596.4,2,omarahmedalthbite
141,16897610,"in blue","2026-09-25 08:24:35",2594.1,2,bhatiji
142,16914744,哈基米南北路多,"2026-09-23 15:15:35",2591.4,2,"drlimingz,freakrk,liushunyao,perrinslutman,sayu1u"
143,16640048,"extra eclaire","2026-09-25 03:47:54",2590.6,2,"aeniminu,extraeclaire"
144,16655129,"Morylov Yehor","2026-09-25 19:51:58",2590.3,2,morylov
145,16940889,Yoshiki_Nakamura,"2026-09-26 01:46:18",2588.1,2,yakizakana629
146,16741965,Ryuichi,"2026-09-25 15:12:02",2585.6,2,ryuichigt
147,16685634,"Syed Asad Ali","2026-09-25 20:30:55",2583.8,2,syed3000
148,16732857,Rojiomote,"2026-09-25 13:52:29",2582.4,2,rojiomote
149,16748382,shiiin9,"2026-09-25 01:30:47",2581.9,2,shiiin9
150,16892357,easygame,"2026-09-24 09:48:46",2581.9,2,"kangqinyao,xinjunc"
151,16727266,Agricola,"2026-09-22 10:19:07",2581.9,2,ebisuya
152,16756062,"Thomas #2","2026-09-26 00:05:05",2580.8,2,tommurakami
153,16883355,WebFarmers,"2026-09-25 05:30:03",2580.2,2,"axollo,dmitriiorel"
154,16752250,"Takahiro Katsumata (tkatsuma)","2026-09-25 07:53:52",2580.0,2,alextfkd
155,16784164,Yaojinming,"2026-09-25 12:00:35",2579.7,2,yjm0905
156,16778340,NayuNayu,"2026-09-24 23:06:19",2578.9,2,nayunayu1005
157,16861362,我小栗帽要娶藤正进行曲！！！💍,"2026-09-25 17:22:38",2576.7,2,"praveensahukari,rubiakaslana"
158,16811948,"xiao xiongwei","2026-09-25 17:30:42",2576.5,2,"huyang111,lixuefeng2336,sherikavotta,xiaofangzhangxfz,xiaoxiongwei"
159,16693534,HireMe,"2026-09-25 21:05:22",2575.6,2,junta1104
160,16632224,Roxy,"2026-09-25 02:12:40",2574.4,2,yamakawanin
161,16730673,"John Doge","2026-09-25 16:30:31",2574.3,2,spacedoge
162,16751061,L1a0JH,"2026-09-25 07:59:09",2574.2,2,coolkid14122
163,16719758,pangzi233,"2026-09-23 16:41:46",2573.6,2,pangzi233
164,16855492,"Matin Urdu","2026-09-26 02:04:52",2573.2,2,"amir314,arianurdu,benediktschink,matinurdu"
165,16920251,otouhu,"2026-09-25 06:11:26",2572.7,2,"minera,toroochi"
166,16656452,Kudo,"2026-09-26 02:22:59",2571.4,2,nguyenchicuong
167,16870342,"CHEN Xiang","2026-09-25 15:46:32",2569.7,2,intoxicatinglips
168,16833095,"ADARSH DWIVEDI","2026-09-25 11:41:22",2568.5,2,adarshcod
169,16709492,abozten,"2026-09-25 21:48:12",2566.6,2,abozten
170,16847812,tw1nstar,"2026-09-25 16:32:40",2564.8,2,"candaceward,supermanking,waekeee"
171,16623458,datnt114,"2026-09-25 01:46:29",2564.6,2,kingkong153
172,16730719,Xiaowenhao404,"2026-09-25 23:52:12",2563.6,2,xiaowenhao404
173,16878458,"Sho Saga","2026-09-25 00:13:47",2563.6,2,shosaga
174,16626332,"MD. Nazmus Sakib Anik","2026-09-25 11:25:44",2563.1,2,beyondlogic
175,16789903,"Netanel Keidar","2026-09-26 00:09:01",2562.8,2,netanelkeidar
176,16923064,ryomac1,"2026-09-25 15:01:31",2562.4,2,ry1729
177,16919131,"Argyris Anastopoulos","2026-09-25 12:32:19",2561.9,2,argyrisanastopoulos
178,16773125,kuroko1t,"2026-09-25 16:49:59",2561.7,2,kuroko1t
179,16662883,OceanMix,"2026-09-25 23:44:25",2561.5,2,"cggonzalezsc,fierus,liesvyvalladares"
180,16795062,"Satoshi Nguyen","2026-09-26 00:05:50",2561.1,2,satoshinguyenai
181,16653303,open5,"2026-09-24 02:22:34",2559.3,2,"chen2yoimiya,huaidezhang,hyt1nn,wahuwahuwahu,zrurfa"
182,16742139,ALLAI,"2026-09-25 14:47:22",2559.2,2,glorysing
183,16754112,"rhythm master","2026-09-25 13:52:14",2559.2,2,"lukaswong,nairurga,vincent19543,zaynedong"
184,16666365,yiyu0716,"2026-09-25 05:38:32",2559.1,2,"lugent,yiyu0716"
185,16762208,CrazyML,"2026-09-25 19:23:00",2558.4,2,"janhvikhattri,sorcererbi,vedanshipathak"
186,16846677,涵哥,"2026-09-24 23:35:55",2558.3,2,jinfanhahaha1
187,16626582,"Omer Faruk Merey","2026-09-24 14:56:12",2558.2,2,omerfarukmerey
188,16822071,"aisormo P.H","2026-09-24 00:38:23",2557.7,2,aisormoph
189,16756411,"Maximo Uribarri","2026-09-25 19:37:39",2557.3,2,maximouribarri
190,16730946,"Bohann Wang","2026-09-25 09:11:47",2557.2,2,bohannnwang
191,16633688,Ryo,"2026-09-25 06:02:22",2556.6,2,ryosukekurakami
192,16739419,"misis biznessmenlb","2026-09-25 16:14:09",2556.3,2,"adilkhabibullin,bebra3222,daniilsergeevda,player77"
193,16733176,Yakouu,"2026-09-25 06:17:53",2555.8,2,yakouu
194,16878119,Aryan.Ahl,"2026-09-25 08:14:19",2555.1,2,aryanahl
195,16622349,"Mengfei Li","2026-09-25 23:03:47",2554.2,2,meli19
196,16879127,lihaoruolhr,"2026-09-26 03:02:54",2554.2,2,lihaoruolhr
197,16922956,Richard6969,"2026-09-25 17:09:54",2553.3,2,lucaluo925
198,16633190,Gigrise,"2026-09-25 05:41:17",2552.3,2,gigrais
199,16640807,TS,"2026-09-25 16:25:01",2552.0,2,"macomacoo,milkcoffeen,takumi0220"
200,16941436,fshindo,"2026-09-25 20:59:24",2551.7,2,ffsscf
201,16867213,한밭대학교컴퓨터공학과정우민,"2026-09-24 16:33:27",2551.7,2,woominyo
202,16777710,"Clement Lau","2026-09-26 01:36:47",2551.7,2,clementlau
203,16790585,wzyxp_123,"2026-09-25 01:16:04",2551.1,2,cloudssdut
204,16758767,NSK_54,"2026-09-25 17:02:12",2551.0,2,"leon7archer,suvalex"
205,16658044,"Roshan Singh","2026-09-22 21:43:31",2550.9,2,roshanavadheshsingh
206,16634580,akmr,"2026-09-25 21:48:01",2550.9,2,akimaru
207,16630675,"Lucien de Rubempre","2026-09-25 21:28:18",2550.5,2,lucienderubempre
208,16799428,hatata,"2026-09-25 04:14:32",2550.2,2,hatata3737
209,16669911,"Batuhan Ustun","2026-09-25 14:01:38",2549.7,2,batustun
210,16711376,"Arman Tuganbaev","2026-09-25 21:29:21",2548.8,2,armantuganbaev
211,16769595,Rudra,"2026-09-25 03:16:49",2548.5,2,rudrabhaskar
212,16728910,Thai,"2026-09-25 14:42:58",2547.1,2,hnthai
213,16908623,42,"2026-09-25 20:03:00",2546.6,2,"ffy208,kefeiyan,yirenw11"
214,16675863,"Habib ullah","2026-09-26 01:56:04",2546.3,2,habibullah123456789
215,16709837,Sophinator,"2026-09-25 16:31:47",2545.5,2,sophinator
216,16811313,Ta_____ko,"2026-09-25 23:36:35",2544.6,2,tako1249
217,16682494,Phi,"2026-09-26 03:04:59",2544.2,2,ajinomoto132
218,16753974,"David Goldrajch","2026-09-25 17:54:26",2543.7,2,elie2003
219,16709967,Matsu,"2026-09-24 18:19:56",2543.4,2,matsuzawahayato
220,16716335,JamesJJJJJ,"2026-09-24 15:05:50",2542.3,2,jamesjjjjj
221,16867277,"Aura Farmer","2026-09-24 20:56:33",2542.0,2,oriolhinojocomellas
222,16621500,"Reinforcement Larping","2026-09-25 23:34:00",2541.9,2,"egortkachenko,timzagrebelny"
223,16700211,miya,"2026-09-25 23:39:01",2541.7,2,miyamuratakeki
224,16661570,"sissoko cheick","2026-09-26 00:00:30",2541.6,2,sissokocheick
225,16623637,kuro0315,"2026-09-26 01:22:56",2541.3,2,skuro0315
226,16743988,"Akhilesh Vinnakota","2026-09-25 17:20:49",2541.0,2,akhileshvinnakota
227,16623449,"Ryo Takaki","2026-09-25 23:53:56",2540.7,2,ryotakaki
228,16888885,"Rômulo Drumond","2026-09-26 03:03:21",2540.5,2,romulodrumond
229,16681007,AkiraOnojp,"2026-09-25 16:25:25",2539.7,2,akiraonojp
230,16660251,Yagawa,"2026-09-24 01:14:30",2539.3,2,yagawa
231,16850509,LS,"2026-09-26 00:07:52",2538.4,2,shannanl
232,16662833,"umair zia","2026-09-26 00:56:27",2538.1,2,aimerscoding
233,16735744,老乡,"2026-09-25 08:08:17",2536.7,2,"hboyang,junjiezhou5100"
234,16870986,Taeyang,"2026-09-25 05:42:28",2536.4,2,"lucas040,taeyangg4,xox787,yw8837"
235,16867734,SH11235,"2026-09-25 17:20:49",2536.1,2,sh11235
236,16810111,"Saket Singh","2026-09-24 18:51:13",2536.1,2,saketsingh9728
237,16749071,snc5656,"2026-09-26 03:01:39",2535.9,2,jamm1412
238,16811868,luyinn,"2026-09-25 13:55:11",2534.8,2,luyinn
239,16624934,"Haramball forever!","2026-09-25 09:38:41",2533.3,2,envyy23120093
240,16918460,cotton0025,"2026-09-25 04:52:31",2533.3,2,cotton0025
241,16705830,"Grim Reaper","2026-09-25 03:44:04",2532.3,2,fathomable
242,16655505,Debmalya,"2026-09-26 02:41:35",2532.1,2,debmalya84
243,16854935,일필휘지,"2026-09-25 02:44:50",2531.9,2,tenkojun
244,16654589,"Rishant Sharma","2026-09-25 07:11:51",2529.7,2,trishtan99
245,16849053,z7777,"2026-09-25 14:58:41",2527.8,2,songqizhou
246,16851474,"HY ISHI","2026-09-25 06:15:05",2527.7,2,hyugaishioka
247,16669926,Jince,"2026-09-25 08:12:26",2526.4,2,jincesaju
248,16661118,"Sirui Zeng","2026-09-25 01:12:30",2525.8,2,siruizeng
249,16918263,Ascent,"2026-09-26 00:13:52",2524.9,2,ishaangangwani
250,16941020,"Artur Markosyan","2026-09-25 12:59:07",2523.4,2,arturmarkosyan2
251,16827290,"Dhruvik Chauhan","2026-09-24 15:01:22",2523.0,2,dangptdawg
252,16623805,"Howon Kang","2026-09-26 02:49:40",2522.9,2,howonkang
253,16718745,"Vishwamitra Mishra","2026-09-24 17:27:01",2522.9,2,vishwa007
254,16861278,"Michael Pershin","2026-09-26 03:10:12",2521.8,2,michaelpershin
255,16768236,Baligh,"2026-09-25 11:51:16",2521.6,2,balighmehrez
256,16741516,"Anh Tu","2026-09-26 02:29:28",2520.2,2,natcs98
257,16809874,もたざる,"2026-09-26 00:09:14",2520.2,2,havenox
258,16653085,"haoran huang430","2026-09-25 19:50:51",2519.8,2,haoranhuang430
259,16664266,"Ian Chung","2026-09-26 02:04:13",2519.6,2,iannnnn012345
260,16853849,emreaydin,"2026-09-26 02:07:05",2519.3,2,aydinemre
261,16674508,"Giulio Ravasio","2026-09-25 11:29:43",2519.2,2,giuliorav
262,16743240,yoshino,"2026-09-24 21:20:01",2518.9,2,shirayukiaya
263,16748765,"A. R. SEKKAT","2026-09-25 23:50:57",2518.7,2,arsekkat
264,16663229,kakuteki,"2026-09-25 19:59:31",2518.4,2,kakuteki
265,16763897,BackFiring,"2026-09-25 21:50:08",2518.4,2,backfiring
266,16653385,"Vasilii Buzmakov","2026-09-25 11:36:28",2517.0,2,vasiliibuzmakov
267,16707144,Kirderf,"2026-09-25 16:32:02",2516.4,2,kirderf
268,16773144,"Mohamed Salah","2026-09-25 05:26:46",2515.7,2,mosalah7
269,16945973,e3k,"2026-09-25 06:14:46",2515.5,2,ekleezhya
270,16863959,"Một hai ba bốn 5 sáu bảy tám 9","2026-09-25 19:51:38",2515.4,2,thangnm1
271,16637255,"leave you","2026-09-26 00:10:26",2515.4,2,superallen001
272,16764228,"Kaixi Zha","2026-09-25 15:17:26",2515.0,2,"huadutry,kaixizha"
273,16707467,kay.liechtenstein,"2026-09-25 16:34:39",2513.0,2,kayliechtenstein
274,16670569,Ezzzzzekki,"2026-09-25 22:41:02",2512.9,2,abdullahelzeki
275,16892314,"Akshay #3","2026-09-25 22:26:26",2512.4,2,akshay1301
276,16651332,"Le Viet","2026-09-26 03:27:33",2512.0,2,sleepyssr
277,16706892,Ko,"2026-09-25 20:14:22",2511.8,2,syurenuko
278,16777359,"AI Dmitrii","2026-09-25 06:15:54",2511.6,2,dmitriyulybin
279,16630779,Jimmer,"2026-09-24 19:45:19",2511.5,2,przemysawonr
280,16705523,"Brian Chua","2026-09-23 14:05:09",2511.2,2,chuazhengweibrian
281,16670032,Kenjo1209,"2026-09-26 02:51:17",2510.6,2,kenjo1209
282,16688787,Fih,"2026-09-25 15:13:16",2510.6,2,vencerlanz09
283,16889224,"Ishan Karnick","2026-09-25 19:15:17",2509.4,2,"ishankarnick,trinitynusca31"
284,16702590,"Aashka Kapadia","2026-09-25 13:11:56",2509.3,2,aashka
285,16652710,Pilea55,"2026-09-26 01:25:41",2509.1,2,ryutogrrr
286,16633790,curiosity,"2026-09-26 02:19:14",2508.8,2,chmffwn1
287,16665809,"Saravanan Jaichandaran","2026-09-24 03:08:50",2508.7,2,saranchandar
288,16780455,wadigongren,"2026-09-24 16:23:24",2508.6,2,wadigongren
289,16841108,"Sean Peppers","2026-09-25 16:40:27",2508.0,2,gagepeppers
290,16666442,"SHALWIN SANJU","2026-09-26 00:35:54",2506.9,2,shalwinsanju
291,16872275,"Maciek Kiryla","2026-09-24 06:07:38",2506.7,2,doktorkelp
292,16860813,hirayuki,"2026-09-26 00:36:55",2506.6,2,hirayukis
293,16945684,watanabe_sengyo,"2026-09-25 09:37:37",2506.5,2,watanabesengyo
294,16797045,"Carl Pang","2026-09-24 20:38:19",2506.4,2,carlpang
295,16804863,JezzLynn,"2026-09-26 00:08:23",2506.3,2,"fresnellll,jezzlin,zemengzero"
296,16908425,"Tagir Eminov","2026-09-24 14:28:30",2505.7,2,"tagireminov,timmass2"
297,16876865,LR.AIML,"2026-09-24 16:45:08",2505.4,2,"lucasgroot,robkraseu"
298,16735539,"Joe Muller","2026-09-25 23:32:35",2505.0,2,joemuller
299,16802486,SHICHIES,"2026-09-25 11:53:06",2504.0,2,shichies
300,16885059,"Bhaskar #2","2026-09-26 00:07:11",2503.7,2,itikelabhaskar
301,16638918,"Nawap Bastola","2026-09-26 00:26:31",2503.1,2,nawapbastola
302,16732507,怒破餓鬼,"2026-09-25 17:00:27",2502.6,2,"alcoholcat,makishis,ryutokeshi,yuinokogawa"
303,16843315,Talvenn,"2026-09-25 21:57:20",2501.9,2,talvenn
304,16945162,"Farm Hullabaloo","2026-09-25 16:54:19",2501.5,2,nids21s
305,16670537,Silhouette,"2026-09-26 02:23:22",2501.0,2,jamessargsyan
306,16654783,quantara.cv,"2026-09-25 00:02:21",2500.9,2,goth55
307,16848396,ColorGram,"2026-09-25 12:41:54",2500.9,2,"colorgram,hagiwarashigechika,himihimi,s1300200"
308,16621154,Zain96,"2026-09-25 19:39:01",2500.7,2,zain96
309,16913723,azamat1ch,"2026-09-25 21:22:24",2500.5,2,azamat1ch
310,16905243,ka4869,"2026-09-26 04:01:15",2499.9,2,ka4869
311,16623990,senkin13,"2026-09-26 02:04:06",2499.9,2,senkin13
312,16664788,rian,"2026-09-25 22:26:55",2499.6,2,rian55
313,16933749,ctree4113,"2026-09-26 01:05:53",2498.0,2,yitree
314,16658554,Pai,"2026-09-25 18:17:38",2497.8,2,rajathrpai
315,16659081,"JALKARNA GAUTAM","2026-09-25 07:16:33",2497.5,2,jalkarnagautam
316,16756764,"Alperen Aydın","2026-09-25 16:28:56",2497.0,2,alperen5252525
317,16658474,you,"2026-09-25 17:55:53",2496.7,2,"huyimin517517,touyouzhaji,wumingshi2006,zxinzzzz"
318,16937431,ekkkcz,"2026-09-25 18:59:53",2496.7,2,ekkkcz
319,16679393,"Anvith Pothula","2026-09-26 00:16:33",2494.9,2,anvithpothula
320,16808905,"Yusaku Muroya","2026-09-25 15:26:35",2494.4,2,ymuroya47
321,16732055,DASH村,"2026-09-25 20:27:54",2493.3,2,sobameshi
322,16683529,"Yanis Belami","2026-09-25 23:08:18",2492.3,2,yanisbelami
323,16707383,"codex is all you need","2026-09-26 00:01:08",2491.8,2,chizhu2018
324,16770089,ouga,"2026-09-24 19:16:52",2491.7,2,ouga1shizawa
325,16806195,unreal,"2026-09-25 23:15:44",2491.6,2,gauravgs1007
326,16794730,Fanch,"2026-09-26 03:43:33",2491.5,2,fanch123
327,16712714,MiMi,"2026-09-23 03:19:07",2491.2,2,"frank0921,rickytsou"
328,16695685,"kwon yong deuk","2026-09-25 14:34:16",2490.9,2,kwonyongdeuk
329,16744573,"Oleksandr Kovalchuk","2026-09-25 08:29:24",2490.2,2,oleksandrkovalchuk
330,16821542,"Hıdır BozkurtT","2026-09-25 16:36:24",2489.6,2,hdrbozkurtt
331,16683936,Cyrus,"2026-09-25 19:45:32",2487.9,2,jamalsaeedi
332,16811036,"farmin time","2026-09-23 22:45:56",2487.8,2,jaydenszeto123
333,16715235,l1aF,"2026-09-26 02:54:00",2487.8,2,hhhoang
334,16664232,"Eddy Despradel","2026-09-26 00:04:19",2487.7,2,eddydespradel
335,16623669,goonew,"2026-09-23 10:44:37",2486.8,2,goonew
336,16927831,Baimakanov,"2026-09-25 20:56:02",2486.4,2,baimakanov
337,16792681,"loss volos","2026-09-25 05:16:56",2486.1,2,"bryxosmmm,mors1337"
338,16688896,"JianYuan Deng","2026-09-25 19:19:25",2486.1,2,"jiahewangggg,jianyuandeng"
339,16665224,tyz123456,"2026-09-25 15:27:09",2485.1,2,tyz123456
340,16712189,"Kostiantyn Isaienkov","2026-09-26 01:06:38",2485.1,2,isaienkov
341,16848956,"HadBoumoussa's Farm 🌾","2026-09-25 15:43:32",2484.8,2,hkassimi
342,16630752,motemen,"2026-09-25 03:03:33",2484.8,2,motemen
343,16891703,"Rasmus Hulthe","2026-09-25 23:16:45",2484.0,2,zazmuz
344,16681405,"Yusuke Hayashi","2026-09-25 13:15:21",2483.9,2,yhay81
345,16790943,"Tashfik Salehin","2026-09-23 16:21:02",2483.9,2,tashfiksalehin
346,16784217,MMN0222,"2026-09-25 17:04:03",2483.6,2,mmn0222
347,16731186,Naru041104,"2026-09-25 11:37:03",2483.4,2,naru041104
348,16731443,"Arjun Vinod","2026-09-26 02:36:08",2482.9,2,arjun0014
349,16689844,IchikaHoshino,"2026-09-25 07:42:52",2482.4,2,htunkhi
350,16876126,1fan,"2026-09-25 17:53:29",2481.1,2,wurrfv
351,16655383,MtN,"2026-09-25 18:05:29",2480.9,2,mariotrsn
352,16811605,"Ryu Sonoda","2026-09-25 00:00:38",2480.6,2,ryusonoda
353,16687294,"Madiyar Khamzanov","2026-09-24 20:01:23",2480.2,2,mkhamzanov
354,16656500,"七月七月晴 忽然下起了大雪 不敢张开眼 希望是我的幻觉","2026-09-25 18:27:42",2479.8,2,"a982295350,bertmacutata,blencanierice,dangzhiyuan,imoxzm"
355,16935434,chumajin,"2026-09-25 07:22:17",2479.6,2,chumajin
356,16730761,ElephtAI,"2026-09-25 02:46:21",2479.0,2,yuchengj
357,16839530,"que la cuenten como quieran","2026-09-24 00:12:42",2478.8,2,germanjurado1
358,16884858,HojunLee,"2026-09-25 12:18:07",2478.7,2,hojuna
359,16667774,"Ziad EL ARARI","2026-09-24 20:25:02",2475.7,2,ziadelarari
360,16759037,Yuyannnn,"2026-09-25 01:28:39",2475.4,2,yuyannnn
361,16735094,RngRng,"2026-09-25 12:01:28",2475.1,2,rngrng
362,16623451,Ueddy,"2026-09-25 23:50:10",2475.1,2,ku0807
363,16764459,在高速上逆行是危险的,"2026-09-25 17:32:14",2475.1,2,"chaojiwudiwujie,qianxiang123"
364,16658732,Olympus,"2026-09-26 02:47:11",2474.7,2,"jiseungwoo,peppersaltman"
365,16665134,edteoh,"2026-09-25 15:18:30",2474.1,2,edteoh
366,16931781,"shreyash kumar","2026-09-25 04:52:01",2473.6,2,shrreku
367,16865070,carlos-tagosaku,"2026-09-25 12:55:42",2473.2,2,sousugiyama
368,16730223,Ojaswy,"2026-09-25 12:58:36",2473.0,2,ojaswy
369,16633212,goosehaaan,"2026-09-25 03:51:02",2472.7,2,goosehaaan
370,16794090,Euphor_M,"2026-09-25 03:57:17",2472.6,2,euphor
371,16751828,"E. Honda","2026-09-26 03:18:47",2472.1,2,toseihatori
372,16805949,Bigplanedoesnotflyfast,"2026-09-24 17:22:22",2471.8,2,ronav48902753425
373,16766128,"Oleksandr Parfionov","2026-09-25 21:32:18",2470.4,2,parfyon
374,16839986,"XIAO MA","2026-09-26 02:36:50",2469.9,2,linusm020311
375,16696703,Farmer,"2026-09-23 14:53:03",2469.1,2,alekseic
376,16632119,nickyl,"2026-09-26 00:58:39",2468.9,2,nickyjliang
377,16870621,BobtheBot369,"2026-09-25 17:02:13",2468.3,2,bobthebot369
378,16947730,"青葉 涼風","2026-09-24 04:43:09",2468.1,2,suzukaze
379,16624080,yuuuki1111,"2026-09-25 23:57:43",2467.9,2,yuuuki1111
380,16698661,"Albert Wang","2026-09-26 01:47:41",2467.3,2,mianwang1024
381,16942014,"Raymond Parker","2026-09-24 12:35:07",2467.1,2,raymondparker
382,16872754,kitano0104,"2026-09-25 16:49:50",2466.1,2,"kitano0104,ryyymy"
383,16741131,"Adarsh Balanolla","2026-09-25 16:47:35",2465.7,2,adarshreddyb
384,16632245,u,"2026-09-26 00:08:49",2465.7,2,"apostoloskontarinis,curbotron13,halzweiman,josephmcgonaglebrown,shreyanshpoddar"
385,16910137,imissher,"2026-09-25 19:15:20",2465.6,2,tule12345
386,16854869,Ibar-Aki,"2026-09-25 17:59:19",2464.9,2,akicolor
387,16784561,"Rodrigo Ramón","2026-09-24 07:59:35",2464.9,2,rodrigoramn
388,16778656,Aacceeo,"2026-09-25 23:51:39",2463.4,2,aacceeo
389,16806023,"Eesh saxena","2026-09-26 02:34:08",2463.2,2,eeshsaxena
390,16622567,"Georgy Mamarin","2026-09-25 01:25:51",2463.0,2,georgymamarin
391,16732292,takaygiiiiiiii,"2026-09-25 12:37:55",2462.6,2,takaygiiiiiiii
392,16936121,herens,"2026-09-25 06:17:32",2462.6,2,herens
393,16793340,bee_lx_xl,"2026-09-25 09:25:43",2462.2,2,beelxxl
394,16784943,"Ian lin","2026-09-25 23:43:00",2461.6,2,ianlin310707
395,16672315,CemBas,"2026-09-25 20:56:12",2461.6,2,cembas
396,16924604,"Dzmitry Pihulski","2026-09-26 00:01:26",2461.4,2,dzmitrypihulski
397,16681369,GanadorPlusUltra,"2026-09-26 00:01:17",2461.2,2,ganadorplusultra
398,16641751,Hikari_30,"2026-09-25 12:02:41",2459.9,2,hikari30
399,16949818,MachineLearner,"2026-09-25 10:41:26",2459.7,2,anesabbad
400,16697266,"Top 1 🏆","2026-09-25 21:07:10",2459.6,2,"fahankaudeer,solirus,syntaxprnv,udhaykumarsujeebun"
401,16865424,"clove instalocker","2026-09-25 20:05:29",2459.6,2,fluorescencexe
402,16642139,"Arnav Goel","2026-09-24 17:08:31",2459.5,2,arnavgoel17
403,16690019,Around30,"2026-09-25 14:13:47",2457.9,2,"cyanspring,masahiromatsuda,sutesute000012"
404,16793039,"Carson Rodrigues","2026-09-26 00:01:31",2457.5,2,carsonrodrigues
405,16623034,"Vlad Kochetov","2026-09-24 23:16:51",2457.4,2,vladkochetov07
406,16889791,JinboWang,"2026-09-24 06:26:31",2457.3,2,jinbowang1
407,16833013,"Tariq Alyami","2026-09-25 22:16:51",2456.6,2,tariqalyami
408,16664640,kaggricodex,"2026-09-25 00:01:25",2453.9,2,underestimated
409,16749342,crasal,"2026-09-25 09:29:38",2453.3,2,crasal
410,16917732,qianqiuwushang,"2026-09-25 21:33:46",2452.8,2,qianqiuwushang
411,16762289,NineThree,"2026-09-25 11:06:42",2451.8,2,xiaoazuzong
412,16927774,shuto,"2026-09-24 18:11:18",2450.5,2,shutohorie
413,16663783,WBF_USA_NYC,"2026-09-25 23:43:47",2450.5,2,wbfranci
414,16795070,"HKUST Random","2026-09-25 04:04:01",2450.3,2,siulungfan
415,16769059,Gabriel,"2026-09-21 22:52:34",2450.0,2,"shawsebastian,tvtdddd"
416,16623488,"Kevin E R MILLE","2026-09-26 01:59:09",2447.8,2,kevinermille
417,16823116,一路向北,"2026-09-25 17:19:41",2447.5,2,chronoscop
418,16622454,automatylicza,"2026-09-26 03:02:05",2446.7,2,automatylicza
419,16936876,ZeroGrain,"2026-09-25 05:00:29",2445.1,2,"fengwenxu,liuhongyi2026,liyayay,ruihuang999"
420,16638386,"Md Boktiar Mahbub Murad","2026-09-26 02:28:08",2444.2,2,mbmmurad
421,16864016,"Setu Chokshi","2026-09-24 15:06:01",2444.1,2,setuch
422,16632157,"福原 大知","2026-09-25 17:11:44",2444.0,2,fxxyfox
423,16779564,oycr,"2026-09-25 06:15:50",2443.9,2,"oyxiaobai159,wdt124"
424,16710464,ns0329,"2026-09-25 08:55:47",2443.2,2,ns0329
425,16848952,tubotu,"2026-09-25 08:44:26",2442.9,2,tubotu
426,16908263,Paing,"2026-09-25 15:50:56",2441.3,2,painghtetsw
427,16740361,"Suba S","2026-09-24 19:18:42",2441.1,2,jupiter79
428,16793600,mogura2.0,"2026-09-25 06:34:23",2441.1,2,mogura20
429,16665237,"Ad Space Available","2026-09-23 12:02:10",2441.1,2,"liyouran0820,rainchen0411,richardsilence,tongyuexiao"
430,16717440,"farm pt","2026-09-25 23:08:36",2440.9,2,"gunianxue,marisyn,muran169633"
431,16938111,barbosi,"2026-09-25 04:51:20",2440.4,2,"despairdr,tupperq"
432,16632593,skomuro,"2026-09-25 11:22:01",2440.0,2,skomuro
433,16761593,Azathoth,"2026-09-25 16:32:57",2439.4,2,stsaasts
434,16936280,dev.asad67,"2026-09-25 18:37:23",2439.4,2,devasad67
435,16666434,"JOSHNA ACSHA S 21CS","2026-09-26 00:35:48",2439.2,2,joshnaacshas21cs
436,16633341,Hak,"2026-09-25 21:53:12",2438.8,2,hakdevelopment
437,16631215,私立ホルスタイン学園,"2026-09-25 07:31:51",2438.6,2,hiranorm
438,16644303,"kevin zhou","2026-09-26 03:34:27",2438.6,2,kevinzhou66
439,16908829,Terremoto,"2026-09-25 00:16:14",2438.4,2,alfredoachondo
440,16701779,"Chaoqi Luo","2026-09-26 00:01:27",2438.2,2,chaoqiluo7
441,16887107,"Crazy Spirits","2026-09-25 16:58:56",2438.2,2,latents
442,16906666,"selam ya","2026-09-26 03:43:50",2438.1,2,selamya
443,16640683,Jason-Oh,"2026-09-26 02:57:34",2438.0,2,dossantoss
444,16663649,"Akhil Chinta","2026-09-25 19:14:10",2437.3,2,akhilchinta1505
445,16762019,yukino,"2026-09-25 13:42:55",2436.3,2,"jifengjianhao666,mqingcs"
446,16851664,koucha,"2026-09-25 17:25:36",2435.7,2,momotakaaoki
447,16860293,kobq,"2026-09-26 00:02:55",2435.6,2,kooobq
448,16659870,"Tien N.","2026-09-25 05:40:03",2435.5,2,tientrum
449,16795448,ultimatum_game,"2026-09-25 16:45:55",2435.1,2,"ultimatumgame,walrushero"
450,16634246,just_calculate,"2026-09-25 22:51:58",2435.0,2,justcalculate
451,16784401,east,"2026-09-25 17:35:15",2434.6,2,eastxe
452,16811224,yuya,"2026-09-25 13:22:29",2433.4,2,yuomori
453,16833141,yomogii,"2026-09-25 18:37:36",2433.4,2,yomogii
454,16732496,kanno,"2026-09-25 09:40:25",2432.9,2,kannomasaki
455,16813655,c_fxy,"2026-09-26 02:20:09",2432.8,2,cfxyai
456,16704247,WeAreFarmers,"2026-09-26 01:18:36",2432.2,2,gbmorris1
457,16896998,YehHua001,"2026-09-24 06:04:42",2431.9,2,yehhua001
458,16798602,uns.t,"2026-09-26 02:51:28",2431.8,2,franksunp
459,16867132,"Dilara Adıgüzel","2026-09-24 21:41:35",2431.4,2,dilaraadgzel
460,16891965,artem3605,"2026-09-24 10:44:46",2430.7,2,artem3605
461,16654158,Hack2Publish,"2026-09-25 03:49:05",2430.4,2,"esfersami50,foysalemonshanto,hosen42,rokaiyasomapti"
462,16652659,Eos,"2026-09-25 20:53:45",2430.1,2,vvickeyy
463,16671588,"Keisuke & rererenore & Kifine","2026-09-24 15:08:28",2430.0,2,"keisukeueda,liaoyingxi,rererenore"
464,16852826,Phoenix750,"2026-09-25 11:48:05",2428.9,2,richardmaddox
465,16898049,"Alua Аkhmetkali","2026-09-25 19:36:30",2428.6,2,alua01
466,16653982,"Arul Prasad S P","2026-09-26 00:35:42",2428.2,2,arulprasadsp
467,16892318,"fumiya utsuno","2026-09-25 15:19:15",2428.0,2,"fumiya326,kuboken,rikutokuwayama"
468,16877834,playboicarti,"2026-09-25 10:47:15",2427.3,2,playb0icarti
469,16632612,Farmville,"2026-09-25 01:04:01",2426.8,2,rafaelfigueiredo13
470,16847189,"porosyonok Beib","2026-09-25 17:19:01",2426.5,2,rocinantt
471,16623459,"Peng Wang","2026-09-25 20:43:13",2426.4,2,pengwang91
472,16731270,"Arthurs Torres24","2026-09-26 03:54:08",2425.0,2,arthurstorres24
473,16811467,Raster0x2a,"2026-09-25 18:12:01",2425.0,2,raster0x2a
474,16890669,"Fuchun Wang","2026-09-24 09:10:01",2424.8,2,wangfuchunag
475,16889522,nyayassist,"2026-09-25 19:27:19",2424.4,2,"gauravnagotanekar,raneyash"
476,16732210,tanadai,"2026-09-25 00:57:18",2423.9,2,da0516
477,16932335,"Dom Bavuso","2026-09-25 01:56:53",2423.2,2,dombavuso
478,16810587,"Avineesh Arora","2026-09-25 20:44:44",2423.1,2,avndope
479,16760241,"Collin Christensen","2026-09-25 18:20:48",2422.7,2,cchristens
480,16925367,codezzzsleep,"2026-09-25 16:22:46",2421.1,2,codezzzsleep
481,16629624,"Sayandeep Ghosh","2026-09-25 18:59:09",2420.9,2,sayandeepghosh
482,16927521,wadia,"2026-09-25 11:54:48",2420.7,2,"sihuanian777,yeshawang"
483,16743647,bono,"2026-09-26 00:02:45",2419.9,2,kjoonha
484,16857766,OmerZalman,"2026-09-25 23:43:27",2419.5,2,omerzalman
485,16727182,FinalSunFlower,"2026-09-25 12:40:24",2419.3,2,"finalsunflower,wubingheng"
486,16793080,"Lonan Syayf","2026-09-24 19:44:08",2419.0,2,lonansyayf
487,16783265,"Xiangjiang Zhou","2026-09-25 17:11:13",2418.8,2,"lilysmi,llccqq624,qqqqwqq,xiangjiangzhou"
488,16786382,hylexi,"2026-09-26 00:46:18",2418.5,2,hylexi
489,16677149,"Umataro Tenma","2026-09-24 23:31:39",2417.9,2,umatarotenma
490,16804022,monsaraida,"2026-09-25 14:14:56",2417.7,2,monsaraida
491,16639155,"Arturo Gutiérrez Aguilar","2026-09-26 03:55:39",2416.3,2,jarturo
492,16723301,mayukistarry,"2026-09-25 15:41:28",2415.7,2,mayukistarry
493,16764394,haseryooooo,"2026-09-25 08:30:09",2415.4,2,haseryooooo
494,16733766,Paarthpowa,"2026-09-25 11:47:49",2414.5,2,paarthpowa
495,16819431,kkkk,"2026-09-26 01:13:32",2414.5,2,kkkk4649
496,16762302,OxFFFs,"2026-09-25 04:06:51",2414.4,2,oxfffs
497,16745959,_demo,"2026-09-25 15:41:30",2414.1,2,fortunaterookie
498,16697898,"Yin Li","2026-09-25 13:31:13",2414.1,2,kevin250304
499,16784691,"ready or not here i come","2026-09-24 14:22:20",2412.9,2,emrekuruba
500,16663271,"Malyshev Danil","2026-09-25 10:03:21",2412.3,2,"corgisamoyed,malyshevdanil"
501,16683288,HuaLQin,"2026-09-25 22:04:52",2412.2,2,hualqin
502,16713262,"Seyit kaan Gunes","2026-09-24 21:39:06",2411.9,2,seyitkaangunes
503,16633226,test_money,"2026-09-24 15:27:42",2411.8,2,michaelsemenoff
504,16637597,venks,"2026-09-25 10:43:30",2411.8,2,vterli
505,16738503,dddmd,"2026-09-24 22:26:21",2411.5,2,dddmdd
506,16684402,vn1111,"2026-09-25 10:52:01",2411.4,2,vn1111
507,16832185,"MILANA STARR","2026-09-25 19:44:01",2410.7,2,andrewchist
508,16674948,habe.sq,"2026-09-26 03:08:56",2410.1,2,habesq
509,16801351,デワンシュ,"2026-09-24 07:29:52",2410.0,2,shade012
510,16747306,"Yasasvi Josyula","2026-09-25 22:33:57",2409.6,2,yasasvijosyula
511,16840447,"Suliman Tadros","2026-09-25 14:28:18",2409.5,2,sulimantadros
512,16654511,"Syed Shayan Ali Shah","2026-09-25 06:31:36",2409.2,2,dsshayan
513,16771785,"Mencius silverio MENSAH","2026-09-24 20:11:25",2408.7,2,menciussilverio
514,16671424,cicen1139,"2026-09-25 09:32:32",2408.4,2,cicen1139
515,16917382,"Anand Singh","2026-09-25 21:27:16",2408.3,2,anandsingh8687
516,16845833,おかゆん,"2026-09-25 12:52:12",2408.1,2,okayun
517,16657775,"Raagav & Pieter","2026-09-25 17:36:09",2407.2,2,"peetapit,raagavanand"
518,16632240,Deepseek的恩情还不完,"2026-09-25 03:27:06",2406.5,2,"iwanys,pedianeko,realybin,theunforgiven7"
519,16881250,"Enes Altunbaş","2026-09-25 21:02:53",2404.8,2,enesaltunba
520,16811949,PeterDreamHan,"2026-09-26 02:48:51",2404.1,2,"niuwh1004,peterdreamhan"
521,16655922,kusui26,"2026-09-24 21:55:52",2402.1,2,kusui26
522,16694138,Alex,"2026-09-24 17:32:04",2401.9,2,alex789
523,16671738,Exposed,"2026-09-23 21:16:52",2401.6,2,erickeller2
524,16806206,"Yuan Yongth","2026-09-24 20:36:50",2400.9,2,"sunnylzheng,yuanyongth"
525,16762735,"Zenith Ye","2026-09-24 11:14:27",2400.5,2,zenithye
526,16917270,kaibaur,"2026-09-25 05:04:24",2400.1,2,kaibaur
527,16837554,Quickpanda,"2026-09-25 08:39:51",2400.0,2,quickpanda
528,16885561,goodpjw2008,"2026-09-26 00:31:11",2399.7,2,goodpjw2008
529,16859757,"Nathan Jacob","2026-09-25 11:46:25",2399.6,2,nathanjacob
530,16938473,bansalis,"2026-09-25 19:15:15",2399.3,2,ishanbansal1
531,16948431,t.me/anpilovetg,"2026-09-25 17:06:33",2399.2,2,anpilovkirill
532,16935560,南山3G战神,"2026-09-25 03:48:53",2399.1,2,"dongxinwan,jyo5200,linkenfaqiu8290,vincent8491,wxh20031103"
533,16632291,"alex chilton","2026-09-24 08:14:35",2399.1,2,alexchilton
534,16805699,"feel the agi","2026-09-25 16:05:36",2398.7,2,nulldata
535,16630380,JM,"2026-09-25 20:08:30",2398.5,2,julianmukaj
536,16641536,"Michael Timbs","2026-09-25 16:12:02",2398.1,2,michaeltimbs
537,16924916,Teraya,"2026-09-25 06:21:26",2397.8,2,yuyaterasawa
538,16697891,KuziJA,"2026-09-24 16:00:41",2397.3,2,kuzija
539,16914006,Stefano,"2026-09-26 00:16:23",2397.3,2,stefanojp
540,16805704,ShuHaya,"2026-09-25 10:19:35",2396.3,2,yfqqq088
541,16662051,"Salem Ali","2026-09-24 14:53:13",2395.2,2,salemali7
542,16666784,"Michał Łapiński","2026-09-24 13:49:01",2394.9,2,michaapiski
543,16666566,"Rairo Mukamuri","2026-09-25 14:43:58",2394.7,2,thetraveller
544,16768239,Oshbocker,"2026-09-25 18:51:56",2394.7,2,oshbocker
545,16689748,cheesytoasts,"2026-09-25 19:12:44",2394.7,2,cheesinnn
546,16734498,kazuhiro3381,"2026-09-26 02:54:39",2394.6,2,kazuhiro3381
547,16926937,"Romuald Delene","2026-09-24 13:41:36",2394.4,2,romualddelene
548,16881395,nikotin55,"2026-09-25 18:49:52",2391.8,2,"isaevsemyon,nikotin55,remihrf"
549,16796682,LK30,"2026-09-25 13:30:06",2391.1,2,louisklasing
550,16629033,"Igor V","2026-09-26 00:01:38",2390.9,2,rostigor
551,16701258,ln,"2026-09-25 23:45:45",2390.9,2,"flentz,nazarov"
552,16789950,"Zachary Zhang","2026-09-25 02:14:43",2390.7,2,zacharyzhang16
553,16929642,"lyre lin","2026-09-25 14:54:56",2390.5,2,lyrelingg
554,16937871,"Rashid Khazeiynasab","2026-09-26 00:02:01",2390.4,2,rashidel1988
555,16829053,BigAngel,"2026-09-26 03:23:34",2389.7,2,kevin8093
556,16635406,ykuroka,"2026-09-25 00:02:10",2389.0,2,ykuroka
557,16746317,xingyun_byto,"2026-09-25 03:58:21",2388.8,2,xingyunbyto
558,16757809,dasfds,"2026-09-24 12:58:53",2387.8,2,dasfds
559,16802322,HongchenDai,"2026-09-24 16:47:42",2387.4,2,hongchendai
560,16662041,"Sarah Ng","2026-09-23 10:18:01",2387.4,2,thunguyen1510
561,16783642,base_camp_2002,"2026-09-26 02:43:52",2386.8,2,basecamp2002
562,16933535,Binbin022,"2026-09-25 08:27:58",2386.5,2,binbin022
563,16794536,HirokiTaniai,"2026-09-26 00:07:48",2386.0,2,nyokinyoki
564,16671150,Mc10nys0n,"2026-09-25 15:10:35",2385.5,2,rattanunt
565,16693050,Shoko,"2026-09-24 16:55:27",2385.0,2,abreyton
566,16628897,"Kyoungwon Jeong","2026-09-25 15:36:04",2383.9,2,kyoungwonjeong
567,16623974,Canon,"2026-09-25 09:10:28",2383.4,2,sotakurihara1
568,16738852,ZJUwlm,"2026-09-24 19:55:12",2383.2,2,"oonumberone,zjuwlm"
569,16918411,"Gautier Marti","2026-09-24 11:39:32",2381.6,2,gautiermarti
570,16791943,tamref,"2026-09-26 00:46:33",2380.1,2,tamreff3290
571,16671306,Yeswanthperni,"2026-09-25 22:30:38",2379.7,2,"tanvicaaa,yeswanthperni"
572,16784416,tatt:)ch,"2026-09-25 14:20:42",2379.5,2,"awewrasdffetfe,jay051012,tattch,yjy10086"
573,16722487,Zotar,"2026-09-25 21:00:57",2378.3,2,chunhinma
574,16920891,"Renfei Wang","2026-09-26 02:49:47",2377.6,2,renfei123456
575,16651331,"Mohamed Saeed","2026-09-24 17:00:06",2377.2,2,m0sm71
576,16790432,"Field General","2026-09-25 15:26:10",2376.7,2,kevinarvai
577,16637546,Forrest,"2026-09-25 04:14:01",2376.6,2,yinxiaogang
578,16729280,"Ryoya Tsuruoka","2026-09-25 09:26:41",2376.6,2,"irohasorange,mrooto,rahaia"
579,16730706,flaty,"2026-09-26 01:08:12",2374.3,2,flat831
580,16669650,motono0223,"2026-09-21 15:42:07",2373.7,2,motono0223
581,16688732,"sAIzeria Harness","2026-09-25 17:20:39",2373.4,2,"gnux1408,tanakaai24"
582,16939679,tokawa2997,"2026-09-25 12:59:18",2372.8,2,tokawa2997
583,16655199,"Alexander Ulrich","2026-09-24 05:32:03",2372.3,2,alexanderulrich01
584,16726287,BBaRRel.,"2026-09-24 17:06:10",2372.1,2,yujinkk0609
585,16624309,jjamppongmandu,"2026-09-25 20:09:45",2371.5,2,"beckspeca,hihiimj,jjamppongmandu"
586,16823319,eviltsundera,"2026-09-25 16:31:59",2371.4,2,eviltsundera
587,16775686,"Max Podd","2026-09-25 00:21:31",2371.3,2,maxpodd
588,16671163,"Suyash Verma","2026-09-25 18:35:51",2371.2,2,suyashdiamond1
589,16753567,wangkxu,"2026-09-23 06:26:47",2370.7,2,davics
590,16621481,"zero waste","2026-09-25 05:39:46",2370.7,2,chinnaphatkhun
591,16660313,Ctrl+Code,"2026-09-25 09:52:41",2370.5,2,"jayashankar369085,parnikasm"
592,16840509,"Iskander Yusupov","2026-09-25 14:48:31",2370.3,2,iskanderyusupov
593,16894196,"Qiank Chen","2026-09-25 18:03:16",2370.1,2,qiankchen
594,16636079,"Pawan Rama Mali","2026-09-24 16:58:42",2369.8,2,pawanmali
595,16665829,Shadowfishes,"2026-09-24 13:21:51",2369.7,2,"boandme,ronitagarwal1,shauryasahdev2"
596,16769990,delai50,"2026-09-25 22:38:33",2369.5,2,delai50
597,16854428,"Marwan Ashref","2026-09-24 21:43:03",2367.7,2,"abobakerabobaker,karimhamada,marwanashref"
598,16655582,"Yang Jinneng","2026-09-25 01:02:41",2367.3,2,adurey
599,16671515,ziheng,"2026-09-25 04:57:12",2367.0,2,zihengedie
600,16842828,"Smiley Flour","2026-09-25 15:04:23",2367.0,2,"ddlinh212,nguyenvlm"
601,16826465,linmumu009,"2026-09-24 07:11:11",2366.8,2,"linmumu009,renjunxiang"
602,16670371,rkd,"2026-09-25 22:53:37",2366.8,2,ryookd
603,16806882,"Friedhelm Winter","2026-09-24 13:48:56",2366.5,2,friedhelmwinter
604,16664969,subsubsubagent,"2026-09-25 04:23:02",2366.4,2,"estrellasss,kingsley31,smithshine,wuliaoluis,xuteli"
605,16714057,"T0m0t0m0 W","2026-09-24 17:32:20",2366.1,2,t0m0t0m0w
606,16817518,Dresden,"2026-09-25 02:29:39",2365.9,2,dresdeng
607,16623520,asteriam,"2026-09-25 06:38:23",2365.4,2,masatakashiwagi
608,16635744,XDang13,"2026-09-24 16:52:57",2365.1,2,xdang13
609,16684620,kobayasi,"2026-09-26 01:14:48",2364.8,2,"boomvector,tatsuokoshida"
610,16663963,M0h4m3d-Byte,"2026-09-25 14:33:11",2364.8,2,dev3mohamed
611,16919866,"Harvey Zhang","2026-09-24 16:07:56",2364.3,2,harveyel
612,16885832,"Soshi Uejima","2026-09-24 14:09:29",2364.2,2,assdafa1223
613,16745006,UjjwalPardeshi,"2026-09-25 19:37:42",2362.2,2,ujjwalpardeshi
614,16759632,"Rifqi Haikal","2026-09-24 15:12:11",2362.1,2,rifqihaikal
615,16654091,webmaking,"2026-09-22 04:36:19",2361.7,2,webmaking
616,16942573,Almaz,"2026-09-24 14:50:22",2361.7,2,almazsakhapov
617,16624919,"Juste Me (●'◡'●)","2026-09-24 18:18:30",2361.5,2,degnonguidi
618,16623746,Juyong,"2026-09-25 05:38:52",2361.3,2,kimdoong
619,16768603,Kinance,"2026-09-26 02:56:09",2360.7,2,kinance
620,16926921,"Ruslan Kovychev","2026-09-24 10:48:23",2360.7,2,ruslankovychev
621,16693549,別班,"2026-09-25 22:23:13",2360.4,2,"kusurizuke,pepushi,tomokiaki"
622,16700767,tkpmnlms,"2026-09-24 15:06:49",2360.3,2,"emorgunov,mikhailkachalin,roniuhle"
623,16846856,BladeRunner,"2026-09-25 05:30:30",2359.7,2,bladerunner2022
624,16730301,wonder777,"2026-09-25 15:03:11",2359.5,2,wonder777
625,16703045,ReCurSiON,"2026-09-25 13:08:45",2358.8,2,ashok205
626,16639418,"Oleksii Zhukov","2026-09-26 02:38:18",2358.3,2,zhukovoleksiy
627,16721980,pend_ts19,"2026-09-25 07:22:33",2358.3,2,pendts19
628,16642662,CdeTilly,"2026-09-25 15:01:39",2358.0,2,cdetilly
629,16748476,sam_the_rice_cake,"2026-09-24 13:25:40",2357.7,2,"hash548,wliilamsam"
630,16867671,Abhinav0370,"2026-09-24 14:58:09",2357.3,2,abhinav0370
631,16664360,"Rohan L","2026-09-24 13:38:10",2357.0,2,rohanlopes
632,16716431,m&m,"2026-09-26 01:05:30",2356.8,2,ntrlmt
633,16684748,"nailong alpha","2026-09-25 13:21:31",2356.6,2,"dejavucry,weiyun22021,yizhewong,yoruet,zekenos"
634,16943709,ser5kovskiy,"2026-09-25 07:49:49",2356.2,2,sergeypyatkovskiy
635,16861302,YieldCurve,"2026-09-26 02:45:55",2355.3,2,"gendaijin,haruna015"
636,16891740,quwon_000,"2026-09-25 19:54:11",2355.0,2,quwon000
637,16729413,KharinTymofii,"2026-09-24 15:54:07",2354.7,2,kharintymofii
638,16948694,"Bob Jeff","2026-09-24 20:06:28",2353.9,1,bobrg123
639,16699947,HKmgikao,"2026-09-24 19:03:41",2353.8,2,hitoshikmgai
640,16940533,shikaikaikaikai,"2026-09-25 05:48:53",2353.7,2,shikaikaikaikai
641,16708315,beeyan,"2026-09-24 23:55:17",2353.7,2,beeyan0821
642,16623691,KevlarZanderChi,"2026-09-25 06:01:42",2352.9,2,kevlarzanderchi
643,16804768,Chaos,"2026-09-25 15:30:23",2352.8,2,hcfighting
644,16685358,"Nuno Ferreira","2026-09-25 06:13:15",2352.4,2,ngcferreira
645,16789946,"Oriol Pi Morell","2026-09-26 01:42:46",2351.4,2,oriolpi
646,16881928,"Saad Khan","2026-09-24 18:56:07",2350.9,2,saadlohani
647,16858464,Taisei_Tsuneki,"2026-09-24 10:16:37",2350.9,2,"ryoyaotsuki,taiseitsuneki"
648,16738492,"Follow Me Gradient","2026-09-24 11:15:05",2350.5,2,farukece
649,16758905,"Iwa Iwa","2026-09-25 09:14:23",2350.5,2,iwaiwa
650,16639971,"qi yun","2026-09-26 03:14:06",2350.4,2,qiyun280
651,16805370,"Gaiar Baimuratov","2026-09-25 07:32:21",2350.3,2,baimuratov
652,16730720,broccoli,"2026-09-24 16:46:18",2350.0,2,norihori0917
653,16935391,"cs duals","2026-09-25 14:42:40",2348.3,2,kostopr4v
654,16632097,PavelLiashkov,"2026-09-25 00:00:59",2347.9,2,bigbag1983
655,16730334,"Have a nice trip in USST","2026-09-25 18:15:16",2346.8,2,"eugeneyeung,grace7523,sztszt0726,tuskig,wzh20050212"
656,16814852,"Shivcharanraju Anga","2026-09-25 01:43:29",2346.7,2,shivcharanrajuanga
657,16705659,"srijan k.r keshri","2026-09-25 22:45:59",2346.3,2,srijankrkeshri
658,16724801,Noir,"2026-09-25 04:37:07",2346.2,2,nuitnoir
659,16853805,yefenfei,"2026-09-25 03:17:25",2345.7,2,"stargazer7c,yefenfei,yuchenzhanlulu,zhengweibin1026"
660,16668215,renta.k,"2026-09-24 17:12:13",2345.5,2,renta0426
661,16872203,"Mikael Kerimov","2026-09-25 07:13:18",2345.5,2,"mikaelkerimov,mperminiov"
662,16785523,Doranap,"2026-09-25 04:27:55",2345.1,2,doranap
663,16633173,"Saulo Quiñones Góngora","2026-09-25 05:34:33",2345.0,2,sauloquionesgngora
664,16885498,farmhouse,"2026-09-26 02:30:08",2344.8,2,tomoyayanagi
665,16846958,"Constantin Craciun","2026-09-25 16:30:27",2344.7,2,constantincraciun
666,16699741,Tom3,"2026-09-25 01:24:56",2344.2,2,tomohiroaz
667,16662176,"jorge fabian avila","2026-09-24 17:35:51",2344.0,2,jorgefabianavila
668,16876869,MAGGR,"2026-09-24 17:47:21",2343.4,2,manojmandal
669,16644643,today,"2026-09-25 04:07:32",2343.4,2,today55
670,16724847,辽大之光,"2026-09-24 14:52:05",2343.2,2,guangchenlu
671,16719884,ykhnkf,"2026-09-24 22:36:04",2343.1,2,ykhnkf
672,16686918,JustinLee,"2026-09-24 20:18:16",2342.5,2,justin2061
673,16809263,"Bertan Pank","2026-09-24 07:36:53",2342.4,2,bertanpank
674,16622032,"Raunak Dey","2026-09-24 14:30:55",2342.3,2,raunakdey07
675,16622459,"Munal Singh","2026-09-24 14:23:59",2342.3,2,munalsingh
676,16693227,"Aniket Sharma","2026-09-24 09:31:04",2342.2,2,aniketsharma00411
677,16918430,"Huifeng Li","2026-09-25 15:51:32",2341.7,2,stevenli1
678,16760490,"nir afek","2026-09-25 21:27:21",2341.6,2,nirafek
679,16858418,"Nguyễn Công Tuấn","2026-09-25 15:57:21",2341.1,2,nctuan
680,16889296,"Takauchi Suguru","2026-09-26 01:06:02",2340.8,2,gurusut
681,16911212,zby_4240,"2026-09-24 12:45:39",2339.6,2,"panhiuting,zby4240"
682,16693557,"Ifeoluwa Adewumi","2026-09-25 09:48:37",2338.6,2,ifeadewumi
683,16841434,soraemon,"2026-09-24 19:59:50",2337.2,2,soraemon
684,16721501,αίνιγμα,"2026-09-24 18:19:30",2337.0,2,"muditnagori09,shahidnadaf001"
685,16945263,liyupengli,"2026-09-24 11:35:44",2336.8,2,"easonrao,huhuown,liyupengli,mikesun20110408"
686,16689430,"Terry Luo","2026-09-24 16:19:47",2336.6,2,eimhluo1764
687,16879199,Back,"2026-09-26 01:56:39",2335.9,2,back2525
688,16840212,anngle,"2026-09-25 04:53:50",2335.3,2,anngle
689,16735252,LagrangianLocomotive,"2026-09-24 20:22:02",2334.6,2,lagrangianlocomotive
690,16832316,"Tatu Helander","2026-09-24 07:05:05",2334.3,2,tatuhelander
691,16855885,"Shinonome Seiga","2026-09-24 18:01:49",2334.1,2,shinonomeseiga
692,16677423,songling,"2026-09-24 22:44:38",2333.6,2,"lvbingrong,oralia"
693,16890988,"Aleksandrov Andrey Alekseevich","2026-09-24 17:19:07",2333.3,2,abbeleve
694,16775473,LuanHengYu,"2026-09-26 03:08:24",2332.8,2,apexml
695,16670453,141,"2026-09-25 19:12:27",2332.4,2,"muhammadmustafaxo,siddiqshah"
696,16654076,"Son Pham","2026-09-25 16:13:08",2332.4,2,sonphamorg
697,16661665,"Leonardo Viola10","2026-09-24 15:10:36",2331.9,2,leonardoviola10
698,16759250,"Harsh Jain","2026-09-24 18:39:23",2331.6,2,harshjain123
699,16630548,"YJ Wee 2807","2026-09-25 08:06:21",2331.5,2,yjwee2807
700,16778012,俺是耕田哩,"2026-09-26 00:02:21",2331.2,2,tianzhenggao
701,16948957,KIT0,"2026-09-25 12:04:02",2331.2,2,kit024
702,16658946,theredbluepill,"2026-09-24 14:18:10",2331.0,2,poonszesen
703,16823957,"kiki yi2","2026-09-25 16:03:39",2331.0,2,kikiyi2
704,16936827,"Weixuan Liu","2026-09-25 01:39:55",2330.6,2,flyfish666
705,16884244,UCAS_fish_wang,"2026-09-26 02:00:07",2330.5,2,yiliu15
706,16663213,"Takahiro Someya","2026-09-24 21:16:40",2330.5,2,takahirosomeya
707,16765807,"Win Suthar","2026-09-24 15:54:08",2329.8,2,ashwanidhukra
708,16636536,tetsu2131,"2026-09-24 16:08:35",2329.8,2,tetsutani
709,16803032,"varshitha kolupuri","2026-09-25 18:28:28",2329.6,2,varshithakolupuri
710,16786341,"Farmula One","2026-09-25 07:42:09",2329.5,2,"joesland,mer4yyy,ricaaaovo,zhangxingzhe"
711,16823626,Korokke3,"2026-09-25 00:12:13",2329.5,2,korokke3
712,16879027,XMHHHH,"2026-09-25 12:36:50",2328.1,2,jkkhhoo
713,16834038,"Akio Furutsuka","2026-09-25 01:46:47",2326.6,2,akiofurutsuka
714,16867120,"DaoHe Liu","2026-09-25 03:46:31",2326.0,2,daoheliu
715,16922419,"Md Abu Saif","2026-09-25 18:58:38",2325.9,2,mdabusaif48
716,16627600,"NiA Farms","2026-09-25 06:36:03",2325.3,2,"adriaft,natliablascoandreo"
717,16942378,"Cheese Burgers","2026-09-25 03:46:35",2324.9,2,"gaippi,mrkoolguy"
718,16652446,"tine.sh agent","2026-09-25 12:49:59",2324.6,2,sidcodegg
719,16799045,qq牧场,"2026-09-26 02:41:32",2324.6,2,"goodchen145,sir2026,zhaosir2026"
720,16631640,7day-enough,"2026-09-25 11:22:45",2324.3,2,"caoyupeng,diandianzi,lingyu07,lixin73,xiaoxiaohuazong"
721,16640067,"minghao mei","2026-09-25 04:03:05",2323.1,2,minghaomei
722,16927555,yaya__k,"2026-09-24 09:27:12",2323.0,2,yaya88k
723,16635663,"Pascal Pfeiffer","2026-09-24 15:16:47",2322.9,2,ilu000
724,16872204,"Nguyễn Trần Thanh Bình","2026-09-25 15:05:16",2322.7,2,nguyntrnthanhbnh
725,16898204,"MAHESH ISHRAN","2026-09-25 08:59:59",2322.7,2,iitm21f1003346
726,16765884,洛希边际,"2026-09-25 06:05:37",2322.6,2,"bxz2003,mingyue12318,thethirdsight"
727,16690353,b13902103_yuhung94,"2026-09-22 02:00:14",2322.4,2,yuhung94
728,16941047,"RUSHMANTH NALLURI","2026-09-24 00:07:09",2322.1,2,rushmanthnalluri
729,16903852,maoxin123,"2026-09-26 00:44:05",2321.9,2,maoxin123
730,16654841,"ABHIRUP DAS","2026-09-24 18:17:06",2320.5,2,abhirupdas10
731,16868759,Pand,"2026-09-25 07:11:57",2319.9,2,pand999
732,16690447,Supermercado,"2026-09-26 00:45:41",2319.4,2,ryotaaaaaa
733,16881235,"Konstantin Zorin","2026-09-24 16:15:27",2319.3,2,zokost
734,16743218,RYUSHI,"2026-09-26 01:45:47",2319.3,2,ryushisa
735,16885261,sdy623,"2026-09-26 02:23:37",2318.8,2,jaxa623
736,16639871,"Aura Farming","2026-09-26 00:01:34",2318.5,2,"aghbalouanass,gauthieravite"
737,16805244,nari,"2026-09-25 21:18:52",2318.4,2,shoheiyoshinari
738,16641524,AkiraIshikawa,"2026-09-25 23:01:27",2318.2,2,akiraishikawa
739,16668406,"VAP RF5","2026-09-25 13:27:52",2317.2,2,vaprf5
740,16644578,"Team Name","2026-09-24 17:08:01",2316.7,2,baytree1238
741,16790660,suk1yak1,"2026-09-25 21:57:10",2316.2,2,suk1yak1
742,16811799,"Yuanchen Huang","2026-09-25 23:49:37",2315.5,2,geokocha
743,16769967,"Bill Fan","2026-09-25 01:44:56",2314.6,2,billfan88
744,16635108,"cabbage corp","2026-09-24 16:49:59",2314.2,2,"kagglercs,phoenix0501"
745,16845258,Squirrel,"2026-09-25 22:11:37",2314.2,2,bunnykeeper
746,16716566,"Junliang Ye","2026-09-26 02:10:53",2314.0,2,junliangye
747,16807108,dongdongunique2,"2026-09-25 20:07:27",2313.7,2,yinzhaoren
748,16755650,"kazuki morikawa","2026-09-26 03:13:52",2313.7,2,kazukimorikawa
749,16670967,"Ne ML Clan","2026-09-25 20:32:07",2313.5,2,"al55522me,egoregors,sirgauda,vladmazeev"
750,16663867,"Stephen Schott","2026-09-25 12:09:34",2313.1,2,steve421471
751,16701024,pig7selene,"2026-09-25 08:54:35",2313.1,2,"ejlthomas,gaoeeee"
752,16760158,"apple farmer","2026-09-25 19:32:35",2312.4,2,gustavoknudsen
753,16851133,"Bryan Pauze","2026-09-25 00:01:14",2312.0,2,bryanpauze
754,16628951,"Hiro Nomo","2026-09-25 07:31:45",2311.7,2,morinokuma3
755,16652536,Satoshi_SsSs,"2026-09-25 17:42:49",2311.7,2,satoshissss
756,16945969,"Rushil Desai","2026-09-25 06:44:54",2311.3,2,rushildesai
757,16702547,Dean0016,"2026-09-25 09:15:38",2311.1,2,"ddcchh,dean0016,zureaaa"
758,16694016,"Prajwal M","2026-09-25 15:20:05",2310.9,2,estrick
759,16846010,muelsyse111,"2026-09-25 03:01:24",2310.9,2,"muelsyse111,zltrqn"
760,16810408,"Bohdan Boklah","2026-09-25 09:25:16",2310.3,2,bohdanbb2000
761,16674312,yuxuan,"2026-09-25 03:04:25",2310.2,2,yuxuan1221
762,16638557,"Araik Tamazian","2026-09-25 06:41:49",2309.7,2,atamazian
763,16670229,Munshi-PremChand,"2026-09-24 12:25:56",2309.1,2,munshipremchand
764,16621671,Chellick,"2026-09-25 17:02:15",2308.9,2,matweyisupov
765,16802535,"To be happy","2026-09-26 03:46:58",2308.6,2,yaokaixinya123
766,16796370,Z-A,"2026-09-25 16:13:16",2308.6,2,"dfgtde,yuyizhu"
767,16853054,saberzky,"2026-09-25 13:47:24",2308.1,2,saberzky
768,16942000,tyson,"2026-09-25 17:24:15",2307.3,2,tysonwashere
769,16841335,abondrn,"2026-09-25 10:03:50",2307.2,2,abondrn
770,16719733,CleoCantCompete,"2026-09-25 05:52:04",2307.0,2,cleocantcompete
771,16685548,"Erfan Eshratifar","2026-09-26 04:01:06",2306.7,2,erfaneshrati
772,16674949,"Lev Neganov","2026-09-26 02:14:37",2306.3,2,levoel
773,16740644,Terence0914,"2026-09-25 07:29:53",2306.0,2,terence0914
774,16622319,"Roman Tamrazov 52","2026-09-25 13:39:32",2305.8,2,romantamrazov
775,16763669,cm391,"2026-09-24 22:20:58",2305.8,2,mccocoful
776,16655379,Ikeda0516,"2026-09-25 11:43:51",2305.4,2,ikeda0516
777,16666977,"Tagir Analyzes","2026-09-24 16:00:09",2304.7,2,tagirkhairutdinov
778,16701051,"Komi ShouKo","2026-09-25 04:40:59",2304.2,2,asdwswdxd
779,16716263,"Ugnė Miklovaitė","2026-09-25 12:34:58",2304.0,2,ugnmiklovait
780,16891008,"Golubev Alexander","2026-09-25 12:34:28",2304.0,2,"golubevalexander,nikitadgolubev"
781,16865470,J.Moriuchi,"2026-09-25 07:47:27",2303.0,2,hesoponyo
782,16739925,nofreewill42,"2026-09-25 12:50:46",2302.9,2,nofreewill
783,16645596,Kosakunin,"2026-09-24 19:11:07",2302.5,2,yugoawawa
784,16623390,KodamaSec,"2026-09-25 14:06:20",2302.3,2,dfhgfdghfdhg
785,16775125,weimean,"2026-09-24 14:26:01",2302.1,2,gtwm98
786,16759699,"Mason Cao","2026-09-24 04:23:48",2301.4,2,mzcao7
787,16669256,Shivam_2212,"2026-09-25 16:03:16",2301.3,2,shivam2212
788,16920069,"arar tawil","2026-09-21 20:07:38",2301.0,2,araraltawil
789,16666805,Kaggs,"2026-09-25 17:07:11",2300.8,2,ayush21042004
790,16658700,"szlachetny snieg","2026-09-24 14:24:13",2300.4,2,takayukiimoto
791,16657316,只因队,"2026-09-25 18:32:56",2300.3,2,"jasonxusk,mingkangyan,no13ody,renmin517"
792,16827571,"BNBU ","2026-09-25 03:41:14",2300.1,2,"andycooper747,austindengkaggle,BNBUDINGSHANLee21,yuxiang328"
793,16655128,"Somasundar V","2026-09-24 21:04:44",2299.9,2,somasundarv
794,16886298,amosokello451,"2026-09-25 19:25:18",2299.8,2,amosokello451
795,16626191,"kevin park","2026-09-25 12:19:27",2299.1,2,k3v1npark
796,16921557,"Terry Duan","2026-09-24 21:21:44",2298.6,2,xueyueicu
797,16723955,chunsuri,"2026-09-25 16:49:06",2297.5,2,chunsuri
798,16632294,"Rajan Nagarajan","2026-09-25 16:30:03",2297.5,2,narajan
799,16727103,sword3522,"2026-09-26 02:52:28",2296.8,2,"qinyanqiu,sword3522"
800,16904867,wahaka,"2026-09-25 07:15:12",2295.4,2,wahaka
801,16651157,StupidXie,"2026-09-25 07:07:10",2295.0,2,stupidxie
802,16730881,hank0123,"2026-09-25 14:43:17",2294.1,2,hank0123
803,16674385,"qr farm","2026-09-24 13:17:00",2293.4,2,qrz1201
804,16865564,Manat,"2026-09-25 09:48:05",2293.1,2,manatoshoji03
805,16831965,"Ray Roberts","2026-09-24 01:04:13",2292.9,2,rayroberts
806,16693215,"Izzoudine Mohamed KANTA","2026-09-26 00:12:49",2292.8,2,izzoudeenkanta
807,16689154,CrossEngineered,"2026-09-25 11:16:15",2292.0,2,"danyalsahin1,gkenurk"
808,16736670,"Mark Astrid","2026-09-24 18:53:08",2291.4,2,markastrid
809,16944480,"Peihao Chen Caesar","2026-09-25 22:54:20",2291.3,2,peihaochencaesar
810,16790005,"Rohit Kumar Sahoo","2026-09-26 02:36:59",2290.5,2,rohit4118
811,16894110,寒月千逸,"2026-09-25 12:45:32",2290.2,2,"hanyueqianyi,leeyang1,sakurahg"
812,16668789,qaq7864,"2026-09-25 06:23:51",2289.7,2,qaq7864
813,16763829,"Shane Thivaharraja","2026-09-26 01:09:24",2289.4,2,shanethivaharraja
814,16634128,ZechHuang,"2026-09-26 00:59:41",2289.0,2,zechhuang
815,16736079,Maxy5illion,"2026-09-25 16:10:40",2288.5,2,maxy5illion
816,16625060,"Subin An","2026-09-25 13:21:55",2287.6,2,subinium
817,16663818,"Mike Mordetsky","2026-09-26 03:58:13",2287.3,2,mikemordetsky
818,16933848,"Lawrence Katongole","2026-09-23 12:47:55",2286.5,2,lawrencekatongole
819,16860907,kuengo,"2026-09-25 17:32:35",2286.5,2,"haojunwei,kuengo,leonstew,ruoguxu"
820,16769491,"Ivan Ternovskiy","2026-09-24 16:59:36",2285.8,2,aristophanivan
821,16657091,raw2clean,"2026-09-25 10:28:40",2285.7,2,raw2clean
822,16659328,"Muhammed Ashiq Abdul Khader","2026-09-25 15:00:27",2285.7,2,ashiqabdulkhader
823,16656399,CROW,"2026-09-25 14:42:57",2285.5,2,"aaayangxh,hanifnoerrofiq"
824,16681927,"Dariush Afshar","2026-09-25 22:14:29",2284.6,2,dariushafshar
825,16688217,"The Grower","2026-09-25 21:40:03",2284.5,2,vigneshsankar1962
826,16947057,jfhjfgjhfj,"2026-09-25 07:29:39",2284.4,2,jigsawpuzzle
827,16745761,mitomeat823,"2026-09-25 15:42:47",2284.2,2,mitomeat823
828,16848479,nilochan,"2026-09-25 16:43:43",2283.8,2,nilochan
829,16926787,"Владислав Ковкін","2026-09-25 14:26:15",2283.7,2,vladyslavkovkin
830,16641372,ShoaibSSM,"2026-09-24 17:10:08",2283.3,2,"naveenlx111249971939,shoaibssm"
831,16740892,"yuki matsumori","2026-09-24 14:37:27",2283.1,2,yukimatsumori
832,16632715,cmasch,"2026-09-25 15:30:06",2282.8,2,cmasch
833,16634179,daoviet,"2026-09-26 02:37:05",2282.7,2,daoviet
834,16706897,"Akshay Mathur","2026-09-24 12:52:47",2282.5,2,akshaymathur777
835,16730810,mgoto51004,"2026-09-25 13:56:43",2282.5,2,mgoto51004
836,16778946,yuki0731,"2026-09-25 09:03:06",2282.5,2,yuki0731
837,16663247,Ak,"2026-09-25 10:44:10",2282.3,2,abisheksrivastav
838,16677342,Fedor,"2026-09-25 11:30:02",2281.7,2,fedorchuprakov
839,16939044,pioneerqaz,"2026-09-25 16:26:40",2281.7,2,pioneerqaz
840,16631967,vecxoz,"2026-09-24 17:42:44",2281.3,2,vecxoz
841,16722705,我的AI是豆包,"2026-09-25 13:52:54",2281.2,2,"carrotliang,haoxuanjng,kaoqiangzhang,rainhuang0220"
842,16804757,MAT,"2026-09-25 09:11:05",2280.7,2,mehmetanltays
843,16711752,"Atakan Aldemir","2026-09-25 13:43:20",2280.7,2,atakanaldemir
844,16713457,"Poor farmer","2026-09-24 09:05:27",2280.4,2,trnhip
845,16751152,"Andrew Reed","2026-09-25 12:36:36",2280.3,2,andrewreed
846,16799934,auhulu,"2026-09-25 03:34:57",2280.2,2,auhulu
847,16804859,DevashishSoni123,"2026-09-25 18:25:04",2280.1,2,devashishsoni123
848,16781445,"𝕯𝖊𝖔𝖉𝖎𝖒𝖘 & 𝕮𝖔","2026-09-24 15:21:40",2279.9,2,odimdavidchukwuemeka
849,16840617,RyotaroAbe,"2026-09-24 15:17:52",2279.1,2,ryotaro45123
850,16660152,LIH.YUN,"2026-09-24 23:26:24",2279.0,2,fxlcee
851,16805671,"Yuxiang LIANG","2026-09-26 00:06:44",2278.3,2,yuxiangliang
852,16918941,"E-Max AI","2026-09-26 03:26:18",2277.3,2,royalacecat
853,16748511,HarshPandey-yt-auto,"2026-09-25 07:56:01",2276.8,2,harshpandeyytauto
854,16684202,Ignat,"2026-09-23 03:24:14",2276.4,2,ignatgotin
855,16643319,Jules,"2026-09-25 21:40:10",2276.0,2,julesvanligtenberg
856,16737650,sime_saba,"2026-09-25 23:50:00",2275.8,2,watarukawashima
857,16690338,dvv_ram,"2026-09-25 21:29:13",2275.8,2,ddvram
858,16717289,JackChenghao,"2026-09-25 08:53:22",2274.2,2,jackchenghao
859,16668610,Sian,"2026-09-26 03:03:08",2274.2,2,arki13
860,16792661,итмоняяя,"2026-09-24 09:48:23",2272.8,2,"naladwepo,tickflag"
861,16852728,"Ryuto Yoda","2026-09-25 09:26:00",2272.5,2,ryutoyoda
862,16806541,hidenov,"2026-09-24 11:50:21",2271.6,2,hidenov
863,16638651,Emre,"2026-09-25 22:59:46",2271.6,2,emre690
864,16634149,"Hozuma ITOBAYASHI","2026-09-25 00:19:27",2271.1,2,hozumaitobayashi
865,16623635,HiroyukiSasaki,"2026-09-26 01:56:20",2270.7,2,hiroyukisasaki815
866,16920678,qinsuikang,"2026-09-25 16:20:13",2270.4,2,"qinsuikang,tudousisi"
867,16891718,"Me & myself","2026-09-25 07:51:23",2270.2,2,fannasankh
868,16750779,"Mao Nishino (mao1756)","2026-09-25 16:55:10",2269.8,2,maonishinomao1756
869,16726461,mocatti,"2026-09-25 11:49:41",2269.8,2,mocatti
870,16733851,tangaii,"2026-09-25 11:55:37",2268.9,2,tangai1
871,16663387,Ju,"2026-09-24 13:29:42",2268.1,2,juziddd
872,16760523,"Joseph Ayanda","2026-09-26 01:31:00",2267.5,2,josephayanda
873,16843042,"Frost Cerberus","2026-09-25 05:55:10",2266.8,2,frostcerberus
874,16776793,"Guilherme Raiuga","2026-09-25 17:11:11",2266.3,2,guilhermeraiuga
875,16946853,"BAHUMANYA R G","2026-09-25 11:58:12",2265.4,2,bahumanyarg
876,16672136,chupaletas,"2026-09-25 03:46:19",2265.2,2,urvesh
877,16927409,ReD_MooN_rise,"2026-09-26 02:18:04",2264.8,2,"redmoonrise,yug0616"
878,16698308,"Gemini IS ALL YOU NEED","2026-09-25 08:36:45",2264.6,2,"jacqueszhelinzhang,yuan800"
879,16732879,daulettoibazar,"2026-09-26 01:16:01",2264.3,2,daulettoibazar
880,16808396,Dr_F,"2026-09-24 14:04:10",2263.7,2,algebraictopology
881,16712121,"Hai Dang","2026-09-25 14:03:34",2263.5,2,haidang2405
882,16841026,"Max Power","2026-09-26 02:20:30",2263.0,2,markbarney
883,16865168,"Maksym Bilychenko","2026-09-25 20:38:06",2262.7,2,mbilichenko
884,16876180,kk.sky.9k,"2026-09-25 14:10:25",2262.5,2,kksky9k
885,16749520,"Andrey Tikhomirov","2026-09-25 01:32:55",2262.3,2,andreytikhomirov
886,16630804,4418,"2026-09-25 10:44:24",2260.8,2,"biohack44,merkiraz"
887,16699722,Dicere,"2026-09-23 09:23:48",2260.7,2,thedark735
888,16773098,Apa,"2026-09-26 02:32:35",2260.7,2,yasso1
889,16811900,"Brejesh Balakrishnan","2026-09-23 06:38:14",2260.5,2,brejeshbalakrishnan
890,16942240,M78星云,"2026-09-25 14:40:28",2259.6,2,"cheng2246,tangyangpu284,upczbw,xinyinghu7123"
891,16621625,YBEJlKA,"2026-09-25 19:52:33",2259.4,2,alexanderchesnokov
892,16668430,"john inan","2026-09-25 20:36:12",2259.1,2,johninan
893,16665402,PrasadChopade213,"2026-09-24 08:50:47",2259.0,2,prasadchopade213
894,16720056,"Heads or Tails","2026-09-25 06:54:14",2258.7,2,headsortails
895,16642570,"Mathurin Ache","2026-09-24 18:42:07",2257.9,2,mathurinache
896,16931907,"Nokubonga Ngema","2026-09-22 20:13:20",2257.2,2,nokubongangema
897,16806938,boominginging,"2026-09-26 02:34:19",2257.1,2,"aviator22,boominginging,caiwenjie123,mikeintokyo"
898,16843860,LH-and-FPGA,"2026-09-25 15:18:27",2256.6,2,lhandfpga
899,16785321,HaoChi,"2026-09-25 22:15:07",2255.7,2,"lishi321,moxi21"
900,16926473,"Illia Dolenko","2026-09-22 00:32:26",2253.7,2,illiadolenko
901,16709712,iwa_hueai,"2026-09-25 20:22:25",2253.3,2,"sdcarson,yetanothercoder"
902,16839389,lizs,"2026-09-25 17:31:08",2253.2,2,chiila
903,16903770,UYHHHHYu,"2026-09-23 13:20:49",2252.2,2,yhhhhyu
904,16690805,"Alejandro Ayestaran","2026-09-24 00:55:13",2251.6,2,alejandroayestaran
905,16812062,姜上（Integ）,"2026-09-25 22:03:51",2250.8,2,"borealis27,integjs"
906,16655423,"Roland Luethy","2026-09-25 13:18:31",2250.3,2,rluethy
907,16809820,"Pramit Das","2026-09-25 18:39:08",2250.0,2,pramitdas
908,16865335,"Hire me! 🤗 [Viktor Cikojevic]","2026-09-20 13:38:52",2249.7,2,viktorcikojevic
909,16806328,"The Fly🪰","2026-09-25 11:44:13",2249.0,2,takamichitoda
910,16777134,Tom&Jerry,"2026-09-25 13:11:50",2248.8,2,tomjerry101
911,16732578,nao.kwmr,"2026-09-26 00:01:45",2248.6,2,naokwmr
912,16705790,clora,"2026-09-26 03:54:23",2248.1,2,clora16
913,16725177,misaka12435,"2026-09-24 14:43:35",2246.9,2,misaka12435
914,16786102,"Anay Garodia","2026-09-24 03:58:21",2246.8,2,anaygarodia
915,16731971,s_a_ai_engineer,"2026-09-26 01:54:58",2246.7,2,saaienginner
916,16727171,yfy,"2026-09-25 16:39:47",2246.6,2,qwidndbdjss
917,16758381,"Yang Kuang Ou","2026-09-25 09:23:02",2245.8,2,yangkuangou
918,16904440,"Orion on earth","2026-09-25 11:26:31",2245.2,2,oriononearth
919,16752104,WYSSR1225,"2026-09-26 01:27:03",2244.5,2,wyssr1225
920,16655520,"kaggle Osaka","2026-09-25 13:02:33",2244.4,2,toshiyukitanaka
921,16668532,"Nir Aberman","2026-09-25 04:13:41",2244.4,2,niraberman
922,16757621,Kurokawa,"2026-09-26 00:38:07",2243.7,2,hiroshikurokawa
923,16750314,Captainuknow,"2026-09-26 03:06:15",2242.5,2,captainuknow
924,16921800,tmcoder,"2026-09-25 22:13:45",2242.4,2,tm0428
925,16737944,ToastUz,"2026-09-24 22:18:59",2241.4,2,tatsuzoosawa
926,16681744,team_fn,"2026-09-25 13:44:34",2241.1,2,fjklmn
927,16660988,"AI After Hours","2026-09-25 18:22:45",2241.0,2,"akshaythammana,mmehersaipreetam"
928,16663264,Adarsh,"2026-09-26 03:21:39",2240.6,2,madarshbb
929,16746191,たがやす,"2026-09-24 11:34:09",2240.3,2,drktti
930,16660255,"Revanth Tambisetty","2026-09-26 02:50:08",2240.2,2,revanthtambisetty
931,16854552,ShionMatsuoka,"2026-09-26 02:05:12",2240.1,2,shionmatsuoka
932,16624040,kumk,"2026-09-24 13:40:43",2239.7,2,kknagoya
933,16710428,"Mansi Aggarwal","2026-09-25 11:33:33",2239.2,2,mansiaggarwal88
934,16727404,Yichi,"2026-09-24 12:15:42",2239.1,2,"liyulin666,yichi02"
935,16894714,"PadroChill Farm","2026-09-23 14:37:39",2238.3,2,"gerbertradmirovich,kastv90"
936,16687649,track,"2026-09-24 12:55:19",2237.9,2,"a2nt1as2n,ahmedberatozer,omerlleez"
937,16904984,"Andrej Angelovski","2026-09-22 17:23:18",2237.4,2,cybertiger7
938,16621165,"xisheng feng","2026-09-26 00:10:17",2237.2,2,xishengfeng
939,16923012,"jiggly buns","2026-09-25 13:02:29",2236.5,2,sellside
940,16793474,"Liu Classmate","2026-09-25 18:57:15",2236.5,2,"lilya98,liuclassmate,yuxuanzhao1203"
941,16939190,Ichika,"2026-09-26 02:17:11",2235.8,2,natsue
942,16633100,"Emile Andrieu","2026-09-19 23:36:43",2235.4,2,emileandrieu
943,16924480,Manasa.ai,"2026-09-25 03:06:50",2235.0,2,manasaai
944,16945907,"yuki ogata","2026-09-25 01:24:24",2234.8,2,yyogata
945,16707453,"Kaan Dınız","2026-09-23 15:11:37",2234.5,2,kaandnz
946,16624339,"Дворкин Евгений Владимирович","2026-09-24 16:47:53",2234.4,2,evgendvorkin
947,16778835,kiyoc,"2026-09-25 10:58:11",2234.4,2,kiyoshiohno
948,16790527,Yuta,"2026-09-26 02:26:12",2233.8,2,yutaecon
949,16638994,wpl,"2026-09-24 10:45:11",2232.6,2,peilwang
950,16946558,Kamilek,"2026-09-24 11:05:42",2232.3,2,kamillek
951,16769836,weense,"2026-09-26 02:15:28",2232.1,2,weense
952,16807411,tamura_aicon,"2026-09-23 00:03:54",2232.0,2,hayatetaf
953,16926301,"Максим Бортник","2026-09-25 16:25:18",2232.0,2,maxim2512
954,16726687,"Rohin Kethipally","2026-09-26 00:04:36",2231.3,2,rohinkethipally
955,16849801,tq1d,"2026-09-24 13:34:13",2231.2,2,haya03010
956,16658343,aisamhottman,"2026-09-26 00:10:44",2230.8,2,heuingttiang
957,16742439,"Shangshang Zhang","2026-09-26 02:36:43",2230.6,2,msvzss
958,16858303,马嘉蛋爱玩跳棋,"2026-09-22 05:52:02",2230.6,2,"jamalzzj,jlw123456"
959,16631978,"batuhan kalem","2026-09-22 19:02:41",2230.4,2,batuhankalem
960,16867370,jasonyoung,"2026-09-25 21:22:54",2230.3,2,jasonyoung66
961,16937607,wuyan-nox,"2026-09-25 15:37:43",2229.6,2,wuyannox
962,16860129,sonny_01,"2026-09-24 15:40:05",2228.3,2,sonnymupfuni01
963,16758316,"Roy Lo TW","2026-09-24 02:32:11",2228.2,2,roylotw
964,16687363,"elegantangel (628700)","2026-09-23 19:18:48",2228.1,2,elegantangel
965,16655826,KKY,"2026-09-26 01:14:39",2228.0,2,evilpsycho42
966,16794630,"Yuchuan Ding","2026-09-25 13:39:31",2227.6,2,yuchuanding
967,16747408,すずき,"2026-09-25 10:20:44",2227.2,2,shumpeace
968,16769411,Beyond,"2026-09-25 01:47:39",2226.4,2,themanysh
969,16933836,arumajiro,"2026-09-25 07:42:44",2225.6,2,excellentarumajiro
970,16668152,ksew364,"2026-09-24 09:24:05",2225.4,2,ksew364
971,16764499,"Edwards Neuron","2026-09-25 10:33:17",2225.2,2,edwardsneuron
972,16700919,Anubisyy,"2026-09-26 01:40:41",2225.2,2,anubisyy
973,16838370,aqua,"2026-09-25 04:06:14",2224.6,1,aquaaqua11
974,16724298,Orig_lab,"2026-09-24 10:30:26",2224.0,2,chengxixixi
975,16694110,"Team Amboss","2026-09-23 16:09:25",2223.8,2,alexphilippi
976,16623128,AdamJonesJohnson,"2026-09-26 00:07:50",2223.7,2,adamjonesjohnson
977,16929873,offhand,"2026-09-26 02:57:01",2223.0,2,offhand
978,16926111,"Somya Patra","2026-09-25 16:07:43",2222.9,2,somyapatra
979,16875659,あかつき,"2026-09-25 16:22:36",2222.1,2,akatuki25
980,16738349,Suna-D,"2026-09-26 01:46:35",2222.0,2,sunad0630
981,16779304,"Ari Nakos","2026-09-24 19:17:07",2221.9,2,aristides
982,16655477,Aurora,"2026-09-24 17:26:45",2221.3,2,"niteshranjansingh,themeghajoshi"
983,16661607,choqui62,"2026-09-25 07:12:40",2220.5,2,choqui62
984,16713048,"liqin fei 2005","2026-09-25 17:51:33",2220.4,2,liqinfei2005
985,16948745,"Nero Nrx","2026-09-25 15:38:06",2219.9,2,neronrx
986,16664132,kojingbo,"2026-09-26 03:23:35",2219.5,2,kojingbo
987,16774475,LoveB4Sunrise,"2026-09-24 14:48:32",2218.0,2,demacia1314
988,16744979,"Ahmed Alhassan","2026-09-13 21:51:58",2217.9,2,ahmed55
989,16731803,JYShane,"2026-09-26 03:29:58",2217.6,2,jyshane
990,16665416,"zeyu lau","2026-09-22 12:23:19",2216.6,2,zeyulau
991,16754882,vvs,"2026-09-25 03:48:14",2216.6,2,marvelworld
992,16892682,"Yasuhiro Manai","2026-09-25 02:54:50",2215.7,2,yasu01
993,16949661,Shs123,"2026-09-24 20:43:00",2215.6,2,shs123
994,16818313,"haonan zhengh","2026-09-26 02:03:50",2215.1,2,haonanzhengh
995,16738700,"Bugra Cinar","2026-09-25 15:38:42",2214.2,2,bugracnr
996,16802867,matcha110,"2026-09-25 09:25:40",2214.1,2,matcha110
997,16791924,magu1234,"2026-09-25 05:08:48",2214.0,2,magu1234
998,16655686,Kyle,"2026-09-24 04:31:20",2213.9,2,kylezhouzhou
999,16942314,"Seva Gusev","2026-09-25 15:43:51",2213.4,2,seva1232
1000,16870033,"wbcrypto abrams","2026-09-25 22:03:47",2212.6,2,wbcryptoabrams
1001,16778640,Kilupy,"2026-09-25 20:34:27",2211.8,2,kilupy
1002,16668737,"Abish Pius","2026-09-24 11:47:59",2211.3,2,abishpius
1003,16723272,"Rimsha Kanwal","2026-09-23 18:18:16",2211.2,2,rimsha234
1004,16932757,yucho147,"2026-09-23 03:35:48",2211.0,2,yucho147
1005,16761693,nhatvo,"2026-09-23 01:07:47",2210.9,2,nhatvo
1006,16623875,"Pavlo Ivanin","2026-09-25 06:21:37",2210.3,2,pavloivanin
1007,16732774,edchax,"2026-09-25 19:05:56",2210.0,2,"edchax,kevinkoza,slirche"
1008,16730854,src,"2026-09-25 03:36:45",2208.9,2,skthtu
1009,16945364,胜你不须第二剑,"2026-09-25 07:28:08",2207.8,2,abinyzl123
1010,16897489,"East Kowloon","2026-09-23 16:16:34",2207.7,2,"haydenmlh,veron0611"
1011,16766640,watana,"2026-09-24 13:39:25",2207.6,2,yukiwat
1012,16845907,yt0914,"2026-09-24 04:25:15",2206.1,2,yt0914
1013,16822602,haru0707,"2026-09-20 10:06:04",2205.9,2,"haru0707,kiduna"
1014,16716558,"Evan Tobias","2026-09-25 13:16:55",2205.8,2,evantobias
1015,16693045,"Huseyin Battal","2026-09-25 00:07:14",2205.7,2,huseyinbattal
1016,16751820,yy,"2026-09-25 11:22:06",2205.5,2,hirokiyamazaki
1017,16677810,"Maksim Borisov","2026-09-24 11:54:13",2205.4,2,ma4ypic4y
1018,16622338,github/shepsci/kaggle-skill,"2026-09-26 01:22:30",2204.8,2,shepscientific
1019,16944151,kkogai,"2026-09-26 02:57:09",2204.2,2,kkogai
1020,16855857,tchufers,"2026-09-25 19:41:27",2203.9,2,viniciusraupp
1021,16709905,Rospel,"2026-09-25 01:56:34",2203.3,2,rospel
1022,16664836,"Adnan Zaman","2026-09-26 00:02:57",2202.8,2,adnanzamanniloy
1023,16676193,"Akira Hirohashi","2026-09-26 02:25:02",2202.0,2,akirahirohashi
1024,16780097,"wei chang","2026-09-26 00:02:27",2201.1,2,wayne0404
1025,16924271,kitton,"2026-09-25 21:53:19",2201.0,2,kitton20250606
1026,16756510,tongmian1314,"2026-09-25 17:30:35",2201.0,2,tongmian1314
1027,16707915,MGöksu,"2026-09-25 19:43:47",2200.1,2,mgoksu
1028,16654707,ManasviSharma,"2026-09-25 11:03:40",2199.8,2,manasvi821
1029,16795798,"Refrain 1","2026-09-22 15:35:00",2199.1,2,"chisatoy,refrain1"
1030,16759578,Randy,"2026-09-25 23:21:32",2198.9,2,rvndyerwin
1031,16741113,kaitle,"2026-09-25 04:31:57",2198.8,2,kaitle
1032,16635872,"Evgeniya Dmitrieva","2026-09-23 18:05:27",2198.7,2,evgeniyadm
1033,16698136,"David Estevez","2026-09-24 14:47:34",2197.9,2,destbreso
1034,16904732,Weifenhuan,"2026-09-25 09:20:42",2197.7,2,schwa6
1035,16639625,"Dr Chandrasen Pandey","2026-09-23 03:24:30",2197.5,2,devchandra
1036,16894895,Talented_Eggs,"2026-09-25 18:41:59",2197.4,2,"kangmingpeng,kinghuang123,qiandongxie666,yyhm666"
1037,16821967,"Nakul Maurya","2026-09-23 22:04:40",2197.3,2,nakulmaurya
1038,16732666,"Stefano Blando","2026-09-25 13:28:02",2197.2,2,stefanoblando
1039,16783721,lc今天刷了吗,"2026-09-23 03:24:33",2196.6,2,"alkaidchen,limufeng"
1040,16786126,"Max Bloom","2026-09-25 17:17:58",2196.6,2,maxbloom
1041,16700068,"My Little Pony","2026-09-25 15:55:49",2196.3,2,"buxiangzaoqi66,juliezhang131,yaoyilv"
1042,16678521,"techno coven","2026-09-26 01:57:18",2196.3,2,"blancaplanca,nevolinaa"
1043,16761293,cha7ura,"2026-09-26 03:12:28",2196.0,2,cha7ura
1044,16639263,Yam,"2026-09-25 22:16:03",2195.2,2,minyam
1045,16623371,MoZayed,"2026-09-26 01:54:11",2195.0,2,mohamedzayedahmed
1046,16913949,"Tejash Prakash","2026-09-25 10:36:17",2194.5,2,tejashxprakash
1047,16743033,Nagahama,"2026-09-25 15:07:10",2194.4,2,kazukinagahama
1048,16638781,itsuki-data,"2026-09-24 12:25:04",2193.0,2,itsuki89
1049,16675873,"Zhu Liang","2026-09-25 15:03:17",2192.6,2,paradite
1050,16626814,"Vu Tran Hoang","2026-09-25 06:42:29",2192.1,2,hoangvux
1051,16658962,"Fabian Friedland","2026-09-26 01:30:27",2190.9,2,fabotelli
1052,16669490,hinemos,"2026-09-26 03:47:50",2189.4,2,hinemos
1053,16637987,Xander,"2026-09-25 15:50:26",2189.3,2,"badboiriri,canqiang,xiuyang88"
1054,16871381,huaiyuyoung,"2026-09-23 12:11:00",2189.1,2,"huaiyuyoung,mushancui,nuoyixu,sdsnorth,yuantoby"
1055,16792109,rogerrogerroger3r,"2026-09-25 14:16:14",2189.1,2,rogerrogerroger3r
1056,16942819,Mositaku,"2026-09-26 02:34:34",2188.0,2,versavice
1057,16676455,"Sarthak Sharma ","2026-09-25 17:09:20",2187.5,2,sarthaksharma14
1058,16655789,"wen chong yu","2026-09-25 20:46:16",2187.5,2,wenchongyu
1059,16768449,"Dmitry Volovikov","2026-09-24 13:46:26",2187.0,2,dmitryvolovikov
1060,16838538,"rz cao","2026-09-25 02:31:27",2187.0,2,"caoruizhe,luckybara"
1061,16810299,spencersi123,"2026-09-23 17:44:52",2186.6,2,spencersi123
1062,16706185,"Bab Kek","2026-09-25 07:34:58",2186.4,2,babkek
1063,16930374,扣扣农场,"2026-09-26 00:58:52",2186.3,2,tsjzkzyzz
1064,16674932,kokinnwakashuu,"2026-09-24 22:11:22",2186.1,2,kokinnwakashuu
1065,16678534,"Filip Strzałka","2026-09-26 00:05:48",2186.1,2,snufkin77
1066,16655610,GPTatoes,"2026-09-26 01:48:17",2185.8,2,"angran,kaixuanosmas"
1067,16623836,awarse,"2026-09-24 16:07:45",2185.4,2,awarse
1068,16659464,"Héctor Valverde","2026-09-26 02:21:05",2183.3,2,hvpareja
1069,16816196,"Bianco Chiu","2026-09-24 07:23:04",2183.0,2,biancochiu
1070,16654196,"Aryaman Chokhani","2026-09-24 08:41:08",2182.9,2,"aryamanchokhani,pranrocky"
1071,16722378,waticson,"2026-09-23 14:55:18",2182.3,2,yutodennou
1072,16883907,lll,"2026-09-24 04:11:11",2182.2,2,lghlgh001
1073,16741819,"Paritosh Kumar Tripathi","2026-09-25 15:31:09",2181.4,2,paritoshtripathi5
1074,16624056,Raggriculture,"2026-09-23 14:36:50",2181.1,2,ravi123a321at
1075,16731834,Kamma,"2026-09-25 03:10:11",2180.9,2,"cheliu0307,makerfly,vonlanvonlan233"
1076,16672325,Ispagiytiy,"2026-09-25 20:55:20",2180.2,2,ispagiytiy
1077,16864919,ujimaa,"2026-09-25 22:02:49",2179.9,2,ujimaa
1078,16684128,NIklitaCheporev,"2026-09-24 15:51:38",2179.0,2,niklitacheporev
1079,16709435,"Artyom Lyan","2026-09-24 09:36:10",2178.7,2,arli2016
1080,16728492,ほのぼの牧場,"2026-09-26 01:15:49",2178.4,2,masatoshitaniguchi
1081,16895147,"DL Julius","2026-09-25 08:41:15",2178.0,2,dljulius
1082,16735066,"Saber #2","2026-09-23 02:43:23",2177.7,2,yzheng21
1083,16671361,"Hangyu Yu","2026-09-24 23:27:55",2177.5,2,"cqupthangyuyu,leoethan,wxgisspider"
1084,16880393,flower_s,"2026-09-26 00:45:26",2177.4,2,flower244140625
1085,16624484,"Tomoki Hirose","2026-09-24 15:50:38",2177.2,2,tomokihirose
1086,16700634,"Alperen Söylen","2026-09-25 21:58:01",2176.9,2,alperensylen
1087,16661558,안녕하세요이세입니다잘부탁드립니다,"2026-09-26 00:14:55",2176.7,2,"moonswalk,municef1"
1088,16727110,yemaoye,"2026-09-24 16:45:02",2176.6,2,"luckyappley,yemaoye"
1089,16701685,shawloong,"2026-09-25 01:14:31",2176.3,2,shawloong
1090,16658895,kunihiro,"2026-09-25 04:45:26",2176.2,2,kunihiro
1091,16661050,Master_S1ave,"2026-09-25 19:09:42",2175.7,2,masters1ave
1092,16899200,MauoXX,"2026-09-25 22:02:39",2175.2,2,mclster
1093,16639705,"Yuta Tomimasu","2026-09-26 03:57:38",2174.7,2,yutatomimasu
1094,16623530,khursani,"2026-09-26 02:43:48",2174.3,2,khursani8
1095,16659412,yesterdays_rebel,"2026-09-25 22:38:38",2174.3,2,irfanparaniya
1096,16644565,Suda,"2026-09-25 14:51:13",2174.1,2,"chaneyma,deryawang"
1097,16800076,xinwang,"2026-09-25 16:13:00",2173.8,2,xxxtetantion
1098,16709101,"Djaafar Lecheheb DL","2026-09-25 10:49:56",2173.0,2,djaafarlechehebdl
1099,16622898,"sbol ball","2026-09-25 13:32:20",2172.2,2,"linearbasis,maksimkostritsya"
1100,16623524,"Marcus Vinicius","2026-09-26 02:32:49",2172.1,2,marcux777
1101,16734580,shyjin,"2026-09-25 22:42:47",2172.0,2,shyjin
1102,16669123,"Alex #2","2026-09-24 12:40:04",2172.0,2,alxdfy
1103,16731839,mamematcha,"2026-09-25 15:43:12",2171.4,2,mamematcha
1104,16689183,Hawksartelier,"2026-09-25 20:33:36",2171.4,2,satyapb2002
1105,16727745,auouer,"2026-09-26 01:06:06",2171.0,2,"auouer,guriken,hkamna,insightfulthinking"
1106,16623533,xthixsl_ml,"2026-09-25 13:57:06",2171.0,2,xthistle999
1107,16671454,Shadow,"2026-09-23 16:27:35",2170.5,2,uziahmd
1108,16717901,"Ahmed Hazem Abdeltawab","2026-09-25 21:38:57",2170.1,2,ahmedhazem23
1109,16655316,Nader,"2026-09-25 22:08:32",2169.7,2,naderamin
1110,16624893,"GURU Prasaatha S","2026-09-25 15:03:43",2169.3,2,guruprasaathas111
1111,16946519,ShimonHori,"2026-09-25 10:12:26",2169.1,2,shimonhori
1112,16869614,"Szymon Miłosz","2026-09-25 17:00:29",2169.0,2,szymonmiosz
1113,16763706,断罪の孤高の神・大宇宙草莓覇皇,"2026-09-26 03:36:19",2169.0,2,"lordofichigo,qilejiang76"
1114,16941479,karttikjangid05,"2026-09-25 18:35:48",2168.2,2,karttikjangid05
1115,16723379,local,"2026-09-23 07:32:48",2167.3,2,matteo123383iend
1116,16631752,"Junichiro Morita","2026-09-25 09:12:40",2167.2,2,junichiromorita
1117,16806862,JudyWatermelon,"2026-09-24 23:56:16",2166.7,2,judywatermelon
1118,16705431,"Thuận Đoàn Vũ","2026-09-26 00:05:08",2166.5,2,thunonv
1119,16659295,snaykey,"2026-09-25 12:20:59",2165.4,2,snaykey
1120,16682879,"Ace Team","2026-09-25 22:31:54",2165.4,2,drpatrickchan
1121,16668564,"Rikito Kanda","2026-09-25 23:57:54",2164.8,2,rikitokanda
1122,16770979,"Paulo Martins","2026-09-24 18:01:44",2164.5,2,paulomartins87
1123,16823938,InSociEUP,"2026-09-24 14:38:59",2164.4,2,santanubanerjee9
1124,16891902,Farmcore,"2026-09-25 20:32:56",2164.3,2,"betmyex,doifgoox,garifullintimur,naviniklag"
1125,16730045,渡邊征央,"2026-09-25 05:47:50",2163.9,2,undertaker3409
1126,16749079,mraz1006,"2026-09-25 15:59:34",2163.2,2,mraz1006
1127,16653093,"willam wu","2026-09-25 08:17:47",2162.8,2,biaaib
1128,16934238,"Yujin Cha","2026-09-25 11:28:57",2162.8,2,ckdbwlsdlfkdn
1129,16725899,Zhenghongshuang,"2026-09-25 15:21:43",2162.4,2,zhenghongshuang
1130,16805918,"kaito ide 31","2026-09-25 20:54:14",2161.8,2,kaitoide31
1131,16675866,DanilChil,"2026-09-25 14:06:52",2161.8,2,danilchil
1132,16911681,nena,"2026-09-25 06:42:53",2161.7,2,nena0undefined
1133,16669269,"yash bhaskar","2026-09-24 12:17:39",2161.5,2,yash9439
1134,16775190,bianfu,"2026-09-26 02:43:31",2161.4,2,bianfu
1135,16641077,lucaskna,"2026-09-25 11:11:31",2161.3,2,lucaskna
1136,16655478,Bruce,"2026-09-25 05:32:56",2161.2,2,bruceqdu
1137,16775378,TK256,"2026-09-26 02:17:57",2160.8,2,tk256ailab
1138,16784608,shawenher,"2026-09-23 17:45:03",2160.7,2,shawenher
1139,16651402,"Mille Initiate","2026-09-24 09:07:29",2159.9,2,milleinitiate
1140,16865317,"sunil kumar","2026-09-25 08:28:16",2159.8,2,sunil123kumar
1141,16671092,"tomohito shimura","2026-09-25 10:23:28",2159.3,2,tomohitoshimura
1142,16674353,"Lakshmanan R","2026-09-26 04:00:32",2158.9,2,lakshmanankumar02
1143,16842747,314?,"2026-09-24 08:51:31",2157.9,2,elshahed
1144,16943306,liminhai,"2026-09-24 11:48:51",2157.6,2,"hungry1728,liminhai,mars086,yeukwanvickyli,yuchuanzhang1202"
1145,16839983,hana87hana,"2026-09-26 00:45:14",2157.3,2,hana87hana
1146,16762248,KongKongDe,"2026-09-24 11:25:21",2156.4,2,kongkongde
1147,16740996,ikevayansky,"2026-09-26 02:33:27",2155.6,2,ikevayansky
1148,16844233,y3uanm,"2026-09-26 01:49:40",2154.8,2,"delta47x,lunpaixo,y3uanm"
1149,16761434,t07_noma,"2026-09-25 14:26:28",2154.3,2,t07noma
1150,16693431,"Yi Wang","2026-09-24 11:43:20",2153.7,2,jone520
1151,16732051,Jeryos,"2026-09-25 17:44:40",2153.1,2,joulskaf
1152,16735341,Ryui68925,"2026-09-25 10:55:38",2152.8,2,"ryui68925,uki706"
1153,16631460,Kosuke.T,"2026-09-25 09:40:42",2152.1,2,kosuke1992
1154,16784725,prairieee,"2026-09-25 04:10:42",2151.9,2,"haideptry,prairieee"
1155,16692845,"Yassine Ben Zekri","2026-09-24 21:18:48",2151.5,2,yassinebenzekri
1156,16799235,K.Piro,"2026-09-26 01:39:57",2151.5,2,agares02
1157,16882868,"Yash Mohan","2026-09-26 01:23:33",2151.4,2,yashm917
1158,16660483,TIM,"2026-09-26 02:57:59",2151.0,2,daynoryamil
1159,16878533,HayatoFujihara,"2026-09-25 16:36:59",2150.5,2,hayatofujihara
1160,16686583,techtech69,"2026-09-25 18:34:18",2150.3,2,techtech69
1161,16864113,YYC3,"2026-09-23 10:47:51",2150.2,2,icongovo
1162,16936082,"H IMedit","2026-09-24 21:37:36",2149.5,2,himedit
1163,16731940,xxxxyt,"2026-09-24 04:29:54",2149.5,2,"shengqinxi,xmxgxcs,xxxxyt"
1164,16891283,tofu1002,"2026-09-25 18:00:41",2149.0,2,tofu1002
1165,16663999,"Colton Martin","2026-09-25 00:14:19",2148.3,2,coltonmartinnn
1166,16621153,"Addison Howard (ineligible)","2026-09-25 18:41:34",2147.3,2,addisonhoward
1167,16744842,juisajdiasd,"2026-09-24 13:54:36",2147.0,2,juisajdiasd
1168,16863350,"Horatio Eversfield","2026-09-25 11:13:28",2146.7,2,horatioeversfield
1169,16741639,kirito83,"2026-09-25 06:18:26",2146.5,2,lishsh83
1170,16622420,RuiFSPinto,"2026-09-25 09:51:57",2146.4,2,ruifspinto
1171,16757064,"coke lu","2026-09-24 08:51:05",2146.4,2,cokelu
1172,16887476,"Memory Engineer","2026-09-25 14:29:12",2146.2,2,salazarslytherin
1173,16671659,Jiang,"2026-09-25 10:48:42",2146.1,2,jncq2006
1174,16756591,"Hamed Vakili","2026-09-22 03:00:11",2146.0,2,"hamedvakilit0,maryam7713"
1175,16884121,Radiant,"2026-09-25 19:21:54",2145.2,2,"dnpkkk,xxxxxx6x,y4matt"
1176,16661325,"Max Fofanov","2026-09-25 12:31:58",2144.4,2,maxfofanov
1177,16759058,Miz,"2026-09-25 16:01:02",2144.1,2,ryota040
1178,16935521,闰土和‌猹‌,"2026-09-24 13:15:12",2144.1,2,"fenghanxiang,zzh13332470923"
1179,16924407,"Laxmi Khilnani","2026-09-25 20:10:13",2143.9,2,laxmikhilnani2004
1180,16842242,"Scott Kirila","2026-09-23 23:28:00",2143.8,2,scottkirila
1181,16842786,ScotLee08,"2026-09-25 01:57:47",2143.8,2,scotlee08
1182,16827224,"[HSE Lyceum ML] zaepupno","2026-09-25 21:32:12",2143.0,2,daniilgoryushin
1183,16679214,alban,"2026-09-25 21:14:57",2142.9,2,albantiacoh
1184,16906651,Izumi_LP,"2026-09-24 08:17:44",2142.8,2,amememe
1185,16659467,AlexMoura2026,"2026-09-26 01:10:55",2142.7,2,alexmoura2023
1186,16936328,JerryChen,"2026-09-26 00:55:55",2142.4,2,horse602
1187,16630251,"Handry Novianto","2026-09-24 08:49:02",2141.2,2,handrynovianto
1188,16810171,kta_jpn,"2026-09-24 12:10:13",2140.6,2,ktajpn
1189,16930633,micro,"2026-09-25 19:10:09",2139.8,2,brucewu1200
1190,16676114,Gekkotron,"2026-09-24 13:32:38",2138.4,2,gekkotron
1191,16675684,washamba_bots,"2026-09-25 05:10:25",2138.4,2,"billygmwangi,futurecentaur,peterkibetspidey,stephanenjoki"
1192,16702975,RicardoLópez,"2026-09-26 03:50:46",2137.9,2,richi2489
1193,16667080,King-damon,"2026-09-26 01:36:52",2137.5,2,kingdamon
1194,16769116,qiuqiu,"2026-09-26 03:48:07",2137.1,2,qiuqiuh
1195,16652631,"Panagiotis Anagnostou","2026-09-25 10:06:02",2137.1,2,panosanag
1196,16623643,LiXingtao,"2026-09-25 05:17:25",2137.1,2,lixingtao123
1197,16941777,"Ziming Wu","2026-09-23 08:55:56",2137.0,2,zimingwu
1198,16806556,KyryloBakumenko,"2026-09-26 03:15:37",2136.4,2,kyrylobakumenko
1199,16671017,"Pablo César Ruíz","2026-09-24 18:21:58",2136.0,2,pcruiher08
1200,16661754,edwinis,"2026-09-25 22:35:12",2135.5,2,edwinis
1201,16634765,democatXamer,"2026-09-25 19:18:50",2135.4,2,w1326627677
1202,16768702,"Crop It Like It's Hot","2026-09-24 02:33:53",2135.4,2,"davidben10,rachel79"
1203,16664760,SN,"2026-09-25 22:07:29",2135.4,2,spirosnianiaras
1204,16906728,"Konstantin Zhar","2026-09-25 22:25:44",2135.1,2,zharkd
1205,16888794,NonCaffeine,"2026-09-25 11:30:06",2134.8,2,noncaffeine
1206,16732763,"Raihan Ramadistra","2026-09-23 14:02:52",2134.3,2,raihanramadistra
1207,16778744,"Shunsuke Hayashi","2026-09-24 22:58:54",2134.2,2,shunsukehayashi1993
1208,16814417,"Jane Street Farmers","2026-09-26 03:33:26",2134.1,2,"akamasterpiece,gianghiango,paramizodicrominique,phnhnnguyn,sebastiancooper116"
1209,16854059,"Gökmen KÜÇÜKAYDIN","2026-09-25 19:11:57",2133.3,2,gkmenkkaydin
1210,16743136,unhappy,"2026-09-23 23:21:39",2133.1,2,chenyahui123
1211,16895106,linchuhan,"2026-09-26 00:46:19",2133.0,2,linchuhan
1212,16623400,Less,"2026-09-23 04:33:03",2132.9,2,jiaoyouzhang
1213,16632262,Milkomeda,"2026-09-25 08:42:16",2132.2,2,milkomeda74583
1214,16696720,"JAZ COLD HORN","2026-09-24 03:54:02",2131.8,2,"evanmaksud,jazivxt,maulikgajera,niazmohaimanabtahi,victorhorn"
1215,16746010,"Khoi Tuan Nguyen","2026-09-23 15:06:41",2131.4,2,khoingt
1216,16652079,Infill,"2026-09-25 19:27:30",2131.2,2,infill
1217,16755203,TY0912,"2026-09-24 14:18:59",2130.4,2,samejimatink0
1218,16771394,"ZHIRUI ZHAO","2026-09-23 14:17:48",2130.2,2,"harr23,zhiruizhao"
1219,16627148,"HUNGRED XYIS","2026-09-25 09:45:58",2130.0,2,"gleny48,makarrogovik,wooler1"
1220,16858228,doubao,"2026-09-25 07:12:26",2129.9,2,"erhankangyan,yuanlili123321"
1221,16623616,nasubiman,"2026-09-25 12:44:15",2129.2,2,yousukenakamura
1222,16621515,"Alexander Gremyakov","2026-09-26 00:07:01",2128.5,2,alexandergremyakov
1223,16653927,"Fernando GH H","2026-09-24 14:51:37",2128.4,2,fernandoghh2
1224,16677518,"Khor Yin Loon","2026-09-26 01:21:52",2127.9,2,khoryinloon
1225,16755654,oQo,"2026-09-23 20:02:51",2126.1,2,oqoxodk6
1226,16811571,"Daniel Guo","2026-09-25 06:14:40",2126.0,2,denialguo
1227,16659550,"Sai Syam","2026-09-24 09:02:08",2125.8,2,saisyam
1228,16778417,"TANG BUDU 19SD195","2026-09-23 19:19:04",2125.7,2,tangbudu19sd195
1229,16751140,onick_man,"2026-09-25 07:59:20",2125.2,2,ftakahas
1230,16936688,"avinash singh","2026-09-26 00:10:39",2124.4,2,avszoom
1231,16853894,"Ilya Usmanov","2026-09-24 21:00:05",2124.3,2,"ilyausmanov,kolesnikovia,makskhan"
1232,16665357,XW,"2026-09-25 10:18:38",2124.3,2,xuewei
1233,16634462,"Yash Marathe","2026-09-23 13:27:14",2124.3,2,maratheyash
1234,16657877,zigiella,"2026-09-24 06:42:00",2124.2,2,zigiella
1235,16928466,"Diogenes's cask","2026-09-25 05:09:45",2124.1,2,diogenesscask
1236,16689741,shinamonmon,"2026-09-24 07:38:25",2123.9,2,shinamonmon
1237,16730065,Blu3s,"2026-09-25 22:08:24",2123.4,2,"atteincueo,ausrine"
1238,16823942,"jiajun chi","2026-09-25 05:33:48",2123.1,2,jiajunchi
1239,16904289,"farmer zefeng","2026-09-24 10:48:49",2122.8,2,zefengai
1240,16741527,meiyoun,"2026-09-23 14:51:46",2122.5,2,"guetsg,meiyoun,miraclehat"
1241,16738424,Yunioshi,"2026-09-25 11:45:37",2122.0,2,yunioshi
1242,16911850,Farmerjay,"2026-09-26 02:44:29",2121.7,2,officeghost
1243,16724806,rin2401,"2026-09-23 19:45:09",2121.3,2,rin2401
1244,16879185,"xuhang ren","2026-09-26 03:12:50",2121.3,2,xuhangren
1245,16660220,tomo11111,"2026-09-23 17:04:13",2120.9,2,tomo11111
1246,16671292,Yuyajk,"2026-09-24 05:39:41",2120.0,2,yuyajk
1247,16655688,"Ryan Shan","2026-09-25 22:27:11",2120.0,2,codegold
1248,16727998,hidsaito,"2026-09-25 13:15:38",2119.9,2,hidsaito
1249,16809194,Ajanraj,"2026-09-23 17:48:10",2119.8,2,ajanraj25
1250,16912988,"Roy Zhu","2026-09-22 03:55:22",2119.4,2,roy0zhu0
1251,16888260,"Ndabenhle Ngema","2026-09-25 02:15:27",2118.7,2,ndabenhlengema
1252,16888303,Satuker,"2026-09-25 18:38:18",2118.5,2,filipgaliski
1253,16647438,"Aderian Setiawan","2026-09-25 14:19:08",2118.4,2,aderiannovito
1254,16852383,"Ahmed Mostafa #2","2026-09-24 00:27:28",2117.1,2,republic966
1255,16806018,トゲアリトゲナシトゲトゲ,"2026-09-25 02:17:42",2115.8,2,togearitogenasi
1256,16756972,"Đức Hải Hà","2026-09-25 08:58:09",2115.3,2,tankinguyen
1257,16798974,huangbin,"2026-09-25 14:47:50",2115.2,2,huangbin1
1258,16644808,"Rotation Theory","2026-09-25 09:27:37",2114.4,2,mikhsank
1259,16798317,"Baran Akyıldız","2026-09-24 16:17:09",2114.2,2,baranakyldz
1260,16722399,"Meta learners","2026-09-25 19:13:15",2113.8,2,aditya2909rb
1261,16905685,小娃娃是娃娃里较小的娃娃,"2026-09-23 17:54:00",2113.8,2,xiewenwei29
1262,16657931,t-enstar,"2026-09-23 03:26:29",2113.6,2,tstustatama
1263,16795844,Azamaro,"2026-09-25 08:19:57",2113.5,2,azamaro
1264,16663632,Seho.Connect,"2026-09-26 00:15:06",2113.5,2,sehoconnect
1265,16814409,YuyaSuzuki,"2026-09-26 00:25:55",2113.3,2,yututapp
1266,16944396,Monruho,"2026-09-23 18:24:03",2113.1,2,monruho
1267,16732714,Mforg,"2026-09-25 03:26:51",2112.8,2,mforg74911
1268,16641171,"Sadettin Şamil Verdil","2026-09-25 22:12:05",2112.1,2,sadettinamilverdil
1269,16725996,MatheusPSorancoDeCarvalho,"2026-09-24 16:33:39",2111.3,2,matheussoranco
1270,16672456,hangglider5,"2026-09-24 07:49:26",2111.2,2,hangglider5
1271,16767360,"Sinh Nguyễn Đức","2026-09-23 17:39:10",2111.1,2,sinhnguync
1272,16664217,Shushantw,"2026-09-23 14:34:39",2109.6,2,shushantw
1273,16893006,"Duvor Richard","2026-09-25 14:43:58",2109.3,2,duvorrichard
1274,16842300,fanmili,"2026-09-25 06:17:16",2108.7,2,fanmili
1275,16732478,Ken_Ken_Pa,"2026-09-25 13:58:52",2108.6,2,kenkenpa
1276,16848929,"Nikoo Yu","2026-09-25 18:13:05",2107.9,2,nikooyu
1277,16836787,KSKBL,"2026-09-25 13:43:46",2107.2,2,"length1001,trafalgar1234"
1278,16863974,suteno,"2026-09-25 09:16:26",2107.1,2,sutekikano
1279,16823467,"Riki Uchida","2026-09-25 21:02:37",2107.1,2,rikiuchida
1280,16673336,honjousetuna,"2026-09-25 02:26:58",2107.0,2,honjousetuna
1281,16692185,"Xu Suyi","2026-09-25 17:19:32",2106.9,2,xuyuhaosuyi
1282,16693092,"Sell wheat everyday💨","2026-09-25 14:04:16",2106.1,2,"dzisandy,e0xextazy,liderpartiii"
1283,16743836,"Auto Fermers","2026-09-25 11:54:00",2105.7,2,"arsgorynich,artemboltaev,dmitriigluzdov"
1284,16775076,hiros,"2026-09-26 02:24:05",2105.7,2,hiroshige1
1285,16931354,snappi,"2026-09-26 00:33:20",2105.2,2,snappi
1286,16919088,M.Y.C.E.L.I.S,"2026-09-25 15:15:05",2104.9,2,johnmoncel
1287,16938431,"ADRIANO ALMEIDA","2026-09-24 00:03:40",2104.2,2,adrianoalmeidaa
1288,16773026,アルモンド,"2026-09-25 06:18:49",2103.5,2,almondman0707
1289,16931054,"Asakusa Agricultural Co., Ltd","2026-09-25 02:30:32",2103.2,2,daeyoungahn
1290,16905517,Marti,"2026-09-24 01:00:51",2101.8,2,marticn
1291,16860784,xxxx0314,"2026-09-25 18:38:05",2101.5,2,"kirklandsan,xxxx0314,yunfeiyang223"
1292,16624645,"Closed Loop","2026-09-24 01:42:33",2101.3,2,hobbisttech
1293,16786517,"Kagdew Valley_HeNU","2026-09-25 09:50:46",2101.2,2,"hongtongyi,hoshiiabc,lizhe125,ypeng1234"
1294,16717787,Bull,"2026-09-25 16:04:56",2101.0,2,welshonionman
1295,16640388,SANNNNN,"2026-09-26 01:57:08",2100.8,2,zuhairsan
1296,16675493,"Ryotaro Minato","2026-09-25 12:01:43",2100.6,2,ryotarominato
1297,16632599,HyperARC,"2026-09-25 13:46:16",2100.5,2,shadowell888
1298,16657100,"Jacky Chan","2026-09-24 23:27:04",2100.3,2,jhkchan
1299,16925699,"YOUNG CHOW","2026-09-25 08:28:38",2100.2,2,youngchow
1300,16797457,Aamod06,"2026-09-25 13:32:57",2099.7,2,aamod06
1301,16751999,"Poorna Sai Dumpa","2026-09-25 02:32:17",2099.6,2,poornasaidumpa
1302,16764089,UtaAzu,"2026-09-25 15:55:06",2098.6,2,utaazu
1303,16657152,"K S VIJAYARAAGHAVAN","2026-09-24 07:30:18",2098.5,2,"blackscythe123,ksvijayaraaghavan"
1304,16749272,giraffeneck,"2026-09-23 15:49:56",2097.8,2,yamajin
1305,16765135,neuro168,"2026-09-23 11:11:29",2096.7,2,lordmc
1306,16687159,Max64738CB,"2026-09-25 16:37:15",2096.6,2,max64738cb
1307,16942720,"Shadow Es","2026-09-25 14:51:00",2096.2,2,shadowes
1308,16634088,Jet,"2026-09-25 09:54:52",2096.2,2,drkongvis
1309,16663513,DLTLM,"2026-09-23 13:12:06",2096.0,2,"debayank2024,laveshjadon,laxmikantaroy,moumitaaaaaa,tarunraii"
1310,16847543,"Sankalp Wanjari","2026-09-26 00:33:51",2095.9,2,sankalpwanjari25
1311,16859963,LINXI,"2026-09-25 03:18:01",2094.9,2,linxii012
1312,16742149,"Ankith Savio","2026-09-25 22:13:45",2094.8,2,weedoo
1313,16663946,"Hello San Francisco","2026-09-26 02:39:20",2093.7,2,"circiumaru,dulgherustefan,radugoga"
1314,16647192,"Sailor Ren","2026-09-25 09:21:57",2092.8,2,"dongdongjiaqi,sailorren"
1315,16925842,Naoya,"2026-09-24 23:47:20",2092.8,2,takashimanaoya
1316,16629308,Sutee,"2026-09-25 13:36:43",2092.6,2,lszlst
1317,16666571,"Zhengxu Yu","2026-09-24 09:26:27",2092.5,2,zhengxuyu
1318,16717114,uninhibited-scholar,"2026-09-25 02:04:22",2091.7,2,uninhibitedscholar
1319,16948826,"Viswesh Suri","2026-09-25 22:51:00",2091.5,2,visweshsuri
1320,16732690,なーでぃー牧場,"2026-09-25 12:44:13",2091.5,2,nadyresearcher
1321,16745995,"Guido Tapia","2026-09-24 08:41:21",2091.2,2,guidotapia
1322,16939767,"Elias William","2026-09-25 06:29:39",2090.7,2,eliaswilliam
1323,16664359,Nightingale,"2026-09-25 08:33:17",2090.4,2,apilkhadka
1324,16782203,"rui xiong","2026-09-24 02:53:17",2090.0,2,xiongruihumingyu
1325,16774712,icelemon2004,"2026-09-23 18:07:47",2090.0,2,"guanghuchen,icelemon2004,mustard64"
1326,16936396,olHwHlo,"2026-09-24 05:54:32",2089.5,2,olhwhlo
1327,16925892,野獸先輩,"2026-09-22 17:10:48",2089.2,2,rayyen216
1328,16934847,yuuri,"2026-09-24 14:59:26",2088.8,2,yuuuuuuuuri
1329,16937599,"Tanampa Ampun","2026-09-24 16:17:30",2088.6,2,fathurachmadhanafi
1330,16848970,massi0411,"2026-09-25 04:07:23",2087.3,2,massi0411
1331,16947583,Koranil,"2026-09-26 02:13:01",2087.3,2,koranil
1332,16841708,toku,"2026-09-23 15:31:55",2086.9,2,tokurr
1333,16847412,SuzukiKazuma,"2026-09-26 03:59:46",2085.5,2,suzukikazuma
1334,16792568,李秉叡（ntumlnoob）,"2026-09-26 03:54:49",2085.4,2,ntumlnoob
1335,16771623,kekuru,"2026-09-24 18:12:10",2085.3,2,soyaishihara
1336,16925604,"Fritz Cremer","2026-09-25 20:50:38",2085.2,2,fritzcremer
1337,16665746,Chiranjieev,"2026-09-25 03:26:38",2084.8,2,"abhirajhiwale,amitambhore27,himanshu2605"
1338,16635340,"zhuo wamg","2026-09-25 11:55:46",2083.9,2,zhuowamg
1339,16668071,"Ali Eren Oğuztaş","2026-09-26 02:14:44",2083.7,2,alierenouzta
1340,16938955,何时成为宗师,"2026-09-23 16:09:32",2083.4,2,wowandanle
1341,16896774,EPHEMORIA,"2026-09-25 09:29:13",2082.2,2,ephemoria
1342,16668736,bhundreds,"2026-09-25 14:58:54",2081.3,2,hundreds1103
1343,16854477,"Marc Maldonado Lorca","2026-09-23 08:04:16",2080.9,2,marcmaldonado
1344,16715933,Scomics,"2026-09-24 05:25:58",2080.8,2,"bruceche7797,dongyiqun,jyxxxx"
1345,16852910,omoch1,"2026-09-25 09:35:30",2080.4,2,agecom
1346,16772204,"Hamam Ahmed","2026-09-25 00:31:05",2080.0,2,hamamelsanousi
1347,16792410,"Taewoong Kim","2026-09-25 13:04:28",2080.0,2,aleaiest
1348,16836633,Yukino487,"2026-09-24 15:28:51",2080.0,2,"xingyulll,yukino487"
1349,16895472,codeWS,"2026-09-25 11:59:13",2079.9,2,codews
1350,16662492,"Lester Leong","2026-09-24 19:29:57",2079.6,2,lesterleong
1351,16793656,王子铖,"2026-09-23 15:27:55",2079.3,2,aurantium
1352,16906012,GarbageOoze,"2026-09-24 16:48:10",2079.2,2,"garbageooze,luoruihan12"
1353,16810275,Adam,"2026-09-24 03:46:37",2079.1,2,potonglantie93
1354,16938980,24110231_pyongjoo,"2026-09-25 15:30:07",2077.9,2,assistonia
1355,16743858,kawauso9n,"2026-09-26 02:35:16",2077.8,2,kawauso9n
1356,16932996,"Francisco Angulo de Lafuente","2026-09-25 22:30:06",2077.5,2,franciscoangulo
1357,16682183,lihaha.36,"2026-09-25 13:15:02",2077.1,2,lihaha36
1358,16859034,wayg9odysseus,"2026-09-24 18:56:46",2076.9,2,wayg9odysseus
1359,16660046,"Ikki Katsuyama","2026-09-25 15:08:22",2076.4,2,kacchanwriting
1360,16658349,lingxiaojun,"2026-09-25 22:39:33",2076.4,2,lingxiaojun
1361,16757635,"Sridip Basu","2026-09-25 08:52:23",2074.4,2,sridipbasu
1362,16634312,"Linh Le","2026-09-25 01:49:09",2074.3,2,linhlethuy
1363,16625921,JinchengZhang1,"2026-09-24 03:12:13",2073.2,2,jinchengzhang1
1364,16825002,RAVEN,"2026-09-24 06:05:12",2073.0,2,silverlxt
1365,16688979,"Dhayaney Vijayan","2026-09-21 18:04:43",2072.9,2,dhayaneyvijayan
1366,16628765,"Kota Iizuka","2026-09-25 00:04:42",2072.5,2,kotaiizuka
1367,16658830,"Farhat Pachisa","2026-09-25 11:39:11",2072.1,2,farhatpachisa
1368,16718138,Haalandspring,"2026-09-25 14:08:52",2071.7,2,haalandspring
1369,16704580,"Yunho Hwang","2026-09-26 03:23:03",2071.1,2,yunhohwang
1370,16670948,wally0593,"2026-09-26 02:39:31",2070.9,2,wally0593
1371,16832555,"Yanxi Teng","2026-09-24 00:17:25",2070.3,2,yanxiteng
1372,16740161,r2singh,"2026-09-25 22:48:40",2070.0,2,ratnaraj
1373,16633853,"funny farm","2026-09-25 20:31:41",2069.8,2,"alannasibullin,alexandrutkov"
1374,16632735,"No Free Lunch, Only Melons","2026-09-24 14:02:17",2069.3,2,kawaharataishi
1375,16706222,"Xiangyu Liu","2026-09-25 00:20:15",2069.1,2,xiangyuliu007
1376,16675671,Marlubie,"2026-09-26 00:30:49",2069.1,2,kchuang
1377,16756891,T.Uehira,"2026-09-26 01:40:52",2068.8,2,tuehira
1378,16776738,"Kundan Bhaskar","2026-09-25 22:51:03",2068.6,2,kundan007
1379,16798694,물,"2026-09-25 20:51:14",2067.2,2,nintendojoa
1380,16735628,RB25det,"2026-09-25 10:40:55",2066.4,2,"perrodawn,rb25det,shinzotakayama,toranosukenoda"
1381,16736474,"Håkon Kjelseth","2026-09-23 09:18:48",2066.3,2,hkon2k
1382,16641116,"Варим сельский самогон","2026-09-25 13:41:42",2065.8,2,"andrey4522,asimandia,darksteeldragon,evgeniyveselkov,ispromashka"
1383,16890503,KevinYongxin,"2026-09-25 08:29:37",2065.5,2,yongxinkwan
1384,16670210,"Ali Alghaithi","2026-09-25 08:53:11",2065.1,2,alioman
1385,16730015,suzu10,"2026-09-26 01:42:29",2065.0,2,suzu10
1386,16623799,"Akhilesh godugu","2026-09-24 06:37:23",2064.4,2,"akhileshgodugu,ashokgodugu"
1387,16886640,holyholy,"2026-09-25 22:03:55",2064.0,2,holy5contents
1388,16941364,anto,"2026-09-25 13:32:17",2063.5,2,"yeohzhonghanervin,yueyaozzz"
1389,16653260,"Kadouci Abdelhak","2026-09-26 02:03:47",2063.4,2,kadouciabdelhak
1390,16852141,"Zhou Hengyu","2026-09-24 07:22:56",2062.9,2,zhouhengyuu
1391,16942567,MatveyVarfolomeev,"2026-09-24 21:37:58",2062.3,2,matveyvarfolomeev
1392,16734715,史永刚,"2026-09-24 01:58:08",2061.2,2,shizehao
1393,16691512,"Hongxin Su","2026-09-25 15:55:02",2060.9,2,hongxinsu
1394,16679098,"KIRTAN RUPESHBHAI BHOJANI","2026-09-24 06:02:25",2060.0,2,kitran17
1395,16758556,bpbpbpbpb,"2026-09-26 03:30:14",2059.6,2,bpbpbpbpb
1396,16904651,chenpengyu603,"2026-09-24 17:36:54",2058.7,2,chenpengyu603
1397,16859496,KTAcosmo,"2026-09-26 02:30:30",2058.0,2,ktacosmo2kag
1398,16743165,"Chiachii Liang","2026-09-26 00:01:13",2057.8,2,chiachiiliang
1399,16734914,bharat,"2026-09-25 18:08:02",2057.7,2,bharatmohan
1400,16747069,l'rug,"2026-09-25 16:10:12",2057.6,2,sdfsfsfsdf
1401,16843582,isk54_34,"2026-09-25 08:52:07",2055.8,2,isk5434
1402,16937798,"Semih Temiz","2026-09-25 22:14:38",2055.7,2,semhtemiz
1403,16660209,"Whyme Labs","2026-09-26 02:31:05",2055.4,2,whymelabs
1404,16931893,IUT_BakeNekos【化け猫】,"2026-09-25 19:38:48",2055.0,2,"didhitinahid,farhanishraqq"
1405,16624276,MKGA,"2026-09-25 16:36:53",2054.8,2,"horizen12,zejunfool"
1406,16796241,"pavan rajr","2026-09-25 13:38:14",2054.7,2,pavanrajr
1407,16627888,atl132,"2026-09-25 01:14:22",2054.6,2,atl132
1408,16923373,"kouhei mori","2026-09-23 13:22:14",2054.5,2,kouheimori
1409,16768143,KingDellaFarm,"2026-09-23 17:55:42",2054.3,2,"alessandrodestasi,disteroas"
1410,16810306,"Asy Mortenson","2026-09-25 19:53:34",2053.9,2,asymortenson
1411,16892118,DsLiner,"2026-09-25 15:12:41",2053.4,2,dsliner
1412,16728863,Irabala,"2026-09-25 12:38:28",2052.5,2,irabala1
1413,16671412,Xman,"2026-09-25 16:35:08",2051.3,2,xuanzhang001
1414,16663214,"Mathieu W","2026-09-25 07:08:13",2051.3,2,mathieuw
1415,16791977,JeremyLIU858,"2026-09-26 02:01:43",2050.4,2,jeremyliu1997
1416,16668167,sottnik,"2026-09-25 08:59:42",2050.1,2,sottnik
1417,16838479,"Sufi Afifi","2026-09-24 07:41:01",2049.8,2,emrys21
1418,16632867,"Rayk Kretzschmar","2026-09-24 23:30:25",2049.7,2,raykkretzschmar
1419,16655631,"Djamila Benchikh","2026-09-25 16:02:10",2047.9,2,djamilabenchikh
1420,16796238,"Zhongyi Dai","2026-09-26 01:16:39",2046.6,2,zhongyidai
1421,16697395,darktetradgod,"2026-09-25 15:11:22",2046.0,2,darktetradgod
1422,16846525,Dwaslaop,"2026-09-25 18:22:10",2045.4,2,"dwaslaop,haorunjia"
1423,16862044,"Toshiki Narushima","2026-09-25 13:33:58",2045.4,2,toshikinarushima
1424,16752082,"Tian hao Qing Nano7ko","2026-09-24 08:44:08",2044.5,2,tianhaoqingnano7ko
1425,16803103,hugghngkai,"2026-09-26 02:22:10",2044.1,2,hugghngkai
1426,16843082,"Mohmed Hafez","2026-09-25 18:00:10",2043.6,2,mohmedatya
1427,16736685,kentaro_kato,"2026-09-26 00:19:11",2043.6,2,kentarokato
1428,16665864,kavipavi19,"2026-09-22 10:37:14",2043.5,2,kavipavi19
1429,16847478,tokitamago,"2026-09-25 11:35:25",2042.5,2,tokitamago
1430,16874388,"Shuqi Zhang","2026-09-24 06:55:25",2041.1,2,"giadungho,sasalisa"
1431,16752740,BorisV,"2026-09-24 01:30:07",2040.4,2,bvoskresenskii
1432,16699165,lime0001,"2026-09-25 19:26:13",2039.6,2,lime0001
1433,16828705,"liama liama","2026-09-25 19:30:50",2038.8,2,liamaliama
1434,16795853,GaoKui,"2026-09-25 03:39:45",2038.7,2,gaokui
1435,16632201,neurlog,"2026-09-25 20:42:08",2038.0,2,neurlog
1436,16865949,bhaskar9221,"2026-09-25 07:05:25",2037.7,2,bhaskarkumar11
1437,16949503,"Nikita Makarov","2026-09-26 03:42:59",2037.0,2,nikimakarov
1438,16664577,a14iiiii,"2026-09-26 02:55:58",2036.9,2,a14iiiii
1439,16847247,月之光面,"2026-09-24 02:35:20",2035.7,2,cxcxcxcx
1440,16631115,prvsiyan,"2026-09-24 10:51:35",2035.4,2,prvsiyan
1441,16665331,winstonton,"2026-09-25 05:36:10",2034.4,2,winstonton
1442,16659920,vkhydras,"2026-09-25 11:45:04",2033.4,2,vickimar
1443,16633069,"Nur Srijan","2026-09-25 15:27:30",2033.3,2,nursrijan
1444,16896203,Qx_qingxi,"2026-09-26 01:56:04",2033.0,2,yongqiangtian
1445,16806053,hisatarosu,"2026-09-25 13:10:10",2032.4,2,tomako4390
1446,16775350,"Sourabh Nirwanevht","2026-09-25 17:43:26",2031.8,2,"sourabhnirwanevht,yanggod"
1447,16884467,jiangnanxn,"2026-09-23 18:43:49",2030.8,2,jiangnanxn
1448,16732129,"payne yam","2026-09-23 01:46:06",2030.2,2,payneyam
1449,16907393,Logus,"2026-09-24 08:15:27",2030.1,2,logus4704
1450,16673881,"Sebastian Johansson","2026-09-24 15:36:56",2029.6,2,sebbejohansson
1451,16844004,"Takahiro Saito","2026-09-26 01:54:49",2029.3,2,takahiro3110
1452,16936225,Holeon,"2026-09-25 09:18:55",2028.7,2,holeon
1453,16927550,User1114,"2026-09-25 13:31:02",2028.1,2,lyboihh
1454,16745059,mekduy,"2026-09-25 06:52:33",2027.9,2,mekduy
1455,16728571,hasibirok0,"2026-09-25 12:25:55",2026.8,2,hasibirok0
1456,16809294,Cherie01,"2026-09-25 16:52:25",2026.1,2,cherie01
1457,16630729,"american gothic","2026-09-25 23:50:03",2026.0,2,grennwolf
1458,16794207,AlekseiProvorov,"2026-09-25 22:26:30",2025.5,2,leoprovorov
1459,16678693,"Maher el Ouahabi","2026-09-23 14:00:03",2025.3,2,maherelouahabi
1460,16639565,yasu,"2026-09-25 20:54:00",2025.0,2,yasutakababa
1461,16731605,datatuu,"2026-09-26 03:07:50",2023.3,2,yaoguang516
1462,16730688,zy,"2026-09-26 00:56:12",2023.2,2,justforwin
1463,16852766,MCZK,"2026-09-25 04:27:58",2023.0,2,hitoshimochizuki
1464,16742369,"Ömer Faruk Yüce","2026-09-25 19:09:21",2022.9,2,merfarukyce
1465,16732696,naniwazu,"2026-09-25 23:45:36",2022.3,2,naniwazu
1466,16801171,"Asterios Terzis","2026-09-26 02:36:38",2022.2,2,asteriosterzis
1467,16748941,"We Forgot To Water","2026-09-25 21:25:00",2022.2,2,"dearkarl,shuangxue"
1468,16761875,"Eugen Nekhai","2026-09-25 21:22:11",2022.0,2,eugennekhai
1469,16633944,Toru59er,"2026-09-25 11:03:11",2021.8,2,toru59er
1470,16730578,BostonKaggle,"2026-09-25 22:17:11",2021.7,2,"isthereanycode,lynnkim0"
1471,16829239,tomfng,"2026-09-25 18:50:43",2020.2,2,tomfng
1472,16698294,"John Doe","2026-09-25 01:10:36",2020.1,2,johndoe90843
1473,16876853,PUN,"2026-09-25 17:50:06",2019.9,2,pshikk
1474,16639969,"Sheep Are All You need","2026-09-26 03:23:24",2019.7,2,aliyelbekov
1475,16728114,yu9824,"2026-09-24 16:47:05",2019.4,2,yu9824
1476,16895464,WilsonPzx,"2026-09-24 06:43:42",2019.2,2,"lirongkun,wilsonpzx"
1477,16941779,"Michael Jordan","2026-09-25 08:04:16",2018.9,2,m1chaeljordan
1478,16848063,"Yuan Weijun","2026-09-23 14:26:32",2018.9,2,yuanweijun
1479,16655277,GUAM,"2026-09-26 04:00:14",2018.8,2,"analyticaobscura,jeongminlee92,kmmmvs,wnmgrn"
1480,16658300,"Thành Toàn Vương","2026-09-23 11:25:19",2017.6,2,thnhtonvng
1481,16690923,"Maqsoud Tawaliou","2026-09-25 17:08:53",2016.9,2,maqsoudtawaliou
1482,16938859,Adequate_Echo,"2026-09-25 05:09:30",2016.2,2,adequateecho
1483,16942011,"Öylesine Yarışıyoruz","2026-09-25 14:43:54",2015.7,2,"burakemrepolat,muhammedfurkanata"
1484,16770229,"shivam kanojia","2026-09-25 16:17:49",2015.5,2,shivamkanojia1
1485,16909485,SatoGo,"2026-09-26 03:12:30",2015.4,2,satogo
1486,16660735,"Bassel Elbahnasy","2026-09-24 16:53:31",2015.4,2,basselashraf
1487,16894950,csly666,"2026-09-21 15:34:28",2015.1,2,csly666
1488,16713797,CrazyDave111,"2026-09-25 15:43:49",2014.7,2,crazydave111
1489,16717255,Ryuuga89,"2026-09-25 15:08:51",2014.5,2,ryuuga89
1490,16657277,"Dude and Destroy","2026-09-24 03:39:44",2014.3,2,raymondbrookman
1491,16738626,李BCDEFGA,"2026-09-26 00:50:41",2013.9,2,"bcdefga,fengzhaofan,quzehao12"
1492,16640467,Catalyst,"2026-09-23 09:25:57",2013.5,2,vibekaggler
1493,16661743,"Sergey Kutepov","2026-09-25 16:54:17",2013.2,2,natsyst
1494,16647607,pumpkin,"2026-09-25 09:22:32",2013.2,2,gealachpumpkin
1495,16774701,@Suzumaru_1666,"2026-09-26 03:55:21",2012.4,2,suzumaru1666
1496,16730344,lvisdd,"2026-09-25 17:30:37",2012.2,2,lvisdd
1497,16767709,"Mike Anderson","2026-09-25 16:27:48",2011.6,2,manderson240
1498,16701768,darasty,"2026-09-26 02:53:12",2011.1,2,darasty
1499,16880664,"Nodir Xamdamov","2026-09-24 16:18:54",2010.7,2,nodirxamdamov
1500,16687901,Khalid,"2026-09-26 00:39:54",2010.7,2,khalid000000
1501,16741932,"Michael Chen","2026-09-23 01:27:57",2010.2,2,fuqiangchen
1502,16697893,"YWehbe / ADIA Lab","2026-09-24 08:08:00",2009.3,2,youssefwehbe
1503,16934931,erica,"2026-09-24 22:35:11",2009.2,2,duanyong049
1504,16622376,fmind,"2026-09-26 02:03:11",2008.9,2,freaxmind
1505,16858208,linhaiy,"2026-09-23 06:54:36",2008.9,2,linhaiy
1506,16714474,"Glenn Dalbey","2026-09-23 00:15:27",2008.2,2,glenndalbey
1507,16637031,"and more","2026-09-25 07:28:43",2007.5,2,kym2022
1508,16775803,Robson,"2026-09-24 04:12:50",2007.1,2,robsonsan
1509,16696997,coolin666,"2026-09-25 18:04:35",2005.9,2,coolin666
1510,16656432,"CornHub Premium","2026-09-25 21:28:54",2005.8,2,nihilisticneuralnet
1511,16901814,pengurei,"2026-09-26 01:28:57",2005.6,2,pengurei
1512,16692956,VanKoha,"2026-09-22 15:28:57",2005.4,2,kohasama
1513,16635745,DataRockstar,"2026-09-23 18:33:49",2005.2,2,"amaropeter,jvlegend"
1514,16645703,madmax0404,"2026-09-26 00:08:13",2004.3,2,max6296
1515,16938872,ゴロ・イ,"2026-09-26 03:18:45",2004.2,2,gorubachohu
1516,16771200,DeeSaa,"2026-09-25 22:49:46",2003.8,2,deesaa
1517,16778178,kyosan,"2026-09-25 11:28:08",2003.7,2,"azizbekxasanov,dilyorbek"
1518,16626732,islet,"2026-09-26 00:08:07",2003.7,2,kojimar
1519,16809211,"Aleix López","2026-09-24 21:25:39",2003.6,2,aleixlopez
1520,16871967,"Md Arafat #2","2026-09-25 16:11:12",2003.6,2,arafat362
1521,16940453,"HIbiki Awai","2026-09-22 13:57:50",2003.3,2,hibikiawai
1522,16684093,"fog flower","2026-09-25 14:57:54",2003.0,2,"fogflower,gdz007,kitchs,xuesongyin"
1523,16673870,"Yuxiao Wang","2026-09-25 09:10:13",2002.2,2,yuxiaowangx
1524,16655150,"Benjamin H Pepper","2026-09-24 11:34:27",2002.0,2,bhpepper
1525,16930858,LIUDIZHU,"2026-09-25 20:25:23",2002.0,2,liudizhu
1526,16667951,KoRo2_JP,"2026-09-25 19:21:23",2002.0,2,koro2jp
1527,16845965,Oldplaykid,"2026-09-24 12:37:52",2001.6,2,"tonf3195,zerethon"
1528,16875984,cccyou,"2026-09-23 07:34:18",2001.2,2,cccyou
1529,16723096,Shabuuu,"2026-09-25 13:55:51",2000.6,2,shabuuu
1530,16658499,Grifun,"2026-09-25 09:06:13",2000.5,2,msingatullin
1531,16853540,WUZB,"2026-09-23 03:14:03",2000.3,2,wzhengbiao
1532,16634873,shin0000,"2026-09-24 03:07:22",1999.4,2,shin0000
1533,16888752,"edward john washins","2026-09-25 05:31:01",1999.4,2,edwardjohnwashins
1534,16738487,"Andrey Shpigar","2026-09-23 18:18:09",1999.3,2,andreyshpigar
1535,16798724,"junfan shen","2026-09-23 08:25:25",1998.8,2,junfanshen
1536,16658909,"evolve faster!","2026-09-25 16:40:00",1998.2,2,junesdata
1537,16632423,goh,"2026-09-25 08:51:35",1997.8,2,bungohatayama
1538,16727350,"T Hansda","2026-09-22 13:49:10",1997.7,2,hansda
1539,16946367,dwinging,"2026-09-23 14:07:09",1997.2,2,dwinging
1540,16918063,"Dante Lok","2026-09-24 15:34:06",1996.4,2,dantelok
1541,16758982,Boredom,"2026-09-22 17:34:35",1996.0,2,"baodewen,cudacoding,elektromagnetizm,j12345673,mikeyu2026"
1542,16859815,alcanta,"2026-09-25 00:01:26",1995.6,2,ccotiuga
1543,16622509,Ali,"2026-09-26 02:50:28",1995.0,2,asalhi
1544,16823251,"Khaled Yousef","2026-09-25 05:52:51",1994.4,2,recochet96
1545,16810595,dauriel,"2026-09-25 11:22:59",1993.9,2,"dauriel,theakshay"
1546,16760990,naren_v,"2026-09-25 03:19:18",1993.8,2,varuthakari
1547,16947886,"Rufeng Toxins","2026-09-23 14:01:48",1993.8,2,rufengtoxins
1548,16675063,"King Tian","2026-09-26 01:59:36",1993.8,2,"serven1,tianwang1210"
1549,16761652,"Dhruv #2","2026-09-23 15:49:52",1993.8,2,dhruvrama
1550,16759626,"Ghazaros Barseghyan","2026-09-25 09:15:04",1993.7,2,ghazarosbarseghyan91
1551,16765834,Oakzen,"2026-09-24 11:49:54",1993.2,2,gyx517120273
1552,16879253,Bldr2,"2026-09-25 08:16:37",1993.0,2,alphalin2010
1553,16799832,"Maman Salto","2026-09-25 03:57:41",1991.1,2,saddamaditya
1554,16699082,Sakthei,"2026-09-20 13:41:34",1990.3,2,sakthei
1555,16698688,JeremiahMannings,"2026-09-24 04:03:51",1990.2,2,jmannings
1556,16897501,"I'm Fine.","2026-09-26 03:10:36",1989.3,2,zkheart
1557,16857491,cherish_zhang,"2026-09-23 07:18:03",1989.3,2,cherishzhang
1558,16848208,"Takuto Inoue","2026-09-25 13:11:35",1989.2,2,takutoinoue
1559,16654752,Agrofitting,"2026-09-25 22:59:14",1989.2,2,"evvfebruary,vinch97"
1560,16683755,"Meng Di","2026-09-24 23:38:24",1988.1,2,hughshaoqz
1561,16872211,"Artem Bakalinskiy","2026-09-25 09:15:35",1987.6,2,artembakalinskiy
1562,16794167,"Daniel Mineev","2026-09-25 17:50:23",1987.0,2,nilpotent1
1563,16709463,MKhlystun,"2026-09-26 02:38:38",1986.7,2,mkhlystun
1564,16716317,yzyhello,"2026-09-23 03:05:32",1986.2,2,"dalll77,yzyhello"
1565,16625220,thisray,"2026-09-26 02:12:06",1985.6,2,thisray
1566,16811251,poijio,"2026-09-24 18:46:58",1985.3,2,poijio
1567,16762926,"Ricky RTG","2026-09-24 02:48:42",1984.9,2,rickyrtg
1568,16806141,rode1234,"2026-09-26 02:24:59",1984.8,2,rode1234
1569,16660601,"Rabbiya affan","2026-09-25 07:46:27",1984.0,2,rabbiyaaffan
1570,16946537,"Roustoum Abdel Moula","2026-09-23 09:34:04",1983.9,1,roustoumabdelmoula
1571,16922832,"Zhang Feifan","2026-09-25 08:34:36",1983.7,2,zhangfeifan
1572,16645203,easonyanyan,"2026-09-26 03:59:32",1983.7,2,easonyanyan
1573,16914287,"Vinzi Leo","2026-09-23 02:31:46",1983.5,2,vinzileo
1574,16740263,"Scott Weeden","2026-09-26 03:31:55",1982.3,2,scottweeden
1575,16738759,YJR,"2026-09-26 02:21:04",1981.8,2,misakamikoto66
1576,16909097,"Yaoxiang Li","2026-09-26 01:53:33",1981.4,2,lzyacht
1577,16658038,Khanh,"2026-09-25 15:24:53",1979.5,2,khanhp142
1578,16659715,masb,"2026-09-23 08:14:28",1979.2,2,affansaied
1579,16623515,"Apple Joy","2026-09-23 05:27:00",1979.1,2,"cqput640,fishcat37,sdq2237"
1580,16641348,wata,"2026-09-26 00:03:22",1978.6,2,iwatahiroki
1581,16783740,ZiYiMing,"2026-09-24 11:53:34",1978.3,2,"kaibozhou,ziyiming"
1582,16867601,tadashikato,"2026-09-26 03:51:56",1978.3,2,tadashikato
1583,16928701,gt50,"2026-09-25 16:11:19",1978.2,2,shawnqjackson
1584,16668227,Yusuraume,"2026-09-26 02:10:21",1978.1,2,sugitatomohiko
1585,16806376,pardival,"2026-09-24 12:30:36",1976.7,2,pardival
1586,16635351,AAAMIKASA,"2026-09-22 15:04:54",1976.6,2,aaamikasa
1587,16810078,Sam-wiz,"2026-09-25 21:18:43",1976.3,2,samwiz
1588,16835029,先过我的Gemini,"2026-09-26 03:47:37",1975.6,2,"gutssss,hangzheng1,ppsshh123"
1589,16696762,SOSyuki,"2026-09-22 01:32:23",1975.5,2,sosyuki
1590,16685743,"Alex Oranov","2026-09-25 09:46:36",1974.9,2,aoranov
1591,16758895,daphne,"2026-09-26 02:00:08",1974.0,2,daphne4sg
1592,16932323,Matt,"2026-09-25 00:11:38",1973.6,2,mclouter
1593,16622422,ss,"2026-09-23 06:37:19",1973.3,2,forest2026
1594,16682843,underline12311,"2026-09-23 04:27:15",1972.9,2,underline12311
1595,16749435,SGY2512,"2026-09-24 18:19:29",1972.0,2,sgy2512
1596,16855214,"Kazumi Sakamaki","2026-09-24 00:26:27",1971.5,2,hatimitusiropp
1597,16634803,hongzhouzhou,"2026-09-26 02:09:48",1971.0,2,afterrain42
1598,16774075,"Mohammad Yaser Hussain","2026-09-24 11:10:55",1970.9,2,mohammadyaserhussain
1599,16718649,"Zakaria Aala","2026-09-25 21:54:18",1970.8,2,zlordgrim
1600,16661737,"Márcio Santos","2026-09-25 15:39:37",1970.7,2,mos3santos
1601,16839422,Serendipity,"2026-09-25 07:22:17",1970.6,2,stringyixuxi
1602,16839458,"Agent 0","2026-09-22 20:06:21",1970.3,2,agent0
1603,16935594,"wenya hao","2026-09-25 21:27:29",1969.9,2,wenyahao
1604,16763767,"Carson Zhang","2026-09-22 22:21:32",1969.3,2,zmcddn
1605,16936848,spy007,"2026-09-24 11:46:46",1968.8,2,"py1603300133,syhsyh123"
1606,16899084,"Asan Ashirov","2026-09-22 16:32:11",1968.1,2,asanashirov
1607,16672251,"Kavinkumar M","2026-09-24 08:55:49",1966.9,2,kavinkumarrkm
1608,16793427,wuwuwu,"2026-09-23 10:35:31",1966.4,2,wu1570
1609,16623381,cocoaAI,"2026-09-25 14:18:01",1966.0,2,cocoaai
1610,16944065,"Wael El Ghazzawi","2026-09-22 23:05:10",1965.8,1,waelelghazzawi
1611,16695567,tera358,"2026-09-23 10:06:29",1965.6,2,tera358
1612,16936519,Found,"2026-09-25 18:01:17",1965.6,2,seventeennine
1613,16843203,"Liyi xin jie","2026-09-25 04:29:21",1965.1,2,liyixinjie
1614,16793396,...,"2026-09-23 13:22:43",1964.7,2,shackles6966
1615,16751411,"lamb Liu","2026-09-25 13:57:23",1964.5,2,liuxiaohua72
1616,16879636,aaaaLiu123,"2026-09-26 01:25:13",1964.2,2,aaaaliu123
1617,16701728,"katya barzova","2026-09-25 19:50:17",1963.9,2,"harlenka,nipah1,sigmaborov"
1618,16880694,yuxian6666,"2026-09-23 13:00:16",1963.6,2,yuxian6666
1619,16921163,"Sam StSt","2026-09-22 06:30:05",1962.7,2,samstst
1620,16859473,wakaka,"2026-09-24 01:34:03",1962.5,2,bernicerobinson
1621,16757253,ZEE,"2026-09-25 01:45:05",1962.4,2,randyzhang666
1622,16742183,alessandrozonta,"2026-09-23 07:46:51",1962.3,2,azonta
1623,16761744,"Daiki Takahashi","2026-09-23 08:45:23",1961.8,2,daikitakahashi
1624,16709809,RiyaSoni20,"2026-09-25 13:21:01",1961.6,2,"riyasoni20,rudraamin06"
1625,16843864,IkeKodd,"2026-09-22 12:16:03",1961.2,2,"ikekodd,pinluk"
1626,16657093,"sixer srinath","2026-09-25 12:04:10",1960.9,2,srinath2495
1627,16663175,Anaconda,"2026-09-26 00:09:51",1960.9,2,anaconda
1628,16858207,"David Wang","2026-09-23 02:44:56",1960.7,2,renew66
1629,16690500,Mr.NoT_GaMeR,"2026-09-24 05:13:11",1960.6,2,joshdilipkumarpatel
1630,16785483,xiongrui666,"2026-09-23 01:45:19",1960.4,2,xiongrui666
1631,16735794,宗宗没有英文名,"2026-09-24 03:17:37",1960.2,2,iver666
1632,16813899,blueshine,"2026-09-25 16:35:44",1960.2,2,minagawateru
1633,16696743,"wennan cao","2026-09-26 03:31:10",1960.0,2,wennancao
1634,16917149,beastars,"2026-09-25 22:49:43",1959.3,2,"doorknob881,ohyabuddy,vickylinvicky"
1635,16866549,"Roman Nesterov","2026-09-25 11:21:34",1958.8,2,romanest
1636,16726915,"인공저능연구소( Artificial Idiocy Lab )","2026-09-26 01:54:43",1958.5,2,megayak
1637,16730728,"Le Trong Hieu","2026-09-25 14:23:26",1958.5,2,backtracking
1638,16730462,XTang,"2026-09-23 04:47:53",1957.7,2,flyonthewater
1639,16667767,t3l3kin3sis,"2026-09-25 11:39:32",1957.6,2,"daffafariq,hashmatzamaryali,malsabbagh05"
1640,16719451,"Syed Toubur","2026-09-23 07:12:40",1957.1,2,syedtoubur
1641,16658365,OnlyFarms,"2026-09-24 00:21:16",1956.9,2,hoowoo
1642,16706410,lixiaoxin25,"2026-09-25 07:20:08",1956.8,2,lixiaoxin25
1643,16891115,tkm7510,"2026-09-26 02:22:37",1956.2,2,tkm7510
1644,16746599,Borrun,"2026-09-22 05:23:12",1956.1,2,borrun
1645,16763274,vinceybb,"2026-09-22 10:06:37",1955.8,2,vinceybb
1646,16656011,"Jiashun Tan","2026-09-24 01:40:53",1954.4,2,jiashuntan
1647,16838312,macaron,"2026-09-24 05:32:31",1954.3,2,hayatotech
1648,16640873,"Takumu Hata","2026-09-24 14:09:38",1954.2,2,takumuhata
1649,16740419,IamDiganta.7,"2026-09-26 01:44:55",1954.1,2,iamdiganta7
1650,16777767,"Miyanogawa Yuya","2026-09-23 07:08:23",1953.9,2,veritalogos
1651,16661708,"Stanley Honkpehedji","2026-09-25 08:23:42",1953.9,2,stanleyhonkpehedji
1652,16671012,"Sean Zhang","2026-09-24 01:00:58",1953.8,2,seanzhang2445
1653,16847706,takumina,"2026-09-24 18:24:59",1953.7,2,takuminakamatsu
1654,16678061,"Sushanth Tiruvaipati","2026-09-25 06:33:19",1953.5,2,sushanthtiruvaipati
1655,16907326,"julien gaza","2026-09-26 03:56:45",1953.4,2,juliengaza
1656,16863383,HanFish,"2026-09-26 03:51:10",1953.0,2,hananfish
1657,16736124,GIN,"2026-09-23 06:57:33",1952.4,2,runjinzhang
1658,16742684,Inzilbêth,"2026-09-24 06:24:15",1952.2,2,inzilbth
1659,16734803,guoziyi123456,"2026-09-23 00:17:46",1951.9,2,"ax1lec,guoziyi123456,linhexlu,xuanzhechen"
1660,16772808,lucataco,"2026-09-25 22:26:28",1951.9,2,lucataco
1661,16861903,iwa,"2026-09-23 09:53:06",1951.5,2,ichiko
1662,16687824,"André Dkw","2026-09-24 21:05:42",1951.5,2,andrdkw
1663,16904371,Makhmudov_1602,"2026-09-22 10:40:41",1951.4,2,makhmudov1602
1664,16734435,Economist,"2026-09-26 02:56:15",1950.8,2,jtheyogi
1665,16665129,Doom,"2026-09-25 18:39:32",1950.2,2,"mr6436,sanskaarundale"
1666,16641138,"Bharath Varma","2026-09-25 18:55:43",1950.1,2,bharath111l
1667,16845713,"qweq asd","2026-09-24 08:12:48",1949.3,2,qweqasd
1668,16848217,"Yang Bai","2026-09-23 11:23:39",1948.9,2,jackelysia
1669,16658665,ChandramouliNagasundaram,"2026-09-25 19:09:40",1948.2,2,"enginegeneral,mouliindian"
1670,16888093,"Alejandro Izaguirre","2026-09-24 20:35:33",1946.6,2,alejandroizag
1671,16676336,lemon13418,"2026-09-23 00:05:09",1946.1,2,lemon13418
1672,16662121,One-For-All,"2026-09-26 01:56:52",1945.9,2,"akankshatiwari2803,indarkarhana"
1673,16876706,"zijun zhang","2026-09-23 16:15:50",1945.7,2,kongmu0503
1674,16795698,ml_gg,"2026-09-25 17:59:14",1945.2,2,ramnarayanchoudhary
1675,16731911,"liu bo","2026-09-25 14:05:21",1944.6,2,liuboo45586
1676,16674831,"nk for work","2026-09-24 22:34:53",1944.4,2,nkforwork
1677,16656143,"Debanshu Mallick","2026-09-22 10:58:42",1943.5,2,debanshumallickiisc
1678,16880437,doublek,"2026-09-23 04:41:37",1943.0,2,doublek
1679,16632304,"Masataka Suzuki","2026-09-25 17:14:34",1942.6,2,masatakasuzuki
1680,16737237,"Ayodeji Adesegun","2026-09-25 14:47:33",1942.3,2,ayodejiadesegun
1681,16927137,"Hibachi Fried Rice","2026-09-26 02:22:27",1941.9,2,samvalladares
1682,16846857,"Tomohiro Nagai","2026-09-26 02:54:07",1941.5,2,tomohironagai
1683,16801457," Banned My Account","2026-09-23 06:52:31",1941.2,2,subaru486
1684,16789990,SA,"2026-09-25 16:21:06",1941.2,2,soheiarisaka
1685,16684994,TKNP,"2026-09-25 14:24:21",1940.9,2,"justnik77,katasonoveugene,romankatasonov,sergey140146659"
1686,16674526,"Imdadul hasan hamim","2026-09-22 08:06:03",1940.6,2,imdadulhasanhamim
1687,16931127,taipen,"2026-09-23 01:28:43",1940.0,2,pankhuri001
1688,16639507,Homii_N,"2026-09-23 00:41:19",1939.3,2,homeshwarrao
1689,16851853,tryagain123,"2026-09-24 16:06:12",1938.7,2,lanqingsong123
1690,16726547,"Ezra Kho","2026-09-26 00:01:56",1938.3,2,ezrakho
1691,16935813,MINGHUN,"2026-09-25 08:18:40",1938.0,2,"aiwuhui,jiyuhao1213"
1692,16729130,KoshinM,"2026-09-23 05:01:43",1938.0,2,koshinm
1693,16647324,GG-bond,"2026-09-24 09:36:10",1937.7,2,wyhwyh123
1694,16818194,sugiharahara,"2026-09-24 15:33:48",1937.1,1,sugiharahara
1695,16841663,"Ryosei Hara","2026-09-25 13:59:01",1936.9,2,ryhara
1696,16863329,"Alvaro Mendizabal","2026-09-24 04:31:28",1936.7,2,alvaromendizabal
1697,16846963,成吉思汗,"2026-09-24 02:52:08",1936.6,2,jddhhdh
1698,16639550,data_gardening_club,"2026-09-25 22:29:50",1935.6,2,"hideyochiba,mitsuaccessjam"
1699,16824664,wozijishuode,"2026-09-25 14:30:30",1934.7,2,jamsubmarines
1700,16765601,"Dinesh Makireddy 7389","2026-09-25 18:08:48",1932.1,2,dineshmakireddy7389
1701,16935983,"Anas Zewail","2026-09-22 16:30:50",1931.0,2,anashanyzewail
1702,16643453,Haumea,"2026-09-24 12:21:06",1930.9,2,chaitanyagullapalli
1703,16944349,m_meles,"2026-09-23 16:04:45",1930.2,2,mmeles
1704,16657728,"T Soo","2026-09-24 07:43:09",1929.2,2,ttgrcgrc
1705,16750268,"Harris Bashir","2026-09-25 20:52:15",1928.8,2,harrisbashir
1706,16855295,zhudong1949,"2026-09-24 15:21:27",1928.7,2,zhudong1949
1707,16919615,AcidicBlaster,"2026-09-21 10:37:49",1928.5,2,adityamurugesh
1708,16886856,爱上帝的小熊猫,"2026-09-23 04:30:55",1928.5,2,xuefengxie
1709,16704818,probably6767,"2026-09-26 00:31:26",1927.1,2,probably6767
1710,16662684,"Harshini Reddy","2026-09-25 13:56:07",1927.0,2,luffyh04
1711,16692895,Manuf,"2026-09-25 13:01:40",1926.9,2,manuelferromorales
1712,16938244,"Yeashu Semwal","2026-09-24 03:55:05",1926.6,2,yeashusemwal
1713,16646318,TeamNexus,"2026-09-24 14:00:23",1926.1,2,chrisopherjoshy
1714,16778627,LXZ538,"2026-09-24 07:27:22",1925.2,2,lxz538
1715,16905426,futabato,"2026-09-24 12:09:32",1925.1,2,futabato
1716,16794753,"Yan #2","2026-09-24 11:51:03",1923.9,2,diskya
1717,16707547,Lin,"2026-09-24 07:52:17",1923.5,2,linjianrong
1718,16771456,"Tianrun Liao","2026-09-25 10:56:26",1923.4,2,tianrunliao1
1719,16693342,takemo,"2026-09-25 22:42:36",1922.9,2,takemoriyuto
1720,16723893,iring58,"2026-09-22 04:03:15",1922.2,2,iring58
1721,16824931,Magniverko,"2026-09-26 03:10:56",1921.4,2,huangyingkun
1722,16640472,"Vsevolod Rakita","2026-09-22 05:31:51",1920.5,2,vsevolodrakita
1723,16802505,daviondk,"2026-09-25 15:55:45",1920.1,2,daviondk
1724,16732156,"Ца-ри-ца по-лей, ку-ку-ру-за!","2026-09-23 18:23:49",1919.8,2,samvelkoch
1725,16807538,Asterope,"2026-09-23 08:04:06",1919.3,2,jianlee0
1726,16621294,dpquoc,"2026-09-24 04:40:59",1918.7,2,dpquoc
1727,16762935,"ibr mo sal","2026-09-25 08:20:45",1918.5,2,ibrmosal
1728,16736931,"Sergei Fironov","2026-09-25 14:06:23",1918.4,2,sergeifironov
1729,16786595,"dbvz sbsbs","2026-09-26 03:24:49",1918.2,2,dbvzsbsbs
1730,16756492,satokato,"2026-09-25 04:44:05",1918.1,2,satokato
1731,16928213,橋本真旺,"2026-09-22 16:37:33",1917.4,2,mao925
1732,16936542,"Lee Velon","2026-09-23 05:30:12",1917.1,2,leevelon
1733,16697229,"Masashi Nishimoto","2026-09-25 18:58:49",1916.7,2,masashinishimoto
1734,16651695,"Fried Chicken Lovers","2026-09-25 17:07:46",1916.7,2,"gwey1025,koushikrudra,kragglenote2forwork"
1735,16919030,"wenzhi liu","2026-09-23 03:25:11",1916.5,2,liuwenzhi
1736,16749257,rsraki,"2026-09-25 16:18:39",1915.3,2,rsraki
1737,16769234,"Akshar #2","2026-09-23 17:16:50",1915.3,2,"aksharzala,therishitaggarwal"
1738,16644229,"Amy Yuan","2026-09-25 08:08:13",1915.1,2,cozytato
1739,16644480,"Umut Keltek","2026-09-23 19:23:59",1915.1,2,umutkeltek
1740,16728708,"Rishi Jain","2026-09-25 19:29:04",1915.1,2,rishijain07
1741,16671088,jasonstillchasin,"2026-09-26 00:31:20",1914.7,2,jasonstillchasin
1742,16857505,"DL Loz","2026-09-22 01:46:50",1914.5,2,"dllogic,hanleileo,lawjkj,mragentrrr"
1743,16682867,sneaky6767,"2026-09-26 00:31:32",1914.0,2,sneaky6767
1744,16871584,xder,"2026-09-25 10:19:14",1913.4,2,xderyeke393
1745,16796901,hanhan761,"2026-09-24 03:05:34",1913.2,2,"hanhan761,kiivii,noice12138,xiaobai0417"
1746,16698206,"Bark at the Barnyard","2026-09-26 03:16:42",1913.0,2,mming0430
1747,16845736,Gio,"2026-09-23 20:23:43",1912.6,2,giovanizanfra
1748,16657796,"parv goyal2","2026-09-25 21:18:07",1912.4,2,parvgoyal2
1749,16671376,Lebxgue.,"2026-09-25 16:19:01",1912.4,2,yukieja
1750,16842093,aether74,"2026-09-24 02:23:54",1912.1,2,aether74
1751,16936346,"Han Zhou","2026-09-22 00:51:30",1911.8,2,hanzhou445
1752,16915663,Wlemalin,"2026-09-23 15:16:20",1911.0,2,wlemalin
1753,16705139,gogogo,"2026-09-25 23:59:40",1910.9,2,huzech
1754,16756153,"🪏Harvest Moon","2026-09-25 06:46:13",1910.9,2,"bbrage,bobmyersthesecond,wguesdon,yutomuroshima"
1755,16664573,AdhithyaRokhith,"2026-09-25 17:29:38",1910.7,2,adhithyarokhith
1756,16882140,"jiang luo1021","2026-09-22 04:38:28",1910.3,2,"jiangluo1021,shangzhongxia"
1757,16718033,TheMightiestMan,"2026-09-25 16:48:42",1909.2,2,themightiestman
1758,16765233,Shun,"2026-09-24 04:56:58",1908.8,2,shunchan0677
1759,16681116,Kagamihara,"2026-09-26 01:45:41",1908.7,2,kagamihara
1760,16762195,eliasruntime,"2026-09-24 20:15:23",1907.7,2,eliasruntime
1761,16930996,"ROGER REN","2026-09-23 08:01:24",1907.4,2,rogerrenruben
1762,16892257,ShadowMist01,"2026-09-26 03:13:25",1907.0,2,shadowmist01
1763,16736632,Leo,"2026-09-25 11:20:07",1907.0,2,huangkx666
1764,16778707,momohuhu_kkkkkarrot,"2026-09-24 01:25:18",1906.8,2,kjy666
1765,16785753,"Mizero Lucky Gall","2026-09-25 20:00:58",1906.4,2,mizeroluckygall
1766,16734551,"junseok lee","2026-09-21 21:25:20",1905.4,2,jaslee2
1767,16675344,PP_Azalearn,"2026-09-26 04:00:38",1905.4,2,"androidss,keitookamoto,pptakehirokawada"
1768,16784420,renyxin,"2026-09-24 16:13:14",1904.0,2,renyxin
1769,16655190,"Will Rice","2026-09-25 20:22:56",1904.0,2,willrice
1770,16923217,kou,"2026-09-20 20:09:04",1902.9,2,yuu111111111
1771,16677855,Mehrdad_LU,"2026-09-22 20:50:28",1902.8,2,mehrdadal2023
1772,16749061,"Wang H2O","2026-09-23 03:58:50",1902.1,2,wangh2o
1773,16745138,yok,"2026-09-25 13:39:36",1902.0,2,yokoinaba
1774,16944820,Nikouo,"2026-09-25 06:20:36",1900.0,2,nikouo
1775,16770832,"Harish Yadav","2026-09-24 11:57:04",1900.0,2,harishyadav0506
1776,16623071,"Santiago Maniches","2026-09-22 13:44:33",1899.2,2,santmani
1777,16880830,Piyorin,"2026-09-25 14:15:11",1899.2,2,mystakhs
1778,16664487,houlidai-jiekiulai,"2026-09-25 03:11:28",1898.1,2,houlidaijiekiulai
1779,16677847,ShiviWhivi,"2026-09-22 02:15:51",1898.1,2,blackpearls1
1780,16876344,Hyunwoo_Park,"2026-09-26 03:05:53",1897.9,2,uts3125014010829
1781,16660485,tablecables,"2026-09-25 20:07:51",1895.9,2,colingaffney1
1782,16712863,ominteam,"2026-09-25 07:03:21",1895.2,2,"luantony,suruikk"
1783,16783870,malaxg,"2026-09-23 08:04:19",1895.0,2,guoyixian2
1784,16848297,chacha260,"2026-09-23 02:18:18",1895.0,2,chacha260
1785,16635969,"Omkar Kadam","2026-09-25 14:37:59",1894.0,2,"itzzomkar,khanayanayub,princypaonam"
1786,16882746,yuiop!,"2026-09-24 22:09:05",1893.4,2,yuiopy
1787,16654332,"Borys Tymchenko","2026-09-25 07:10:49",1892.0,2,spsancti
1788,16921670,giyogoioが相手の農地を燃やします,"2026-09-23 17:30:47",1891.9,2,"giyogoiohlrlqll,k256net"
1789,16681848,Haraguchi-T,"2026-09-23 15:07:53",1891.3,2,haraguchit
1790,16662946,uzair,"2026-09-25 17:57:09",1891.1,2,quantumcurator
1791,16641893,"Kashyapsinh gohil","2026-09-25 14:46:10",1889.6,2,kashyapsinhgohil
1792,16809332,"ansheng jhang","2026-09-23 08:52:27",1888.8,2,anshengjhang
1793,16638804,"Anhad Mahajan","2026-09-25 11:05:20",1888.8,2,anhadmahajan06
1794,16774141,Radiance,"2026-09-21 14:11:32",1888.2,2,"evelyn3976,wangyi01"
1795,16682514,"Pavel Pavlov","2026-09-25 13:16:01",1888.2,2,akakii
1796,16738822,shakedamo0w0,"2026-09-22 09:54:35",1887.9,2,shakedamo0w0
1797,16932850,"Amir Ghazi","2026-09-25 22:33:07",1887.7,1,amirghazi
1798,16763375,Makus,"2026-09-22 13:33:25",1887.4,2,alexmartinez75
1799,16924529,dacheah,"2026-09-24 12:40:10",1887.1,2,dacheah
1800,16943033,BobChuckyJoe,"2026-09-24 05:07:19",1886.7,2,bobchuckyjoe
1801,16624571,"Baidalin Adilzhan [dsml.kz]","2026-09-25 17:14:40",1886.2,2,"baidalinadilzhan,qasminumber,zelza0"
1802,16671607,"Chanhyuk Han","2026-09-23 08:38:04",1885.7,2,chanhyukhan
1803,16634432,KARGI,"2026-09-25 19:47:01",1885.3,2,learningkin
1804,16891911,N_noa21,"2026-09-24 11:49:18",1885.0,2,nnoa21
1805,16815132,"Duc-Anh Nguyen","2026-09-25 11:05:17",1884.2,2,valentinonguyen
1806,16878026,yamazaking,"2026-09-23 13:12:11",1884.0,2,zacky21
1807,16841826,抵扣豆浆,"2026-09-21 03:20:47",1883.8,2,tootough
1808,16779451,kibuna,"2026-09-23 12:31:08",1883.3,2,kibuna
1809,16655704,heinado,"2026-09-22 12:43:47",1882.8,2,heinado
1810,16854074,yudai_000111,"2026-09-24 12:02:57",1882.7,2,yudai000111
1811,16655912,sssskilo,"2026-09-23 08:27:03",1882.4,2,wellkilo
1812,16623897,satoooh,"2026-09-22 07:30:07",1882.1,2,satoooh
1813,16848588,"vibe coders","2026-09-25 19:53:23",1882.0,2,"caando,sheryllynntan"
1814,16860071,TOSS,"2026-09-22 20:52:48",1881.4,2,toshikawa80
1815,16941692,twotodevnull,"2026-09-24 15:14:32",1881.1,2,twotodevnull
1816,16881512,"Asem Adnan","2026-09-24 10:30:05",1880.7,2,asemadnan
1817,16671767,Kaileh57,"2026-09-24 15:27:08",1879.7,2,kaileh57
1818,16809323,"Naoki Yamada","2026-09-23 14:17:01",1878.7,1,naokiyamada1106
1819,16806346,"Mike chen666","2026-09-22 03:28:59",1878.1,2,"mikechen666,tiffanyjade"
1820,16886627,caintly,"2026-09-24 15:24:25",1878.0,2,eyesad
1821,16673109,"Surya Bhattiprol","2026-09-26 02:07:13",1876.8,2,suryabhattiprol01
1822,16843221,refine123,"2026-09-25 13:34:51",1876.8,2,refine123
1823,16889597," Master Bob111","2026-09-23 04:32:14",1876.2,2,masterbob111
1824,16653828,Boltuzamaki,"2026-09-21 09:13:57",1875.6,2,boltuzamaki
1825,16685982,Snorf,"2026-09-25 15:34:17",1875.6,2,snorfyang
1826,16679688,"Sathwik Chinthakayala","2026-09-26 03:20:58",1875.3,2,sathwikchinthakayala
1827,16858986,kam,"2026-09-24 07:21:27",1875.3,2,kotakambayashi
1828,16880278,Kaggria,"2026-09-25 20:30:21",1875.2,2,"andyzhenlee,jiayi2627,mingyuechu,zhaoliangyuan"
1829,16683808,RuggedBones,"2026-09-22 17:38:06",1874.8,2,ruggedbones
1830,16721248,"Raef Guizani","2026-09-22 08:25:43",1874.8,2,raefguizani
1831,16680690,MYOUCER,"2026-09-24 01:40:19",1874.2,2,myoucer
1832,16852049,Tremble,"2026-09-22 02:07:51",1873.8,2,"aimeechen1,haoxuanwang12366,junsongzhang,qiyaoxu,yifuandonlyyifu"
1833,16658677,大山,"2026-09-24 02:51:50",1872.9,2,mapodoufu
1834,16917715,Jacker_Du,"2026-09-24 02:28:54",1872.8,2,"jackerdu,pinjiewang,sunjiadong12,sunruiwang"
1835,16875653,xuzenkun,"2026-09-22 03:42:07",1872.7,2,xuzenkun
1836,16768104,"Ivan Aleksandrov","2026-09-25 21:12:28",1871.4,2,ivanblch
1837,16861805,farmer-kuni,"2026-09-23 07:28:14",1871.4,2,kuni05
1838,16741096,"Yohanes Lengkong","2026-09-26 02:38:11",1870.6,2,yohanesfc
1839,16931975,loki005,"2026-09-25 21:08:15",1870.3,2,loki005
1840,16772391,"Jinhan Gao","2026-09-22 19:06:07",1869.8,2,jinhangao
1841,16725856,"Abhi Datta","2026-09-25 17:04:03",1869.4,2,abhidatta87
1842,16849330,"Ian Wang","2026-09-23 12:15:26",1868.4,2,ianwang1204
1843,16806219,"Yiwei Pu","2026-09-22 01:59:54",1868.0,2,"lvyihan1210,raven20010261,yiweipu"
1844,16915571,"jay tsang","2026-09-25 14:57:00",1867.7,2,jaytsang
1845,16779388,"Mohammad Alnajdawi","2026-09-23 11:40:29",1867.6,2,mohammadalnajdawi
1846,16655567,Heisnotanimposter,"2026-09-22 04:52:39",1867.5,2,test013
1847,16735232,"Johnson Chishimba","2026-09-22 05:41:07",1867.0,2,johnsonchishimba
1848,16887631,"Wills Cui","2026-09-22 05:47:39",1866.4,2,willscui
1849,16679389,"JOMIN URK21CS1077","2026-09-24 08:42:45",1866.3,2,jominurk21cs1077
1850,16656337,"Prashant Kikani","2026-09-26 03:09:06",1864.9,2,prashantkikani
1851,16676904,researchstudio.site,"2026-09-23 10:12:32",1864.7,2,fistyee
1852,16890118,chiikavyshy,"2026-09-22 08:05:07",1864.3,2,"marynaborovska,yuriygreben"
1853,16760244,"Alex Paul","2026-09-26 02:13:47",1863.4,2,alexazander
1854,16855992,"Vanshika #2","2026-09-22 05:15:19",1862.5,2,crystalbaby
1855,16710140,Lynxx,"2026-09-24 14:46:44",1862.0,2,lynnsakurai
1856,16935319,"Adrian Phillips","2026-09-23 06:52:14",1861.9,2,adrianphillips00
1857,16945301,QQQXXX123,"2026-09-25 03:36:03",1861.9,2,qqqxxx123
1858,16842183,"Sumukh M G","2026-09-25 03:33:11",1861.9,2,sumukhmg35
1859,16674451,NycteacoBa,"2026-09-25 09:04:40",1861.6,2,nycteaowl
1860,16838362,"Yixuan Yang","2026-09-21 18:31:24",1861.1,2,easoney
1861,16811920,"MINGXI LIU","2026-09-18 04:59:30",1860.9,2,wang5630900
1862,16794527,linyifangzhenshuai,"2026-09-24 07:14:26",1860.7,2,linyifangzhenshuai
1863,16898651,Kitsune0o,"2026-09-25 12:33:32",1860.6,2,theodaimones888
1864,16723318,グレイラットルーデウス,"2026-09-22 07:27:17",1860.3,2,rudeus666
1865,16747982,"Affriza Wildan Fauzan","2026-09-25 18:45:52",1859.9,2,affrizawildanfauzan
1866,16931056,zhangsan1224789,"2026-09-23 14:05:54",1859.9,2,zhangsan1224789
1867,16914801,milkdragon,"2026-09-25 08:09:52",1859.5,2,hhhhhhyc
1868,16667020,SCLim2022080004,"2026-09-22 03:18:23",1859.0,2,sclim2022080004
1869,16714166,"Naman Malik","2026-09-23 00:11:25",1858.5,2,"adenijielijah,anapau11,marydata,namanmalik81714"
1870,16741672,张菠,"2026-09-22 03:23:37",1858.4,2,ysqdababa
1871,16898090,"Zbigniew Kirchner","2026-09-24 15:52:26",1857.2,2,zbigniewkirchner
1872,16908403,"Stepan Ivanov","2026-09-25 14:31:15",1856.8,2,stepanivanov233
1873,16768650,ifarm,"2026-09-23 08:48:33",1856.5,2,sericsheon
1874,16779598,RiverStead,"2026-09-24 14:28:38",1856.5,2,riverstead
1875,16867067,jiazepin,"2026-09-22 07:25:00",1856.0,2,jiazepin
1876,16696421,"Koyashiki Mao","2026-09-22 11:55:10",1856.0,2,koyashikimao
1877,16731966,ねねね,"2026-09-24 22:49:32",1855.6,2,napier1550
1878,16870247,mxt1022,"2026-09-22 04:37:53",1854.6,2,unlome
1879,16667018,ZekeAlx,"2026-09-26 02:54:22",1854.0,2,alexthomas12345
1880,16678370,Wangles,"2026-09-22 11:10:59",1853.6,2,wangles
1881,16806000,wyz0210,"2026-09-25 12:03:20",1852.7,2,weiyouzhen
1882,16682753,"Cam-Luan Truong","2026-09-22 11:11:54",1851.9,2,luantruong
1883,16682885,风沙星辰,"2026-09-21 20:40:04",1850.6,2,"duoliya,linyeping,sereinovov,wangying2026"
1884,16912574,好运连连,"2026-09-23 10:46:09",1850.6,2,"jiangxinyuan616,xiaoranx,xigemalyk"
1885,16664239,VK_Kaggriculture..StartCompet,"2026-09-24 13:28:59",1850.3,2,venkatkumar001
1886,16655632,"Dmitry Kozlov","2026-09-22 05:26:12",1850.0,2,dkozlov
1887,16741500,weichy7,"2026-09-24 02:00:37",1849.6,2,weichy7
1888,16880792,dre,"2026-09-22 17:25:08",1846.6,2,ahmedelfazouan
1889,16789561,"Rohan Kishibe","2026-09-22 14:43:18",1845.2,2,anbianluban1
1890,16919139,SynthReaper,"2026-09-21 19:58:21",1845.1,2,synthreaper
1891,16921300,tamakawa,"2026-09-25 16:41:52",1844.9,2,tantantama1192
1892,16709126,"Jamie Nojek","2026-09-26 01:10:42",1844.4,2,jamienojek
1893,16886400,Nisshi888880,"2026-09-23 02:45:13",1844.2,2,nisshi888880
1894,16806014,"weihao huang2004","2026-09-26 03:05:17",1843.7,2,weihaohuang2004
1895,16768385,neibyr,"2026-09-21 17:37:47",1842.9,2,neibyr
1896,16765327,master_ssx,"2026-09-22 03:19:56",1842.8,2,masterssx
1897,16661073,PyJa,"2026-09-21 22:26:27",1842.4,2,pixiux
1898,16768047,アメリカ農業研究会,"2026-09-21 20:12:15",1842.1,2,flnkhome
1899,16642036,enddl22,"2026-09-22 00:21:17",1841.4,2,enddl22
1900,16772678,SuppliLion,"2026-09-21 23:06:52",1841.0,2,supplilion
1901,16655796,"dijia zhang735","2026-09-26 01:10:30",1840.6,2,dijiazhang735
1902,16765668,shun_johnny,"2026-09-20 16:26:43",1839.6,2,shunjohnny
1903,16924283,GeHaohua,"2026-09-23 07:34:41",1838.6,2,gehaohua
1904,16881681,失忆的海_,"2026-09-25 12:17:30",1837.4,2,shiyidehai
1905,16718480,PLReddy23,"2026-09-21 22:57:40",1836.4,2,plreddy23
1906,16822519,Lunospital,"2026-09-22 04:47:48",1835.8,2,lunospital
1907,16748462,"Jiwon Lee","2026-09-26 01:07:16",1835.7,2,jibong7600
1908,16763505,"Sai Reddy Pothireddy","2026-09-25 20:42:51",1835.5,2,saireddypothireddy
1909,16653728,"Iswar Patra","2026-09-25 15:05:38",1834.8,2,iswarpatra
1910,16732746,MSG_Encrypted,"2026-09-25 17:52:05",1833.8,2,msghais
1911,16789546,"lsm jii","2026-09-25 04:46:00",1833.7,2,lsmjii
1912,16644530,"Busya PRIME","2026-09-21 11:20:07",1833.0,2,busyaprime
1913,16663614,Nevska,"2026-09-25 15:42:44",1830.7,2,nevska
1914,16660395,ljx59141421,"2026-09-22 13:47:32",1830.3,2,ljx59141421
1915,16888254,CaliforniaDog,"2026-09-24 04:55:58",1829.9,2,californiadog
1916,16883863,qhapaq49,"2026-09-24 05:46:37",1829.6,2,qhapaq49
1917,16859316,LP,"2026-09-25 12:13:14",1828.8,2,lihu6666
1918,16681986,"Chirantan Bhardwaj","2026-09-25 04:22:03",1828.6,2,chirantanbhardwaj
1919,16672033,"Mohan Prasath P","2026-09-21 13:48:43",1828.3,2,mohanprasath21
1920,16755229,theearthcheng,"2026-09-22 02:20:25",1828.2,2,theearthcheng
1921,16634716,Eusebius,"2026-09-24 21:00:06",1828.0,2,protuberanzen2000
1922,16796937,Alan,"2026-09-24 00:44:47",1827.8,2,amunsentom
1923,16791369,dataix,"2026-09-24 22:12:16",1827.6,2,codymachody
1924,16804827,"Bala Baskar","2026-09-25 08:46:44",1826.5,2,balabaskar
1925,16674919,yukiZ,"2026-09-25 11:14:46",1826.4,2,hideyukizushi
1926,16857607,inny,"2026-09-23 04:12:13",1825.8,2,innycc
1927,16632743,"Krizsó Gergely","2026-09-25 10:33:23",1825.7,2,lucifer19
1928,16786357,guoyihui,"2026-09-23 06:12:19",1825.6,2,guoyihui
1929,16930569,MarqueeMoon19770208,"2026-09-25 16:18:21",1823.4,2,marqueemoon19770208
1930,16797543,Tarang222,"2026-09-21 03:38:32",1822.8,2,tarang222
1931,16932743,"Chris Chia","2026-09-22 02:24:46",1822.3,2,cchia3
1932,16839427,kooooozh,"2026-09-22 19:04:19",1821.7,2,grigoriykozhemyakin
1933,16654585,"David Pedersen","2026-09-26 03:59:38",1820.2,2,semalytics
1934,16674839,"hongqian miao","2026-09-20 14:22:50",1819.5,2,hongqianmiao
1935,16750448,"Ansh Agarwal","2026-09-25 16:03:14",1819.3,2,anshagarwal2616
1936,16910680,colum2131,"2026-09-25 13:09:14",1819.2,2,columbia2131
1937,16940950,"Camarillo Kull","2026-09-24 14:09:04",1819.0,2,camarillokull
1938,16659103,Arin,"2026-09-24 14:33:50",1818.9,2,skarin
1939,16715828,samg,"2026-09-24 11:25:06",1818.7,2,samgreen2046
1940,16766498,HNUST,"2026-09-22 03:12:58",1818.4,2,"aloemoon,castianhans"
1941,16629787,FlameZywoo,"2026-09-24 01:55:15",1818.2,2,zgdllt
1942,16743055,栗ご飯,"2026-09-25 22:02:27",1817.2,2,criticalpath1903
1943,16848622,"KUO JEN WEI","2026-09-24 19:20:54",1816.7,2,"kuojenwei,kuyiting"
1944,16658109,edward1503,"2026-09-21 09:31:07",1816.6,2,nguynnc
1945,16622937,"Sheep 🐑","2026-09-25 20:46:49",1814.4,2,kabilrh
1946,16810308,Congy,"2026-09-26 02:02:39",1813.9,2,congyingma
1947,16623399,Kendamarron,"2026-09-21 07:06:28",1812.6,2,kazuhirokuriyama
1948,16841061,"Artin yzn","2026-09-24 12:37:34",1812.5,2,artinyzn
1949,16862155,"Kydyrbek Kozykorpesh","2026-09-25 20:42:20",1812.3,2,kozykappa
1950,16668056,"Quantum Farm","2026-09-21 16:05:52",1811.4,2,"anselem7,divineokwueze,nnanyereuzoma"
1951,16641169,boatlee,"2026-09-20 09:49:47",1811.4,2,boatlee
1952,16704924,jdx,"2026-09-25 02:15:10",1811.3,2,jdsemrau
1953,16843838,"Alapati Ramakrishna","2026-09-26 01:55:56",1811.0,2,alapatiramakrishna
1954,16781166,Ant,"2026-09-25 15:40:13",1810.7,2,anthonytrevino
1955,16817923,"Adhiraj Jagtap","2026-09-23 19:44:00",1810.6,2,adhirajjagtap
1956,16749576,heralces,"2026-09-21 15:38:45",1810.4,2,heralces
1957,16930394,"civil 11","2026-09-26 03:06:40",1810.2,2,civil11
1958,16624969,tf,"2026-09-24 14:25:03",1809.4,2,tfukuhara
1959,16762769,"Jacques Buis","2026-09-22 09:58:09",1809.3,2,jacquesbuis
1960,16848992,"Lee Shit Hoo","2026-09-25 16:13:41",1808.6,2,leeshithoo
1961,16623463,porply,"2026-09-21 13:32:47",1808.5,2,porply
1962,16626093,"Pilkwang Kim","2026-09-23 21:06:56",1808.2,2,pilkwang
1963,16741178,guruguru000,"2026-09-21 13:29:41",1806.9,2,guruguru000
1964,16770785,Brahim,"2026-09-25 17:45:10",1806.8,2,brahimdriss
1965,16688568,Sophie555,"2026-09-23 11:43:07",1805.0,2,sophie555
1966,16754823,"tiki tiki tiki","2026-09-23 22:48:33",1804.1,2,slangitup
1967,16764850,"cy zhang","2026-09-26 03:21:38",1803.2,2,zcy20051117
1968,16772723,"Zhou Haonan","2026-09-21 13:37:50",1802.8,2,hatsuseizuna
1969,16838560,Aphrodite,"2026-09-24 05:04:21",1802.5,2,aphrodite874
1970,16689881,"yuki #2","2026-09-25 15:11:30",1802.3,2,hosikusa
1971,16862614,"Andrew Bunn","2026-09-22 00:14:18",1801.5,2,andrewbunn
1972,16622482,"Veniamin Nelin","2026-09-21 10:44:20",1801.2,2,veniaminnelin
1973,16942875,Vikram,"2026-09-24 03:42:14",1801.1,2,vikramreddy2001
1974,16642128,"MAC SAHO","2026-09-22 12:13:10",1799.1,2,macsaho
1975,16808526,iheng88,"2026-09-24 08:37:42",1799.0,2,iheng88
1976,16657229,"Adam Plow","2026-09-22 09:40:21",1798.8,2,lizhiiii
1977,16745419,elren,"2026-09-21 15:48:47",1798.8,2,elrensmin
1978,16713743,oliver,"2026-09-23 17:57:56",1798.6,2,ollibolli
1979,16630331,"Mohamed El-Nageeb","2026-09-22 23:09:22",1798.1,2,thelastsmilodon
1980,16858087,"Mohd Aasim Ansari","2026-09-21 07:35:49",1797.6,2,aasim2003
1981,16779110,mark,"2026-09-22 22:25:11",1797.5,2,mark
1982,16914676,"Luon may Man","2026-09-26 00:02:52",1796.7,2,luonmayman
1983,16929850,"XINGYUAN  ZHOU","2026-09-22 14:12:26",1796.6,2,n05199
1984,16632113,"Any Things","2026-09-23 09:29:17",1796.5,2,anythingsj3fare767
1985,16806475,sohma,"2026-09-25 16:29:25",1795.2,2,hi210278
1986,16806840,"Tavuk Master","2026-09-21 09:52:18",1794.2,2,mkrimenurgm
1987,16638551,"GOAT   Mathieu ""ZywOo"" Herbaut","2026-09-25 13:33:48",1794.1,2,ryosketchbook2007
1988,16880558,"Georgi Kanev","2026-09-25 10:57:26",1793.8,2,georgikanev
1989,16935893,lixusb,"2026-09-21 11:31:19",1793.1,2,lixusb
1990,16662910,"shoryakumar mishra","2026-09-24 06:34:37",1793.1,2,shoryakumarmishra
1991,16799304,"Rlug mb","2026-09-25 14:26:18",1793.1,2,"hongxinzhang111,minhtrph,rlugmb"
1992,16878968,"Dale Zhong","2026-09-26 02:15:38",1792.0,2,dalezhong
1993,16658203,Lan_Sky,"2026-09-25 06:25:16",1791.8,2,lansky6
1994,16841190,dp23334,"2026-09-22 10:42:21",1791.0,2,dp23334
1995,16657032,"Ayaan Ghosh","2026-09-25 18:39:58",1789.9,2,ayan9001
1996,16746632,tingyu516,"2026-09-21 09:08:24",1789.8,2,tingyu516
1997,16712751,haruo_tensai,"2026-09-26 01:58:17",1789.6,2,haruotensai
1998,16851399,"Ali Eren Konak","2026-09-25 14:43:37",1789.1,2,alierenkonak
1999,16764386,Troy_xx,"2026-09-21 11:21:37",1789.1,2,troyxx
2000,16935420,"zicong pan","2026-09-24 09:34:45",1789.0,2,zicongpan
2001,16746395,Levin,"2026-09-25 15:56:11",1788.9,2,"sophiexs,zhengliwen"
2002,16916938,MC1127,"2026-09-24 13:08:50",1788.4,2,mc1127
2003,16920189,"Son Hoang","2026-09-23 12:57:59",1787.9,2,sonhoang82
2004,16792586,dodoshark,"2026-09-21 16:20:40",1787.2,2,dodoshark
2005,16744983,Gappy,"2026-09-21 12:02:19",1786.9,2,takahirohigasa
2006,16659540,"Goua Henri","2026-09-24 07:27:58",1786.8,2,gouahenri
2007,16659730,"Zhang Yingluo","2026-09-22 14:08:04",1786.6,2,zhangyingluo
2008,16640264,DhanaLakshmiMalla,"2026-09-22 20:29:36",1785.4,2,dhanalakshmimalla
2009,16661702,"Chattso-GPT (Yasuhito Yanagisawa)","2026-09-21 01:08:51",1784.3,2,yasuhitoyanagisawa
2010,16757034,"Hanxiang Li","2026-09-21 03:43:45",1784.1,2,hanxiangjames
2011,16860559,"Sara Lark","2026-09-22 02:44:20",1783.4,2,saralark
2012,16631536,kglctf,"2026-09-26 00:53:41",1782.8,2,kglctf
2013,16842482,Litvin,"2026-09-25 15:05:35",1781.5,2,wodo888
2014,16850198,"Daiki Yasui","2026-09-26 03:01:04",1781.4,2,daikiyasui
2015,16747161,wqlun06,"2026-09-25 23:31:36",1780.9,2,wqlun06
2016,16934170,"Krish Shah","2026-09-23 05:49:34",1780.9,2,krshs90
2017,16937269,"Egg D. Kernel","2026-09-22 01:53:27",1780.1,2,eggdkernel
2018,16931481,"Дмитрий Томилов","2026-09-22 02:12:22",1778.7,2,floyed
2019,16673013,TTT,"2026-09-23 08:59:54",1778.5,2,tadahiroasami
2020,16682210,Boiled-Sweet-Potato,"2026-09-26 02:08:00",1777.8,2,boiledsweetpotato
2021,16943126,"Aaditya Verma","2026-09-25 18:13:24",1777.5,2,tensura911
2022,16670883,G*Sim,"2026-09-24 21:17:18",1777.3,2,guillaumesimiand
2023,16654710,"Ray Brothers","2026-09-25 20:29:42",1776.5,2,"madhurjyaray,vibekodr"
2024,16644690,Dubnium,"2026-09-26 01:52:49",1775.4,2,ahmetyasin1
2025,16773185,"Alwin Djuliansah","2026-09-26 01:40:34",1775.2,1,alwdj07
2026,16793287,"Kim Jinseo","2026-09-21 13:26:31",1775.1,2,kimjinseo1
2027,16730634,Priestess,"2026-09-21 05:34:51",1774.8,2,kalypheus
2028,16932991,"Gabriel Stoms","2026-09-22 15:15:38",1774.7,2,gabrielstoms
2029,16770282,colt,"2026-09-21 17:56:20",1774.5,2,"logicalgenius1,mindmaniac,mindpioneer,thinkinglogic2,xiaomaguo"
2030,16665077,"Mohit Babel","2026-09-24 20:55:36",1774.2,2,mohitbabel
2031,16901894,"Michael Reid","2026-09-23 17:10:41",1774.1,2,michaelreid2025
2032,16808111,"Oliver #2","2026-09-21 10:29:39",1773.2,2,wangzn0410
2033,16845531,"Suzuki Yuto - W","2026-09-24 06:15:04",1772.9,2,hoshinoyumemi
2034,16663603,xsong2020,"2026-09-25 16:05:34",1772.7,2,xstargate
2035,16675960,"Audric LOKO","2026-09-24 20:40:08",1772.6,2,audricloko
2036,16840550,henriquejsza,"2026-09-21 05:07:28",1770.3,2,henriquejsza
2037,16657094,irynavs,"2026-09-23 14:18:45",1769.5,2,irynavs
2038,16817077,"Dinesh kumar Thiyagarajan","2026-09-20 21:01:23",1768.1,2,dineshkumar0705
2039,16623450,S.Aoki,"2026-09-21 04:27:13",1768.0,2,soyaoki
2040,16900489,Machine_e1,"2026-09-25 12:52:38",1766.7,2,"arcanee1,machinee1,mymilk"
2041,16921085,Keerthana,"2026-09-23 16:30:06",1764.9,2,k33rthanaa
2042,16752277,YKuma,"2026-09-25 22:36:13",1764.7,2,ykumazaki
2043,16779519,"Xiangsong Tian","2026-09-24 23:37:45",1764.2,2,xiangsongtian25
2044,16624047,GUOHAOYANG,"2026-09-21 06:13:29",1762.9,2,pkuszboi
2045,16662191,Danieler,"2026-09-22 18:46:56",1761.6,2,danielerufo
2046,16632006,"Adwait Tagalpallewar","2026-09-20 11:40:04",1761.4,2,adwaittagalpallewar
2047,16635504,"Datta Dhebe","2026-09-25 14:44:06",1760.3,2,dattadhebe
2048,16770715,"Vicens Gaitan","2026-09-20 17:06:04",1760.2,2,vicensgaitan
2049,16840857,Meteor,"2026-09-25 18:59:05",1759.8,2,meteorkid
2050,16866579,"Fighting Gold","2026-09-26 02:16:44",1759.6,2,sawada
2051,16732878,modelcollapse,"2026-09-21 10:09:15",1759.5,2,modelcollapse
2052,16743528,shfyyds12138,"2026-09-20 02:46:07",1759.5,2,"chrisshi123,junwenzhu1314"
2053,16899004,Antonoof,"2026-09-20 08:51:31",1758.9,2,antonoof
2054,16832192,"No Name #2","2026-09-25 16:33:33",1758.6,2,ivanj0
2055,16660215,"YoungDSML [dsml.kz]","2026-09-21 05:22:59",1757.8,2,"mazgas,nurikw3"
2056,16755328,"yang zhang","2026-09-24 13:49:18",1757.8,2,zhang1221ai
2057,16927660,abraxas417,"2026-09-20 13:44:26",1756.7,2,abraxas417
2058,16657657,ArnabKarmakar,"2026-09-22 00:05:12",1756.3,2,arnabkarmakar
2059,16930280,greyhound,"2026-09-23 07:24:56",1755.3,2,tapaskd123
2060,16766401,"Gobi Elangovan","2026-09-20 11:00:23",1754.6,2,gobielangovan
2061,16742267,chandora,"2026-09-24 22:53:46",1753.3,2,chandora
2062,16773244,"Yudai Ueno","2026-09-20 01:13:36",1753.3,2,yudaiueno
2063,16840439,"God Se7en","2026-09-23 16:42:10",1753.1,2,godseven7
2064,16693488,HarvestZero,"2026-09-25 03:34:38",1752.6,2,bernardboatey
2065,16625214,Malla,"2026-09-21 14:31:15",1752.5,2,mallaphalguni
2066,16795086,Leroll,"2026-09-20 15:54:30",1752.4,2,leroll
2067,16663403,matthewwh,"2026-09-20 03:47:30",1752.3,2,matthewwh
2068,16657576,"SUBHASH B","2026-09-22 04:13:12",1751.9,2,"rishikrish1,subhashb21022"
2069,16847609,"Aura Farmers","2026-09-23 21:03:10",1751.9,2,"adriana0022,ayrnpn,shengkaizhu"
2070,16732530,可抽奖的冰棒,"2026-09-26 02:15:11",1751.7,2,daniel1547
2071,16768100,Nathael,"2026-09-21 00:41:59",1750.6,2,nathaeldias
2072,16697767,"Teddy Tennant","2026-09-26 03:09:31",1749.4,2,thtennant
2073,16630545,"GAURAV PARKHEDKAR","2026-09-25 13:18:41",1748.9,2,gauravparkhedkar
2074,16627032,"Kaito Fukami","2026-09-26 02:12:26",1748.6,2,kaitofukami
2075,16757727,"Sohshi Nakamura","2026-09-23 12:09:49",1748.6,2,sohshinakamura
2076,16795134,"jiawei li","2026-09-21 13:10:30",1748.1,2,jiaweiaaa
2077,16870440,GOSS,"2026-09-25 16:49:23",1747.8,2,gossan
2078,16702754,"Запрети мне брать H100","2026-09-24 10:30:43",1747.8,2,"amocualg,borismatsakov,kirya1,vladimirlovtsov18"
2079,16862096,"Saksham Gupta","2026-09-21 14:16:36",1747.7,2,mashug
2080,16669632,"Kenneth Alonso","2026-09-19 20:27:16",1747.6,2,kennethalonso
2081,16645431,Amin,"2026-09-25 15:27:01",1747.6,2,aminvafaei
2082,16632493,"oni chan arigato","2026-09-20 10:55:22",1747.0,2,"kindasomethin,nabidnur"
2083,16651804,"Bocen Li","2026-09-21 07:31:53",1746.7,2,bocenli
2084,16701074,"One Policy to Rule Them All","2026-09-20 17:04:35",1746.5,2,qujiahui
2085,16696593,bplyc15,"2026-09-25 18:07:32",1746.3,2,bplyc15
2086,16740659,haodou092,"2026-09-25 17:34:57",1745.5,2,haodou092
2087,16670524,"Nat Bel ML Fun","2026-09-20 18:16:27",1745.2,2,natbel4ml
2088,16925409,GEHAOHUA,"2026-09-20 09:31:42",1745.2,2,gshy2028
2089,16621595,"Farmers From Punjab","2026-09-25 18:32:04",1744.5,2,alisalmanrana
2090,16884028,"Jayden Y","2026-09-25 01:39:28",1744.0,2,jy0810
2091,16706227,"Wise Fancy","2026-09-20 10:09:34",1744.0,2,wisefancy
2092,16661039,Abracadabra,"2026-09-24 14:05:44",1743.9,2,giovannicr
2093,16631421,cg,"2026-09-22 14:31:09",1743.9,2,chaitanyagarg2
2094,16655758,patience,"2026-09-26 02:30:15",1743.4,2,"weirdocurry,wenjunkai124"
2095,16657941,"Nick Styles","2026-09-21 08:48:12",1743.1,2,styles
2096,16897821,bjthomas,"2026-09-20 17:39:05",1742.7,2,bjthomas
2097,16740815,Remielle,"2026-09-26 03:23:26",1742.3,2,remielle
2098,16659961,faahh,"2026-09-25 18:30:51",1742.2,2,shivam98saini
2099,16803448,jiatu.l,"2026-09-26 03:14:31",1742.1,2,jiatul
2100,16779171,Xunden,"2026-09-25 04:58:23",1741.4,2,xunden
2101,16751358,Cristiano,"2026-09-20 13:34:35",1740.8,2,zhuangbility
2102,16865693,Eda,"2026-09-20 11:51:41",1740.2,2,edagram
2103,16822002,shiokoh,"2026-09-20 13:10:34",1739.7,2,shiokoh
2104,16922907,萤火2018,"2026-09-20 09:48:37",1739.5,2,aiwody
2105,16924344,trigo,"2026-09-21 07:41:11",1739.4,2,trigoani
2106,16776505,"Duck Typing","2026-09-25 16:46:49",1738.9,2,ahmadamindw
2107,16654704,mandgeee,"2026-09-25 14:42:55",1738.2,2,mandgeee
2108,16849780,"Juan Leiva","2026-09-20 14:08:59",1738.1,2,juank333
2109,16630797,"Seok, Jeongeum","2026-09-26 01:28:03",1737.8,2,seokjeongeum
2110,16669148,"Syed Muhammad Gillani","2026-09-20 23:33:36",1737.7,2,syedmuhammadgillani
2111,16805952,hatakazu93,"2026-09-20 23:00:27",1737.4,2,hatakazu93
2112,16887858,"Oleg Zholobov","2026-09-21 14:06:59",1737.3,2,olegzholobov
2113,16838956,"Michael Brown","2026-09-26 02:11:02",1736.3,2,michaelbrown4343
2114,16930465,"Xuanhao Wang","2026-09-20 12:05:45",1735.8,2,xuanhao666
2115,16755495,"Leo Udah","2026-09-24 06:03:33",1735.5,2,leoudah
2116,16699586,"Linda Liu","2026-09-22 03:43:59",1735.0,2,lpoint
2117,16771558,"Vitalie Cervinschi","2026-09-26 03:04:12",1734.9,2,vitaliecervinschi
2118,16665233,"Akash Deep","2026-09-25 19:40:32",1734.9,2,akashdeepo
2119,16730142,static,"2026-09-20 11:56:45",1734.6,2,huangshunhao
2120,16864870,JR,"2026-09-22 14:20:57",1734.5,2,jurijsruko
2121,16719123,"Thomas Tschinkel","2026-09-23 02:43:20",1734.4,2,thomastschinkel
2122,16623440,"JB Bryant","2026-09-22 19:26:37",1734.3,2,jbbryant
2123,16658221,"Roshan Roy","2026-09-25 18:08:07",1734.2,2,"adhilvt,mohamedarifj,roshanroy333"
2124,16865261,"Kamal Kadakara","2026-09-26 03:50:34",1733.8,2,kamalkadakara
2125,16880773,最强扫地僧,"2026-09-21 05:14:26",1733.5,2,yyx466005036
2126,16718937,62326368,"2026-09-20 20:15:07",1732.8,2,mooniim
2127,16752444,zama,"2026-09-21 06:56:28",1732.5,2,zamami
2128,16630524,"Omprakash Patra","2026-09-25 03:42:50",1732.4,2,omprakashpy
2129,16641183,"Team Name Pending","2026-09-20 14:32:46",1731.9,2,"abdaathaillahhadyan,oliverspiby"
2130,16630315,janson,"2026-09-22 15:28:31",1730.4,2,johnjanson
2131,16930688,"Solo Leveling","2026-09-25 14:23:23",1729.2,2,lingyuzhi
2132,16898500,"M Noxon","2026-09-18 21:46:34",1728.5,2,mnoxon
2133,16805906,FENGYESHAN,"2026-09-25 03:52:23",1727.8,2,fengyeshan
2134,16717572,kiyomiya-k,"2026-09-20 11:37:44",1727.4,2,kiyomiyak
2135,16632476,"Назар Коваль","2026-09-25 10:21:16",1727.3,2,miickey
2136,16935499,"Smarter Decision🏆","2026-09-23 13:37:52",1726.5,2,yunkuns
2137,16668260,"Yangle Ma","2026-09-22 21:00:01",1726.2,2,yanglema
2138,16924825,"Steven Feng","2026-09-24 09:46:32",1726.0,2,stevenkaiyi
2139,16926712,lostargon,"2026-09-21 21:44:55",1725.1,2,vadimpryakhin
2140,16767929,Timbydude,"2026-09-24 15:30:58",1723.9,2,timbydude
2141,16839638,keeplooking,"2026-09-23 19:17:02",1723.8,2,keeplooking
2142,16755911,"Paarth Patel","2026-09-20 04:34:50",1722.7,2,martis10
2143,16917535,"Edric Zhou","2026-09-21 08:05:07",1722.3,2,edriczhou
2144,16926297,brave-心勇-heart,"2026-09-22 10:33:15",1720.8,2,braveheart
2145,16696960,pi-500.phys,"2026-09-22 19:46:47",1720.4,2,pi500phys
2146,16777394,antadam127,"2026-09-19 23:03:20",1720.0,2,antadam127
2147,16635818,F.A.Nina,"2026-09-25 17:42:08",1719.8,2,nina2025
2148,16880296,"CT in CS","2026-09-24 15:07:38",1719.5,2,"anhphamtranminh,nguyenvietdat,nnvietha,toanleducanh"
2149,16930459,Ela,"2026-09-20 12:04:21",1718.9,1,pentol
2150,16779067,fishwg,"2026-09-23 10:42:11",1718.5,2,fishwg
2151,16775242,"Timothee Henry","2026-09-25 05:22:06",1718.4,2,timhenry
2152,16809842,"zg l1218","2026-09-24 16:22:24",1718.2,2,"dkttttt,zgl1218"
2153,16719869,"Swamy Gadila","2026-09-25 14:32:08",1717.8,2,testfridaycore2
2154,16724242,"Romash Koirala","2026-09-25 12:35:17",1717.2,2,romashkoirala
2155,16727893,mmwstudy,"2026-09-19 14:33:15",1717.1,2,mmwstudy
2156,16688294,"high frequency farming","2026-09-25 14:17:13",1717.0,2,"gunhcolab,hweowe,markslavin"
2157,16763761,mkai1981,"2026-09-22 05:43:59",1716.9,2,mkai1981
2158,16710459,Nironiro,"2026-09-24 09:03:17",1716.8,2,nironiro
2159,16743546,"Simon Dorcas","2026-09-24 16:36:17",1716.4,2,simondorcas
2160,16709068,Vib,"2026-09-25 04:41:27",1716.1,2,viblal
2161,16947082,"Alex  Redna","2026-09-25 12:46:49",1715.4,2,alexredna
2162,16892313,zszdl0530,"2026-09-26 03:12:47",1715.2,2,zszdl0530
2163,16916418,Lukas,"2026-09-23 13:02:38",1714.8,2,lukasbuck
2164,16943490,"green algeria","2026-09-22 19:12:48",1713.2,2,greenalgeria
2165,16838914,kikikukikii,"2026-09-20 11:03:49",1713.0,2,kikikukikii
2166,16941720,Abdellatif,"2026-09-22 13:35:50",1712.9,2,moussaid
2167,16797699,"Dylan Moraes","2026-09-20 10:38:18",1712.7,2,dylanmoraes
2168,16663827,magoemu,"2026-09-24 13:06:26",1712.5,2,magoemu
2169,16807038,mitsuki,"2026-09-24 10:16:05",1712.1,2,mk00000
2170,16842194,threnox,"2026-09-25 17:55:57",1712.0,2,threnox
2171,16866996,"Marina Afanas'eva","2026-09-20 22:23:21",1711.8,2,proamari
2172,16732445,ГИМНАЗИЯ14ЙОШКАРОЛА,"2026-09-25 20:25:12",1711.4,2,"domager72,fylgde,kolyaflexcu"
2173,16678080,"Timothy Adeyemi","2026-09-19 16:58:52",1711.2,2,timothyadeyemi
2174,16716531,tebenia,"2026-09-20 08:51:40",1710.5,2,tebenia
2175,16677565,"Avish Sinha","2026-09-19 20:31:50",1710.3,2,avish006
2176,16661575,skw1990,"2026-09-20 23:43:37",1709.8,2,skw1990
2177,16713543,"Rustam Bazarbayev","2026-09-26 03:50:46",1708.6,2,rustambazarbayev
2178,16848850,Lazyman,"2026-09-21 18:42:12",1708.3,2,lazyman
2179,16920843,"Hou JH-71","2026-09-20 13:09:46",1707.9,2,houjihao
2180,16862461,"Guilherme Volpe","2026-09-23 00:38:39",1707.6,2,guivolpe
2181,16634426,ertu,"2026-09-20 16:42:44",1707.2,2,ozertuu
2182,16668798,"Ayush Shukla","2026-09-21 10:19:42",1707.1,2,ayushivy
2183,16801855,KooDol,"2026-09-22 19:32:13",1706.5,2,koodol
2184,16939292,Cunriman,"2026-09-24 12:59:54",1706.4,2,cunriman
2185,16854216,Rita-1021,"2026-09-25 14:21:40",1706.2,2,rita1021
2186,16885137,"Manjunadh Padarthi","2026-09-25 05:27:43",1705.9,2,manjunadhpadarthi
2187,16712560,"Max vrstpan1","2026-09-25 15:57:43",1705.3,2,wdjy123456
2188,16863501,ATC,"2026-09-20 09:24:46",1704.0,2,t6ccc2
2189,16920912,wxxbest,"2026-09-23 13:36:08",1703.4,2,w20260801
2190,16907973,Mainafly,"2026-09-23 06:07:12",1703.3,2,ishakuyusufmaina
2191,16849814,"Mr. Architect","2026-09-20 08:06:03",1703.3,2,vietnguyen130593
2192,16749251,HawkOsm,"2026-09-23 05:17:19",1701.8,2,hawkosm
2193,16665084,"Wei Han","2026-09-20 06:30:13",1701.8,2,weihan87
2194,16791862,"Emmanuel Mireku","2026-09-25 23:33:06",1701.6,2,eldermireku
2195,16856778,"Johnathan King","2026-09-25 19:25:26",1701.3,2,johnathanking1278
2196,16746380,JKong,"2026-09-24 00:00:30",1701.2,2,kmt2001
2197,16848394,Polaris,"2026-09-19 12:40:07",1699.7,2,zhanglei226
2198,16860164,Ry_Sa,"2026-09-22 13:02:38",1699.1,2,ryqsaq
2199,16722619,vlavlalva,"2026-09-20 13:44:47",1699.0,2,cppcph
2200,16906626,JY,"2026-09-20 13:07:00",1698.7,2,junyihjy
2201,16854939,nusrati,"2026-09-20 04:10:54",1698.3,2,nusrati
2202,16623920,"Kazuta MIZUTA","2026-09-21 00:27:46",1698.1,2,kazutamizuta
2203,16924499,Matterhorn3838,"2026-09-26 01:53:36",1697.9,2,matterhorn3838
2204,16714159,Lonnie,"2026-09-22 16:13:10",1697.7,2,lonnieqin
2205,16929902,Daijun_zju,"2026-09-21 07:23:03",1697.7,2,daijunzju
2206,16919647,moo_&yuu1,"2026-09-23 02:21:58",1697.4,2,"a91zjy,mooyuu"
2207,16654681,htech5,"2026-09-25 13:19:38",1697.4,2,htech5
2208,16708296,LUCKY2,"2026-09-25 19:45:03",1697.3,2,carolezountangni
2209,16684954,Rogues,"2026-09-20 19:18:18",1696.8,2,"saikushal185,suneethreddy"
2210,16937817,Yuki_ARL,"2026-09-21 17:58:56",1696.7,1,yukiarl
2211,16875601,forwardidear,"2026-09-19 08:49:41",1696.6,2,forwardidear
2212,16871409,"Aleksandr Isakov","2026-09-26 02:54:33",1696.5,2,aleksandrisakov
2213,16762957,邪悪な暁山瑞希、ジャガイモを量産してフライドポテト市場を独占,"2026-09-24 16:52:26",1696.5,2,yinzimike
2214,16886344,魏杨康,"2026-09-22 10:51:32",1696.4,2,weiiyangkang
2215,16898309,"Mohammad Albaddawi","2026-09-19 14:27:45",1694.4,2,m7mdalbaddawi
2216,16782520,Durian,"2026-09-20 08:09:06",1694.2,2,rainyjin
2217,16633507,"Ivan Vorfolomeev","2026-09-25 21:27:51",1693.5,2,"alexesn,c0ldzy,ivanvorfolomeev,semyonepanov"
2218,16791248,"Ioannis Tzachristas","2026-09-19 06:15:43",1692.2,2,"ioannistzachristas,lilishyxf"
2219,16879166,NoDash,"2026-09-20 04:20:16",1691.9,2,nodash
2220,16654379,"Sebastian Mateus","2026-09-20 00:48:16",1691.3,2,"brenorb,sebastianmateus"
2221,16916611,Infinity,"2026-09-25 21:06:52",1691.0,2,"maaz101,syedtahahassan"
2222,16866689,snehitha,"2026-09-23 13:47:34",1690.8,2,andapallysnehitha
2223,16793385,"Rishav Utkarsh","2026-09-19 18:07:24",1690.6,2,rishavutkarsh
2224,16697461,Agricroporation,"2026-09-19 09:25:16",1690.3,2,"algionightly,kroissant7,officialabhinavsingh"
2225,16674102,没落者,"2026-09-25 17:11:18",1690.3,2,needless090
2226,16949185,"Akil Al-Sharafi","2026-09-25 17:56:57",1690.0,2,akilalsharafi
2227,16811072,Rafael,"2026-09-19 17:19:25",1689.9,2,rafaeldsjhkas
2228,16663851,"Harshith revuru","2026-09-19 19:18:24",1689.5,2,harshithrevuru
2229,16928640,Kenj,"2026-09-20 08:01:59",1689.2,1,kiritoooooooo
2230,16849282,ancientLuck,"2026-09-20 13:04:14",1688.9,2,ancientluck
2231,16640552,"rupsa roy","2026-09-19 06:11:54",1688.1,2,rupsarroy
2232,16656382,Aevion-Labs,"2026-09-23 14:23:35",1688.1,2,aevionlabs
2233,16623877,Chikuwabu,"2026-09-20 13:49:05",1687.9,2,prgckwb
2234,16635067,"Berat Egemen Gök","2026-09-23 19:09:42",1687.6,2,berategemengk
2235,16632377,"Legend Brothers","2026-09-26 02:47:10",1686.8,2,"holeguma,shunhirota"
2236,16847222,charmq,"2026-09-18 07:30:26",1685.7,2,charmq
2237,16868304,"Aaron amacadu","2026-09-19 20:18:38",1683.9,2,aaronamacadu
2238,16644452,Durlabh_Jha,"2026-09-24 01:41:55",1683.1,2,durlabhjha
2239,16676321,"tao wu11","2026-09-25 15:09:34",1682.9,2,"taowu11,xujchill"
2240,16881005,"Donald Trump","2026-09-22 01:00:34",1682.4,2,"seanmtk,sinfonia8838"
2241,16658777,"Jiarui (Jerry) Cao","2026-09-20 06:23:25",1682.0,2,jiaruicao7
2242,16621075,"Octavi Grau","2026-09-22 16:25:47",1681.9,2,octaviograu
2243,16663759,Aggro,"2026-09-21 17:30:40",1680.9,2,datafad
2244,16927279,santa9150,"2026-09-26 01:21:37",1680.6,2,santa9150
2245,16757987,maverick_ss_26,"2026-09-22 13:19:24",1680.5,2,maverickss26
2246,16627799,"navazsh fathi","2026-09-22 15:31:34",1680.3,2,navazshfathi
2247,16736198,JetJetGo,"2026-09-19 14:10:00",1680.2,2,psykrishna
2248,16790652,救赎之道，就在其中,"2026-09-20 01:08:29",1679.9,2,"mengyihu,pengchaozheng"
2249,16891396,易思言ysy,"2026-09-17 15:02:45",1679.6,2,ysykevin
2250,16847096,Jackylw,"2026-09-20 15:53:08",1679.5,2,jackylw
2251,16898760,"Berat Erol ÇELİK","2026-09-25 17:54:55",1679.2,2,beraterolelk
2252,16863212,"Jayanth Koppala","2026-09-21 19:38:51",1679.2,2,jayanthkoppala
2253,16944358,Kobamiyannnn,"2026-09-23 02:50:24",1677.4,2,kobamiyannnn
2254,16700207,"S. Mujtaba Hussain","2026-09-23 08:49:23",1676.3,2,smujtabahussain
2255,16831179,"Andrey Baranov","2026-09-23 16:19:45",1675.6,2,baranov
2256,16726545,whm8016,"2026-09-23 16:17:05",1675.4,2,whm8016
2257,16654914,Nozprod,"2026-09-20 18:40:20",1674.5,2,nozprod
2258,16806568,"Mumtaz Ahmad Maitla","2026-09-21 07:45:28",1674.4,2,mumtazahmadmaitla
2259,16663626,"yvn kaggriculture","2026-09-20 10:41:05",1674.4,2,"garnikdavtyan,mikayelgr"
2260,16661994,"Suvrat Rai","2026-09-19 06:44:10",1674.0,2,suvrat11rai
2261,16755808,"Van-Phuc Huynh","2026-09-22 07:21:40",1673.9,2,hvanphucs112
2262,16885933,"Nadeem Kilani","2026-09-23 03:32:45",1673.6,2,fifthway
2263,16668123,B0RN2BL0W0UT,"2026-09-19 19:30:24",1673.6,2,kadenmansur
2264,16728996,autowin,"2026-09-20 06:57:56",1671.5,2,atharvjairath
2265,16657623,Restart:),"2026-09-19 16:26:31",1671.3,2,wayne127
2266,16641884,Blacklions.,"2026-09-25 15:47:45",1671.1,2,"blacklions,llllllc666"
2267,16630740,"Ramazan Turan","2026-09-19 08:51:11",1670.8,2,ramazanturann
2268,16761267,"Pranav Arvind","2026-09-19 13:28:32",1670.2,2,pranavarvind
2269,16701697,Pelican,"2026-09-24 14:11:36",1670.2,2,chetanagrawall
2270,16926545,"Rintaro Washio","2026-09-19 19:02:47",1670.2,1,rintarowashio
2271,16844518,"Haroon Rasheed","2026-09-24 04:47:28",1670.1,2,haroonnsgb
2272,16691572,"Lord Momo","2026-09-19 14:12:55",1669.2,2,stevenleehans
2273,16841940,"Hakkı Besim Bardakçı","2026-09-25 13:53:39",1669.2,2,xdebron
2274,16802752,hako22,"2026-09-22 01:31:31",1668.9,2,hako22
2275,16942821,PabloKim,"2026-09-25 11:26:53",1668.6,2,pablodevkim
2276,16926016,"[KGZ] Aruke Sulaimanova","2026-09-19 15:15:47",1668.4,2,arukesulaimanova1
2277,16866458,lalal2006,"2026-09-23 14:26:28",1667.3,2,lalal2006
2278,16698999,Odyssey,"2026-09-25 06:06:24",1666.8,2,a1spirit
2279,16900902,"Younes Chafi","2026-09-23 12:36:44",1666.4,2,youneschafi
2280,16860288,"VIKASH YADAV","2026-09-25 08:53:44",1666.0,2,vikashyadav05
2281,16769849,"Shuwen(Shawn) Ge","2026-09-19 19:21:10",1666.0,2,shuwenshawnge
2282,16930535,wind,"2026-09-26 01:12:14",1665.8,2,"sfkmzy,windbyluck"
2283,16775474,ERS,"2026-09-19 06:16:01",1664.1,2,shingo257
2284,16885090,higuuu,"2026-09-25 20:16:37",1664.0,2,higuuu
2285,16775684,ketterking,"2026-09-25 19:51:10",1663.6,2,"ketterwang,wwppyywwww"
2286,16635600,"Divyansh Kumar","2026-09-25 15:43:25",1663.2,2,"divyanshkumar3,vivekjeetpatel"
2287,16682254,"Jeffery Jerome Harris","2026-09-23 08:26:39",1662.8,2,jefferyjeromeharris
2288,16768065,"Gradient Grazing","2026-09-20 17:24:58",1662.6,2,adamhusein
2289,16623988,"Charismatic Pizza Party🍕","2026-09-19 12:22:20",1662.3,2,debugendless
2290,16735741,"Фермеры чист","2026-09-22 17:23:30",1662.2,2,"gdreallygoodman,maksonch1k"
2291,16854072,r13721,"2026-09-19 15:19:42",1660.8,2,r13721
2292,16732670,minoneru,"2026-09-21 10:26:25",1660.7,2,kotaminoshima
2293,16630964,LEEKANG,"2026-09-19 08:43:02",1660.3,2,poby7722
2294,16759501,BaconT,"2026-09-22 15:56:11",1659.5,2,bacont
2295,16652214,Zhenrui.Weng,"2026-09-20 04:23:41",1659.5,2,zhenruiweng
2296,16730446,photunix,"2026-09-24 23:29:29",1659.0,2,photunix
2297,16690065,JiangWenfeng1,"2026-09-20 05:21:03",1658.7,2,jiangwenfeng1
2298,16656213,"Mehdi Boumiza","2026-09-24 03:56:40",1658.5,2,mehdiboumiza
2299,16732126,iwashi,"2026-09-19 21:31:56",1658.1,2,iwashi
2300,16732727,brightest66,"2026-09-25 11:49:03",1658.0,2,"brightest66,laplacenvmv"
2301,16661533,wangyuou,"2026-09-25 11:22:49",1657.8,2,wangyuou
2302,16731776,ASH,"2026-09-24 09:17:40",1657.4,2,pentannnn
2303,16921850,"Leon Sakakibara","2026-09-21 02:05:50",1656.5,2,leonsakakibara
2304,16634704,M.,"2026-09-26 03:51:12",1655.7,2,mahamhc
2305,16922609,rofa2,"2026-09-18 23:05:58",1655.4,2,"gaoyuanjun,zhdmath"
2306,16689926,3MnRho,"2026-09-19 06:59:04",1655.0,2,yongxiangzhao
2307,16739537,"Bina Salama","2026-09-24 10:00:16",1654.6,2,binasalama
2308,16827859,"Ishraq Tanvir","2026-09-25 14:54:39",1654.4,2,ishraqtanvir
2309,16914950,"Alessio Mezzina","2026-09-22 07:11:58",1654.3,2,alessiomezzinaaa
2310,16723241,TrinhDung16,"2026-09-19 04:29:59",1653.6,2,trinhdung16
2311,16866014,htsbrer,"2026-09-20 00:09:51",1653.1,2,ht5brer
2312,16664459,gngnher,"2026-09-26 01:35:01",1652.8,2,ryanshunsuke
2313,16621616,insuperabilehart,"2026-09-24 15:18:01",1652.8,2,insuperabile
2314,16658840,sanju25,"2026-09-18 14:32:41",1652.2,2,sanju25
2315,16712134,cf696666,"2026-09-25 14:38:55",1651.8,2,cf33333
2316,16659942,"Abdoulaye DIAW","2026-09-22 09:46:49",1651.7,2,abdoulayediaw25
2317,16636756,"K.THARUN KUMAR","2026-09-25 00:17:28",1651.6,2,tharunkumar369
2318,16924069,levshaazz,"2026-09-24 12:49:12",1651.5,2,levshaazz
2319,16723967,dk2lone,"2026-09-26 01:25:11",1651.3,2,dk2lone
2320,16655519,CurveCowboy,"2026-09-19 20:47:30",1650.8,2,curvecowboy
2321,16935669,"Timon Wendland","2026-09-23 19:58:41",1650.6,2,timonwendland
2322,16622034,"Aryan Yadav","2026-09-19 05:51:25",1649.9,2,simplexcomplex
2323,16789745,LoveLetter,"2026-09-24 03:50:44",1649.8,2,arthasmenethil
2324,16903912,樱花冷月,"2026-09-18 06:28:43",1649.3,2,yinghualengyue
2325,16927087,"Arun #2","2026-09-19 21:10:10",1647.6,1,arun8ovfjfdr6
2326,16910041,"Gorgulu Fried Chicken Wings","2026-09-19 22:00:21",1647.3,2,"jingshixu,ooorangecatt"
2327,16623263,ASHML,"2026-09-19 20:19:53",1646.4,2,ashml
2328,16923115,"Takamasa Ueno","2026-09-26 03:31:18",1646.1,2,uentsz
2329,16738298,tomo0608,"2026-09-25 14:46:56",1646.1,2,tomo0608
2330,16747273,红烧肉,"2026-09-18 09:24:59",1645.8,2,ra1nac1d
2331,16838589,iCO,"2026-09-21 16:48:44",1644.8,2,takashimaeda
2332,16736874,mhiro2,"2026-09-18 03:46:40",1644.2,2,mhiro2
2333,16822706,"YUE WU","2026-09-21 00:34:02",1643.1,2,yuewuacademic
2334,16839580,"Søren Ravn Andersen","2026-09-16 13:57:31",1642.4,2,sorenravn
2335,16692432,"Les 2 oies","2026-09-25 20:28:17",1641.5,2,"sanarceate,youyoucrf"
2336,16767052,KaitoKusumoto,"2026-09-26 02:56:01",1641.1,2,kaitokusumoto
2337,16853132,masa0219,"2026-09-26 01:51:06",1640.2,2,masa0219
2338,16885430,zoujustkidding,"2026-09-18 08:42:04",1639.3,2,chenxianshen123
2339,16621315,"Reyhan Ksatria","2026-09-19 11:26:15",1639.1,2,reyhanksatria
2340,16817750,"Baiqing Wang","2026-09-18 08:46:19",1639.1,2,wangbqbqbq
2341,16635314,"Aurora wy","2026-09-18 15:14:20",1638.9,2,aurorawy
2342,16919736,elda27,"2026-09-22 01:32:59",1637.8,2,elda27
2343,16941958,"Justin Anderson","2026-09-25 10:20:24",1636.7,2,justanderson
2344,16888261,"Andreas meling","2026-09-19 22:03:28",1636.2,2,andreasmeling
2345,16746275,LittleScottyy,"2026-09-19 11:11:39",1636.2,2,fongwaiyong
2346,16737482,Lindicaphxag,"2026-09-25 16:37:43",1636.0,2,oblivicore
2347,16852208,"LONG NT123","2026-09-19 08:30:22",1635.8,2,longnt123
2348,16691451,Nakano,"2026-09-20 00:33:55",1635.2,2,spicatom0914
2349,16656941,"Winter Lamb","2026-09-26 03:05:15",1634.7,2,fabiansyahcahyo
2350,16863551,"Fady Mohammed","2026-09-26 00:58:49",1634.3,2,fadymagdy
2351,16843522,clouds111,"2026-09-24 13:40:53",1634.2,2,clouds111
2352,16851343,"Ritwika Kancharla","2026-09-19 12:00:55",1634.0,2,ritwikakancharla
2353,16668370,"Matthew Labrador","2026-09-17 14:07:15",1633.7,2,m4tyuuu
2354,16944157,"Aly Dhedhi","2026-09-23 00:53:42",1632.4,2,alydhedhi
2355,16861885,"Олег Бабков","2026-09-25 20:37:47",1632.1,2,jabberwock78
2356,16676885,"Riva Kajangu","2026-09-25 19:06:11",1631.9,2,rivakajangu
2357,16623749,Tejas,"2026-09-17 09:53:36",1631.2,2,tejuuss
2358,16685014,"Vishal Kishore","2026-09-20 11:55:12",1631.0,2,kishorevishal
2359,16743639,Hanserong,"2026-09-18 06:20:56",1630.2,2,"ronghedragon,rufus666"
2360,16802575,saeNeko,"2026-09-17 07:47:44",1629.7,2,sae20gorilla
2361,16764901,"Han Chen","2026-09-22 09:05:16",1628.9,2,puffohan
2362,16871053,Ni123456&,"2026-09-25 05:05:05",1628.3,2,bingdongni
2363,16879879,wulawulacong,"2026-09-18 03:56:01",1628.1,2,wulawulacong
2364,16884417,"malcolm tan","2026-09-18 18:24:39",1628.1,2,malcolmtan
2365,16897955,Diganta,"2026-09-18 15:58:46",1627.4,2,digantabhattacharya
2366,16637919,NoOneAhead,"2026-09-19 03:24:29",1626.8,2,jerrlu
2367,16714401,"Ivo Georgiev","2026-09-25 22:53:16",1626.5,2,ivogeorg
2368,16653044,"x - An","2026-09-18 09:35:31",1625.5,2,"binhdth,buphmquc,hainguyenthien,pntan17"
2369,16630274,yutoAb,"2026-09-25 08:13:44",1625.3,2,yutoab
2370,16882280,K_daisuke,"2026-09-18 16:07:55",1625.0,2,kawakamidaisuke
2371,16898165,"Mahmoud Nasser","2026-09-21 20:18:26",1625.0,2,lomnafsk
2372,16621628,pupen_o,"2026-09-23 17:16:53",1624.8,2,pupeno
2373,16911021,spark328,"2026-09-19 10:30:15",1623.7,2,spark328
2374,16796223,"Bohan Shao","2026-09-18 11:27:52",1622.9,2,bohanshao
2375,16677938,"Hajime Tamura","2026-09-19 14:56:37",1622.6,2,thajime
2376,16880856,jinxingweilai,"2026-09-17 03:05:31",1622.1,2,jinxingweilai
2377,16743852,"Giovanni Giorgio","2026-09-18 14:57:23",1621.4,2,"alexandermlad,erikpymay"
2378,16866933,tech-Mira,"2026-09-18 14:19:35",1620.3,2,itsukiito
2379,16888648,"MAOSEN ","2026-09-21 10:40:03",1620.2,2,maosen
2380,16921161,"earl naranja","2026-09-18 14:29:46",1620.1,1,earlnaranja
2381,16790091,ChengxuGu,"2026-09-23 14:47:14",1619.4,2,chengxugu
2382,16663485,"Jacob Alstrup","2026-09-18 17:30:37",1618.1,2,jacobalstrup
2383,16917982,"Haitao56 ","2026-09-19 14:38:52",1617.6,2,haotao56
2384,16775010,"Alexey Kuznetsov","2026-09-19 14:26:40",1616.5,2,legtarrr
2385,16899240,"Abel Mendez","2026-09-25 04:42:43",1616.3,2,abelmendez
2386,16667604,L7n,"2026-09-17 08:29:55",1615.7,2,znwe342
2387,16897519,SShota-box,"2026-09-18 05:12:20",1615.6,2,sshotabox
2388,16924209,AmirabbasBF2027,"2026-09-24 19:10:14",1615.5,2,amirabbasbf2027
2389,16870780,"John Gates","2026-09-21 11:59:23",1615.4,2,johngates
2390,16733839,"Fabian Ruiz","2026-09-19 21:47:07",1615.4,2,fabianruiz3
2391,16706395,"Kunal Desale","2026-09-18 04:08:03",1615.4,2,kunaldesale2408
2392,16672371,Loren-wen,"2026-09-19 02:08:45",1614.7,2,wofusituerte
2393,16668761,"Lorenzo Regalado","2026-09-18 11:09:06",1614.0,2,lregaladohdez
2394,16826999,donaldxu,"2026-09-25 15:15:45",1613.4,2,abc1705
2395,16830678,Voodoo_m88,"2026-09-24 09:46:53",1613.1,2,voodoom88
2396,16896240,mexlora,"2026-09-23 08:23:06",1613.1,2,"mexlora,nolzixo,qizlona"
2397,16823981,"mou mou","2026-09-21 13:30:48",1612.5,2,moumou6322
2398,16689599,Ryvven,"2026-09-25 22:42:27",1611.3,2,unethicalmk
2399,16635280,"Narendra Sirvi","2026-09-24 04:12:37",1611.2,2,narendras78
2400,16653078,pk210495,"2026-09-21 12:11:20",1610.6,2,pk210495
2401,16657785,"Himanshu Kumar","2026-09-25 01:16:08",1609.7,2,himanshujha2812
2402,16826555,AioRaito,"2026-09-18 16:49:58",1609.7,2,aioraito
2403,16628664,"Anton Tikhonov","2026-09-25 23:26:34",1609.7,2,itwastony
2404,16886174,还没想好冥,"2026-09-18 14:45:39",1609.2,2,"fufustory,hashak,linjunren1016,mushroom1763,yamaer"
2405,16655766,前衛,"2026-09-18 16:22:25",1608.9,2,"atharvranjan,shreyasgandhe,siddharth9077"
2406,16907595,"Eric Zhang63","2026-09-18 18:15:50",1608.4,1,"ericzhang63,szqg666"
2407,16780062,Kousuke55,"2026-09-25 15:01:04",1608.0,2,kousuke555
2408,16623708,"Chekhlov Dmitrii","2026-09-18 13:45:33",1607.9,2,zoli800
2409,16855111,PixelPuff,"2026-09-18 20:24:00",1607.2,2,krishpatel290895
2410,16799769,manyuA,"2026-09-22 04:52:29",1606.4,2,"forheuristiclifeksh,manyua,realhonest"
2411,16818060,bnfan,"2026-09-20 00:55:31",1605.9,2,simonfan7
2412,16743427,Under遊具,"2026-09-18 06:00:32",1605.8,2,andayougui
2413,16721259,Qsj,"2026-09-24 01:31:34",1605.3,2,qiaoshiji
2414,16664751,"Cindy Meng90","2026-09-21 08:37:53",1605.1,2,cindymeng90
2415,16888126,Iminabo,"2026-09-17 16:21:33",1604.8,2,iminabo
2416,16875763,"芳村 愛支","2026-09-20 03:21:14",1604.5,2,shin1012
2417,16807373,"junxing peng","2026-09-17 07:28:50",1604.2,2,junxingpeng
2418,16915888,"Steve T","2026-09-20 05:28:41",1603.8,2,jamesfitxroi
2419,16652451,JackGong,"2026-09-25 13:32:45",1603.6,2,jackgong
2420,16664506,"Jonatan Asketorp","2026-09-25 15:30:45",1603.3,2,weft169aston
2421,16810954,BayramAnnakov,"2026-09-19 11:14:29",1602.9,2,bayramannakov
2422,16698560,"Seungjun Lee","2026-09-18 17:11:22",1602.9,2,seungjunleeofficial
2423,16679245,"Krzysztof Gonia","2026-09-25 21:32:38",1601.9,2,krzysztofgonia
2424,16662318,"Bardia Bahadori","2026-09-18 15:21:53",1601.7,2,bardiabahadori
2425,16915895,Shaylynn,"2026-09-17 15:58:29",1601.6,1,shittttttt
2426,16798989,"Harvest Sun","2026-09-17 06:18:22",1600.3,2,zaoooo29
2427,16859157,"David Mensah-Gbekor","2026-09-17 22:03:56",1600.2,2,ravdave
2428,16764868,y129besan,"2026-09-19 02:30:37",1599.3,2,y129besan
2429,16635910,K3V1NM,"2026-09-18 13:33:33",1599.2,2,k3v1nm
2430,16850683,cooked,"2026-09-25 23:52:12",1598.9,2,"jentopia,toasty3302,xenonminer"
2431,16659160,"Dmitry Bardonov","2026-09-18 18:20:26",1598.2,2,bdesim
2432,16843555,sol12378,"2026-09-22 05:46:50",1597.9,2,sol12378
2433,16926797,aurnik,"2026-09-24 19:26:39",1597.6,2,aurnik
2434,16866968,HXS-CF13,"2026-09-20 00:49:11",1597.1,2,hxscf13
2435,16913591,fly,"2026-09-18 07:06:04",1596.9,2,"azh1sdad,linjingmax,rong414,w1ll1am10,yuhanleo"
2436,16656340,MAGMA,"2026-09-26 01:49:48",1596.4,2,infiheart
2437,16875968,"Dias Bakhtiyarov","2026-09-16 19:41:15",1594.8,2,diasbakhtiyarov
2438,16880975,"Shenyu Ma","2026-09-18 15:19:11",1594.2,2,shenyuma
2439,16890772,tcipin-egor,"2026-09-19 01:12:37",1593.6,2,egorich51
2440,16652630,stars_w,"2026-09-18 06:57:00",1593.4,2,starsw
2441,16856629,Methematics,"2026-09-17 15:14:04",1592.5,1,pavelvasilevskiy
2442,16891562,"Weverton Guedes","2026-09-25 12:29:45",1592.0,2,owevertonguedes
2443,16897870,妮选择遗忘的,"2026-09-17 13:59:51",1591.8,2,yk120951
2444,16806635,digimagi,"2026-09-22 08:18:35",1591.0,2,digimagi
2445,16667346,Artwenty-six,"2026-09-25 15:28:47",1590.5,2,rezakautsarinsani
2446,16729488,"Bala vighnesh Reddy","2026-09-20 11:38:40",1590.4,2,balavighneshreddy
2447,16912371,Dorararra,"2026-09-23 03:37:28",1589.8,2,dorafairy661
2448,16772109,Yashvs56,"2026-09-19 11:04:41",1588.7,2,"vivaancyber,yashvs56"
2449,16669711,"Anton Shaniuk","2026-09-18 18:08:55",1588.0,2,antonshaniuk
2450,16849125,"OBSTACLE DEVELOPER","2026-09-25 15:13:29",1587.6,2,obstacledeveloper
2451,16830526,"Raghav Agrawal","2026-09-23 17:42:54",1586.2,2,raghagra
2452,16862183,Smackaveli,"2026-09-26 03:12:46",1586.2,2,spoutop
2453,16946666,"Pengfei Yan ","2026-09-25 22:20:31",1585.9,2,pengfeiyan
2454,16773170,"yy li","2026-09-24 03:40:48",1585.8,2,yangyili11
2455,16676063,"Kembang Melon","2026-09-22 01:54:48",1585.3,2,wajawaja
2456,16726616,9Hash,"2026-09-17 04:43:20",1585.0,2,hashimrazi
2457,16677774,"Abdulatif Mahgoub","2026-09-25 21:23:06",1584.9,2,abdulatifmahgoub
2458,16667880,DOPEなNOUFU耕すHOPE👨‍🌾,"2026-09-25 00:02:40",1584.5,2,"shin9915,syamoji141chan"
2459,16912052,"Nana Bast","2026-09-18 16:29:38",1584.4,2,"fontainedefurina,nanabast"
2460,16669089,YujieXing10,"2026-09-22 18:01:14",1584.1,2,yujiexing10
2461,16891588,Krtecek,"2026-09-20 11:16:13",1583.7,2,krtecek
2462,16851147,Saifuddin,"2026-09-26 03:51:11",1583.5,2,syehsyoh
2463,16626203,"Manish Kumar Maurya","2026-09-19 19:39:02",1583.3,2,manishkumarmaurya11
2464,16909973,"Tri Tuc Cao","2026-09-17 09:59:28",1583.2,1,tricao
2465,16740010,"[Deleted] 3d43f904-9731-4807-b835-0ae07351a8c7","2026-09-20 18:57:10",1582.2,2,del=230950f98ee5f235
2466,16731415,BOB,"2026-09-26 00:01:22",1581.2,2,hotpotbro
2467,16781279,zhyphirus,"2026-09-16 11:08:51",1580.3,2,zhyphirus
2468,16820607,PeriwinkleBlueOvO,"2026-09-23 12:08:16",1580.1,2,"PeriwinkleBlueOvO,wenqiangao1"
2469,16738408,kujitama,"2026-09-17 12:13:20",1579.8,2,tyamujin
2470,16897094,Ryota-Di,"2026-09-23 01:49:48",1579.4,2,ryota6230
2471,16796574,cununn,"2026-09-25 00:09:30",1579.4,2,w007425y
2472,16860811,XiaoXiaoJ,"2026-09-17 19:38:39",1579.2,2,xiaoxiaoj
2473,16861768,koala_bear,"2026-09-25 18:03:35",1578.8,2,jpkoalabear
2474,16805778,"Dương Đức Anh","2026-09-17 14:52:22",1576.8,2,"dda2k6,trungdttik55"
2475,16913081,"Danil Bashkirov","2026-09-18 08:37:53",1576.2,2,chieph
2476,16861198,Eggplanck,"2026-09-23 02:06:32",1576.2,2,gyozzza
2477,16751899,peggy,"2026-09-25 21:40:37",1576.1,2,refrigerator21
2478,16654669,"Jordi Corbilla","2026-09-25 18:46:45",1574.8,2,jordicorbilla
2479,16927981,narihz,"2026-09-22 12:25:06",1574.5,2,xiaochaizhen
2480,16680144,AM,"2026-09-17 15:52:11",1573.9,2,adammekky
2481,16853125,"BEIKE YAN","2026-09-21 02:10:30",1573.8,2,craigsid
2482,16861616,"Gagan Deep","2026-09-20 14:50:30",1573.2,2,gagandeep1
2483,16907699,"zhirong ye","2026-09-18 16:25:01",1571.8,2,zhirongye
2484,16899300,"Yassine Chritt","2026-09-17 06:31:14",1569.8,2,yassinechritt
2485,16854776,aruuu,"2026-09-24 03:30:09",1568.9,2,arruuu
2486,16643693,"Kerem çelik","2026-09-23 07:50:21",1568.2,2,keremelik
2487,16770842,yatakeuc,"2026-09-25 13:04:27",1568.0,2,yatakeuc
2488,16757392,Winter01,"2026-09-26 03:16:49",1567.5,2,wei111111
2489,16709930,llRX,"2026-09-23 07:11:17",1566.9,2,"bankkobe,leojeel,ruikaihong"
2490,16681464,Amyel21,"2026-09-17 18:28:33",1566.3,2,amyel21
2491,16940722,"Jalen ShiAo","2026-09-22 08:39:38",1565.7,1,jalenshi
2492,16654373,thwaitsusa2,"2026-09-26 02:56:56",1565.5,2,thwaitsusa2
2493,16681100,Chiranjith,"2026-09-17 11:37:34",1565.3,2,chiranjithdharma
2494,16948146,tsuka3a_soc,"2026-09-25 16:10:00",1564.8,2,tsuka3asoc
2495,16641548,"Indium AI Labs","2026-09-17 08:19:29",1564.4,2,"devaanshpa,wolframbopp"
2496,16898547,"[Deleted] 56e880dc-015c-4899-9c1b-85d9958ef4af","2026-09-15 18:25:34",1564.0,2,del=84798c2d77df7d9d
2497,16673131,"Arfin Mustofa","2026-09-17 01:40:55",1563.7,2,arfinmustofa
2498,16749466,"The Wolf of Wheat Street","2026-09-16 23:35:18",1562.3,2,"lijuantang19,yuemengzheng01"
2499,16806249,CLJY,"2026-09-24 03:05:08",1560.3,2,cljy2026
2500,16848060,juliencst,"2026-09-24 22:10:56",1559.8,2,juliencst
2501,16632757,taopy2,"2026-09-25 18:06:50",1558.8,2,taopy2
2502,16621683,Shivangoudaa,"2026-09-16 16:04:07",1558.7,2,ishivapatil
2503,16910590,Hubillionaire,"2026-09-17 06:56:01",1558.6,2,hubillionaire
2504,16914244,Poemcourt,"2026-09-17 11:14:15",1558.6,1,poemcourt
2505,16697139,Stocks152,"2026-09-20 04:10:05",1558.4,2,stocks152
2506,16894457,kento2002,"2026-09-17 16:44:18",1558.3,2,kento2002
2507,16655654,Cacinie,"2026-09-17 15:36:29",1556.7,2,cacinie
2508,16655263,rishavsaigal,"2026-09-25 08:49:02",1556.1,2,rishavsaigal
2509,16785884,"Yatharth Maheshwari","2026-09-26 01:23:37",1555.9,2,realrudraa
2510,16621610,NMarkS,"2026-09-21 12:03:36",1555.4,2,nmarks
2511,16721384,Hackoholics,"2026-09-16 05:57:18",1555.1,2,"limyenhui,richierx"
2512,16632138,kaggle_bbgg,"2026-09-26 03:18:38",1555.1,2,kagglebbgg
2513,16687479,kowalskii,"2026-09-17 08:52:42",1554.9,2,anirudhkumaraheer
2514,16743656,Deskbo,"2026-09-16 13:45:12",1554.3,2,deskbo
2515,16739019,quzhihang,"2026-09-23 08:28:40",1553.5,2,quzhihang
2516,16691038,"animal crossing","2026-09-26 03:19:35",1553.0,2,hoonchoonc
2517,16762101,"Kazama Yusuke","2026-09-25 20:22:50",1552.5,2,kazamayusuke
2518,16796484,"Ryutaro Tsujii","2026-09-24 22:48:14",1552.4,2,ryutarotsujii
2519,16825340,xiaoBOSS97,"2026-09-21 15:18:33",1552.1,2,xiaoboss97
2520,16881600,"Yoshihiro Hatakeyama","2026-09-21 03:41:49",1551.9,2,yoshihiro1909
2521,16664392,AdamHsieh,"2026-09-26 03:06:41",1551.3,2,adamhsieh
2522,16936777,tagokoro,"2026-09-24 05:14:27",1550.7,2,tagokoro
2523,16814375,"Yuta Eiki","2026-09-18 02:27:16",1549.7,2,wildauk
2524,16744837,JuliaGastellu,"2026-09-26 01:06:44",1549.4,2,juliagastellu
2525,16738534,"Sakito Horie","2026-09-16 14:14:19",1549.2,2,sakitohorie
2526,16726816,"Games Jadley","2026-09-24 22:02:50",1549.0,2,gamesjadley
2527,16726769,"Ci Zhu","2026-09-20 00:00:29",1549.0,2,zhuci1993
2528,16688460,lllleeeo,"2026-09-16 17:38:13",1547.4,2,lllleeeo
2529,16623577,"Jiayi Tang","2026-09-24 11:24:41",1546.0,2,mannguo
2530,16777138,"Anna Pakhaliuk","2026-09-23 14:23:22",1545.0,2,annapakhaliuk
2531,16855477,SiriusStarRally,"2026-09-16 09:32:59",1544.8,2,siriusstarrally
2532,16644481,Liquidus,"2026-09-16 02:57:18",1544.8,2,liquidus
2533,16907222,"Harshith Kumar","2026-09-16 17:13:57",1544.4,2,harshith1212a
2534,16714134,"Raul Tinajero","2026-09-17 19:57:39",1544.1,2,raultinajeroo
2535,16707994,"Ayush Gupta #2","2026-09-17 22:21:54",1542.3,2,desmond6101
2536,16867924,PeaBrain,"2026-09-16 01:22:29",1541.1,2,abiruekanayaka1
2537,16793553,hoon0303,"2026-09-16 12:38:01",1541.0,2,hoon0303
2538,16676034,"Songyot P","2026-09-18 06:33:06",1540.4,2,songyotpi
2539,16885548,"Anand Kumar 369o","2026-09-16 15:24:25",1540.3,2,anandkumar369o
2540,16897719,"Muhammad Aashir Irshad","2026-09-21 14:44:03",1540.2,2,muhammadaashirirshad
2541,16639844,MaxChen303,"2026-09-20 03:12:58",1540.1,2,maxchen303
2542,16729192,1m0ke,"2026-09-26 00:28:28",1540.0,2,smokelate
2543,16848633,umizora,"2026-09-26 03:41:40",1539.4,2,yoiisohira
2544,16632172,Ayodeji,"2026-09-25 15:14:57",1538.9,2,ayodejiibrahimlateef
2545,16876520,OpenModelMap,"2026-09-18 15:05:55",1538.7,2,openmodelmap
2546,16701948,"Shaokai Zhang","2026-09-19 10:58:04",1538.5,1,shaokaizhang
2547,16697249,"Sudharsana Rajasekaran","2026-09-24 01:19:07",1538.4,2,sudhan03
2548,16849328,"Gaurav #2","2026-09-17 13:14:38",1538.3,2,genesis96839
2549,16796544,"Xiaonan FU","2026-09-16 01:44:11",1537.7,2,xiaonanfu999
2550,16857404,gachichan,"2026-09-16 23:58:47",1537.6,2,gachichan
2551,16934864,"Li Li","2026-09-26 02:39:39",1537.5,2,aikinogard
2552,16754567,"Ashraf 1232","2026-09-21 22:14:18",1537.4,2,ashraf1232
2553,16664111,"John Park","2026-09-21 14:31:23",1537.0,2,sigint
2554,16676762,"Tomas Escobar Rivera","2026-09-16 01:46:24",1536.9,2,tomasescobarrivera
2555,16827097,"Bình Trần Thanh","2026-09-16 03:47:00",1536.9,2,dsdadasda
2556,16716012,LaiCxm,"2026-09-24 11:50:02",1535.7,2,laicxm
2557,16736985,Colt,"2026-09-17 01:14:29",1535.5,2,nht1990
2558,16791873,Eldritch,"2026-09-25 05:54:39",1534.9,2,"sanjay6727,thefool00"
2559,16633179,infamemconculcemus,"2026-09-25 15:46:30",1534.4,2,jcgweb
2560,16651257,PursueML,"2026-09-22 16:24:27",1533.5,2,"cuijohn,pursueml"
2561,16832209,enduejdu,"2026-09-24 15:26:26",1533.5,2,"cliff376,enduejdu,vvennie,yuwenyue"
2562,16933118,wkdbskwsm,"2026-09-24 08:54:21",1532.5,2,wkdbskwsm
2563,16682667,"zeel vavliya","2026-09-24 07:18:29",1532.4,2,zeelvavliya
2564,16862967,Unicorns,"2026-09-15 17:50:14",1532.2,2,"isaacjiang,ryokitano"
2565,16668262,spbforce,"2026-09-25 09:58:17",1531.3,2,spbforce
2566,16845382,Alpha_Ashwin007,"2026-09-23 20:31:55",1530.9,2,alphaashwin007
2567,16729102,"Bruce Zheng","2026-09-16 06:58:02",1530.9,2,brucezheng666
2568,16908116,"Kabir Potdar","2026-09-16 18:40:56",1530.0,2,kabir01010
2569,16891851,kamranahmmed,"2026-09-23 12:49:22",1529.7,2,kamranahmmed
2570,16839902,"Sōsuke Aizen","2026-09-16 19:50:03",1529.6,2,"soukeaizenz,souvikdbiswas"
2571,16907576,"Dat Nguyen Viet","2026-09-16 16:39:59",1529.4,2,datnguyenviet
2572,16655682,"Azamat Sadikov","2026-09-16 23:07:23",1529.1,2,azamatsadikov
2573,16915300,wanhty,"2026-09-18 13:43:54",1528.7,1,wanhty
2574,16838625,kyohei2106,"2026-09-17 22:37:42",1528.4,2,kyohei2106
2575,16743172,moonzfxs,"2026-09-23 15:34:29",1528.3,2,moonzfxs
2576,16710466,"Charles Backman on LinkedIn","2026-09-14 14:14:42",1527.9,2,charlesbackman
2577,16725947,SamarthRawat18,"2026-09-24 16:29:45",1527.5,2,samarthrawat18
2578,16763551,"PRASHANT SHUKLA91","2026-09-25 07:45:10",1525.9,2,prashantshukla91
2579,16674174,"Ramesh Arvind","2026-09-25 08:46:18",1525.5,2,rameshln
2580,16904028,BraydenPikachu,"2026-09-25 19:38:24",1523.9,2,braydenpikachu
2581,16849778,"Kim Minh","2026-09-22 03:21:00",1523.9,2,hanming14
2582,16791828,Ling,"2026-09-14 21:50:30",1523.7,2,lingbia
2583,16847311,WangYilin_henuAI,"2026-09-21 03:46:35",1523.3,2,"hyhyyh,violin1,xiaoming1238952"
2584,16892796,FunLegendGaming,"2026-09-17 16:27:04",1523.1,2,funlegendgaming
2585,16690401,Skyspace,"2026-09-16 11:02:11",1522.7,2,empireblue
2586,16662380,"Brandon Calderon-Morales","2026-09-16 03:44:42",1522.4,2,bmoe640
2587,16748738,Shymohn,"2026-09-17 07:01:37",1522.4,2,shymohn
2588,16670933,Pat,"2026-09-15 05:34:10",1522.2,2,junseia
2589,16692923,"Pavel Kazlou","2026-09-15 07:03:42",1521.7,2,paulik
2590,16692711,Deniz,"2026-09-16 14:51:14",1521.3,2,denizeryilmaz
2591,16878308,Pjchauhan,"2026-09-25 04:59:56",1521.2,2,pjchauhan
2592,16895014,trying_out,"2026-09-15 20:03:10",1521.1,2,"samiatisha,vickysynapsev"
2593,16685342,"Kanth Da","2026-09-21 04:15:12",1521.1,2,"kanthda,riteeshreddybysani"
2594,16865570,"Kedar Kale","2026-09-22 14:32:10",1520.1,2,kedarkale
2595,16752019,"Kaipeng Zheng","2026-09-20 08:37:16",1519.6,2,kaipengzheng
2596,16905157,Moonyk,"2026-09-16 08:16:37",1519.3,1,moonyk
2597,16653068,"Shuichi Fushimi","2026-09-15 11:47:34",1517.9,2,shuichifushimi
2598,16697185,"Prince Special","2026-09-25 05:19:25",1517.9,2,temitayogbolahan
2599,16728135,sukirman,"2026-09-16 03:25:01",1517.2,2,rakbidb
2600,16904006,vorlian,"2026-09-16 03:18:09",1517.0,2,vorlian
2601,16731983,Gracie,"2026-09-14 14:40:35",1516.6,2,gracie428
2602,16758954,shenjj02,"2026-09-17 02:30:08",1516.6,2,shenjj26
2603,16915374,"Muaz Husaini","2026-09-21 06:18:49",1516.5,2,muazhus
2604,16768543,caas_sicca,"2026-09-19 07:56:21",1516.2,2,caassicca
2605,16794542,ysd1110,"2026-09-15 15:36:07",1515.1,2,ysd1110
2606,16693439,"Ankit Hemant Lade","2026-09-24 23:26:13",1515.0,2,"ankitlade12,jsaikrishna"
2607,16908326,"Cristiano M Martins","2026-09-25 18:47:00",1514.4,2,cristianommartins
2608,16732735,MMMMMMMMMMMM,"2026-09-16 14:57:27",1514.1,2,hyh273279
2609,16807380,"D × MirAI","2026-09-25 07:43:33",1514.1,2,kmnkmn
2610,16661622,"Ergin Akın","2026-09-21 17:19:04",1514.1,2,erginakin
2611,16908832,"ranya marwan","2026-09-18 20:46:58",1514.0,2,ranymarwan286
2612,16850078,"Safwan Amin","2026-09-16 16:53:04",1513.9,2,bracu23101281
2613,16824010,yuxingyizhou,"2026-09-18 03:29:21",1513.6,2,yuxingyizhou
2614,16761324,WLYYYo,"2026-09-22 14:15:28",1513.4,2,wlyyyo
2615,16630713,"Grzegorz Sionkowski","2026-09-16 11:44:56",1512.5,2,sionek
2616,16640780,"drezna ultra","2026-09-18 14:14:35",1512.2,2,notakes
2617,16773064,"Sonu Yadav","2026-09-26 02:38:10",1511.8,2,sonuyadav710
2618,16774699,"Rio Nakamura","2026-09-16 09:25:16",1511.6,2,rionakamura10
2619,16671504,Agentmaster,"2026-09-16 15:21:27",1511.3,2,"kinjaza,shawnno"
2620,16886193,"Xiaoyong Zhu","2026-09-15 01:23:47",1511.2,2,xiaoyzhu
2621,16877685,"Felipe Figueiredo","2026-09-24 02:47:56",1511.0,2,felipefigueiredo02
2622,16662314,"Hanh Tran","2026-09-16 09:57:42",1510.9,2,honghanhhh
2623,16702275,Joyal,"2026-09-16 09:41:16",1510.3,2,joyalseejo
2624,16710499,sukeke,"2026-09-15 04:28:10",1509.4,2,sukeke
2625,16662681,"Vernon Campbell","2026-09-18 01:51:57",1509.2,2,vernoncampbell
2626,16881248,Veerakrishna,"2026-09-17 16:30:12",1508.3,2,veerukhannan
2627,16854521,koumiyata,"2026-09-25 22:20:51",1506.6,2,koumiyata
2628,16840576,kfsky,"2026-09-19 11:16:48",1506.6,2,kengofujii
2629,16854472,Taimo,"2026-09-16 14:56:55",1505.9,2,taikimori
2630,16673370,JeovaAnderson,"2026-09-24 15:45:12",1505.4,2,jeovaanderson
2631,16905643,yngd99,"2026-09-16 12:32:42",1505.2,1,yngd99
2632,16924959,"Shun Liou","2026-09-24 03:35:42",1505.1,2,shunliou
2633,16709872,"Tim McGarvey","2026-09-25 15:08:40",1504.6,2,timmcgarvey
2634,16847620,york1to,"2026-09-15 19:10:35",1504.6,2,yorkkang
2635,16903970,qorlin,"2026-09-16 03:12:00",1504.4,2,qorlin
2636,16634493,xixi,"2026-09-15 16:40:52",1503.9,2,huangcarry26
2637,16884753,God111,"2026-09-25 22:22:48",1503.6,2,god111
2638,16896854,photonova,"2026-09-15 12:29:25",1503.5,2,photonova
2639,16764546,Thirst,"2026-09-15 13:07:32",1502.9,2,wahidakram
2640,16842246,montplusa,"2026-09-17 00:59:05",1501.5,2,montplusa
2641,16646970,juewang1p,"2026-09-21 13:00:11",1500.0,2,juewang1p
2642,16751603,xxxzzz123312123321,"2026-09-24 02:40:01",1499.4,2,xxxzzz123312123321
2643,16681893,morality0707,"2026-09-25 18:43:15",1499.3,2,morality0707
2644,16739181,yamu_duck,"2026-09-18 12:14:10",1498.5,2,crazyleg11
2645,16896886,"hemloock ","2026-09-15 12:35:43",1498.0,2,hemloock
2646,16640540,QYQ1693,"2026-09-16 03:29:19",1497.0,2,qyq1693
2647,16896572,latentm,"2026-09-16 02:34:09",1497.0,2,"latentm,quannt9,xanvior,xeloria"
2648,16662628,AbhiniveshSharma5354,"2026-09-15 06:38:39",1495.6,2,abhiniveshsharma5354
2649,16896033,omnifluxor,"2026-09-15 09:40:03",1495.2,2,omnifluxor
2650,16878353,"Hongbin Gu","2026-09-16 02:18:10",1495.2,2,guhongbin
2651,16744342,"glupez ","2026-09-23 16:52:06",1494.8,2,glupez
2652,16864346,"Yanwei Lu","2026-09-15 19:27:35",1494.6,2,yanweilu
2653,16709950,"Ryan Myers","2026-09-25 05:52:17",1494.2,2,ryanmyers03
2654,16936749,statma,"2026-09-26 03:15:36",1494.1,2,"fractalbyte,marshjff,statma,valqeth"
2655,16637973,StephenNedumpally,"2026-09-15 07:50:55",1493.3,2,stephennedumpally
2656,16893291,"We Want... A Shrubbery!","2026-09-17 21:55:10",1492.8,2,timlongii
2657,16635418,ocean240812,"2026-09-23 10:27:41",1492.4,2,ocean240812
2658,16750931,"Antonio Rotundo","2026-09-19 12:04:18",1492.1,2,antoniorotundo2
2659,16791999,"Dashi Tsybikzhapov","2026-09-22 09:40:23",1491.9,2,dashitsybikzhapov
2660,16651806,shawnYiB,"2026-09-24 14:34:14",1491.5,2,"mike17cui,shawnyib"
2661,16826719,"Dennis HT","2026-09-18 09:43:32",1490.5,2,dennisht
2662,16895927,logicorix,"2026-09-15 09:30:21",1489.9,2,logicorix
2663,16625082,真的懒,"2026-09-19 06:14:56",1489.8,2,gtccc9
2664,16757320,Jingxiang,"2026-09-12 22:11:32",1489.6,2,jingxiango
2665,16887661,magic101,"2026-09-14 22:48:26",1489.5,2,magicbuttons
2666,16720316,"Hưng Trần","2026-09-16 10:27:05",1489.4,2,hungtrabiz
2667,16676278,"Om Sangwan","2026-09-23 15:04:01",1489.0,2,omsangwan
2668,16931121,Caocao,"2026-09-24 12:27:11",1488.5,2,caocaoIvy
2669,16670504,Shirabe,"2026-09-17 03:00:23",1488.5,2,carlmakt
2670,16864125,culture,"2026-09-15 12:50:09",1488.5,2,shkurak
2671,16872207,"Tèo Búng","2026-09-18 08:06:06",1488.3,2,teobung
2672,16746372,"Meerub Atiq","2026-09-18 13:00:49",1488.2,2,meerubatiq
2673,16730326,atsushi11o7,"2026-09-24 23:07:49",1488.0,2,atsushi11o7
2674,16679004,"Kevin Zhao","2026-09-22 07:36:22",1487.4,2,kevinzhao666
2675,16623199,"Jesse Ferguson","2026-09-25 22:32:37",1486.6,2,jesseferguson
2676,16893208,hongan,"2026-09-15 21:49:30",1486.4,2,honganzhu
2677,16665637,Luvsh81,"2026-09-15 14:36:39",1486.4,2,luvsh81
2678,16694346,ywwywww,"2026-09-14 07:52:56",1486.2,2,ywywww
2679,16711398," Fable 5.1","2026-09-19 05:09:10",1485.7,2,chenxizhao21
2680,16706576,王一凡,"2026-09-23 01:33:57",1484.3,2,"liuziyang1016,mikakohinata68"
2681,16682032,"Satkar sarvankar","2026-09-25 14:17:58",1484.3,2,satkar003
2682,16755099,"Aleksandr Ulianin","2026-09-14 12:05:33",1482.8,2,aleksandrulianin
2683,16891791,judy12345.0316,"2026-09-15 05:38:38",1482.8,2,judy123450316
2684,16682306,岸本湧士郎,"2026-09-15 05:27:08",1482.6,2,yushiro20021111
2685,16742159,mimi！,"2026-09-16 05:57:58",1482.4,2,"morongzhu,we111135"
2686,16622531,"musya lyusya team","2026-09-15 17:44:15",1482.2,2,vswz2nqp
2687,16777137,Bernardus,"2026-09-25 08:18:07",1481.3,2,bernubritz
2688,16716078,H&E,"2026-09-24 02:00:13",1481.0,2,"jenzenhuang,luwyeb,wafflebear,wenjiewangdev"
2689,16904305,"YICHEN PAN","2026-09-16 18:39:53",1479.2,2,sakanamango
2690,16730713,"Michael Mueller","2026-09-20 19:57:03",1478.9,2,michaelmueller26
2691,16759402,Capitaalgain,"2026-09-26 03:27:55",1478.6,2,capitaalgain
2692,16845112,"Robert Baburin","2026-09-20 18:23:29",1477.8,2,robertbaburin
2693,16924679,"Vandan Sharma","2026-09-20 09:50:10",1477.8,2,vanam56
2694,16630129,"Yi Lu","2026-09-16 01:54:33",1477.6,2,liqiu0224
2695,16669441,"Chirag Desai","2026-09-18 15:03:16",1477.5,2,cid007
2696,16653127,"Talim Aushakhman","2026-09-15 17:29:46",1476.2,2,talimaushakhman
2697,16802442,"Rabia Eda Yılmaz","2026-09-15 19:10:02",1476.2,2,truthisneverlinear
2698,16875986,"k hori ","2026-09-15 16:45:11",1476.1,2,khori7
2699,16887142,backsider,"2026-09-16 09:34:44",1475.6,2,backsider
2700,16843303,inori315,"2026-09-14 13:31:27",1475.5,2,inori315
2701,16661362,BEETRiX🦋,"2026-09-25 21:08:13",1475.2,2,johannaleighdeley
2702,16889004,SkOnTheRocks,"2026-09-15 11:43:43",1473.3,2,skontherocks
2703,16939076,"camron sanders","2026-09-25 12:52:24",1473.0,2,camronsanders
2704,16903902,wanghaozhi,"2026-09-20 02:00:08",1472.9,2,wanghaozhi
2705,16896267,HendraDanuSaputraChauwito,"2026-09-16 12:37:41",1472.2,2,usilisme
2706,16891432,porzlck,"2026-09-17 10:07:44",1471.3,2,orzlck
2707,16895926,Zengr1,"2026-09-17 09:58:50",1471.3,2,zengr1
2708,16767960,"Yuvraj Bhati","2026-09-14 23:24:32",1471.3,2,avioon
2709,16944851,Asuka0131_LFG,"2026-09-26 03:21:09",1470.7,2,whisperss
2710,16845165,Tanuki_boosting,"2026-09-13 12:41:51",1470.4,2,miyamotodaiya
2711,16881350,xwl_tree,"2026-09-18 10:40:29",1470.4,2,xwltree
2712,16730495,joinus,"2026-09-15 08:34:22",1470.4,2,joinus2003
2713,16797029,phospholipid,"2026-09-20 23:17:05",1470.2,2,phospholipid0614
2714,16731799,"Ansh The Farmer 👩‍🌾","2026-09-15 19:05:59",1470.0,2,affection
2715,16845020,AGI,"2026-09-17 18:19:05",1469.3,2,"guusadema,tgroen3"
2716,16671133,Kazeneko,"2026-09-14 22:39:30",1468.4,2,kazeneko77
2717,16754838,"Berkay Özkan","2026-09-25 12:57:20",1468.2,2,berkayzkan
2718,16655844,MAFIN,"2026-09-14 12:37:15",1467.8,2,moneyman91
2719,16667766,vasujain7,"2026-09-14 17:44:19",1466.5,2,vasujain7
2720,16709236,rick11224,"2026-09-13 16:37:58",1466.4,2,rick11224
2721,16875618,"Joel P. Joseph","2026-09-25 13:57:41",1466.4,2,joelpjoseph
2722,16884892,AQiDA19,"2026-09-14 02:32:26",1466.4,2,aqida19
2723,16731577,RYnerv,"2026-09-14 11:33:32",1466.3,2,rynerv
2724,16731074,UmutUygurr,"2026-09-24 09:57:32",1466.3,2,"dilahbaheci,umuttuygurr"
2725,16866971,imriad,"2026-09-23 04:26:59",1465.7,2,riadhhossain
2726,16918151,"Hidenori Sasaki","2026-09-25 16:49:57",1463.5,2,hidenorisasaki
2727,16728321,Rohitt_94,"2026-09-14 11:49:40",1463.3,1,rohitt94
2728,16847725,SOLUCIENCE,"2026-09-22 14:41:42",1463.2,2,solucience
2729,16861256,lizh2025,"2026-09-16 15:02:06",1462.4,2,lizh2025
2730,16691001,"Mahmoud Abdelshafy","2026-09-14 20:08:03",1462.2,2,mahmoudabdshafy
2731,16722295,"Yuya Shintani","2026-09-20 16:06:02",1461.9,2,uplus26e7
2732,16630784,"🚜 Sub-Par Seedlings","2026-09-15 16:54:05",1461.5,2,"dwellement0baser,michaellist,oneupkiwi,wilhelmberghammer"
2733,16862582,StephaneB7899,"2026-09-14 02:34:17",1461.2,2,stephaneb7899
2734,16724366,"YASH JAIN","2026-09-23 15:58:40",1460.9,2,yashjain911
2735,16840921,evolved,"2026-09-15 05:03:46",1460.1,2,algunion
2736,16753925,"Tyler Durden","2026-09-15 08:06:49",1460.1,2,jeedimetlacharan213
2737,16658426,RIVEN23,"2026-09-15 04:02:51",1459.8,2,riven5
2738,16868001,"Young MacDonald","2026-09-18 15:16:22",1459.5,2,natert
2739,16659771,DieByTheSword,"2026-09-16 08:53:03",1459.5,2,przemysawstroiws
2740,16841440,CornFormer,"2026-09-17 03:03:35",1459.3,2,linyangtian
2741,16733016,Quillbolt,"2026-09-26 01:57:13",1459.2,2,tunminhhunh
2742,16862912,"Nicolas Krusche","2026-09-15 00:03:10",1458.5,2,nicolaskrusche
2743,16835851,ruizhichen,"2026-09-22 16:59:50",1458.3,2,ruizhichen
2744,16630312,beijijun,"2026-09-14 12:04:11",1457.9,2,beijijun
2745,16806728,"Neural Knight","2026-09-24 16:39:55",1457.9,2,"chinmaymnaik,sivasainath06"
2746,16758817,Ruwawa,"2026-09-15 14:26:15",1457.8,2,ruwawa
2747,16760515,"Kazuo Watanabe","2026-09-14 12:06:35",1457.5,2,watanabekazuo
2748,16764301,"Quýt đây đừng sợ","2026-09-20 15:19:28",1457.4,2,ponschannel
2749,16892272,"Leo #3","2026-09-14 15:44:18",1457.4,1,leo123321
2750,16621355,Raiden.B,"2026-09-22 16:08:44",1457.4,2,raidenb
2751,16622245,"Vlas Veles","2026-09-25 14:21:22",1457.3,2,vlasveles
2752,16828191,wanghongwei111,"2026-09-14 13:07:32",1456.9,2,wanghongwei111
2753,16624109,"Nguyễn Thế Minh Đức","2026-09-15 01:01:29",1455.4,2,nguynthminhc
2754,16622788,Fitzcarraldo,"2026-09-24 11:48:24",1454.7,2,ivankuc
2755,16674295,"Nguyễn Minh Hiếu","2026-09-19 07:44:18",1454.7,2,endermage
2756,16674878,KirillKlem,"2026-09-13 18:19:27",1454.6,2,kirillklem
2757,16854842,ijiiok,"2026-09-21 11:46:42",1454.3,2,ijiiok
2758,16793755,"Juank Suarez","2026-09-20 02:45:18",1452.9,2,juanksuarez
2759,16657276,"Пётр П","2026-09-25 22:36:49",1452.2,2,petrinvest
2760,16769435,"Nguyễn Mạnh","2026-09-21 04:23:56",1452.1,2,nguyenmanh97
2761,16845023,zhtmgxr,"2026-09-17 04:53:03",1451.1,2,zhtmgxr
2762,16696716,MatiasMG,"2026-09-25 06:10:49",1451.0,2,matiasmgonzalez
2763,16886979,"Ivan Toropin","2026-09-13 21:21:17",1450.9,2,ivantoropin
2764,16936434,joshuag99,"2026-09-21 22:33:29",1450.8,2,joshuag99
2765,16846069,"Bryce Muhlnickel","2026-09-14 03:27:19",1450.5,2,tokenjunkielabs
2766,16684704,LIQUIDHORSE,"2026-09-14 17:57:58",1450.4,1,liquidhorse
2767,16713335,"Muhammad Imran","2026-09-14 09:42:21",1449.5,2,muhammadimranchitral
2768,16845695,"Nam Lê Phương","2026-09-14 06:56:08",1449.4,2,pearpn25
2769,16709504,U023,"2026-09-14 16:44:14",1449.3,2,ryutek
2770,16780279,"N Divij","2026-09-12 18:30:06",1449.2,2,divijio
2771,16791254,player123,"2026-09-21 15:21:23",1448.8,2,prashantbhattarai093
2772,16732945,"Aru Ohta","2026-09-22 14:21:41",1448.6,2,aruohta
2773,16659395,HyperX,"2026-09-15 11:53:22",1447.4,2,"diversedharun,harishinkaggle"
2774,16750575,Gronk,"2026-09-24 05:37:06",1447.4,2,jianyicai
2775,16861637,薄荷喵呜,"2026-09-12 09:39:16",1446.5,2,bohemiao
2776,16723427,"Nikita Biryukov","2026-09-14 07:00:48",1445.8,2,bnikita
2777,16693942,"Lisan al-Gaib","2026-09-19 17:10:43",1445.7,2,azrihasin
2778,16654742,"Aastik Rajan15","2026-09-14 11:58:25",1445.4,2,aastikrajan15
2779,16703315,"Ryan Triplett","2026-09-23 23:26:48",1445.4,2,ryantriplett
2780,16740431,yuikag,"2026-09-16 02:50:40",1445.3,2,yuikag
2781,16735353,我是刘大聪,"2026-09-14 16:55:50",1445.1,2,smartorz
2782,16719563,"GPT-5.6 Sol🏆","2026-09-26 03:32:48",1445.0,2,"ctfxiao,gaoruihua,otherworldly777,wennaliu2007,xgentle"
2783,16891334,"Ruslan Akhmetov","2026-09-14 12:21:55",1444.9,1,ecolla999
2784,16744914,"El Mehdi EL JAIR","2026-09-21 07:56:02",1444.6,2,elmehdieljair
2785,16658382,vladee,"2026-09-22 15:31:10",1444.5,2,vladee
2786,16639642,c-number,"2026-09-13 03:29:40",1444.1,2,cnumber
2787,16695664,Bantam,"2026-09-24 21:35:52",1444.1,2,bantam
2788,16809200,v0m0v,"2026-09-13 12:09:18",1443.7,2,maguchiya
2789,16672121,"Tiger bonbon","2026-09-14 03:41:59",1443.5,2,fujiwarayuto
2790,16655098,"Brotron Carbide","2026-09-24 22:11:14",1443.2,2,brotroncarbide
2791,16911078,Tolgii,"2026-09-26 03:16:50",1442.8,2,tolgakiremit
2792,16728160,Ozi,"2026-09-14 18:37:07",1442.8,2,muhammaduzair21
2793,16783021,"TAN TIANYE","2026-09-13 03:04:35",1442.3,2,tantianye
2794,16707303,meTeam,"2026-09-24 18:14:20",1441.9,2,aaronzribi
2795,16863335,"Bright Choice AI","2026-09-26 02:13:50",1441.5,2,brightchoiceai
2796,16810030,fukumayo,"2026-09-23 05:07:59",1441.4,2,fukumayouta
2797,16918568,"Penn Lam","2026-09-24 09:56:43",1441.1,2,pennlam
2798,16802843,Dream,"2026-09-16 02:45:24",1441.0,2,"jamesl8,tzeweilim"
2799,16870577,"Kenan Zhang9","2026-09-21 02:18:25",1440.6,2,kenanzhang9
2800,16841799,珍珠,"2026-09-14 16:49:56",1440.6,2,luochen6
2801,16674586,"Stanislav Ilin","2026-09-15 13:33:30",1440.5,2,stanislavilin2026ai
2802,16649314,"Yuka,Ota","2026-09-14 08:17:18",1439.9,2,yukaika
2803,16879614,"Razvan Stancioiu","2026-09-22 20:24:54",1439.6,2,razvanstancioiu
2804,16840588,Q.Ai,"2026-09-13 19:36:27",1439.3,2,"alperennbaran,hseyinemre134"
2805,16679827,Juanky_too,"2026-09-25 16:47:05",1438.9,2,juankytoo
2806,16875849,"Yaotong Niu","2026-09-15 13:37:34",1438.8,2,yaotongniu
2807,16893402,tedo,"2026-09-15 00:05:46",1438.7,2,takuroedo
2808,16884861,Sky,"2026-09-13 07:20:40",1438.5,2,dhaksheshwarm
2809,16783537,JustinybGao,"2026-09-20 15:51:23",1438.4,2,justinybgao
2810,16743342,"Артём Свинобоев","2026-09-13 11:38:29",1438.1,2,ssstelmah
2811,16759849,kkanayj,"2026-09-25 12:56:58",1437.7,2,kkanayj
2812,16669594,euorrl,"2026-09-19 22:06:36",1437.5,2,euorrl
2813,16884368,LaManbo,"2026-09-13 10:51:44",1437.0,2,encizhang
2814,16835641,baojidehuangmao,"2026-09-17 10:38:44",1436.7,2,"brittneylewis2,innocentdzzz"
2815,16761418,"Piggy Piggy","2026-09-14 23:37:49",1436.1,2,txgg123
2816,16661539,"Ilia Mironov","2026-09-23 22:03:44",1436.0,2,millcool
2817,16707865,"bb aa","2026-09-20 09:47:41",1435.6,2,bbaa233
2818,16654322,"Debatreya Biswas","2026-09-24 14:55:19",1435.4,2,debatreyabiswas
2819,16875464,tllswelp,"2026-09-13 11:07:16",1434.8,2,tllswelp
2820,16652272,"nadhir hasan","2026-09-13 14:07:09",1434.3,2,nadhirhasan
2821,16865554,"parker tan","2026-09-18 10:42:33",1433.7,2,parkertan
2822,16915820,CjzmFeng,"2026-09-24 18:41:22",1433.2,2,cjzmfeng
2823,16777836,キムチ納豆,"2026-09-13 07:07:18",1433.1,1,ccchikuwa
2824,16796133,NoMoreThan20Words,"2026-09-15 00:19:25",1431.9,2,nomorethan20words
2825,16854439,"Yosef Zoabi","2026-09-13 21:05:15",1431.8,2,yosefzoabi
2826,16633773,copasta,"2026-09-13 06:16:43",1431.7,2,copasta
2827,16807802,嘴爷,"2026-09-14 02:14:43",1431.2,2,zui0711
2828,16942588,Isabe11aM00re,"2026-09-25 19:37:41",1430.8,2,"dan1e1c1ark,henryy0ung,isabe11am00re,s0ph1amart1n"
2829,16885807,S3unburst,"2026-09-13 10:25:40",1430.6,2,s3unburst
2830,16802410,"Aleksandr  Larko","2026-09-14 02:42:42",1430.4,2,alexxanderlarko
2831,16793452,"Ghazaros Ghazaros","2026-09-25 10:59:42",1429.9,2,ghazarosghazaros
2832,16698726,加油,"2026-09-14 12:25:38",1429.7,2,honeeyl
2833,16866868,mr_children_0617,"2026-09-14 13:01:56",1429.5,2,mrchildren0617
2834,16625219,MJVinay,"2026-09-25 15:57:09",1428.7,2,mallajayanthvinay
2835,16736265,"Marko Rupnik","2026-09-12 21:03:29",1428.1,2,markorupnik
2836,16885734,zylvento,"2026-09-13 10:02:37",1427.2,2,"lorvexa,zylvento"
2837,16697411,VynoDePal,"2026-09-20 23:47:47",1427.0,2,kvynodjo
2838,16810141,"Sijie Ma","2026-09-13 14:22:49",1426.2,2,"dimashitong112,sijiema"
2839,16622820,"Sergey Nefedov","2026-09-13 18:00:39",1426.0,2,sergionefedov
2840,16847763,MartinZiserman,"2026-09-11 23:53:37",1425.8,2,zarmii
2841,16668157,"vineet dairashri","2026-09-24 21:14:39",1425.6,2,vineetdairashri
2842,16716533,wiffany,"2026-09-13 11:23:08",1425.4,2,wiffany
2843,16656312,"retiring to farm","2026-09-25 14:55:10",1425.3,2,"avnermlim,belati,hilariusjeremy,matthewpramana,nicholasarditirta"
2844,16877997,Mirlan,"2026-09-13 07:44:53",1425.3,2,zmtrxq
2845,16731501,"Shiv Satyam","2026-09-13 22:14:15",1425.3,2,shivsatyam
2846,16881882,Fl,"2026-09-14 21:42:24",1424.9,2,flagon
2847,16629873,UncleWKTK,"2026-09-13 05:24:28",1424.9,2,unclewktk
2848,16686155,梁圣的恩情还不完,"2026-09-14 14:08:46",1424.7,2,yyyyhhhhwww
2849,16855071,Janvi_ch,"2026-09-13 18:22:18",1424.3,2,janvich
2850,16780995,"Silver Surfer","2026-09-25 09:29:46",1424.0,2,hausch11
2851,16657750,Pii,"2026-09-26 02:56:57",1423.5,2,proptiter
2852,16865854,lancerhim,"2026-09-14 04:18:21",1423.4,2,lancerhim
2853,16796235,"Keside Onyeocha","2026-09-20 01:25:05",1422.6,2,kesideonyeocha
2854,16774250,"C R Suthikshn Kumar","2026-09-24 16:18:14",1421.9,2,crsuthikshnkumar
2855,16644877,lu_fish,"2026-09-21 02:47:53",1421.6,2,thefish114514
2856,16669604,"Abhijit Pise","2026-09-13 21:25:57",1421.4,2,abhijitpise
2857,16885455,"Ali Azizi","2026-09-19 12:36:06",1421.0,2,aliazizi1
2858,16672448,"Crisis Liu","2026-09-23 05:47:19",1420.7,2,crisisliu
2859,16641816,"Toshiki Honda","2026-09-16 15:03:37",1420.0,2,toshikihonda
2860,16697540,"Jared Floersch","2026-09-24 12:24:14",1419.5,2,jaredfloersch
2861,16761657,Picu,"2026-09-25 15:44:04",1419.4,2,rumoschilling
2862,16659419,"Chahat Mehra","2026-09-22 08:47:25",1419.1,2,chahatmehra
2863,16864988,"jiangling wang","2026-09-13 10:59:00",1418.1,1,jianglingwang
2864,16756698,savoelh,"2026-09-25 19:05:51",1417.7,2,savoelh
2865,16862390,huytngo,"2026-09-13 02:44:09",1416.3,2,huytngo
2866,16728774,あなまか,"2026-09-25 23:42:10",1415.7,2,arakish
2867,16639168,Sergey,"2026-09-13 08:22:45",1415.4,2,sergeymikhailovn
2868,16653311,"Stanislav Tsepa","2026-09-25 17:34:22",1415.1,2,mrtsepa
2869,16862084,weiooocnnnnnn,"2026-09-15 11:52:22",1414.9,2,weiooocn
2870,16691670,wangbin.dev,"2026-09-17 16:58:12",1414.5,2,wangbindev
2871,16881755,MudassarPAPI,"2026-09-14 08:59:06",1413.3,2,mudassarpapi
2872,16643554,"Arnie Jimenez","2026-09-16 16:50:18",1412.7,2,arniejimenez
2873,16746025,Hamachi,"2026-09-26 03:47:48",1412.3,2,hamatz
2874,16855088,Re:dorf,"2026-09-15 12:44:10",1411.7,2,reydorf
2875,16630803,"Mirza Milan Farabi","2026-09-13 21:59:25",1411.1,2,mirzamilanfarabi
2876,16859745,111,"2026-09-25 16:54:39",1411.1,2,guoz112
2877,16725287,NoahRyan,"2026-09-13 10:37:32",1411.0,2,beginner080
2878,16772460,"Дмитрий Онин","2026-09-14 05:22:31",1411.0,2,rejo1ce
2879,16716867,"Kevin Gemilang","2026-09-19 04:52:17",1411.0,2,kevingemilang
2880,16858523,"Taivanbat Bayarsaikhan","2026-09-24 08:03:28",1410.2,2,taivnaaiwnl
2881,16743392,tellurium_rrr,"2026-09-26 02:47:11",1410.0,2,telluriumrrr
2882,16884822,reziavon,"2026-09-13 05:38:11",1409.7,2,reziavon
2883,16847370,"Suleyman Yollyyev","2026-09-25 05:54:55",1409.4,2,suleyman71
2884,16623603,"Renji Starfall","2026-09-13 14:14:01",1409.1,2,renjistarfall
2885,16706004,Divyansh,"2026-09-23 19:47:12",1408.1,2,sehgaldivyansh
2886,16681049,"SiLin “Can SiLin” Can","2026-09-13 05:44:26",1407.8,2,"k3rn3l,silincansilincan"
2887,16867375,YUXUCH,"2026-09-18 13:21:43",1407.6,1,yuxuch
2888,16679987,"Said Mohamed Omary","2026-09-21 11:31:47",1407.1,2,saidmohamedomary
2889,16797154,"Elvern Neylmav Tanny","2026-09-13 23:37:07",1407.0,2,elvernneylmavtanny
2890,16881631,"Arjun Sharma","2026-09-12 14:47:32",1406.5,2,arjundsharma
2891,16884932,torvile,"2026-09-13 05:54:14",1405.7,2,torvile
2892,16947863,"Minato Namikaze","2026-09-25 15:19:20",1405.2,2,arunklenin
2893,16806146,"Factual Explorer","2026-09-12 20:05:48",1405.1,2,factualexplorer
2894,16875733,Fronta,"2026-09-13 06:47:59",1405.1,2,mirichima
2895,16715066,akahane,"2026-09-16 21:06:58",1403.9,2,shuheiakahane
2896,16729765,"Caio Ruiz","2026-09-24 06:47:45",1402.9,2,chvruiz
2897,16885704,tavrico,"2026-09-13 09:52:55",1402.9,2,tavrico
2898,16715216,Colin,"2026-09-15 12:36:41",1402.2,2,umcolin
2899,16684641,t.me/aetheranime,"2026-09-13 10:22:28",1400.9,2,yfrite
2900,16863498,Jackmama-nolfwin,"2026-09-13 04:36:37",1400.9,2,nolfwin
2901,16905838,lin_,"2026-09-24 12:41:31",1400.6,2,linabohachuk
2902,16723988,yuyinghuang,"2026-09-13 07:00:33",1400.4,2,yuyinghuang
2903,16682892,"Alvaro Llamojha","2026-09-24 06:44:17",1400.0,2,alvarollamojha
2904,16893046,ClaudiCulture,"2026-09-26 03:57:00",1399.4,2,ortimusprime
2905,16881613,refluxor,"2026-09-12 14:44:46",1399.1,2,refluxor
2906,16630418,butterchicken,"2026-09-25 08:17:33",1398.7,2,"ritanshuprasad,sriramlingavel01"
2907,16942429,"yangjian zhu","2026-09-26 01:53:40",1398.3,2,yangjianzhu
2908,16799024,Becegatto,"2026-09-26 03:20:55",1398.1,2,viniciussignorelli
2909,16881121,Annsatz,"2026-09-14 14:59:00",1397.8,2,ansatzkong
2910,16942273,"Sravanthi Kovvuri","2026-09-23 12:14:18",1397.5,2,sravanthikovvuri
2911,16665841,"Mohit Rao","2026-09-14 05:22:15",1396.9,2,vmohitrao
2912,16871327,"Anh Bui","2026-09-18 04:29:28",1396.7,2,bibanh
2913,16731926,"Pardheev Krishna","2026-09-12 12:08:13",1396.4,2,"anandkumar0901,ayushjiwatramani,nidhibsh,nitindatanylatics,pardheev"
2914,16885599,Suiban,"2026-09-22 12:19:22",1396.3,2,suiban410219
2915,16708546,"Blue Rain","2026-09-12 04:15:32",1395.4,2,bluefeather386
2916,16792799,Kohecchi,"2026-09-15 16:17:53",1395.3,1,kohecchi
2917,16637898,"Marek Nurzynski","2026-09-23 15:03:13",1395.2,2,marek3000
2918,16766796,panda__MB__maximus,"2026-09-24 05:55:53",1395.0,2,tanishmohokar09
2919,16662984,"Mark Schatza","2026-09-17 18:27:19",1394.9,2,markschatza
2920,16928266,"Arun Khatua","2026-09-24 05:25:15",1394.8,2,arunkhatua
2921,16715912,"Hiroshi Sakiyama","2026-09-25 15:56:51",1394.6,2,hiroshisakiyama
2922,16761167,"Tejasteju M P","2026-09-24 04:29:56",1394.5,2,tejastejump
2923,16946333,KIT,"2026-09-23 09:13:30",1393.9,2,ray6767
2924,16809721,siren2345,"2026-09-22 14:35:50",1393.0,2,siren2345
2925,16920623,yeqinxin,"2026-09-25 04:12:54",1392.9,2,yqx123456
2926,16671596,Sibato,"2026-09-22 00:41:44",1392.8,2,sibato
2927,16948046,"Jeroen Cottaar","2026-09-23 14:38:47",1392.7,2,jeroencottaar
2928,16737041,presucc,"2026-09-13 04:13:37",1392.4,2,presucc
2929,16654109,"Mohamed Amine Aichaoui","2026-09-22 21:38:11",1392.1,2,mohamedamineaichaoui
2930,16654848,DovyDigital,"2026-09-25 00:28:21",1392.1,1,dovydigital
2931,16711317,"yf D","2026-09-25 11:19:48",1391.9,2,dengvitruviano
2932,16884902,yovrini,"2026-09-13 05:49:06",1391.0,2,yovrini
2933,16749352,"Ian Virchenko","2026-09-14 10:23:15",1390.5,2,yvainr
2934,16832226,"DI27 RF","2026-09-13 02:34:01",1390.5,2,di27rf
2935,16878707,"Shiva Somasundaram Balaji","2026-09-13 05:58:09",1390.3,2,shivasomasundaramb
2936,16885770,"Rahul Jangra","2026-09-13 10:13:19",1390.1,1,leonado10000
2937,16798152,"A secretive person","2026-09-18 14:09:57",1388.5,2,asecretiveperson
2938,16673230,saitamad,"2026-09-21 06:08:04",1387.9,2,saitamad
2939,16882077,telep,"2026-09-22 15:21:34",1387.1,2,vitaliypyvovar1
2940,16738653,"Julien Trocmé","2026-09-25 12:47:01",1386.4,2,julientrocm
2941,16870800,Myasui,"2026-09-26 03:24:13",1385.9,2,zaki38
2942,16881818,gradfield21,"2026-09-12 15:44:29",1385.8,2,gradfield21
2943,16665641,"Alexander Shahramanyan","2026-09-24 18:02:47",1384.6,2,alexshah
2944,16748559,GodofThunder2407,"2026-09-13 06:18:15",1384.1,2,godofthunder2407
2945,16839754,"Lauresowe 3D","2026-09-12 10:00:06",1383.9,2,lauresowe3d
2946,16635973,"Code by Nadiia","2026-09-24 11:05:35",1383.8,2,codebynadiia
2947,16688808,"Niranjan Nakkala","2026-09-25 11:28:27",1383.8,2,niranjanmudhiraj
2948,16949344,M1R0OFFICIAL,"2026-09-24 00:09:03",1383.2,1,m1r0official
2949,16639731,williamrawling,"2026-09-25 23:59:12",1382.9,2,williamrawling
2950,16657587,PxlPau,"2026-09-13 00:34:27",1382.8,2,studybeetutoring
2951,16852377,"Zhong Lyu","2026-09-25 08:57:10",1382.4,2,zhonglyu
2952,16734447,"Ali Bauyrzhan","2026-09-25 20:12:33",1382.3,2,alibauyrzhan
2953,16773448,"Qamar usman","2026-09-25 17:45:47",1380.8,2,qamarmath
2954,16660041,"Hoàng Quốc Việt ","2026-09-13 04:56:59",1380.7,2,viethwang3i
2955,16885735,keith,"2026-09-26 02:30:51",1380.0,2,kamatt
2956,16870485,agentic,"2026-09-16 19:21:30",1379.8,2,"audiuphile,mark5221,sidchevvan"
2957,16919599,yygg2026,"2026-09-26 03:23:03",1379.1,2,yygg2026
2958,16696099,moss,"2026-09-13 09:31:52",1378.5,2,kenyashimizu
2959,16945180,"Anton Nikonov","2026-09-25 12:16:58",1378.4,2,antonnikonov
2960,16657265,"Hemant Kumar","2026-09-18 13:53:47",1377.1,2,hemantrajputt
2961,16892458,orangeaugust,"2026-09-25 07:55:40",1376.0,2,orangeaugust
2962,16635233,"Szymon Kłapiński","2026-09-12 10:11:30",1375.9,2,szymonkapiski
2963,16641309,klog,"2026-09-12 04:48:32",1375.3,2,mhrzmmhrzm
2964,16822395,"Vladimir Galatenko","2026-09-24 02:41:17",1375.1,2,vladimirgalatenko
2965,16854815,marching_zzz,"2026-09-24 16:10:50",1374.4,2,marchingzzz
2966,16662618,"Soledad Santiago","2026-09-20 21:45:56",1374.1,2,soledadsantiago
2967,16886066,latentb,"2026-09-13 11:55:55",1374.0,2,latentb
2968,16746689,"Harm Buisman","2026-09-22 17:34:46",1373.1,2,harmbuisman
2969,16859409,wia'ma,"2026-09-26 00:45:31",1372.9,2,wangyiqicy
2970,16862806,kitsada,"2026-09-19 09:59:59",1372.6,2,wangwaen
2971,16839489,Q1du,"2026-09-12 10:12:02",1371.9,2,zjecust
2972,16677568,yarneo,"2026-09-16 10:07:53",1370.9,2,yarneo
2973,16869555,"Karthik Nambiar","2026-09-15 07:13:16",1370.7,2,karthiknambiar387239
2974,16741321,"S. B.","2026-09-25 06:01:56",1370.4,2,aughra
2975,16684401,WQAAAA,"2026-09-12 03:28:35",1370.1,2,wqaaaa
2976,16632527,"GIVE ME A JOB","2026-09-10 09:35:11",1368.2,2,tarokogawa
2977,16756965,gchauhan,"2026-09-15 06:57:02",1367.4,2,gchauhan
2978,16881783,novasync88,"2026-09-12 15:27:48",1367.1,2,novasync88
2979,16705318,arminhej96,"2026-09-22 05:17:55",1366.9,2,arminhej96
2980,16842293,"WANG HONGXIANG","2026-09-20 15:33:21",1365.9,2,wanghongxiang
2981,16881585,Venqira,"2026-09-12 14:31:19",1365.5,2,venqira
2982,16699045,"Abu Kayyisah Basyid","2026-09-24 17:36:05",1364.1,2,abukayyisahbasyid
2983,16858414,wantOchange,"2026-09-13 01:00:32",1364.0,2,wantochange
2984,16857987,fujia,"2026-09-19 05:16:43",1363.8,2,fujiasama
2985,16859690,Molood,"2026-09-10 20:30:43",1363.6,2,molooda
2986,16879578,"kabir Merakeb","2026-09-26 00:45:39",1363.5,2,kmerakeb
2987,16731194,"Neglected Turtle","2026-09-14 10:40:18",1363.5,2,pleaselike
2988,16629699,radiant-allomancer,"2026-09-11 00:50:02",1363.4,2,radiantallomancer
2989,16881267,"juu meng","2026-09-13 07:07:40",1363.2,2,juumeng
2990,16744503,"Jun AKita","2026-09-12 04:12:19",1363.0,2,junakita
2991,16855156,"Lior Toledano","2026-09-15 18:15:51",1362.3,2,liortoledano
2992,16781506,un0o7,"2026-09-11 13:10:36",1361.7,2,hjhsdsdww
2993,16756765,DharmParmar,"2026-09-23 01:19:56",1361.3,2,dharmparmar
2994,16644818,chudddc,"2026-09-24 14:43:09",1360.8,2,chudddc
2995,16771703,"Moomin and his farm","2026-09-12 07:03:58",1360.8,2,ataraxyyeah
2996,16845314,ryvhii,"2026-09-21 06:51:36",1360.6,2,ryvhii
2997,16857624,flatton,"2026-09-16 23:02:27",1358.3,2,tomokifujihara
2998,16784992,Prasad.tgs,"2026-09-25 15:00:49",1357.5,2,sivaprasadnaidu
2999,16688587,yamashu,"2026-09-21 01:17:33",1356.9,2,yamashuuu
3000,16790931,100rabh,"2026-09-12 16:42:27",1356.8,2,saurabhkumar234
3001,16882304,"Lokesh Prajapat","2026-09-12 18:20:47",1356.7,1,lokesh0252
3002,16765151,htnhtn,"2026-09-23 11:56:32",1356.6,2,htnhtn
3003,16672128,Cliffton,"2026-09-24 07:38:29",1356.6,2,rieltzx
3004,16660250,Moshel,"2026-09-12 23:06:43",1355.5,2,moshel
3005,16885509,HAL,"2026-09-14 07:58:55",1355.4,1,"asunalin,ljimmy2005007"
3006,16879360,"Neural Subscribed Operator","2026-09-12 06:55:46",1355.2,1,nacl3084
3007,16880960,Kiriesh,"2026-09-16 18:45:37",1354.5,2,kiriesh
3008,16722818,"Mukesh R","2026-09-14 09:13:30",1354.4,2,mukeshr06
3009,16664761,"Udit Jain #2","2026-09-12 00:14:14",1354.4,2,iamudit
3010,16623385,yurunougyou!,"2026-09-10 12:25:26",1352.9,2,isakatsuyoshi
3011,16730323,fufufukakaka,"2026-09-26 00:23:34",1352.7,2,fufufukakaka
3012,16749034,digitalChaos,"2026-09-12 18:15:34",1352.6,2,digitalchaos666
3013,16881857,Pheonix,"2026-09-17 11:51:43",1352.5,2,vikasg1711
3014,16630142,zawawannko,"2026-09-11 08:03:32",1352.3,2,zawawannko
3015,16830984,lizhengui,"2026-09-13 06:34:44",1350.9,2,lizhengui
3016,16728076,uuu,"2026-09-13 09:12:31",1350.3,2,vovafinogenov
3017,16731630,SatoshiN04,"2026-09-25 09:27:15",1349.4,2,satoshinakamura04
3018,16867641,YK,"2026-09-10 17:17:04",1348.9,2,yukitashiro
3019,16699455,vijaikm,"2026-09-22 11:56:07",1348.5,2,vijaikm
3020,16881521,Juniperss,"2026-09-12 14:16:09",1348.4,2,juniperss
3021,16858157,osteo,"2026-09-11 01:33:23",1347.9,2,logstwo
3022,16663929,"Erman Man","2026-09-12 02:05:39",1347.3,2,ermanman
3023,16657887,"Yermak Petro","2026-09-24 18:31:55",1345.9,2,yermakpetro
3024,16696738,rekhasri,"2026-09-18 17:25:22",1345.7,2,rekhasri
3025,16849377,try,"2026-09-12 20:23:11",1345.6,2,weishanshan033
3026,16624073,SoftRL,"2026-09-22 13:34:39",1345.5,2,"maruichi01,ppocharl,puws06,tatsukisato,unikina"
3027,16669843,"hikaru kitagawa","2026-09-21 04:20:12",1345.4,2,hikarukitagawa
3028,16799598,RameshG888,"2026-09-11 08:42:57",1345.1,2,ramesh888
3029,16848765,XJHya233,"2026-09-13 11:56:26",1344.9,2,xjhya233
3030,16717756,Dominick,"2026-09-21 03:04:42",1344.8,2,kcinimod
3031,16850105,Pantheon,"2026-09-14 07:40:15",1344.3,2,skyenxt
3032,16867005,cryptvector2,"2026-09-11 13:22:09",1344.0,2,cryptvector2
3033,16859269,BAILW,"2026-09-25 16:46:48",1343.6,2,baimatubama
3034,16712329,"Andrej Carpenter","2026-09-22 07:36:56",1343.5,2,andrejcarpenter
3035,16855665,"Yash Yadav","2026-09-13 06:58:11",1343.4,2,yash2072005
3036,16865917,"Yihao Wei","2026-09-13 10:07:46",1343.4,2,yihaowei
3037,16783173,"Michael Shihong Zhang","2026-09-13 05:39:27",1343.1,2,"excelexx,festyve"
3038,16689863,yukichi0403,"2026-09-15 12:39:45",1342.9,2,yukitake93
3039,16828050,stephenlau,"2026-09-24 16:52:29",1342.3,2,stephenlu0422
3040,16791163,woldy,"2026-09-26 01:13:09",1342.0,2,woldywei
3041,16808020,"Pulkit Arora 🇮🇳","2026-09-11 09:15:58",1341.7,2,pulkittarora
3042,16862840,"Ammar Aziz","2026-09-12 11:11:53",1341.6,2,cabtainamamr
3043,16701612,Kiki,"2026-09-11 06:43:31",1341.5,2,rouiou
3044,16682318,Bibek,"2026-09-13 20:49:12",1341.1,2,bibek777
3045,16862944,Luchsus,"2026-09-14 23:29:16",1340.1,2,jansteindlstarlinger
3046,16692725,"Zhen Li","2026-09-12 10:05:10",1339.7,2,zhenlisak
3047,16814701,e0970145,"2026-09-10 11:43:21",1339.5,2,maxxtucker
3048,16659957,LeFarmers,"2026-09-24 19:10:00",1339.0,2,"jaydonjp,kuantumknight"
3049,16717794,souldrive,"2026-09-13 13:18:14",1337.7,2,souldrive
3050,16755049,gamesu7107,"2026-09-12 18:24:15",1337.5,2,gamesu7107
3051,16630984,TakamaruEX,"2026-09-14 08:20:46",1337.2,2,takamaruex
3052,16621063,Broskis,"2026-09-11 03:19:55",1337.0,2,"aikyatansinha,r1cksync,vamshikrishnaemmadi"
3053,16669461,"suzy su","2026-09-12 12:38:38",1336.9,2,suzysu997
3054,16772119,Workybara.ai,"2026-09-12 03:16:14",1336.7,2,workybaraai
3055,16740034,BSCode,"2026-09-14 02:27:32",1336.3,2,bscode
3056,16825815,linchenge,"2026-09-25 14:36:14",1335.2,2,linchenge
3057,16661667,"Wufang Hong","2026-09-10 07:14:27",1333.8,2,wufanghong
3058,16689186,NCK,"2026-09-12 04:31:04",1333.4,2,drnchaitanyakumar
3059,16627194,GzmCR632,"2026-09-11 07:01:14",1332.0,2,gzmcr632
3060,16662735,"Kurian George","2026-09-11 17:16:25",1331.4,2,kuriangeorge
3061,16685047,Yvonne.,"2026-09-21 08:34:31",1331.2,2,zdawer250
3062,16888282,Sheeesh---,"2026-09-21 18:08:35",1331.1,1,hamzaaitmohamed
3063,16847304,"eryue shisi","2026-09-14 02:41:20",1331.1,2,eryueshisi
3064,16628875,TakahiroHon,"2026-09-17 02:59:51",1329.8,2,takahirohon
3065,16669038,"Nabeel Shar","2026-09-13 09:17:32",1329.8,2,nabeelshar
3066,16632708,__Taichicchi__,"2026-09-25 23:31:41",1329.4,2,hutch1221
3067,16676085,"Giordano Dolenz","2026-09-11 17:20:50",1329.2,2,giordanodolenz
3068,16719364,Yeh!AIGame,"2026-09-23 14:42:08",1329.2,2,"luluyeh,yehshibang"
3069,16775571,Gaurav06520,"2026-09-15 12:38:42",1329.0,2,gaurav06520
3070,16802578,Yuuki4543,"2026-09-11 06:18:16",1329.0,2,yuuki4543
3071,16864072,"Matvey Skovordin","2026-09-10 04:24:07",1328.9,1,kickassnumberone
3072,16868685,"Kotaro Simizu","2026-09-11 20:39:54",1328.9,2,"kotarosimizu,mahiro1214"
3073,16730735,YUK,"2026-09-14 18:00:10",1328.5,2,yu0307
3074,16728084,iwance,"2026-09-13 10:55:14",1328.4,2,iwance
3075,16784516,pejipej,"2026-09-21 18:08:57",1328.3,2,pejmaneghbali
3076,16808822,-lingluo-,"2026-09-22 04:22:20",1327.7,2,lingluoo
3077,16797847,"levski shampion","2026-09-12 23:19:08",1327.5,2,mariomalev
3078,16661462,"Dania Amer","2026-09-24 01:19:39",1327.5,2,dania35
3079,16858196,"Cường Dược Sĩ","2026-09-22 19:12:00",1327.2,2,cngdcs
3080,16843892,luxinyayaya,"2026-09-15 03:23:21",1326.9,2,luxinyayaya
3081,16861723,"Landon Hershberger","2026-09-15 22:04:40",1326.9,2,landonhershberger
3082,16772090,"SHIVAJI SHAIK","2026-09-20 07:13:54",1326.9,2,shivajishaik
3083,16640600,"Giord Frank","2026-09-26 03:55:40",1326.6,2,"fggggg12345,tangerinedog"
3084,16663808,"Fae Gaze","2026-09-10 20:30:29",1325.8,2,achievement
3085,16655411,フナコシ,"2026-09-22 18:24:58",1325.4,2,kokifunakoshi
3086,16622835,"Max Manushin","2026-09-11 01:04:29",1322.5,2,innerf1re
3087,16722849,"Dhruv Bansal","2026-09-10 22:03:08",1322.4,2,dhruvb2028
3088,16843617,Jenny124685,"2026-09-24 05:14:36",1322.3,2,jenny124685
3089,16759508,george-nigmatulin,"2026-09-26 03:48:34",1322.3,2,georgenigmatulin
3090,16860566,黄旭伟aaaabbs,"2026-09-25 14:49:18",1322.2,2,aaaabbs
3091,16728262,wakawakayu,"2026-09-14 12:00:12",1322.1,2,wakawakayu
3092,16844456,Touk00,"2026-09-13 04:20:04",1321.5,2,touk00
3093,16756477,Ender,"2026-09-24 23:40:32",1321.2,2,eamonnkashyap
3094,16623309,zyvren,"2026-09-11 15:14:31",1321.1,2,"nusratahmmedmaisha,sharif485"
3095,16713281,SirShifu,"2026-09-10 22:19:52",1319.3,2,sirshifu
3096,16854573,"这是 AI 的胜利","2026-09-10 09:15:16",1318.8,2,iaptainmy
3097,16720797,"Vibe Farmer","2026-09-11 02:14:27",1318.6,2,pulakkantibhowmick
3098,16671520,sci-shi,"2026-09-22 14:17:14",1316.7,2,scishi
3099,16678609,quantcrypto3,"2026-09-19 01:51:13",1316.5,2,quantcrypto3
3100,16916104,"Dayi Zhang","2026-09-22 15:27:26",1316.5,2,dayizhang
3101,16876040,hgh404,"2026-09-22 20:49:08",1316.4,2,"gamejoker,hgh1024"
3102,16641956,SixGODD,"2026-09-20 01:06:51",1315.6,2,sixgodd
3103,16764349,Solo,"2026-09-12 22:58:37",1315.5,2,solosolo
3104,16735837,yaki-imo,"2026-09-11 04:35:42",1314.5,2,taichiakiyama
3105,16715205,GCarnovale,"2026-09-24 01:40:57",1314.3,2,gcarno
3106,16748487,Hiters,"2026-09-11 00:54:16",1313.9,2,mikehongsz
3107,16623980,Nikita,"2026-09-14 10:05:57",1313.8,2,ivanovnikitawork
3108,16857939,"Le Duy Dong","2026-09-10 16:11:23",1313.7,1,lduynglduyng
3109,16867327,Zorvella,"2026-09-11 03:16:36",1313.0,2,zorvella
3110,16841595,Jaso1024,"2026-09-10 01:44:10",1313.0,2,jaso1024
3111,16748866,masayoshi,"2026-09-25 16:02:35",1312.2,2,masayoshi64
3112,16710469,Qimra1729,"2026-09-11 08:09:04",1312.0,2,qimra1729
3113,16758232,mech_39,"2026-09-10 21:20:57",1311.8,2,mech39
3114,16770055,"san yin26","2026-09-15 08:14:39",1311.3,2,"amadeusan,sanyin26"
3115,16634519,"Darshan Makwana","2026-09-10 10:17:03",1310.4,2,ellipticaloranges
3116,16849766,"Uncle Scooge","2026-09-11 13:27:24",1309.7,2,"guzzbr,pascalcoimbra"
3117,16728238,ubcict232,"2026-09-10 16:19:32",1309.6,2,ubcict232
3118,16670715,i3,"2026-09-24 08:33:45",1309.2,2,ishijima
3119,16702674,"Varun S G","2026-09-18 05:49:16",1309.2,2,warun7
3120,16898290,"Ryan Jonathan Valencia","2026-09-17 17:33:18",1309.1,2,ryanjonathanvalencia
3121,16881694,Novardion,"2026-09-13 11:28:43",1308.7,2,novardion
3122,16870600,"Huayu Wen","2026-09-11 14:17:55",1308.4,2,huayuwen
3123,16866424,"gmmm mmod2","2026-09-11 07:38:54",1308.4,2,gmmmmmod2
3124,16722888,GarrieD,"2026-09-12 14:53:50",1308.3,2,garried
3125,16739578,"Pietro Valocchi","2026-09-15 06:34:30",1308.3,2,pietrovalocchi
3126,16792013,"Alec Polansky","2026-09-10 01:58:49",1307.8,2,alecpolansky
3127,16918530,lingsio,"2026-09-22 06:17:59",1307.3,2,shinshengchiou
3128,16700510,"Shadow Recon","2026-09-25 08:33:13",1307.1,2,gaurav065
3129,16691270,"Piyal Chowdhury","2026-09-21 18:53:53",1306.5,2,piyalchowdhury
3130,16731832,jackee777,"2026-09-26 00:02:29",1306.3,2,jackee777
3131,16886357,"Sun Jaden","2026-09-13 21:34:56",1305.6,2,sunjaden
3132,16775781,"I am GroOth","2026-09-25 20:27:24",1305.5,2,gideonoba
3133,16880407,kimuraaa,"2026-09-21 07:58:10",1305.5,2,kimuraaa
3134,16871705,Bertholdt,"2026-09-24 11:10:06",1305.5,2,bertholdt
3135,16779957,养了一群扫福瑞,"2026-09-09 12:13:36",1305.0,2,whq0q7
3136,16781550,Lumberjacks,"2026-09-19 16:21:59",1304.3,2,jamesmcgarryiv
3137,16688313,"Gnosys Labs","2026-09-18 00:56:10",1304.1,2,gnosyslabs
3138,16657671,CyberRacoon,"2026-09-15 10:38:45",1303.8,2,racoontw
3139,16843384,"Anatoly Lyutov","2026-09-11 11:54:44",1303.5,2,anatolylyutov
3140,16814378,"Jay Prrajapati","2026-09-09 13:53:13",1303.0,2,jayprrajapati
3141,16652764,hikahika,"2026-09-11 13:31:34",1302.8,2,naganohikaru
3142,16672997,"Francesco Montone","2026-09-11 10:56:31",1302.3,2,francescomontone
3143,16658185,"Juwon Kweon","2026-09-22 01:35:01",1301.9,2,juwonkwon
3144,16730675,Platycerium,"2026-09-11 17:27:51",1301.0,2,soutasakurai
3145,16623298,Mikhail_Komkin,"2026-09-09 21:21:30",1300.8,2,mikhailkomkin
3146,16676739,"Jonathan Zheng Jiahao","2026-09-10 02:53:21",1300.1,2,jonathanzhengjiahao
3147,16691084,"Ke Ma Ke","2026-09-13 09:01:36",1300.1,2,kemake
3148,16811496,Marie,"2026-09-23 05:17:53",1299.2,2,mariashatrova
3149,16778334,"Onkar Belure","2026-09-09 16:22:19",1298.2,2,onkarbelure
3150,16907406,herok0809,"2026-09-16 16:49:09",1296.6,2,herok0809
3151,16867407,Lanqira,"2026-09-11 03:08:56",1296.4,2,lanqira
3152,16678930,"Just a moroccan","2026-09-24 09:51:08",1296.2,2,zbidaamine
3153,16729186,Virtute,"2026-09-16 06:25:56",1296.1,2,nameless001
3154,16633793,adakoda,"2026-09-09 11:55:49",1296.0,2,adakoda
3155,16660020,"Gaddam Shiva Teja","2026-09-24 20:55:02",1294.8,2,shivateja005
3156,16720696,Ankit0017,"2026-09-09 14:57:00",1293.9,2,ankit0017
3157,16717549,"Adejumo Boluwatife","2026-09-11 19:09:23",1293.8,2,adejumoboluwatife
3158,16857861,Satua,"2026-09-11 06:36:26",1293.8,2,satyasrinivasanandh
3159,16857932,"Ahmed Ansari","2026-09-16 11:57:46",1293.5,2,ahmed1ansari
3160,16832866,bgaoi2,"2026-09-09 15:09:29",1293.3,2,bgaoi2
3161,16939133,wang,"2026-09-25 02:48:22",1293.3,2,tombryant
3162,16746796,kaguramena,"2026-09-10 07:13:17",1293.0,2,kaguramena
3163,16866567,Variiiiiii,"2026-09-11 10:09:24",1292.7,2,variiiiiii
3164,16635062,DL,"2026-09-10 04:16:38",1292.6,2,distiller
3165,16782564,"Chris Tu","2026-09-26 00:04:39",1292.3,2,christu831004
3166,16883478,Aggri_goon,"2026-09-16 10:48:29",1290.4,2,ryonagakubo
3167,16630833,"Savan Javia","2026-09-10 10:01:49",1290.0,2,savanjaviya
3168,16857977,namopanda,"2026-09-09 15:41:49",1289.8,2,namopanda
3169,16689488,"Ming Fong","2026-09-10 02:48:20",1288.0,2,evilpegasus
3170,16654403,"Skibidi Six Seven","2026-09-08 14:20:24",1288.0,2,iam4722202468
3171,16741542,"let cats farm","2026-09-19 22:33:26",1287.9,2,amonkizawa
3172,16870461,Fumi,"2026-09-19 01:48:11",1287.5,2,cheersbeer
3173,16854090,"Kaichi Morimoto","2026-09-09 11:22:01",1287.5,2,kaichimorimoto
3174,16670879,"old macdonald","2026-09-07 16:11:15",1287.4,2,djschmit
3175,16769885,kurushun,"2026-09-10 02:10:21",1287.2,2,kurushun
3176,16712007,"Dipin Kothavoor","2026-09-14 13:54:52",1287.1,2,dipinkothavoor
3177,16861998,bobodict,"2026-09-09 17:26:50",1286.8,2,bobodict
3178,16805144,heliosli,"2026-09-21 13:29:51",1286.7,1,heliosli
3179,16683488,"Ripudaman Parmar","2026-09-19 12:56:14",1285.6,2,"ktkgpt,ripudamanparmar"
3180,16698287,"Reinforcement Forgetting","2026-09-24 23:34:50",1283.4,2,ethanjschauder
3181,16801797,Tv,"2026-09-13 03:11:19",1283.4,2,linyeah
3182,16634104,FarmGoose,"2026-09-10 09:10:47",1283.3,2,yizhanglou
3183,16658801,"Thuc Nguyen Dang 111","2026-09-13 05:21:36",1282.6,2,thucnguyendang111
3184,16859585,momo,"2026-09-10 03:06:37",1282.1,2,fyenneyenn
3185,16862056,konchu2,"2026-09-10 11:32:13",1281.4,2,konchu2
3186,16890052,Code4life,"2026-09-15 16:46:33",1281.1,2,"huylngcgia,taovietducofficial"
3187,16859804,seele,"2026-09-09 10:20:41",1281.0,1,seele1917
3188,16635209,4eta,"2026-09-23 16:25:06",1280.9,2,bio4eta
3189,16855868,PapaSoda,"2026-09-10 17:45:16",1280.7,2,papasoda
3190,16809445,takusemba,"2026-09-09 14:50:14",1280.5,2,takusembba
3191,16782708,lcx666,"2026-09-10 12:33:05",1279.0,1,chengxinliang
3192,16866946,truxivan,"2026-09-10 13:46:58",1278.6,1,truxivan
3193,16627581,AidenSong123,"2026-09-12 14:15:30",1278.5,2,aidensong123
3194,16771337,titako0000,"2026-09-10 09:00:19",1278.2,2,titako0000
3195,16851186,kaerururu,"2026-09-26 00:16:04",1277.8,2,kaerunantoka
3196,16670276,"Egor Trushin","2026-09-10 08:19:32",1277.7,2,egortrushin
3197,16734667,sadanamaru,"2026-09-10 12:22:11",1277.7,2,sadanamaru
3198,16811247,"Luca Mussino","2026-09-10 20:53:58",1277.6,2,lucamussino
3199,16736838,アナコンダ,"2026-09-09 13:48:32",1276.2,2,"ei1333,unosss"
3200,16743648,Hei_shao,"2026-09-12 18:48:52",1275.3,2,heishao
3201,16674961,"Ilya & Yurnero","2026-09-09 10:20:15",1275.0,2,"samson8,test7845"
3202,16670020,nanare,"2026-09-16 16:43:03",1275.0,2,nanaresudo
3203,16843047,liyuting,"2026-09-10 07:27:21",1274.6,2,lytqwq
3204,16860708,"Nav N","2026-09-10 07:47:42",1274.5,2,navidata
3205,16839821,"Stepan Pankratov","2026-09-09 14:47:50",1274.3,2,infam62
3206,16660987,AdrianWang2003,"2026-09-09 09:32:53",1273.9,2,"adrianwang2003,benlou04"
3207,16863538,e-toppo,"2026-09-10 01:15:27",1273.9,1,masatomatsui
3208,16663498,"Braxton Dyer","2026-09-23 14:23:54",1273.7,2,braxtondyer
3209,16709501,Galaxantic,"2026-09-09 06:02:29",1273.6,2,neel21yt
3210,16698134,Hossein,"2026-09-11 02:29:53",1273.4,2,tomi85
3211,16668622,"Michael McGrain","2026-09-10 10:38:27",1273.2,2,michaelmcgrain
3212,16851444,"Vũ Tuấn","2026-09-25 15:13:25",1273.0,2,vtunksdlvnj6
3213,16635055,chch,"2026-09-25 09:21:47",1272.5,2,chchentw
3214,16673303,"Samuel Sundararaman ","2026-09-25 16:22:58",1272.3,2,neopok919
3215,16640701,momoon,"2026-09-26 00:05:55",1271.1,2,nomuraryota
3216,16630015,星之海,"2026-09-25 16:23:03",1271.1,2,web3cainiao
3217,16724755,K.nosaka,"2026-09-10 12:07:13",1270.9,2,kenseinosaka
3218,16773964,trung,"2026-09-24 13:47:55",1270.7,2,trung2006
3219,16677217,Panos,"2026-09-15 12:44:36",1270.3,2,panosc
3220,16789509,"Yang Wei Hao","2026-09-09 13:02:55",1270.2,2,aichangeworld
3221,16669686,"Mert Bayraktar","2026-09-25 22:02:26",1270.1,2,mertbayraktar
3222,16769277,卡心农场,"2026-09-18 17:14:44",1268.1,2,"hkd2333,hsiaosuan"
3223,16796014,keith70,"2026-09-08 07:18:36",1267.4,2,keith70
3224,16841077,melowdramtic,"2026-09-10 02:31:53",1266.8,2,melowdramtic
3225,16644702,cracker_1_war,"2026-09-10 07:18:48",1266.5,2,cracker1war
3226,16763418,overwhelmer,"2026-09-16 17:39:13",1266.1,2,overwhelmer
3227,16814716,edder0798,"2026-09-12 07:57:25",1265.8,2,"edder0798,wangxi608"
3228,16784485,betterme,"2026-09-09 15:54:54",1265.7,2,betterme12345
3229,16768016,JohnBlake,"2026-09-25 22:21:48",1265.4,2,jaybeeja
3230,16860118,Hironobukawaguchi,"2026-09-09 11:53:30",1265.2,2,hironobukawaguchi
3231,16641230,"An V1","2026-09-12 01:03:30",1265.1,2,barakuga
3232,16663252,"MD Concepcion","2026-09-25 20:13:51",1264.9,2,mikedconcepcion
3233,16858113,wli889661,"2026-09-09 13:38:01",1264.8,2,wli889661
3234,16758893,"Sercan Yeşilöz","2026-09-09 12:34:34",1264.6,2,sercanyesiloz
3235,16861083,Shoto,"2026-09-09 15:14:42",1264.1,1,bloodymonday
3236,16786496,"Lê Quang Cảnh","2026-09-12 05:44:25",1263.5,2,zhincez
3237,16623938,flashthunder,"2026-09-24 14:39:21",1263.4,2,thunderflash
3238,16624303,seven,"2026-09-09 09:18:12",1263.3,2,morikawatakeshi
3239,16750843,jammings,"2026-09-09 13:11:04",1263.0,2,jammings
3240,16860251,"Fabian Henning","2026-09-09 11:37:30",1262.9,1,crustacean
3241,16692678,Nerozud,"2026-09-23 18:24:54",1262.7,2,"lorerubiano22,nerozud"
3242,16659670,MeeMee,"2026-09-10 07:07:22",1262.2,2,yagi46
3243,16708791,atsu0905,"2026-09-24 18:05:37",1261.9,2,atsu0905
3244,16661701,premjampuram,"2026-09-09 11:13:52",1261.1,2,"aasthasinha9,anji2705,premjampuram,sheetallodhi"
3245,16625798,grifth,"2026-09-23 06:10:26",1261.0,2,grifth
3246,16810813,Scorn100,"2026-09-09 17:11:13",1260.6,2,scorn100
3247,16731836,"Theo Venturian","2026-09-11 18:03:45",1259.2,2,theodorraulventurian
3248,16634082,"Mikey Marszewski","2026-09-11 02:26:39",1259.1,2,mikeymarszewski
3249,16870447,"louie lau","2026-09-11 08:22:30",1259.0,1,louielau
3250,16896283,"WENBO ZHANG","2026-09-24 00:48:40",1258.9,2,wenbozhang2026
3251,16640991,sometimeafter,"2026-09-09 17:35:05",1258.9,2,xinyeee
3252,16871483,carnivore,"2026-09-25 16:57:19",1258.5,2,prapproved
3253,16641713,"ronsen sun","2026-09-11 08:01:06",1258.1,2,ronsensun
3254,16677596,Sere1n,"2026-09-11 15:08:02",1258.1,2,chacc0
3255,16841960,WessonZ,"2026-09-10 02:11:20",1257.2,2,wessonz
3256,16840564,starlovelmj,"2026-09-09 02:16:02",1256.9,2,starlovelmj
3257,16669826,Jesse,"2026-09-12 07:51:27",1256.8,2,jesneuman
3258,16806879,tetsuro731,"2026-09-09 11:46:20",1256.7,2,tetsuro731
3259,16844845,"Dinesh Amalathasan","2026-09-15 19:55:18",1256.2,2,amaldinesh
3260,16844672,"sleeping king","2026-09-09 02:11:59",1255.6,2,sleepingking
3261,16845280,"Samuel Watson","2026-09-11 07:06:59",1255.1,2,scwatson
3262,16839834,nouvya,"2026-09-10 15:48:43",1254.9,2,nouvya
3263,16905027,"xiaomeng lin","2026-09-20 14:10:35",1254.7,2,xiaomenglin
3264,16650824,Orsted_hitogmi,"2026-09-16 07:59:15",1253.2,2,orstedhitogmi
3265,16884338,"Emmet Banker","2026-09-24 01:53:27",1253.0,2,emmetbanker
3266,16758629,karinkaito,"2026-09-16 01:08:30",1253.0,2,karinkaito
3267,16808840,Devansh3007,"2026-09-10 05:02:13",1253.0,2,devansh3007
3268,16862298,"Varadaraj Borkar","2026-09-13 13:12:11",1253.0,2,varadarajborkar
3269,16712796,"Kumar Saurabh","2026-09-17 08:13:59",1252.9,2,bakakaka
3270,16659465,AravindLochan,"2026-09-08 10:00:39",1252.9,2,aravindlochan
3271,16860160,"Kohei #2","2026-09-09 11:20:08",1252.7,1,confirm
3272,16663748,Calmracer,"2026-09-08 16:17:56",1252.1,2,ethanhall123
3273,16757123,"Sripad Modali","2026-09-16 14:48:11",1251.9,2,sripadmodali
3274,16756592,"Abdalrahman Eissa","2026-09-25 12:47:21",1251.4,2,abdalrahmaneissa
3275,16644160,"Saravana Rajan B","2026-09-26 03:34:20",1251.2,2,saravanarajanb
3276,16806006,2,"2026-09-23 08:45:53",1250.9,2,smallvv
3277,16840862,HaoKwok,"2026-09-09 03:50:41",1250.5,2,haokwok2002
3278,16858828,BlueSky_sora,"2026-09-23 09:44:19",1250.0,2,blueskysora
3279,16661846,"Jeffrey Pike","2026-09-09 16:05:56",1249.6,2,jeffreypikeai
3280,16721382,"Milan Leonard","2026-09-12 07:20:12",1249.2,2,milanleonard
3281,16774941,Samvrcai,"2026-09-16 22:56:19",1248.6,2,samvrcai
3282,16808631,ALkkGame,"2026-09-14 15:16:47",1248.5,2,alkkgame
3283,16630111,jannchie,"2026-09-23 09:27:46",1248.2,2,jannchie
3284,16854541,yangyiqing6,"2026-09-15 06:14:21",1248.1,2,yangyiqing6
3285,16664609,Re2lawd,"2026-09-24 09:51:49",1247.5,2,re2lawd
3286,16623608,"Dmitry Larko","2026-09-08 23:05:52",1247.4,2,dmitrylarko
3287,16774823,fan2goa1,"2026-09-09 07:23:33",1246.2,2,zfun0926
3288,16841565,"dar Zaa","2026-09-08 18:04:18",1246.1,2,darzaa
3289,16728959,"no pain no gain","2026-09-11 09:19:44",1245.9,2,ilyayurov2000
3290,16634156,"Hiroyasu Okuno","2026-09-13 07:32:33",1245.4,2,hiroyasuokuno
3291,16786092,Shiru2,"2026-09-09 19:34:32",1245.2,2,shiru2
3292,16715729,Ajay_Rao_43,"2026-09-09 05:25:11",1244.9,2,ajayrao43
3293,16656806,"Arshad Shemil k","2026-09-09 08:33:09",1244.6,2,arshadshemilk
3294,16891040,"Nasri Siwar","2026-09-18 18:05:16",1244.1,2,sassounasri
3295,16635747,"Jeki Wan Taufik","2026-09-08 15:14:33",1243.9,2,jek1wantaufik
3296,16732409,kawhi0.0,"2026-09-10 03:44:50",1243.1,2,kawhi00
3297,16829834,Luxuer,"2026-09-09 08:54:11",1242.9,1,luxuer
3298,16633445,Wal8800,"2026-09-10 06:30:12",1242.0,2,wal8800
3299,16795704,haodada001,"2026-09-10 01:49:03",1240.8,2,haodada001
3300,16740851,Zefirrr,"2026-09-19 14:48:39",1240.5,2,zefirrrr
3301,16697736,"Daniel Correa","2026-09-26 00:34:11",1240.2,2,dcorrea1
3302,16621687,ropeadope,"2026-09-23 10:47:05",1239.6,2,silkross
3303,16848686,"xiang156 xu","2026-09-08 03:23:16",1239.3,2,xiang156xu
3304,16655474,Focus,"2026-09-09 12:04:51",1239.3,2,overvalueawareness
3305,16706265,questiondlmarks,"2026-09-10 06:09:35",1239.0,2,questiondlmarks
3306,16771010,42X,"2026-09-09 13:43:36",1238.3,2,infcyx
3307,16766171,Jonaid,"2026-09-10 22:22:27",1238.2,2,jonaidshianifar
3308,16733111,qihuaz,"2026-09-13 06:35:14",1238.0,2,qihuaz
3309,16659843,"Amer Alkhalili","2026-09-25 18:34:26",1237.7,2,ameralkhalili
3310,16838766,"Justin Gao","2026-09-08 08:27:29",1237.7,2,justingao
3311,16856437,"Roshan S. Chauhan","2026-09-14 09:33:55",1237.6,2,vrosenta
3312,16852605,VTH,"2026-09-08 06:35:01",1237.5,2,storm2501
3313,16774884,assssstnuar,"2026-09-21 10:18:41",1237.5,2,assssstnuar
3314,16661648,"Vân Nguyễn","2026-09-15 14:45:09",1236.9,2,vunnguyen
3315,16843635,"Просто Человек","2026-09-08 18:03:16",1236.3,2,gomunkul
3316,16815985,leemc95,"2026-09-08 21:31:33",1236.3,2,leemc95
3317,16811414,Y-Kitaro,"2026-09-25 13:20:54",1235.8,2,yhataktaro
3318,16736120,"Ricky #2","2026-09-08 02:47:36",1235.7,2,rickyds97
3319,16718823,"Rafael Molina Castaño","2026-09-12 20:45:02",1235.2,2,rafaelmolinacastano
3320,16753710,tax_free,"2026-09-10 17:08:47",1234.4,2,taxfreepython
3321,16725564,NoPlanB,"2026-09-23 18:01:29",1234.3,2,kduncanrobertson
3322,16688130,"Lujia Liang","2026-09-16 21:00:32",1233.8,2,lujialiang123
3323,16699246,"Labh Khatke","2026-09-11 15:53:22",1233.8,2,labhkhatke
3324,16673524,"Zikai Chen","2026-09-26 03:20:09",1233.8,2,"auroraxxiiaa,kyrie1102kai"
3325,16916142,aryandongare27,"2026-09-18 10:34:00",1233.4,2,aryandongare27
3326,16794758,wppepi,"2026-09-09 03:06:09",1233.2,2,"foxsuzuran,malossov,wppepi"
3327,16680524,Nealdarkdarkdark,"2026-09-08 04:36:02",1231.5,2,wklyb1
3328,16762494,西松大祐,"2026-09-24 14:28:07",1230.8,2,wep212
3329,16659286,shane18,"2026-09-25 15:47:10",1230.8,2,shane18
3330,16842384,"Muhammad Mirza Darma Putra","2026-09-25 13:04:02",1230.7,2,mirzadarma
3331,16758709,dk07dk,"2026-09-12 07:13:48",1230.7,2,dk07dk
3332,16672241,dupakdungking,"2026-09-15 13:32:04",1230.3,2,primarizki
3333,16909962,"Peter Shu","2026-09-17 02:29:52",1230.3,2,petershuikun
3334,16809097,volumatic,"2026-09-10 11:00:51",1230.2,2,"kkeevviinn666,volumatic"
3335,16679694,"Yaro Perventsev","2026-09-20 16:16:29",1229.9,2,yaroslavperventsev
3336,16680290,prospers,"2026-09-08 05:37:42",1229.6,2,prospers
3337,16658290,rrishavrraj,"2026-09-25 18:07:56",1229.5,2,"rrishavrraj,shubhamkumar9812"
3338,16652173,"Shardul Gharat","2026-09-22 03:52:12",1229.3,2,shardulgharat
3339,16700846,"Vaibhav Patel","2026-09-16 08:09:33",1229.3,2,vaibhavpatel
3340,16846391,"here we go","2026-09-09 05:28:41",1228.7,2,j1aliangx
3341,16657341,raccoonForest,"2026-09-08 06:45:18",1228.6,2,gkanamoto
3342,16794871,IMosia,"2026-09-21 08:03:49",1227.8,2,ivanmosiagin
3343,16791712,"xiang W","2026-09-08 14:24:56",1226.9,2,"dekonsu,xiangwaaaaa"
3344,16786139,Trezerg,"2026-09-09 03:22:46",1226.8,2,progtrollwarrior16
3345,16841313,"Daniel Harkin","2026-09-09 18:24:13",1226.8,2,danielharkin
3346,16841097,"Arsonist Duck","2026-09-17 20:21:55",1225.6,2,herbertthebird
3347,16668647,"THIRUPATHI KANNAN K","2026-09-07 14:59:51",1224.6,2,thirupathikannank
3348,16855268,"Jiayi Du","2026-09-08 16:10:56",1224.4,2,jahyee
3349,16710546,"Russlan Ramdowar","2026-09-09 05:03:58",1224.3,2,russlan
3350,16777107,Pipiripipap,"2026-09-09 10:03:38",1224.3,2,yohalf
3351,16728109,"Sidharth Hulyalkar","2026-09-11 06:16:26",1222.8,2,sidharthhulyalkar21
3352,16732352,ORiginators,"2026-09-09 10:47:23",1222.5,2,"sachinpandey721,sunritpal"
3353,16765484,smsxgz,"2026-09-08 19:09:03",1222.4,2,smsxgz
3354,16840819,clammpon,"2026-09-25 12:45:09",1222.2,2,clammpon
3355,16774700,たたたた,"2026-09-19 06:50:31",1222.2,2,tatatata1111
3356,16741997,hikarinosenshi,"2026-09-08 00:50:58",1221.7,2,hikarinosensh1
3357,16855035,"rock paper scissors","2026-09-08 15:03:00",1221.3,1,downbythesallygarden
3358,16695242,"Utkarsh Prakash Srivastava","2026-09-08 15:55:37",1221.1,2,utkarshps
3359,16790472,"Manurupan M","2026-09-20 07:09:36",1220.8,2,manurupanm
3360,16734409,"Yuta Yamazaki","2026-09-26 03:54:45",1219.3,2,yamayuu18
3361,16840536,"Philip Snyder","2026-09-08 05:18:07",1218.5,2,darkhorsecodes
3362,16662749,Jordan,"2026-09-26 03:47:23",1218.3,2,extergeist
3363,16639570,"Vishesh Banna","2026-09-08 13:07:51",1217.7,2,visheshbanna
3364,16763001,Eb3lss,"2026-09-09 11:08:19",1217.1,2,eb3lss
3365,16845083,"Restu Anggoro Kasih","2026-09-07 12:44:58",1217.0,1,restuanggorokasih
3366,16741563,"Paul Pawletta","2026-09-15 09:16:16",1216.7,2,paulpawletta
3367,16665294,"Thái Văn Tài","2026-09-23 08:01:51",1216.7,2,thivnti
3368,16857973,guochangZhang,"2026-09-09 04:24:41",1216.6,1,guochangzhang
3369,16637241,M4nd4l0r14n,"2026-09-07 21:50:19",1216.5,2,thiagobcunha
3370,16841113,Andy,"2026-09-07 01:22:11",1216.4,2,andrewmedran0
3371,16730473,Kyohei,"2026-09-08 00:42:18",1216.3,2,kyohei3
3372,16656810,IskanderAkhmetov,"2026-09-23 18:27:07",1214.8,2,iskander2017
3373,16842967,yoshiki116,"2026-09-11 05:05:19",1214.8,2,yoshiki116
3374,16679810,"Patrick Joël MAIRLOT-MBEZELE","2026-09-10 17:54:50",1214.6,2,pigenesis75
3375,16688450,SpiralTip,"2026-09-14 04:11:41",1214.5,2,spiraltip
3376,16844132,Tamasaki217,"2026-09-07 14:15:02",1214.1,2,tamadesu217
3377,16671425,"Gajenddra Raj","2026-09-11 01:18:29",1214.0,2,gajenddra
3378,16736542,YuRuiZe,"2026-09-06 10:16:45",1213.8,2,ruoyuruize
3379,16696231,"Oleg Smirnov","2026-09-08 07:17:12",1213.7,2,smirnolegov
3380,16845193,Kaan111,"2026-09-17 15:37:21",1213.6,2,kaan111
3381,16672858,Lyesterday,"2026-09-07 10:14:39",1212.8,2,ilyas93
3382,16842066,Atomo333,"2026-09-08 10:35:55",1212.8,2,atomo333
3383,16771080,"Ricky Shao","2026-09-07 17:16:14",1212.1,2,rickyshao
3384,16664619,"Trupen Patel","2026-09-08 15:52:17",1212.1,2,trupenpatel
3385,16842645,zard599,"2026-09-08 16:17:52",1211.9,2,zard599
3386,16777406,"Toheeb Ogunade","2026-09-08 22:46:05",1211.4,2,toheebogunade
3387,16656776,ShaoCharles,"2026-09-09 14:16:17",1211.2,2,shaocharles
3388,16763200,"Alexander Nord","2026-09-07 18:04:42",1210.8,2,"alexandernord123,pizza987"
3389,16653805,mohsen2050,"2026-09-14 18:25:43",1210.6,2,mohsen2050
3390,16777961,qiwaki,"2026-09-07 15:23:00",1210.4,2,resonayu
3391,16786158,"Yi-Chia Chen","2026-09-22 06:48:34",1210.4,2,threerabbits
3392,16854616,"Dd National","2026-09-12 13:29:04",1209.9,2,ddnational
3393,16655501,Savko,"2026-09-21 06:02:04",1209.8,2,savchenko
3394,16654027,shiv,"2026-09-26 03:39:41",1208.9,2,shivaurora
3395,16923006,"Nguyen Cat Luong","2026-09-19 21:12:51",1208.7,2,nguyencatluong
3396,16736404,¡olé!,"2026-09-08 04:30:34",1208.6,2,hjx1024
3397,16717253,Sybery_AI,"2026-09-13 19:51:41",1208.1,2,syberyai
3398,16765488,chenyinheng30,"2026-09-24 04:38:39",1208.1,2,chenyinheng30
3399,16842044,StackOverflowed512,"2026-09-07 17:53:32",1207.6,2,stackoverflowed512
3400,16665191,JoJa,"2026-09-22 04:49:21",1207.6,2,"mojyou,noahzx"
3401,16848095,"Risha Apps","2026-09-08 15:41:31",1207.4,2,rishaapps
3402,16754974,BurntPotato,"2026-09-09 00:06:54",1206.4,2,burntpotato
3403,16687716,"Joshua Fernando","2026-09-16 12:51:45",1206.3,2,joshuafernandoj
3404,16805940,Foxure,"2026-09-12 01:51:33",1206.0,2,foxure
3405,16759913,"Peter Cnudde","2026-09-07 20:08:25",1205.3,2,petercnudde
3406,16854416,"Artemiy Shirokov","2026-09-08 12:53:33",1204.5,1,tema7707
3407,16621243,"Jesse Bullard","2026-09-25 15:35:22",1204.2,2,jessebullard
3408,16840338,"Shoma Arakawa","2026-09-12 08:55:21",1203.7,2,shomaarakawa
3409,16627906,"Tergel Munkhbat","2026-09-24 23:30:34",1203.1,2,tergelmunkhbat
3410,16842187,"rongkai bao","2026-09-06 05:34:57",1201.8,2,rongkaibao
3411,16707562,Snipine,"2026-09-08 01:17:09",1201.2,2,boluosnow
3412,16898040,王ruizhe,"2026-09-19 07:56:03",1201.1,2,ruizhe28
3413,16660444,"Сергей Мизин","2026-09-24 16:29:09",1201.0,2,seeergo
3414,16661970,"BOB'S ROOM","2026-09-09 12:30:24",1201.0,2,"bobpop123447,datasutudent"
3415,16625050,"how to place pokemon","2026-09-25 22:58:31",1200.8,2,ktverdov
3416,16693272,ush,"2026-09-25 13:35:18",1200.2,2,kusuha
3417,16844769,phi,"2026-09-09 18:19:54",1199.9,2,fahisplr
3418,16700501,Konno,"2026-09-08 02:40:46",1198.7,2,nearfield1234
3419,16823782,yuyutech(Genuine),"2026-09-08 04:32:19",1198.0,2,yuyutechgenuine
3420,16924472,Rajusah,"2026-09-25 07:09:57",1197.4,2,rajucode
3421,16779254,MaxZhuCHN,"2026-09-23 04:58:22",1197.4,2,maxzhuchn
3422,16810472,YuanKing77,"2026-09-06 03:11:18",1196.8,2,yuanking77
3423,16937692,"Sergio D","2026-09-25 20:58:22",1196.8,2,ser8147
3424,16799362,"James Weatherhead","2026-09-06 21:45:45",1196.3,2,jamesweatherhead
3425,16684250,"Alexander Sokolov","2026-09-06 12:33:49",1195.3,2,cheeec0
3426,16740464,"Jorrawar Grewal","2026-09-08 00:43:17",1195.2,2,jorrawargrewal
3427,16686424,"Thần Thoại","2026-09-08 16:58:05",1194.9,2,thanthoai
3428,16750726,prince22466,"2026-09-21 07:15:35",1194.2,2,prince22466
3429,16764476,daviddnd,"2026-09-15 07:40:48",1193.5,2,daviddnd
3430,16666393,saikyo,"2026-09-07 02:04:55",1193.4,2,kyosaikyo
3431,16707561,"Nick Rom111","2026-09-21 14:55:55",1193.2,2,nickrom111
3432,16675897,"KANG ZHIPENG","2026-09-16 01:26:34",1193.1,2,kangzhipeng
3433,16839343,"SAURABH VISHWAKARMA","2026-09-15 17:13:31",1192.8,2,surabhv21
3434,16893007,thegoatman7,"2026-09-18 04:04:52",1192.8,2,thegoatman7
3435,16623646,"Minal kharat123","2026-09-25 11:05:33",1192.2,2,minalkharat123
3436,16748527,Tsubasa_00,"2026-09-10 00:22:27",1192.0,2,tsubasa00
3437,16719090,CHSTO,"2026-09-12 21:35:49",1191.7,2,haotianqi
3438,16724993,Bonkoturyu,"2026-09-10 07:59:12",1191.7,2,bonkoturyu
3439,16810104,HemanthRaju311,"2026-09-09 13:07:35",1191.2,2,hemanthraju311
3440,16838588,"Nadeem Ishikawa","2026-09-08 23:04:10",1191.0,2,nadeemishikawa
3441,16824014,"Kotaro Kikuchi","2026-09-07 10:57:06",1190.7,2,kotaro1129
3442,16810490,katlun,"2026-09-13 03:25:31",1190.7,2,"hoyin1212,katlun"
3443,16845426,"Erlik Khan","2026-09-13 23:03:03",1190.5,2,erlikkhan
3444,16726431,Manav,"2026-09-07 14:42:18",1189.7,2,manavsangwan
3445,16731822,Senn88,"2026-09-08 13:54:19",1189.3,2,senn88
3446,16707057,tamo,"2026-09-06 07:44:38",1189.0,2,ryotakasuya
3447,16841542,Smmyth,"2026-09-06 22:18:52",1188.5,2,smmyth
3448,16918095,Free-joint,"2026-09-25 07:40:00",1188.4,2,"huangzehua,percivallin"
3449,16715358,wuy1hao,"2026-09-07 10:23:01",1188.1,2,wuy1hao
3450,16849295,"Israa Saede","2026-09-07 17:30:03",1187.6,1,esraaalsaeede
3451,16783517,"dongdong zhang","2026-09-07 03:22:34",1187.5,2,mcdongdongzhang
3452,16826561,"ANJAN B","2026-09-13 15:34:02",1187.3,2,anjan4646
3453,16725851,hetspookjee,"2026-09-07 21:54:39",1187.1,2,hetspookjee
3454,16838807,"tony boakye","2026-09-08 11:41:30",1186.9,2,tonyboakye
3455,16689366,"Cuong Le","2026-09-06 15:24:57",1185.7,2,ad1999
3456,16672549,"ReinFARMent Learning?","2026-09-11 03:38:53",1185.6,2,arksey
3457,16743484,"薄和叶 Lv.INF","2026-09-03 14:24:47",1185.1,2,lumine01
3458,16669666,RhoenSprudel,"2026-09-11 19:08:43",1184.9,2,rhoensprudel
3459,16708880,yotsutose,"2026-09-10 10:18:49",1183.8,2,yotsutose
3460,16854744,"Rostislav Epifanov","2026-09-10 12:14:58",1183.8,2,rostepifanov
3461,16918646,MsMarch.7,"2026-09-18 09:12:24",1183.6,2,msmarch7
3462,16665352,"Paul Nassiri","2026-09-22 12:01:10",1183.6,2,laszlolevray
3463,16896006,jrw208,"2026-09-22 21:27:28",1183.3,2,jrw208
3464,16843173,"Hansen Zhong","2026-09-06 15:51:46",1183.3,2,onegameonedream
3465,16623806,黒田彩人,"2026-09-07 21:37:20",1183.2,2,ayato0705
3466,16655109,"Tia He","2026-09-10 00:54:40",1183.2,2,altheahe
3467,16802719,uta_ccc,"2026-09-06 07:15:44",1182.8,2,utaccc
3468,16840452,pan6628,"2026-09-10 04:38:21",1182.7,2,pan6628
3469,16624979,"Mohamed abdelrazik","2026-09-25 20:36:52",1182.6,2,mohamed3abdelrazik
3470,16797036,tksfjn,"2026-09-12 04:06:53",1182.6,2,tks3210
3471,16661768,"Lợi Trần Bảo","2026-09-13 19:43:53",1182.4,2,litrnbo
3472,16683952,"Maksimov Evgeniy","2026-09-04 01:23:59",1181.1,2,maxevg
3473,16866086,"Table Feng","2026-09-15 15:22:21",1180.8,2,tablefeng
3474,16768043,"Cropy and Paste","2026-09-13 17:56:08",1180.7,2,tfriedel
3475,16686444,"Syakirin Pahimi","2026-09-06 16:21:15",1180.5,2,syakirinpahimi
3476,16668748,"Harrison Interactive","2026-09-24 12:07:26",1179.8,2,nosiru
3477,16639800,"Yong Ming-Jia","2026-09-15 06:14:00",1179.7,2,ymingj
3478,16779942,"YueKai Yu","2026-09-07 01:12:38",1179.6,2,yuekaiyu
3479,16640878,"Krishna Yadu","2026-09-06 08:18:51",1178.7,1,krishnayadav456wrsty
3480,16792927,EnricRovira,"2026-09-23 22:27:44",1178.6,2,enric1296
3481,16830000,"Danilo Lapegna","2026-09-21 06:52:23",1178.1,2,danilolapegna
3482,16765207,Cathy,"2026-09-10 01:48:38",1178.1,2,cathyyou
3483,16764342,malone001,"2026-09-11 08:18:49",1177.9,2,malone001
3484,16730375,Floth,"2026-09-07 15:14:58",1177.8,2,suwat513
3485,16730247,DOM-VASCONCELOS,"2026-09-23 09:45:05",1177.6,2,domcreator
3486,16893831,"Sasan Nazari","2026-09-16 00:07:26",1177.3,2,sasannazari
3487,16631400,JZ,"2026-09-20 23:44:22",1177.2,2,zhoujiachen
3488,16663681,Kometa,"2026-09-20 06:03:24",1177.1,2,petarknezevic1
3489,16803592,"Bishal Lamichhane","2026-09-16 13:33:25",1177.0,2,bishallamichhane44
3490,16678618,"Manu Nicholas Jacob","2026-09-24 13:25:50",1176.5,2,manunicholasjacob
3491,16623378,"nvidia fan","2026-09-17 06:46:19",1176.4,2,outwrest
3492,16842817,darcy132,"2026-09-06 13:16:34",1175.9,2,darcy132
3493,16838953,HHHyyds,"2026-09-05 12:31:34",1175.8,2,hhhyyds
3494,16715383,"Leo Lilley","2026-09-09 03:36:39",1175.4,2,leolilley
3495,16845510,bugkeeper,"2026-09-08 06:24:57",1174.4,2,bugkeeper
3496,16822109,Meticulousss,"2026-09-10 16:32:31",1173.5,2,meticulousss
3497,16853941,"Baha Enes Ören","2026-09-08 14:52:10",1173.2,2,bahaenesren
3498,16842273,2424,"2026-09-08 14:29:16",1172.9,2,takutonishi
3499,16805509,"Adel Zebiche","2026-09-06 17:28:28",1172.8,2,adelzebiche
3500,16824564,"piu ATI","2026-09-06 10:02:27",1172.8,2,piuati
3501,16728229,twomoon,"2026-09-08 05:22:46",1172.6,2,twomoon036
3502,16843986,"Young Jim","2026-09-07 00:05:04",1172.6,2,youngjim
3503,16727536,lelelove1225,"2026-09-06 12:58:48",1172.3,2,lelelove1225
3504,16654068,"Renoir Vieira","2026-09-05 17:42:47",1171.8,2,renoirvieira0
3505,16792123,coder2403,"2026-09-12 17:08:38",1171.7,1,coder2403
3506,16870585,ba,"2026-09-11 08:25:46",1171.4,2,yusukebaba
3507,16883168,jojo,"2026-09-25 21:19:01",1171.4,2,jojojablon
3508,16697205,"Gould Research","2026-09-08 17:19:28",1171.3,2,"georgeking1,gouldh,gradybos,shanemullahy"
3509,16730484,Esperanza,"2026-09-10 00:42:17",1169.7,2,deanpixton
3510,16659711,williams,"2026-09-06 23:23:25",1168.7,2,williams
3511,16758839,"Yusuf Murtaza","2026-09-06 10:23:21",1168.1,2,yusufmurtaza01
3512,16667922,JungHwan,"2026-09-06 00:05:59",1167.5,2,najunghwan
3513,16849883,"Rifa Tamanna","2026-09-07 22:07:04",1167.4,2,rifatamanna1109
3514,16777894,"Matthew Neba","2026-09-06 21:37:08",1167.2,2,matthewneba
3515,16657547,"Pranav Thota","2026-09-23 05:00:32",1167.1,2,pranavthota
3516,16797251,"Nguyễn Mạnh Niên","2026-09-06 11:29:31",1167.1,2,jacobrichard312
3517,16783328,AggriTrader,"2026-09-15 13:56:09",1166.4,2,leoluo
3518,16654463,Mark,"2026-09-04 19:38:01",1166.3,2,robotmf
3519,16818508,"Napster Y","2026-09-06 08:55:35",1165.9,2,napstery
3520,16885684,LiYiTingTom,"2026-09-21 15:53:41",1165.7,2,liyitingtom
3521,16781110,yqz,"2026-09-04 17:57:19",1165.6,2,yuqizheng
3522,16726559,william,"2026-09-05 02:03:48",1165.0,2,hiricodev
3523,16796840,ezalbxx,"2026-09-10 04:09:31",1164.2,2,ezalbxx
3524,16845063,"Gaston Zarate","2026-09-22 05:36:22",1164.0,2,gastonz195
3525,16832556,"Harshit Raj #2","2026-09-10 16:45:16",1163.6,2,harshitraj2123221
3526,16838898,"Minh Trịnh","2026-09-06 13:38:05",1162.7,2,minhtrinh2002
3527,16793478,noisyislands,"2026-09-25 08:05:44",1162.7,2,noisyislands
3528,16661034,"Devesh Mehta","2026-09-23 14:54:58",1162.3,2,deveshmehtaaie
3529,16677107,gagacrow,"2026-09-07 16:11:58",1162.1,2,gagacrow
3530,16657646,mountainbob,"2026-09-21 14:12:49",1162.0,2,shongpakmanoon
3531,16745949,"Miaohua Zhang","2026-09-24 02:33:38",1161.7,2,miaohuazhang
3532,16669715,housssaamos,"2026-09-06 19:42:41",1161.4,2,housssaamos
3533,16814637,random_numb,"2026-09-24 06:23:11",1159.4,2,randomnumb
3534,16667998,Speril,"2026-09-11 03:51:03",1159.4,2,speril
3535,16726889,stnick,"2026-09-05 19:13:36",1159.3,2,stnick
3536,16688281,"Luke Stafford","2026-09-22 15:43:55",1158.4,2,luketstafford
3537,16795131,XuanxuChem,"2026-09-11 13:18:00",1158.3,2,zhaonoah
3538,16839429,"Igor Aranovsky","2026-09-08 08:55:51",1158.2,2,igoraranovsky
3539,16822414,Yassinovich,"2026-09-06 12:50:02",1156.5,2,yassinovich
3540,16860587,"Mayo Mafia","2026-09-14 12:41:03",1156.3,2,vasujain12344
3541,16802630,takotakosan,"2026-09-09 03:10:10",1156.2,2,takotakosan
3542,16806809,air,"2026-09-06 09:54:14",1156.1,2,air041001
3543,16790359,"laoma fighting","2026-09-07 05:30:45",1155.8,2,laomafighting
3544,16841276,EmmaL09,"2026-09-09 22:09:29",1155.2,2,emmal09
3545,16707639,Fujinawa,"2026-09-15 12:14:48",1154.7,2,wasshoiwasshoi
3546,16727147,"Alan Smith","2026-09-09 11:26:14",1154.6,2,acorncupcake
3547,16660477,SeaGoat,"2026-09-26 00:08:19",1153.6,2,vbandaru
3548,16803141,"Verdant Meridian","2026-09-08 14:13:17",1153.0,2,xinweizhang003
3549,16738820,"Ying Li","2026-09-14 15:06:54",1152.2,2,lyee919
3550,16830390,"Hajime Kumami","2026-09-07 00:06:54",1151.4,2,hajimekumami
3551,16734894,"MP Gamimg","2026-09-25 10:09:15",1151.1,2,okadahiroshi
3552,16796600,skyShenzi5822,"2026-09-08 08:06:25",1150.7,2,skyshenzi
3553,16704613,alexbstl,"2026-09-14 01:43:31",1150.0,2,alexbstl
3554,16719578,blueblue222,"2026-09-11 04:36:53",1149.2,2,blueblue222
3555,16801995,"XD tsui","2026-09-03 20:41:03",1148.6,2,xdtsui
3556,16802745,"Fuat Çakıcı","2026-09-25 22:17:39",1148.5,2,fuatcakiicii
3557,16857923,Haruki.O,"2026-09-12 08:23:32",1148.5,2,ho0707
3558,16765763,latter0206,"2026-09-06 07:00:54",1148.4,2,shoheiyamanaka
3559,16732433,syuuuuu,"2026-09-06 12:53:05",1147.8,2,syuuuuukun
3560,16664293,"Adam Lloyd","2026-09-05 07:12:04",1147.7,2,alloyd256
3561,16654490,"Furious Monk","2026-09-25 08:01:55",1146.7,2,furiousmonk
3562,16839209,yuuuu.T,"2026-09-06 02:01:37",1146.0,2,yuuuut
3563,16922094,Shiv28,"2026-09-26 03:38:57",1145.2,2,shiv28
3564,16697877,"Sky kun","2026-09-13 22:36:13",1145.0,2,skykun
3565,16771397,its_mrz,"2026-09-07 17:48:52",1144.7,2,itsmrz
3566,16797393,lingmingzi,"2026-09-05 04:36:26",1144.3,2,lingmingzi
3567,16848220,ggmljs,"2026-09-10 05:10:42",1143.7,2,ggmljs
3568,16946542,"Siyuan Wang","2026-09-26 03:43:51",1143.2,2,merlynwang
3569,16662204,SM_30,"2026-09-05 15:45:06",1143.1,2,sagarmane104
3570,16674720,"Prathmesh Lagdive","2026-09-09 10:44:33",1142.9,2,"aglavevaibhav,prathmeshlagdive,shriyashkurud"
3571,16811433,"Bx LLLLLLLL","2026-09-05 21:54:10",1142.6,2,bxllllllll
3572,16707702,"anton leyn","2026-09-08 16:30:11",1142.0,2,antonleyn
3573,16725081,ZhouYongqi,"2026-09-06 14:55:06",1141.6,2,xy0v0zhang
3574,16806535,"zhangzhuang li","2026-09-03 18:31:12",1141.2,2,zhangzhuangli
3575,16667964,Shuiys,"2026-09-05 18:41:46",1141.1,2,ysshui
3576,16869870,"Electric Weasle","2026-09-13 15:27:16",1141.0,2,electricweasle
3577,16810859,"Michael Silverblatt","2026-09-06 12:39:49",1140.6,2,msilverblatt
3578,16838520,"Niu Yuanfang","2026-09-07 07:50:24",1140.0,2,niuyuanfang
3579,16657637,"Ronnie Atuhaire","2026-09-15 14:11:38",1139.2,2,ronnieatuhaire
3580,16832971,"Scott Willis","2026-09-26 03:36:10",1138.6,2,scottgwillis
3581,16660281,"xiy lin","2026-09-08 12:05:25",1138.6,2,xiylin
3582,16815841,"Sunshine through fog","2026-09-25 22:48:23",1138.6,2,sunshinethroughfog
3583,16654266,古德拜吃,"2026-09-26 02:11:29",1138.3,2,nosaewang
3584,16862895,"Quinn Brighton","2026-09-12 00:01:22",1137.9,2,quinnbrighton
3585,16635065,T88,"2026-09-07 09:02:57",1137.9,2,t88take
3586,16695931,"Kers Aoyagi","2026-09-05 19:24:41",1137.6,2,kersaoyagi
3587,16644255,Rister,"2026-09-04 00:05:35",1136.1,2,"rister101,stharundhatri"
3588,16854250,"Jenil Emp","2026-09-21 13:06:46",1135.2,2,jenilemp
3589,16730049,"r2d2 Dasari","2026-09-20 20:15:24",1135.1,2,r2d2dasari
3590,16658287,ArturoSirvent,"2026-09-12 05:20:34",1134.9,2,arturosirvent
3591,16845366,cdaden,"2026-09-08 06:00:19",1134.7,2,cdaden
3592,16702430,"ZeLong Leo","2026-09-24 02:45:37",1134.2,2,zelongleo
3593,16725195,易研学社,"2026-09-06 07:27:43",1134.1,2,"chency17,fengwann,mingyingxin,sjojasdq,tbtbbb"
3594,16633850,Pascal,"2026-09-05 04:01:56",1133.3,2,pascalledesma
3595,16810802,"Musa Khan","2026-09-03 16:40:12",1133.2,1,lazer999
3596,16683435,CoorDi,"2026-09-08 02:13:42",1132.6,2,bxy0125
3597,16811890,Bobbbbbbbbx,"2026-09-03 15:25:01",1132.5,2,bobbbbbbbbx
3598,16626462,mango,"2026-09-04 01:11:13",1132.2,2,mango789
3599,16634336,"Arko Bera","2026-09-08 19:08:41",1132.0,2,cartoonistbeard
3600,16786109,"Thomas Deng","2026-09-25 12:31:40",1131.9,2,tdeng24
3601,16824101,"Bala Murugan AIML","2026-09-04 02:20:12",1131.5,1,balamuruganaiml
3602,16820988,人畜无害,"2026-09-24 09:01:58",1131.5,2,slowmo19
3603,16786255,OceFFFF,"2026-09-23 06:46:43",1130.3,2,oceanfujimoto
3604,16657904,xfhdh1,"2026-09-06 09:51:45",1130.0,2,xfhdh1
3605,16717186,"Roumak Das","2026-09-04 03:41:55",1130.0,2,roumak77
3606,16673250,Prashant,"2026-09-04 16:46:37",1129.7,2,"kajalsinghrajpoot,prashantxo"
3607,16654791,"Dev Rath","2026-09-10 16:32:18",1129.6,2,devbratrath
3608,16679812,"Xiang Li","2026-09-07 00:00:24",1129.2,2,xianglipee
3609,16682283,"RL is all you need","2026-09-08 13:59:11",1129.0,2,"bpmf577,junzhejiao,jwj1342,liaodid,mrschang"
3610,16808352,Rheinmetall,"2026-09-25 16:34:55",1128.9,2,rheinmetall
3611,16697923,"Vincent Debout","2026-09-12 22:24:00",1128.6,2,vdebout
3612,16778388,"straw hats","2026-09-20 14:26:24",1128.4,2,rushikeshgaonkar
3613,16623630,noobanot,"2026-09-03 12:05:20",1128.4,2,noobanot
3614,16721805,kavunidze,"2026-09-03 11:04:48",1128.3,2,kartu72
3615,16804549,Feidudu,"2026-09-04 15:51:54",1127.4,2,zenanshao
3616,16810060,galileo680,"2026-09-05 23:45:08",1127.4,2,keter333
3617,16808433,thenokol,"2026-09-07 12:26:33",1127.0,2,thenokol
3618,16779321,HarryP12,"2026-09-11 16:45:35",1125.6,2,harryp12
3619,16664518,senxichong,"2026-09-18 08:01:00",1125.5,2,senxichong
3620,16639369,"Kyuhwan Cho","2026-09-18 23:24:42",1125.3,2,octoarden
3621,16899030,CardPilotLab,"2026-09-17 00:32:05",1124.8,2,EldieEnfiel
3622,16695556,"Prajwal Dongre","2026-09-20 05:45:05",1123.7,2,prajwaldongre
3623,16672040,"Tom Yim","2026-09-07 04:31:34",1123.6,2,tomyim
3624,16927297,galaxy2025,"2026-09-20 01:15:33",1123.4,1,galaxy2025
3625,16713540,Anruan,"2026-09-05 16:45:53",1123.3,2,xiaowanshen
3626,16825772,liujieyou,"2026-09-14 12:01:35",1123.0,2,liujieyou
3627,16858618,NaokaK,"2026-09-09 06:58:14",1122.9,1,naokak
3628,16824069,"Phương Nguyễn Việt","2026-09-04 03:52:08",1122.9,1,phngnguynvit
3629,16745351,ChrisXie,"2026-09-08 02:14:19",1122.9,2,chrisstan
3630,16657228,"Vladimir Babin","2026-09-21 06:07:32",1122.5,2,vovababin
3631,16839548,"Александр Прохоров","2026-09-08 12:30:54",1122.1,2,obbwd12
3632,16753646,"[Deleted] 7d100524-25e6-4751-98db-b4fdce26a5ee","2026-09-02 14:22:45",1122.1,2,del=effabded1aa6d176
3633,16836457,Andrew9603,"2026-09-06 12:28:37",1121.9,2,benxvyan
3634,16783459,LKQ669,"2026-09-02 14:33:50",1121.7,2,lkq669
3635,16741683,"Lance Wu","2026-09-05 02:17:10",1121.6,2,lancewu722
3636,16808178,qianyuatkaggle,"2026-09-08 00:37:32",1121.3,2,qianyuatkaggle
3637,16816445,"Danila Lebedev","2026-09-08 13:54:33",1120.7,2,danilalebedev
3638,16802039,"Anna Currie","2026-09-04 10:24:33",1120.7,2,hcnfgxsghvbkhbty
3639,16809249,Moro,"2026-09-06 02:48:13",1120.6,2,moromoromoro
3640,16652750,"Bahadir Selim Bakla ","2026-09-24 23:38:57",1120.0,2,bahadirselimbakla
3641,16773069,Grant,"2026-09-05 10:49:32",1119.2,2,leolin05
3642,16639746,"Kyle Wang","2026-09-04 15:12:00",1118.2,2,ky1ewan9
3643,16851712,VelloNChiru,"2026-09-25 02:30:27",1118.2,2,janelawrence
3644,16755414,Danzzzl,"2026-09-05 16:14:12",1118.0,2,okunevda
3645,16838305,"Zhiyan Chen","2026-09-05 09:20:32",1118.0,2,zenosga
3646,16750273,"Nil Lic","2026-09-14 16:44:57",1117.6,2,nillic
3647,16666296,A.P.R.I.L,"2026-09-12 16:42:30",1117.6,2,puneeth333
3648,16734290,CodeAMANSA,"2026-09-09 14:52:52",1117.5,2,bcollazo
3649,16841667,Zwxiang123,"2026-09-06 01:27:21",1117.5,1,zwxiang123
3650,16750364,Tangruichen,"2026-09-23 19:19:29",1117.2,2,device666kunkun
3651,16686827,Kronki,"2026-09-05 12:24:58",1117.2,2,kronki
3652,16659210,HASHP100D,"2026-09-05 11:23:41",1117.1,2,hashp100d
3653,16657395,"Uchechukwu Ajuzieogu","2026-09-03 14:10:11",1116.7,2,uchechukwuajuzieogu
3654,16632231,"Samrish B","2026-09-05 18:17:55",1116.7,2,samrishb
3655,16683199,"Filippo Gombac","2026-09-02 17:16:47",1116.5,2,filippogombac
3656,16730834,TomoyaM,"2026-09-10 00:00:39",1116.2,2,tomoyamiyaake
3657,16738810,mararaa,"2026-09-04 10:21:18",1116.2,2,mararaa
3658,16805882,nmdcddwzml,"2026-09-10 11:46:04",1116.2,2,mujian63
3659,16756902,"Matt Palmer","2026-09-06 04:17:51",1116.2,2,palmsey
3660,16721688,"Hi Im Ryo","2026-09-04 15:05:22",1115.8,2,loto610
3661,16730707,"James Michael","2026-09-04 14:12:29",1115.6,2,ingenio
3662,16695229,X1a0Ch3n,"2026-09-04 16:14:07",1115.0,2,xiaochen20236673
3663,16734813,"Johan BONILLA MENDIETA","2026-09-05 15:23:38",1114.9,2,johanbonillamendieta
3664,16662810,HarshitSama,"2026-09-19 10:23:32",1114.0,2,harshitsama
3665,16657825,MilanJoshi,"2026-09-01 12:04:31",1113.4,2,mlnjsh
3666,16780141,"One Zero001","2026-09-03 08:43:16",1113.0,2,onezero001
3667,16675739,"Jithendra Maddala","2026-09-12 05:12:26",1112.7,2,jithendramaddala
3668,16667872,"Pralay Ghosh","2026-09-25 05:03:02",1112.5,2,pralayghosh83
3669,16667731,"Agent 33","2026-09-24 19:53:19",1112.4,2,agent33
3670,16736050,SuperZero11,"2026-09-10 07:44:19",1112.2,2,anandaverma
3671,16806587,"Dear Shark","2026-09-17 07:12:32",1111.8,2,dearshark
3672,16773607,sky1,"2026-09-04 13:54:00",1111.7,2,skyk1jn
3673,16623480,xmaster6y,"2026-09-08 18:26:54",1110.6,2,xmaster6y
3674,16851959,Darren0724,"2026-09-11 12:15:26",1110.6,2,darren0724
3675,16659776,"Ben Hamilton","2026-09-08 23:36:18",1110.5,2,kineticaxisstudio
3676,16678462,"Eric Han Wang","2026-09-22 22:39:00",1110.3,2,ericwang03
3677,16717113,"Dovydas Ruokis","2026-09-11 19:58:21",1110.3,2,dovydasruokis
3678,16775506,"lin qiy","2026-09-05 13:32:19",1110.1,2,linqiy
3679,16820116,cotora2121,"2026-09-05 17:42:49",1109.9,2,cotora2121
3680,16749205,"Wish Coding Guy","2026-09-02 10:33:15",1109.9,2,tommycyd
3681,16799554,dengddd,"2026-09-03 15:30:23",1109.9,2,dengdgq
3682,16682195,celefefwefwe1,"2026-09-02 16:48:52",1109.5,2,celefefwefwe1
3683,16725793,Krilin,"2026-09-03 18:41:48",1109.4,2,krilin
3684,16774727,"Dannya AbdulHadi","2026-09-04 11:48:50",1109.4,2,dannyaabdulhadi
3685,16722995,July,"2026-09-10 10:42:05",1109.3,2,julyzseven
3686,16768323,thuvuduy16,"2026-08-31 18:59:54",1108.9,2,thuvuduy16
3687,16721237,phoenixai0,"2026-09-08 14:15:57",1108.9,2,phoenixultra
3688,16743788,"Emmanuel Lo","2026-09-04 13:07:50",1108.7,2,emmanuello
3689,16728103,Immutable,"2026-09-06 21:33:16",1108.2,1,dishcleaner
3690,16702429,iamlonely,"2026-09-08 16:27:53",1107.9,2,iamlonely
3691,16783521,xiannaix,"2026-09-04 09:28:00",1107.4,2,xiannaix
3692,16797063,Nianhua1,"2026-09-05 03:35:11",1107.3,2,nianhua1
3693,16719083,"Justin Mai 16","2026-09-07 22:30:10",1106.8,2,justinmai16
3694,16639771,"DK Armada","2026-09-06 06:33:12",1106.7,2,dkarmada
3695,16747577,"Nolan BONHOMME","2026-09-03 13:22:05",1106.4,2,nolanbonhomme
3696,16838821,小等等,"2026-09-16 07:41:23",1106.1,2,atwelve
3697,16790658,lxymmd,"2026-09-10 07:59:16",1105.4,2,lxymmd
3698,16811637,mohui666,"2026-09-03 09:21:41",1104.9,2,mohui666
3699,16658898,"SRI shiva","2026-09-25 21:43:46",1104.6,2,srishiva
3700,16782954,"Team Dajiang","2026-09-19 13:02:19",1104.3,2,"jihuaye,toolazyhhh123"
3701,16828244,AGSaturn,"2026-09-06 19:42:52",1103.7,2,polyuhst
3702,16622934,"Ümit Anık","2026-09-05 13:54:40",1103.4,2,mitank
3703,16735253,银龙,"2026-09-07 07:00:02",1103.4,2,boyanyanbo
3704,16639520,"Cary Jin","2026-09-05 22:54:44",1103.3,2,strigiformes
3705,16773039,zyiqun,"2026-09-04 06:12:36",1103.2,2,zyiqun
3706,16658409,AlexMasip,"2026-09-03 15:37:32",1103.2,2,alexmasip
3707,16659430,"John Keith Weber","2026-09-06 16:32:54",1103.2,2,johnkeithweber
3708,16848645,"Chee Keong Sim","2026-09-10 14:59:11",1101.9,2,cheekeongsim
3709,16657594,"Wojciech Krasowski","2026-09-02 20:37:04",1101.9,2,ci3l4k
3710,16732484,tanzaku,"2026-09-06 07:58:50",1101.6,2,tanzaku
3711,16734979,NiuLAI,"2026-09-24 07:23:38",1100.8,2,"chunsingyu,chunyinhui,jaminmei"
3712,16641099,sieru-copan,"2026-09-25 12:03:44",1100.4,2,sierucopan
3713,16665700,张广麒,"2026-08-31 08:41:33",1099.8,2,zzggqq
3714,16794740,"Alexander R Luz","2026-09-11 16:15:45",1099.7,2,alexanderrluz
3715,16743191,"Ryoya Kochiyma","2026-09-05 13:28:19",1099.2,2,"kazutotakekuma,ryoyakochiyma"
3716,16654995,"Artem Voronov","2026-09-14 11:14:51",1098.8,2,artemyvoronov
3717,16790542,shiba-inu,"2026-09-21 14:06:32",1098.4,2,npinpi
3718,16761641,Diavolo,"2026-09-05 09:31:08",1098.0,2,jeanmarcbah
3719,16634239,"Radhakrishnan Guhan","2026-09-05 19:54:20",1097.9,2,rmsgrk
3720,16857458,HIIHIH,"2026-09-25 05:20:19",1096.3,2,hiihih
3721,16732221,ringbearer,"2026-09-03 21:56:31",1095.8,2,mehmetbarankrat
3722,16665311,"huayang sun","2026-09-05 06:20:01",1095.5,2,okami001
3723,16632214,roomer,"2026-09-05 03:55:23",1095.5,2,"matsuphy,mqme526,yasunamiura"
3724,16794696,"Paul Bryan Elefante","2026-09-08 00:39:10",1095.3,2,heuljax
3725,16655381,"Varshith K","2026-09-10 22:42:07",1094.8,2,var3604
3726,16661393,"razab Bawa","2026-09-06 12:43:30",1094.8,2,razabbawa
3727,16803930,"Farrukh Ismoilov","2026-09-02 11:30:29",1094.5,2,fismoilo
3728,16822745,Jetpack,"2026-09-18 17:14:08",1093.4,2,"m1ngch1,victorye04"
3729,16742470,AK,"2026-09-06 07:57:50",1093.3,2,aman1391
3730,16686513,Vipul_Kumar75476,"2026-09-22 00:05:05",1091.9,2,vipulkumar75476
3731,16729092,"ayman elamin","2026-09-22 13:36:51",1091.8,2,aymanelamin
3732,16771605,Psyrax,"2026-09-17 16:00:11",1091.5,2,psyrax012
3733,16651792,LX,"2026-09-02 10:29:49",1091.0,2,sunnylx
3734,16682932,"Iulian Curte","2026-09-13 10:07:59",1090.9,2,iuliancurte
3735,16764068,"Chika Komari","2026-09-02 11:18:48",1090.3,2,gothamjocker
3736,16775286,DanilAbdullin,"2026-09-02 05:42:51",1089.1,2,danilabdullin
3737,16793344,zyichi,"2026-09-02 06:41:30",1086.9,2,zyichi
3738,16798174,"Jan Bartos","2026-09-07 22:28:55",1086.8,2,janbartos
3739,16818589,"Rachmat S. Haryadi","2026-09-10 16:48:09",1086.7,2,rachmatsharyadi
3740,16747036,Illusion,"2026-09-04 13:34:36",1086.7,2,briankimtaikab
3741,16742825,"Ritwik Raha","2026-09-05 00:03:10",1086.4,2,ritzraha
3742,16716475,"dong & shen","2026-09-03 04:47:45",1086.1,2,"dongcookies,muyouqian4"
3743,16677399,lyts,"2026-09-24 12:58:29",1086.1,2,lytsyyds
3744,16623890,"rapika rosalia","2026-09-01 17:40:24",1086.0,2,rapikarosalia
3745,16688642,"Natalia Mawyin","2026-09-05 11:08:38",1085.4,2,nmawyin
3746,16779652,cheezyp,"2026-08-31 06:26:25",1085.2,2,cheezyp
3747,16626979,"An - x","2026-09-24 10:28:30",1084.4,2,myotterspace
3748,16663166,Rey4Dan,"2026-09-23 16:28:42",1084.3,2,rey4dan
3749,16675351,-Beterraba,"2026-09-05 18:45:27",1083.6,2,"afonsoo,miguelottoni"
3750,16839975,AlexHan,"2026-09-05 13:16:50",1083.3,1,gksgusrb1212
3751,16727544,"Mostafa H","2026-09-01 10:03:53",1083.0,2,mostafahaghiri68
3752,16655169,Musliadi,"2026-08-31 05:51:39",1082.6,2,timscientia
3753,16660121,10pi,"2026-09-02 01:21:07",1082.6,2,meredith10pi
3754,16628456,kiro,"2026-09-08 06:39:53",1082.0,2,kirosamurai
3755,16771457,"HK Fama","2026-09-05 17:51:47",1081.3,2,kenho211
3756,16778792,"Karthik #2","2026-09-25 18:05:43",1081.3,2,karg14
3757,16784829,"Masahiro Yamagata","2026-09-25 21:19:19",1081.0,2,masahiroyamagata
3758,16655311,"Plant City Planter","2026-09-02 19:03:12",1081.0,2,michaellombard
3759,16737937,xamad,"2026-09-01 13:19:27",1080.8,2,giannicerrato
3760,16623856,aowhite,"2026-09-03 06:12:31",1080.6,2,brandnewyork
3761,16694186,souju00,"2026-09-14 10:52:51",1080.5,2,souju00
3762,16944414,Aguacates,"2026-09-25 23:53:24",1080.0,2,"carolinemercedes,joshdankworth"
3763,16783124,Logorhythms,"2026-09-24 12:31:20",1079.7,2,mohammadsaidulislam
3764,16662568,RaghavMundhra1,"2026-09-23 22:44:35",1079.3,2,raghavmundhra1
3765,16795982,Vordax,"2026-09-03 18:17:12",1079.3,2,vordax
3766,16887947,"Blips and Chitz","2026-09-23 23:10:46",1078.9,2,michaelriedl
3767,16656659,"James Y","2026-08-31 09:51:47",1078.0,2,redoctopusk
3768,16871907,"Junya _318","2026-09-14 04:15:18",1077.1,2,junya318
3769,16860049,Himanshu,"2026-09-15 12:12:33",1077.1,2,himanshuffbfujbf
3770,16706442,tipstar0125,"2026-09-05 11:50:46",1075.0,2,dragonty
3771,16655633,johnny,"2026-08-31 04:55:56",1074.9,2,jonykarki
3772,16654715,"Aqib Raza","2026-09-02 19:21:26",1074.6,2,aqibrazadev
3773,16923238,Jaga,"2026-09-26 03:35:39",1074.4,2,skntbass
3774,16745416,yamato035073,"2026-08-30 22:24:34",1073.2,2,yamato035073
3775,16677252,カワシギ,"2026-09-25 16:58:15",1073.0,2,kawashigi
3776,16798544,esprit,"2026-08-31 23:47:56",1072.5,1,takuji
3777,16695521,"Chen Ken","2026-09-19 11:39:00",1072.1,2,nuty
3778,16756630,Shreyas,"2026-08-30 09:58:08",1072.0,2,shreyasdongre25
3779,16811502,"Avi Porath","2026-09-14 04:33:01",1071.6,2,aviporath
3780,16877958,"Igor Buinyi","2026-09-11 23:06:07",1070.8,1,buinyi
3781,16725410,LE4VES,"2026-09-08 09:27:15",1070.6,2,le4ves
3782,16795391,MECHINE,"2026-09-01 03:05:47",1070.6,2,nainglinwai
3783,16734199,Iliamna,"2026-09-06 20:44:33",1070.1,2,decotoj
3784,16661304,"Jonathan Roy","2026-09-14 17:05:57",1069.3,2,jonathanroy7
3785,16795041,"Denis Revenko","2026-09-01 13:02:36",1069.3,2,denizzko
3786,16852043,"pig da","2026-09-08 05:32:31",1068.5,2,qijunjie
3787,16843970,dharana77,"2026-09-24 08:27:42",1068.2,2,ylee4574
3788,16693382,Sandrone,"2026-09-07 15:57:25",1068.0,2,luvgoelo
3789,16945978,"Grigor Sargsyan","2026-09-25 22:36:59",1067.7,2,grigorsargsyan
3790,16785924,Abhinav_26104,"2026-08-31 15:17:41",1067.6,2,abhinav26104
3791,16639979,naphthalene,"2026-09-01 10:40:26",1066.2,2,"aaa0342,leehyungjoon,minjek,trv449"
3792,16773320,kaka,"2026-09-17 08:53:18",1065.9,2,kakawin
3793,16730577,"Team Rocket’s Orbital Farm","2026-09-25 09:45:06",1065.7,2,koheitsutsumi
3794,16793261,Von_Feynman,"2026-08-30 13:35:43",1065.6,1,terrenceluo1017
3795,16794841,thisArmin,"2026-08-31 04:29:30",1065.6,1,thisarmin
3796,16624506,zhongtian,"2026-09-25 15:49:15",1065.2,2,kmtbang
3797,16667724,"Masashi Onda","2026-09-02 12:43:58",1065.0,2,masashionda
3798,16791752,bayachay,"2026-09-13 02:26:18",1064.4,2,bayachay
3799,16662696,"Cengizhan Tümer","2026-08-31 20:54:21",1064.0,2,cengizhantmer
3800,16806394,Flowers,"2026-09-02 04:03:16",1063.9,1,"guyueyuan,oliver34,wu12138test"
3801,16784056,"anh nông dân may mắn","2026-09-25 10:45:22",1063.8,2,nguyen1tri
3802,16659215,"Zhizhou Sha","2026-08-31 12:43:52",1063.6,2,zhizhousha
3803,16757418,Janus,"2026-09-20 02:21:48",1062.5,2,khaled1alhasan
3804,16714365,meryol,"2026-09-25 21:58:42",1061.3,2,meryol
3805,16779831,地里偷偷尿尿,"2026-09-06 14:21:55",1060.9,2,jjsdfd22
3806,16734225,"Vijay athithya ","2026-09-02 07:06:29",1059.8,2,vijay09
3807,16664537,"Lenin Goud","2026-08-27 01:07:37",1059.5,2,leningoud
3808,16662651,CoatiAI,"2026-09-16 11:06:40",1059.4,2,gjhordan
3809,16622919,Waffle,"2026-09-23 23:19:28",1059.0,2,waffle3z
3810,16732813,Soomana1z,"2026-09-08 17:20:16",1058.1,2,soshionodera
3811,16757384,straw_Yu,"2026-09-09 01:41:11",1058.1,2,strawyu
3812,16756633,TheDanKing,"2026-08-31 05:49:23",1056.9,2,thedanking
3813,16729906,"Krzysztof Madziar","2026-08-28 05:05:13",1056.4,2,krzysztofmadziar
3814,16805609,Gleb,"2026-09-01 22:11:48",1055.5,1,korelin
3815,16670527,"Balram Gupta","2026-09-18 05:06:28",1054.3,2,"akankshaparab,bg28898"
3816,16748187,"Violet Notes","2026-09-09 13:20:38",1054.0,2,dominicjamil
3817,16716613,Arvin,"2026-09-08 01:18:15",1053.0,2,chesterx
3818,16689266,"Oleksandr Dudnev","2026-09-09 06:14:10",1053.0,2,dantist
3819,16757704,Faustine,"2026-09-23 00:54:18",1052.9,2,faustine649
3820,16737702,"kaneko takafumi","2026-09-25 14:27:07",1052.9,2,kanekotakafumi
3821,16641130,LitvinKA,"2026-09-24 04:29:12",1052.9,2,litvinka
3822,16802775," SonSheungmin","2026-09-03 06:55:03",1052.8,2,sonsheungmin
3823,16752733,zjukop1,"2026-08-25 03:29:28",1052.7,2,zjukop1
3824,16667147,"Daksh Bhalala","2026-08-26 06:41:04",1052.7,2,dakshbhalala
3825,16778019,Mr.Frundles,"2026-09-03 02:21:58",1052.5,2,watehell
3826,16793106,"Пал Лаич","2026-08-30 12:45:34",1052.2,1,skypunkaudiowalker
3827,16806048,duck_raccooon,"2026-09-02 15:03:04",1052.1,2,duckraccooon
3828,16689569,JovanaLab,"2026-08-27 22:43:51",1051.7,2,"choonesenlu,joxitsai"
3829,16621831,"Tsung-Yeh, Hsieh","2026-09-09 18:31:09",1051.7,2,"tsungyehhsieh,xinyuloong"
3830,16718956,hassan,"2026-09-01 16:14:25",1051.3,2,hasankhhan
3831,16669810,CREART,"2026-08-29 16:06:18",1050.0,2,gustardust
3832,16691247,"Aneesh Rao","2026-08-27 17:11:07",1048.7,2,sidrao2006
3833,16775443,NoName,"2026-09-04 23:49:43",1048.6,2,thesonalsingh
3834,16742232,"Prema Ananda","2026-09-18 15:40:40",1047.9,2,premaananda108
3835,16791549,"Eugenio Schiavoni","2026-08-31 19:14:40",1047.3,2,eugeniokukes
3836,16741551,"Vedant Tiwari","2026-09-02 20:48:05",1047.0,2,vedant7312
3837,16666195,"Yihan Guo","2026-08-28 08:44:06",1046.9,2,yihanguo
3838,16820794,"Yuxuan Ba","2026-09-26 03:37:23",1046.7,2,"cynthiaaaaa06,hyt9797,lynndai67,yuxuanba"
3839,16844343,"Gotovtsev Artyom","2026-09-18 20:30:04",1046.3,2,artemgotovtsev
3840,16796980,ChenyuBaii,"2026-09-11 09:56:01",1046.3,2,chenyubaii
3841,16738895,SangGold,"2026-09-13 09:18:56",1046.1,2,sanggold
3842,16641982,ZotAZaw3,"2026-08-28 09:43:47",1045.2,2,zotazaw3
3843,16730705,chris,"2026-09-25 01:49:21",1044.7,2,chris62
3844,16626655,"Surya milenial","2026-08-30 08:21:22",1044.7,2,suryamilenial
3845,16766941,"S Kim","2026-09-10 22:16:57",1044.5,2,sunnyk92
3846,16783630,"fan yanbing","2026-08-30 11:33:12",1044.1,2,jackpudding
3847,16654526,"Jin Niu","2026-08-26 18:25:33",1043.9,2,gufanmingmie
3848,16736111,hexingwei33,"2026-09-23 15:12:47",1043.9,2,hexingwei33
3849,16764431,"William Diment","2026-09-14 07:50:42",1043.3,2,williamdiment
3850,16770998,ket,"2026-08-31 22:14:53",1043.1,2,kentken
3851,16848207,vlad,"2026-09-15 11:56:09",1041.8,2,khizanov
3852,16637458,OlivierS,"2026-09-09 03:41:58",1041.7,2,oliviers
3853,16761788,"Corenthin Buffard","2026-08-26 13:16:28",1041.5,2,cbuffard
3854,16771843,"Surekha Ramireddy","2026-09-01 15:34:18",1041.3,2,surekharamireddy
3855,16753194,"Saicharan Ramineni","2026-08-26 19:33:02",1039.8,2,godlydonuts
3856,16770397,Ryu,"2026-09-03 20:15:16",1039.5,2,bexultanashenov
3857,16672468,ComposeMage,"2026-09-08 01:51:40",1039.4,2,composemage
3858,16770927,kaptaan45,"2026-08-28 08:06:32",1039.1,2,kaptaan45
3859,16863344,masat,"2026-09-09 23:46:30",1039.0,1,masatttt
3860,16782193,nal_nh906,"2026-09-02 01:42:32",1039.0,2,hhan09
3861,16760656,CharTFboy,"2026-08-24 09:19:37",1038.8,2,chartfboy
3862,16748907,EdwardHwang@123,"2026-08-24 15:32:00",1038.2,2,edwardhwang123
3863,16821420,Sight,"2026-09-24 17:08:12",1037.9,2,"cai12341234,crimsurfer,jingwenxu85,sakurasss,yuankunzou3"
3864,16692744,"VAIBHAV RASTOGI 90","2026-09-03 23:43:33",1037.6,2,vaibhavrastogi90
3865,16879133,xiepengo,"2026-09-13 14:05:18",1037.6,2,xiepengo
3866,16774129,"Chen Audrey","2026-09-04 13:38:19",1037.2,2,chenaudrey
3867,16658280,"Hemanth Reddy Katta","2026-09-14 22:15:43",1036.6,2,hemanthreddykatta
3868,16630516,"Seb (allegedly)","2026-09-09 09:22:48",1036.5,2,sebmallia
3869,16762537,Controlvector,"2026-08-25 08:28:11",1036.4,2,"controlvector,yxdu01"
3870,16844154,シュークリーム,"2026-09-07 03:31:45",1036.1,2,syucream
3871,16760509,"gnanadeepika karanam","2026-09-18 15:53:30",1036.0,2,gnanadeepikakaranam
3872,16762139,AltriaE,"2026-08-25 15:27:52",1034.8,2,altriae
3873,16698340,"Yanxi Jiang","2026-08-26 03:24:55",1033.3,2,yanxijiang
3874,16638019,Randynho,"2026-09-15 16:13:30",1033.3,2,randynho
3875,16838843,"qiu ji123","2026-09-12 02:58:46",1032.8,2,qiuji123
3876,16847289,"Hengxiang Yu","2026-09-21 07:24:59",1032.8,2,hengxiangyu
3877,16733708,RyanHo,"2026-08-29 03:59:12",1032.2,2,ryanrx
3878,16730449,"Shinichiro Yoshida","2026-09-25 17:12:44",1032.0,2,sysd00
3879,16669403,mrgrishninsb,"2026-09-13 13:22:10",1031.8,2,mrgrishninsb
3880,16734699,PangMinShih,"2026-08-28 08:39:27",1031.7,2,shihbonbon
3881,16856449,Sting,"2026-09-16 17:12:20",1031.6,2,sarlnovax
3882,16738279,zhangshuosc,"2026-08-26 05:11:57",1031.2,2,zhangshuosc
3883,16853131,"Awesome Egg","2026-09-10 07:27:41",1030.6,2,newegg
3884,16675777,"Ml BOY","2026-09-07 18:15:38",1030.4,2,mlboy1
3885,16664683,"Halapeño Farms","2026-09-14 00:35:12",1030.1,2,haladaj
3886,16771361,"It's Ratcha","2026-09-07 18:59:25",1030.1,2,itsratcha
3887,16790233,"prateek chandra","2026-08-30 15:55:55",1030.1,2,prateekchandra7005
3888,16662222,MinerUNLEASHED,"2026-08-24 16:28:40",1029.8,2,minerunleashed
3889,16770299,"أحمد فهد الربيش","2026-08-25 09:55:13",1029.7,2,ghr111
3890,16765154,dreamcxy,"2026-08-31 03:54:16",1029.6,2,dreamcxy
3891,16654042,B.Pushpanjali,"2026-09-23 07:50:41",1029.4,2,"bpushpanjali,vinithwade"
3892,16668756,"Clark Kitchen","2026-09-09 00:54:50",1029.2,2,clarkkitchen
3893,16838736,"kauan cassiano","2026-09-05 06:42:48",1029.2,1,kauancassiano
3894,16761019,"yiwen hou","2026-08-25 14:48:43",1029.1,2,hevenhina
3895,16739018,"Zhou Songyu","2026-09-25 10:45:53",1029.0,2,zhousongyu
3896,16692443,xmkevin2004,"2026-09-08 15:10:46",1029.0,2,"deersirz,qiuzaooppo,xmkevin2004"
3897,16748647,"Adar Cohen","2026-08-24 21:27:43",1028.8,2,adarcohen
3898,16775771,"Ewia Tng","2026-09-09 04:57:46",1028.6,2,ewiatng
3899,16652912,"Kyle Ellard","2026-09-04 11:51:13",1028.5,2,kyleellard
3900,16748000,"Rohit Raj Singh","2026-09-15 13:50:22",1028.4,2,rohitrajsingh555
3901,16763437,"⸻AgentZZ ⸻","2026-08-23 20:47:44",1028.1,1,agentzz
3902,16752121,adhsdrtjh,"2026-08-23 15:02:25",1027.8,2,adhsdrtjh
3903,16709115,"PARK HYUNSIK","2026-08-26 01:51:31",1027.7,2,hyunsikpark
3904,16692038,CodeHacker,"2026-09-15 14:53:16",1027.7,2,junhanzangai
3905,16782227,"chen yue li","2026-09-03 01:34:30",1027.1,2,yueelc
3906,16689697,Kmart0112,"2026-09-21 17:38:23",1027.0,2,kmart0112
3907,16755244,SZU蓝心,"2026-09-01 11:50:45",1026.6,2,jiazhanliu
3908,16902856,"Laura Vanegas Torres","2026-09-25 03:07:16",1026.5,2,lauravanegastorres
3909,16774410,"Rishabh Roy","2026-08-26 09:01:38",1024.9,1,rishabhr0y
3910,16807054,"JSU xiaopoche","2026-09-03 06:35:02",1024.8,1,xhmuvw
3911,16722731,"E&M Pioneer","2026-08-30 11:18:55",1024.3,2,hzq2004
3912,16861544,"Hiroyuki Fujimaki","2026-09-25 14:41:48",1024.0,2,hiroyukifujimaki
3913,16741826,StackKnight,"2026-08-28 02:12:12",1023.7,2,stackknight
3914,16758791,"qw yi123","2026-09-22 13:41:44",1023.5,2,qwyi123
3915,16693193,"Efrain Garay","2026-09-04 20:55:13",1023.1,2,efraingaray7
3916,16778808,"Candace Dudleson","2026-08-31 23:19:12",1023.1,2,candacedudleson
3917,16768676,Doit,"2026-08-25 02:09:47",1022.5,1,aifccnb
3918,16674310,"Ayaz Ahmed Kazi","2026-08-29 18:49:13",1022.5,2,ayazahmedkazi
3919,16758279,"GO HIROSHIMA 2","2026-08-29 02:51:47",1022.2,2,gohiroshima2
3920,16712432,hengck23,"2026-08-25 17:58:30",1022.0,2,hengck23
3921,16627472,CloverFarm,"2026-09-08 13:23:55",1022.0,2,ljs2546
3922,16753515,"Yosif EL-Rammaal","2026-08-25 16:57:09",1021.6,2,yosifelrammaal
3923,16764738,Lucasty,"2026-08-25 07:04:36",1020.8,2,lucaswty
3924,16655255,MalelizarazoP,"2026-08-26 13:34:53",1020.6,2,malelizarazop
3925,16769028,"Rishabh Yadav","2026-09-17 01:59:59",1020.5,2,riishabhhh
3926,16729554,"JingSong Yang","2026-08-28 05:33:55",1020.3,2,jingsongyang
3927,16780317,jrcjrcjrc,"2026-09-04 06:03:51",1019.6,2,jrcjrcjrc
3928,16790391,"Kevin Cao","2026-08-29 13:38:03",1019.5,1,kevincao2
3929,16782984,crinoid,"2026-09-02 10:59:06",1019.4,2,takemi
3930,16634153,AnpAn_Men,"2026-08-29 19:47:31",1018.9,2,anpanmen
3931,16623812,"SeshuRaju 🧘‍♂️","2026-09-26 03:39:47",1018.8,2,seshurajup
3932,16893654,"Arhaan Aggarwal","2026-09-24 01:14:00",1018.7,2,arhaanaggarwal2
3933,16724228,LSS0334,"2026-08-26 00:15:54",1018.7,2,lss0334
3934,16764206,yanjixiang,"2026-08-25 11:37:34",1018.2,2,yanjixiang
3935,16623736,Garigariyong,"2026-09-01 04:31:17",1018.2,2,garigariyong
3936,16630323,kaggricultureomnidimensionalut,"2026-08-28 10:51:28",1018.0,2,kumarandatascientist
3937,16630711,"Aleks Lviv","2026-09-25 00:52:02",1016.4,2,alekslviv
3938,16740392,"Amey Thakur","2026-08-25 12:01:41",1014.7,2,ameythakur20
3939,16784611,sardarkhanyadav,"2026-08-28 16:45:33",1013.9,2,sardarkhanyadav
3940,16904320,"Flying Duck","2026-09-24 05:15:07",1013.7,2,dreame1
3941,16755921,"Natnael Yerga","2026-08-24 16:43:22",1013.7,2,natnaelyerga
3942,16662914,"Apollo's cattles","2026-09-25 21:03:00",1013.6,2,"icr007,kennethlie16,romanrozen"
3943,16828844,"SHOUHEI IKEDA","2026-09-06 23:29:56",1013.6,2,shouheiikeda
3944,16716549,notoverkil,"2026-08-28 08:16:38",1013.4,2,notoverkil
3945,16704603,Tmaxxer,"2026-08-28 14:45:38",1012.9,2,tmaxxer
3946,16685450,Nadeem,"2026-08-25 09:21:14",1011.8,2,nadeembinshajahan
3947,16894622,"Matthew B","2026-09-23 08:29:26",1011.7,2,mcb68945
3948,16689274,Anyeson,"2026-09-18 12:04:00",1011.5,2,anyeson
3949,16759813,tyf_scu,"2026-08-23 17:11:18",1011.3,2,tyfscu
3950,16660492,"Deven Bagul","2026-08-29 11:56:30",1011.3,2,devenbagul
3951,16713007,"Jerry Hwa","2026-09-23 11:52:48",1011.1,2,"jerryhwa,richarrdyu"
3952,16677577,"Harsha Vardhan Konisa","2026-09-13 17:33:53",1011.0,2,harshavardhankonisa
3953,16832186,"Noah Öksüz","2026-09-15 13:38:56",1009.5,2,noahksz
3954,16778489,dataWr3cker,"2026-08-28 20:40:52",1009.4,2,gourabr0y555
3955,16727214,"Jaivardhan Raahi","2026-09-24 04:34:53",1009.3,2,jaivardhanraahi
3956,16725304,"Alexandru A","2026-08-29 07:34:25",1008.6,2,alexandrua01
3957,16762940,"Davide Andreolli","2026-09-06 09:20:28",1008.6,2,davideandreolli
3958,16733748,"Ashutosh Agarwal","2026-09-25 03:56:21",1008.4,2,ashutoshagarwal088
3959,16842071,buddyY26,"2026-09-07 13:06:08",1007.7,2,buddyy26
3960,16778358,"Lê Nguyễn Việt Cường","2026-08-28 03:46:51",1006.7,2,lengvietcuong
3961,16658245,ziliangCok,"2026-08-28 16:08:13",1006.2,2,ziliangcok
3962,16635029,"Oleg Melnik","2026-09-17 16:28:52",1005.7,2,olegmelnik
3963,16664002,"Guilherme Zanini de Sá","2026-09-25 12:43:12",1005.6,2,guilhermezaninides
3964,16742228,"bangqun ZHAO","2026-08-27 05:20:56",1005.2,2,bangqunzhao
3965,16748933,Lixrixy,"2026-08-26 06:11:03",1005.1,2,lixrixy
3966,16794205,"kiwi apple","2026-09-01 18:56:25",1004.4,2,kiwiapple
3967,16665753,"Mansour A. S. Ataa","2026-08-26 10:28:34",1004.1,2,profmansoor
3968,16721079,"six seven swag","2026-09-24 16:24:04",1003.9,2,polinababiichuk
3969,16708965,"Witold Dziurdz","2026-08-23 16:33:47",1003.9,2,witolddziurdz
3970,16753125,"Rudransh Singh Rathore","2026-08-26 03:10:23",1003.6,2,rudranshsinghrathore
3971,16733932,"Jasper Turnidge","2026-08-24 06:36:23",1003.5,2,jasperturnidge
3972,16740159,CY,"2026-09-05 09:33:08",1002.6,2,aimeny
3973,16759705,2nod,"2026-09-19 02:17:04",1002.4,2,tsunoten
3974,16663767,"Tommy Mancino","2026-08-31 23:03:57",1002.3,2,tommymancino
3975,16709824,pizzahut,"2026-09-19 20:23:22",1002.2,2,csalazoltntams
3976,16743216,xerkey,"2026-09-08 13:52:41",1002.0,2,xerkey
3977,16666468,"J Penman","2026-09-09 07:04:10",1001.7,2,jpenman
3978,16755071,"Varun Rao","2026-08-26 18:46:59",1001.5,2,varunraosfanlkan
3979,16759075,"Michael Day","2026-08-24 10:38:52",1001.0,2,michaelday99
3980,16693663,"YoungCheol Son","2026-08-27 00:51:34",1000.6,2,sonyc5720
3981,16861578,Markura,"2026-09-19 04:56:28",1000.5,2,markura
3982,16753831,zhangjiaweii,"2026-09-04 07:26:21",1000.3,2,zhangjiaweii
3983,16658618,"philip georgiev","2026-09-23 13:07:35",1000.2,2,philipgeorgiev
3984,16805870,"Ngo Trung","2026-09-12 17:12:53",999.7,2,trungngotdt
3985,16738721,"Luan Kunyu","2026-09-04 07:05:21",999.7,2,luankunyu
3986,16727529,윤영일,"2026-09-22 10:15:57",999.5,2,iongil
3987,16870771,wangxt1,"2026-09-11 06:19:14",998.7,2,wangxt1
3988,16871894,sx2154,"2026-09-20 14:56:27",998.4,2,sx2154
3989,16690567,"Falih Kaleel","2026-09-25 09:44:25",997.7,2,alphajet185
3990,16675610,"Srikar Medisetti","2026-08-30 12:06:25",997.7,2,deathaunter
3991,16864558,"Henghan Dong","2026-09-23 23:44:15",997.6,2,henghandong
3992,16672202,HealthStone,"2026-08-29 21:04:07",997.5,2,healthstone
3993,16845582,"Julio Cesar Filho","2026-09-08 06:10:03",997.4,2,juliocesarfilho
3994,16844770,Richard,"2026-09-22 05:48:05",997.3,2,richardwg
3995,16664379,N_Matsumoto24,"2026-09-24 08:32:13",997.2,2,nmatsumoto24
3996,16935054,"jae young ji","2026-09-26 01:41:57",996.9,2,sayul0102
3997,16767625,"Saurabh Yadav","2026-08-24 17:56:22",996.5,1,saurabhyadav1305
3998,16665337,BHackers,"2026-08-26 17:13:11",996.3,2,clarencepagaduan
3999,16662819,THeLAB,"2026-09-25 16:30:40",996.3,2,feuorme
4000,16691154,UnknownRobi,"2026-08-31 22:50:27",996.3,2,canrobichaud
4001,16719262,sadjeen00,"2026-08-14 02:15:50",996.2,1,sadjeen00
4002,16744905,"Nator X","2026-08-26 22:15:29",996.1,2,natorx
4003,16904612,"Naveen Reddie","2026-09-18 04:19:28",996.0,2,naveenreddie
4004,16800775,SunSeeker染汐,"2026-09-01 16:47:33",995.6,2,sunseekerrx
4005,16766320,vp_mass,"2026-08-25 20:19:08",995.5,2,vpmass
4006,16665596,chunhu666,"2026-09-26 03:39:56",995.2,2,chunhu666
4007,16738657,Mactorr,"2026-09-02 22:44:15",994.9,2,mactorr
4008,16639796,rmizuta,"2026-08-28 15:07:43",994.9,2,rmizuta
4009,16769082,"Little Xi","2026-08-26 03:31:32",994.8,2,littlexi0
4010,16723991,"James Holland","2026-08-17 01:40:17",994.6,2,jkhollandjr
4011,16739898,"solo levelling","2026-08-18 21:08:16",994.4,2,munibmemon
4012,16729225,"Aayush Sigdel","2026-09-03 15:47:50",993.9,2,aayushsigdel
4013,16732446,"Nuri DUDAK","2026-08-29 09:00:59",993.2,2,nuridudak
4014,16830753,"youyi li","2026-09-06 02:50:01",993.2,2,liyouyi
4015,16925475,AdrianValerio,"2026-09-20 04:21:19",993.1,2,adrianvalerio
4016,16622627,"Erik van de Ven","2026-09-23 14:18:28",993.1,2,erikvdven
4017,16840001,agheieff,"2026-09-05 13:16:29",992.2,1,agheieff
4018,16768955,Hunedjekdsfkd,"2026-08-25 03:56:30",992.0,1,hunedjekdsfkd
4019,16635681,"Shubham Phapale","2026-09-05 12:46:36",992.0,2,shubhamphapale
4020,16690308,"Fatima Sarhan","2026-09-19 14:01:01",991.7,2,fatimasarhan
4021,16758634,Ernnnn4u,"2026-08-24 17:00:46",991.5,2,ernnnn4u
4022,16730320,Rosebuddychomp,"2026-09-12 07:54:11",991.3,2,rishabhshetye
4023,16716081,"dunky su","2026-08-23 06:36:50",991.1,2,dunkysu
4024,16876214,Yunfei_Z,"2026-09-17 16:32:21",990.5,1,zhaoyunfei
4025,16745499,"lurs lurs","2026-08-29 02:02:15",989.7,2,lurslurs
4026,16782196,"jingyang tu","2026-09-01 01:49:08",988.9,2,jingyangtu
4027,16739363,kulukkuluu,"2026-09-24 20:41:51",988.5,2,kulukkuluu
4028,16756750,Charu,"2026-08-22 00:45:03",988.4,2,charu13a
4029,16727784,Baen,"2026-08-24 06:44:33",988.1,2,cairh22
4030,16688907,青烟,"2026-08-24 12:39:28",987.9,2,"imagine4391,mortal4416"
4031,16657553,graceyunliu,"2026-09-16 02:43:23",987.8,2,graceyunliu
4032,16737057,Wiz,"2026-08-24 03:15:13",987.6,2,williamzhou001
4033,16793229,"Waseem Mushtaq","2026-08-30 13:38:14",987.1,1,waseemmushtaq045
4034,16886319,novacryptic,"2026-09-13 12:37:51",986.9,2,novacryptic
4035,16771994,"Jaden Tang","2026-09-15 09:28:23",986.7,2,"aayanshah,jadentang17"
4036,16625339,kazusw,"2026-09-23 06:28:56",986.3,2,kazusw
4037,16741243,"Yasin Mert Şahin","2026-09-23 14:33:55",985.9,2,ymertsahin
4038,16848720,嘎达嘎达,"2026-09-08 07:39:07",985.4,1,eggyeggygggy
4039,16664566,"Lormann ","2026-08-23 06:24:29",985.3,2,lormann
4040,16732851,chenry2003,"2026-08-24 02:27:53",985.2,2,chenry2003
4041,16712943,"Cesar Marcondes","2026-09-04 13:20:02",984.8,2,cmarcond
4042,16764545,ArX,"2026-08-24 09:44:45",984.6,2,arx1993
4043,16763444,"crazy achiever","2026-08-28 18:51:13",984.3,2,crazyachiever
4044,16707193,"radji kraim","2026-08-26 11:53:17",984.3,2,radjikraim
4045,16844148,Ethereal49,"2026-09-11 04:17:57",983.3,2,ethereal49
4046,16670659,saumyagupta12,"2026-09-07 11:24:23",983.1,2,saumyagupta12
4047,16758152,MiguelLFCG,"2026-08-30 11:20:49",983.1,2,miguellfcg
4048,16668700,"Pranshu Ghori","2026-08-17 22:02:35",982.3,2,pranshughori
4049,16933477,curlybaboon,"2026-09-21 12:52:19",982.3,2,curlybaboon
4050,16727842,"Iadh Jarray","2026-08-17 13:45:11",982.2,2,iadhjarray
4051,16779007,"Teoh jia sheng","2026-09-25 15:07:04",982.2,2,"nathanael19,teohjiasheng"
4052,16736969,"york li13","2026-08-19 01:07:02",982.1,2,yorkli13
4053,16661509,JSON_Voorhees,"2026-09-26 02:09:06",982.0,2,michaelgreenhut
4054,16822583,"TA ME CHEM","2026-09-13 09:26:11",981.8,1,tamechem
4055,16725342,little_d1d1,"2026-08-16 04:24:39",981.7,2,littled1d1
4056,16709295,"Isaac Owomugisha","2026-08-20 16:22:52",981.7,2,cmplxxyttmt
4057,16634093,gezi,"2026-09-09 08:07:03",981.6,2,goldenlock
4058,16850995,"KOSUKE MATSUDA","2026-09-25 18:06:04",981.3,2,kosukematsuda
4059,16692272,Ddere008,"2026-08-21 18:43:56",981.2,2,ddere008
4060,16765215,"arlenjim ","2026-08-24 19:32:48",981.2,2,arlenjim
4061,16634952,"Igor Zharov","2026-09-25 15:33:36",980.5,2,flexonafft
4062,16844277,"Akash Chanran","2026-09-09 16:48:32",980.3,2,"akashchanran,shruti9345"
4063,16683813,WangQrkkk,"2026-09-23 15:58:31",980.3,2,wangqrkkk
4064,16750457,"Adrian Ricardo da Silva","2026-08-25 11:21:43",980.2,2,adrianricardodasilva
4065,16666578,STRAF,"2026-08-23 23:07:25",979.9,2,nikosstraf
4066,16726994,bird,"2026-08-23 05:00:19",979.7,2,whitebird
4067,16724452,Jay,"2026-08-20 00:34:34",978.9,2,jayshimada
4068,16659972,"Pelamovic ","2026-08-25 18:03:34",978.7,2,pelamovic
4069,16712185,"Vishal Khomane","2026-09-02 15:32:38",978.3,2,vishal567
4070,16757903,"Om Singh","2026-08-27 07:05:06",978.3,1,spoilyfrog
4071,16711608,"Thomas Greissler","2026-08-24 00:01:46",978.1,2,thomasg22202020
4072,16666165,ChrisLeiteScha,"2026-08-24 15:20:36",978.0,2,chrisleitescha
4073,16701633,"Jacob Davis","2026-08-23 15:06:50",977.5,2,jacobtdavis
4074,16720841,liuhc1017,"2026-09-14 12:24:08",977.0,2,liuhc1017
4075,16712535,"Benjamin Beaujard","2026-08-18 11:03:03",976.9,2,benjaminbeaujard
4076,16765313,Hosuke,"2026-09-01 04:19:31",976.9,1,hosuke
4077,16707749,Yuzu,"2026-09-04 10:22:41",976.7,2,yuzuoctopus
4078,16742048,SuperGiantLam,"2026-08-25 02:08:17",976.7,2,zptpsz
4079,16716930,"Direc M","2026-08-31 04:54:06",976.6,2,direcm
4080,16743904,minamoto,"2026-08-25 16:53:16",976.5,2,usermina
4081,16709203,Ayush_Patel,"2026-08-25 03:34:12",976.5,2,ayushpatel1305
4082,16736138,Anand,"2026-08-21 06:00:12",976.4,2,gazzal
4083,16743016,"MD Zeeshan","2026-08-20 18:13:32",976.3,2,makrovh
4084,16720720,道海孤舟,"2026-08-21 06:59:41",976.1,2,unseenanch
4085,16634172,"Mario Cicala","2026-09-05 03:06:37",976.1,2,mariocicala
4086,16778410,"uriel villegas govea","2026-08-28 00:25:47",975.9,2,urielvillegasgovea
4087,16738745,"Anh Quân","2026-08-24 13:41:30",975.6,2,qunanh
4088,16675655,TrebolNoir_,"2026-09-01 12:59:42",975.4,2,trebolnoir
4089,16769795,"Edi Marian","2026-08-25 11:01:09",974.8,2,edimarian
4090,16726281,rperez04,"2026-08-22 23:15:13",974.4,2,rperez04
4091,16841536,"Berkay Hasret","2026-09-07 00:29:45",973.6,2,berkayhasret
4092,16690970,"Raoul Biagioni","2026-08-22 06:37:40",973.4,2,raoulbiagioni
4093,16704589,"Lobato MBA IA Big Data","2026-09-26 03:44:55",973.4,2,lobatombaiabigdata
4094,16699772,MrAnalyst,"2026-09-05 10:43:49",973.2,2,mranalyst
4095,16688893,CCG,"2026-09-25 01:59:51",973.1,2,"hirokenn,nagomenk"
4096,16726011,"Dawid Fleischer","2026-08-25 18:37:25",972.2,2,dawidfleischer
4097,16746112,"Jonathan Martschinke","2026-08-24 08:52:51",972.0,2,jonathanmartschinke
4098,16839557,Superspork,"2026-09-08 03:25:46",971.8,1,superspork
4099,16665214,Epiphany_Thu,"2026-08-21 12:06:53",971.7,2,epiphanythu
4100,16655718,eveyxy,"2026-09-05 08:58:28",971.7,2,eveyxy
4101,16675905,HydFarms,"2026-08-30 11:22:11",971.4,2,"kumaramar,ronithjaju,shiveshcgatech,vidhishah115"
4102,16841296,Flesymevoli,"2026-09-06 08:49:58",971.4,2,flesymevoli
4103,16763813,Sydney,"2026-09-26 01:39:40",971.3,2,n3yan7
4104,16725441,lemon1219,"2026-08-21 15:37:35",971.3,2,lemon1219
4105,16713127,Felis,"2026-09-18 13:00:27",971.2,2,ilyaafanasenko
4106,16696098,Valmorlee,"2026-08-23 19:40:07",970.7,2,valmorlee
4107,16667843,"durgesh dere","2026-08-21 16:10:13",970.6,2,durgeshdere08
4108,16764422,"ong bee","2026-09-09 02:25:57",970.5,2,ongbee
4109,16780130,与君作田,"2026-08-29 14:01:35",970.1,2,zhaoxi1244
4110,16658983,"Titi Huang","2026-09-19 03:19:15",970.0,2,titihuang
4111,16655195,Pirhosseinlou,"2026-08-24 18:17:43",970.0,2,pirhosseinlou
4112,16660233,ko9ma,"2026-09-08 08:42:33",969.9,2,kohojung
4113,16721070,LiuChen1350,"2026-08-26 05:30:30",969.8,2,liuchen1350
4114,16732104,sizumita,"2026-09-12 01:21:14",969.7,2,sizumita
4115,16945082,"Colin's COK and Friends","2026-09-23 05:41:01",969.6,1,"emartinez22,genericcname,sammchargue"
4116,16697922,TingyuanLi277,"2026-08-21 03:39:03",969.4,2,tingyuanli277
4117,16728914,d0gied,"2026-08-17 15:12:08",969.4,2,d0gied
4118,16739298,"ricardo assaad","2026-08-18 19:03:22",969.1,2,ricardoassaad
4119,16684075,"Tianfang Li","2026-09-25 02:41:25",968.7,2,tianfangli1
4120,16666054,Ani,"2026-09-04 21:33:20",968.7,2,anirudhk333
4121,16683193,Paami,"2026-08-24 01:21:00",968.6,2,coldpaami
4122,16715506,"Moo Point","2026-08-17 21:44:26",968.6,2,"gnarlycow,tianmeiwang"
4123,16771277,zhaowenyi7,"2026-08-31 09:18:04",968.6,2,zhaowenyi7
4124,16725335,"Chris #2","2026-08-29 15:32:47",968.6,2,kagglecompetechris
4125,16623470,rurumi,"2026-09-02 05:21:15",968.2,2,rurururumi
4126,16736250,Yizhi,"2026-08-31 06:03:48",968.1,2,yizhitao
4127,16745312,"Alexie Huynh","2026-08-22 08:27:27",968.1,1,alexiehuynh
4128,16668721,"Efe Can Celiksoy","2026-08-13 22:00:41",968.1,2,efecnc
4129,16709246,"Tariku Mehdi","2026-09-03 00:25:56",967.7,2,tarikumehdi
4130,16643125,"CARLOS CAADA ROSTRO","2026-08-21 19:23:34",967.5,2,carloscaadarostro
4131,16784133,"HASNAIN HAIDER","2026-09-01 17:02:27",967.4,2,techzero
4132,16728067,"Chenzhao Li","2026-08-18 08:04:21",967.3,2,heartquest
4133,16665543,"Charan Manthena","2026-09-06 08:59:20",967.2,2,charanmanthena
4134,16890232,"Yihan Guo #2","2026-09-18 02:40:07",967.0,2,kagglebushswill
4135,16721453,"Random Mambo","2026-09-01 09:41:19",966.7,2,beaten67
4136,16743790,"yuji y","2026-08-28 10:53:06",966.7,2,yujiyyy
4137,16661772,R3ddrag0n,"2026-09-02 19:43:09",966.3,2,r3ddrag0n
4138,16733297,sohasoha42,"2026-08-18 17:50:51",966.3,2,sohasoha42
4139,16739488,Restodecoca,"2026-08-19 16:42:34",966.3,2,restodecoca
4140,16660268,"Sébastien Mametz (Pixs)","2026-08-14 09:08:39",966.2,2,sbastienmametzpixs
4141,16754086,Beenvvv,"2026-08-25 05:57:29",966.1,2,beenvvv
4142,16756557,"Marius Heuser","2026-08-24 21:41:31",965.9,2,mariusheuser
4143,16672199,Vachan,"2026-08-20 07:33:48",965.9,2,vachanpadival
4144,16732654,Goated_Farmers,"2026-08-23 17:09:50",965.8,2,"mugundhjb,srinathduvvuri"
4145,16936191,WDK777,"2026-09-23 16:12:36",965.6,2,wdk777
4146,16740399,"Lynn Pigott","2026-08-24 03:32:08",965.6,2,lynnpigott
4147,16721383,"Emon xu","2026-08-21 16:14:05",965.6,2,emon0xuyym
4148,16724353,PrathamGupta,"2026-08-17 02:04:38",965.5,2,prathamguptaaaaaaa
4149,16790548,"Francesco Del Sesto","2026-08-31 10:47:27",965.2,2,francescodelsesto
4150,16630839,steubk,"2026-09-25 05:24:44",965.2,2,steubk
4151,16713267,"yq l68135","2026-08-21 21:35:52",964.0,2,yql68135
4152,16716697,"Habil Tobi","2026-08-28 20:57:52",963.9,2,habiltobi
4153,16672003,carlscamt,"2026-08-14 17:19:42",962.9,2,carlscamt
4154,16779780,SiVitr2fDrXS.2N,"2026-08-30 15:06:17",962.7,2,sivitr2fdrxs2n
4155,16710389,GuerillaMoon,"2026-08-19 22:33:46",962.4,2,guerillamoon
4156,16769769,"Artur Shafiev","2026-08-29 05:29:31",962.4,2,arturshafiev
4157,16675503,"Jeff Marc E. Cadet","2026-08-30 17:56:07",962.1,2,jeffmarcecadet
4158,16823751,"Tyler Knecht","2026-09-25 14:56:47",962.1,2,tknecht
4159,16732792,amaotone,"2026-08-20 14:27:36",962.0,2,amaotone
4160,16729640,"Наталья Скляр","2026-08-21 18:11:07",961.8,2,natsklyar
4161,16846297,"Zihan Ni","2026-09-07 08:06:53",961.8,2,lunangai
4162,16753618,mushichou4,"2026-08-22 10:20:51",961.6,2,mushichou4
4163,16841344,"Abdoul Ahad Diop","2026-09-10 20:22:54",961.5,2,abdoulahaddiop
4164,16786013,sakarush,"2026-09-02 13:17:42",961.4,2,sakarush
4165,16632777,"Alexandrine Cakpo","2026-08-20 10:20:22",961.3,2,alexandrinecakpo
4166,16725432,Ezra,"2026-09-10 21:42:30",961.1,2,ezberch
4167,16675704,reeemii,"2026-08-26 08:51:15",960.8,2,reeemii
4168,16737561,"Raj Aryan Singh","2026-08-18 11:50:54",960.8,2,kratos14raj
4169,16705907,Adrià,"2026-09-11 10:14:39",960.8,2,adriamb3
4170,16654662,"2/3 rounded to two decimals","2026-08-22 00:36:50",960.6,2,rnold2
4171,16714498,Zubekanov,"2026-08-18 01:14:49",960.6,2,zubekanov
4172,16856021,PSI,"2026-09-08 19:26:40",960.5,1,vinayak121
4173,16719006,bouiboui,"2026-08-20 18:55:02",960.3,2,bouiboui
4174,16670297,"Gebreab K. Zewdie","2026-08-26 00:22:15",960.3,2,gzewdie
4175,16715244,uri_kkyhr,"2026-08-15 04:53:37",960.2,2,urikkyhr
4176,16733576,"Ojas Aklecha","2026-08-17 18:34:02",960.2,2,ojasaklecha
4177,16638177,stpete_ishii,"2026-08-30 05:35:41",960.0,2,stpeteishii
4178,16744127,Faiz,"2026-08-21 20:33:33",960.0,2,souraditya26
4179,16759625,gkg223,"2026-09-03 19:17:02",959.7,2,gkg223
4180,16691506,Dipak_ISM,"2026-08-29 13:07:18",959.7,2,dipakism
4181,16936773,"shahab shahsavar","2026-09-26 03:17:27",959.3,2,shahabshahsavar
4182,16770884,VegetabledogNeo,"2026-08-31 01:23:25",959.1,2,vegetabledogneo
4183,16670118,"Álvaro Benítez","2026-08-29 15:46:04",959.1,2,lvarobentezlvarez
4184,16638823,YDDDDDD999,"2026-09-06 18:22:40",959.1,2,ydddddd999
4185,16675831,"Thayaparan Kumarakuru","2026-09-24 17:34:36",958.5,2,"kavishkasubashana,mrkala,thayaparankumarakuru"
4186,16662949,"Will English","2026-08-18 17:13:22",958.5,2,dubascudes
4187,16701362,"Papa Annan","2026-08-20 21:26:39",958.3,2,papaannan
4188,16675486,"SALAH ELDIN ELNABARAWY","2026-08-18 21:17:22",958.1,2,salaheldinelnabarawy
4189,16664759,OrGanAIc,"2026-08-14 22:58:18",957.5,2,arghyaranjandas
4190,16752018,三浦桂基,"2026-08-30 04:00:30",957.3,2,keikipc
4191,16691946,"Hassan Algizani","2026-08-13 20:20:09",957.2,2,hassanalgizani
4192,16732381,Raphdraft,"2026-09-03 01:11:34",956.9,2,raphdraft
4193,16665927,"bhavya shah","2026-08-17 11:06:22",956.8,2,bhavyashah007
4194,16661352,"Porch Goose","2026-08-21 02:52:24",956.3,2,jaclyndeem
4195,16765953,"Muhammad Ahmed","2026-08-26 13:46:48",956.2,2,muhammad4hmed
4196,16809168,"Shaun the Sheep ","2026-09-24 14:26:29",956.0,2,badlandsram
4197,16719414,SahilKumarTolani,"2026-09-10 16:16:07",955.9,2,sahilkumartolani
4198,16670791,Hugelidus,"2026-08-25 03:43:18",955.9,2,hugelidus
4199,16625856,takai380,"2026-09-01 02:34:05",955.8,2,takai380
4200,16738899,Grayden_Lee,"2026-08-21 11:42:07",955.6,2,haozelii
4201,16692639,"Bharat Kumar0925","2026-09-04 19:52:25",955.5,2,bharatkumar0925
4202,16712459,松原琉喜,"2026-08-14 14:54:47",955.4,2,ryuki12kyo
4203,16729054,"Shantanu Kesarkar","2026-08-27 05:50:23",955.3,2,shantanukesarkar
4204,16685074,"Emir Can","2026-08-30 20:16:36",955.1,2,aerospacer
4205,16664477,"The T-MAN","2026-08-26 18:51:40",955.1,2,otmaneelmahda
4206,16621741,"Andrey Naymushin","2026-08-24 09:46:41",954.9,2,andrewsokolovsky
4207,16694710,ponsuk,"2026-08-17 19:01:09",954.9,2,ponsuk
4208,16737843,"Muhammad Shoaib Memon","2026-08-23 19:52:52",954.8,2,muhammadshoaibmemon
4209,16698223,"Feng Jiahui","2026-08-18 08:35:04",954.5,2,junipersky
4210,16680065,Vishodhan,"2026-08-14 23:46:15",954.4,2,vishodhan
4211,16722319,"༺ANIS YT༻","2026-08-19 13:08:47",954.4,2,anisyt
4212,16677592,keniii,"2026-08-25 00:29:31",954.3,2,kartheeswaran28
4213,16722303,JohannPongratz,"2026-09-10 08:07:38",954.3,2,johannpongratz
4214,16634166,Yuki.O,"2026-08-19 01:38:42",954.2,2,yukiohkawa
4215,16724584,"Jinx JK","2026-08-18 09:08:26",953.9,2,jinxjk
4216,16724351,"Luxshan Thavarasa","2026-08-24 09:58:38",953.8,2,luxluxshan
4217,16719536,"Mandy Lin","2026-08-14 03:18:29",953.6,2,ydnamlin
4218,16726660,"Prime Leo","2026-08-23 14:21:53",953.5,2,primeleo
4219,16656394,"Pushkar K.G","2026-08-18 09:29:08",953.5,2,dejokz
4220,16623370,kenmatsu4,"2026-08-14 09:03:08",953.3,2,kenmatsu4
4221,16689601,"Prathmesh Adsod","2026-08-18 03:55:13",953.2,2,prathmeshadsod
4222,16654021,"Swachhith B","2026-08-24 08:40:04",952.0,2,swachhithb
4223,16675807,cubreto,"2026-08-26 15:00:34",951.8,2,cubreto
4224,16716991,XristosFilip,"2026-08-18 16:43:34",951.3,2,xristosfilip
4225,16635668,"Mirza Yasir Abdullah Baig","2026-09-25 05:30:19",951.2,2,myab07
4226,16875537,HeIIo.Darkness,"2026-09-13 23:22:12",951.2,2,heiiodarkness
4227,16725403,tabetai28,"2026-08-18 14:38:57",950.7,2,taichiabewaseda
4228,16870431,"Adam Brink","2026-09-11 11:09:17",950.6,2,adambrink
4229,16841647,patitod,"2026-09-06 01:22:09",950.5,2,anasofaescobar
4230,16685160,Yura,"2026-08-17 07:27:50",950.1,2,yuratrubitsyn
4231,16639250,"Hamed Seyed-allaei","2026-08-21 19:11:09",950.1,2,pinocchio
4232,16671694,evananann,"2026-08-19 07:46:36",949.8,2,evananann
4233,16728901,dqvide,"2026-08-17 19:53:39",949.7,2,dqvide
4234,16943744,"Quinn Cossette","2026-09-23 20:34:13",949.7,2,quinncossette
4235,16667324,"Muhammed selim Bilic","2026-08-26 17:02:17",949.5,2,muhammedselimbilic
4236,16687068,digiliwigili,"2026-08-22 12:49:07",949.3,2,kukchyievervin
4237,16665336,"maoyuan ma","2026-08-18 11:41:09",949.0,2,maoyuanma
4238,16663240,"Rilen T. L.","2026-08-18 13:45:46",949.0,2,"jairosilvabastos,rilentl"
4239,16738235,tenfish,"2026-09-22 15:26:05",948.8,2,"oygdri,takatoyoshikawa"
4240,16674684,next-best-agent,"2026-08-17 15:28:53",948.2,2,"minhduy13ly,tdtu981"
4241,16805171,Mario,"2026-09-25 16:14:07",948.2,2,mwalkiew
4242,16680967,Tyooughtul,"2026-08-16 00:58:06",947.8,2,yooughtul
4243,16779275,XuetingWang,"2026-09-01 08:50:53",947.8,2,snoopy262
4244,16743124,"Leo's Demiurge","2026-09-08 15:06:04",947.5,2,jelurge
4245,16708185,XiaoYan12,"2026-09-13 17:57:28",947.5,2,xiaoyan12
4246,16636094,Hax2456,"2026-08-15 10:05:01",947.2,2,hax2456
4247,16724947,teacherli0,"2026-08-16 03:09:09",947.2,2,teacherli0
4248,16632164,"Tim Shini","2026-08-30 18:04:29",947.1,2,timshini
4249,16666665,Team-Veraxion,"2026-08-31 08:24:24",947.1,2,"anuragvelekat,ayushiitomar,faizmemon,hariharigandikota"
4250,16698930,MrKiwi,"2026-08-19 09:34:31",946.4,2,mrkiwi
4251,16735075,"Ronchen Luo","2026-08-18 04:29:47",946.3,2,ronchenluo
4252,16629403,Galza98,"2026-09-20 06:26:24",946.2,2,galza98
4253,16725346,sokoranohimazin,"2026-08-18 19:39:07",946.0,2,sokoranohimazin
4254,16735582,"Tumaini Makena","2026-08-18 06:01:09",946.0,1,tumainimakena
4255,16683865,Shin7jp,"2026-08-14 09:51:13",945.7,2,shin7jp
4256,16781170,"Ulugbek Salohiddinov","2026-08-28 02:38:15",945.7,2,ulugbeksalohiddinov
4257,16734492,Orynx,"2026-08-19 08:01:33",945.5,2,"inderj1,jayveersingh6"
4258,16646679,tong00,"2026-08-17 12:02:11",945.1,2,tong00
4259,16726064,"sana slama","2026-08-15 17:01:13",944.9,1,sanaslamamm
4260,16757566,"Ankit Kumar","2026-08-23 12:03:53",944.8,2,imankit57
4261,16729691,YinuoChen271,"2026-08-17 15:42:51",944.5,2,yinuochen271
4262,16774237,"Dennis SH Lai","2026-08-30 17:21:31",944.4,2,dshihlai
4263,16771677,"hedy huangyuheng","2026-08-27 02:13:28",944.2,2,hedyhuangyuheng
4264,16690612,"Mina Gayid","2026-08-16 12:59:16",944.0,2,minagayid
4265,16637329,Rucbic,"2026-08-19 17:32:21",943.8,2,rucbic
4266,16724060,"Mạnh Linh Hoàng","2026-08-15 15:54:52",943.8,2,manhlinh1501
4267,16655877,"Harish K","2026-08-25 19:09:49",943.5,2,harishk2209
4268,16715579,Uvais,"2026-08-24 00:58:56",943.4,2,joshuaedwinjacobv24f
4269,16682471,Soumya2003,"2026-09-17 09:22:26",943.4,2,soumya2003uyvv755
4270,16699745,"Norbert Szolnoki","2026-08-18 11:39:55",943.4,2,norbertszolnoki
4271,16698576,monnu,"2026-08-19 05:55:01",943.2,1,fuumin621
4272,16653379,"Asakawa Ruriko","2026-08-30 00:31:08",942.5,2,asakawaruriko
4273,16760295,"Luke Hurt","2026-08-24 01:03:42",942.2,2,lukehurt
4274,16663445,"ali dzaki","2026-09-13 14:59:25",942.0,2,alidzaki
4275,16722120,nekoha,"2026-08-15 15:01:16",941.7,2,nekoha
4276,16664762,"John Marinton","2026-09-22 13:52:40",941.6,2,marintonjohn
4277,16710128,"KeHao Liu","2026-08-14 01:52:29",941.2,2,kehaoliu
4278,16802892,YUYA,"2026-09-06 08:34:05",941.1,2,yuyaizumikawa
4279,16678346,"Farhan Abid","2026-08-16 08:41:15",941.1,2,farhanabidtech786
4280,16659763,clarkzhang1031,"2026-08-13 12:27:10",940.9,2,"clarkzhang1031,huafeihuang"
4281,16673234,MACvengers,"2026-08-19 16:34:04",940.8,2,"astrojaswanthkumar,ikpikp"
4282,16622367,mg,"2026-08-23 17:49:21",940.6,2,"egorkashpar,sashaboriskin,smooky"
4283,16727191,"Alexander Kokshenin","2026-08-20 02:08:15",940.4,2,kokshenin
4284,16750344,Vaasu0501,"2026-08-28 16:49:39",940.4,2,vaasu0501
4285,16691524,"Martim Nascimento","2026-09-05 15:54:47",940.2,2,martimnascimento
4286,16661784,"XU XUXIANG","2026-08-27 12:57:06",939.9,2,"mikeaaaa14,xuxuxiang"
4287,16663590,"Jakub Dolének","2026-08-13 13:08:32",939.9,2,dolenek
4288,16727379,"Nicholas Chua","2026-08-20 16:28:44",939.8,2,nickckb
4289,16638375,"Tran H Hoang","2026-08-14 17:01:27",939.7,2,tranhhoang
4290,16634143,"manual player","2026-08-14 00:41:13",939.7,2,prospal
4291,16625241,"Mutoy Choi","2026-09-01 07:42:20",939.7,2,mutoy1
4292,16744043,Take,"2026-08-23 14:17:27",939.7,2,takeuchidaisuke2001
4293,16653129,"Prashanth Reddy Biyyani","2026-08-20 13:53:37",939.4,2,"prashanthbiyyani,shivagurrala,sumu1526"
4294,16665125,"David Schindler15","2026-08-14 04:58:39",939.3,2,"davidschindler15,mz3207"
4295,16668069,jackhsia,"2026-08-23 15:56:13",938.9,2,jackhsia
4296,16639732,"Junbeom Lee23","2026-08-15 02:45:23",938.0,2,junbeomlee23
4297,16654548,DataSluts,"2026-08-28 07:00:12",937.9,2,"rahulmedida,siddarthnayak50,sivasu07"
4298,16664120,SaiDuttaAbhishekDash,"2026-08-21 20:30:01",937.0,2,saiduttaabhishekdash
4299,16666939,20237208_黄奕恺,"2026-08-22 12:53:27",937.0,2,mrhuangyy
4300,16738278,yansf677,"2026-09-01 12:24:29",936.8,2,yansf677
4301,16715319,ocha_heaven,"2026-08-19 13:10:14",936.8,2,ochaheaven
4302,16726071,"PDF ULTRA","2026-08-20 19:36:33",936.8,2,"alengevorgyan,gab0yan"
4303,16655305,"Junior Sohou","2026-08-14 00:15:42",936.5,2,juniorsohou
4304,16722330,"Jean-Louis Roy","2026-08-31 07:44:08",936.3,2,jeanjean111
4305,16710094,winwinwin,"2026-09-03 13:22:51",935.7,2,"ouyangruize,teecemackenieo"
4306,16666057,StopPlantingStartGameTheorying,"2026-09-08 07:53:27",935.5,2,mymelodyenjoyer
4307,16623152,"agentic warriors","2026-09-25 11:24:35",934.6,2,"ibadia,isabellawoo01"
4308,16731432,sieradni,"2026-09-01 06:12:00",934.5,2,sieradni
4309,16691012,"Sanzhar Almasuly","2026-08-29 07:28:34",934.5,2,sanzharalmasuly
4310,16840694,"cory cozy","2026-09-06 11:48:38",933.6,2,corycozy
4311,16674447,"Nathan Thor","2026-09-18 11:07:56",933.6,2,devofpie
4312,16660840,"An Garcia","2026-09-25 14:11:29",933.6,2,angarcia
4313,16708226,asi1024,"2026-08-16 13:14:53",933.2,2,asi1024
4314,16744355,"Sameera T","2026-08-22 10:13:47",933.0,2,sameeramaq
4315,16719002,eus,"2026-09-14 15:53:57",932.9,2,eusdotdev
4316,16701868,AJ,"2026-09-09 20:53:34",932.7,2,abduljabbarcalica
4317,16653890,YUKRUB,"2026-09-11 08:55:14",932.5,2,yukrub
4318,16724795,yangqi1234,"2026-08-23 08:26:23",932.3,2,yangqi1234
4319,16635317,"KAKA Minishijie","2026-08-26 04:36:55",931.8,2,kakaminishijie
4320,16656584,Spintronic,"2026-08-19 15:24:17",931.5,2,spintronic
4321,16658081,ando,"2026-08-20 01:52:23",931.3,2,andoshunsuke
4322,16729273,"Munib Ur Rehman Memon","2026-08-24 20:48:08",930.6,2,muniburrehmanmemon
4323,16651088,ych~sun,"2026-09-11 13:06:05",930.5,2,ychsun
4324,16621219,"Inna Campo","2026-08-15 09:08:23",930.5,2,innacampo
4325,16754560,Kam,"2026-08-21 14:02:39",930.4,1,kamting
4326,16709529,alhlbx5,"2026-09-03 22:48:54",929.9,2,alhlbx5
4327,16927351,"Bryan Yahir Hernandez","2026-09-26 01:39:55",929.7,2,bryanhernandez
4328,16691976,"Harini Panigrahi","2026-08-14 16:57:32",929.6,1,harinipanigrahi
4329,16622242,"Robert Koval","2026-08-15 07:02:17",929.6,2,robertkoval
4330,16657803,"Arya Mazloomi","2026-08-14 00:17:11",929.5,2,aryamazloomi
4331,16694091,"Nan Leng","2026-08-23 07:41:41",929.1,2,nleng66ca
4332,16633222,maxingkong733,"2026-08-18 23:32:58",929.0,2,maxingkong733
4333,16729372,"Gaspard Plt","2026-08-17 21:58:55",928.2,2,gaspardplt
4334,16732685,Tanmay,"2026-08-23 18:16:07",927.8,2,blankkz
4335,16695615,Celinao,"2026-08-14 08:02:47",927.7,2,celinao
4336,16698884,VVVoyager,"2026-08-14 03:55:10",927.7,2,"haoxuanshan,hengnui"
4337,16677945,"Quân Trần","2026-08-25 06:43:39",927.4,2,wuntrn
4338,16651672,"Xiaolei Lian","2026-08-19 03:18:04",927.3,2,xiaoleilian
4339,16713178,Funno,"2026-08-19 17:32:54",927.1,2,yes711
4340,16675161,iVl44d,"2026-09-24 11:18:03",926.4,2,ivl44d
4341,16679560,LEET,"2026-08-15 00:45:52",926.3,2,soufianelasfar
4342,16705499,byncpy,"2026-08-17 17:18:47",926.3,1,jinliangbi
4343,16678172,"Eishkaran Singh","2026-08-19 19:12:02",926.2,2,eishkaran
4344,16691987,0xalgos,"2026-08-17 09:35:28",926.1,2,anandvashishtha5362
4345,16698214,Juandix,"2026-08-18 03:35:51",926.0,2,juandix
4346,16925900,"Marco Papotti","2026-09-19 19:51:41",926.0,2,marcopapotti
4347,16658150,Gravity-x73d,"2026-08-17 09:16:29",925.8,2,gravityx73d
4348,16697936,"Sami Cakiral","2026-08-15 19:43:40",925.7,2,samicakiral
4349,16772803,"Linneu Holanda","2026-09-25 02:25:46",925.6,2,linneuholanda
4350,16666946,pwxc00,"2026-09-25 10:44:55",925.5,2,alert04
4351,16710141,htatsumi,"2026-08-15 01:07:11",925.3,1,tatsumihasebe
4352,16697458,"Lissandra Kruse Fuganti","2026-09-01 15:19:00",925.3,2,lissandrakruse
4353,16721947,groots,"2026-08-16 06:32:40",924.6,2,muhammadismail433
4354,16644145,"Mehdi Azouz","2026-09-07 11:22:07",924.6,2,mehdiazouz
4355,16675240,Leifson1337,"2026-09-25 12:17:00",924.5,2,leifson1337
4356,16667787,"Daryl Brach","2026-08-17 09:41:51",924.4,2,dbrach
4357,16659123,sd,"2026-08-18 17:46:56",924.1,2,siddharthadevkota
4358,16701897,"Alejandro Lavandeira Casais","2026-08-14 12:56:12",923.6,2,alejandrolavandeira
4359,16709214,"Ariel Suntasig","2026-08-17 19:46:09",923.1,2,arielsuntasig2001
4360,16748246,"Eric S","2026-08-26 12:50:54",922.9,2,ericsangberg
4361,16727019,uitsnf,"2026-08-23 15:45:22",922.3,2,uitsnf
4362,16697689,"Pavel Pakhmutov","2026-08-12 23:11:23",922.3,2,pavelpakhmutov
4363,16723941,teraSurfer40141,"2026-08-16 01:16:49",921.9,2,r00tt00r
4364,16925327,danmleo,"2026-09-25 10:55:45",921.7,2,danmleo
4365,16727090,"Deep Blue Pasture","2026-08-17 02:28:34",921.5,2,shamanah
4366,16632444,"Issac “Izreal” Davis","2026-08-13 20:42:03",921.0,2,issacizrealdavis
4367,16640368,"Nkosi Ndwandwe","2026-09-06 05:03:26",920.7,2,nkosindwandwe
4368,16682557,"Soumalya Mandal","2026-08-14 14:57:29",920.6,2,mrcyberhunter
4369,16695093,"Ryota Murai","2026-08-27 15:28:04",920.6,2,rmuraix
4370,16651833,"Hồ Khánh Duy","2026-08-14 17:52:23",920.4,2,hkhnhduy
4371,16719100,"Abhiraj Singh","2026-08-14 12:02:33",920.3,2,cyberdrago
4372,16708624,"Aboubacar HEMA","2026-08-19 14:24:02",919.8,2,"aboubacarhema,marcmare,wilfredkouadjo"
4373,16685850,K,"2026-08-14 06:37:41",919.7,2,kolci017
4374,16672530,GUGUGAGA,"2026-08-14 04:33:54",919.5,2,"ruiyangzhang23,taoguo079"
4375,16732428,"Darren Amadeus Martin","2026-08-19 00:48:02",919.4,2,darrenamadeusmartin
4376,16669897,"Tahsan Ferdous","2026-08-14 19:30:09",919.2,2,tahsanferdous
4377,16678872,ibrahim,"2026-08-17 19:30:32",919.2,2,skyfish77
4378,16672243,"Fazil Putra","2026-08-14 01:24:17",919.0,2,fazilputra
4379,16729421,Oblivix,"2026-09-02 04:16:25",918.9,2,"aradhyatiwariii,oblivix"
4380,16622939,"Kamal Das","2026-08-27 12:47:13",918.8,2,kmldas
4381,16685626,"Livingstone Selassie","2026-08-16 00:26:50",918.7,2,"hackerx019,livingstoneselassie"
4382,16740320,NguyenAn27,"2026-08-20 00:46:32",918.1,2,nguyenan27
4383,16696631,"saya akan lawan!","2026-08-21 18:42:23",918.0,2,nurhadibudhy
4384,16722986,"Abhiram 9803","2026-08-15 18:43:09",917.8,2,abhiram9803
4385,16719238,"Rômulo Siqueira","2026-08-20 00:15:16",917.6,2,romulosiqueira
4386,16692548,"Rockstar Farmer","2026-08-19 05:15:37",917.1,2,yuhaili
4387,16634691,bot-farmer,"2026-08-19 06:16:19",917.1,2,shauryam25
4388,16759652,Fnoa,"2026-08-23 12:26:39",916.8,2,trasibulo
4389,16664128,"Michael Todd Overdorf","2026-08-17 00:32:51",916.0,2,michaeltoddoverdorf
4390,16763978,"Swayam Gode","2026-09-07 16:15:33",915.9,2,swayamgode2
4391,16691702,kss,"2026-08-13 19:30:20",915.8,2,l0glikelihood
4392,16724109,"small fry in the underworld","2026-09-11 05:51:16",915.8,2,wwwwhitley
4393,16745294,"Ahmed Ehab Fathi","2026-09-05 01:27:13",915.6,2,ahmedehabfathi
4394,16718947,"Dani Ortega","2026-08-25 07:07:35",915.4,2,daniortega99
4395,16634650,UnfriendlyAI,"2026-08-24 11:44:47",915.4,2,unfriendlyai
4396,16738461,monnosuke,"2026-09-25 01:17:23",915.0,2,shiomi1012
4397,16662940,"The Coder Geek Squad Leader","2026-08-17 09:23:58",914.8,2,soulemaneisissifou
4398,16720088,"Oiti Roy","2026-08-14 06:26:04",914.5,1,oitiroy
4399,16663584,"Deployable LLMs","2026-09-23 01:13:44",913.7,2,"lucasveronese,planetoidleser,sinhakprat"
4400,16738825,RishabhSpark,"2026-08-28 05:11:27",913.4,2,rishabhspark
4401,16821267,1417,"2026-09-11 13:14:32",913.2,2,"dongyuhao,liuyihang026,yejialin"
4402,16631595,CuteClaw,"2026-08-14 01:25:52",912.9,2,bloodmoonwq
4403,16727219,"Chukka Venugopalam","2026-09-23 17:57:26",912.6,2,chukkavenugopalam
4404,16658931,"somewhere after","2026-08-19 08:16:29",912.4,2,amaterasuuuuu
4405,16693934,evnchn,"2026-08-23 15:41:50",912.3,2,evnchn
4406,16667734,SuroRitch,"2026-08-15 16:23:52",912.2,2,suroritch
4407,16692851,ichnixhelle,"2026-08-12 22:20:24",912.2,2,ichnixhelle
4408,16724262,"Obu obu","2026-08-15 10:48:05",912.1,2,obuobu
4409,16663284,"Aman Prakash","2026-08-12 20:58:28",912.0,2,amanprakash777
4410,16679443,albu,"2026-08-15 19:22:12",911.9,2,albuslaev
4411,16744658,Shree85,"2026-09-22 21:05:43",911.4,2,shree85
4412,16785505,"Rishiraj Acharya","2026-09-08 04:26:42",910.5,2,rishirajacharya
4413,16628295,qwertykeypadapple,"2026-08-13 19:05:04",910.5,2,qwertykeypadapple
4414,16717792,han10086,"2026-08-13 15:05:21",910.3,2,han10086
4415,16623791,rakumo,"2026-08-19 23:46:04",909.7,2,sirakumo
4416,16664860,ANUJPUROHIT18,"2026-09-01 05:03:07",909.6,2,anujpurohit05
4417,16655335,Justus,"2026-08-19 14:18:38",909.6,2,justus0
4418,16715628,Dian,"2026-08-17 01:57:33",909.6,2,clas233
4419,16761849,viber3221,"2026-08-24 13:38:59",909.4,2,viber3221
4420,16668788,ConnieCodes,"2026-08-17 13:40:25",908.7,2,conniecodes
4421,16750477,"Tapabrata Biswas","2026-08-25 13:11:13",908.6,2,"dumbakaash,ishanhira"
4422,16735238,DHKim0324,"2026-08-25 08:49:34",908.5,2,dhkim0324
4423,16718572,MLarpers,"2026-08-22 14:06:48",908.5,2,"koteikachannel,mrhornetik"
4424,16632788,"Bright O.H.","2026-08-23 03:45:36",908.2,2,brightoh
4425,16740700,"Vyas Senthilkumar","2026-08-19 04:26:42",908.0,2,vyassenthilkumar
4426,16634238,SoWwe,"2026-08-29 18:17:46",907.4,2,sowwe4
4427,16664164,"Elzandi Irfan Zikra","2026-08-15 15:53:21",907.2,2,"dyahayuretnoningsih2,zangetsufuin"
4428,16634824,yuki16,"2026-08-27 02:55:04",907.0,2,yuki16
4429,16656519,"Chris Laska","2026-08-25 19:45:39",906.1,2,chrislaska
4430,16703300,"Fahd EL ANSARI","2026-08-15 23:47:17",905.8,2,fahdelansari
4431,16680931,"Rattan Singh","2026-08-16 04:23:37",904.9,2,rattans
4432,16657610,"H Bharath","2026-08-31 18:54:57",904.5,2,hbharath
4433,16665838,wenbodai,"2026-09-01 12:41:51",904.3,2,wenbodai
4434,16674479,"Alan Rosston","2026-08-14 08:20:49",904.1,2,alanrosston
4435,16714980,Chenaters,"2026-08-16 08:41:10",903.6,2,chenaters
4436,16695695,"Siva Kumar","2026-09-25 16:47:06",903.6,2,sivapnlr80
4437,16790765,Aristotle.Chen,"2026-09-26 03:43:55",903.5,2,aristotlechen
4438,16766840,"Andrey ","2026-08-24 14:27:38",903.0,1,anti1111
4439,16786603,"Shutong Hou","2026-09-23 08:46:53",902.2,2,praxel123
4440,16649313,"Jiajun HAN","2026-08-14 07:13:57",902.1,2,jiajun1
4441,16709339,"Mohammad Javad Dianat","2026-09-08 12:14:33",902.0,2,dianatofficial
4442,16749618,Fon1as,"2026-08-21 09:36:42",901.5,2,fon1as
4443,16693962,"Changyuan Chen","2026-08-17 14:18:21",901.3,2,changyuanchenmit
4444,16672653,Cultuurstelsel,"2026-08-13 16:59:47",900.4,2,ryuorlandotamin
4445,16623226,"Hafida Belayd","2026-09-05 17:12:33",900.2,2,hafidabelayd
4446,16707598,Kamazarashi,"2026-08-18 05:40:15",899.9,2,kamazarashi
4447,16623445,"Hasin Raihan Dhrubo","2026-08-16 09:28:12",899.8,1,hasinraihandhrubo
4448,16709793,"Victor Hotz","2026-08-13 18:48:06",899.8,2,victorhotz
4449,16623753,HZM,"2026-09-11 04:34:07",899.4,2,leehann
4450,16775412,"moo moo","2026-09-08 15:54:28",898.5,2,"amrof122,yassinamr11"
4451,16690113,m0chi1216,"2026-08-16 15:07:24",898.5,2,m0chi1216
4452,16726115,helloworld311,"2026-08-17 05:52:20",898.4,2,helloworld311
4453,16728723,"Ronith Rashmikara","2026-08-18 03:28:52",898.3,2,ronithrr
4454,16698069,k_4821,"2026-09-08 15:11:16",898.3,2,edgarondoodevilclub
4455,16675088,"Andrei Chulkov","2026-08-15 19:43:12",897.8,2,andreichulkov
4456,16889392,Prit_44421,"2026-09-14 11:29:09",897.6,2,prit44421
4457,16730288,matsurih,"2026-09-26 01:55:37",897.6,2,matsurihime
4458,16756415,"Mihai Balan","2026-08-31 06:39:25",897.5,2,mihaibalan
4459,16786108,Pakhan873,"2026-09-26 00:00:24",897.4,2,paveldidin
4460,16728460,oh-Artistburger-AHA-TastyMeat!,"2026-08-16 11:54:46",897.2,1,akikukeo1
4461,16641288,nakagawaren0805,"2026-09-12 10:35:10",896.1,2,nakagawaren0805
4462,16705176,"Ruslan Raupov","2026-08-20 09:10:24",896.0,2,ruslanraupoff
4463,16691830,"Nikita Lugovoy","2026-08-15 03:39:17",896.0,2,nikital7
4464,16756925,"Dread Development","2026-09-05 11:38:51",895.6,2,"dreaddevelopment,seanornberg"
4465,16894541,"Deepak Mahajan","2026-09-17 05:27:59",895.1,2,xdipzz
4466,16666884,"Antonio Stanciu","2026-08-15 14:33:52",894.9,2,stanciuantonio
4467,16726232,"sayed rafi","2026-08-18 21:13:00",894.5,2,sayedrafi
4468,16735102,"Zhiqi Liu","2026-08-31 02:57:12",894.5,2,crazyqiqi
4469,16713155,AdarshAleti,"2026-08-18 05:39:57",894.3,2,adarsh1077
4470,16668162,AlejandroAlvarez,"2026-09-25 15:09:44",894.0,2,theworm
4471,16731751,"Nikita Pudovkin","2026-08-17 09:15:54",893.9,1,nickpudovkin
4472,16670755,"Amine zeDDouk","2026-08-18 09:37:41",893.9,2,aminezeddouk
4473,16717630,Amer,"2026-08-13 21:23:41",893.8,2,amerhu
4474,16726870,"Svanik Kolli","2026-08-16 00:11:14",893.5,1,svanikkolli
4475,16696887,kt-Kitayama,"2026-09-01 13:23:49",893.1,2,ktkitayama
4476,16700737,HechtJP,"2026-08-13 11:12:06",893.0,2,hechtjp
4477,16851557,SunaoCool,"2026-09-11 04:15:13",892.8,2,yoshikinishita
4478,16622251,"Moroz Roman","2026-08-20 06:22:05",892.0,2,crissyro
4479,16729828,spunkrock,"2026-08-16 20:08:06",892.0,1,spunkrock
4480,16656931,pns,"2026-08-15 09:45:46",892.0,2,"nikhilkasyap07,premsivasai,saranboddu"
4481,16710661,"Pengyi Peng1","2026-09-03 05:48:27",891.5,2,pengyipeng1
4482,16803651,gyujinst,"2026-09-05 01:44:38",891.3,2,gyujinst
4483,16633096,anvai_agents,"2026-08-20 05:50:45",891.0,2,"anandgaikwad7781,vaidehidhamnikar"
4484,16658803,"Rahul Jiwane","2026-08-21 06:19:57",890.8,2,rahuljiwane
4485,16748717,mt,"2026-08-20 13:09:12",890.6,1,mtanakaslgfreak
4486,16751267,Guojun1,"2026-08-21 01:57:23",889.9,1,guojun1
4487,16651623,"Sarvesh Talele","2026-08-28 05:18:58",889.7,2,sarveshtalele
4488,16656807,Yoganjaneyulu,"2026-08-13 09:20:17",889.7,2,yoganjaneyulu
4489,16732462,"Aji Samudra","2026-08-24 09:05:21",889.6,2,ajisamudra
4490,16756399,"old Ryne Mac had a farm","2026-08-21 19:44:11",889.5,1,rynemac
4491,16732754,ikeuchy,"2026-08-29 04:10:41",889.4,2,ikeuchy
4492,16768022,"Miles Oberting","2026-08-31 23:48:39",889.3,2,milesoberting
4493,16766905,Antigone_duckduck,"2026-08-24 16:38:37",889.0,2,antigonexzh
4494,16735125,mtskggle,"2026-08-22 04:50:43",888.7,2,matsusakaggle
4495,16711910,"Artem Zapara","2026-08-18 16:48:51",888.2,2,artemzapara
4496,16770648,"Yoshitaka Nozaki","2026-08-26 00:38:06",887.9,1,yoshitakanozaki
4497,16710421,SZ_00_zyz,"2026-08-20 02:54:53",887.8,2,sz00zyz
4498,16723132,Bridgeport,"2026-08-21 20:25:32",887.8,2,bridgeport
4499,16715187,maker2026,"2026-09-09 00:38:59",887.8,2,maker2026
4500,16701969,旧楚狂人,"2026-08-15 14:20:59",887.6,2,jiuchukuangren
4501,16710587,durgasai,"2026-09-01 13:14:36",887.5,2,dsainvg
4502,16743741,Arooran,"2026-08-24 13:37:47",887.4,2,arooransivakarunai
4503,16778206,yuanlao153,"2026-08-28 15:00:04",887.0,2,yuanlao153
4504,16624651,"Zihao Zeng","2026-09-04 12:46:45",886.8,2,zihaozeng0021
4505,16662023,"Vikas Kumar","2026-09-08 17:17:57",886.6,2,vikshit104
4506,16687596,AjPrem,"2026-09-14 02:49:09",886.4,2,"ajprem,jefferysingh,neelcasula"
4507,16734450,"Ian Teigen","2026-08-18 00:04:38",886.2,2,ianteigen
4508,16755278,Kaz,"2026-09-04 15:27:28",886.2,2,kazuyago
4509,16698439,"Pournami Prakash","2026-09-12 20:17:14",886.2,2,pprakas
4510,16674683,"Ali Esam","2026-09-11 17:00:03",886.1,2,zyxsu0
4511,16663992,小陈同学,"2026-08-18 07:26:54",886.1,1,czastu
4512,16666853,"Bisola Olasehinde","2026-08-31 13:08:21",886.0,1,bizzyvinci
4513,16697223,"Azizii Gill","2026-09-09 21:27:12",885.8,2,aziziigill
4514,16669191,"Mohammed Nomaan","2026-09-19 19:48:47",884.7,2,nomaanz
4515,16803913,"SUJIB BARMAN","2026-09-01 16:42:07",884.5,1,cardata
4516,16662615,"Anurag irawit","2026-09-01 14:16:49",883.9,2,anuragirawit
4517,16659614,"Heikki Leskelä","2026-08-22 16:35:42",883.8,2,heikkileskela
4518,16773559,"Abhishek Mahto","2026-08-26 06:40:07",883.3,1,abhishek3115
4519,16713771,bndang,"2026-09-19 21:22:11",883.3,2,bndang
4520,16665919,"Labmem Tang","2026-08-31 03:06:37",883.2,2,labmemtang
4521,16766982,"Sir Dona ","2026-08-25 15:54:46",883.1,2,sirdona
4522,16714058,"Ahmet Erdem Pamuk","2026-08-12 18:59:18",883.0,2,ahmeterdempamuk
4523,16655559,"Fajri Yanuar Shiddiq Juanda","2026-08-13 01:40:20",882.5,2,fajriyanuar
4524,16749347,Shibungi,"2026-09-01 06:52:21",882.2,2,shibungi
4525,16715024,"Ömer Özbek","2026-08-22 13:50:34",882.0,2,omerozb
4526,16690020,shantaitichu,"2026-08-17 09:40:30",882.0,2,shantaitichu
4527,16765526,"Kotala Kishan Reddy","2026-08-24 08:56:22",882.0,1,kotalakishanreddy
4528,16709462,"KK #2","2026-08-14 09:06:37",881.9,2,kk2909
4529,16649108,"Steve AVOMO","2026-08-17 03:12:41",881.7,2,aurelsteve77
4530,16692110,"Ahmed Khudair","2026-08-11 22:33:06",881.3,1,ahmedkhudair121
4531,16728272,"Daris Dzakwan Hoesien","2026-08-16 10:48:22",880.9,1,darisdzakwanhoesien2
4532,16770952,"Satyajeet Kumar","2026-08-25 20:42:40",880.3,2,m4rcuseryx
4533,16665050,"Praneeth Palugula","2026-08-14 06:28:56",880.3,2,praneethpalugula
4534,16772450,"Muneeba Badar","2026-08-25 21:19:13",879.5,2,muneebabadar
4535,16688368,"Lam Vo","2026-08-15 16:39:23",879.4,2,nhatlam
4536,16724533,"Yusei Ito","2026-08-22 19:18:19",879.3,2,yuseiito
4537,16803602,ihiratch,"2026-09-06 15:57:56",879.3,2,ihiratch
4538,16699610,"Sneha ","2026-08-17 01:00:34",879.3,2,kharya3
4539,16781516,"Hongbin Guokaggle","2026-08-29 04:16:00",878.8,2,hongbinguokaggle
4540,16633709,"kitory Yeah やきとり","2026-08-15 22:30:08",878.1,2,kitoryyeah
4541,16749153,"Arnav Mishra","2026-09-12 05:10:43",877.4,2,arnavmishra02
4542,16809122,"federico battello","2026-09-10 15:05:02",877.3,2,federicobattello
4543,16941390,yukikotani,"2026-09-25 00:00:27",877.2,2,yukikotani2231
4544,16775386,kaggler,"2026-08-31 09:29:41",876.9,1,deepkim
4545,16808914,slfmmm,"2026-09-02 11:50:26",876.8,1,slfmmm
4546,16655368,"Mohammed Maqsood L","2026-08-19 10:40:17",876.6,2,mohammedmaqsoodl
4547,16725642,"Arav Sharma","2026-08-17 03:51:14",876.2,2,aravsharma26
4548,16712888,Vux,"2026-08-20 14:32:16",876.1,2,weiyu85
4549,16716949,ligaydima,"2026-09-22 07:02:19",876.1,2,ligaidima
4550,16696983,"JKM Ventures","2026-08-17 22:58:03",876.1,2,jeffreydrew
4551,16759864,exaucedossou,"2026-08-22 17:56:40",876.0,2,exaucdossou
4552,16724233,"Rafal Porwol","2026-09-24 22:02:55",876.0,2,rafalporwol
4553,16750317,"ELhamdaoui AM","2026-08-30 19:29:43",875.9,2,elhamdaouiabdelmajid
4554,16668049,"Masayoshi Kurihara","2026-08-14 06:20:21",875.8,2,masayoshikurihara
4555,16708333,"Phạm Vương","2026-08-11 16:17:10",875.5,2,vuongphamqq
4556,16625611,"Karl Smile","2026-08-28 16:42:46",875.4,2,karlsmile
4557,16624824,GoofyGenius,"2026-09-09 16:05:59",875.4,2,goofygenius
4558,16730903,noynkmr,"2026-08-25 05:47:01",875.3,1,noynkmr
4559,16714902,HunterBlue,"2026-08-13 18:54:47",875.3,2,marianacodebase
4560,16629292,"Syed Saad Hasan Emad","2026-08-17 06:14:38",874.8,1,syedsaadhasanemad
4561,16665702,"Aman Gupta","2026-09-08 16:26:19",874.6,2,amangupta0014
4562,16691714,"Wesley Juraschek","2026-08-19 06:07:37",874.5,2,wesleyjuraschek1
4563,16930655,"Abdalrahman mohamed","2026-09-23 14:42:21",873.9,2,abdalrahmanmohamed3
4564,16663313,onlysmrtsumx,"2026-08-12 01:29:30",873.9,2,onlysmrtsumx
4565,16681275,"CUG HeQiao","2026-08-12 09:06:14",873.7,2,cugheqiao
4566,16748421,lulzx,"2026-08-20 17:52:11",873.5,2,lulzxy
4567,16765065,"Rohith T R","2026-08-26 13:28:38",873.3,2,rohithtrgod
4568,16768647,vaultguard,"2026-09-14 21:08:32",873.2,2,vaultguard
4569,16729227,Marjao,"2026-08-16 16:49:12",873.2,2,muniburrehman2020
4570,16695691,neural-canvas,"2026-08-12 20:46:37",873.1,2,mrsanap
4571,16774228,"Anggit Maulana Abdi","2026-08-28 14:37:01",873.1,2,anggitmaulanaabdi
4572,16700995,"Maram Ali","2026-08-15 09:13:15",872.7,2,msama01
4573,16753985,"Narenthira Balaji","2026-08-21 10:54:17",872.6,1,narenthirabalaji
4574,16731243,"[Deleted] dab36be1-9992-4710-95f4-39a9f7a2cd3c","2026-08-24 15:13:27",872.5,2,del=fd92954ed0c92f1a
4575,16743737,"Joanna C.","2026-08-20 23:07:09",872.2,2,joannaciesielski
4576,16621735,VN-Orion,"2026-08-21 11:42:27",871.9,2,fastthanh78
4577,16656990,"NALLA SUMANG","2026-08-30 03:15:46",871.8,2,sumangnalla
4578,16698256,Mint,"2026-08-17 18:39:08",871.4,2,rorandangerous
4579,16770302,stardxx,"2026-08-26 02:21:35",871.2,2,stardxx
4580,16633580,Vinymo,"2026-08-23 15:32:23",871.0,2,vinymo
4581,16771780,Trichoderma,"2026-09-06 04:58:38",871.0,2,brunoescalhao
4582,16633414,"sagar tripathy","2026-08-13 15:57:56",870.8,2,sagar8trip
4583,16927988,"Ravi Ramakrishnan","2026-09-20 05:22:13",870.3,1,ravi20076
4584,16842806,"Yan Tao Tang","2026-09-07 10:41:41",870.3,2,yantaotang
4585,16677832,"Maryam Tahir","2026-08-25 15:07:42",870.2,2,maryamtahir09
4586,16655179,"I Need an Internship","2026-08-15 02:39:23",870.1,2,dimasibnumuthi
4587,16661132,"Jia Chen","2026-09-24 17:21:28",869.7,2,jiachenjasper
4588,16733547,"Mark Grayson","2026-08-17 18:53:21",869.7,2,flyingsinclair
4589,16769866,"Suzuki Riki","2026-08-25 12:11:09",869.6,2,suzukiriki
4590,16725242,chinchilla,"2026-08-19 10:53:07",869.4,2,tgwstr
4591,16748330,Okan,"2026-08-21 11:15:17",869.2,2,okanzkaya
4592,16699659,"Dimas Pasha Akrilian","2026-09-01 01:59:59",868.9,2,dimaspashaakrilian
4593,16658500,"abhinav rai1","2026-09-20 07:54:04",868.6,2,abhinavrai1
4594,16634654,unknown,"2026-08-13 02:11:22",868.5,2,abdullahshafi2021
4595,16751992,Coding4Fun07,"2026-09-25 05:37:31",868.5,2,coding4fun07
4596,16684163,MohamedFD,"2026-08-13 12:32:47",867.7,2,mohamedfd
4597,16748524,TongY26,"2026-08-21 08:33:16",867.5,2,tongy26
4598,16729484,"Sankalp Nagineni","2026-08-16 17:35:31",867.3,2,sankalpnagineni
4599,16714059,Yentür,"2026-08-12 18:47:44",867.0,1,meryentr
4600,16703099,GansPiro,"2026-08-13 18:34:26",866.7,2,ganspiro
4601,16654381,"Dmitry Belan","2026-08-30 17:16:29",866.5,2,dimong4
4602,16624896,"Akmal Azzam o'g'li","2026-08-18 06:03:51",866.2,1,akmalmir
4603,16696561,"Ali Ramazanov","2026-09-22 07:46:58",866.1,2,aliramazanov
4604,16725354,"Swaroop piduguralla","2026-08-19 14:23:28",866.0,2,pnsaimanitejaswaroop
4605,16709176,Efnutrrionpy,"2026-09-26 03:54:25",865.7,2,efnutrrionpy
4606,16636909,"wking edewd","2026-08-21 11:21:57",865.7,1,wkingedewd
4607,16734578,"Pascal Andreas","2026-08-26 17:42:14",865.3,2,pascalandreas
4608,16857894,"Ludwig Agurto Contador","2026-09-12 22:35:55",865.1,2,ludwigagurtocontador
4609,16709300,炫酷的小克里斯,"2026-08-19 15:54:28",864.3,2,tinfufans
4610,16623020,Muhandro,"2026-08-20 16:29:57",864.2,2,muhandro
4611,16632146,Haker_Sam,"2026-08-27 10:45:31",863.7,1,hakersam
4612,16689447,"Ivan Berrutto","2026-08-13 04:14:38",863.7,2,ivanberrutto
4613,16669494,"Abdullah Razi","2026-09-03 18:39:36",863.2,2,abdullahroninrazi
4614,16671821,donglee,"2026-08-13 09:13:09",863.1,1,dongleeovo
4615,16767528,"Umut Toygar Göz","2026-08-30 13:01:54",863.1,2,umuttoygargoz
4616,16697024,"Jiri Prudky","2026-09-06 06:00:57",863.0,2,jiprud
4617,16847578,"Tim Chernov","2026-09-24 17:03:27",862.9,2,saffff
4618,16688153,"Panchajanya Banerjee (Pancham)","2026-08-16 20:28:27",862.4,2,delayedkarma
4619,16667839,Viet-Tien,"2026-08-22 19:46:21",862.2,2,tiena2cva
4620,16664334,"Satishvaran Ragu","2026-08-28 03:07:19",862.2,2,satishvaranragu
4621,16681749,"rohith vinice","2026-08-11 23:55:16",861.7,2,rohithvinice
4622,16639230,Rylan,"2026-08-15 13:15:45",861.7,2,"liuruihan333,wangxiaodundun"
4623,16761728,"Vybhav Nath C A","2026-08-30 12:19:48",861.6,2,shadowfax2000
4624,16663352,"Avnish Sharma","2026-08-31 14:42:23",861.5,2,kewlaz
4625,16729650,"Tapiwa Makandigona - Zimbabwe21","2026-08-31 11:36:48",861.3,2,mukanya1994
4626,16789587,"José Luis","2026-09-08 06:49:13",861.0,2,joseluissz
4627,16650372,Greed,"2026-08-12 17:18:47",860.6,2,greedshen
4628,16729874,"Shane Schisler","2026-09-15 20:11:48",860.4,2,seschis
4629,16763120,"Shivam Singh #2","2026-08-23 16:56:35",860.1,1,shivamsingh17072001
4630,16689952,"Lazarus Ogero","2026-08-11 16:44:08",859.9,2,lazarusogero
4631,16635509,simmons1025,"2026-09-24 00:57:55",859.7,2,simmons1025
4632,16693886,spellstriker,"2026-08-12 22:03:20",859.3,2,spellstriker
4633,16772993,"dirty farmers","2026-08-26 06:33:12",859.3,2,jamesgui2007
4634,16624682,FrederikZ,"2026-09-02 10:17:51",859.0,1,zkirederf
4635,16767164,"yuhan wu","2026-08-26 09:37:53",858.5,2,yuhanwu487
4636,16653955,"tanmay singhal","2026-08-29 12:00:53",858.4,2,anexperiencedidiot
4637,16658097,Sujay,"2026-09-17 06:08:01",858.3,2,sujayprodduturi
4638,16661423,"Rishavendra Sharma","2026-08-31 08:38:23",858.3,2,rishavendrasharma
4639,16693058,"Yuvraj singh","2026-09-18 11:41:37",858.0,2,yuvrajsingh789
4640,16663694,"Dimitri ZABRE","2026-09-18 22:22:32",857.3,2,dimitrizabre
4641,16660371,"José Luis Gómez","2026-08-13 01:37:42",857.0,2,josluisgmezz
4642,16695964,"JiMing Feng","2026-08-17 10:56:45",856.9,2,jimingfeng
4643,16701759,xycai,"2026-08-14 17:23:35",856.8,2,xycaipku
4644,16830837,"Damilare Olayemi","2026-09-08 08:35:23",856.3,2,damilareolayemi
4645,16663241,"Kris Adamatzky","2026-08-13 09:49:19",856.1,2,krisadamatzky
4646,16806886,dreamtear,"2026-09-02 05:55:56",855.5,1,mohanzeng
4647,16694149,maxout,"2026-09-21 06:18:06",855.4,2,"aadijoshi19,kavyabhand"
4648,16779977,sue124,"2026-09-26 02:44:49",854.9,2,ryotasueyoshi
4649,16659314,Sandeep063,"2026-08-25 12:44:22",854.3,2,sandeep063
4650,16738705,"Atilla Y","2026-09-12 06:51:34",854.3,2,atillay
4651,16667729,"Daniel Wu","2026-08-15 14:35:27",853.6,2,danielwuu
4652,16920916,"wiki Alexander","2026-09-23 06:11:41",853.5,2,wikialexander
4653,16657494,Trex,"2026-08-12 14:00:14",853.3,2,trexzone
4654,16695608,"Elie Elias","2026-09-12 11:11:33",852.9,2,elieelias
4655,16692138,"Bishwa Thakur","2026-09-05 09:15:47",852.8,2,bishwathakur
4656,16773266,newbyy,"2026-08-26 05:21:47",852.8,1,newbyy
4657,16651052,lty,"2026-08-18 02:33:01",852.5,2,linwei9
4658,16710672,"Yasemin Koç","2026-08-14 05:52:52",852.4,2,yaseminmkoc
4659,16627995,"Fire Bird","2026-08-11 20:36:45",852.2,2,xuanleekaggle
4660,16716468,"Sakhawat Hossen","2026-08-15 03:28:07",851.9,2,sakhawathossen
4661,16740103,Adjakou,"2026-08-24 07:31:02",851.3,2,adjakou
4662,16811576,Zi,"2026-09-03 01:52:15",850.1,1,kaigaokaigao
4663,16709744,"Emre Bayram","2026-08-14 09:04:57",849.9,2,emrebayram
4664,16841176,"Bruce Cole","2026-09-09 00:39:28",849.6,2,brucecole
4665,16692090,sans,"2026-08-12 03:14:55",849.6,2,sans6262q
4666,16679767,Salut!,"2026-08-12 21:56:55",849.6,2,denismekhanikov
4667,16632579,ZZfancy,"2026-08-11 12:04:42",849.2,2,zzfancy
4668,16697675,"Isaac Grossman","2026-08-30 23:21:35",848.5,2,kingisaac
4669,16726512,shash,"2026-08-15 19:41:18",848.4,1,zshashz
4670,16682936,"Latifa Riziki","2026-08-12 09:38:13",848.3,2,latifariziki
4671,16656731,"Muhammad Ali","2026-08-14 06:47:06",847.8,2,sardaralimaqsood
4672,16883641,"Benedek Brandschott","2026-09-25 21:49:46",847.6,2,benedekbrandschott
4673,16645712,"Changye Li","2026-08-24 06:23:33",847.5,2,antoinegg1
4674,16684012,ceh,"2026-08-16 04:58:18",846.0,2,emilhessman
4675,16793134,sawasawasawa,"2026-09-07 09:06:57",844.8,2,yukisawamura
4676,16682303,"Kapadiya Nirav Kumar","2026-08-18 06:24:30",844.0,2,kapadiyaniravkumar
4677,16754552,Touyu,"2026-09-24 23:29:39",843.9,2,yutoaoki
4678,16785100,5386,"2026-09-10 11:08:04",843.9,2,"ismktkaggle,rairai314,satosis"
4679,16831372,"Hazel caviar","2026-09-05 08:07:40",843.6,2,hazelcaviar
4680,16805763,"Masaya Kawamata","2026-09-04 03:39:48",843.2,2,masayakawamata
4681,16738467,EnriFermi,"2026-08-26 23:51:18",843.0,2,enrifermi
4682,16675305,"Justin Sabu Sebastian","2026-08-22 23:19:57",843.0,2,justinsabusebastian
4683,16656948,"alexander kern","2026-08-24 18:02:17",842.7,2,alexanderkern
4684,16889423,ShinChua,"2026-09-14 12:50:22",842.2,1,shinchua
4685,16927276,"julian andres viejo garrido","2026-09-26 03:26:34",842.0,2,salmaviejo
4686,16732586,Juniex,"2026-09-22 13:52:52",841.6,2,"juniex,shirleyshirleyye"
4687,16660678,"Chaitanya Sonaje","2026-09-23 04:35:17",841.5,2,chaitanya205
4688,16659692,"Hùng Nguyễn Huy (Hiirooo)","2026-08-11 03:47:45",840.7,2,hngnguynhuy
4689,16697021,Vaishnavi22052006,"2026-08-11 18:43:08",840.7,2,vaishnavi22052006
4690,16660711,ricardo,"2026-08-15 22:34:26",840.6,2,magania
4691,16693159,"Zonglin Han","2026-08-13 17:10:08",840.4,2,zonglinhan
4692,16673097,"Sonu Kushwaha","2026-09-01 11:10:15",840.3,2,sonukushwaha124
4693,16627400,"Krasnov Daniil","2026-08-11 06:04:48",840.1,2,daniilkrasnovvv
4694,16674649,寿!,"2026-08-12 06:45:37",840.0,1,taka3776toshi
4695,16673110,"Sri Jayavel K","2026-08-20 08:18:31",839.3,2,srijayavelk
4696,16705584,"Adil Munawar","2026-08-29 21:18:33",839.2,2,adilmunawar
4697,16692103,HaniJezo,"2026-08-11 20:32:40",839.1,1,hanijezo
4698,16830784,栀蓝thy,"2026-09-15 10:03:44",838.8,2,tianhaoyuan86
4699,16692164,Abdulrahman.su10,"2026-08-11 20:35:39",838.7,1,abdulrahmansu10
4700,16700116,Goldian,"2026-08-21 16:13:40",838.3,2,goldian
4701,16809277,"Shuntaro Tanaka","2026-09-11 01:01:20",837.7,2,shuntarotanaka
4702,16839110,0x3f,"2026-09-26 03:43:58",837.5,2,zhangbowen1005
4703,16706283,haogood666,"2026-08-11 08:25:40",837.5,1,haogood666
4704,16676154,"Tuan Tran","2026-08-10 16:29:40",836.9,2,thtuan
4705,16678638,Loshtradz,"2026-08-26 18:40:35",836.6,2,loshtradz
4706,16698942,"PRADHAN RS","2026-08-13 18:06:58",836.3,2,pradhanrs
4707,16705441,CooperJiang,"2026-08-13 06:57:44",835.9,2,gingersna
4708,16793535,Pink,"2026-09-15 08:44:32",835.2,2,farjanaafrinswarna
4709,16770777,"Oscar Legoupil","2026-09-09 15:43:18",835.2,2,oscarlegoupil
4710,16695501,brocade,"2026-08-15 00:01:12",835.0,2,brocade
4711,16696769,"maximo lorenzo y losada","2026-08-12 13:07:35",835.0,2,maximolorenzoylosada
4712,16676356,"Wander waal","2026-08-11 02:48:56",834.9,2,wanderwaal
4713,16719551,JamesYip7,"2026-08-20 10:24:50",834.8,2,jamesyip7
4714,16657857,hust_xll,"2026-08-12 05:38:12",834.4,2,hustxll
4715,16687724,Yijue1,"2026-08-11 02:15:05",834.4,2,yijue1
4716,16745092,zakihiro,"2026-08-21 07:59:39",834.4,2,zakihiro
4717,16701573,"Haggai Musoda","2026-08-17 20:04:00",834.4,2,haggismusoda
4718,16684947,Hoaquason,"2026-09-04 08:54:54",834.2,2,"datnguyen0102,mibombaclat"
4719,16763383,"Alexandru Sitaru","2026-08-25 07:05:06",834.1,2,sitaru
4720,16657429,"xiao cat q","2026-08-12 01:41:13",833.4,2,xiaocatq
4721,16672579,"Udbhaw Anand","2026-08-22 13:15:18",833.4,2,udbhawanand
4722,16695137,"Samantha Nicole Bracamonte","2026-08-12 00:35:56",833.2,2,snrbracamonte
4723,16623444,"sary sary","2026-09-22 20:50:21",832.2,2,sarysary
4724,16712651,riicon,"2026-09-21 14:13:50",832.1,2,risakashiwabara
4725,16709069,"James Mcquay","2026-08-14 18:05:40",831.9,2,jamesmcquay
4726,16666410,"Binil George","2026-08-12 10:40:43",831.4,2,binilg
4727,16688436,Zuu3scode,"2026-08-12 15:19:16",831.2,2,zuu3scode
4728,16667052,"Dandan Li","2026-08-15 18:07:17",831.1,2,clcll532x
4729,16670433,"Mohammad Osamah Atif","2026-08-19 08:46:32",830.4,2,osamatif
4730,16725680,henri66,"2026-08-15 21:09:47",830.4,2,henri665
4731,16659890,"Cu Spoon","2026-08-25 22:02:11",830.2,2,cuspoon
4732,16672374,"kelly waldeck","2026-08-11 21:07:30",830.1,2,kellywaldeck
4733,16722902,"Grigorii IU","2026-08-22 01:54:09",830.0,2,grigorii220
4734,16669778,UknesIruka,"2026-09-18 18:30:56",829.8,2,uknesiruka
4735,16704622,ray,"2026-08-11 16:30:13",829.3,2,rayenezanned
4736,16728955,"Chris Murphy","2026-09-07 23:33:26",829.3,2,mur418
4737,16737113,"Sergei Myshianov","2026-08-20 03:24:23",829.2,2,sergeimyshianov
4738,16695376,Garv88,"2026-08-13 12:19:20",829.0,2,garv88
4739,16660331,A.K.NITHIN,"2026-08-12 12:07:32",828.9,2,aknithin
4740,16683441,Eura73,"2026-08-21 08:07:47",828.5,2,eura73
4741,16706315,"Desert Fox88","2026-08-11 12:02:03",828.4,2,desertfox88
4742,16697142,Kujaomega,"2026-08-10 22:13:02",828.0,1,kujaomega
4743,16676043,"Tejash Rai","2026-08-14 07:16:01",827.7,2,tejashrai
4744,16850522,WayneCheng,"2026-09-08 08:07:59",827.7,2,taffy1883
4745,16688136,"Armanzhan Ayan","2026-08-11 16:49:36",827.4,2,armanzhanayan
4746,16625615,"Mobeen Fatima","2026-09-24 10:19:55",827.2,2,mobeenfatimah
4747,16681620,wanwanuil,"2026-08-13 12:43:19",827.0,2,wanwanuil
4748,16659529,"Sanchit Jain","2026-09-25 22:33:41",826.9,2,sanchit1609
4749,16679371,ΛYMΞNRH,"2026-08-11 06:43:55",826.8,2,aymnrh
4750,16650485,nasu726,"2026-08-13 13:51:20",826.8,2,nasu726
4751,16707584,sadatch,"2026-08-13 05:18:28",826.5,2,sadatch
4752,16689770,"Abdillah Sagif","2026-08-11 10:11:23",826.4,2,abdillahsagif
4753,16660479,"Lakhindar Pal","2026-08-31 13:26:49",826.1,1,lakhindarpal
4754,16640058,"Justin CH123","2026-08-11 09:15:28",826.1,2,justinch123
4755,16656316,"Richard Tang","2026-08-11 01:09:34",826.0,2,richardgtang
4756,16790115,Starumi,"2026-08-31 00:39:22",825.7,2,starumi
4757,16665058,"Llin Ding","2026-09-01 05:38:32",825.6,2,"greatneuro,llinding"
4758,16660911,"Animesh Ratna","2026-08-23 22:01:35",825.5,2,animeshratna
4759,16661983,"Victor's Team","2026-08-12 12:05:19",825.3,2,"dlordsjustified,jezrealmomoh,joludare,victorokpe"
4760,16708573,Benser,"2026-08-15 14:41:24",825.1,2,benser
4761,16761975,lixiuqixiaoke,"2026-08-26 09:59:11",825.0,2,lixiuqixiaoke
4762,16679519,"Петьо Лазаров","2026-08-10 22:30:35",824.5,2,pesosz
4763,16875777,YinboLiu,"2026-09-17 11:11:46",824.1,2,yinboliu
4764,16705370,TS2333,"2026-08-11 03:40:40",824.1,2,ts2333
4765,16660653,kanchana's,"2026-09-21 17:23:31",824.0,2,"saikanchana,yuvarajkanchana"
4766,16663919,hnhyhj,"2026-08-13 04:05:56",823.4,2,hnhyhj
4767,16702774,FilipJ,"2026-08-16 18:34:05",823.4,2,filipjarmua
4768,16695903,cerensukaramese,"2026-08-14 09:18:05",823.2,2,cerensukaramese
4769,16662653,"Jordan Schaeffer","2026-09-09 01:49:11",823.0,2,jordanmschaeffer
4770,16780558,hxrdxk,"2026-08-29 18:36:48",823.0,2,hxrdxk
4771,16633886,mudesteven,"2026-08-16 02:54:25",822.9,2,fastlight2007
4772,16817309,"TeddyDog Lovely","2026-09-03 10:44:15",822.8,2,teddydoglovely
4773,16733121,saturnliu,"2026-09-10 17:20:24",822.8,2,saturnliu
4774,16912040,YUYAN457,"2026-09-18 08:13:27",822.7,2,yuyan457
4775,16696608,beanbamboozled,"2026-08-10 10:45:19",822.6,2,beanbamboozled
4776,16726422,"Praveen Kumar","2026-08-29 11:25:55",822.5,2,pankajrepswal
4777,16633006,Kaiser,"2026-09-01 06:36:38",822.5,1,kaiserm
4778,16693925,"Francisco Corredor","2026-09-25 19:10:52",822.4,2,franciscocorredor
4779,16632675,"Baran Kucuk","2026-08-11 15:09:58",822.4,2,barankucuk
4780,16707993,"Sangita Bannore","2026-08-11 14:33:47",822.2,1,sangitabannore
4781,16666733,"Alberto MV","2026-08-10 23:06:33",821.3,2,albertomv
4782,16706825,"Niranjana Vincent ","2026-09-23 01:06:38",821.3,2,nj54425
4783,16631777,KiKi,"2026-09-03 04:27:02",820.9,2,kingkiller2164
4784,16729859,wintermute,"2026-09-24 07:44:41",819.9,2,siraev
4785,16709473,"Selahattin Günter","2026-08-23 14:07:42",819.8,2,selahattingnter
4786,16660333,"Deanos Crew","2026-08-11 13:10:19",819.7,2,jamescole0101
4787,16745264,wpang,"2026-09-25 00:08:24",818.3,2,wangshu
4788,16658746,marinxbt,"2026-09-11 14:18:24",818.0,2,marinxbt
4789,16940838,"Dean Wuu","2026-09-23 02:06:11",817.8,2,deanwuu
4790,16662166,duy,"2026-08-31 08:50:51",817.8,2,hduynguyen
4791,16691591,"Dheeraj Kumar #3","2026-08-12 04:05:32",817.7,2,kdheeraz
4792,16658487,radozaprazny,"2026-09-12 14:09:06",817.7,2,radozaprazny
4793,16808116,WWAWW,"2026-09-15 03:47:37",817.0,2,masatowaragai
4794,16636004,"Ragunath Ravi","2026-08-11 10:59:07",816.8,2,ragunathravi
4795,16696208,"kazwzn S","2026-09-22 12:06:22",816.7,2,kazwzns
4796,16696644,"Franklin T","2026-09-13 07:17:43",816.3,2,franklin0410
4797,16692457,t2better,"2026-08-12 11:56:41",816.2,2,t2better
4798,16643233,"Marco DG","2026-08-11 06:20:14",815.7,2,marcodg
4799,16714162,MarvinTMB,"2026-09-23 05:38:16",815.7,2,marvintmb
4800,16661093,"INDRAJIT SWAIN","2026-08-15 13:23:37",815.7,2,indrajitswain
4801,16624088,Pomiro,"2026-08-11 04:41:24",814.9,2,pomiro
4802,16663820,taka,"2026-09-16 22:06:10",814.7,2,takaakiishi
4803,16700630,apoyusiken,"2026-08-12 06:10:52",814.2,2,umutarpay
4804,16655952,"Tianfu Wang (王天夫)","2026-08-12 15:08:12",814.0,2,wangtf96
4805,16700314,Giallar,"2026-08-14 16:45:53",813.9,2,andreykrotkikh
4806,16870350,praneethb7,"2026-09-25 23:51:09",813.6,2,praneethbudati
4807,16823736,"Logan Seitz","2026-09-09 15:07:29",813.3,2,loganseitz26
4808,16652904,TonightIsOver,"2026-09-07 04:41:27",812.4,2,tonightisover
4809,16660594,XIAODOUZI,"2026-08-17 12:06:50",812.3,2,xiaodouzi666
4810,16660037,shehai.lrs,"2026-08-11 13:37:32",812.1,2,shehailrs
4811,16672247,"Movie Watch2022","2026-08-18 19:48:12",811.8,2,moviewatch2022
4812,16839972,"Yusuf Lee","2026-09-05 15:16:20",811.7,1,yusuflee
4813,16784719,"Ayush Shekhar","2026-09-07 13:23:45",811.5,2,ayushshekhar56
4814,16668688,"Nezihe Sözen","2026-09-25 18:00:24",811.5,2,nezihesozen
4815,16780967,"black hole sun","2026-09-01 02:25:21",811.0,2,danielefiorino
4816,16702482,"Carlos Navarro","2026-08-14 05:26:26",811.0,2,navarr0
4817,16804961,explise,"2026-09-02 08:13:03",810.7,2,explise
4818,16656181,Vishwa,"2026-08-11 05:46:58",810.6,2,rv1922
4819,16655210,Amon,"2026-08-16 06:09:04",810.5,2,kingaemon
4820,16724779,"Gavin Cao","2026-08-16 09:00:53",810.4,2,gavinxgcao
4821,16701466,"HELIOS reasonning","2026-08-11 22:38:55",810.3,2,heliosreasonning
4822,16655693,DePie,"2026-09-24 02:35:28",810.2,2,phucthaiv02
4823,16687594,"Andrew Markley","2026-08-13 01:19:04",809.9,2,andrewmarkley1
4824,16659803,nRuaif,"2026-08-22 02:47:10",809.5,2,phngdoan
4825,16655715,Chin,"2026-08-12 06:20:32",809.2,2,qinyukun
4826,16802598,zxcqqe,"2026-09-25 11:54:29",809.0,2,anonimniygeniy
4827,16793275,"Biao Cao","2026-08-30 13:44:48",808.7,1,biaocao398
4828,16656691,"Sahaj Deep Singh","2026-08-12 01:39:36",808.6,2,sahajdeepsingh9877
4829,16676275,Scorpi,"2026-08-12 01:34:25",807.7,2,scorpi
4830,16655323,roma,"2026-08-09 19:49:51",807.5,2,mnroma
4831,16672095,"Friaseus ","2026-09-25 16:30:50",807.4,2,friaseus
4832,16881964,"Vipeen Kumar","2026-09-21 06:20:46",807.2,2,vipeen
4833,16668334,Suavemango,"2026-08-12 05:18:03",807.1,2,suavemango
4834,16624625,"Harsha Vardhan","2026-08-10 07:33:35",806.9,2,harshacode101
4835,16659618,"Jeevan Jolly","2026-08-13 13:51:52",806.5,2,jeevanjolly
4836,16695176,"Zakaria Settar","2026-08-16 21:52:31",806.2,2,zakariasettar
4837,16662846,"Kerem Ercin","2026-09-24 09:12:41",805.6,2,keremercin
4838,16729800,"Alchemical Retard.","2026-08-20 07:28:07",805.3,2,alchemicalretard
4839,16639476,耶✌,"2026-08-30 19:52:36",803.6,1,qifeihhh666
4840,16701221,"Othman Istaiteh","2026-08-10 13:25:38",803.2,2,istatieh
4841,16729863,Monkeyzl,"2026-08-22 20:02:21",803.1,2,monkeyzl
4842,16675582,DavidX,"2026-08-11 06:05:18",803.0,2,davidasx
4843,16654122,"Peter Thompson","2026-08-10 17:59:36",802.9,2,mightytreefolk
4844,16692490,"Enes Coşkun","2026-08-11 05:37:38",802.8,2,enscskn
4845,16760101,"Big Moo","2026-08-25 00:52:06",802.6,2,abdullahramadan1
4846,16671666,showtree,"2026-09-02 01:53:55",802.6,2,showtree
4847,16658875,"Noah Bishop","2026-08-10 09:56:34",801.5,2,noahbishop1
4848,16664481,"Siddhu Jaykay","2026-08-12 14:02:29",801.5,2,siddhujaykay
4849,16688265,"Kyle #2","2026-08-11 01:51:35",801.1,2,georgeturbo
4850,16762837,Nagamatsur,"2026-09-17 12:24:55",801.0,2,rihitonagamatsu
4851,16644891,yankang_XZK,"2026-09-02 18:29:53",800.4,2,yankang233
4852,16768644,Momoko,"2026-08-25 03:22:50",800.1,1,yangmengyuanmomoko
4853,16689471,wenjinyang,"2026-08-11 13:32:09",799.9,2,wenjinyang
4854,16767431,Nine1Eight,"2026-08-24 16:51:12",799.7,1,wethepeople918
4855,16653153,Gbining,"2026-09-23 15:25:35",799.5,2,gbining
4856,16675752,"Simon Rüba","2026-08-10 14:23:16",799.4,2,simonrba
4857,16841747,"Carlos Bósquez","2026-09-24 16:29:05",799.4,2,carlosbsquez
4858,16679347,"Youssef EL MSIYAH","2026-08-09 12:07:55",799.4,2,youssefelmsiyah
4859,16684852,後藤将斗,"2026-08-24 14:51:20",799.2,2,masato09
4860,16667994,"Zhian Wei","2026-09-11 06:57:54",798.5,2,zh1anwe1
4861,16676025,"Csaba József","2026-08-31 19:31:00",798.0,2,"jcsaba,peterkiss4"
4862,16786082,"Noberto Frota","2026-08-29 00:40:42",797.8,1,nobertofrota
4863,16659662,MOHSIN525,"2026-09-01 15:43:49",797.8,2,mohsin525
4864,16704027,"Alan Cai","2026-08-10 22:36:40",797.7,1,alancai27
4865,16662718,xlnt,"2026-08-22 12:37:49",797.5,2,"princebisht,xlnt404"
4866,16666282,"Bang sion","2026-08-22 10:06:06",797.4,2,bangsioni
4867,16640869,taijunhao,"2026-08-12 10:26:30",796.4,2,taijunhao
4868,16694065,zhangwei02,"2026-08-30 09:29:12",796.2,2,zhangwei02
4869,16639236,"Dhavan Shah","2026-08-12 18:20:38",795.8,2,dhavanshah99
4870,16662213,"Yang Zong-Yu phD","2026-09-24 03:00:14",795.6,2,yangzongyuphd
4871,16672075,"Kameron Green","2026-08-11 05:49:32",794.8,2,hgenix20
4872,16828106,AG,"2026-09-20 00:12:01",794.6,2,lacroix7771
4873,16749776,DataLover,"2026-08-20 16:34:37",794.5,1,paulknidler
4874,16677723,"Trip Meiners","2026-09-22 14:40:41",794.1,2,tripmeiners
4875,16818689,Takashi,"2026-09-24 11:35:16",793.7,2,takashi1
4876,16669643,"Athenix Kaggriculture","2026-08-24 18:23:54",793.2,2,sdafdsfsdfgdsg
4877,16691275,"Muhiminul Islam   Mahim","2026-08-12 10:04:35",792.3,2,muhiminulislammahim
4878,16644378,"hicham bedrani","2026-08-28 11:33:17",792.0,2,hichambedrani
4879,16683909,"Krzysztof ""Chris"" Karaszewski","2026-08-14 08:41:11",791.6,2,futureofworkchannel
4880,16635238,"Tai Tien Ta","2026-09-03 03:25:55",791.4,2,tittin
4881,16672980,"Thomas Prinz","2026-08-09 13:57:51",791.1,2,xardiphotography
4882,16925552,JacobQIQI,"2026-09-22 13:58:21",791.0,1,jacobqiqi
4883,16705192,"John Ogah","2026-08-16 03:54:21",790.9,2,johnogah
4884,16760247,kriskur123,"2026-09-15 14:23:38",790.8,2,kriskur123
4885,16653984,"Howard Lyu","2026-08-08 18:35:00",790.0,2,howardlyu
4886,16681226,"tingting shen","2026-08-10 09:24:23",789.6,2,tingtingshen99
4887,16667233,EdGy2k,"2026-08-10 10:41:12",789.5,2,edgy2k
4888,16663678,"Fabiano Adelino","2026-09-25 14:48:28",789.4,2,fabianoadelino
4889,16732140,Miaa1526,"2026-08-24 08:58:42",789.4,2,miaa1526
4890,16806003,"Hazqeel Afyq","2026-09-20 08:53:15",789.4,2,hazqeelafyqathaillah
4891,16848998,yiweigan,"2026-09-22 13:17:52",789.2,2,yiweigan
4892,16722500,"Mike Murunov","2026-08-16 15:18:17",789.0,2,mikhailmurunov
4893,16652849,Hejunhui,"2026-08-16 14:15:29",788.9,2,website98
4894,16693374,"Henfry De Los Santos","2026-08-12 11:43:51",788.5,2,henfrydelossantos
4895,16671314,"Robot Farm","2026-08-29 16:54:23",788.3,2,codearranger
4896,16667124,"Chaotic Era","2026-08-12 01:26:13",788.2,2,sani84
4897,16672660,"Straw Hat","2026-08-11 06:14:47",787.9,2,"anuragugargol,tanishafagare114"
4898,16695182,"Ali Haydar Özdağ","2026-08-10 14:29:59",787.4,2,ahoirg
4899,16663569,XYZ,"2026-09-24 23:00:01",787.3,2,h249748fkv7lyhik897
4900,16904681,yzhaolabs,"2026-09-20 10:26:40",787.0,2,zhaoyuanzhen
4901,16743015,"Sword's Frost","2026-09-26 00:09:57",786.8,2,alexwilliam7
4902,16676038,"Adyanth M","2026-08-09 05:12:40",786.2,2,adyanthm
4903,16890654,"Niloofar Y.","2026-09-24 17:12:56",785.8,2,niloofaryoonesi
4904,16652741,"Sergi Bas","2026-09-23 16:29:27",785.6,2,sergibas
4905,16639496,"Sai Teja Bandaru","2026-08-11 14:51:49",785.3,2,saitejabandaruin
4906,16742442,"Anton Dugin","2026-08-21 09:51:07",785.3,2,antondugin
4907,16702909,SG4265,"2026-09-07 21:14:54",784.9,2,sg4265
4908,16920167,AI+Agriculture,"2026-09-21 02:33:40",784.8,2,"alexanderzhiyuanliu,duyutong6,jackdeng123,lgz666"
4909,16655497,cszf_first,"2026-08-09 02:06:46",784.5,2,cszffirst
4910,16789865,AgroByte-dev,"2026-09-02 14:39:25",784.4,2,ylyasyylkybayev
4911,16711204,"harden james","2026-08-12 08:00:14",784.0,1,ffusername
4912,16683982,Kenny,"2026-08-16 19:43:13",783.1,2,kmonar
4913,16657598,"Arun Mallikarjuna","2026-08-10 04:29:14",782.7,2,arunmallikarjuna
4914,16845420,"Terrance Luangrath","2026-09-08 05:41:53",782.6,2,tksluangrath
4915,16623189,"Aditya Mishra","2026-08-09 03:42:06",782.6,2,adityamishranika
4916,16622487,"Sam kramer_1028","2026-08-18 09:40:58",782.6,2,samkramer1028
4917,16692677,"Ashish Dubey","2026-08-10 06:17:34",782.1,2,ashish124536
4918,16857685,"waves wang","2026-09-13 02:25:51",781.2,2,"cliwave,cyberpsi,hyperacc"
4919,16631101,"Muneeb ul Hassan","2026-08-10 09:56:41",780.8,2,muneeb2405
4920,16674744,"Burhan Ul Tayyab","2026-08-10 10:55:43",780.2,2,babychick
4921,16807134,"Chaowei Liang","2026-09-09 01:53:25",780.1,2,chaoweiliang
4922,16690829,JeremyH43,"2026-08-16 00:06:30",779.3,2,jeremyh43
4923,16905921,关注塔菲喵,"2026-09-16 16:11:46",779.2,2,zuberi05
4924,16685828,Ztr0,"2026-08-09 05:53:10",779.2,2,y1amadeus
4925,16690820,"Alan C52","2026-09-24 21:07:38",779.1,2,alanc52
4926,16815105,"Saurav Chaudhari","2026-09-03 08:46:53",777.6,2,saur3x
4927,16713031,"Nahid Hossain Redom","2026-08-13 15:38:30",777.3,2,nahidhossainredom
4928,16664179,animelonerboy,"2026-08-09 15:52:55",776.9,2,adambasa5
4929,16665935,eternitywinner,"2026-08-08 14:41:53",775.9,2,eternitywinner
4930,16694751,im_justmatthew,"2026-08-10 11:27:00",775.6,2,imjustmatthew
4931,16914530,"zhaorui chen","2026-09-18 02:30:07",775.6,2,"hanyazhang,kanny912,zhaoruichen"
4932,16726173,"Aman Bihari","2026-08-23 12:51:05",775.2,2,amanbihari
4933,16694744,XiaoZhiren,"2026-08-10 13:03:56",774.7,2,"ruikangan,xiaozhiren"
4934,16665976,"Daksh Goyal","2026-08-08 20:36:06",774.3,2,dakshgoyal387
4935,16736816,LLE,"2026-08-22 16:50:40",774.1,2,"rajaditya01,saiash"
4936,16670406,"jessica jennifer","2026-08-20 15:55:41",774.1,2,jessicajennifer
4937,16917996,Agentculture,"2026-09-22 09:28:26",774.1,2,"ericchen001,huzhenyi,sylvia47,thx123456121"
4938,16671837,"Ronald K Wilson ","2026-09-21 14:14:14",773.7,2,ronaldkwilson
4939,16857723,"Denise Mo","2026-09-13 02:30:07",773.6,2,"clipcode,daskrank,maskgen,nnmerge,opscfg"
4940,16910441,"Guanchao Sun","2026-09-20 11:27:09",773.2,2,"guanchaosun,lh123463,yitao111"
4941,16665500,"Madan kumar","2026-08-13 17:31:57",772.9,2,winklemad
4942,16684639,Bru3ll,"2026-08-09 15:50:45",772.6,2,bru3ll
4943,16692469,neoistheone,"2026-08-08 18:38:13",772.5,1,neoistheone
4944,16661899,AAI,"2026-08-09 14:23:08",772.4,2,aiolapo
4945,16811703,KaggricultureX,"2026-09-20 02:45:19",771.2,2,"hanwang666,huanghaoyu7280,lannuo,liangzixiabc"
4946,16660385,"Jose Santiago Echevarria","2026-08-25 12:02:45",771.2,2,jmsechevarria
4947,16696852,MYGEMER,"2026-08-09 15:43:13",771.0,1,mygemer
4948,16635330,tekatoncat,"2026-08-16 23:42:10",770.9,2,tekatoncat
4949,16680646,Naym0425,"2026-08-14 04:20:36",770.5,2,naym0425
4950,16880045,"Underground Farmers","2026-09-13 13:04:19",770.5,2,xavierwi
4951,16926195,koutwiring,"2026-09-24 20:54:24",769.7,2,koutwiring
4952,16653208,FabienDaniel,"2026-08-07 10:17:38",769.7,2,fabiendaniel
4953,16696607,"Manish modak","2026-09-24 18:05:15",769.5,2,manishmodak
4954,16663457,Furqan102102,"2026-08-09 12:02:35",769.4,2,furqan102102
4955,16662712,"Roman Stupin","2026-08-27 23:52:01",769.4,2,rcnegby
4956,16664242,"Alex Lee","2026-08-11 03:43:12",769.3,2,aiexanderr
4957,16664409,"Kathi Munishwar","2026-08-09 03:37:05",769.1,1,kathimunishwar
4958,16728633,draven,"2026-09-12 07:35:01",769.0,2,ustchx
4959,16669608,"Jesy Lu","2026-08-13 16:21:53",768.8,2,jesylu
4960,16634468,"Kun Zhang","2026-09-01 11:38:47",768.6,2,beicicc
4961,16639125,"Caio Coelho","2026-08-09 15:38:12",768.3,2,caio41
4962,16663668,"╰┈➤ˎˊ˗ www.sleepyai.org","2026-08-08 23:49:32",768.2,2,tahsinarafat
4963,16919136,"Xinye Li","2026-09-19 13:15:58",768.2,2,"chengxuanyang,dongshangyu,lxinye09,pengwenlong"
4964,16732679,argon,"2026-08-19 08:32:47",768.0,2,argonlabs
4965,16692883,coolguy,"2026-08-08 20:56:21",768.0,1,vihangpagare334
4966,16929367,边大同,"2026-09-22 15:40:49",767.7,2,"biandatong,fan41786,taomarktao,ycc13688881999"
4967,16830079,"Quan Vu","2026-09-04 11:35:57",767.7,2,quan0095
4968,16729165,コーラ,"2026-08-23 07:30:40",767.5,2,cola0912
4969,16698735,Larfii,"2026-08-21 18:01:02",766.9,2,larfii
4970,16746592,Harvester,"2026-08-21 13:57:05",766.6,2,yudhis16
4971,16736429,Rudra278,"2026-08-18 12:07:42",766.6,1,rudra278
4972,16949339,Kuriboh,"2026-09-24 15:50:17",766.5,1,cauchyeix
4973,16644150,"J.M.Mubasshir Rahman","2026-08-09 17:15:01",766.2,2,jmmubasshirrahman
4974,16623461,MightyK,"2026-08-09 05:36:23",766.0,2,anhhkhoi
4975,16663780,"Hamza Kanice","2026-08-09 00:08:11",765.8,2,hamzakanice
4976,16676911,"Michał Ścibak","2026-09-26 00:32:45",765.8,2,michacibak
4977,16923114,Pruthvij08#,"2026-09-19 06:44:33",765.7,2,pruthvij08
4978,16671174,Alexandre008,"2026-08-09 12:29:49",765.4,2,alexandre008
4979,16724895,russ,"2026-08-19 08:55:30",765.4,2,mdevian
4980,16889300,"Chris McCarthy","2026-09-23 08:20:29",765.3,1,chrismccarthy
4981,16792989,ALKRIS,"2026-08-31 14:35:26",765.2,2,wasimjbuh
4982,16661707,"Rudolf HOUNLETE","2026-08-09 11:41:08",765.0,2,queystanle
4983,16907268,"Ilya Fedorov","2026-09-19 16:29:53",764.9,2,sorrow321
4984,16663928,Auxileon,"2026-08-09 16:20:13",764.9,2,auxileon
4985,16679683,Aberrchan,"2026-08-08 17:44:32",764.8,2,aberrchan
4986,16653262,"tianwen zhang1","2026-08-08 16:21:18",764.7,2,tianwenzhang1
4987,16669971,"Luka Philip","2026-08-08 16:09:32",764.5,2,lukaphilip
4988,16857621,"yunwen shen","2026-09-12 01:24:42",764.5,2,"cudastack,dlbyte,dsbeta"
4989,16825767,f7e6n5g4,"2026-09-25 09:15:53",764.4,2,f7e6n5g4
4990,16657989,"vishnu gopal P","2026-08-08 12:27:56",764.3,2,vishnugp
4991,16658278,"Malcolm Durosaye","2026-09-17 12:31:05",764.1,2,malcolm95
4992,16625472,"luna is free！","2026-08-29 16:39:51",764.0,2,simingtan
4993,16670545,"Mouad AIT HA","2026-08-18 20:03:55",764.0,2,mo0103
4994,16847300,"Lam PayGi","2026-09-08 02:02:17",763.8,2,lampaygi
4995,16670202,"Elizabeth Park","2026-08-09 20:33:17",763.4,2,elizabethpark
4996,16666625,"Nguyen Ngoc Thien","2026-08-07 16:12:04",762.7,2,ngocthienai
4997,16779063,"Yendrew Y","2026-09-25 14:02:59",762.5,2,yendrewy
4998,16633276,"Nolan Liang","2026-08-09 03:26:47",762.3,2,iamlkn
4999,16659610,gareeb,"2026-08-10 15:46:50",761.7,2,"arjund29,saqlainsqx,yashawl194"
5000,16683036,"Ritesh Thawkar","2026-08-14 08:34:08",761.2,2,riteshthawkar
5001,16671372,"Meet Sabhaya","2026-08-08 06:02:13",761.2,2,meetsabhaya
5002,16904566,Athnnna,"2026-09-20 10:42:53",761.0,2,"athnnna,fanglong,fengzq777"
5003,16835621,"Atharv Santosh","2026-09-05 02:49:27",760.8,1,atharvsantosh
5004,16660259,Marcus,"2026-08-08 17:23:34",760.6,2,marcuseno
5005,16659585,"Anas Riaz","2026-08-08 20:20:23",760.6,2,anasriaz
5006,16669273,Parag,"2026-08-07 02:10:29",760.4,2,paragkale
5007,16660101,Zarathustra,"2026-08-12 02:48:18",760.1,2,rezkyadytama
5008,16658213,"Ahmet Abdullah Gültekin","2026-09-25 21:20:03",760.1,2,abdullahgultekin
5009,16666632,to1_10i,"2026-08-19 20:27:42",760.1,2,to110i
5010,16661249,Yaohui,"2026-08-26 14:59:02",759.9,2,yaohui85
5011,16652827,"Rob C","2026-08-14 03:04:30",759.9,2,robertcheah
5012,16753820,sbite0138,"2026-09-10 14:12:17",759.9,2,sbite0138
5013,16630249,"Aymar Avohoueme","2026-08-20 10:22:33",759.7,2,aymaravohoueme
5014,16884814,"Happy Farmers","2026-09-16 04:30:33",759.6,2,"loopide,mapmicro,modelkit"
5015,16698467,"Ra'uf Fauzan Rambe","2026-08-10 04:29:13",759.5,2,rauffauzanrambe
5016,16736559,"Team Rot-Weiß","2026-08-19 13:22:35",759.2,2,moritzpaal
5017,16664666,"Rheal Thomas","2026-08-21 19:29:44",759.1,2,rhealthomas
5018,16795676,cold_star,"2026-09-04 03:54:22",758.8,1,a406161167
5019,16843755,oguzok,"2026-09-22 20:09:38",758.6,2,oguzok
5020,16732008,"Phoebe Lin","2026-09-05 01:05:06",758.5,2,phoebe0511
5021,16634174,phibkro,"2026-08-07 03:10:52",758.3,2,phibkro
5022,16713590,"Александр Арутюнян","2026-08-13 05:20:18",758.3,2,alexarut17
5023,16679237,"Danilo Sepúlveda","2026-08-06 21:26:28",758.2,1,daniloseplveda
5024,16731924,CuddleYokai,"2026-08-19 10:57:11",757.7,2,cuddleyokai
5025,16928267,"lin miaohan","2026-09-21 12:24:15",757.4,2,"dorags,linmiaohan,zhiruizheng111"
5026,16634078,"yoho kumedayo","2026-08-15 12:48:29",757.2,2,dorachinyastyle
5027,16869317,Pikachuexeallen,"2026-09-12 19:46:36",756.7,2,pikachuexeallen
5028,16690897,"Ashok Kumar Garain","2026-08-08 13:26:11",756.6,1,ashokkumargarain
5029,16841445,Challo,"2026-09-26 02:28:49",756.0,2,germantardioperez
5030,16857636,Tm-ACCS,"2026-09-13 02:24:43",756.0,2,"bitsmini,corebase,llmrun,opsneo"
5031,16661739,"Spandan Mhapsekar","2026-08-08 10:39:41",755.9,2,spandanmhapsekar
5032,16846968,kfous,"2026-09-25 16:20:28",755.8,2,kfousekis
5033,16694317,"PRITIKA SA","2026-08-09 07:17:19",755.3,2,pritikasa
5034,16923138,"Davi Santos","2026-09-26 03:23:17",755.3,2,davissantos1
5035,16641535,Tutti,"2026-09-06 15:16:23",755.2,2,malk271828
5036,16660488,tehyoni,"2026-09-24 06:39:28",755.1,2,"gooberdambi,sidcat,suaeng,tehyoni"
5037,16656347,OctahedronBB,"2026-08-07 00:52:27",754.9,2,octahedronbb
5038,16660430,"Hassaan Ibrahim","2026-08-10 12:45:55",754.9,2,hassaanibrahim
5039,16668758,"Aman Vishwakarma","2026-08-09 17:33:00",754.7,2,amanvishwakarma01
5040,16688898,"Sanskar Omar","2026-08-09 11:10:44",754.7,2,sanskaromar7
5041,16664283,"Nguyễn Hữu Công","2026-08-07 05:24:48",754.6,2,nguynhucng
5042,16662592,"Vladislav Yushkevich","2026-08-09 14:54:24",754.5,2,"crazyflyingsheep,vladislavyushkevich"
5043,16624003,weedfarmer,"2026-08-08 05:34:16",754.5,2,aleksanderhan
5044,16674977,BarbateP,"2026-09-20 10:57:34",753.8,2,barbatep
5045,16670040,galaxyhunter,"2026-08-17 19:22:06",753.7,2,pkharkwal
5046,16640332,"ning gu","2026-08-21 00:01:22",753.7,2,morninggu
5047,16624485,"Nishant Dahal","2026-08-10 02:24:42",753.7,2,nishantdahal
5048,16720234,Aditya109,"2026-09-08 05:20:00",753.6,2,"aditya109,tathagattyger"
5049,16670361,"Saud Saudesen","2026-08-15 22:16:42",753.4,2,saudsaudesen
5050,16910408,Yuumi080911,"2026-09-20 09:42:09",752.9,2,"haiyunzhang,yuumi080911"
5051,16623932,"Axel Ahmer","2026-09-19 16:55:30",752.9,2,blondie1
5052,16692970,LakoMoor,"2026-08-09 17:43:25",752.8,2,lakomoor
5053,16681480,"Kevin Nguyen","2026-08-14 18:16:29",752.7,2,haidangnguyen1802
5054,16830531,"Nikos Chatzinikolaou","2026-09-24 14:53:07",752.6,2,nikoschatzinikolaou
5055,16680408,mochogo,"2026-08-07 05:42:33",752.5,1,mochogo
5056,16661100,"Muhammad Junaid","2026-09-06 21:24:50",752.1,2,junaid512
5057,16854347,"Arul Gandhi","2026-09-12 10:19:13",751.9,2,arulgandhi
5058,16698071,nixotrix,"2026-09-07 21:16:50",751.8,2,nixotrix
5059,16630372,Q.qlmmm,"2026-08-24 18:25:02",751.8,2,qlammi
5060,16660613,今日洗澡明日香,"2026-08-07 09:58:49",751.6,2,"jasperkag,ryjiang,timmengzh,yningc"
5061,16758431,"Mathews Jere","2026-08-26 18:10:25",751.6,2,mathewjere
5062,16857488,THFuller,"2026-09-23 04:59:23",751.6,2,"lachesism,neoist,wangtianyi8,zhihaoweng"
5063,16667219,"Komil Parmar","2026-08-08 10:00:55",751.6,2,komilparmar
5064,16857762,zetaex,"2026-09-13 02:32:06",751.6,2,"cvcost,fluxdev,lossvis,zetaex"
5065,16683852,"Abhiram Anil","2026-08-08 06:26:11",751.2,2,abhiramanil
5066,16934428,shib,"2026-09-24 18:37:26",751.0,2,shibendum
5067,16671403,"Alex Karpowicz","2026-08-08 18:36:52",750.9,2,alexkarpowicz
5068,16731259,"Manvik singh rathore","2026-08-30 17:18:55",750.9,2,manviksinghrathore
5069,16654623,"Asher Goldstein","2026-08-09 17:54:27",750.6,2,ashergoldsteincd21
5070,16655076,"Tita Kongolo","2026-08-08 09:08:57",750.5,2,titakongolo
5071,16655156,"Pranjal Ranjan","2026-08-06 23:58:43",749.7,2,pranjalranjan299
5072,16665529,Venneth,"2026-08-08 12:32:20",749.7,2,venneth
5073,16670807,mannogun,"2026-09-04 23:15:49",749.7,2,arcanejumper
5074,16866155,gomamonaka,"2026-09-12 10:10:10",749.5,2,gomamonaka
5075,16711725,meatori-nu,"2026-09-05 13:40:48",749.4,2,meatorinu
5076,16904592,RLMAX,"2026-09-21 14:23:16",749.2,2,"haoyangdaviddong,mingsiguo,risottoolive,yuanqinyi"
5077,16673155,"Babar Khilji","2026-08-06 15:55:26",748.9,2,babarkhilji
5078,16667245,"KAIWALYA RAUT","2026-08-09 09:04:25",748.8,2,kaiwalyaatulraut
5079,16639645,RamenBoy,"2026-09-08 14:38:35",748.1,2,ramenboyjapan
5080,16643193,"Shoroogh Ahmadi","2026-08-13 10:36:43",747.9,2,shorooghahmadi
5081,16655763,"Diogo Sena","2026-08-22 17:08:45",747.6,2,diogodmsena
5082,16833052,"we lose some 🏆","2026-09-25 19:11:36",747.5,2,sayangoswami
5083,16884751,"full-auto agent","2026-09-16 04:26:04",747.3,2,"idcode,pychat,regularl2,tokenrank"
5084,16784731,Alfred,"2026-09-20 21:54:16",747.2,2,holleyalfred
5085,16665015,"laiba razzaq10","2026-08-07 14:21:49",747.1,2,laibarazzaq10
5086,16679848,Nikola010,"2026-08-13 16:29:19",747.1,2,nikola010
5087,16675753,Khafidin,"2026-08-12 05:16:26",747.0,2,khafidin
5088,16645078,"A Aswanth Raj","2026-08-09 08:57:36",747.0,2,aaswanthraj
5089,16670058,"Dahoui Alex Armel ","2026-08-07 01:02:07",746.3,2,dahouialexarmel
5090,16847456,waHAHA,"2026-09-07 09:53:07",746.0,1,wangshen1994
5091,16670065,"Artyom Sayapin","2026-09-22 16:26:22",745.8,2,spielmeister
5092,16670221,fle3n,"2026-08-08 19:48:37",745.7,2,fleongg
5093,16686843,"Juraj Zelman","2026-08-09 08:40:09",745.6,2,jurajzelman
5094,16666147,"Khalid Bin Hethlain","2026-09-15 20:43:36",745.4,2,khalidbinhethlain
5095,16678506,SireeshLimbu,"2026-08-08 08:39:43",745.3,2,sireesh
5096,16621802,fgwiebfaoish,"2026-08-13 12:21:54",745.0,2,fgwiebfaoish
5097,16699784,nianyu,"2026-08-10 09:46:32",744.7,2,nianyuc
5098,16660537,Furina,"2026-08-08 13:52:01",744.3,2,cjlcjlcjl
5099,16642579,"Desyat IO","2026-08-09 17:31:59",744.3,2,desyatio
5100,16656118,Mutte1904,"2026-08-07 05:03:56",744.2,2,mutte1904
5101,16670117,"Raj Aryan","2026-08-07 18:15:04",744.0,2,rajaryan2503
5102,16671622,"Isaac Diaz Lopez","2026-09-25 06:12:45",744.0,2,isaacdiazlopez
5103,16638998,"khalid harouach","2026-09-17 13:32:02",744.0,2,khalidharouach
5104,16658173,Tamizharuvi,"2026-09-19 08:42:47",743.9,2,tamizh1
5105,16654832,mohit,"2026-08-07 00:01:08",743.7,2,mohitvarred
5106,16654486,alijs,"2026-08-06 14:27:22",743.5,2,alijs1
5107,16635781,wacata,"2026-08-19 14:53:05",743.3,2,wacata
5108,16667606,Manifolds1,"2026-08-06 16:36:46",743.2,2,ptrakuldit
5109,16630441,"yjhv buddies","2026-08-07 09:50:05",743.1,2,bender1123123
5110,16698489,"JIUZHOU CHAN","2026-09-22 18:50:06",742.8,2,jiuzhouchan
5111,16680075,I_luv_magick,"2026-08-07 09:50:30",742.7,2,iluvmagick
5112,16685990,VictorAndrew,"2026-09-05 22:20:04",742.7,2,vicktvr
5113,16659820,Accayo14,"2026-08-06 14:20:30",742.2,2,accayo14
5114,16668029,Timbo615,"2026-08-07 11:56:21",742.2,2,timbo615
5115,16838800,"LEE Dailun","2026-09-09 13:59:27",742.1,2,peterccll
5116,16688579,"Long Hu","2026-08-09 09:41:04",742.1,1,longhul
5117,16672629,"Alex Boyd","2026-09-06 15:37:19",742.1,2,alexrayboyd
5118,16659351,"Hamna Kaleem","2026-09-25 23:02:46",741.8,2,hk3296
5119,16666826,"Simone di costanzo","2026-08-07 19:38:11",741.8,2,simonedicostanzo
5120,16680172,TTANE,"2026-09-25 00:07:44",741.8,2,otmaneelmahdaouy
5121,16672520,"Nah I'd win","2026-08-07 08:09:12",741.3,2,asutriy
5122,16667091,"Nico Feiler","2026-08-07 14:27:47",741.3,2,nicofeiler
5123,16659727,shuaiqiyang,"2026-09-16 01:16:36",740.8,2,shuaiqiyang
5124,16671844,I2nfinit3y,"2026-08-07 02:27:10",740.6,2,i2nfinit3y
5125,16657957,"Mounika Kommireddy","2026-08-08 07:57:32",739.8,2,mounikakommireddy
5126,16687463,"Manolo Chow","2026-08-09 22:56:20",739.5,2,manolochow
5127,16633043,"Ryan Adams","2026-09-08 23:48:54",739.3,2,ryanadamsai
5128,16658670,EveryJust,"2026-08-07 08:33:35",738.9,2,"everyjust,zfc666wsnd"
5129,16669542,Agzam,"2026-08-06 05:09:43",738.7,2,mazgag
5130,16666358,"GAYATHRI SALINI","2026-08-07 07:55:26",738.5,2,gayathrisalini09
5131,16631665,"jatan sanghvi","2026-09-07 14:03:17",738.4,2,jatansanghvi
5132,16678288,"Speedrun retirement","2026-08-30 18:59:23",738.2,2,"josephkimanikamau,nanducode"
5133,16668034,ggggalaxy,"2026-08-28 04:56:40",738.2,2,ggggalaxy
5134,16664827,"Jose Miguel Diez de la L","2026-08-07 16:08:49",737.9,2,josemigueldiez
5135,16734490,Tomeiser,"2026-09-24 11:23:16",737.8,2,tomeiser
5136,16670378,"Ari Carter","2026-08-08 23:18:02",737.1,2,aricarter
5137,16663369,csteeve,"2026-08-07 18:44:37",736.8,2,csteeve
5138,16635518,"ROFIQUL ALAM SHEHAB","2026-08-09 11:49:00",736.1,2,rofiqulalamshehab
5139,16684568,"[ODS] waniz","2026-08-08 11:04:42",736.1,1,wanizz
5140,16669518,Galagala,"2026-08-07 18:35:59",736.1,2,b12705059
5141,16660091,bcTiann,"2026-08-06 05:55:54",735.9,2,bctiann
5142,16802695,"Taras Sam","2026-09-07 17:36:00",735.7,2,tarassam
5143,16764419,"Leo #2","2026-08-30 08:17:12",735.6,1,nanlihao
5144,16674550,"Jebastin Nadar","2026-08-06 10:09:16",735.6,2,samfc10
5145,16893333,Chista,"2026-09-17 23:10:55",735.4,2,"amirelite,asimir"
5146,16660555,"Nguyễn Nhật Thanh","2026-08-07 03:45:29",735.1,2,nguynnhtthanhhhhh
5147,16667479,"Leon Christians","2026-09-13 17:12:37",735.1,2,leonchristians
5148,16644552,Keanan,"2026-08-08 11:35:17",734.1,2,citerne
5149,16659958,brainpick,"2026-08-24 21:54:50",733.9,2,prathvirajpalekar
5150,16720913,Candidates,"2026-08-23 17:18:05",733.7,2,"ulyanovmmm,vladimirarchipov"
5151,16683439,Goober,"2026-08-10 19:46:41",733.5,2,kongzhisyuen
5152,16665431,"Monojit Nandy","2026-08-06 11:50:38",733.5,2,vedarthmn
5153,16623485,XtraLearning,"2026-08-09 17:10:36",733.5,2,xcessivesmash
5154,16665898,chengsongtao,"2026-08-23 00:12:59",733.4,2,cheng618
5155,16677240,"Jeevan Malla","2026-08-07 07:37:46",733.3,2,jeevanmalla
5156,16684762,X-xuhui,"2026-08-08 10:07:58",733.1,2,xxuhui
5157,16744809,"Ruben Romero Fernández-Monge","2026-08-25 18:00:39",733.0,2,salieri7
5158,16673002,xubenzheng,"2026-08-07 15:40:31",732.6,2,xubenzheng
5159,16673179,"Muhammad Faraz Aftab","2026-08-09 10:18:58",731.7,2,muhammadfarazaftab
5160,16732667,Doug,"2026-08-26 23:26:49",731.7,2,dougsgrott
5161,16669930,"Ilya Klimanov","2026-08-25 13:30:13",731.3,2,ilyaklimanov
5162,16676280,agniii,"2026-08-06 17:05:08",731.1,2,agniii
5163,16758174,REBEL_K,"2026-08-27 18:30:45",730.8,2,rebelk
5164,16742806,"Oğuz Karabulut","2026-09-11 07:47:41",730.8,2,ouzkarabulut
5165,16657861,"Liao Zixu","2026-08-25 04:28:34",730.3,2,liaozixu
5166,16639043,"saroj bono","2026-08-28 18:42:55",730.3,2,sarojbono197
5167,16705242,"Chonghao Peng","2026-09-04 21:45:52",729.9,2,chonghaopeng
5168,16729472,"Boris Pletenev","2026-08-16 17:23:56",729.5,1,borispletenev
5169,16653939,"Amr Yasser","2026-08-06 17:56:07",729.5,2,amryasswe
5170,16639583,typeIIIfairy,"2026-09-10 10:11:22",729.4,2,typeiiifairy
5171,16666686,yolo,"2026-08-08 12:08:38",729.3,2,avin55
5172,16657942,"Gokul Prasath","2026-08-04 23:38:18",729.2,2,beastgokul
5173,16930968,"Harvey Zheng","2026-09-24 04:34:49",729.1,2,harveyzheng07
5174,16658025,"Dennis Gioche","2026-08-06 09:08:34",729.0,2,dennisgioche
5175,16742239,"Benny Joseph","2026-09-17 13:06:06",728.6,2,pbennyjoseph
5176,16819030,sunyuxiang136,"2026-09-26 04:00:10",728.5,2,"hqy0619,orangetailfish,sunyuxiang136,tshen12"
5177,16652986,"Justin Kimlim","2026-08-26 03:12:37",728.4,2,justinkimlim
5178,16712577,"nattapon nakakong","2026-09-22 02:49:39",728.2,2,nattaponnakakhong
5179,16662161,"Touhidul Alam Seyam","2026-08-10 12:39:51",728.2,2,seyamalam
5180,16640582,Attension_Seeker,"2026-08-10 06:57:51",728.2,2,aisipu
5181,16742362,"AMANI DD","2026-08-23 08:02:47",728.1,2,dkonan
5182,16782792,"[Deleted] bdc3c175-811b-438f-9c3a-c2d9c80c106a","2026-08-29 07:16:45",728.0,2,del=e8b93c44cf962f9e
5183,16659525,"Dang Khoa Nguyen","2026-08-17 09:51:16",727.4,2,khoadangnguye
5184,16753850,"Ahmad Ali","2026-09-09 17:58:10",726.9,2,ahmadali1243534
5185,16676283,jnurik,"2026-08-07 17:24:01",726.9,2,nurdauletmoldik
5186,16732722,Kusanagi,"2026-08-24 21:52:54",726.7,1,kusanagiap
5187,16668545,Ronty00,"2026-08-06 08:24:07",726.5,2,ronty00
5188,16654626,bgsszsa,"2026-08-07 12:01:33",726.4,2,bgsszsa
5189,16658789,Zhanpeng.W,"2026-08-08 10:05:26",726.3,2,zhanpengw
5190,16668329,HakimTaoufik,"2026-08-18 13:06:18",726.2,2,hakimtaoufik
5191,16670671,"TAUIL Abd Elilah","2026-08-11 01:17:39",725.9,2,tauilabdelilah
5192,16717448,getalife();,"2026-09-20 08:55:13",725.1,2,"byteknight28,dhairyapandya24,rounakagrwl"
5193,16653117,"li jiaqi77","2026-08-07 05:32:06",725.1,2,lijiaqi77
5194,16660120,gktdgktdgktd,"2026-08-07 07:50:45",724.7,2,gktdgktdgktd
5195,16664890,ideal_m99,"2026-09-19 19:12:14",724.6,2,idealm99
5196,16640394,"MOHAMMADJAFAR ZAMANI","2026-09-26 03:55:14",724.5,2,mohammadjafarzamani
5197,16702509,KošičanSVK,"2026-08-17 18:04:22",724.3,2,ryanstoner
5198,16659000,xjlgg123,"2026-08-08 12:35:10",723.9,2,xjlgg123
5199,16755091,Charlie,"2026-09-24 01:54:36",723.6,2,zephyrlennox
5200,16760841,KIsXcl,"2026-08-24 14:34:11",723.5,2,kisxcl
5201,16639241,"Alissa King","2026-08-04 05:05:30",723.2,2,alissaking
5202,16679155,jeziorop,"2026-08-06 20:34:53",723.1,1,jeziorop
5203,16718916,"ROBERT SSEBAMBULIDDE","2026-08-14 19:21:24",723.0,2,robertssebambulidde
5204,16632446,"Abdul Wahab Khan","2026-08-06 04:53:37",722.8,1,abdulwahab2321
5205,16682336,"Çınar Efe Yetişen (Student)","2026-08-19 08:29:20",722.7,2,narefeyetienstudent
5206,16731990,Karl0106,"2026-09-18 08:35:18",722.1,2,karl0106
5207,16653855,"Klgv Klgv","2026-08-06 11:54:38",722.1,2,klgvklgv
5208,16689084,Tam1m,"2026-08-29 09:56:39",721.9,2,booleanwolf
5209,16673604,"Jiman Kwon","2026-08-21 17:23:47",721.8,2,jimankwon
5210,16656393,"Faris Abqari","2026-08-07 00:15:25",721.8,2,farisabqari11
5211,16659883,"Ahmad Hfdx5","2026-08-05 03:33:48",721.7,2,ahmadhfdx5
5212,16809677,"Phong Khổng Hoàng","2026-09-26 02:14:19",721.7,2,phongkhonghong
5213,16661229,Gena,"2026-08-04 15:18:42",721.5,2,gdonchyts
5214,16724269,lava,"2026-09-25 13:51:26",721.5,2,fanxiaozhen
5215,16770454,"Nawaf Almutairi","2026-09-12 19:23:12",721.3,2,nawafbalmutairi
5216,16654081,"Aleksei Ponomarev","2026-08-06 00:43:57",721.3,2,alekseiponomarev
5217,16624977,Avikumar93801,"2026-08-11 05:55:19",721.2,2,avikumar93801
5218,16667714,ZhexinJiang,"2026-08-06 11:26:30",721.2,1,zhexinjiang
5219,16671407,JBro13,"2026-08-07 02:29:02",721.1,2,jbro13
5220,16635679,WUHAOZHE618,"2026-08-15 04:08:45",721.1,2,wuhaozhe618
5221,16663899,"Abdelrahman Aboegela","2026-08-05 13:54:26",721.1,2,abdelrahmanaboegela
5222,16762722,"Bruno Romero García","2026-08-31 20:24:32",721.0,2,brunoromerogarca
5223,16624253,DTrieu,"2026-09-25 13:46:55",721.0,2,hodinhtrieu
5224,16656296,Fususu,"2026-09-05 04:32:44",720.9,2,phuongncn
5225,16896810,Xcution,"2026-09-16 18:23:35",720.9,2,gghhjjkk
5226,16713291,Lperalt,"2026-09-20 02:20:12",720.6,2,lucianobastidas
5227,16686707,"Sébastien henry","2026-09-17 14:36:54",720.3,2,sebmontreal
5228,16675981,"Luca R","2026-09-24 19:58:06",720.0,2,luck058
5229,16662730,Operator-X,"2026-08-08 10:06:04",719.8,2,"jpexee,lavlinjaisonme23b250"
5230,16658709,"Kaggler Albafica","2026-08-06 10:05:39",719.8,2,kaggleralan
5231,16630758,"Keshav Joshi","2026-08-20 18:53:37",719.7,2,keshavjoshi22
5232,16847548,"Abhinav Sai Podugu","2026-09-10 06:59:09",719.4,2,abhinavsaipodugu
5233,16674367,"zongze Yan","2026-09-22 05:31:47",719.3,2,aaayan
5234,16740633,zhangtingyu11,"2026-08-20 04:34:32",719.2,2,zhangtingyu11
5235,16764081,"Demir Durbakayım","2026-08-29 21:21:56",718.8,2,sixcode
5236,16655828,ack07,"2026-08-06 04:52:07",718.8,2,its07amit10
5237,16665561,LuoXingda,"2026-08-07 08:22:42",718.7,2,luoxingda
5238,16811628,"Roger Yang","2026-09-08 03:12:08",718.7,2,rogerjyang
5239,16667503,Yuzuki,"2026-08-05 12:19:45",718.7,1,yuzukiohya
5240,16675203,HK,"2026-08-06 11:38:05",718.6,1,hizurukonishi
5241,16631016,木下陽平,"2026-08-06 14:52:20",718.6,2,yoheikaggle
5242,16916213,"Arjun Hans","2026-09-18 02:13:40",718.6,2,arjunhans
5243,16669491,"Parakh Sharma","2026-08-06 10:59:33",718.2,2,parakh20
5244,16659761,cheng-han,"2026-08-06 08:16:10",718.2,2,neoshie
5245,16665353,Sakshamm2587,"2026-08-17 16:50:43",718.1,2,sakshamm2587
5246,16732022,Mosamosa,"2026-09-03 00:42:06",717.4,1,mosamosa
5247,16823144,"AARAV JADAV","2026-09-25 15:49:10",717.1,2,aaravjadav
5248,16797134,Yooho0,"2026-09-07 16:25:05",717.0,2,yooho0
5249,16783131,Hawkeye,"2026-09-03 07:15:17",716.9,2,pragneshbagary
5250,16663178,Sm00thiecodes,"2026-08-07 11:00:29",716.9,2,sm00thiecodes
5251,16665169,"Rahul Barakoti ITM","2026-08-07 10:58:30",716.9,2,rahulbarakotiitm
5252,16639606,Peach2587,"2026-08-12 03:19:13",716.8,2,momokayoshioka
5253,16664775,DoubleZs,"2026-08-06 02:55:02",716.6,2,zhang051018
5254,16668060,"Spiros Skarmoutsos","2026-08-08 12:48:07",716.5,2,spirosskarmoutsos
5255,16793461,"Muhammad Hokimiyon","2026-09-13 14:49:54",716.4,2,muhammadhokimiyon
5256,16678965,MrGS,"2026-08-09 01:18:09",716.4,2,gabrielsderhll
5257,16870596,juicyorange,"2026-09-23 10:56:53",716.3,2,billychau1
5258,16623236,"Yonatan Nemtsov","2026-08-06 00:28:01",716.2,2,yonatannemtsov
5259,16858849,"Mark Diamond","2026-09-13 22:11:38",716.2,2,ponkle
5260,16894603,"Riyan Ahasan Araf","2026-09-16 02:11:59",716.0,2,riyanahasanaraf
5261,16668995,"MD.Firoj Khondokar","2026-08-06 11:05:13",715.8,2,mdfirojkhondokar
5262,16666242,"Lalwani Palash","2026-08-08 07:45:46",715.6,2,lalwanipalash
5263,16655353,"Pablo Montenegro","2026-08-09 02:13:47",715.4,2,pablomontalb
5264,16639280,"Faruk Çiftler","2026-08-09 11:27:46",715.2,2,abdullahfaruk
5265,16664368,"Ujjwal Reddy","2026-08-10 19:43:26",714.7,2,ujjwalreddyks
5266,16766274,"Satwato Dey","2026-09-24 20:50:22",714.7,2,satwato
5267,16635890,Poojan,"2026-08-06 09:44:47",714.7,2,poojankumartandel
5268,16632426,Santhana,"2026-09-25 02:27:30",714.7,2,santhanalekshmic
5269,16806251,"Seok Jun Kim","2026-09-08 07:51:16",714.4,2,sjk1225
5270,16641326,IY,"2026-08-05 19:27:31",714.2,2,irotrader
5271,16627751,lzeee,"2026-09-24 08:23:42",714.1,2,shzgong
5272,16676677,"Clark Stéphane","2026-08-07 18:58:45",713.6,2,clarkstphane
5273,16635612,Julian,"2026-09-19 07:12:08",713.6,2,mob404
5274,16734312,truebelief,"2026-09-09 00:11:41",713.4,2,truebelief
5275,16684470,"Soumi Ghosh","2026-08-11 10:59:07",713.3,2,soumighosh911
5276,16666301,"James Felipe","2026-09-03 05:42:24",713.2,2,jamesfelipe
5277,16663099,"Md. Abdullah Al Mamun","2026-08-05 02:16:43",713.2,2,mamun18
5278,16668668,"George Byne","2026-08-25 10:10:36",713.1,2,georgebyne
5279,16807875,meghana,"2026-09-10 23:44:54",713.1,2,meghana284
5280,16802341,"Yousef Turk","2026-09-08 04:00:16",713.1,2,yousefturk
5281,16939419,"vinh đặng","2026-09-24 03:43:18",713.1,2,vinhdang2006
5282,16875632,HexTex,"2026-09-12 04:34:49",713.0,2,hexlab
5283,16643922,Konstantin03,"2026-09-07 17:03:30",712.9,2,konstantin03
5284,16696895,BrokeFarm,"2026-09-25 11:08:09",712.6,2,brucec
5285,16762634,"Clement Ling","2026-09-11 08:49:26",712.6,2,clementling
5286,16656444,"christopher athans crow","2026-08-05 00:08:13",712.4,2,cchrisaa
5287,16662496,KhalidKhan,"2026-08-05 05:31:07",712.2,2,feedfeed
5288,16677675,"Roman Mironov","2026-08-06 17:30:28",712.0,1,helloromiro
5289,16668039,NotEnoughTokens,"2026-08-06 13:04:52",711.9,2,"adofai,jonghyun7777,taglink"
5290,16658717,"Aditya Kapadia","2026-08-06 14:32:16",711.9,2,adityakapadia2003
5291,16659565,Tekin24,"2026-08-13 21:25:21",711.4,2,tekin24
5292,16790145,"Casper du Jardin Kejser","2026-09-04 09:12:34",710.6,2,casperdujardinkejser
5293,16797785,"Vivek Verma","2026-08-31 20:36:45",710.5,2,cosmicescape
5294,16943185,VarchaswaV,"2026-09-22 21:48:07",710.5,2,varchaswav
5295,16623448,HoJoonYun,"2026-08-09 13:43:43",710.4,2,hojoonyun
5296,16681065,SYC,"2026-08-07 03:22:25",710.4,1,yichengs
5297,16724556,"Yixiang Wu","2026-09-23 03:00:15",710.3,2,yixiang964
5298,16699699,rudykane,"2026-08-11 16:06:34",710.3,2,rudykane
5299,16655534,"Charles Mills","2026-08-06 16:40:27",710.3,2,charlesqmills
5300,16936771,"Elvis Diniz","2026-09-22 10:49:26",710.1,2,elvisdiniz
5301,16652900,cjen07,"2026-08-07 23:33:05",710.1,2,cjen07
5302,16729564,"Eirik Tveiten","2026-08-19 13:04:02",709.9,2,eiriktveiten
5303,16663052,gh,"2026-09-13 21:30:08",709.6,2,grzegorz
5304,16666609,"visit palja.co","2026-08-15 03:34:49",709.4,2,sselrats
5305,16656345,sunchang71,"2026-08-05 14:05:13",709.3,2,sunchang71
5306,16654209,"Nirav Mehta 1612","2026-08-10 15:41:47",709.3,2,niravmehta1612
5307,16668357,"B.Pardha Manoj Reddy","2026-08-24 16:57:25",709.2,2,pardhamanojreddy
5308,16753826,"Jai Mata Di","2026-08-31 10:09:11",709.2,2,mrigshira
5309,16652896,"R^2 negative","2026-08-04 23:14:38",709.1,2,rktqwe
5310,16722112,nyori,"2026-09-23 16:27:08",709.1,2,nyoriworks
5311,16658265,kraken,"2026-09-05 15:23:26",708.8,2,krn0209
5312,16675027,namanbnsl,"2026-08-06 13:02:52",708.3,2,namanbnsl
5313,16744640,"Marcin Skalski","2026-09-01 18:25:08",708.1,2,marcinskalski
5314,16670765,"tensor choko","2026-08-05 23:03:23",708.0,1,tensorchoko
5315,16621557,"Vijay Krishna Lanka","2026-09-24 02:48:16",707.8,2,vijaykrishnalanka
5316,16623697,yuto083,"2026-09-26 03:52:32",707.8,2,yuto0712
5317,16629983,Amundsen,"2026-08-05 06:51:46",707.7,2,amundsen
5318,16635159,Abdulsamad,"2026-08-06 11:48:04",707.6,2,abdulsamadjod1234
5319,16623665,Giba,"2026-08-05 22:44:41",707.3,2,titericz
5320,16728345,ron,"2026-09-19 21:49:15",707.2,2,romart
5321,16664170,SpookyHippo,"2026-08-06 02:44:29",707.1,2,spookyhippo
5322,16698538,"Haozhe Wang 2022","2026-08-24 00:50:02",707.1,2,haozhewang2022
5323,16924409,Obsidian,"2026-09-25 21:04:28",707.0,2,edwardkhunt
5324,16698045,"Vikhas S G","2026-09-07 06:12:25",706.9,2,vikhassg
5325,16631261,Monster,"2026-08-04 15:46:32",706.9,2,tmtngtrng
5326,16745450,GusNicho,"2026-08-24 03:30:55",706.9,2,pineapplepencil
5327,16713463,"Dillen Perumal","2026-08-29 16:39:37",706.7,2,dxllen
5328,16665256,zhoujqi,"2026-08-06 18:31:31",706.7,2,zhoujqi
5329,16881685,"Vladislav Mlechko","2026-09-12 16:41:48",706.5,1,vladislavmlechko
5330,16669282,sky233,"2026-08-06 17:06:04",706.4,2,sky233
5331,16650396,RaymondZhao0304,"2026-08-04 00:39:30",706.4,2,raymondzhao0304
5332,16633240,Igor,"2026-09-20 01:59:30",706.2,2,igor14497
5333,16807575,Rf28,"2026-09-03 10:29:55",706.1,2,rehyyy
5334,16862705,karlmorg37,"2026-09-22 20:10:48",705.7,2,karlmorg37
5335,16727696,Milkman,"2026-08-19 15:05:17",705.5,2,talhasahi
5336,16655114,"Hippo Farming Ltd.","2026-09-21 15:22:01",705.5,1,felixmneumann
5337,16638909,mbscgi,"2026-08-04 22:48:03",705.4,2,mbscgi
5338,16658384,UwU,"2026-08-10 04:20:44",705.3,2,sewitz
5339,16818086,wwewwt,"2026-09-08 05:44:07",704.9,2,wwewwt
5340,16636148,SanggeunParrk,"2026-08-05 04:04:32",704.8,2,sanggeunparrk
5341,16770724,Louras,"2026-08-26 09:49:05",704.7,2,louras
5342,16866097,"Pradeep Kumar Mahato","2026-09-16 14:21:29",704.5,2,pradeepkr12
5343,16642154,Burkina_team_mate,"2026-08-06 15:30:54",704.4,2,"belemkalilou,tedjosegregorybere"
5344,16687135,"Kavya Bhandari","2026-08-22 17:20:43",704.4,2,kavyabhandari1998
5345,16702796,Yavuz.YILMAZ,"2026-09-07 12:22:45",703.9,2,yvztpe
5346,16655339,harmo-miu,"2026-08-23 05:57:37",703.9,2,harmomiu
5347,16825081,huohuaya,"2026-09-09 06:09:50",703.6,2,huohuaya
5348,16632694,8ct10nz,"2026-08-04 12:02:49",703.5,2,act10nz
5349,16705328,"Ester Arias","2026-09-26 00:07:36",703.4,2,esterarias
5350,16643095,ckyasb,"2026-08-05 14:39:42",703.4,2,ckyasb
5351,16624600,ariacat,"2026-08-06 07:16:44",703.1,2,ariacat
5352,16664291,"William Dennis","2026-08-11 07:57:27",703.1,2,williamdennis
5353,16693164,nuggettttt,"2026-08-09 02:14:22",703.0,2,nuggettttt
5354,16664300,"swajay nandanwade","2026-08-05 04:57:10",702.9,2,swajaynandanwade
5355,16892727,Pi,"2026-09-26 02:53:00",702.8,2,liemdt
5356,16726025,"Yanrun Chen","2026-09-07 12:15:23",702.6,2,yrchen98
5357,16644390,"Manan Gupta","2026-08-05 17:08:32",702.5,2,obirdy
5358,16659217,Dynamic_fire07,"2026-08-05 18:51:51",702.5,2,"dynamicfire07,tryingmybest123"
5359,16625013,sash,"2026-08-05 01:00:10",702.4,2,sash2104
5360,16667101,SundharSteyn,"2026-09-23 16:27:30",702.2,2,sundharsteyn
5361,16690889,"B A S E L #","2026-08-08 14:47:22",702.1,2,basselll
5362,16659676,Light,"2026-08-05 03:07:39",701.9,2,aadarshashrestha007
5363,16683764,bf01,"2026-08-21 21:19:05",701.5,2,jalperov
5364,16677965,felipe9695,"2026-08-12 21:23:05",701.4,1,felipe9695
5365,16832844,aliREZA,"2026-09-17 23:55:15",701.0,2,afazlik1
5366,16634752,"Praise the SHOVEL","2026-08-03 16:16:28",700.9,2,barnobarno
5367,16658723,"Waleed Alkhateeb","2026-08-05 13:31:44",700.8,2,waleedalkhateeb
5368,16655294,Mobzya,"2026-08-26 23:11:15",700.7,2,mobzya
5369,16748741,"pt ptao","2026-08-26 12:50:45",700.7,2,ptptao
5370,16658684,"Takayuki Michishita","2026-09-13 11:00:03",700.6,2,takayukimichishita
5371,16691938,"PRASHANT SUTHAR11","2026-09-25 12:12:57",700.3,2,prashantsuthar11
5372,16670304,"Daniel Tomaro1","2026-08-09 03:03:06",700.3,2,danieltomaro1
5373,16939844,YH,"2026-09-23 00:23:49",700.3,2,febyeji
5374,16839782,"mou chen111","2026-09-05 15:00:04",700.0,2,mouchen111
5375,16623969,"Akira Imae","2026-09-21 07:19:19",700.0,2,imaeakira
5376,16722341,"Pham Huu Bao Chung","2026-09-16 08:57:18",699.6,2,phamhuubaochung
5377,16657294,"Ragul M","2026-08-04 07:08:51",699.4,2,ragul7002
5378,16623798,RuiKimura4,"2026-08-27 00:30:45",699.4,2,ruikimura4
5379,16786115,"Andy Phan","2026-09-07 01:10:28",699.0,2,andyphan
5380,16669400,"Martin Konôpka","2026-08-06 12:16:13",699.0,2,rumburakk
5381,16698822,JJN8825,"2026-09-25 09:07:34",698.9,2,jjn8825
5382,16666163,"Muthuraman Raman 7","2026-08-06 05:25:09",698.9,2,muthuramanraman7
5383,16641093,"Satish ","2026-08-20 04:18:42",698.8,2,satishkommanaboina
5384,16656009,"Steven Liu","2026-08-31 06:25:02",698.6,2,thornkey
5385,16644861,"kanzaler ensemble","2026-08-11 14:30:36",698.5,2,kanzalerensemble
5386,16673682,MJ.LIU.T,"2026-08-06 08:14:05",698.5,1,mjliut
5387,16654006,"Harish Dhanarajan","2026-08-03 17:23:50",698.4,1,harishdhanarajan
5388,16848841,Spacejam,"2026-09-07 16:15:52",698.2,1,spacejam1221
5389,16823948,"Alexey Stepanov","2026-09-04 21:57:25",698.0,2,alexey0508
5390,16729515,"Emmanuel Tolani","2026-08-29 15:03:36",697.7,2,emmanueltolani
5391,16866109,AAA-建材批发旭哥,"2026-09-12 03:44:40",697.6,2,aaawenxu
5392,16929792,"Ganesh K","2026-09-22 19:25:02",697.4,2,ganeshk2846
5393,16642207,"Nerijus Areska","2026-08-04 00:01:32",697.2,2,nerijusareska
5394,16659435,Zerabyte_X,"2026-08-04 09:52:16",697.1,1,zerabytex
5395,16699080,"Karthikeya Thatipamula","2026-09-12 04:52:19",697.1,2,karthikeya18
5396,16633808,mmath2,"2026-08-07 10:52:38",697.0,2,mmath2
5397,16661019,lmq,"2026-08-04 14:47:23",696.9,2,lmminhquang
5398,16658562,mashBrian254,"2026-08-04 10:48:33",696.9,2,mash1990
5399,16765310,"Aria Muse","2026-09-26 00:17:30",696.7,2,ariamuse
5400,16656304,"Gururaj Athani","2026-09-12 02:26:55",696.6,2,gururajathani
5401,16926108,"Pavan G","2026-09-26 03:18:13",696.4,2,exemplar
5402,16735488,"arhaan rai","2026-09-01 19:18:46",696.3,2,arhaanrai
5403,16841816,JasonDTao,"2026-09-14 06:38:01",696.2,2,jasondtao
5404,16661010,"Dante Dyches-Chandler","2026-08-05 04:36:09",696.1,2,dantedycheschandler
5405,16665399,"Shivam Shrivastava","2026-08-13 15:32:37",695.9,2,shivamshrivastava180
5406,16661410,tmxdlr,"2026-08-05 12:40:54",695.9,2,tmxdlr
5407,16660819,nya654nya,"2026-09-14 08:30:21",695.9,2,nya654nya
5408,16656934,"Aleks Kolesnik","2026-09-25 08:58:27",695.7,2,aleksandrkolesnik
5409,16938353,"Damilola Oladapo","2026-09-22 04:52:47",695.7,2,wizardskull
5410,16650018,EiMengLove,"2026-08-05 10:27:31",695.7,2,konicty
5411,16772626,"Dr. Mikholae Hutchinson","2026-09-05 19:48:53",695.6,2,drmikholaehutchinson
5412,16656171,ishu,"2026-08-04 03:27:45",695.5,2,ishhverma
5413,16711556,"Avvy Lavoienne","2026-08-18 04:44:16",695.4,2,avvylavoienne
5414,16673328,"Preetham Prasanna","2026-09-25 20:56:28",695.1,2,preethamprasanna
5415,16664400,Boruiyang21,"2026-08-05 14:56:03",695.0,2,boruiyang21
5416,16757741,"Malte Bories","2026-08-25 20:08:35",695.0,2,maltebories
5417,16722117,"Zhou Zhengyu","2026-09-25 14:47:07",694.7,2,"yanwenwang921,zhouzhengyu118"
5418,16632250,"Mesut Gözdemir","2026-08-05 17:54:14",694.4,2,gfkfu123
5419,16765743,page0526,"2026-08-26 02:08:11",694.4,2,page0526
5420,16655712,"Smart Manoj","2026-08-04 01:55:13",694.3,2,smartmanoj
5421,16656420,"Aditya Raj #2","2026-08-18 16:37:49",693.8,2,optimus2005
5422,16664439,"Tony T","2026-09-10 12:16:04",693.7,2,thekke
5423,16770912,IsonaEi,"2026-08-26 12:48:48",693.6,1,isonaei
5424,16663273,"Mason Frias","2026-08-06 22:57:08",693.6,2,masonfrias
5425,16664819,"SUBHASRI  S","2026-09-20 04:45:35",693.5,2,subhasri2007
5426,16716522,"Lavanya Bacche","2026-08-17 08:43:40",693.4,1,lavanyabacche
5427,16654271,"Sophie and Yanna","2026-08-19 17:08:47",693.3,2,"morty3500,sophanie"
5428,16694399,"Sujith Kumar Sashikanth","2026-08-10 00:01:32",692.8,2,sujithsashi
5429,16656170,"Chakrabhuana V  Deva","2026-08-05 06:54:50",692.7,2,chakrabhuanavdeva
5430,16835371,"Eli Ziv","2026-09-06 00:11:52",692.5,2,eliziv027
5431,16661670,sansm1,"2026-08-04 16:54:59",692.2,2,sansm1
5432,16662904,Bharathms1902,"2026-08-08 11:41:54",692.1,2,bharathms1902
5433,16715255,"xiaocai liu","2026-09-13 19:19:43",692.0,2,xiaocailiu
5434,16658048,"Joel jaison 391","2026-08-05 02:31:57",692.0,2,joeljaison391
5435,16662872,"Artem Garbart","2026-08-05 09:41:29",692.0,2,artyomgarbart
5436,16654491,"Amedeo Biolatti","2026-09-25 19:08:34",691.7,2,abiolatti
5437,16663591,"Joseph Franck","2026-08-25 10:07:56",691.7,2,josephfranck
5438,16885658,Mio,"2026-09-25 03:05:40",691.4,2,mio114
5439,16706523,"Aussie lover","2026-09-24 23:38:00",691.2,2,aussielover
5440,16772394,TNWL,"2026-09-25 21:55:36",691.0,2,vuminh
5441,16657817,"rohith sai midigudla","2026-08-05 12:36:40",691.0,2,rohithsaimidigudla
5442,16651180,yangyefd,"2026-08-03 08:42:57",690.6,1,yangyefd
5443,16666245,"Cagatay Morcicek","2026-08-13 06:53:40",690.4,2,thisismylabs
5444,16663407,Denis,"2026-08-11 17:42:21",690.4,2,matsiusheuski
5445,16637519,Temprao,"2026-08-03 12:16:43",690.4,1,maruimono928
5446,16679144,つるげーねふ,"2026-09-25 05:59:08",690.0,2,atom7666
5447,16628727,dominyellow,"2026-08-04 11:44:21",689.9,2,dominyellow
5448,16798401,"Hunter Mimaroglu","2026-09-02 22:00:37",689.9,2,huntermimaroglu
5449,16794125,"Xero Scythe","2026-09-02 18:57:39",689.8,2,xeroscythe
5450,16886420,infoproje,"2026-09-13 12:58:25",689.8,2,infoproje
5451,16655530,AlivRick,"2026-08-05 16:18:54",689.6,2,alivrick
5452,16688884,"As Wasti","2026-08-14 01:34:26",689.5,2,aswasti
5453,16665293,"ADITYA BEECHA","2026-08-10 05:16:38",689.5,2,bechaaditya
5454,16898029,"Leonid Kononenko","2026-09-18 04:47:05",689.1,1,"aleksandraavetisova,leonidkononenko"
5455,16654743,"Jaume Batlle i Ferrer","2026-09-25 06:18:38",688.7,2,jaumebatlleiferrer
5456,16690050,PersistentLife,"2026-08-08 17:16:17",688.6,2,persistentlife
5457,16678250,"RMS Danaraj","2026-09-08 19:52:43",688.5,2,salorajan
5458,16656503,"Thiago Munhoz da Nóbrega","2026-08-04 20:47:37",688.3,2,thiagommtmn
5459,16935335,"Joshua Attridge","2026-09-22 07:07:14",688.2,2,joshuaattridge
5460,16666900,sooflee,"2026-08-12 14:19:50",688.2,2,sooflee
5461,16652560,"Ahmed Samir","2026-08-03 12:15:01",688.0,2,ahmedsamir1598
5462,16940857,"Melon Man","2026-09-26 03:05:09",687.9,2,alvinandrada
5463,16630760,dkzmn,"2026-09-04 08:59:03",687.8,2,dmkzmn
5464,16758383,"Tong Jing Yen","2026-09-03 20:42:50",687.7,2,tongjingyen
5465,16667205,"Andrew Lee","2026-08-06 11:16:52",687.2,1,andrewlee23023
5466,16658852,"Chhaya Awasthi","2026-08-04 09:37:05",687.1,2,chhayaawasthi
5467,16849443,"Abhishek Kumar Gupta","2026-09-08 17:27:49",687.1,2,guptabhishekumar
5468,16876275,"JOP OK","2026-09-18 18:09:43",686.9,2,fuveo24
5469,16792329,"Kumkum Barot","2026-09-25 12:33:29",686.7,2,kumkumbarot02062003
5470,16639330,"Dead Signal Works","2026-08-02 12:40:32",686.6,2,brooklynhalmstad
5471,16677188,Nicooni,"2026-08-06 16:35:01",686.6,1,nicooni
5472,16660939,"Quenux Studio","2026-09-03 17:07:26",686.6,2,dieguis1976
5473,16706993,Celibistrial,"2026-09-03 20:28:20",686.5,2,celibistrial
5474,16654726,"James Mancillas","2026-08-07 15:46:12",686.5,2,jamesmancillas
5475,16660824,"Stitch Clarity","2026-08-04 15:27:53",686.5,2,stevenanctil
5476,16650701,"Oliver Wang","2026-08-03 16:17:36",686.4,2,oliverwang15
5477,16774787,wpk1122,"2026-08-29 01:54:49",686.2,2,wpk1122
5478,16659033,"Farzana Shaju","2026-08-05 07:18:29",686.0,2,"farzanashaju,shaikhharisjamal"
5479,16658616,"Amitesh Chaudhary","2026-08-11 10:04:02",686.0,2,amiteshchaudhary
5480,16721639,"Ankit Sain","2026-08-25 01:14:02",685.9,2,thisankitsain
5481,16644882,"SAMOILOV MIKHAIL","2026-08-03 02:10:04",685.9,1,samoilovmikhail
5482,16655588,"The Devil's World 678","2026-08-07 10:39:23",685.3,2,thedevilsworld678
5483,16805598,"I'm just trying out here QQ","2026-09-02 22:31:17",685.0,2,zadatt
5484,16659045,Rai1,"2026-08-08 11:53:28",684.9,2,rai2003
5485,16627023,Farrmer,"2026-08-05 08:02:35",684.9,2,noahfarr
5486,16660853,"lxh unbound","2026-08-05 00:02:02",684.9,2,lxhunbound
5487,16758889,bomboclat,"2026-08-30 08:52:08",684.5,2,sstprk
5488,16644774,lungjyuanz,"2026-08-07 01:03:20",684.2,2,lungjyuanz
5489,16939130,BenRed1,"2026-09-24 08:09:06",684.1,2,benred1
5490,16625663,sota1111,"2026-09-03 01:43:41",684.1,2,sota1111
5491,16637797,"Xiangchen Li","2026-08-04 09:47:59",684.0,2,xiangchenli07
5492,16923258,nono00,"2026-09-20 16:43:09",683.9,2,nono00
5493,16654419,kreiack,"2026-08-09 23:47:00",683.8,2,kreiack
5494,16734672,"Artom  Wade","2026-09-18 19:01:18",683.8,2,artomwade
5495,16796145,Qian,"2026-09-01 15:04:00",683.8,2,"aurelianz,qianyuchaoni"
5496,16770972,"Victoria Makarskaia","2026-08-27 12:28:53",683.3,2,victoriamakarskaia
5497,16622940,"Enrico Ambrosio","2026-08-06 19:56:30",683.3,2,enricoambrosio
5498,16632055,Bugra0,"2026-08-03 22:44:42",683.1,2,bugra0
5499,16644221,"Guzha Panashe H","2026-08-22 15:34:41",683.1,2,guzhapanasheh
5500,16623540,TheDuck,"2026-08-22 15:50:49",682.9,2,jaxroth
5501,16670099,"Jon Snyder","2026-08-06 00:27:21",682.6,2,snyderj1515
5502,16945354,"Aakriti Rao","2026-09-23 06:57:11",682.5,2,aakriti0110
5503,16669052,"Md. Asif Hossain","2026-09-18 05:29:41",682.4,2,sabuktagin
5504,16881370,"xianhao Lin6077","2026-09-15 12:39:40",682.4,2,xianhaolin6077
5505,16654705,"Abu Saleh","2026-09-09 17:01:47",682.3,2,salehjunior
5506,16654946,AliLucky,"2026-08-05 15:07:59",682.3,2,alilucky
5507,16654153,"Mateus Cruz, Msc.","2026-08-03 17:44:02",682.2,1,matteuscruz
5508,16623389,"Mominul Islam Hemal","2026-08-02 11:23:03",682.2,2,mominulislamhemal
5509,16655396,Tesla1AC,"2026-08-08 08:18:09",682.2,2,mathornton
5510,16669227,"Tom Dufresne","2026-08-07 11:17:39",681.8,2,tadufre
5511,16665994,Rakhansyah,"2026-08-25 13:08:20",681.8,2,rakhansyah
5512,16644415,Ztrk,"2026-09-03 17:04:24",681.7,2,ztrk123
5513,16651613,"Devin Zhou","2026-08-05 02:27:36",681.7,2,devinzhou
5514,16655493,TheDigitalCK,"2026-08-07 12:31:58",681.6,2,thedigitalck
5515,16734511,"Marcin Salaterski","2026-09-16 23:18:31",681.5,2,marcinsalaterski
5516,16695555,S4K50M,"2026-08-12 14:39:41",681.4,2,setiasaksham
5517,16667730,"Surya Vijjeswarapu","2026-09-03 18:49:07",681.4,2,suryavijjeswarapu
5518,16949731,"Engel Ai Labs","2026-09-24 00:56:37",681.2,2,joshuaziese
5519,16658569,"Danu A.","2026-08-05 13:12:09",681.1,2,eu1234
5520,16676054,"Vladislav Konstantinov","2026-08-08 09:33:35",681.1,2,vladkonstantinov
5521,16664653,Adir,"2026-08-26 00:49:46",681.0,2,adiradam
5522,16668633,peien5,"2026-08-06 14:44:47",680.9,2,peien5
5523,16656709,"Anh-Vu Mai-Nguyen","2026-09-21 21:06:46",680.9,2,mainguyenanhvu
5524,16883264,"João Felipe Aguiar","2026-09-13 15:32:14",680.4,2,joofelipeaguiar
5525,16632686,strike,"2026-08-06 06:21:38",680.2,2,nicolia
5526,16925283,"Carlos Gallego Menor","2026-09-19 19:19:37",680.1,2,carlosgallegomenor
5527,16654235,"Mwanza Wambua","2026-08-06 10:16:13",679.8,2,mwanzawambua
5528,16653122,Wei_Chance,"2026-08-23 10:25:14",679.8,2,bystanderq
5529,16635680,starclan,"2026-08-14 17:50:55",679.7,2,starclan
5530,16659874,"ding yumeng","2026-08-26 11:59:06",679.4,2,dingyumeng
5531,16876448,"Max Harvestappen","2026-09-23 05:18:56",679.3,2,ryosukefujita
5532,16677752,"Senya Ka","2026-08-08 19:16:00",679.3,2,m1greatcool
5533,16639567,YassY_The_AlchemYst,"2026-08-11 15:07:03",679.1,2,yassineelhallaoui
5534,16661532,"Fedor Baart","2026-08-05 12:34:21",678.9,1,fedorbaart
5535,16672672,Koiiiiiopen,"2026-08-08 06:25:21",678.5,2,koiiiiiopen
5536,16845284,KD0G22,"2026-09-07 20:07:47",678.5,2,kd0g22
5537,16719793,dhuruvapriyan,"2026-08-14 16:06:42",678.5,2,dhuruvapriyan
5538,16672264,iiTz_AK,"2026-08-15 12:18:44",678.3,2,iitzak
5539,16632536,"Aleksander Sachuk","2026-08-02 21:33:27",678.1,2,alexsssachuk
5540,16668168,"Ashutosh Ghodasara","2026-09-25 17:09:23",678.1,2,"asce09,attiraina,hashlord"
5541,16716089,wuzixiao,"2026-09-08 03:36:02",678.1,2,wuzixiao
5542,16949981,"Yi Yu","2026-09-25 04:16:37",678.1,2,yy5652
5543,16660376,"Ahmed Sedky 0100","2026-08-06 20:56:37",678.1,1,ahmedsedky0100
5544,16767453,IterumVici,"2026-09-06 19:28:10",677.8,2,iterumvici
5545,16634213,kkunizaw,"2026-08-03 20:47:58",677.8,2,kkunizaw
5546,16739551,arao,"2026-08-28 21:24:55",677.8,2,anjanarao
5547,16656308,"Srishanth Sriramula","2026-08-08 09:02:13",677.7,2,srishanthsriramula
5548,16663187,"Teddy McBride","2026-08-07 03:59:53",677.6,2,tedcr100
5549,16667547,"miaoqing long","2026-08-06 03:31:43",677.6,2,miaoqinglong
5550,16944040,guarva,"2026-09-25 10:27:00",677.3,2,guarva
5551,16709304,"Aleksey SCHUKIN","2026-09-25 20:42:14",677.3,2,alekseyschukin
5552,16669164,コノウイ,"2026-09-23 16:51:48",677.1,2,nickhu0414
5553,16621709,smlcr,"2026-08-04 19:35:19",677.1,2,simulacri
5554,16653958,seowoohyeon,"2026-08-06 11:48:06",676.7,2,seowoohyeon
5555,16792155,abc,"2026-09-03 06:45:13",676.5,2,"datqg0,quangnguyn132"
5556,16819277,"Enshi Zhang","2026-09-05 16:26:29",676.5,2,enshizhang31
5557,16700265,Reesav,"2026-08-10 14:15:06",676.2,2,reez08
5558,16840641,"Yukar Fu","2026-09-26 03:35:45",676.1,2,yukarfu
5559,16663096,Agola_dasacic,"2026-08-04 20:07:50",675.9,2,mnu303
5560,16941830,"Yasin Baykal","2026-09-23 09:27:10",675.8,2,godmethium
5561,16679861,Pandabueno,"2026-08-12 15:51:48",675.6,2,ronaldomonzn
5562,16682353,"counter puncher","2026-09-16 13:38:14",675.6,2,ahmadabdoumalickdiop
5563,16738506,"Rok Sechs","2026-09-16 21:43:58",675.6,2,rokshimiz
5564,16914081,"Ashmit Janjirkar","2026-09-25 07:33:21",675.6,2,ashmitjanjirkar
5565,16774682,"Tatsuhito Yoshikawa","2026-09-04 02:14:45",675.6,2,tatsuhitoyoshikawa
5566,16709136,ryanocm,"2026-08-13 15:08:49",675.2,2,ryanong
5567,16667516,Rosastella,"2026-08-05 16:00:48",674.7,2,rosastella
5568,16718579,"Nazariy Karpov","2026-08-18 07:28:29",674.5,2,nazariykarpov
5569,16657077,_LT_zyc,"2026-08-05 01:01:42",674.0,1,zyczyc
5570,16641489,suminshim,"2026-08-03 06:24:39",674.0,2,suminshim
5571,16798334,"Gabriel othávio","2026-09-02 22:08:55",674.0,2,gabrielothvio
5572,16736314,"wuret henr","2026-08-20 09:10:48",673.6,2,wurethenr
5573,16700298,tmgf,"2026-09-25 08:49:07",673.4,2,tiagomgfernandes
5574,16634036,"Emanuel Lázaro","2026-08-02 14:55:30",672.7,2,emanuellcs
5575,16659996,Schwifty,"2026-08-12 20:01:01",672.1,2,schwiftyc137
5576,16664221,Anish,"2026-08-14 00:53:48",672.0,2,anishmunje
5577,16882072,"Ahmed Isa Zaweel","2026-09-13 09:57:29",672.0,2,ahmedisazaweel
5578,16637489,"Gopal Krishna Gundumalla","2026-08-02 12:39:17",671.8,2,gopalkrishnag
5579,16658264,XiweiZhou,"2026-09-06 23:35:58",671.7,2,xiweizhou
5580,16919251,"Eric Fan","2026-09-19 19:04:44",671.6,2,ericfan1110
5581,16730180,zshandy,"2026-09-08 04:57:54",671.5,2,zshandy
5582,16644566,"Guangjian Dong","2026-08-02 23:59:18",671.5,1,guangjiandong
5583,16863492,"Andrew Kalita","2026-09-10 03:32:25",671.4,2,andrewkalita
5584,16733131,Rad,"2026-09-23 09:12:43",671.1,2,vnt174
5585,16664565,"Wayne Chou","2026-08-05 12:30:14",670.9,2,ambientz
5586,16665764,"izh yng","2026-08-21 06:16:21",670.9,2,izhyng
5587,16747914,"Token's Expired","2026-08-22 16:25:39",670.6,2,"adeebshekh,akratisingh0101,shaankapoor21"
5588,16875907,"Yash Mathur","2026-09-18 16:13:00",670.5,2,yashmathur03102001
5589,16707034,"Muhammed Ali Kul","2026-09-15 14:52:53",670.3,2,muhammedalikul
5590,16763865,SydneyC666,"2026-08-26 08:50:40",670.3,2,sydneyc666
5591,16652339,"Mohamed Amine Rebhi","2026-08-03 16:03:07",670.1,2,mohamedaminerebhi
5592,16846490,MazharShaikh,"2026-09-12 04:53:27",670.1,2,mazharshaikh
5593,16634022,"Cihan Atak","2026-08-02 16:00:43",670.0,2,cihanatak
5594,16646360,"Asrith Singampalli","2026-08-03 08:46:59",669.4,2,asrithsingampalli
5595,16658571,"Yusuke Sato","2026-08-27 03:06:42",669.3,2,wanko123
5596,16693903,"Alief Randiansyah","2026-08-09 09:37:39",668.9,1,"aliefrandiansyah,salsaaghnia"
5597,16775250,Junrong,"2026-08-30 00:00:13",668.8,2,fjhgjf
5598,16907246,VROPEXT,"2026-09-16 18:46:53",668.7,2,vropext
5599,16804094,faheem,"2026-09-22 15:33:10",668.7,2,faheemkhaskheli9
5600,16640877,Yorix.um,"2026-08-02 13:31:28",668.3,1,yorixum
5601,16888646,tinaztepec,"2026-09-19 16:21:38",668.2,2,tinaztepec
5602,16880648,"Akash Pattani","2026-09-19 18:56:46",668.0,2,akashpattani
5603,16636105,"Md. Mehedi Hasan","2026-08-01 14:03:03",667.8,2,mehedi052
5604,16943936,"Wessel van Dijke","2026-09-24 21:23:34",667.7,2,wesselvandijke
5605,16661685,"Lê Ngọc Lâm","2026-08-13 15:29:40",667.7,2,lengoclam
5606,16655596,Bela,"2026-08-04 01:18:06",667.7,1,istribaik
5607,16734321,SubratP85,"2026-08-25 21:03:35",667.2,2,subratp85
5608,16850098,"Bob Gerry","2026-09-09 05:35:31",667.0,2,bobgerry
5609,16670365,"Konstantin Alekseev","2026-08-10 10:58:09",667.0,2,alekskst
5610,16916717,Rubén,"2026-09-18 18:44:49",666.9,2,rucamaba
5611,16784599,"Engineer Lisa","2026-09-25 23:56:44",666.8,2,lisamhines
5612,16632571,"nishchal jain","2026-08-03 07:27:14",666.6,2,nishchaljainds
5613,16703203,"Hamza Shafik ","2026-08-17 23:48:06",666.5,2,hamzashafik12
5614,16715399,"Julia Chien","2026-09-05 08:21:06",666.4,2,juliachien
5615,16655603,"Veeranuch Leelalai","2026-08-11 12:55:29",666.4,2,veeranuchleelalai
5616,16633083,bsenst,"2026-08-07 12:38:47",666.1,2,bnzn261029
5617,16943704,"Qutaiba Kaleem","2026-09-25 22:00:03",666.1,2,qutaibakaleem
5618,16622760,yunus_bayram_kagle,"2026-08-04 07:49:00",665.9,2,yunusbayramkagle
5619,16717414,"Akshit Sivaraman","2026-08-13 14:43:40",665.7,2,akshitsivaraman
5620,16666033,"Shota Takano","2026-09-25 06:28:54",665.6,2,shotatakano
5621,16641068,"Rahul Ray","2026-08-05 14:27:07",665.3,2,rahulray5
5622,16644185,"Mimic Mohsin","2026-08-02 18:38:46",665.1,1,mimicmohsin
5623,16658261,"Manan Khanna","2026-08-04 07:41:27",665.0,1,manankhanna0
5624,16755398,takataok_42,"2026-09-25 18:19:32",665.0,2,takataok42
5625,16639471,CaminoLSY,"2026-08-05 01:22:09",664.2,2,lsy37521
5626,16637340,the_vinci_coder,"2026-08-03 16:27:16",663.8,2,lokijt
5627,16872090,DanielAarhus,"2026-09-17 07:10:37",663.8,1,danielaarhus
5628,16661376,"YERMES AMINE","2026-08-04 14:13:45",663.6,1,yermes
5629,16749524,zzholo,"2026-09-06 00:16:17",663.6,1,zzholo
5630,16680239,"Marinto Richee J","2026-08-12 08:21:02",663.5,2,marintoricheej
5631,16730199,kawanot,"2026-08-24 09:15:18",663.2,2,kawano
5632,16688868,AlbanMaurel7,"2026-08-14 01:34:07",663.2,2,albanmaurel7
5633,16672035,diet1236364,"2026-08-09 23:37:45",662.9,2,kosuke123
5634,16639473,"Jeff Borschowa","2026-08-02 00:39:11",662.9,2,jeffborschowa
5635,16764445,sukesuke012,"2026-09-03 01:40:16",662.8,2,sukesuke012
5636,16775353,"YK Pan","2026-09-14 11:19:52",662.8,2,vansher
5637,16635127,"Sergey Bryansky","2026-08-26 20:39:37",662.8,2,sggpls
5638,16691481,"Aditi Salvi","2026-08-18 15:24:53",662.6,2,aditisalvi04
5639,16894008,"Marcus Jamieson","2026-09-25 10:34:42",662.4,2,marcusjamieson
5640,16697844,Noobykiller16,"2026-08-15 06:08:27",662.1,2,noobykiller16
5641,16660470,"Oğuz Kaan Mavice","2026-08-28 09:39:58",661.6,2,oguzkaanmavice
5642,16760087,Slizzle,"2026-08-30 04:37:40",661.4,2,sloan98
5643,16698596,ymok,"2026-09-12 02:00:52",661.4,2,iromao
5644,16678666,"Rudranarayan Pradhan","2026-08-09 12:28:32",661.4,2,itzrnp
5645,16659174,Soulwood,"2026-09-06 04:56:32",661.3,2,soulwood
5646,16699488,"Kelvin Lai","2026-09-25 02:56:40",661.1,2,kelvin84hk
5647,16670424,"Josep Audenis","2026-08-11 17:52:07",660.6,2,josepaudenis
5648,16775210,"Daniel LPD","2026-09-10 14:44:52",660.5,2,daniellpd
5649,16639719,JASONSLIMWONG,"2026-08-02 08:11:22",660.4,2,jasonslimwong
5650,16738239,"Yaseen Shah7897","2026-09-08 05:57:15",660.4,2,yaseenshah7897
5651,16634876,MakiMakiAi,"2026-08-02 07:52:40",660.3,2,makimakiai
5652,16662633,"Shekhar Suman","2026-08-15 19:17:49",660.3,2,shekharvc
5653,16675452,Vladislav,"2026-08-12 13:58:35",660.1,2,simmeringoverstep
5654,16668021,"bali rasem","2026-08-07 16:15:13",659.7,2,balirasem
5655,16932197,SamarthPD-21,"2026-09-25 13:57:11",659.6,2,samarthpd21
5656,16759229,"Samuel Kurabachew","2026-08-28 22:17:20",659.5,2,samuelkurabachew
5657,16622312,"Malak Reda","2026-08-03 09:02:41",659.3,2,malak457
5658,16661585,"Fully Liquidated","2026-09-01 01:57:16",659.1,2,kriskilgroe
5659,16677514,mayoristaNLP,"2026-08-09 16:33:23",658.8,2,mayoristanlp
5660,16804027,ceir-ceir,"2026-09-03 19:11:09",658.7,2,ceirceir
5661,16884517,"Fizie Fulumaka","2026-09-14 07:46:31",658.6,2,fiziefulumaka
5662,16640811,cyberia,"2026-08-02 09:12:23",658.3,1,cyberia
5663,16639810,gytdrop,"2026-08-14 12:47:28",658.2,2,"kartikeyrajbhar,shaikaktharali"
5664,16668361,NinhNguyen,"2026-09-12 12:55:39",657.9,2,ninhnt110695
5665,16924892,"cheng chen","2026-09-26 02:32:48",657.8,2,icebruce
5666,16663444,Thomas,"2026-08-11 04:21:42",657.5,2,tartieret
5667,16661353,mithi,"2026-08-11 20:04:07",657.4,2,singhaleo
5668,16809515,"Александр Трифонов","2026-09-12 20:13:15",657.3,2,cybrvibe
5669,16663933,AnshV1,"2026-08-06 03:03:35",657.2,2,anshv1
5670,16622015,"Ioannis M","2026-08-06 08:12:21",657.1,2,imeintanis
5671,16718039,Uman_n3l,"2026-08-31 14:40:32",656.1,2,umann3l
5672,16671980,601918_กิตติพงศ์,"2026-08-08 08:28:12",655.8,2,bluexg5502
5673,16655217,"Jiawei Zhao","2026-09-25 01:27:28",655.8,2,c789a123
5674,16739640,TeamBanzaiSL,"2026-08-27 17:13:26",655.4,2,teambanzaisl
5675,16859900,ZZZ234234234,"2026-09-25 10:49:35",655.3,2,zzz234234234
5676,16678246,"Mark Holloway","2026-09-05 22:23:35",655.0,2,markholloway
5677,16674532,"shoaib khan","2026-08-08 01:57:11",655.0,2,manifoldinfo
5678,16793626,"KO LIH HAN","2026-09-11 01:29:18",654.9,2,kolihhan
5679,16849153,"Zackary Loevseth","2026-09-08 06:14:48",654.6,2,zackaryloevseth
5680,16946322,"hb and ys","2026-09-23 14:35:39",654.4,1,hbandys
5681,16664249,"Rohan Jain","2026-08-17 20:26:14",654.3,2,rohanjain2312
5682,16667058,"Lê Quốc Duy","2026-08-08 01:03:08",653.8,2,lqucduy
5683,16853417,"Aditya Prasetyo Budiarso","2026-09-11 11:59:34",653.6,2,artsodeva
5684,16665654,"Anurag H H","2026-09-10 15:05:26",653.5,2,anur4ghh
5685,16923101,Kimodii,"2026-09-20 05:30:33",653.5,2,kimodii
5686,16809371,"Aashir Noman","2026-09-18 10:03:45",653.5,2,aashirnoman
5687,16660548,"Viraj Bakshi","2026-08-08 18:50:11",653.4,2,virajbakshi
5688,16855147,Kao0207,"2026-09-12 12:32:12",653.2,2,kao0207
5689,16659125,"Meet Parekh","2026-08-19 10:31:09",653.1,2,meetparekh1
5690,16882001,"Satyam Pote","2026-09-13 00:00:04",653.1,2,satyampote
5691,16898276,SergioMoras,"2026-09-18 10:49:37",652.9,2,sergiomoras
5692,16726617,"Chase Lebarv","2026-08-19 01:07:58",652.9,2,chaselebarv
5693,16670842,Cole,"2026-08-15 19:50:43",652.6,2,colechristensen
5694,16682908,"Masha Mashallah","2026-09-12 09:32:09",652.5,2,mashamashallah
5695,16709800,nubx,"2026-08-20 17:12:04",652.3,2,manrajjitsidhu
5696,16670759,"Lemmes Yad","2026-08-09 04:37:37",652.2,2,"austinsemmel,jonallday"
5697,16758298,"Jack p","2026-08-30 07:36:22",651.8,2,jtv199
5698,16675997,"Rintaro Moriwaki","2026-09-16 16:03:10",651.6,2,rintaromoriwaki
5699,16659749,"Kavsik YVS","2026-08-22 19:30:45",651.5,2,kavsiku0512
5700,16672687,Liz,"2026-09-25 23:08:33",651.4,2,lizgarcia3
5701,16692954,"Adam Nhan","2026-08-16 19:10:48",651.4,2,asnhan
5702,16655187,cmxu,"2026-08-05 05:31:07",651.3,2,cmxu77
5703,16657095,"Prashant Kumar","2026-08-20 12:59:11",650.9,2,praskr
5704,16623732,A.S.TENSHU,"2026-08-17 16:25:35",650.8,2,kirvk013
5705,16665301,EricYang03,"2026-08-13 15:49:11",650.7,2,ericyang03
5706,16678044,BJFC,"2026-09-20 16:07:06",650.3,2,"harshithharithsa,svsumanth"
5707,16832474,"Isaac D. Hérnandez G.","2026-09-15 23:52:34",650.0,2,isaacdhrnandezg
5708,16708369,JairSanchez151270,"2026-08-11 16:30:55",649.7,2,jairsanchez151270
5709,16674543,"Sujal Agarwal2301","2026-08-09 13:37:43",649.3,2,sujalagarwal2301
5710,16626217,"Stanislav Chistyakov","2026-08-05 18:52:47",649.1,2,chistyakov
5711,16658252,"Krishnan CS","2026-08-20 05:28:14",648.6,2,krishnanchathadi
5712,16925442,"Stef Sempels","2026-09-22 08:29:38",648.5,2,stefsempels
5713,16939445,Dylan,"2026-09-26 02:49:28",647.9,2,dylan2778
5714,16770154,Florian,"2026-09-11 07:52:00",647.8,2,ftusek
5715,16903652,LokeshGiri,"2026-09-23 19:34:18",647.7,2,"lokeshjasrotia,vengatagirig"
5716,16815488,"crothety liu","2026-09-05 06:27:35",647.4,2,crothetyliu
5717,16728204,Meshwa,"2026-09-04 11:17:12",647.3,2,meshwapatel4287
5718,16684436,Simon-the-sorcerer,"2026-09-25 22:12:06",647.3,2,simonwiller
5719,16688429,"Omrani Rabah","2026-08-11 22:19:21",647.3,2,omranirabah
5720,16862913,MLEDV,"2026-09-11 18:13:10",647.2,2,edwardvaines
5721,16934906,"sou yamaguchi","2026-09-21 09:59:04",647.1,2,souyamaguchi
5722,16652984,hxaxd,"2026-08-05 15:09:49",647.0,2,hxaxdcs
5723,16663356,Farm-ops,"2026-08-06 23:27:37",646.9,2,"dakotavannauker,tsho01"
5724,16682182,"himanshu chauhan2406","2026-09-25 12:23:01",646.8,2,himanshuchauhan2406
5725,16728069,Taisei7,"2026-09-09 06:27:49",646.7,2,taisei7
5726,16715251,SoraGinko,"2026-08-28 18:52:17",646.3,2,terrywuu
5727,16691310,"Ganesh ","2026-09-24 21:34:39",646.0,2,hotshot1798
5728,16667874,Vidushiii,"2026-08-10 12:25:42",645.9,2,vidushianand09
5729,16844092,Johana01,"2026-09-15 08:10:42",645.8,2,johana01
5730,16685412,Praveen8775,"2026-09-22 15:48:40",645.6,2,praveen8775
5731,16699578,kakanekoka,"2026-09-04 17:45:15",645.6,2,kakanekoka
5732,16640619,"Sơn Nguyễn","2026-08-28 08:19:19",645.4,2,sonnguyen10
5733,16656167,"Minh Quang Do","2026-09-11 04:05:53",645.1,2,mrfreddy0209
5734,16643692,Samsay24,"2026-08-02 17:22:45",645.1,1,samsay23
5735,16875690,jwboost,"2026-09-16 04:31:31",644.8,2,kiritocui
5736,16657419,"Saivedant Hava","2026-08-05 06:36:39",644.8,2,saivedanthava
5737,16663659,"Omer Rehman","2026-09-02 11:05:02",644.7,2,omerrehman97
5738,16838855,"Sze Yu Sim","2026-09-09 01:37:05",644.6,2,szeyusim
5739,16822523,bvgr,"2026-09-15 19:17:50",644.6,2,vbeeram
5740,16639973,akky,"2026-08-03 15:39:41",644.4,2,tellxxx
5741,16635848,KartoplyanePure,"2026-08-31 20:43:34",644.4,2,"danylotovp,wizardmp"
5742,16669466,"vuppuluri sriramsubhash","2026-08-06 08:42:50",644.4,2,vuppulurisriram
5743,16640461,"Shigeru Kondou","2026-09-17 19:12:22",643.9,2,shigerukondou
5744,16713236,kingofeverything,"2026-09-21 16:27:45",643.8,2,"kingofeverything,skyyyang"
5745,16881453,"fahim magsi","2026-09-13 15:18:43",643.7,2,fahimmagsi
5746,16923772,"Aidan Edward Lawson","2026-09-21 05:55:34",643.7,2,modalpathethics
5747,16662050,HandsOffMyBigMelons,"2026-08-13 22:00:12",643.6,2,scrattle
5748,16630519,"Mehmet Özer","2026-08-01 16:51:55",643.5,2,ozermehmet
5749,16759162,sgsuh,"2026-09-23 14:41:49",643.5,2,seukgyo
5750,16665816,Vikas1306,"2026-08-10 05:53:19",642.9,2,vikas1306
5751,16763977,"Jong Park","2026-08-26 09:21:40",642.6,2,papercat318
5752,16663343,"Abdullah M. Haque","2026-09-13 18:41:14",642.5,2,abdullahmhaque
5753,16712321,"Elias Schecke","2026-09-11 15:00:14",642.4,2,eliasschecke
5754,16714894,"Mitsuaki Inoue","2026-09-26 03:58:08",642.0,2,mitsuakiinoue
5755,16652334,"Aldibek [dsmlkz]","2026-08-27 19:33:18",642.0,2,aldibek
5756,16669392,cobrapigeon,"2026-08-20 18:43:25",641.9,2,cobrapigeon
5757,16762719,"Ahmet Bilginoglu","2026-09-02 20:34:49",641.9,2,ahmetbilginoglu
5758,16713877,FunnyBishop,"2026-08-16 03:19:24",641.8,2,funnybishop
5759,16623645,"ayutin tin","2026-08-14 07:48:31",641.8,2,ayutintin
5760,16701036,"Tiandong Wang","2026-08-19 11:45:32",641.7,1,condone
5761,16623555,yindujuxi,"2026-08-01 10:11:35",641.6,2,yindujuxi123
5762,16690852,"Naveen Venu Bagadi","2026-08-30 04:38:13",641.4,2,naveenvenubagadi
5763,16638667,"Sarvesh Nikas","2026-09-23 11:44:21",641.4,2,sarveshnikas
5764,16854339,"ML Underdogs","2026-09-22 06:19:48",641.4,2,mdjubairhasan
5765,16654579,"anagha kv","2026-09-23 06:30:22",641.4,1,anaghakv6801
5766,16887820,"Radosław Czajkowski","2026-09-21 17:59:25",641.2,2,radoslaw
5767,16947217,"Chikkam Sandeep Munna","2026-09-25 20:26:45",641.1,2,chikkamsandeepmunna
5768,16692350,"Emerson Suarez","2026-08-16 05:09:13",640.8,2,jericksystem32
5769,16634582,"Tarun Chaudhary","2026-08-12 06:36:33",640.7,2,tarunchdev
5770,16822111,hikarimaru,"2026-09-10 14:07:36",640.7,2,hikarimaru
5771,16663515,HamsterSashka,"2026-08-20 14:40:55",640.6,2,hamstersashka
5772,16675475,"Andrey Aristov","2026-08-10 22:02:24",640.5,2,andreyaristov
5773,16818110,Kactus,"2026-09-16 00:15:43",640.5,2,kactus
5774,16640933,"Bhanu prasad","2026-09-21 03:21:24",640.3,2,restlesseagle
5775,16662375,"Yunusa Hussein Adeiza","2026-08-14 22:12:49",640.3,2,yunusahusseinadeiza
5776,16857130,"Joao Araujo","2026-09-09 01:11:50",640.0,2,jhcaextra
5777,16759443,"Ayman machhidan","2026-09-25 08:22:39",640.0,2,aymanmachhidan
5778,16798268,KAEOS,"2026-09-06 20:09:49",639.7,2,hitesh221
5779,16663200,BONES,"2026-09-19 14:03:54",639.6,2,tusharkumar23321032
5780,16741892,astro,"2026-08-20 20:49:49",639.3,2,mayursamrutwar
5781,16912690,"Tegh Bindra","2026-09-20 04:55:09",639.1,2,teghbindra
5782,16656379,"Jay Gautam","2026-08-12 12:19:40",639.0,2,jaygautam007
5783,16662338,jaepyeocho,"2026-09-13 11:39:37",638.9,2,jaepyeocho
5784,16891184,rbjp557,"2026-09-24 10:35:20",638.9,2,rbjp557
5785,16741188,"Adarsh Samanu","2026-08-20 00:01:33",638.8,2,adarshsamanu
5786,16719081,数学の山田,"2026-09-15 10:28:05",638.8,2,b612sum1
5787,16662066,"Yug Savalia","2026-09-25 19:48:56",638.5,2,"priyankagarg19,yugsavalia"
5788,16811210,"Matt Dowis","2026-09-04 14:41:36",638.5,2,mattdowis
5789,16927400,HaY0801,"2026-09-26 01:56:57",638.4,2,hay0801
5790,16661467,sh_sub97,"2026-08-12 15:20:25",638.3,2,shsub97
5791,16662138,"Luan He","2026-09-05 21:53:24",638.2,2,luanhe
5792,16725150,"Nicolae Drabcinski","2026-09-01 11:45:51",638.1,2,nickdrabcinski
5793,16842527,ko_fusion_JPN,"2026-09-26 03:34:34",638.1,2,kofusionjpn
5794,16669330,"Panagiotis Charalabopoulos","2026-08-26 18:49:46",638.1,2,panagiotischaral
5795,16688929,"Kangqiao LIU","2026-08-18 07:44:55",638.0,2,kangqiaoliu
5796,16664103,izack2666,"2026-08-07 14:41:10",637.2,2,izack2666
5797,16726093,CocoTeam,"2026-08-18 14:22:45",637.2,2,"albaasca,ceemeese"
5798,16840735,"Heavy Drivers 2.0","2026-09-16 22:40:25",636.9,2,"cranjuice,pgggggggggggg,sudhanvaed25b055"
5799,16712567,PatWid,"2026-08-18 17:17:20",636.9,2,patwid
5800,16685069,derek_kuang0213,"2026-08-22 10:33:21",636.8,2,derekkuang0213
5801,16668868,tawashi,"2026-08-13 06:51:45",636.7,2,tawashi
5802,16655062,KKS,"2026-08-08 07:36:03",636.7,2,sachisgod
5803,16635177,Zacchaeus,"2026-08-07 07:04:15",636.6,2,zacchaeus
5804,16756176,"Unsh Rawal","2026-09-06 20:29:16",636.5,2,unshrawal
5805,16668923,"duy tran","2026-08-10 18:38:49",636.3,2,duytran23
5806,16710621,(´･_･`),"2026-08-16 07:14:53",636.1,2,tanakh
5807,16924397,ngzeonwang,"2026-09-24 08:57:26",636.1,2,ngzeonwang
5808,16675661,June_mk,"2026-09-06 00:08:47",636.1,2,jungoto
5809,16718539,"Divyansh Agrawal","2026-08-14 06:58:46",636.0,2,spartan1925
5810,16773966,"Ronel Abraham Mathew","2026-08-26 16:05:26",635.9,2,ronelm
5811,16724522,"stathis maurog","2026-08-26 07:01:48",635.8,2,stathismaurog
5812,16865982,"Orest Myth","2026-09-23 13:26:01",635.5,2,orestmyth
5813,16639223,"SIDHAARTH SHREE","2026-08-19 15:03:55",635.5,2,sidhaarthshree
5814,16655744,"Ademola Arigbabuwo","2026-09-03 21:44:49",635.4,2,princedemo
5815,16718202,"Abhi Kumar Agrawal","2026-08-18 09:52:24",635.1,2,abhikumaragrawal
5816,16861102,walnut11,"2026-09-25 16:19:27",634.9,2,walnut11
5817,16636725,shichi,"2026-08-11 12:47:35",634.7,2,shichi
5818,16699856,yukio,"2026-09-25 20:09:25",634.6,2,yukioseki
5819,16656501,"Thái Phạm Công","2026-08-05 03:59:47",634.6,2,thaipc
5820,16698164,"Ruizhang Zhi","2026-09-25 22:59:36",634.0,2,ruizhangzhi
5821,16667762,KucingGanteng,"2026-09-12 20:04:37",633.9,2,dhiyaussalam
5822,16654193,fvong,"2026-09-04 07:15:22",633.8,2,fvong35963
5823,16635021,RiLi,"2026-09-25 13:57:51",633.7,2,hisatosenda
5824,16750175,"Quentin Pr","2026-08-27 18:08:14",633.5,2,quentinpr
5825,16733195,"Zukas F.","2026-09-23 02:44:03",632.9,2,zukasf
5826,16758204,kkKaan,"2026-08-24 07:56:58",632.7,2,kkkaan
5827,16687883,CherylStoned,"2026-08-11 22:53:28",632.6,2,cherylstoned
5828,16736579,rk777848,"2026-09-25 07:51:29",632.5,2,rk777848
5829,16635796,MugaBros,"2026-08-04 05:27:02",632.5,2,"drrocktotpalkonwarh,monjyotid"
5830,16716300,"Julian Kerignard","2026-09-07 10:12:31",632.5,2,juliankerignard
5831,16666391,"Harshpreet Singh","2026-08-06 10:32:51",632.4,2,harshpreet931
5832,16658430,bruyantq,"2026-09-23 08:33:16",632.2,2,bruyantq
5833,16662486,"KOTHAPALLI DILEEP","2026-08-10 12:06:14",631.3,2,kothapallidileep
5834,16684710,"Pratik Singh","2026-08-11 11:34:48",631.2,2,pratikks11
5835,16696267,"yu lesui","2026-08-10 05:41:40",631.1,2,yulesui
5836,16664024,"Juan David Bolanos","2026-08-13 17:06:00",631.0,2,juandavidbolanos
5837,16663361,protoLabs.studio,"2026-08-06 18:39:50",630.5,2,protolabsstudio
5838,16623886,onepunch999,"2026-08-01 07:30:37",630.5,2,onepunch999
5839,16693137,"Ich Benavides","2026-09-06 18:24:52",630.4,2,jabeichbenavides123
5840,16797025,"Jonathan Glinton","2026-09-11 17:11:01",630.4,2,jonathanglinton
5841,16666452,"victor souza","2026-08-09 17:07:51",630.2,2,victorcaio
5842,16802675,manishcs076,"2026-09-16 21:13:06",630.1,2,manishcs076
5843,16926305,"Ιωάννης Μπερτολης","2026-09-23 16:15:30",630.1,2,"absor97,bertolis"
5844,16799014,"Vaibhav singh kaira","2026-09-12 04:49:54",630.1,2,vaibhavsinghkaira
5845,16692569,"Mark Kirwan","2026-08-26 08:05:16",630.0,2,markkirwan1990
5846,16798512,"Yuichiro Kinoshita","2026-09-26 03:46:59",630.0,2,yuichirokinoshita
5847,16677402,"Hıdır Demir","2026-09-10 22:35:54",629.6,2,hdrdmr
5848,16786485,"Sam Jenkins","2026-09-01 03:50:16",629.5,2,samjenkinsuk
5849,16702932,kyconf,"2026-09-12 14:10:46",629.5,2,kyconf
5850,16694779,JacobKooi,"2026-08-10 09:16:35",629.4,2,jacobkooi
5851,16661276,Middle,"2026-09-25 15:55:00",629.3,2,aydagul
5852,16669856,StrugglerK,"2026-09-22 17:10:09",629.1,2,muhammedkaanlker
5853,16671217,"Akshay V","2026-08-21 04:01:22",628.8,2,akshayv1001
5854,16918826,NOTSUREKITTY,"2026-09-19 03:56:04",628.5,2,notsurekitty
5855,16661943,"Cow Wizard","2026-08-14 02:14:58",628.0,2,cowwizard321
5856,16757447,soyukke,"2026-09-13 17:38:12",627.8,2,soyukke
5857,16755681,nic001,"2026-08-28 08:06:19",627.5,2,mimamura
5858,16740404,BarrelAged,"2026-09-13 11:27:04",627.3,2,johnhosack
5859,16705345,"DEMON JI","2026-08-14 15:02:11",627.0,2,demonji04
5860,16633175,"Umut Kıvanç Sipahioğlu","2026-08-04 15:51:56",627.0,2,umutkvansipahiolu
5861,16679079,"cedric stephan ","2026-08-25 20:39:15",626.9,2,cedricstephan
5862,16810807,Cordiz,"2026-09-03 22:42:51",626.7,2,cordiz
5863,16748955,micchy,"2026-09-23 22:17:27",626.5,2,micchy326
5864,16792512,ckd999,"2026-09-06 19:15:19",626.4,2,ckd999
5865,16635049,rooklift,"2026-08-16 06:27:36",626.3,2,rooklift
5866,16905608,ChrisVas123,"2026-09-16 09:44:56",626.2,2,chrisvas123
5867,16698007,"Juanma Serrano","2026-08-23 15:49:31",625.8,2,juanmaserrano
5868,16694269,Aftxb,"2026-08-11 14:58:08",625.7,2,aftxb07
5869,16743617,Dancing_Chaos,"2026-08-31 15:42:35",625.7,2,"bailynlove4ever,ripplecddc"
5870,16764605,"Bandito Gangesterito","2026-09-22 18:06:53",625.5,2,"mrtrueteller,restovrator"
5871,16636954,"Jeff Horon","2026-09-13 16:30:41",625.3,2,jeffhoron
5872,16719065,"Aldo Rizona","2026-08-17 15:32:26",625.0,2,aldorizona
5873,16653222,StevenYuan7788,"2026-08-17 17:38:44",625.0,2,stevenyuan7788
5874,16784960,i-yuki23,"2026-08-30 01:13:11",625.0,2,iyuki23
5875,16891179,feng222666888,"2026-09-24 10:49:47",625.0,2,feng222666888
5876,16663238,"Francesco Zaccaria","2026-08-21 07:28:57",625.0,2,francescozaccaria
5877,16624277,"D S S Kumar","2026-08-10 03:22:55",624.9,2,satrusskumar
5878,16717483,Caerno,"2026-09-25 19:38:44",624.8,2,caerno
5879,16702713,"Rob Sartin","2026-09-24 21:59:26",624.7,2,robsartin
5880,16694575,"Aloise Mutune","2026-09-17 13:48:22",624.7,2,aloisemutune
5881,16664219,JosephGuhlin,"2026-08-10 08:46:16",624.1,2,jguhlin
5882,16657570,"Guruprasad Parasnis","2026-08-10 12:04:57",624.0,2,guruprasadparasnis
5883,16639492,"Vishnu R Mohan","2026-08-08 20:36:19",624.0,2,vishnurmohan
5884,16808956,"Denis Zerov","2026-09-03 10:59:46",623.9,2,dinoden
5885,16759351,"Shinsaku Haruta","2026-09-21 12:22:17",623.9,2,shinsakuharuta
5886,16807281,sansh0u0,"2026-09-04 02:16:09",623.6,2,sansh0u0
5887,16635004,"jacob OKOTH O","2026-08-02 05:57:05",623.2,1,jacobokotho
5888,16658050,"changwei shi","2026-08-18 02:45:47",623.1,2,changweishi
5889,16664149,"Bushel Seed","2026-08-12 17:10:56",623.1,2,"dmyung,nicholasmschwartz"
5890,16678773,"Steve Probst","2026-09-09 01:51:39",623.1,2,steveprobst
5891,16695822,"Ahmad Elawady","2026-08-18 20:06:59",622.8,2,aielawady
5892,16664241,payoon,"2026-08-07 08:24:05",622.8,2,payoon1234
5893,16668089,Goller,"2026-08-26 15:05:53",622.4,2,goller
5894,16809762,"Ryan Wong","2026-09-04 14:47:39",622.4,2,taggatle
5895,16708189,Facouse,"2026-08-11 16:09:17",622.3,2,facouse
5896,16664457,yaohongfu,"2026-08-10 12:30:43",622.1,2,yhfwww
5897,16724364,Sh4ron,"2026-09-11 15:48:11",622.0,2,sh4ron
5898,16664828,Leon,"2026-08-09 09:00:09",621.8,2,leonmyl
5899,16860088,Lockers,"2026-09-09 11:32:59",621.6,1,lockers123
5900,16656072,Vespidae,"2026-08-14 03:30:03",621.6,2,ianapis
5901,16847275,"Giovanni Marco Dall'Olio","2026-09-09 20:43:20",621.6,2,dalloliogm
5902,16899024,Whooriiiaaaaa,"2026-09-24 23:24:57",621.6,2,"nickazaria,woupyie"
5903,16784154,JoshJML,"2026-09-03 05:39:26",621.5,2,joshjml
5904,16780019,"hamza khokhar890","2026-09-20 16:35:58",621.5,2,hamzakhokhar890
5905,16673346,gabrielep09,"2026-08-11 01:52:41",621.3,2,gabrielep09
5906,16654855,"Pedro Rezende Gomes","2026-08-06 00:41:30",621.2,2,pedrorzgomes
5907,16658272,"Yash Katiyar","2026-08-08 20:17:05",621.1,2,yashkatiyar409
5908,16696724,arkmid,"2026-09-09 13:11:46",621.1,2,arkmid
5909,16665120,nobody,"2026-08-13 14:48:45",620.5,2,rajesh1729
5910,16852559,永井こうたろう,"2026-09-09 04:01:11",620.4,2,kotakota914
5911,16642846,"Leonid Zaporozhets","2026-08-02 20:03:13",620.0,2,leonidzaporozhets
5912,16709481,"Gerbilles Saucières","2026-08-22 10:38:44",620.0,2,"benjaminhrt30,volbox1902"
5913,16699292,"Siddharth Kumar Gopal","2026-08-14 16:35:03",619.8,2,siddharthkumargopal
5914,16660955,"Nihal l.suvarna","2026-09-17 14:24:23",619.5,2,nihallsuvarna
5915,16664096,"Charles Coonce","2026-09-24 15:16:06",619.2,2,charlescoonce
5916,16755568,KHuShIMaHajan,"2026-08-21 18:55:05",619.0,2,bymista4578
5917,16780969,"Ewa Suknarowska","2026-08-30 15:53:25",618.2,2,ewasuknarowska
5918,16658083,"Gunjan Solanki","2026-09-03 10:39:28",618.1,2,blackhatv1
5919,16673477,ArtFix,"2026-08-11 00:51:09",617.9,2,artfix
5920,16942760,"V Manmohan","2026-09-25 10:31:12",617.8,2,vmanmohan
5921,16767802,"Luis Fernando Faria","2026-08-31 20:57:29",617.5,2,luisfernandofaria
5922,16893361,lemonjuice2312,"2026-09-19 07:36:26",617.2,2,lemonjuice2312
5923,16676308,DC,"2026-08-19 17:34:02",617.0,2,choudahchiun
5924,16687808,GorillaGhost,"2026-08-13 23:23:10",616.9,2,gorillaghost
5925,16746151,"Nicolas Gomasjaya","2026-08-26 16:57:08",616.9,2,nicolasgomasjaya
5926,16719745,"Masih Pemula Beneran","2026-08-31 02:14:53",616.8,2,mikhaeldhika
5927,16658602,aldoktvns,"2026-08-04 15:51:08",616.7,2,alrette
5928,16772673,"Alejandro Rendon B.","2026-09-22 22:21:04",616.6,2,alejandrorendonblan
5929,16666341,"Ege Güvener","2026-09-11 17:20:35",616.6,2,egegvener
5930,16845664,fabio5050,"2026-09-16 04:04:27",616.6,2,fabio5050
5931,16633923,JackyFan123,"2026-08-01 15:22:04",616.6,2,jackyfan123
5932,16750036,"Kiệt Lưu","2026-09-05 03:41:19",616.3,2,jaxyss
5933,16738538,ZHANG_WuHua,"2026-08-18 16:21:19",616.3,2,zhangwuhua
5934,16672103,"fred mahinay","2026-08-24 23:34:48",616.0,2,fredmahinay
5935,16670420,"Mihir Argulkar","2026-08-07 20:03:15",616.0,2,mihirargulkar
5936,16756113,"George Megre","2026-09-16 07:04:00",615.9,2,georgemegre
5937,16766888,"Alex #4","2026-08-24 14:42:19",615.8,1,alxndrvara
5938,16649344,BeyondAnalytics,"2026-08-28 12:00:36",615.8,2,radumarinion
5939,16805340,"Md. Rafiul Islam","2026-09-25 16:04:37",615.5,2,rafiulislamrafi
5940,16659817,"Viet Anh Ngo ","2026-08-31 09:41:08",615.3,2,vietngogm
5941,16656274,googunmo,"2026-08-08 01:13:58",615.1,2,googunmo
5942,16631090,yoikoarmor,"2026-08-09 07:01:44",614.9,2,yoikoarmor
5943,16670214,"Louis @ tradeInsight.ai","2026-08-21 15:18:11",614.9,2,louisquart
5944,16663784,Aniketh2k7,"2026-08-10 06:02:02",614.8,2,aniketh2k7
5945,16669561,"Nikunj Pahwa","2026-08-15 20:04:36",614.8,2,nikunjpahwa
5946,16855646,Seshu,"2026-09-09 14:49:33",614.7,2,seshuthota
5947,16852963,LingLingToshite,"2026-09-24 09:32:57",614.7,2,lingtoshitehiroki
5948,16690988,"Aditya Bharadwaj","2026-08-20 10:02:32",614.5,2,adityabharadwaj26
5949,16665230,"Jack Burley","2026-09-26 03:58:55",614.2,2,jackburley
5950,16856888,"Md Mehrab Hossain Opi","2026-09-10 07:16:45",614.0,2,iamopi
5951,16721960,"Lê Khang","2026-08-18 19:42:43",613.4,1,kobtdatten
5952,16841397,"Petro Tarnavskyi","2026-09-06 12:36:05",613.2,2,petrotarnavskyi
5953,16914138,"Amritesh Anand","2026-09-25 09:38:53",613.0,2,amriteshananad
5954,16736856,misaki,"2026-09-26 00:42:12",613.0,2,"dicenull,iroharyo,jinnsou0219,misakima"
5955,16876642,Gruberx,"2026-09-25 17:53:44",612.9,2,gruberx
5956,16735298,Watary0927,"2026-08-22 23:25:11",612.8,2,watary0927
5957,16630741,mrk,"2026-08-05 09:49:44",612.4,2,matsubaratakuji
5958,16795802,Kk,"2026-09-21 10:03:04",612.4,2,cudamax
5959,16665984,hepialidae,"2026-08-10 16:05:19",612.2,2,hepialidae
5960,16658043,"Tran Huy Hoang1312","2026-08-05 01:58:39",612.0,2,tranhuyhoang1312
5961,16658224,"Daniel Gallardo Gómez","2026-08-07 08:17:24",611.7,2,danielgallardogmez
5962,16640816,pawaraman,"2026-08-02 19:46:52",611.7,2,pawaraman
5963,16635670,"Mr.S hanakosan","2026-08-09 00:31:34",611.6,2,earlgreytea15
5964,16674324,"luca fregona","2026-08-08 13:37:49",611.5,2,lucafregona
5965,16797969,probability,"2026-09-07 09:44:49",611.5,2,probabilitywavepeak
5966,16684957,"Lucas Ferreira","2026-08-11 18:20:43",611.3,2,lucasdeoferreira
5967,16669489,"Yichi Zhang","2026-08-28 19:31:07",611.3,2,yichizhang12
5968,16675952,bazinga,"2026-09-22 23:21:10",611.2,2,stephanhahn16
5969,16665942,"Satvik R Shetty","2026-08-09 03:59:52",610.5,2,satvikrshetty
5970,16777746,"Daniel Bandy","2026-08-29 02:04:01",610.3,2,goddangitboby
5971,16738994,"Hem Viramgama","2026-08-21 00:34:48",610.2,2,hemviramgama
5972,16950015,"Jacob Stultz1","2026-09-23 22:49:13",609.7,1,jacobstultz1
5973,16655142,"Stanislav Kuznetsov","2026-09-03 12:58:20",609.6,2,drtduck
5974,16650160,nori8774,"2026-08-10 06:26:21",609.5,2,norimasayamamoto
5975,16664154,dwdwdwsdedwd,"2026-08-11 06:29:24",609.4,2,dwdwdwsdedwd
5976,16658334,"Roy Wei","2026-09-24 17:00:17",609.3,1,renyiwei
5977,16668354,"ashraf saiyed","2026-08-13 13:44:31",609.0,2,ashrafsaiyed58
5978,16731516,Sumit0694,"2026-09-15 21:17:01",609.0,2,sumit0694
5979,16738805,"Sergey Panasenko","2026-08-31 23:14:50",608.8,2,spanasenko
5980,16688108,Special_octo20,"2026-09-14 19:16:13",608.8,2,specialocto20
5981,16687788,"Me and the Geese","2026-08-26 15:57:41",608.7,2,skalermo
5982,16664804,ryanovovo,"2026-08-05 18:02:38",608.6,2,ryanovovo
5983,16693949,"Eric Worrall","2026-09-24 12:55:00",608.3,2,ericworrall
5984,16668269,"Rashi Jain07","2026-08-05 17:46:37",608.2,1,rashijain07
5985,16665517,"RUEI-HSIANG. CHANG","2026-08-17 15:23:55",608.0,2,rueihsiangchang
5986,16929645,"GeneralShizha ","2026-09-20 10:27:45",607.6,2,generalshizha
5987,16686715,"Adrien Secondaire","2026-08-08 15:54:58",607.6,2,adriensecondaire
5988,16656013,Asuran,"2026-09-04 04:43:56",607.2,2,zkasuran
5989,16665395,"bachi idriss","2026-08-10 15:23:30",607.2,2,bachiidriss
5990,16633928,ghostiee11,"2026-08-01 01:33:25",607.0,1,ghostiee11
5991,16752324,"yunchuan liu","2026-09-06 22:21:06",606.9,2,hoteye
5992,16657172,Honkazu,"2026-08-28 16:55:46",606.8,2,janposlusny
5993,16781447,"Cody Schrank","2026-08-31 04:38:57",606.7,2,codyschrank
5994,16662015,"ryan panda","2026-09-23 20:03:28",606.6,2,hollowpurple
5995,16655595,ashsah,"2026-08-31 08:37:35",606.5,2,ashsah
5996,16734712,"Jamshid Ganiev","2026-08-19 06:03:31",606.4,2,jamshidganiev
5997,16798478,"Vinicius Pupin","2026-09-02 21:29:51",606.2,2,viniciuspupin
5998,16654267,maniginam,"2026-09-26 03:00:05",606.2,2,maniginam
5999,16633269,op_star_platinum,"2026-08-09 17:52:52",606.0,2,opstarplatinum
6000,16664159,"james nazareth","2026-08-19 02:13:23",606.0,2,jamesnazareth
6001,16669298,"Dinesh Naveen Kumar Samudrala","2026-09-24 14:52:44",606.0,2,dnkumars
6002,16660270,Ziel_Lux,"2026-09-22 14:36:05",605.8,2,nahbilafaith
6003,16776928,aiexpert1120,"2026-09-01 16:48:18",605.7,2,aiexpert1120
6004,16636808,"Kaito Ichikawa","2026-09-18 10:15:37",605.4,2,kaitoichikawa
6005,16766732,"Maziyar Abyari","2026-09-19 08:14:10",605.4,2,maziyarabyari
6006,16665476,"Zhanghao Chen69","2026-08-19 12:42:33",605.3,2,zhanghaochen69
6007,16737986,"Edris Yawar #2","2026-09-05 09:32:08",605.3,2,edrisyawar
6008,16750864,Ymori,"2026-09-26 03:08:49",605.2,2,yasunorim
6009,16727059,ksankeerth1,"2026-09-03 02:28:22",605.2,2,ksankeerth1
6010,16763838,"L. Barriga","2026-09-09 10:57:18",605.1,2,lbarriga
6011,16759381,"Subhan Hussain","2026-09-20 09:00:54",605.1,2,subhanhussain0205
6012,16739128,"Praneeth Paikray","2026-09-07 11:18:26",604.9,2,paiky1995
6013,16797395,"LCNN JJ","2026-09-17 16:38:59",604.8,2,supremebeast08
6014,16885575,"Kotaro Imamura","2026-09-18 00:47:04",604.8,2,kotaroimamura
6015,16668298,"Riki Garcia","2026-08-26 15:36:14",604.7,2,rikigarcia
6016,16679295,Mk26,"2026-09-04 13:52:05",604.7,2,"manishk26,mans31"
6017,16819872,"Shi Van","2026-09-03 16:50:46",604.5,1,shivanufo
6018,16726941,CJ103CJ,"2026-08-23 12:52:07",604.4,2,cj103cj
6019,16666204,"David Nana Kofi Ofosu-Arko","2026-08-05 11:04:42",604.4,2,davidnanak
6020,16724002,Yahia717,"2026-08-20 20:48:31",604.3,2,yahia717
6021,16699415,"Dohwan Kwak","2026-08-31 01:05:28",604.2,2,dohwankwak
6022,16670834,romin_123,"2026-08-14 01:25:19",604.2,2,romin123
6023,16665042,Neo_0x3f,"2026-08-10 21:36:56",603.9,2,neo0x3f
6024,16668720,"etienne duplessix","2026-08-10 22:48:53",603.9,2,etienneduplessix
6025,16668711,"David Leati","2026-08-28 00:47:39",603.6,2,davidleati
6026,16735408,"Evan S","2026-08-18 20:06:05",603.5,2,evansc123
6027,16663922,MoongladeAI,"2026-09-14 03:49:11",603.5,2,moongladeai
6028,16666833,DenisKoronchik,"2026-09-14 21:19:27",603.4,2,deniskoronchik
6029,16630501,"Haris Ahmed","2026-08-14 10:08:51",603.2,2,harisahmedgenai
6030,16814805,Muzhi11,"2026-09-21 02:41:31",603.0,2,muzhi11
6031,16633772,ayuma,"2026-08-03 06:01:01",603.0,2,onthoze
6032,16925564,"shikigami yao","2026-09-25 13:52:11",602.8,2,shikigamiyao
6033,16911847,LGC,"2026-09-17 08:21:20",602.8,1,victorlingc
6034,16657397,"QSS Technosoft AI Team","2026-08-05 07:47:00",602.6,2,"kunalthedev,nishantkumarabes,prathamydvv,prishagdev,shreyakchakraborty"
6035,16659974,"anthony sinchi","2026-08-18 00:01:08",602.5,2,anthonysinchi
6036,16675888,"Rob Gonzalez","2026-08-08 14:58:43",602.2,2,robg475
6037,16763886,"Jackson Sauls","2026-09-04 22:59:51",601.9,2,jacksonsauls
6038,16747390,SawadaTsurumai,"2026-08-24 09:48:07",601.7,2,sawadatsurumai
6039,16641141,"Yuri Barbashov","2026-09-23 19:14:57",601.4,2,yuribarbashov
6040,16659294,"Muhammad Rafzan","2026-09-05 18:30:44",600.9,2,revianalfariz
6041,16699838,"Harry Taylor","2026-08-21 10:38:18",600.6,2,harryphysics
6042,16705348,"Howard lin","2026-08-20 23:01:36",600.6,2,howardlin007
6043,16658655,HbjaHbja,"2026-08-12 12:18:51",600.6,2,hbjahbja
6044,16655629,Mai_Konare,"2026-08-17 06:20:49",600.4,2,maikonare
6045,16879477,liuzewen123,"2026-09-24 11:27:31",600.3,2,liuzewen123
6046,16775652,"Dat Dinh","2026-09-14 02:48:43",600.2,2,dathbdinh
6047,16658660,"Leo Lai","2026-08-13 08:14:45",600.1,2,junweilai
6048,16664112,"Ethan Hung","2026-08-08 21:44:57",600.0,2,chinesegorilla99
6049,16713061,Yuk!,"2026-09-26 03:58:47",600.0,2,mitsuyukiokamura
6050,16947575,Rekh_Sharath_Chandra,"2026-09-26 04:01:15",600.0,2,rekhsharathchandra
6051,16657332,"Amit Malakar","2026-09-26 04:01:52",600.0,2,amitmalakarjoy
6052,16654881,Freddy,"2026-09-26 04:02:11",600.0,2,twoxding
6053,16655372,abobakrosman87,"2026-09-26 04:03:07",600.0,2,abobakrosman87
6054,16654456,"Tristan Peng","2026-08-09 17:00:48",599.9,2,tristanpeng
6055,16741660,Dhruv_Goyal990,"2026-09-03 16:20:31",599.9,2,"dhruvgoyal990,prathameshbelavagi"
6056,16679887,ScriptRed,"2026-08-09 00:36:30",599.8,2,scriptred
6057,16623580,matsu997,"2026-09-22 15:27:14",599.6,2,mastu997
6058,16781242,"Bobby Clare","2026-09-03 17:04:16",599.5,2,bobbyclare
6059,16786043,Palimpsesto,"2026-09-08 23:44:50",599.1,2,denzelfuentes
6060,16630559,khan,"2026-08-02 12:18:56",599.1,2,khansolov
6061,16648215,"Terrence Chuwe","2026-08-03 13:32:15",598.6,2,terrencechuwe
6062,16769767,bruhbruh,"2026-08-28 08:51:26",598.6,2,nguyendinhbach69
6063,16789898,"Trung Phạm Đức","2026-09-23 03:12:41",598.5,2,arscil
6064,16895824,"Dhruv lele","2026-09-20 05:41:57",598.3,2,dhruvlele
6065,16685938,"Gautier Fauchart","2026-08-12 05:57:21",598.1,2,gautierfauchart
6066,16660805,"Ramon van Dijk","2026-08-05 05:48:21",598.1,2,ramonvandijk
6067,16645705,wataru420,"2026-09-26 01:31:22",598.1,2,wataru420
6068,16667258,"Firman Imam","2026-08-09 02:36:56",598.0,2,piririp
6069,16777222,"José Daniel Ara","2026-08-27 00:12:53",598.0,2,josdanielara
6070,16686787,"Lars Kammeijer","2026-08-07 21:31:11",597.9,2,larskammeijer
6071,16725010,jenninglim,"2026-08-23 08:38:47",597.9,2,jenningl
6072,16680342,Game_khó_vkl,"2026-08-13 19:28:01",597.9,2,maruusha
6073,16702270,"Jonas Jaku","2026-09-09 06:37:15",597.7,2,jonasjaku
6074,16660310,KOLONEX.NET,"2026-08-10 12:40:46",597.6,2,danielandresmiranda
6075,16662128,BenPalmer59,"2026-08-11 19:16:24",597.4,2,benpalmer59
6076,16631353,"Shivam Shinde","2026-08-01 15:29:24",597.3,2,shindeshivam
6077,16672493,ChloeeeeY,"2026-08-23 06:17:03",597.1,2,chloeeeey
6078,16796625,Nepsirhc,"2026-09-12 11:15:35",597.0,2,nepsirhc
6079,16691580,"Toni Blanco","2026-08-11 13:10:45",596.9,2,toniblanco
6080,16947797,"Chris Croft","2026-09-25 12:42:53",596.8,2,chriscroft
6081,16760439,XLX,"2026-09-06 03:20:58",596.7,2,lonelygleaner
6082,16657654,TemperaryT,"2026-09-20 00:21:54",596.6,2,temperaryt
6083,16694610,Kshitiz2002,"2026-08-11 15:44:41",596.5,2,kshitiz2002
6084,16665342,Prothos,"2026-08-23 13:44:29",596.4,2,vjuenemann
6085,16677105,"Chaitanya Yadav","2026-08-16 10:36:07",596.3,2,xhaitanya
6086,16676254,"Lazy Lagoon","2026-09-17 16:26:05",595.9,2,"mokshoswal137,taniyasankhe"
6087,16663736,"Life Is Roblox","2026-08-17 18:58:37",595.9,2,alexlisenko
6088,16888546,"Skskj Sskm","2026-09-16 03:06:12",595.8,2,skskjsskm
6089,16741121,"Vignesh Nehru","2026-09-22 07:58:54",595.8,2,vigneshnehru
6090,16687714,nabilux,"2026-08-09 13:27:11",595.7,2,eminesnabil
6091,16664072,"victor aguilera","2026-09-24 23:34:18",595.6,2,viaguilera
6092,16846149,"Arnav Salkade","2026-09-07 15:00:23",595.2,2,arnavsalkade
6093,16780484,"Edmond Kirsch","2026-09-01 17:30:28",595.2,2,edmondkirsch
6094,16876021,"Jeff Law #2","2026-09-17 23:31:28",595.1,2,jlaw99
6095,16677597,InformaBook2,"2026-09-10 05:38:23",595.1,2,informabook2
6096,16660491,"Ryan Hancock","2026-08-08 09:56:54",594.9,2,rychanfox
6097,16655340,LGarcia10,"2026-08-17 13:17:31",594.8,2,leonardogarcia10
6098,16706192,rustlers42,"2026-09-02 15:24:05",594.8,2,"lkshrsch,powerofcreation"
6099,16636454,epigene,"2026-08-02 10:14:52",594.7,2,nadhu59648
6100,16748979,"Venkata Madhu Sai D ","2026-08-21 19:49:08",594.5,1,venkatamadhusaid
6101,16742073,"nguyễn huệ anh","2026-09-15 15:55:00",594.4,2,akapatu
6102,16880707,Joy_22@1,"2026-09-25 18:15:40",594.4,2,joy221
6103,16622993,"Yaroslav Tanko","2026-08-18 04:34:12",594.3,2,yaroslavtanko
6104,16924484,"Sadiq Ali","2026-09-20 07:51:11",594.3,2,sadiqali55
6105,16665759,"Shawn Zhang","2026-08-21 10:18:20",594.0,2,shawnzhang0318
6106,16635421,"Lennart Haupts","2026-09-25 16:28:34",593.9,2,lennarthaupts
6107,16661898,Farfadet,"2026-08-12 06:04:18",593.7,2,farfadet
6108,16661225,"Monibee Fudgekins","2026-09-16 18:18:38",593.6,2,monibeefudgekins
6109,16645297,Mark_RowSet,"2026-08-09 05:25:39",593.6,2,markrowset
6110,16927491,Adilkhan1275,"2026-09-26 03:29:26",593.6,2,adilkhan1275
6111,16692857,AbeLincoln1865,"2026-08-11 00:10:16",593.5,2,abelincoln1865
6112,16657290,lol-hiker,"2026-09-08 07:32:03",593.4,2,lolhiker
6113,16631573,uesi,"2026-08-01 12:04:04",593.4,1,uemura687
6114,16795923,KaluzaKlein,"2026-09-14 10:50:35",593.4,2,kaluzaklein
6115,16644456,Agbe,"2026-09-25 11:08:28",593.3,2,timmecom
6116,16659828,"Lebansty Valan","2026-08-21 14:14:56",593.2,2,lebanstyvalan
6117,16732537,Rapha,"2026-08-27 12:08:17",593.2,2,raphaabels
6118,16891689,"Jiawei Xi","2026-09-14 19:46:39",593.2,2,jiaweixi56
6119,16869617,"Denis Chernyshov","2026-09-18 22:32:19",593.1,2,denischernyshov
6120,16660600,"Beria Kalpelbe","2026-08-07 13:46:47",593.1,2,beriakalpelbe
6121,16695662,"Ollie Lowe2","2026-08-16 16:47:01",592.9,2,ollielowe2
6122,16695633,"Kiran Kumar","2026-09-12 16:57:52",592.7,2,iamrkk
6123,16698034,Anatoliy_Fomin,"2026-08-12 12:57:18",592.7,2,anatoliyfomin
6124,16692401,"Abdurehman Iqbal","2026-08-14 09:13:08",592.6,2,abdurehmaniqbal
6125,16685785,KSAI,"2026-09-07 14:42:54",592.5,2,kishan2112004
6126,16702411,"Aryuemaan Chowdhury","2026-08-21 07:05:31",592.3,1,aryuemaanchowdhury
6127,16703310,"israel ntumba","2026-09-14 17:42:47",592.2,2,israelntumba
6128,16757614,"Eduardo Molina","2026-09-06 04:04:22",592.1,2,eduardomolinaai
6129,16639970,Gowtham2962s,"2026-09-20 17:35:06",592.1,2,gowtham2962s
6130,16833040,"Vadim Demchuk","2026-09-05 06:07:54",591.8,2,vadimdemchuk
6131,16777065,"dani yemane","2026-09-17 20:43:13",591.7,2,daniyemane
6132,16700546,"Nightshade Family","2026-09-07 13:24:48",591.7,2,"gihanchamod17,vishmithasamarakoon"
6133,16624888,okome_niigata,"2026-08-06 06:47:17",591.6,2,okomeniigata
6134,16656912,"Sami Ali","2026-08-07 00:48:33",591.4,2,mrsamiali
6135,16633466,"Aarush pandey","2026-08-25 19:17:14",591.3,2,aarushpandey
6136,16723528,"Singaraj B","2026-09-05 15:33:26",591.3,2,singarajb
6137,16664884,Abhijeetgg,"2026-08-12 08:53:50",591.1,2,abhijeetgg
6138,16671646,Luche,"2026-08-08 04:23:32",591.1,2,henrylucky
6139,16718133,KaranjeetSingh1110,"2026-09-16 15:31:45",591.1,2,karanjeetsingh1110
6140,16745571,"Yifan Xie","2026-09-03 13:55:15",590.9,2,yifanxie
6141,16724747,"Md.Mahfujul Karim","2026-09-26 01:45:44",590.5,2,mdmahfujulkarim
6142,16666188,"XueFeng Chen","2026-09-18 00:46:41",590.4,2,chxfmcs
6143,16655013,"Adrian Martinez 1111","2026-08-12 00:52:14",590.3,2,adrianmartinez1111
6144,16722502,Abyss,"2026-08-27 11:26:49",590.2,2,sahiltks
6145,16763457,"Mohammad Essam","2026-09-25 22:21:24",590.2,2,mohammedessam97
6146,16653534,"Mohamed Amine Ettaki","2026-09-14 20:52:45",589.8,2,amine159
6147,16656107,Aotokitsuruya,"2026-09-02 14:35:20",589.8,2,elct9620
6148,16706456,"Michael van Mill","2026-08-12 09:58:40",589.8,2,michaelvanmill
6149,16764149,"Manish Rai","2026-09-25 23:13:04",589.7,2,magiuscain
6150,16911383,PurpleNightmare,"2026-09-24 19:59:00",589.7,2,purplenightmare
6151,16656460,dlutwzh,"2026-08-08 06:48:33",589.5,2,dlutwzh
6152,16664003,"Nakul Rajpal","2026-08-05 06:29:24",589.5,2,nakulrajpal
6153,16823204,"Adilson Eduardo Tostes Carmo","2026-09-25 23:30:32",589.5,2,eduardotostess
6154,16670356,"Dziriyin wa9il","2026-08-25 19:56:56",589.3,2,"akumanomu,alioualaeddine"
6155,16692994,turneja,"2026-08-08 23:50:13",589.2,2,turneja
6156,16718838,"josh mathers","2026-08-14 09:26:33",589.2,2,joshmathers
6157,16759427,Dhruv,"2026-08-23 12:20:16",589.1,2,dtalati1
6158,16926064,"amit shulstein","2026-09-25 12:06:45",589.1,2,amitshulstein
6159,16851573,NaNomin,"2026-09-08 01:55:42",588.7,1,nanomin
6160,16796810,JosephErikRibeiro,"2026-09-21 21:23:50",588.5,2,josepherikribeiro
6161,16671438,"Aot Chanthorn","2026-08-15 16:16:25",588.5,2,aotchanthorn
6162,16658377,Masaya,"2026-09-04 15:10:14",588.3,2,irrohas
6163,16775770,"Ashish Kumar","2026-08-27 17:18:58",588.2,1,whoashish115
6164,16655044,"Darius Kolycius","2026-08-04 09:49:01",588.2,2,dariuskolycius
6165,16664709,kai,"2026-08-18 23:29:11",588.0,2,sungwo101
6166,16724202,"Sooriya Senthilkumar","2026-08-23 05:25:47",587.8,2,sooriyasenthilkumar
6167,16926090,"Amr Fadhilah Abiyyu Alif Basysyar","2026-09-21 00:35:25",587.4,2,amrfadhilah
6168,16730028,"Ken Qian","2026-08-17 03:10:15",587.4,2,kenqian
6169,16687925,BillDoser,"2026-09-11 21:54:35",587.4,2,billdoser
6170,16796445,"Md Aminul Islam","2026-09-23 23:47:12",587.3,2,aminulabir
6171,16638031,vlad101,"2026-08-21 15:10:27",587.2,2,vlad101
6172,16777740,hoangnnh67,"2026-08-28 22:12:22",587.0,2,hoangnnh67
6173,16937197,men-of-culture,"2026-09-24 06:52:33",587.0,2,leejianrong
6174,16734595,"Abhimanyu Singh","2026-08-20 12:52:38",586.9,2,abhimanyusingh170702
6175,16663884,DevilQ,"2026-08-23 22:08:52",586.8,2,"parhamesm,samuelescarfone12"
6176,16745109,deflexor,"2026-08-27 21:35:07",586.7,2,deflexor050
6177,16918421,"Joseph Kosednar","2026-09-25 21:40:26",586.6,2,josephkosednar
6178,16659939,"Mouafak Dakhlaoui","2026-09-21 02:34:52",586.5,2,sharmoul
6179,16661529,"AL Najafi","2026-08-08 03:39:39",586.4,2,alnajafi
6180,16803726,Yaromir_Ko,"2026-09-08 13:25:00",586.4,2,ronanndex
6181,16888433,SINKO1,"2026-09-25 20:49:06",586.4,2,sinko1
6182,16755111,ingemarieke,"2026-08-21 15:04:53",586.3,1,ingemarieke
6183,16685649,YUYUTA,"2026-09-25 10:57:15",586.0,2,yuyuta
6184,16675457,"Ramana Prabhu Sana","2026-09-21 11:05:54",586.0,2,ramanaprabhusana
6185,16790257,"Shivam Kushwaha","2026-08-30 11:55:08",585.7,2,shivamk21
6186,16712410,aysfshn,"2026-09-09 15:09:08",585.6,2,aysfshn
6187,16657347,"Hibiki M","2026-08-20 15:30:40",585.6,2,hibikibrise
6188,16855755,"Jack Yap","2026-09-10 19:43:36",585.4,2,jackyap
6189,16905679,xaxipiruli,"2026-09-25 18:08:14",585.3,2,xaxipirulazo
6190,16655663,"Farmland Destroyer","2026-08-19 13:43:22",585.3,2,minghaopang
6191,16671940,LJazya,"2026-09-05 02:54:37",584.9,2,jihanelek
6192,16767934,"taha berk","2026-08-26 15:21:51",584.8,2,tahaberkterekli
6193,16716941,林木子吖,"2026-08-24 09:28:59",584.8,2,linmuzi0108
6194,16904550,ukiyois,"2026-09-16 19:54:20",584.6,1,ukiyois
6195,16668819,"ahmedou sidi med","2026-08-19 00:05:55",584.2,2,ahmedousidimed
6196,16662094,"moncef elm","2026-09-23 09:09:03",584.1,2,moncefelm
6197,16880672,"Bennett Hellman","2026-09-18 12:59:02",583.8,2,bennetthellman
6198,16677701,"Coşkun Bağrıaçık","2026-08-10 00:02:25",583.8,2,cbagriacik
6199,16673151,skyblue01,"2026-08-27 07:56:10",583.8,2,skyblue01
6200,16759623,"zhenglu wen","2026-08-26 06:24:09",583.6,2,zhengluwen
6201,16808492,"beginner's luck","2026-09-25 14:07:45",583.6,2,"naohs01,tropicalbanana"
6202,16651661,"Quyền Thịnh","2026-08-07 06:27:45",583.5,2,quynthnh
6203,16660345,"Aadhithya Ramesh","2026-08-06 08:49:10",583.5,2,aadhithyaramesh
6204,16733046,Afordancja,"2026-08-24 18:22:42",583.5,2,afordancja
6205,16854582,BlackWizard00,"2026-09-08 15:32:36",583.5,2,blackwizard00
6206,16671942,"JIVRAJ SINGH","2026-09-05 02:33:23",583.4,2,jivrajsingh
6207,16700785,"VIVEK JAMI","2026-08-19 13:57:57",583.3,2,vivekjami
6208,16724355,hansama.qht,"2026-09-19 15:23:36",583.2,2,hansamaqht
6209,16661650,"Docker container","2026-08-15 18:52:39",583.2,2,yossefaymanzedan
6210,16760604,"Thananut Phiboonbanakit","2026-08-25 14:04:44",582.9,2,tphiboonbanakit
6211,16791960,Boladi,"2026-09-10 00:53:38",582.9,2,boladi
6212,16916387,Nathan,"2026-09-18 14:01:04",582.8,2,nathanpradostapia
6213,16866712,Ddm_demo,"2026-09-20 14:16:05",582.7,2,ddmdemo
6214,16699689,"David Sedláček","2026-08-10 08:38:38",582.7,2,sibicek
6215,16723729,"Lucas Cimiano","2026-08-29 17:21:55",582.7,2,lucascimiano
6216,16935929,"Bhavesh Kolhe","2026-09-23 08:47:28",582.6,2,bhaveshkolhe
6217,16941519,Dr.Hazbulla,"2026-09-24 14:05:45",582.3,2,drhazbulla
6218,16884815,"Idrees Asghar","2026-09-25 01:45:59",582.1,2,adiladil1275
6219,16654328,"QQ Farm","2026-08-28 12:59:12",582.0,2,"huiiyu,titirmt"
6220,16747180,KaiKogure,"2026-09-03 12:46:04",581.9,1,kaikogure
6221,16675780,susutem,"2026-09-24 12:14:06",581.9,2,susutem
6222,16808242,keowpwpwkeo,"2026-09-07 18:23:50",581.7,2,keowpwpwkeo
6223,16651593,"huanxian chen","2026-08-11 11:13:05",581.6,2,huanxiachen
6224,16844262,"S Aishvarya","2026-09-25 19:23:59",581.5,2,saishvarya
6225,16715473,cmrfrd,"2026-08-14 04:58:15",580.9,2,thecmrfrd
6226,16665154,"Omkar Pawar","2026-08-23 12:22:56",580.8,2,omkarrr7
6227,16749236,"Michael Müller","2026-09-07 15:57:15",580.7,2,michaelmller
6228,16888900,"Koh Endru","2026-09-19 12:08:24",580.7,2,kohendru
6229,16743382,"Pavan Rangisetti","2026-09-15 03:42:00",580.6,2,pavanrangisetti
6230,16825667,"Lê Minh Dương","2026-09-08 05:45:07",580.5,2,minhduonq
6231,16655521,"Hemadri Rajyaguru","2026-08-04 02:12:55",580.5,2,hemadrirajyaguru
6232,16735476,"Matthew Liew","2026-08-18 08:02:11",580.4,2,matthewliew
6233,16668439,Lugas024,"2026-08-08 05:33:51",580.4,2,lugas024
6234,16757211,dacho,"2026-09-24 16:15:08",580.3,2,slothcafe
6235,16848416,"Mayank Bhatia","2026-09-07 15:09:19",580.3,2,mikemayankb
6236,16732504,"porsche zheng","2026-08-18 08:19:41",580.3,2,porschezheng
6237,16670313,HamzZZzzZZa,"2026-08-06 22:01:28",579.9,2,memesalot
6238,16699091,Umkaaa,"2026-09-15 14:04:55",579.7,2,umkaaa
6239,16755529,"Rafea Almejrab2025","2026-08-29 16:06:34",579.7,2,rafeaalmejrab2025
6240,16675708,"Mahder Tesfaye Abebe","2026-08-08 08:46:36",579.6,2,mahdertesfayeabebe
6241,16674950,Davide,"2026-09-03 09:22:38",579.5,2,quanttony
6242,16786437,"Kiran Narayana K","2026-08-30 06:45:20",579.3,2,kirannarayanak
6243,16717671,Jeremy,"2026-09-22 22:01:27",579.2,2,lukeenness
6244,16731616,"Mohamed Aashik 24","2026-09-14 19:24:28",579.2,2,mohamedaashik24
6245,16826098,Nomushin,"2026-09-11 13:22:26",579.1,2,nomushin
6246,16665692,Straw_hats,"2026-09-01 07:40:19",579.1,2,"charanno,tvigneshreddy"
6247,16692750,"Hoya need job","2026-09-25 19:01:11",579.0,2,pranavwankhade
6248,16659341,Aryan88097,"2026-08-05 17:26:57",578.8,2,aryan88097
6249,16677366,Gmmastermind,"2026-08-07 01:19:13",578.8,2,gmmastermind
6250,16667630,Sparsh389,"2026-08-06 15:46:09",578.7,2,sparsh389
6251,16661318,"Zeel Kadvani","2026-08-25 11:17:53",578.7,2,zeelkadvani
6252,16793489,hendracos,"2026-09-02 03:10:03",578.5,2,hendracos
6253,16809800,XYZ-Siddhartha,"2026-09-19 15:57:03",578.5,2,siddharthaganguly26
6254,16634204,"m-toshi desu","2026-08-01 06:20:37",578.4,2,mtoshidesu
6255,16664313,CompilingCoder,"2026-08-06 09:38:17",578.3,2,compilingcoder
6256,16665932,"Fabian Birringer","2026-08-21 18:31:41",578.3,2,fabianbirringer
6257,16663998,"Harith Al-Ani","2026-08-24 00:09:54",578.1,2,abo3losh
6258,16885421,"Lee Minseung","2026-09-26 03:48:04",577.9,2,leeminseung
6259,16728799,JulianHahn28,"2026-08-17 21:26:57",577.9,2,julianhahn28
6260,16725913,StarStone_233,"2026-08-16 07:22:12",577.8,2,starstone233
6261,16796509,"Taha Alselwi","2026-09-26 00:09:06",577.8,2,tahaalselwii
6262,16797356,"Thalía Cantero","2026-09-15 15:41:27",577.7,2,thalicantero
6263,16750447,Morpheus0303003,"2026-08-24 16:58:42",577.7,2,morpheus0303003
6264,16665471,"Dennis Navamani","2026-08-25 11:10:08",577.7,2,dennisnavamani
6265,16793892,cjc0013,"2026-08-31 18:27:50",577.7,2,cjc0013
6266,16689391,"Tejas Rajput","2026-08-08 17:21:18",577.6,2,tejasrajput123
6267,16655140,Efthimios,"2026-09-04 08:28:52",577.6,2,efthimiosfousekis
6268,16732529,"lixinglong ye","2026-09-09 07:46:16",577.5,2,lixinglongye
6269,16809158,"Kaito Sada","2026-09-08 05:17:26",577.5,2,kaitosada
6270,16671421,"Gryffin Wang","2026-08-08 23:08:40",577.5,2,gryffindoraf
6271,16663210,"Marco Nasuelli","2026-09-13 15:58:07",577.5,2,marconasuelli
6272,16639867,vibecoder,"2026-08-08 05:34:55",577.4,2,kunal808
6273,16664134,"Pelayo Fernández","2026-08-07 10:36:48",577.1,2,pelayofdez
6274,16657798,"Ian Kim","2026-08-06 05:07:10",577.1,2,ianpkim
6275,16660090,"Kaggriculture @ Farmageddon","2026-09-21 02:23:55",577.0,2,gary08phillios
6276,16679018,"Kushpreet Singh","2026-09-03 23:23:41",576.9,2,kush639
6277,16659663,Chintakrinda_Naveen,"2026-09-22 04:04:37",576.9,2,naveen998
6278,16716365,Murphy,"2026-08-21 14:00:29",576.8,2,taeyounglimdt
6279,16739167,Yeyuqing0913,"2026-09-07 00:36:15",576.7,2,yeyuqing0913
6280,16655578,"Ahmed Merie","2026-08-13 00:11:40",576.6,2,aa7767
6281,16686222,"Nika Chaduneli","2026-08-10 01:21:09",576.6,2,nikachaduneli
6282,16639679,"Felix Allistar","2026-09-23 09:14:32",576.5,2,felixallistar
6283,16664267,"Alan T. Andrea","2026-08-09 03:22:40",576.4,2,alantandrea
6284,16665990,daffaharil,"2026-08-11 07:56:55",576.3,2,"daffaharil,farhansiddiq"
6285,16658042,"Giampietro Pregnolato","2026-08-13 09:17:36",576.0,2,giampietropregnolato
6286,16793189,"Akash Mohan Chaudhary","2026-09-01 18:29:57",576.0,2,akashmohanchaudhary
6287,16662421,"Aparna Mantha","2026-08-06 17:23:34",576.0,2,aparnam91
6288,16768466,BenJung,"2026-09-16 09:44:23",575.8,2,"benjung2512,hyeonglvl,hyeonho028,limjoonsoo"
6289,16655449,tcvieira,"2026-08-06 18:20:34",575.8,2,tcvieira
6290,16711567,"Finn Brooks","2026-08-15 04:40:11",575.8,2,finnbr
6291,16670615,Ahornsirup,"2026-09-06 21:03:14",575.8,2,ahornsirup
6292,16682915,"igeo kK","2026-09-12 23:10:17",575.6,2,igeokk
6293,16733763,Gaurav,"2026-09-04 00:54:37",575.6,2,gauravahlawat
6294,16666648,"Sriram Reddy19","2026-08-06 08:40:07",575.5,2,sriramreddy19
6295,16671680,"Joe Hall","2026-08-10 19:02:30",575.4,2,halljr
6296,16683383,Boardgamers,"2026-09-25 19:33:03",575.4,2,"cgchirag,hitishagoyal,nandneepriya,navneetprabhat"
6297,16810497,Garuda,"2026-09-07 06:32:01",574.9,2,santhoshreddypasnoor
6298,16714100,SuperMercat,"2026-09-09 15:13:08",574.9,2,supermercat
6299,16660005,DreamX5678,"2026-08-06 07:55:06",574.8,2,dreamx5678
6300,16897403,"Abel Markose","2026-09-18 03:08:38",574.7,2,"abelmarkose,sreehari3301"
6301,16711868,"Mark Cooper","2026-08-16 13:09:02",574.7,2,markjcooper
6302,16719696,"Spencer Farrand","2026-08-17 18:40:28",574.7,2,spencerfarrand
6303,16708824,"Tanaka Chiromo","2026-08-20 11:12:22",574.6,2,tanakachiromo
6304,16654099,"Bhupin Thapa magar","2026-08-10 09:22:06",574.6,2,vupeenthapamagar
6305,16763113,sowhatwillwelearn,"2026-09-01 11:03:47",574.4,2,sowhatwillwelearn
6306,16632994,primal,"2026-08-12 16:02:29",574.4,2,primalhost
6307,16699140,St.Valentine,"2026-08-18 09:49:04",574.3,2,stvalentin3
6308,16755548,"Manuel Ramos","2026-08-27 19:06:26",574.3,2,aizpask13
6309,16752362,"Shashank Jangid (G25AIT2100)","2026-09-25 12:43:50",574.2,2,shashankjangid
6310,16892971,BeachedRobot,"2026-09-26 02:46:44",574.2,2,beachedrobot
6311,16654640,"Halil Akbas","2026-08-28 00:32:12",574.1,2,halilbrahimakbas
6312,16738336,"Guo Xuehan","2026-09-02 05:44:05",574.1,2,zmllls
6313,16725871,"Patrice Santiago","2026-09-03 22:19:56",574.1,2,patricesantiago
6314,16701034,notnorm,"2026-08-11 10:31:23",574.1,1,notnorm
6315,16854414,handsomeHBS,"2026-09-20 04:23:54",574.1,2,handsomehbs
6316,16668211,"Alejandro Hernández Mairal","2026-09-03 13:28:29",573.9,2,alherma7
6317,16629844,IsaacJinyu,"2026-08-01 15:39:55",573.8,2,isaacjinyu
6318,16787200,"HayDay Protestors","2026-09-23 16:59:25",573.7,2,"aaronjoshuaemmanuel,anjulasankalpa,chamathjayashanka,ghostd,prabhashanmadurawala"
6319,16731447,"Rúben Martins","2026-08-19 20:55:42",573.7,2,rubenmartins10
6320,16926169,LeoBode,"2026-09-23 14:47:18",573.5,2,lebo124
6321,16623644,Accer_sz,"2026-08-02 00:27:32",573.5,2,accersz
6322,16777228,"Zach Locke","2026-09-18 10:25:06",573.2,2,zachlocke
6323,16774890,SkoopSkoop,"2026-08-31 16:08:04",573.1,2,skoopskoop
6324,16768058,"Ibrahim Anaz","2026-09-25 22:20:32",573.1,2,ibrahimanaz
6325,16675832,"Dean Shalev","2026-08-09 04:12:47",572.9,2,deanshalev
6326,16663909,HDPark,"2026-08-17 04:48:41",572.7,2,hdpark
6327,16655027,"Artem Zenkevich","2026-08-16 13:09:58",572.6,2,artemzen
6328,16661210,vizyourdata,"2026-08-07 11:05:08",572.6,2,vizyourdata
6329,16928702,UnkaiNene,"2026-09-24 18:17:23",572.6,2,unkainene
6330,16717614,Dhanyashree1028,"2026-08-16 15:00:37",572.6,2,dhanyashree1028
6331,16756677,"Pyzh Vladislav","2026-08-24 10:19:44",572.6,2,pyzhvladislav
6332,16864562,otaniyu,"2026-09-15 00:53:18",572.4,2,otaniyu
6333,16756564,"Nicolas Defossé","2026-08-25 21:10:58",572.3,2,nicolasdefoss
6334,16811935,"Bhargavaram Gajula","2026-09-05 18:08:56",572.3,2,bhargavaramgajula007
6335,16623213,zulfikar.khalwaniev,"2026-08-23 09:08:56",572.2,1,khalwaniev
6336,16709318,"Jana Hagen","2026-08-26 18:00:16",572.2,2,janahagen
6337,16759265,AI老爸,"2026-09-06 15:42:27",572.1,2,tsengchienchih
6338,16771001,"0x1369 T-Farm","2026-08-31 04:38:04",571.9,2,xcryst
6339,16674504,"Arunabh Gupta","2026-08-18 11:10:33",571.9,2,"arunabhsgupt4,eggsysy"
6340,16867608,"Paul M","2026-09-25 21:16:56",571.6,1,pillow5
6341,16881624,RetrainMap,"2026-09-12 20:08:45",571.5,2,retrainmap
6342,16833063,"Fidel Escalona","2026-09-25 23:48:15",571.2,2,fbescalo
6343,16664790,"soumic 1088","2026-08-19 08:34:34",571.1,2,soumic1088
6344,16799391,"Mehdi El M.","2026-09-07 14:08:22",570.8,2,mehdielm
6345,16717952,Aydar,"2026-08-29 21:28:35",570.8,2,aydara
6346,16767632,"robin baldeo","2026-09-24 22:26:00",570.8,2,robinbaldeo
6347,16735624,"Marc Rippee","2026-08-24 05:03:34",570.8,2,marcrippee
6348,16683282,ayushk_empire,"2026-08-14 11:50:15",570.7,2,ayushkempire
6349,16853993,"Christie Lam","2026-09-16 03:13:27",570.7,2,christielam
6350,16665133,"Abhishek Dubey","2026-08-10 13:28:57",570.3,2,abhishekdubey911
6351,16666084,"Andaç Demirdelen","2026-08-09 19:18:08",570.3,2,andacdemirdelen
6352,16882160,"John Doe #2","2026-09-12 18:04:56",570.2,1,realgrape
6353,16767932,"Mark #3","2026-09-24 12:07:36",570.2,2,markdjadchenko
6354,16668648,"Mason R. Brito","2026-09-10 16:58:25",569.9,2,masonrbrito
6355,16745972,yamy893,"2026-08-22 02:14:20",569.8,2,yamy893
6356,16757280,"manos papagiannidis","2026-09-09 08:30:46",569.7,2,manospapagiannidis
6357,16667514,"Kakarott 10","2026-08-06 09:05:43",569.6,2,kakarott10
6358,16927406,wmar,"2026-09-25 17:51:43",569.5,2,wmar38334
6359,16677178,"YOUSSEF FAID","2026-08-11 21:10:38",569.5,2,yousseffaid
6360,16687548,"Shubham Tibrewal","2026-09-22 07:13:23",569.3,2,researchai2026
6361,16763088,mason.jr,"2026-08-25 04:29:36",569.1,2,haophanzx
6362,16854535,Dragon,"2026-09-09 16:48:11",569.1,2,dragon116rus
6363,16771283,taroyan-vamos,"2026-09-08 15:31:54",569.0,2,taroyanvamos
6364,16806165,"Kaige Wei","2026-09-21 03:07:06",568.7,2,kaigewei0403
6365,16714208,TirumalaMarri,"2026-08-29 00:04:15",568.5,2,mtreddy
6366,16692896,"Guy Lev","2026-08-20 19:18:52",568.1,2,sarthobi
6367,16730231,chandler14362,"2026-08-29 03:04:49",567.9,2,chandler14362
6368,16753353,"Aayush Kumar","2026-09-23 14:16:00",567.8,2,devaayushkumar
6369,16655527,"Saurabh Kumar","2026-08-06 08:14:52",567.4,2,sk25oct
6370,16793802,"Andrew Lam","2026-09-01 09:07:56",567.2,2,andrewlam23
6371,16734822,Zcy,"2026-09-20 12:04:41",567.1,2,laura831
6372,16727241,Yogesh2850,"2026-08-17 09:55:08",567.1,2,yogesh2850
6373,16655039,"Andrew Yip","2026-08-06 20:14:49",567.0,2,yipcma
6374,16713249,"vedant patnala","2026-08-27 22:38:03",567.0,2,vedantpatnala
6375,16690869,"Yudai Hayashi","2026-08-23 09:14:30",566.9,2,yuhaya9
6376,16731173,AynRmio,"2026-09-17 08:48:38",566.8,2,aynrmio
6377,16823681,Yielder,"2026-09-10 16:59:40",566.8,2,georgepapasideris
6378,16652635,panacea9320,"2026-08-05 10:45:06",566.8,2,panacea9320
6379,16692995,RafaMartinaitis,"2026-08-22 11:50:10",566.7,2,rafaelmartinaitis
6380,16793913,"Vrushal Patil","2026-09-06 11:13:36",566.6,2,vrushalpatil
6381,16731009,"Joseph Paris","2026-08-24 05:32:21",566.5,2,josephkparis
6382,16662120,"Harpal Gujral","2026-08-25 18:07:07",566.5,2,harpalgujral
6383,16689398,Reesh,"2026-08-11 08:55:10",566.5,2,rishileung
6384,16669393,"ÖMER FARUK YILMAZ","2026-08-07 19:54:59",566.2,2,ofyzero
6385,16632510,shi_koyo,"2026-08-04 08:58:56",565.8,2,shikoyo
6386,16744133,"levr hang","2026-09-08 16:39:27",565.8,1,levrhang
6387,16774524,ShinYingChua,"2026-09-13 15:35:15",565.7,2,shinyingchua
6388,16770674,"Arpit Jain","2026-09-02 11:44:36",565.0,2,arpitjain5
6389,16663656,"Andrii Kavetskyi","2026-08-20 21:48:20",565.0,2,andriykavetsky
6390,16670698,"Tamerlan Dadashov","2026-08-09 10:36:12",564.9,2,tamerlandadashov
6391,16845009,"Nyasha Gandah","2026-09-15 06:20:21",564.8,2,nyashagandah
6392,16730236,加麻不加辣,"2026-09-17 13:03:48",564.6,2,"shiyuanhe123,zihaokang"
6393,16795256,"N Nelson","2026-09-05 14:29:25",564.4,2,napoliyannelson
6394,16739449,SelvapriyankaRam,"2026-08-24 18:44:21",564.4,2,selvapriyankaram
6395,16937434,iit24m1520,"2026-09-23 06:17:13",564.1,2,iit24m1520
6396,16850246,"Makarand Gokhale","2026-09-24 01:08:26",563.9,2,makarandgokhale
6397,16926026,"Michael Pamurahardjo","2026-09-24 17:40:08",563.8,2,michaelpamurahardjo
6398,16694134,"Sophia Leng","2026-08-24 20:04:10",563.7,1,sophialeng9
6399,16715225,"Someswararao Tellakula","2026-08-17 01:15:37",563.7,2,someshtellakula
6400,16755344,"Alizen James","2026-08-23 18:34:30",563.7,2,alizenjames
6401,16791701,"Tired Dad Data","2026-09-12 21:37:23",563.4,2,alexmaggard
6402,16770891,"Oleg Shatov","2026-09-05 16:34:56",563.3,2,bishkek
6403,16671237,"Jose Alejandro Rivera Jaramillo","2026-08-07 18:13:13",563.2,2,alejandroriveraj
6404,16706455,"John Andrei Martinez","2026-08-18 18:55:04",563.1,2,johnandreimartinez
6405,16713366,BANKAI,"2026-09-21 18:36:08",563.0,2,igors97
6406,16732307,"Shobha Vashishtha","2026-08-17 12:32:07",562.7,1,shobhavashishtha
6407,16851330,umar,"2026-09-16 03:04:16",562.5,2,umar4md
6408,16687390,"Mark Calvert","2026-08-08 09:51:55",562.4,2,markycalvert
6409,16689033,arman1o1,"2026-09-01 05:01:27",562.3,2,arman1o1
6410,16668175,el_dedalus,"2026-08-06 14:48:01",562.1,2,eldedalus
6411,16700885,"Malala Ramaha","2026-09-19 17:11:00",562.1,2,malalaramaha
6412,16777056,"Seb boulba","2026-08-27 21:03:26",561.5,2,sebboulba
6413,16660138,"Sanchit Handa","2026-09-12 18:45:23",561.4,2,"harmanjotsingh8,sanchithanda182006"
6414,16707037,"Cedoque BAGBONON","2026-09-20 10:27:32",561.3,2,cedbag
6415,16892496,"Alif Mahmud 1993","2026-09-15 16:35:27",561.3,2,alifmahmud1993
6416,16659418,"Fonge Bertin","2026-08-06 09:26:33",561.3,2,fongebertin
6417,16789914,AkikJana,"2026-09-07 16:37:53",561.2,2,firewaterair
6418,16717245,bernard558,"2026-08-24 22:18:16",560.9,2,bernard558
6419,16925954,"Ibrahim Emir Tosun","2026-09-20 10:48:22",560.8,2,tosunn
6420,16666099,"Marcben James Samuel","2026-09-17 05:52:20",560.8,2,marcbenjamessamuel
6421,16847801,"Joachim Oliver Mampouya","2026-09-08 14:54:14",560.7,2,olivermam
6422,16671256,"Navid Zaman","2026-09-08 13:58:31",560.7,2,navidzaman01
6423,16670070,"Kirill Molostov","2026-08-31 12:18:26",560.6,2,kirillmolostov
6424,16731260,"Jeel Gajera","2026-08-18 07:44:44",560.5,2,jeelog
6425,16785687,"AP SEM F STUDENTS","2026-08-31 03:52:37",560.4,2,"advaithn0518,rohanjeyavel,shrivatsamurugan,stitchsages"
6426,16621407,Kh0a,"2026-09-15 06:55:26",560.4,2,llkh0a
6427,16781377,AgriMind,"2026-09-20 23:27:15",560.3,2,slimaneguermat
6428,16658019,ไอติวบ้านปังมาเอาแช้มมมม,"2026-08-08 18:43:05",560.2,2,tewnabhat
6429,16707767,"Lai Eu Wen","2026-08-16 16:47:50",560.1,2,laieuwen
6430,16851079,"Nathaniel Marshall","2026-09-08 02:04:22",560.1,2,nm4rshall
6431,16846408,"Arpit Gole","2026-09-16 02:21:23",559.9,2,connecttoarpitgole
6432,16674841,"Syna Bedi","2026-08-15 09:57:28",559.9,2,synabedi
6433,16841559,dal7,"2026-09-09 04:32:12",559.9,2,purelyconceptual
6434,16686743,charmander,"2026-09-11 15:44:15",559.8,2,rahuladhi
6435,16673359,hasshi7965,"2026-09-23 04:34:47",559.7,2,hasshi7965
6436,16691518,"Sander Ee","2026-08-09 12:03:09",559.5,2,sanderee
6437,16731996,Chloe,"2026-08-18 02:58:05",559.5,2,chenchloehaimo
6438,16691398,"Time to Win","2026-09-03 04:36:52",559.5,2,yatharthdurgapal
6439,16665894,"Pedro Wu","2026-09-03 03:40:31",559.5,2,pedropei
6440,16658009,"Lando Wang","2026-08-05 02:18:17",559.4,2,landowang
6441,16793895,"Moh Notif","2026-09-26 00:04:55",559.4,2,mohnotif
6442,16702993,PLM,"2026-08-30 13:58:34",559.0,2,"ileabogdan,popu23,razvaniga,rvaurs"
6443,16669396,Fleo98,"2026-08-10 15:43:34",558.7,2,fleo98
6444,16622938,"Farmville Redux","2026-08-03 18:58:04",558.7,2,daveconnor
6445,16711928,Leraaaa,"2026-09-23 10:08:02",558.6,2,leraaaa
6446,16750751,AarizKh,"2026-09-09 16:28:15",558.6,2,aarizkh
6447,16699756,"zhang xin","2026-09-23 02:00:57",558.6,2,zhangxin300
6448,16844527,"Suyog Gund","2026-09-12 18:30:05",558.6,2,suyoggund
6449,16862124,"Lei Yang23","2026-09-16 18:09:55",558.5,2,leiyang23
6450,16792449,SKYisSKYisSKY,"2026-08-31 04:16:07",558.4,2,skyisskyissky
6451,16728743,Miki_Nuummiu,"2026-09-16 20:54:12",558.3,2,mikinuummiu
6452,16696916,Sundar,"2026-08-11 13:04:59",558.2,2,vsundar17697
6453,16715495,Yashi003,"2026-08-24 04:44:40",558.1,2,yashi003
6454,16664041,"an Expired Engineer","2026-08-17 12:02:21",558.1,2,sanggusti
6455,16635377,het2554,"2026-09-13 07:55:05",558.0,2,crazy2554
6456,16730104,BartHeart,"2026-08-20 18:58:23",558.0,2,bartheart
6457,16659367,"Tayyab Aamir","2026-08-06 10:59:49",557.9,2,duketi
6458,16809136,"Xander Lee","2026-09-04 13:56:48",557.9,2,xndlee
6459,16724819,Dwij12,"2026-08-20 18:28:01",557.8,2,dwij12
6460,16712870,"Jose Gibson","2026-08-13 20:09:11",557.7,2,josegibson
6461,16674612,"Muhammad Dhiaz Rafilianza","2026-09-25 12:28:11",557.5,2,dhiazr
6462,16637776,MarvelousXun,"2026-08-03 09:33:38",557.4,2,marvelousxun
6463,16720143,"AMAN PANDEY","2026-08-16 13:57:00",557.4,2,amanapofficial
6464,16730030,"Jared Wilder","2026-08-17 14:23:15",557.4,2,jaredwilder
6465,16625047,BOBQWERA,"2026-08-02 06:34:18",557.3,2,bobqwera
6466,16697526,"Jurgen Sinjari","2026-08-10 21:21:26",557.3,2,jurgensinjari
6467,16844385,"Michael Leo Tan","2026-09-08 02:56:03",557.2,2,michaelleotan
6468,16664415,"Imerson Krysthio","2026-08-12 05:37:03",556.8,2,imersonk
6469,16671420,"Chengchen Duan","2026-08-17 15:25:09",556.8,2,chengchenduan
6470,16779539,"Dmitri Bugakov","2026-08-27 16:34:42",556.8,2,dmitrybugakov
6471,16660319,fahimMK,"2026-09-19 16:43:05",556.8,2,fahimmk
6472,16697941,"Raphael Coelho","2026-08-16 15:24:28",556.7,2,raphaelrrcoelho
6473,16823853,Zerbytheboss,"2026-09-06 22:03:05",556.6,2,zerbytheboss
6474,16720788,Anson,"2026-09-05 19:45:48",556.4,2,anson0496
6475,16943628,"Michael Liu","2026-09-23 04:19:13",556.1,2,mliu1204
6476,16686613,Zubatch,"2026-08-15 20:11:39",556.0,2,zubatch
6477,16738261,"Samuel Moreira","2026-08-24 14:11:40",555.9,2,samuelmoreira420
6478,16658937,SebastianQbiak,"2026-08-05 06:20:18",555.8,2,sebastianqbiak
6479,16805275,"Women or something","2026-09-21 22:01:32",555.8,2,"appalachianmounta1n,reneeschmidt"
6480,16658686,"Alpesh Kumar","2026-08-08 06:12:31",555.8,2,alpeshkumar
6481,16689919,"Koren Ben Ezra","2026-08-08 17:49:55",555.6,2,korenbenezra
6482,16621811,"Shaun Andrade","2026-08-01 00:44:42",555.5,2,shaunandrade
6483,16665060,Pipeweed,"2026-08-27 18:14:40",555.2,2,pipeweed56
6484,16663708,"Imran Ahamed","2026-09-23 19:36:27",555.2,2,immu4989
6485,16657016,"MD. AS-AID RAHMAN","2026-08-26 15:57:49",555.2,2,mdasaidrahman
6486,16654746,"Michael Mullen","2026-08-06 11:08:31",555.2,2,mmullen200
6487,16904690,"yuya #2","2026-09-17 07:21:26",555.1,2,pineandtree
6488,16630837,"Vishal Sharma","2026-08-05 18:24:44",555.0,2,vishal40182
6489,16924174,"Brijesh Sankhavara","2026-09-19 07:12:58",554.8,1,brijeshsankhavara1
6490,16886077,"Rajan Aggarwal","2026-09-17 15:19:02",554.6,2,rajanaggarwal11
6491,16654454,"Haoxiang Li","2026-09-06 09:24:47",554.6,2,haoxiangli789
6492,16774843,"Assylkhan Kerey","2026-08-30 03:16:54",554.5,2,n0nlyy
6493,16670708,"Mohammad Usman Sajid","2026-09-03 18:26:11",554.5,2,mohammadusmansajid
6494,16650930,"Govind Sharma","2026-08-24 09:25:23",554.5,2,govindsarswat
6495,16669597,农业农村部,"2026-08-10 19:11:08",554.3,2,"bingzhenghan,hrwan1,krasuszl"
6496,16708907,"[Deleted] 84526ff4-3aed-4b4b-a45f-a4486f01cb7b","2026-08-13 20:01:55",554.2,2,del=34c747d6ee8d2bd7
6497,16877886,"Mohamed el.harery","2026-09-16 00:51:49",554.1,2,mohamedelharery
6498,16673191,juliye,"2026-08-10 03:49:13",554.0,2,juliye
6499,16678157,"Ayush Kumawat","2026-08-14 13:10:02",553.9,2,ayushkumawat21
6500,16697261,nbauerle,"2026-08-14 15:10:38",553.8,2,nbauerle
6501,16890342,Bin.Han,"2026-09-21 05:17:00",553.7,2,binhan0514
6502,16717850,"HeeGwan Lee","2026-09-06 11:51:49",553.6,2,heegwanlee
6503,16743815,"Asanka Pradeep","2026-08-23 14:32:46",553.4,2,asanakapr
6504,16694064,RRK0123,"2026-08-17 05:30:52",553.4,2,rrk0123
6505,16655571,yuken,"2026-08-07 13:27:53",553.3,2,yukenai
6506,16669595,evanca,"2026-08-08 12:27:56",553.3,2,evanca
6507,16843436,ktaery,"2026-09-20 15:56:31",553.2,2,ktaery
6508,16667143,"Noct-Tech zombie","2026-08-06 13:46:51",553.2,2,jo3thaboss
6509,16730461,"Mubin Shaikh","2026-08-19 06:09:17",553.2,2,shaikhmubin
6510,16811603,hundun,"2026-09-04 09:48:18",553.1,2,zhongh4oyang
6511,16640888,"Dhe Yeong","2026-09-25 03:38:43",553.0,2,dheyeong
6512,16659951,"CHRISTOPHER CRILLY","2026-09-11 12:23:20",552.9,2,christophercrilly
6513,16732609,"Filippo Paninforni","2026-08-19 18:30:22",552.9,2,filippopaninforni
6514,16744534,"Leonardo Custode","2026-09-11 09:16:04",552.8,2,leocus
6515,16748603,qianzhonhao,"2026-09-03 08:20:45",552.5,2,qianzhonhao
6516,16793680,prajval_p,"2026-09-01 01:03:39",552.5,2,prajvalp
6517,16761451,gulag,"2026-08-24 03:39:54",552.3,2,moglin
6518,16673981,"Aarya Jadhav","2026-09-22 15:24:49",552.1,2,aaryajadhav0310
6519,16681149,Lee14k,"2026-08-19 17:00:35",552.0,2,lee14k
6520,16857823,"Hà Công Nga ","2026-09-10 02:49:42",552.0,2,hcngnga
6521,16732048,jiangletian,"2026-09-23 08:26:10",552.0,2,jiangletian
6522,16623745,chunluran,"2026-09-25 15:19:29",552.0,2,chunluran
6523,16718366,RATriculture,"2026-08-28 19:15:28",551.9,2,tarasshchur
6524,16662103,"Saravana Thiagarajan K","2026-08-05 21:43:42",551.9,2,saravanatk1984
6525,16633379,"Artem Prokhorov","2026-07-31 20:53:32",551.8,1,catfield123
6526,16866643,"Yan Slabodich","2026-09-15 08:02:34",551.5,2,yanskij
6527,16659138,allenbcy,"2026-09-10 14:41:18",551.3,2,allenbcy
6528,16789550,foundtion,"2026-08-30 13:19:22",551.2,2,foundtion
6529,16677231,"Ahmed Bootaan","2026-08-06 18:08:52",551.1,2,ahmedbootaan
6530,16655426,engin_zhou,"2026-08-05 15:21:18",551.0,2,enginzhou
6531,16743823,"Zeyu Huang_summer","2026-09-14 15:40:41",550.9,2,zeyuhuangsummer
6532,16660540,Minikotey,"2026-08-16 15:34:40",550.9,2,juliapatarishina
6533,16663766,"Anup Gautam","2026-08-08 01:29:10",550.8,2,anupanda
6534,16700441,"Houssem RIAHI","2026-08-27 14:54:09",550.7,2,houssemriahi
6535,16676360,"Chris Kang","2026-08-17 10:07:49",550.6,2,rukawa917
6536,16782187,"Margo Kim","2026-08-28 19:15:18",550.4,2,margokim
6537,16693988,"Pranav Gupta","2026-08-18 03:51:41",550.3,2,kumbhakarann
6538,16762994,AdvancedRising,"2026-09-13 14:54:28",550.3,2,advancedrising
6539,16657871,Lucienne,"2026-08-05 03:13:59",550.3,2,yangnianan
6540,16676534,AlphaBound,"2026-08-25 05:26:32",550.1,2,somsubhrometya
6541,16688175,aarav221w,"2026-08-25 23:40:16",550.1,2,aarav221w
6542,16718363,"Jarbas Camurça","2026-08-28 11:15:44",550.0,2,pjarbas
6543,16732357,"Thales Augusto Leite de Souza","2026-08-23 23:43:38",550.0,2,thalestals
6544,16855052,pk954061458,"2026-09-14 10:37:54",550.0,2,pk954061458
6545,16837934,"Osman ILICA","2026-09-09 02:30:19",550.0,2,osmanilica
6546,16937883,Philip,"2026-09-21 21:27:47",549.8,2,timmi22194
6547,16658106,"Devam juthani","2026-08-05 08:18:14",549.7,2,devamjuthani
6548,16732725,MackTen,"2026-08-19 08:14:01",549.7,2,mackten
6549,16947326,"Sachin Sachdeva","2026-09-23 12:55:56",549.7,2,sachinsachdeva
6550,16692450,duckypants,"2026-08-23 20:36:59",549.4,2,duckypants
6551,16634316,"Cao Tùng Lâm","2026-09-01 07:16:08",549.3,2,liamislazy
6552,16786140,valgrinderror,"2026-09-18 19:36:35",549.3,2,valgrinderror
6553,16661564,yang20251228,"2026-09-02 03:40:29",549.2,2,yang20251228
6554,16718445,"Hamza Elmorjani","2026-08-15 12:16:55",549.2,2,hamzaelmorjani03
6555,16697704,"Leonid Matetskiy","2026-08-09 21:39:06",549.2,2,leonidmatetskiy
6556,16892008,#FeedThePuffer,"2026-09-21 02:24:32",549.0,2,"andrdalbosco,gabmaury"
6557,16639408,Invictus,"2026-08-11 22:44:04",548.9,2,nicho256
6558,16946099,"CupidCloris Zeus","2026-09-25 11:20:18",548.8,2,cupidcloriszeus
6559,16663677,"Aghazie David","2026-08-07 00:32:14",548.7,2,aghaziedavid
6560,16660670,"Chirag Bhatnagar","2026-08-31 09:21:45",548.5,2,chiragbhatn
6561,16675074,ahiokk,"2026-08-07 07:58:44",548.1,2,ahiokk
6562,16883048,"Amit Gunjan","2026-09-23 00:17:42",548.1,2,daydreamerthinks
6563,16687448,"Israel Burns","2026-08-12 08:41:38",548.1,2,israelburns
6564,16657104,"Bashar Gamal","2026-09-15 05:51:30",548.0,2,bashargamal
6565,16736261,"Saptanshu Samal","2026-08-22 12:02:42",547.9,2,saptanshusamal
6566,16665622,one,"2026-08-11 04:10:11",547.8,2,richardsplayground
6567,16721877,SuzukiTakumi,"2026-09-26 01:44:49",547.8,2,suzukitakumi
6568,16663437,inversion,"2026-08-04 20:44:41",547.7,1,inversion
6569,16682876,"Kartik Garg","2026-08-09 05:21:34",547.6,2,kartikgarg97
6570,16808696,마짱MAZZANG,"2026-09-04 09:41:16",547.6,2,mazzang
6571,16667565,BeeDeeR,"2026-09-23 01:13:42",547.4,2,beedeer
6572,16749104,danielx119,"2026-08-20 16:36:00",547.3,2,danielx119
6573,16744898,"Tore Erdmann","2026-09-19 16:19:24",547.2,2,toreerdmann
6574,16896490,"Yiman Gao","2026-09-21 08:15:16",547.1,2,yimangao
6575,16655651,"Kevin Cho","2026-09-14 16:40:58",547.1,2,chokevinjs
6576,16863015,"Carlos Jaime","2026-09-24 03:14:47",546.8,2,cjaime708
6577,16752899,"Nicolò Alberti","2026-08-23 09:16:36",546.5,2,nicolalberti
6578,16699711,"maxscender ","2026-08-13 14:03:35",546.5,2,maxscender
6579,16702118,"cemal özdeniz","2026-08-10 20:27:17",546.5,2,cemalzdeniz
6580,16667818,AjayVarma555,"2026-08-09 15:14:45",546.4,2,ajayvarma555
6581,16767754,"Dr. T","2026-09-23 06:55:54",546.2,2,davinor
6582,16681660,"Parham Ghazanfari","2026-08-07 20:18:18",546.1,1,parhamghazanfari
6583,16744239,"Diogo Gomes ","2026-08-25 09:39:28",546.1,2,diogogomes
6584,16693233,"Noah Wheeler","2026-09-22 23:13:00",546.0,2,nwheeler806
6585,16899050,SerenaLsr,"2026-09-16 03:35:02",545.7,2,serenalsr
6586,16659598,kudston,"2026-09-15 18:38:11",545.7,2,kudston
6587,16763287,Sathishkumartheta,"2026-08-25 18:53:26",545.7,2,sathishkumartheta
6588,16669545,"Rishabh Gupta","2026-08-06 18:19:04",545.7,2,rishabhguptajs
6589,16811259,"Aaryan Agarwal","2026-09-03 20:21:00",545.7,1,aaryanagarwal
6590,16839030,minedmap,"2026-09-07 20:19:52",545.5,2,minedmap
6591,16684886,HTHub,"2026-08-08 00:12:47",545.4,2,adegokesaidi
6592,16726080,"Arda Yasar","2026-08-19 06:02:10",545.3,2,ardayasar
6593,16706413,"Song Research","2026-08-18 00:39:36",545.3,2,sangbong91
6594,16670544,"William Rients","2026-08-06 00:01:02",545.1,2,williamrients
6595,16707078,"Loïc & Zach","2026-08-24 20:25:24",545.1,2,"locmmeteau,zachariedubus"
6596,16692680,"Marc-Luca ","2026-08-11 12:02:15",545.0,2,marcluca
6597,16747345,"Alex #3","2026-09-17 08:59:07",545.0,2,alexb99
6598,16872064,"Jimmy Erickson","2026-09-13 19:43:54",545.0,2,jimmyerickson
6599,16663551,"Germinator G-1000","2026-09-18 19:25:47",544.9,2,sinkingpoint
6600,16656883,KK,"2026-08-05 10:27:15",544.9,2,kkonzyb
6601,16826099,"Aykut Çağlar","2026-09-15 16:08:32",544.8,2,aykutcaglar
6602,16657105,"Mathijs Deelen","2026-08-05 01:16:34",544.6,2,mathijsdeelen
6603,16831074,BiNar,"2026-09-18 19:13:55",544.6,2,durbinar
6604,16703129,"Pratik Vadher","2026-08-10 21:08:27",544.5,1,pratikvadher
6605,16674106,Nanga_rendu_peru,"2026-09-24 16:10:18",544.4,2,"dineshak07,jaikrishna007"
6606,16688220,Aadi,"2026-08-24 23:10:37",544.4,2,aadicv
6607,16640504,"Recep Öztürk","2026-08-26 11:19:31",544.4,2,rcpztrrk1
6608,16728195,"6 GOD","2026-08-21 15:50:28",544.3,2,tertospacko
6609,16656792,"Gnanaprakash R","2026-08-28 15:05:38",544.2,2,gnanaprakashr
6610,16696526,"Reda HEDDAD","2026-09-05 21:17:22",544.1,2,redaheddad
6611,16794491,"Sushant Pargaonkar","2026-09-02 02:59:45",544.1,2,sushantpargaonkar
6612,16691552,"Koshtubh Singh Parihar","2026-08-09 03:19:39",544.0,2,koshtubhsinghparihar
6613,16786297,isxinhe,"2026-09-19 16:25:26",544.0,2,isxinhe
6614,16660419,"Kai-Shih Chiu","2026-08-06 12:54:22",544.0,2,kaishihchiu
6615,16729531,alfphafarm,"2026-08-19 19:09:48",543.9,2,vudattumaniteja
6616,16728220,Naki,"2026-09-08 11:50:44",543.9,2,nanakiohashi
6617,16672370,"Yash Barhanpurkar","2026-09-10 17:36:18",543.9,2,yashbarhanpurkar
6618,16863952,"Kuei-Hsien Chu","2026-09-10 06:14:39",543.8,2,formosa21
6619,16800950,"Mani Kanta Kalluru","2026-09-09 17:17:20",543.7,2,manikantakalluru
6620,16664731,UT,"2026-08-21 15:24:42",543.7,2,"sabapunch,wasshan"
6621,16659446,zhaozy233,"2026-08-15 16:51:36",543.5,2,zhaozy233
6622,16657794,"Aromal vK","2026-08-06 15:35:11",543.4,2,aromalvk
6623,16690736,omarkami007,"2026-08-11 18:40:45",543.4,2,omarkami007
6624,16730105,"Leonardo Palis","2026-08-17 03:35:05",543.4,2,leonardopalis
6625,16895374,JerryWang19,"2026-09-15 08:09:57",543.3,1,jerrywang19
6626,16762010,"Ivan Piaternev","2026-09-15 08:14:40",543.3,2,iamvanya
6627,16704437,babybuffalo,"2026-08-25 16:11:16",543.3,2,babybuffalo
6628,16906705,"Gaurav Vyas","2026-09-20 17:24:05",543.0,2,ctogaurav
6629,16726873,@F,"2026-08-16 01:43:22",542.8,1,atefbouzid
6630,16658738,Aman,"2026-08-05 11:12:10",542.8,2,amank95amank95
6631,16773779,"Daichi Tanaka","2026-08-31 03:38:48",542.7,2,daichit64
6632,16732003,"HAO jia liu","2026-08-18 09:58:05",542.7,2,haojialiu
6633,16750614,"Shivansh Chaudhary","2026-09-05 06:17:27",542.6,2,shivanshchoo
6634,16684674,"Ch Muhammad Umer ","2026-08-11 08:11:36",542.6,2,chmuhammadumer
6635,16868576,DarkhanShakhan,"2026-09-15 20:17:01",542.5,2,darkhan1991
6636,16704864,ksj00610,"2026-08-12 08:47:16",542.4,2,ksj00610
6637,16712902,"Ethan Benjamin Cole","2026-08-13 12:19:26",542.4,2,ethanbenjamincole
6638,16655272,"Artur Sakhiullin","2026-08-09 14:27:52",542.4,2,artursakhiullin
6639,16891652,Cristian034,"2026-09-24 09:24:15",542.4,2,cristian034
6640,16904318,"wofi poria","2026-09-18 01:33:18",542.2,2,wofiporia
6641,16666483,"Salih Erdem Kaymak","2026-08-08 17:32:38",542.1,2,saliherdemkaymak
6642,16733873,"Shirish Chinchanikar","2026-08-30 15:53:12",542.1,2,"codemastersj,shirishchinchanikar"
6643,16654351,"Manish Kumar","2026-08-04 07:45:22",542.1,2,manishkumarphd2000
6644,16671364,"Mike Riggs","2026-08-09 03:22:55",542.0,2,riggsasi
6645,16743001,Nikhilasree,"2026-09-03 11:33:45",542.0,2,nikhilasree2003
6646,16778145,TW_益民_li,"2026-09-03 12:28:49",542.0,2,liyimintw
6647,16702820,"Plorek ","2026-08-28 11:28:11",541.9,2,plorek
6648,16719172,"Victor Carriço","2026-08-24 03:35:14",541.8,2,kronossaurus
6649,16658718,"Duong Bao Duy","2026-09-15 13:31:45",541.7,2,duongbaoduy
6650,16712746,itsraininnnn,"2026-08-12 16:38:56",541.7,1,itsraininnnn
6651,16710512,FishWotou,"2026-08-19 04:45:40",541.7,2,fishwotou
6652,16675461,mins0_0,"2026-08-30 07:50:53",541.5,2,mins00
6653,16670779,"Aditya Dube","2026-08-06 01:41:24",541.5,2,dubeaditya
6654,16697681,"Mahfujur Rahman Rakib","2026-08-10 05:14:21",541.2,2,mahfujurrahmanrakib
6655,16887280,"ronger zhu","2026-09-17 04:03:22",541.2,2,rongerzhu
6656,16892255,"Jegors Čemisovs","2026-09-23 21:02:44",541.1,2,fortemate
6657,16642994,"Danila Galkin","2026-08-13 19:22:17",541.1,2,danilagalkin
6658,16667500,jiannebab,"2026-08-14 14:29:12",541.1,2,jiannebab
6659,16675066,Opticulture,"2026-08-16 12:19:48",541.0,2,"bajibaburowthu,ponnuripavankumar,radhakrishnadoredla,veereshkumar1219"
6660,16946591,zahid11177700,"2026-09-25 05:38:44",540.9,1,zahid11177700
6661,16738777,"Balwinder Singh1235","2026-08-20 10:21:34",540.9,2,balwindersingh1235
6662,16690940,NKryst,"2026-08-29 10:57:18",540.9,2,nkryst
6663,16655075,"Félix Rodríguez Roble","2026-08-04 09:16:25",540.8,2,flixrodrguezroble
6664,16780513,"Hugo JOBÉ","2026-08-27 20:51:09",540.8,2,hugojob
6665,16658775,"Vincent Pan","2026-08-29 12:55:20",540.7,2,"judithhong,vincentpan2005"
6666,16907148,Blooriculture,"2026-09-23 15:02:43",540.6,1,"aarnsantosgonzlez,danireyna08,fernandopardoalonso,marcobarrancomoreno"
6667,16883042,"Stefan Berger","2026-09-20 21:06:25",540.4,2,stefanberger1111
6668,16697346,"sayyid mogaka","2026-08-10 21:37:36",540.4,2,sayyidmogaka
6669,16671779,"Syed Jawad","2026-09-06 12:12:28",540.4,2,syedjawad11
6670,16673923,"Gabriele Giacometti","2026-09-10 12:15:50",540.3,2,gabrielegiacometti
6671,16744752,"Dean Johnson","2026-08-27 10:26:20",540.2,2,deanjohnson202
6672,16658151,"Nguyễn Phúc Gia Bảo","2026-08-06 15:15:07",540.1,2,kevincrazy678
6673,16762206,"mohammad khanjani2026","2026-09-06 05:17:52",540.0,2,mohammadkhanjani2026
6674,16759246,wangfeifei_si,"2026-08-26 14:27:19",539.9,2,wangfeifeisi
6675,16682815,"Saiyam Bharara","2026-08-19 15:03:06",539.8,2,saiyambharara
6676,16740646,"Darren Chung","2026-08-25 18:00:27",539.6,2,chungdarren
6677,16819076,"Keyur Gohel","2026-09-22 16:04:23",539.5,2,venuzdonoa
6678,16726684,"William Lee","2026-08-19 15:35:28",539.4,2,notyouravgwilly
6679,16806260,"Kotaro Furuno","2026-09-03 14:36:00",539.4,2,kotarofuruno
6680,16841589,加藤正樹,"2026-09-06 01:59:11",539.2,2,masaki9920
6681,16672463,"Muzammil Baloch","2026-08-07 12:45:39",539.1,2,muzammilbaloch
6682,16667794,knadithyavr,"2026-08-13 12:24:05",539.1,2,knadithyavr
6683,16841827,"pohang milk collector","2026-09-20 14:27:51",539.1,2,"duckhun,idearendil"
6684,16710521,"Natpaphon Nukhunthod","2026-08-17 03:37:15",539.0,2,natpaphonnukhunthod
6685,16775237,"Haruki Iwase","2026-09-12 14:38:17",539.0,2,harukiiwase
6686,16756029,EndCreeper,"2026-09-18 15:46:59",538.7,2,endcreeper
6687,16930840,machineabao,"2026-09-22 19:18:24",538.5,2,machineabao
6688,16915731,INF2_josallo4_anpego3,"2026-09-20 16:30:53",538.4,2,josepsalvador
6689,16913155,DT,"2026-09-20 14:19:20",538.4,2,"bhd233,vatlegend"
6690,16691164,"Krishna Saathwik","2026-08-13 13:50:40",538.3,2,krishnasaathwik
6691,16686912,@mldsdev,"2026-08-13 02:07:44",538.3,2,lan1mel
6692,16669165,"IT Neko","2026-08-14 13:17:33",538.2,2,"nirvaanaa,zhexuanyecust"
6693,16704569,"Lorenzo Grattarola","2026-08-16 22:24:15",538.0,2,lorenzograttarola
6694,16623678,"Mahog & Gerar","2026-09-25 14:01:38",538.0,2,"gerardeltoro,mahoganybuttstrings"
6695,16686149,"Luc Mantoux","2026-08-09 20:25:33",537.9,2,lucmantoux
6696,16773361,"tom yi","2026-09-24 08:56:59",537.8,1,tomyi1547
6697,16717742,"Ghawwjsb Vsjsjsbs","2026-08-13 22:32:49",537.8,2,ghawwjsbvsjsjsbs
6698,16675585,"Jacob Joy","2026-08-11 12:13:06",537.7,2,jac0b1
6699,16660035,NoNamedeo,"2026-08-27 14:20:15",537.7,1,nonamedeo
6700,16729157,HahaTaco,"2026-09-12 17:33:16",537.7,2,hahataco
6701,16793150,Comet19,"2026-08-31 10:53:04",537.5,2,comet19
6702,16767800,awee,"2026-09-07 19:34:52",537.3,2,aweertw
6703,16654761,"Mohammed Mukthar","2026-08-05 02:06:15",537.1,2,mohammedmukthar9
6704,16756858,"Rushi A.","2026-08-23 18:54:03",537.0,2,rushia
6705,16729202,Sven,"2026-08-27 21:55:40",537.0,2,sventleman
6706,16765031,"Allen JL Li","2026-08-27 06:12:23",537.0,2,allenjlli
6707,16845593,matsudaatom,"2026-09-07 14:44:59",536.8,2,matsudaatom
6708,16666249,Kawa_pt,"2026-09-08 22:24:25",536.6,2,kawapt
6709,16673333,"Dimas Renggana","2026-08-06 23:40:39",536.6,2,dimasrenggana
6710,16677303,"Chase Martyn","2026-08-19 02:05:12",536.5,2,chasemartyn
6711,16756388,"Sam Scott","2026-08-22 22:04:06",536.4,2,shepard5
6712,16633934,Alexy,"2026-08-25 04:40:02",536.1,2,alexycactus
6713,16749764,Aquaflame,"2026-09-11 16:41:58",536.0,2,aquaflame
6714,16747163,"Sarthak Patel","2026-08-21 06:36:26",536.0,2,sarthakpatel2028
6715,16750666,"Mitali Yadav","2026-09-23 07:31:39",536.0,2,mitaliyadav18
6716,16668817,"Sean ODonnell","2026-08-08 03:27:47",536.0,2,sjean11
6717,16743438,嘎嘎滴辣晒,"2026-08-24 09:30:32",535.9,2,yuhangzhang0621
6718,16889017,Bigwh3el,"2026-09-23 20:52:54",535.8,2,bigwh3el
6719,16667025,"Anjitha Mekkayil Anand ","2026-08-28 05:59:46",535.8,2,anjithamekkayilanand
6720,16848263,Xenongas,"2026-09-08 14:23:14",535.6,2,xenongas1
6721,16727009,B05801037,"2026-08-18 02:28:48",535.6,2,peteropop
6722,16914880,"Mohammed Afreed Pasha","2026-09-25 06:50:23",535.5,2,mohammedafreedpasha
6723,16733910,davidsmith42,"2026-08-19 23:59:03",535.5,2,ananthvydianath42
6724,16738923,Quantum,"2026-08-29 01:40:45",535.2,2,jawadxhassan
6725,16783367,hezhiqian,"2026-09-17 00:06:34",535.1,2,hezhiqian
6726,16702359,"Ethan Pl","2026-08-11 19:43:21",534.9,2,ethanpl
6727,16665966,aj000,"2026-09-24 03:48:11",534.8,2,anishjagdaleaj
6728,16717817,"Nick Stoddart","2026-08-14 05:15:23",534.7,2,nickstoddart
6729,16718565,Frankyface,"2026-08-13 18:54:37",534.7,1,frankyface
6730,16665462,ZSZ,"2026-08-12 13:55:00",534.6,2,zsuzsanna2
6731,16752153,zhao569,"2026-09-17 08:34:24",534.6,2,zhao569
6732,16736636,torch,"2026-08-18 10:35:29",534.6,2,rhtsingh
6733,16670274,"dankwa wadie","2026-09-01 08:45:40",534.6,2,dankwawadie
6734,16723045,"Albert Einstein F Muritiba","2026-09-19 02:35:02",534.4,2,spideryzarc
6735,16917921,xxxx333,"2026-09-19 03:58:31",534.3,2,xxxx333
6736,16742172,"Felisitas Mellania","2026-09-11 06:39:04",534.3,2,felisitasmellania
6737,16659309,irisV11,"2026-08-18 05:23:01",534.3,2,irisv11
6738,16840365,"Pranjal Morwal","2026-09-25 20:33:52",534.2,2,pranjalmorwal
6739,16827864,"Tùng Dương Bùi","2026-09-04 14:31:54",534.2,2,tdbui1209
6740,16697800,DR_Mkelvo,"2026-08-09 20:42:15",534.2,1,drmkelvo
6741,16660295,Pentos,"2026-08-10 00:06:56",534.1,2,nishiumi
6742,16865454,"Zhihuan Xue","2026-09-16 11:16:53",534.0,2,xuantianfengwu
6743,16667011,"Chung Yu Jin","2026-09-21 05:44:32",534.0,1,chungyujin24
6744,16897043,"Suyog Dahal","2026-09-23 10:08:48",533.9,2,uzumakidahal
6745,16918433,"Mingkang He","2026-09-22 17:18:48",533.8,2,mingkanghe
6746,16775749,Yurikada,"2026-09-03 11:13:54",533.5,2,yosukeinada
6747,16702481,"Scott G","2026-08-13 15:19:02",533.4,2,verifiedscott
6748,16875479,"Debasish Gorai","2026-09-25 03:57:10",533.3,2,debasishgorai
6749,16660119,"Dhruva Das","2026-08-05 17:05:52",533.3,2,dhruva77
6750,16621657,"Nikita Batuev","2026-09-22 23:14:25",533.2,2,batuevnikita
6751,16680297,"Ajay Singh","2026-08-08 04:33:24",532.9,2,ajaysinghg
6752,16666597,Ramkumar4240,"2026-08-10 12:19:20",532.9,2,ramkumar4240
6753,16676259,Th_Gbay,"2026-08-19 20:42:35",532.7,2,thgbay
6754,16669479,"Shifa Salsabiila","2026-08-09 02:56:11",532.6,1,shifasalsabiila
6755,16730649,Mink,"2026-09-20 22:14:02",532.5,2,"mahendransaeyohnn,mysterious5577"
6756,16740662,宣城市机械电子职业技术学院,"2026-09-15 02:05:22",532.5,2,chenzhengy
6757,16885591,Orange,"2026-09-13 11:30:58",532.5,2,orangecoppers
6758,16926032,robikscube,"2026-09-21 15:04:19",532.1,2,ujjwalnewd
6759,16666614,"Arjun Annamalai","2026-08-18 09:23:28",532.0,2,arjunannamalai
6760,16686645,Ornaat,"2026-09-25 10:39:18",532.0,2,ornaat
6761,16795997,"Boyu Wan","2026-09-04 04:58:57",532.0,2,pupudan
6762,16674599,"Luka Duvanov","2026-08-19 22:03:46",531.9,2,nekkon
6763,16844670,"Zheng haoling","2026-09-07 04:22:40",531.8,2,zhenghaoling
6764,16885464,"Javier Hernáez","2026-09-19 18:09:39",531.7,2,javierhernaez
6765,16691271,"Ashler Herrick","2026-08-09 14:54:33",531.7,1,ashlerjohnherrick
6766,16666055,Axit,"2026-08-06 10:16:15",531.7,2,axitslab
6767,16795609,2023314806_이승민,"2026-09-04 10:21:31",531.4,2,sminleeee
6768,16731729,"Sumit Bopche","2026-08-21 15:53:56",531.3,2,sumitbopche
6769,16692246,"Pamod Jayaneth","2026-09-08 05:13:09",531.2,2,pamodjayaneth
6770,16731887,"hoo aam","2026-08-21 05:37:16",531.2,2,hooaam
6771,16787010,"Samir Patel","2026-09-04 02:59:28",531.1,2,mesamirpatel
6772,16714592,"Carey Casile","2026-08-14 18:34:16",531.0,2,ccasile
6773,16658779,"Richard G Atkinson","2026-08-05 00:29:59",530.8,2,richardgatkinson
6774,16679364,VicD,"2026-08-14 20:16:52",530.7,2,durandv
6775,16658477,"chathura prasadh9817","2026-08-06 07:18:04",530.6,2,chathuraprasadh9817
6776,16843633,"Arbnor Grubi","2026-09-13 02:32:30",530.6,2,protocool
6777,16726839,syunsuke,"2026-08-21 23:12:13",530.5,2,syunsuke1024
6778,16782993,hayashida,"2026-09-07 14:01:36",530.4,2,daichihayashi
6779,16716632,shini47,"2026-08-22 20:30:17",530.4,2,shini47
6780,16696020,"Hugo Voisin","2026-08-11 16:08:06",530.4,2,hugovoisin
6781,16798918,"Toan Nguyen Mau","2026-09-07 08:39:35",530.4,2,toannguyenmau
6782,16675264,"Alon Bar Koter","2026-08-06 16:16:43",530.3,2,alonbarkoter
6783,16644508,"Vandana Pathania","2026-08-22 21:59:37",530.3,2,vandanapathania
6784,16681509,"Kethan Sai","2026-09-18 09:53:32",530.3,2,kethansaikoneru
6785,16841858,"Aadit Agrawal","2026-09-08 07:23:56",530.3,2,aaditagrawal
6786,16752665,"Dominik Toric","2026-09-14 17:20:14",530.2,2,dominiktoric
6787,16670596,prabalsingh_23,"2026-08-26 02:33:14",530.1,2,prabalsingh23
6788,16640845,"tang yangzhou","2026-08-04 21:36:09",530.0,1,tangyangzhou
6789,16690352,"Aled von Oppell","2026-09-24 16:04:36",529.7,2,aledgvonoppell
6790,16845760,Alyosha85,"2026-09-07 05:42:01",529.6,2,alyosha85
6791,16635145,"Isaac Menard","2026-08-05 21:11:36",529.6,2,isaacmenard
6792,16762831,026,"2026-09-07 00:58:19",529.6,2,thahaarsh
6793,16794797,zzzyan10,"2026-09-21 02:45:51",529.5,2,zzzyan10
6794,16631772,yuki,"2026-08-03 17:39:58",529.3,2,yururoi
6795,16686655,"Emir Baki Demirci","2026-09-26 00:48:25",529.3,2,emirbakidemirci
6796,16808641,papajams,"2026-09-24 20:12:55",529.3,2,papajams
6797,16741766,lrik00,"2026-09-15 13:27:32",529.0,2,lrik00
6798,16656690,"Sushant Kumar (xWF)","2026-08-06 04:44:38",528.7,2,sushantkumarxwf
6799,16757417,otter_0714,"2026-09-21 02:42:56",528.6,2,otter0714
6800,16660364,dadandsats,"2026-08-14 11:41:04",528.5,2,continuingdev
6801,16825999,"Atsushi Yoshikawa","2026-09-07 02:06:13",528.4,2,atsushiyoshikawa
6802,16853582,"Qiao Ke","2026-09-09 09:44:44",528.3,1,bridgekk
6803,16685652,LeonDuue,"2026-09-01 06:55:54",528.3,2,leonduue
6804,16905582,Movilly,"2026-09-25 15:11:36",528.3,1,movilly
6805,16735517,"Philipp k-s","2026-09-13 19:12:05",528.2,2,philippkeussenstrau
6806,16624941,"KO Ho Tin","2026-08-10 03:33:47",528.0,2,b14ckc4tmr
6807,16781545,"Jake Lin","2026-09-23 01:14:34",528.0,2,jakelinai
6808,16929796,"Emre Balsar","2026-09-20 11:03:09",527.9,2,emrebalasar
6809,16661550,SeriouS_K,"2026-09-24 08:28:49",527.9,2,serious101
6810,16927697,Mikiyaas,"2026-09-25 11:09:28",527.8,2,mikiyaas
6811,16790206,"bogdan chirkov","2026-09-15 13:46:30",527.6,2,bogdannchirkovv
6812,16722366,"Aki Lit","2026-08-14 23:24:20",527.6,2,akilit
6813,16666328,"Dornus !","2026-08-05 21:53:19",527.5,2,dornus
6814,16654943,"Alexis Selorm Gbeckor - Kove","2026-08-10 11:44:58",527.3,2,advancedbeginner
6815,16724904,"Carlos Eduardo De Paula Arantes","2026-08-15 15:48:43",527.3,2,carloseduardo1753
6816,16774317,A_yuki,"2026-09-21 16:26:27",527.3,2,yukiys
6817,16764330,"Koral Kulacoglu","2026-08-26 04:51:33",527.2,2,koralkulacoglu
6818,16657807,"Ragav Rida","2026-08-07 16:22:34",527.2,2,ragavrida
6819,16760190,"Florian Tigoulet","2026-08-24 12:37:14",527.1,2,floriantigoulet
6820,16664119,FSzekut,"2026-08-07 00:03:04",527.1,2,fszekut
6821,16696163,"Romain Durand","2026-08-17 19:00:46",527.1,2,romaindurand1607
6822,16623112,Tians12,"2026-08-09 19:10:24",527.0,2,tiansang12
6823,16810343,"Aleksandr Borodin","2026-09-02 20:29:06",526.9,2,aleksandrbor
6824,16709494,"Aditya Dushara","2026-09-10 22:24:55",526.9,2,adityadushara
6825,16664142,"The Studio 1","2026-08-16 23:04:06",526.8,2,landonsheatsley
6826,16635746,"jeon hyeon woo","2026-08-13 15:32:43",526.7,2,jeonhyeonwoo
6827,16854398,"VALERIY MIKHALEV","2026-09-08 16:27:24",526.7,2,valeriymikhalev
6828,16753887,"Hong Tang","2026-08-24 21:41:20",526.7,1,hongtang15
6829,16659181,Hongjie04,"2026-08-05 04:07:04",526.6,2,hongjie04
6830,16727376,"Roko Torbarina","2026-08-18 18:31:57",526.5,2,rokotorbarina
6831,16692637,"Blox Amaze","2026-08-09 09:47:42",526.5,2,bloxamaze
6832,16664143,"Lucas Henrique Mateo","2026-08-21 19:10:52",526.5,2,lucashmateo
6833,16701795,Proshian,"2026-08-11 00:01:04",526.4,2,proshian
6834,16926574,"walid waccub","2026-09-19 22:12:00",526.4,2,walidwaccub
6835,16657981,"Arijit Kar","2026-08-18 11:05:52",526.4,2,demonicak
6836,16760025,DEBI,"2026-09-25 22:46:13",526.2,2,"mayarabdelfattah,omarelmaghraby03"
6837,16679671,Ash0666,"2026-08-09 19:28:52",526.2,2,ash0666
6838,16760226,"Erich Hofstötter","2026-08-24 15:49:06",526.0,2,erichhofsttter
6839,16769793,"Shivam Batra","2026-08-26 14:21:49",525.4,2,shivam744
6840,16654890,"Josh Hipps","2026-08-06 14:16:49",525.4,2,joshuahipps
6841,16939496,"Haotian Niu","2026-09-25 14:18:26",525.3,2,haotianniu
6842,16676155,"Adam Carnaffan","2026-08-07 16:48:03",525.3,2,adamcarnaffan
6843,16709885,"Manuel Pérez","2026-08-14 01:54:02",525.3,2,manuelperezzz
6844,16621523,"Victor Orihuel","2026-08-18 05:40:18",525.0,2,victororihuel
6845,16664750,"shubham kumar","2026-09-13 16:24:23",525.0,2,shubzk17
6846,16876071,NITISH5236GOEL,"2026-09-20 07:04:22",524.8,2,nitish5236goel
6847,16764600,"Tanmay Shingavi","2026-09-03 05:43:57",524.8,2,decodingafterlife
6848,16740534,"Gao Wenjiang","2026-09-02 09:48:37",524.6,2,gaowenjiang
6849,16823519,GarciasN,"2026-09-07 18:43:18",524.3,2,garciasn
6850,16865918,yh00722,"2026-09-14 04:52:38",524.1,2,yh00722
6851,16808750,ssssying,"2026-09-11 14:41:53",524.0,2,ssssying
6852,16705401,"Nguyen Hong","2026-09-25 14:22:20",523.9,2,nguyenhongbubu
6853,16658820,"Jonathan Ashenaf1","2026-08-11 16:59:20",523.9,2,jonathanashenaf1
6854,16673712,"Alejandro Betato","2026-08-16 10:48:24",523.8,2,alejandrobetato
6855,16632504,"[Deleted] c2f6c5d5-ecb1-4f92-95d7-7c9f0fd3474f","2026-07-31 16:04:32",523.8,1,ryota517
6856,16660850,"Khoa Le","2026-08-05 13:23:55",523.8,2,bryanle2025
6857,16840437,nick.ai007,"2026-09-10 06:36:01",523.7,2,nickai007
6858,16623316,"Ondrew Zudin","2026-08-06 23:08:41",523.6,2,ondrewzudin
6859,16884997,"Le Huy Tuong","2026-09-17 12:55:49",523.5,2,lehuytuong
6860,16926556,Fufig,"2026-09-20 17:31:56",523.4,2,yafufig
6861,16640077,larry54321zhao,"2026-09-09 08:48:32",523.4,2,larry54321zhao
6862,16947214,bzttub,"2026-09-23 07:25:28",523.3,2,"bzttub,hehahakl,michaelyu99,y1jun0000"
6863,16662293,"Alejandro Fonda","2026-09-25 00:56:43",523.3,2,alejandrofonda
6864,16738456,"Pritul Raut","2026-08-21 08:45:04",523.1,2,pritulraut
6865,16677360,"Jatin Chawla","2026-08-08 13:45:06",523.1,2,jatin221
6866,16784966,oouiaa,"2026-09-03 21:53:59",523.0,2,tomofumihata
6867,16695799,Vaycheslav,"2026-09-22 08:05:40",522.9,2,vaycheslav
6868,16657400,indrapurnama,"2026-08-08 05:42:05",522.5,2,indr0008
6869,16720714,"Lithole Munangiwa","2026-08-19 11:23:49",522.4,2,litholemunangiwa
6870,16845148,"nasa Furiy","2026-09-07 08:24:40",522.4,2,nasafuriy
6871,16659813,"Uday Kumar R","2026-08-13 09:47:39",522.1,2,udaykumarramineni
6872,16727961,"Ebenezer Olumeyan","2026-08-22 15:54:00",522.1,2,eolumeyan
6873,16853288,ypl0lpy,"2026-09-09 07:56:50",522.0,2,ypl0lpy
6874,16663232,"Marco Mangan","2026-09-06 21:20:24",522.0,2,masmangan
6875,16730740," opus5🏆","2026-08-19 09:58:24",521.7,2,yinpinggao
6876,16889005,Dino,"2026-09-23 08:43:11",521.6,2,ngohongthai
6877,16658116,Emmy,"2026-09-25 10:51:47",521.6,2,emmyone
6878,16693207,"Vamshi Guntupalli","2026-08-11 22:40:36",521.5,2,vamshiguntupalli
6879,16717716,"Диас Издибаев","2026-08-15 05:32:14",521.5,2,diasiz1
6880,16858944,Ashish_G_A,"2026-09-25 20:56:14",521.4,2,ashishga
6881,16890221,"Kalebu Makombe","2026-09-14 10:07:31",521.3,2,kalebuomakombe
6882,16748774,"hakan ulucan","2026-08-25 19:19:11",521.3,2,hakanulucan
6883,16799485,"Bartholomew Jordan","2026-09-19 09:48:21",521.0,2,bartholomewjordan
6884,16730922,"Shengyuan Yin","2026-09-24 10:49:46",520.9,2,flaming0
6885,16926699,"Juliano Batistim","2026-09-25 00:02:10",520.8,2,julianobatistim
6886,16665281,"[Deleted] 899172b8-e148-4564-ba8c-c46356105ab8","2026-08-05 09:55:11",520.8,2,del=cd7e9a4014b872ef
6887,16756131,"Emre Atilgan","2026-08-24 20:20:06",520.8,2,emreatilgan
6888,16731013,"Abimael Firstana","2026-09-11 06:55:02",520.5,2,abimaelfirstana
6889,16840480,jignesh13,"2026-09-16 19:33:04",520.4,2,jignesh13
6890,16708625,"Lê Văn Pháp","2026-08-29 03:15:56",520.1,2,"linhsarah,lvnphp"
6891,16774333,"Nazim Shoikot","2026-09-03 11:20:20",520.1,2,nazimshoikot71
6892,16658973,"not today","2026-08-05 05:57:14",520.0,2,cemhan44
6893,16791027,"Ryan Cheung","2026-09-07 04:46:47",520.0,2,doggychip
6894,16680108,dentalsoup,"2026-08-07 09:03:47",519.9,2,afinemonkey
6895,16659507,"Lokesh Lalan","2026-08-26 08:51:50",519.8,2,lokeshlalan
6896,16690152,"The Ceris","2026-08-16 11:49:31",519.8,2,amedeopachera
6897,16688366,yokoikazumasa,"2026-08-08 19:25:58",519.8,1,yokoikazumasa
6898,16718042,"Muddassir Shah","2026-09-02 21:49:44",519.7,2,wisemanseed
6899,16722028,"Aw Ming Xuan","2026-08-16 09:24:48",519.7,2,awmingxuan
6900,16740894,BetOnMe,"2026-08-19 14:40:02",519.6,2,betonme
6901,16855185,ArdiaNova,"2026-09-18 11:08:04",519.6,2,ardianova
6902,16840445,"Danko Schroeder","2026-09-24 20:11:55",519.3,2,dankoschroeder
6903,16658031,BSam79,"2026-09-12 09:12:39",519.1,2,bsam79
6904,16793889,zhzz,"2026-09-01 11:28:52",519.1,2,ucsdzhengzeng
6905,16700484,白井孝太郎,"2026-08-15 01:08:02",519.0,2,kotaroshirai
6906,16661066,"André Kuster","2026-08-06 00:54:20",519.0,2,andrkuster
6907,16645446,gogo98415,"2026-08-29 06:04:15",519.0,2,gogo98415
6908,16662313,"Maximus Sambucetti","2026-08-09 15:36:46",518.9,2,maximussambucetti
6909,16920613,"vietnam vo dich","2026-09-18 13:38:00",518.7,2,ctun12
6910,16673266,Preet,"2026-08-14 05:57:17",518.7,2,hpkaur34
6911,16678644,"Kanik Aggarwal","2026-08-13 19:01:16",518.7,2,roronoazoro200
6912,16664841,vohi01,"2026-09-24 05:34:16",518.6,2,vohi01
6913,16654085,"Bill Xu","2026-09-07 05:10:56",518.6,2,billll
6914,16922434,Raduansm,"2026-09-24 11:25:54",518.6,2,raduansm
6915,16890133,Adsterr,"2026-09-19 07:58:59",518.5,2,adsterr
6916,16713033,Contact-Nade,"2026-09-10 07:44:18",518.5,2,"masanammedha,rayofc"
6917,16669470,"ASDM HUB","2026-08-12 20:13:20",518.4,2,jesushechavarria
6918,16648589,"Yilan Zhu","2026-08-05 11:23:23",518.4,2,yilanzhu
6919,16678633,"Tanishq Tayade","2026-09-14 21:39:04",518.3,2,tanishqtayade
6920,16735475,SunjaeLee02,"2026-08-19 08:12:41",518.0,2,sunjaelee02
6921,16621354,pengshy,"2026-08-06 04:54:01",517.7,2,dm15336142
6922,16692644,"Achille Gohin","2026-08-10 00:26:26",517.7,2,achillegohin
6923,16915853,popwenman,"2026-09-19 08:21:09",517.6,2,popwenman
6924,16658074,"Qui Ngx","2026-08-05 05:57:15",517.5,2,quingx
6925,16818405,MickyDot,"2026-09-08 08:16:06",517.4,2,mickydot
6926,16725757,AchyutKishore123,"2026-09-25 10:58:03",517.3,2,achyutkishore123
6927,16712921,"Come Back","2026-08-20 00:45:45",517.2,2,amirhosseinltf
6928,16775001,"Maarij Aqeel","2026-08-26 14:48:03",517.2,2,maarijaqeel
6929,16918629,humblegod,"2026-09-20 19:49:23",517.2,1,sophatodom
6930,16740248,KK_nut,"2026-08-25 03:26:52",517.2,2,k0k0nut
6931,16723037,"Red Cat","2026-09-10 19:23:50",517.1,2,severl
6932,16673324,Amaranta,"2026-09-21 18:08:18",517.1,2,ulyanovantonamaranta
6933,16666371,jiten_topiwala,"2026-08-08 16:51:13",516.5,2,jitentopiwala
6934,16630773,"An Hoang Vo","2026-09-05 14:49:25",516.4,2,anhoangvo
6935,16654596,"khusham sheth","2026-08-13 05:28:55",516.3,2,khushamsheth
6936,16723125,"Shubham Dhapola","2026-08-16 13:35:23",516.2,2,shubhamdhapola24
6937,16687330,"Mehmet Ensar Çetin","2026-09-20 07:45:48",516.2,2,mehmetensaretin
6938,16669408,"Josaphat Adjele","2026-08-31 17:26:56",516.1,2,josaphatadjele
6939,16632253,nasuuuuun,"2026-08-04 13:30:11",516.1,2,hikarumatsuzaki
6940,16664348,"Rocket Zech","2026-08-29 08:23:04",516.0,2,isaactunglaw
6941,16661432,"Ange Adantchede","2026-09-21 09:00:05",516.0,2,angeadantchede
6942,16685582,Wasaanyi,"2026-08-18 09:21:30",515.9,2,"cnakakeeto,wasaanyi"
6943,16845161,"Abate etienne","2026-09-08 00:28:04",515.9,2,abateetienne
6944,16678602,"hassan manour","2026-08-07 12:52:23",515.8,1,hassanmanour
6945,16932020,Syedxd,"2026-09-24 12:53:04",515.3,2,syedxd
6946,16663093,"Akul Sareen","2026-08-21 23:49:50",515.2,2,akulsareen
6947,16686150,"Aek KunKub","2026-08-14 05:21:43",515.2,2,aekkunkub
6948,16664605,"Nathaniel Shou","2026-08-05 17:51:47",515.2,2,nathanielshou
6949,16833476,"Richard Pagan","2026-09-05 03:01:54",515.1,1,richardpagan
6950,16677585,Pan,"2026-08-07 13:54:22",515.1,2,mehdiacho
6951,16676320,"Khôi Trần","2026-08-29 14:14:57",515.1,2,khoitrn
6952,16660173,"PAULO HENRIQUE DE LIMA","2026-08-06 02:42:20",515.1,1,paulohenriquedelima
6953,16749371,"Renisa Assyifa Putri","2026-08-21 05:24:07",515.0,1,renisaassyifaputri
6954,16661397,"T. Scharf","2026-08-05 02:54:36",515.0,2,scharf
6955,16862188,KJ007123,"2026-09-10 07:02:20",514.9,2,kj007123
6956,16926532,"Akash Shah","2026-09-19 20:13:25",514.8,2,akashshah3
6957,16655424,Fayche,"2026-08-10 16:50:28",514.7,2,fayche
6958,16832891,"Kana Kuroyanagi","2026-09-23 05:10:12",514.6,2,kanakuroyanagi
6959,16861492,Adi_271,"2026-09-10 09:47:25",514.4,2,adi271
6960,16762881,Yuki0x80,"2026-09-22 14:30:53",514.4,2,saiyuki1919
6961,16663188,"Ethan Feng","2026-08-05 22:09:38",514.3,2,xenon111231
6962,16674076,rigsutra,"2026-09-12 16:57:45",514.3,2,rigsutra
6963,16637894,"Leonardo Domingues","2026-09-25 17:28:07",514.2,2,leonardodomingues
6964,16662057,DeokJin,"2026-08-05 04:01:38",513.9,2,deokjin
6965,16669028,"Atishay Kasliwal","2026-08-11 17:54:59",513.9,2,atishaykasliwal
6966,16629002,Alpro,"2026-09-08 23:32:24",513.6,2,"dogaakal,egekemalkaraca"
6967,16887274,Shakeel,"2026-09-14 09:55:20",513.5,2,shakeel787
6968,16939706,"Priyanshu Patel","2026-09-22 17:54:24",513.3,2,"abuzarkhan99,priyanshupatel007"
6969,16858984,Katherine_2002,"2026-09-24 07:17:45",513.2,2,katherine2002
6970,16658160,yunquer,"2026-08-17 07:18:53",513.1,2,yunquer
6971,16867745,"Carlos Uño Magne","2026-09-13 15:09:49",513.1,2,carlosuomagne
6972,16872190,"Zephyr Pong","2026-09-11 11:07:15",513.1,2,zephyrpong
6973,16666988,"Sarthak Vedant Mohanty","2026-08-08 00:10:11",512.8,2,sarthakvedantmohanty
6974,16743282,"Srivishnu Charan","2026-09-03 14:06:54",512.7,2,srivishnucharan
6975,16907151,"Susana Horias","2026-09-23 14:46:43",512.6,2,"diegobarriosalonso,noelcalvoortega,robertocanrubio,rubnvalcarcelvarez"
6976,16779813,zitihc,"2026-08-29 14:18:49",512.4,2,zitihc
6977,16738145,綿鍋だよん,"2026-09-25 08:28:07",512.4,2,potrue
6978,16884148,mengxc410,"2026-09-18 03:42:08",512.4,2,mengxc410
6979,16926609,SunriseL,"2026-09-20 07:56:01",512.2,2,sunrisel
6980,16730749,"Đông Hà","2026-09-23 10:43:32",512.2,2,phapsucongu
6981,16757407,"Dylan Bailes","2026-08-26 07:11:56",512.0,2,dylanbailes
6982,16786461,"Caleb Bredlow","2026-09-07 04:17:50",512.0,2,calebbredlow
6983,16697730,JCN2365,"2026-08-13 18:06:35",511.9,2,jcn2365
6984,16770440,"Tegar Putrayas Dentatama","2026-08-29 06:33:59",511.8,2,tegarputrayasd
6985,16656871,"Pedro Henrique","2026-08-07 03:37:29",511.6,2,pedrohets
6986,16939742,"Shivang Modi","2026-09-26 03:39:53",511.5,2,shivang22
6987,16674714,"Kaaleedass Manoharan","2026-08-31 19:07:47",511.4,2,kaaleedassmanoharan
6988,16771171,Manfucci,"2026-09-12 14:08:47",511.3,2,manfucci
6989,16693738,"Sonu Jha","2026-08-14 20:32:37",510.9,2,sonujha090
6990,16665046,"Srish Jana","2026-08-06 18:12:59",510.5,2,srishjana
6991,16649339,"华东 朱","2026-09-22 16:35:19",510.4,2,mgdbzny
6992,16669118,"yunus yavuz","2026-08-05 21:51:21",510.3,2,yunusyvz
6993,16682076,"Igor Riegel","2026-09-02 14:49:12",510.2,2,igormriegel
6994,16664370,"Joel Arias","2026-08-06 17:29:01",510.1,1,j4rias
6995,16652952,lackmind,"2026-09-04 18:46:11",510.0,2,lackmind
6996,16664140,Sxwat,"2026-08-23 01:13:13",509.8,2,aybatov
6997,16685618,"Krupa Vardhan","2026-08-28 09:24:21",509.8,2,krupavardhan
6998,16705183,"Tong Jiakai","2026-08-14 08:23:26",509.7,2,tongjiakai
6999,16660214,ytddsyt1214,"2026-08-09 12:32:06",509.7,2,ytddsyt1214
7000,16708230,"jose manuel Tinajero","2026-08-25 15:02:46",509.7,2,josemanueltinajero
7001,16661858,"Lukas Lee e","2026-08-18 00:58:12",509.6,2,lukasleee
7002,16656913,"Inna Davidov","2026-08-20 04:43:47",509.4,2,innadav
7003,16660361,"Abhishek Sharma","2026-09-25 18:51:41",509.4,2,abhisheksharma425
7004,16924914,AgriPredictors,"2026-09-20 15:15:49",509.4,2,"mehakiftikhar,mnkaggler"
7005,16672078,vietlinhh02,"2026-08-08 07:46:53",509.2,2,vietlinhh02
7006,16740709,"Abimael Firstana #2","2026-09-11 07:19:13",508.9,2,abimaelfirstana99
7007,16632118,nk,"2026-09-11 09:55:01",508.7,2,nagatakengo
7008,16777150,Eduardo2c,"2026-09-06 14:23:04",508.6,2,eduardo2c
7009,16691807,lbs-vadar,"2026-08-26 18:29:57",508.6,2,lbsvadar
7010,16669699,nikesh23,"2026-08-08 01:52:56",508.4,2,nikesh23
7011,16756987,"Joseph Paggeot","2026-08-24 04:32:57",508.4,2,josephpaggeot
7012,16672333,"Giovanny Rodríguez","2026-09-17 16:32:24",508.3,2,giovannyrodrguez
7013,16907592,may2223,"2026-09-21 06:31:05",508.2,2,may2223
7014,16688646,lakranitesh,"2026-08-08 12:49:18",508.1,2,lakranitesh
7015,16846845,Shunsuke,"2026-09-07 15:25:38",507.9,2,shunsukeisono
7016,16660360,"Joey Gonzales","2026-08-05 00:00:47",507.9,2,joeygonzales
7017,16852342,"Minh Đăng Lê","2026-09-08 17:30:17",507.8,2,minhngle
7018,16655630,askBillyWhatMamaDid,"2026-08-28 02:06:18",507.7,2,askbillywhatmamadid
7019,16663864,RamónLópez,"2026-09-25 21:45:37",507.5,2,lopeznomar
7020,16925216,krigga,"2026-09-21 09:35:00",507.4,2,krigga
7021,16669397,"Abed Kibbe","2026-09-13 06:09:10",507.3,2,abedkibbe
7022,16875818,Mateollqw,"2026-09-12 22:08:38",507.3,2,mateollqw
7023,16731635,懒惰的金枪鱼,"2026-09-23 06:45:21",507.2,2,jiaclv
7024,16760352,"Romain Bomba","2026-08-24 01:27:23",507.2,2,romainbomba
7025,16715711,"Shawon Biswas","2026-08-19 10:42:24",507.0,2,shawonbiswas11
7026,16668022,"Lady and tech","2026-08-19 04:08:50",506.9,2,ladyandtech
7027,16947207,"Ayush Khandwe","2026-09-24 07:37:55",506.6,2,ayushkhandwe
7028,16661934,"Viacheslav Kasatkin","2026-08-10 10:48:25",506.5,2,viacheslavkasatkin
7029,16679771,Coolgolf,"2026-09-02 13:56:54",506.5,2,coolgolf
7030,16735702,opflare,"2026-09-04 23:47:49",506.4,2,opflare1144user
7031,16726913,"T T‗Worker","2026-08-22 11:08:14",506.4,2,ttworker
7032,16661832,"Roberto Garcia","2026-08-08 15:09:39",506.4,2,robertogarciada
7033,16680562,devsloppy,"2026-08-10 20:02:19",506.3,2,twu1738
7034,16777132,"Soham Dave","2026-08-27 14:51:01",506.3,2,sohamdave19
7035,16688134,"Marc Dakuginow","2026-08-13 01:40:44",506.2,2,marcdakuginow
7036,16849108,raypratik,"2026-09-25 10:19:40",506.2,2,raypratik
7037,16696460,"Enzo 7mlk","2026-09-16 15:19:51",506.1,2,enzo7mlk
7038,16726854,"Tâm La Thành","2026-08-27 08:55:02",506.1,2,tmlathnh
7039,16914539,Kou111111,"2026-09-18 10:32:09",506.0,2,kou111111
7040,16738640,"Tjay Burger","2026-08-18 17:35:39",506.0,2,tjayburger
7041,16658115,SantaClaws,"2026-08-10 14:50:31",505.9,2,vovikdrg
7042,16659645,Drakus_Julia,"2026-08-09 02:15:20",505.9,2,drakus74
7043,16745655,巴啦啦能量,"2026-09-08 01:30:14",505.8,2,wsh10086
7044,16700661,"Aakash Kavuru","2026-08-12 05:13:05",505.8,2,aakashkavuru
7045,16638645,ChrisDavis,"2026-08-03 23:29:34",505.6,2,alpacas
7046,16761751,KrishnaKumar_AIML,"2026-09-02 14:38:24",505.6,2,krishnakumarcsr
7047,16722252,pwdh2026,"2026-08-14 22:16:22",505.4,2,pwdh2026
7048,16707159,"Toua Innocent TIA","2026-08-17 16:28:36",505.4,2,centino
7049,16665424,taaaaanq,"2026-08-17 14:23:35",505.3,1,"chuayaplong,flashtigro,huayu05,taaaaanq"
7050,16670218,"What is Coding?","2026-08-07 01:47:17",505.2,2,matthewshvarts
7051,16871854,"Tanvi Parsam","2026-09-13 16:07:41",505.1,2,tanviparsam
7052,16862225,"Dmitriy Ershov","2026-09-09 19:38:26",505.1,2,bejeweled
7053,16655899,"Dominic Tedrow","2026-08-17 20:37:28",504.9,2,dominictedrow
7054,16943979,"Joshua Willie","2026-09-26 01:06:43",504.9,2,joshuawillie
7055,16683918,Thuytien,"2026-08-07 17:20:33",504.9,2,thuytien200529
7056,16769648,"Alok Kumar","2026-08-28 18:04:50",504.8,2,shadowserpent
7057,16674540,"Pratik Priyanshu","2026-08-07 18:28:12",504.7,2,pratikpriyanshu5
7058,16671648,"[Deleted] 05e6ae2c-c72f-4044-b02f-dc74277e34ab","2026-08-09 07:21:22",504.7,2,del=871ca06d8c734ede
7059,16914771,"Moritz Schobesberger","2026-09-17 15:21:34",504.6,2,moritzschobesberger
7060,16795624,"Shashwat Khare","2026-09-02 01:46:54",504.5,2,shshwtkhr
7061,16661507,Siddharth1984,"2026-08-06 13:39:22",504.4,2,siddharth1984
7062,16877016,"Jasper Wessing","2026-09-18 14:08:07",504.4,2,jasperwessing
7063,16848498,KeiroS,"2026-09-11 07:59:01",504.4,2,keiros
7064,16868761,TboneBrown,"2026-09-11 17:14:42",504.4,2,tbonebrown
7065,16662201,"Saumitra Verma","2026-08-04 18:28:36",504.3,2,saumitraverma
7066,16871722,agenlu,"2026-09-25 21:34:03",504.3,2,agenlu
7067,16768178,Scarttish,"2026-08-26 22:44:26",504.2,2,scarttish
7068,16651167,ArmanVardanyan07,"2026-08-03 22:43:13",504.1,2,armanvardanyan07
7069,16631981,"Karen Letir","2026-08-10 09:21:51",503.8,2,karenletir
7070,16662875,Jimmy,"2026-09-21 04:29:42",503.7,2,jiyo4476
7071,16658014,Bharath,"2026-09-25 18:49:15",503.3,2,pes2ug23cs121
7072,16735251,AlviH47,"2026-08-19 14:25:48",503.3,2,alvih47
7073,16789996,"Chen Jiaqi","2026-09-02 15:48:25",503.2,2,elaemchen
7074,16724842,"Mikaela Gkolemi","2026-08-21 19:04:38",503.0,2,mikaelagkolemi
7075,16701761,BalaVignesh,"2026-08-11 17:04:37",502.9,2,balavignesh
7076,16806084,"DSDgsdgs SDgsdfgs","2026-09-03 05:19:11",502.9,1,dsdgsdgssdgsdfgs
7077,16672657,"Lochan Naik","2026-08-07 08:41:44",502.7,2,lochannaik
7078,16878695,"Yang Lv","2026-09-25 05:41:36",502.7,2,lvyang199888
7079,16637649,cameronezrajones579,"2026-08-15 15:49:12",502.5,2,cameronezrajones579
7080,16664652,QuasarHeart,"2026-09-04 14:00:05",502.2,2,quasarheart
7081,16740840,"Huchen Jiang","2026-09-02 09:18:47",502.1,2,huchenjiang
7082,16705480,Mint120,"2026-08-19 05:49:10",502.0,2,mint120
7083,16668562,"Anthony LOISEAU","2026-08-06 16:07:52",501.9,2,anthonyloiseau
7084,16705149,"Allen Chun","2026-08-15 04:59:05",501.9,2,allenchun
7085,16655072,Sonuaswar1,"2026-08-04 07:33:47",501.7,2,sonuaswar1
7086,16829729,NoobMaster69,"2026-09-06 09:12:58",501.6,2,thelegend007
7087,16698103,JJ,"2026-09-02 09:46:15",501.5,2,jianjinchen
7088,16705363,"Matt Hall","2026-08-16 01:44:32",501.2,2,matthall0
7089,16658327,pocari1,"2026-08-19 07:17:28",501.2,2,pocari1
7090,16668678,"Madhur Sabherwal","2026-08-14 02:47:14",501.1,2,madhur321
7091,16731678,ShadowT_T,"2026-09-25 22:33:32",501.0,2,shadowtt
7092,16698292,"Dallas Manning","2026-08-17 14:29:53",500.9,2,dallasmanning
7093,16661443,"STEPHEN ASANTE OPOKU","2026-08-04 16:45:41",500.8,1,stephenasanteopoku
7094,16668509,HarryZ,"2026-09-13 04:29:04",500.7,2,mzhumzhu
7095,16659025,"Mohammed Naseef","2026-08-05 09:01:20",500.7,2,mohammednaseef
7096,16799797,"Zimin Zhong","2026-09-23 15:17:43",500.7,2,"dracfy,lyylyy2,zhongzinmin"
7097,16929820,sdssJ0,"2026-09-23 09:57:21",500.6,2,sdssj0
7098,16886832,"Ayush Patel","2026-09-13 16:25:18",500.5,2,ayushpatel02
7099,16657674,Warriors,"2026-08-29 14:12:29",500.4,2,"karthikreddykarri,kovvurisaimohanreddy,vikramadityaabhiram"
7100,16899234,vimes1984,"2026-09-17 01:19:19",500.4,2,vimes1984
7101,16887642,"Dimitrios Giannoulis","2026-09-14 12:38:24",500.2,2,plagiagia
7102,16725123,"Pham Quang Nghia","2026-08-22 15:00:51",500.2,2,phamquangnghia
7103,16922976,kotemendo,"2026-09-20 00:43:54",500.1,2,kotemendo
7104,16755101,"Thomas van der Meer","2026-08-26 11:19:19",500.1,2,tvdermeer
7105,16687604,Harrislrobinson,"2026-08-11 00:25:10",500.1,2,harrislrobinson
7106,16765380,jslee_homeofson,"2026-08-25 13:10:22",500.0,2,jsleehomeofson
7107,16684024,"Work From Home 3.0","2026-08-14 12:33:30",499.9,2,"direct1,gongyiqian,jovansee,maxtankialok,n00bcak"
7108,16715897,shettynaisha,"2026-09-06 17:28:58",499.9,2,shettynaisha
7109,16628487,"Koichi HIRAOKA","2026-08-01 08:42:40",499.7,2,koichihiraoka
7110,16693033,AgriBot,"2026-08-13 23:53:10",499.7,2,prcieuxcomlan
7111,16701454,"André-Marie BEHANZIN","2026-09-15 11:42:17",499.6,2,andremariebehanzin
7112,16666709,JSQL,"2026-09-02 18:52:37",499.6,2,jeffreyschott
7113,16685349,Onelux,"2026-08-13 12:58:31",499.6,2,leehomhuang
7114,16674308,"Ayush Roy","2026-08-06 20:28:57",499.5,2,ayushroy39
7115,16665257,"Ken Li","2026-08-09 12:59:32",499.3,2,kenliwt
7116,16675060,"Xinger Gao","2026-08-31 08:52:07",499.3,2,xingergao
7117,16657401,korpo,"2026-08-25 20:18:13",499.3,2,krisko
7118,16844334,lsnm,"2026-09-07 15:02:17",499.2,2,eliasnema
7119,16665511,phoenix_merk,"2026-08-05 09:46:25",499.2,2,phoenixmerk
7120,16661927,JHCodeQuest,"2026-08-25 11:36:46",499.1,2,josephkhassan
7121,16870372,ALİHAKANÜNAL,"2026-09-23 14:59:55",499.1,1,needdata123456
7122,16654970,"Maycon Coutinho","2026-08-27 21:28:32",499.0,2,coutinhomaycon
7123,16662060,"Richard Valino","2026-08-06 16:03:36",499.0,2,richardvalino
7124,16692480,"Khalis Murfid","2026-08-24 07:03:02",498.7,2,khalismurfid
7125,16676663,"This cat is called Fumi","2026-08-11 18:21:43",498.4,2,qwer556617123
7126,16639244,"Romone Dunlop","2026-08-11 10:19:49",498.4,2,romonedunlop
7127,16662751,ZeD,"2026-08-06 10:11:24",498.1,2,hussamcheema
7128,16843316,"Felipe Chiarini","2026-09-12 12:03:15",497.9,2,felipechiarini
7129,16637099,tobhull,"2026-09-23 02:26:34",497.9,2,tobhull
7130,16656470,Glimmeron,"2026-08-12 02:01:48",497.8,2,rishabhraushan
7131,16724395,"Hampton Yeh","2026-08-22 04:07:32",497.6,2,hamptonyeh
7132,16719771,"Oleg Papulov","2026-09-26 01:47:35",497.6,2,olegpapulov
7133,16663777,"Mortis Beans","2026-08-24 05:27:44",497.5,2,mortisbeans
7134,16795284,"Kostas Tsolis","2026-09-14 09:14:56",497.4,2,tkostas
7135,16763351,shutong114,"2026-09-20 18:38:08",497.4,2,shutong114
7136,16888000,Akhilesh,"2026-09-19 00:03:29",497.3,2,akhilkas
7137,16823067,Francisco,"2026-09-10 18:00:57",497.3,2,cheneblanc
7138,16920464,reddishregent,"2026-09-18 11:40:22",497.2,1,reddishregent
7139,16631919,"Ghinwa Allaoui","2026-08-04 16:27:17",497.2,1,ghinwaallaoui
7140,16656689,"Vansh Gupta","2026-08-11 08:56:56",496.8,2,vanshrl9ine
7141,16664913,"ABHISHEK KUMAR","2026-08-17 04:20:56",496.8,2,abhishek6545
7142,16786450,fujii,"2026-09-15 14:01:51",496.7,2,kojisoemi
7143,16826447,"Absara viswanathan","2026-09-07 06:16:20",496.7,2,viswanathanabsara
7144,16659896,TedT,"2026-08-11 19:36:14",496.6,2,fdsaur
7145,16891695,yuruihito,"2026-09-16 14:04:22",496.6,2,yuruihito
7146,16761589,"Eren -","2026-08-27 08:48:44",496.5,2,erenozyurek
7147,16718295,doinggyu,"2026-08-18 12:56:58",496.4,2,doinggyu
7148,16641009,"Marius Kirschner","2026-08-03 08:41:47",496.4,2,mariuskirschner
7149,16688383,plong2101,"2026-08-18 06:21:34",496.4,2,plong2101
7150,16725847,"Shel Horta","2026-08-18 04:29:55",496.3,2,shelhorta
7151,16693797,"Riyaz Ur Rehman","2026-08-17 02:21:15",496.3,2,riyazurrehman
7152,16660081,fakyyy,"2026-08-09 11:19:15",496.1,2,manideepreddyakula
7153,16925815,"[Deleted] c3923c6e-1011-4da1-9c40-584a2fcbcc36","2026-09-20 01:04:14",496.1,1,del=0e85502e1e45d7da
7154,16701250,T00bii,"2026-08-11 16:11:06",496.0,1,t00bii
7155,16691466,"Jeeta Nandi ","2026-09-04 09:23:34",495.9,2,jeetanandi
7156,16687293,"Aurelie Jodelle Kemme","2026-08-20 00:25:43",495.9,2,"audreydemafo,aureliejodellekemme"
7157,16728014,Alpha223,"2026-09-05 15:51:24",495.8,2,alpha223
7158,16675900,"Pranav Advani","2026-09-23 22:07:20",495.7,2,pranavadvani
7159,16659183,"Leonard Yaw Mensah","2026-08-05 02:22:25",495.7,2,leonardyawmensah
7160,16717601,"Mariem Fersi","2026-08-24 23:22:14",495.3,2,"mariemfersi,yassinebrahem2"
7161,16656797,"رحيم محمد","2026-08-04 20:05:45",495.3,2,darkmaxedwe
7162,16630903,"Hrushikesh Pawar","2026-08-09 14:44:37",495.3,2,hrushikeshpawar
7163,16658702,sherlockwatson007,"2026-08-29 08:48:53",495.1,2,sherlockwatson007
7164,16664502,"Alejandro Morales","2026-08-10 01:05:59",494.9,2,langley96
7165,16725938,"Ben Cheng","2026-09-05 16:03:36",494.9,2,benczb
7166,16895121,Timmmmmmmy,"2026-09-17 05:51:31",494.8,2,"molic1,timmmmmmmy"
7167,16851553,Sentinel,"2026-09-24 04:01:47",494.6,2,atlasar
7168,16685800,"Sumit Ridhal","2026-09-05 11:44:15",494.5,2,sumitridhal
7169,16631480,"Kumar Abhijeet","2026-07-31 13:29:40",494.4,1,krabhijeet
7170,16947496,"lit tlemiaos","2026-09-25 16:03:55",494.4,2,littlemiaos
7171,16857732,bzczz123,"2026-09-17 09:52:43",494.4,2,bzczz123
7172,16723737,HaruhiroKazami,"2026-08-21 16:12:04",494.2,2,haruhirokazami
7173,16630438,"Aayush Bansal","2026-09-25 13:35:55",494.1,2,aayushbansal0330
7174,16641622,datajanko,"2026-08-22 07:40:54",494.1,2,jankoch
7175,16668612,"raffael prem","2026-08-06 08:02:13",494.1,2,raffaelprem
7176,16661099,TheSven,"2026-08-06 17:05:25",494.0,2,thesven
7177,16657601,Simon,"2026-08-05 15:59:44",494.0,2,benten10
7178,16685028,"serene ng","2026-08-13 14:53:37",493.9,2,sereneng
7179,16660462,"Vishwanath N Iyer","2026-08-07 07:22:17",493.8,2,vishwanathniyer
7180,16668461,SobanAli,"2026-08-19 15:49:03",493.7,2,soban256
7181,16654174,"Dharmeswar Basumatary","2026-09-09 11:09:15",493.6,2,dharmeswarbasumatary
7182,16691007,"Nhật Khoa Phạm","2026-08-14 16:15:43",493.6,2,pnk123456
7183,16890884,"Michael Swartz","2026-09-14 17:50:04",493.6,2,michaelbruwerswartz
7184,16720760,ysteh05,"2026-08-15 05:14:53",493.6,2,ysteh05
7185,16906032,Volkan,"2026-09-22 08:59:20",493.4,2,volkan97
7186,16714363,guohaowen,"2026-08-13 14:25:48",493.4,2,guohaowen1910
7187,16798775,Lissabon,"2026-09-07 03:36:41",493.2,2,lissabon
7188,16656745,"BHARATH KOWSHIK ULLANGULA","2026-09-25 10:30:21",493.2,2,"bharathkowshik25,honeyharshith,kesanibhargavaram"
7189,16736951,giacomovin,"2026-08-25 20:14:52",493.2,2,giacomovin
7190,16870486,"Sincere Bailey","2026-09-25 01:03:44",493.1,2,sincerebailey
7191,16755781,NaveenManwani,"2026-08-28 05:37:31",492.9,2,naveenmanwani
7192,16769170,"Hardik Savaliya211","2026-08-25 11:07:10",492.9,2,hardiksavaliya211
7193,16668606,"Hasith Kulathilaka","2026-08-31 19:09:39",492.8,2,hasithkulathilaka
7194,16623302,"Raffi Ardhi Naufal","2026-07-31 18:31:57",492.8,1,raffiardhi
7195,16778947,mart3104,"2026-09-05 15:31:43",492.8,2,mart3104
7196,16728137,mchicen,"2026-08-20 16:48:10",492.6,2,"iyaiji,mchicen"
7197,16706985,Valmrnch,"2026-08-24 07:57:56",492.4,2,valmrnch
7198,16845696,Huskkky,"2026-09-07 03:47:13",492.3,2,huskkky
7199,16711812,"zhan renyi","2026-08-31 05:24:39",492.3,2,zhanrenyi
7200,16645841,Lucien,"2026-09-24 07:55:19",492.1,2,lucienhu6775765
7201,16664706,olivbhxf,"2026-08-06 07:10:34",491.8,2,olivbhxf
7202,16802663,ipefix,"2026-09-01 17:34:35",491.7,2,nmsis91
7203,16627463,dnish,"2026-08-05 07:37:16",491.7,2,dnishio
7204,16694171,"guanran wang","2026-08-11 05:57:12",491.6,2,guanranwang
7205,16778579,"Jiajia Zhang","2026-08-29 18:19:12",491.4,2,jiajiazhang01
7206,16658391,"Jack #2","2026-09-23 17:30:45",491.2,2,jack1233
7207,16632100,"Mohit Shirke","2026-08-07 17:55:11",491.2,2,orcivion
7208,16693522,shadycoderalltime,"2026-09-21 00:01:59",491.1,2,shadycoderalltime
7209,16656317,"Manu Rahi","2026-08-06 16:43:55",490.9,2,manurathi
7210,16691628,"Gavin Walsh (N1DGE11)","2026-08-08 16:07:24",490.8,2,gavinwalshn1dge11
7211,16635481,Jamaisvu,"2026-08-20 15:39:29",490.4,2,jamaisvu
7212,16709487,Kohei,"2026-08-19 20:54:42",490.3,2,kshintani
7213,16774134,kokdonbaq,"2026-08-30 14:07:52",490.3,2,darkhan14
7214,16756561,"Eren Tekin","2026-09-14 23:41:50",490.2,2,erennntkn
7215,16672798,yaphanqiii,"2026-08-27 07:55:23",490.0,2,yaphanqiii
7216,16726445,"James Patounas","2026-08-19 08:37:06",489.9,2,jamespatounas
7217,16773942,"Malhar Shah","2026-09-24 18:20:06",489.8,2,"malharshah2511,veervohra123"
7218,16705415,"Mauro Najera","2026-08-11 05:30:13",489.7,2,mauronajera
7219,16722561,Asia214,"2026-08-30 02:26:16",489.6,2,asia214
7220,16659505,"Duleeka Mevan","2026-08-06 09:32:46",489.4,2,duleekamevan
7221,16743846,"Hemanth Raja Guttikonda","2026-09-24 21:38:29",489.3,2,"hemanthrajg,poojithakatta18"
7222,16665080,"RAVI KUMAR696996","2026-08-05 06:14:29",489.0,2,ravikumar696996
7223,16633577,Boxy,"2026-08-15 18:55:40",489.0,2,boxyml
7224,16659444,"ANKIT AGARWAL","2026-09-24 22:08:24",488.7,2,ankwall223
7225,16796164,harsh,"2026-09-22 16:02:23",488.5,2,harshdeshwar
7226,16682707,"AJAY KUMAR","2026-08-07 19:13:08",488.5,2,worldsslayer
7227,16880022,Abdulbosid,"2026-09-24 12:07:53",488.4,2,abdulbosid
7228,16843921,Ruijiehe1213,"2026-09-13 03:40:30",488.3,2,ruijiehe1213
7229,16714335,"Jake Mordan","2026-09-24 08:39:37",488.2,2,jakemordan
7230,16687538,aefinityaiinc,"2026-08-27 20:59:35",488.1,2,aefinityaiinc
7231,16871538,freesoso,"2026-09-15 13:11:39",488.1,2,freesoso
7232,16771972,"Vansh Ahlawat","2026-09-22 15:35:39",488.0,2,vansh5126
7233,16733644,Gavilán,"2026-08-23 19:41:22",487.9,2,gaviln
7234,16679096,WilliamXylean,"2026-09-26 00:33:23",487.9,2,williamxylean
7235,16887058,"Michael Eberhard","2026-09-15 20:29:09",487.7,2,michaebe
7236,16780592,sergey,"2026-08-27 19:09:25",487.6,2,sadsdfsdf
7237,16725483,PQ_Marz,"2026-08-15 16:25:50",487.5,2,pqmarz
7238,16852845,quantumgeek,"2026-09-12 06:54:58",487.3,2,yk1598
7239,16818158,Noza,"2026-09-16 04:36:09",487.2,2,harukanozato
7240,16662043,"Hengcong Zhu","2026-08-05 14:46:24",487.0,2,hengcongzhu
7241,16885828,U-Bex,"2026-09-21 16:03:53",486.9,2,shuichiurabe
7242,16883234,Cpleasance,"2026-09-14 00:24:24",486.9,2,cpleasance
7243,16634790,"Steven Lui","2026-08-03 12:22:08",486.6,2,stevenlui
7244,16632368,"Yuelin Bai","2026-08-03 08:15:12",486.5,2,paralym
7245,16729510,ARM,"2026-09-08 13:01:17",486.5,2,"midhun4126,mrohithjohn"
7246,16673034,"Milos Vlainic","2026-09-25 13:01:16",486.4,2,wlakinsson
7247,16661402,"Abin Biju","2026-08-11 18:00:35",486.4,2,abinbiju1
7248,16825996,"Alex Li","2026-09-04 08:02:19",486.4,2,alexli1998
7249,16733948,novodude,"2026-09-06 18:41:26",486.4,2,novomont
7250,16687942,"Arya Arun","2026-08-16 08:52:26",486.4,2,aryaarun07
7251,16799023,"Alkava Ind","2026-09-21 14:40:10",486.3,2,alkavaind
7252,16694146,"JIlong Zhou","2026-08-26 15:04:38",486.3,2,acemaker
7253,16701046,"Thanakorn Kaewwiang","2026-08-14 17:13:39",486.2,2,deweytng
7254,16694314,"Ali Abbas Baig","2026-08-28 19:55:16",486.1,2,aliabbasbaig
7255,16814952,"Ngọc Huyền","2026-09-15 03:55:18",486.0,2,ngchuynss
7256,16729152,Antoine,"2026-08-17 10:12:04",485.9,2,a11t01n3
7257,16627009,c0sm1c,"2026-08-01 11:06:14",485.9,1,tanghao111
7258,16658344,SOONHANKWON,"2026-08-28 02:00:59",485.9,2,soonabletv
7259,16771340,pang,"2026-09-05 16:41:51",485.6,2,pangwenfeng
7260,16692168,"Kinshuk Aggarwal","2026-08-09 04:23:32",485.6,1,kinshukaggarwal
7261,16663618,Anthaus,"2026-08-09 17:06:35",485.5,2,anthaus
7262,16752191,"Wenxuan Ye","2026-09-04 07:10:28",485.4,2,akomwins
7263,16705661,"Toshiki Touda","2026-08-13 06:51:05",485.4,2,toshikitouda
7264,16682984,"Rishikesh Bharat Koli","2026-08-08 04:18:06",485.3,2,rishikeshbharatkoli
7265,16686109,"Triple Tensor","2026-08-17 08:24:26",485.2,2,"adinathjagtap777,pds178,prajwalzolage05"
7266,16665364,"Shien Zhang","2026-08-06 06:50:46",485.2,1,shienzhang
7267,16697568,"Sergey Fedorov","2026-08-20 21:25:34",485.0,1,bd01ar
7268,16809898,wodDAOdun,"2026-09-14 07:14:35",484.8,2,kylaucode
7269,16683837,"Blessed Ngorima","2026-08-18 09:40:53",484.8,2,blessedngorima
7270,16686972,"Ankit Maurya","2026-08-23 07:05:44",484.7,2,"ankitmaurya16,rudraprasadsah"
7271,16744572,DivyanshAgg,"2026-08-31 19:30:49",484.7,2,divyanshagg
7272,16661596,t@got@go,"2026-08-10 06:24:24",484.4,2,kamdaanahessod
7273,16784417,"Dallas Odem","2026-08-29 13:14:30",484.3,2,dallasodem
7274,16745574,"Yadunandan Raman","2026-08-22 12:20:06",484.3,2,yadunandanraman
7275,16880843,"Triều Đinh Hải","2026-09-12 19:41:11",484.1,2,triuinhhi
7276,16644577,"Arthur Merritt","2026-08-04 07:11:11",484.1,2,jarthuph
7277,16636973,"Ali Ali G","2026-08-03 18:36:40",484.1,2,alialig
7278,16662741,"Abhiraj Govind","2026-08-04 18:01:16",484.0,1,abhirajgovind
7279,16709880,"Javier Pérez Robles","2026-08-15 02:21:07",484.0,2,javierprezrobles
7280,16689908,Hyun777,"2026-08-14 01:11:17",483.8,2,hyun777
7281,16658627,"Osman Can ÇETLENBİK","2026-08-05 15:25:30",483.8,2,osmancancet
7282,16662643,Mohit_Singh,"2026-09-24 05:21:07",483.7,2,mohitsingh955
7283,16675477,"Joanne Yun","2026-08-07 13:40:53",483.6,2,joannejyun
7284,16858250,"ayush kumar","2026-09-14 10:35:32",483.6,2,ayushkumar1610
7285,16645870,"Barathan Aslan","2026-08-03 08:21:55",483.6,2,barathanaslan
7286,16630163,"SEREENA JERRY","2026-08-06 08:59:17",483.5,2,serenajerry
7287,16672105,"Natural Stupidity","2026-08-10 19:39:53",483.3,2,"parthb21,sujaygolla"
7288,16683309,"Zealous Sebastian","2026-08-09 12:45:32",483.3,2,zealoussebastian
7289,16888050,"Ayoub Fliless","2026-09-14 17:56:12",483.2,2,ayoubfliless
7290,16668324,"Alden Jenish S","2026-08-06 14:02:09",483.1,2,aldenjenishs
7291,16896566,Bleriot11,"2026-09-15 15:08:27",482.9,2,bleriot11
7292,16660089,ChristosGrigoras,"2026-08-07 22:41:49",482.9,2,cgrigoras
7293,16941927,想想偶像怎么做,"2026-09-24 08:47:33",482.7,2,fjt12138
7294,16742059,dafei2025,"2026-09-03 09:19:34",482.7,2,dafei2025
7295,16798074,"Akkapop Prasompon","2026-09-09 12:17:36",482.4,2,akkapopprasompon
7296,16783713,Gale,"2026-09-05 02:29:43",482.4,2,na1vel
7297,16640399,Hubbahub,"2026-08-04 20:40:39",482.4,2,hubbahub
7298,16662722,"Ajeet Jain","2026-08-07 06:32:10",482.2,2,jainajeet29
7299,16630335,"Solve Langseth","2026-08-05 06:48:57",482.2,2,solvelangseth
7300,16775131,"Re Son","2026-08-27 14:29:31",482.1,2,lemelson
7301,16676613,LCZ1996,"2026-08-29 02:02:59",481.9,2,lcz1996
7302,16655069,"Jason Harrison","2026-08-05 20:56:59",481.8,2,jasonharrisonco
7303,16846143,germanyum,"2026-09-13 14:32:05",481.8,2,germanyum
7304,16920641,"Tailee Kim_7","2026-09-19 11:52:02",481.8,2,emilykim01
7305,16715769,Ethereallll1,"2026-08-14 15:21:12",481.6,2,ethereallll1
7306,16678613,iBooNDK,"2026-08-09 19:03:37",481.5,2,iboondk
7307,16772455,dextrecity,"2026-08-30 11:37:56",481.3,2,"dextrecity,leo0pa"
7308,16773195,"Pham Nguyen Thanh Huy","2026-08-27 05:25:55",481.2,2,huyphmnguyenthanh
7309,16656410,Sam,"2026-08-14 01:58:04",481.2,2,beartrader
7310,16774958,"Charles Wuytack","2026-08-27 14:58:07",481.1,2,charleswuytack
7311,16688296,"Michael Pollind","2026-08-28 13:30:32",481.1,2,mpollind
7312,16654485,"Mahbub Alam","2026-08-04 02:08:23",480.6,2,mahbubalam214
7313,16810019,M&S,"2026-09-02 17:19:11",480.4,2,"martinhma,yishusheng"
7314,16940953,"Bob Liu","2026-09-25 08:44:55",480.3,2,bobliu02041302
7315,16666637,"Uttam Limbani","2026-08-07 13:41:14",480.3,2,uttamlimbani
7316,16745065,MrEvidentYew,"2026-08-24 18:36:02",480.2,2,mrevidentyew
7317,16699707,"Afana Khalit putra","2026-08-11 08:57:25",480.1,2,afanakhalitputra
7318,16672473,goldfish,"2026-08-13 03:34:21",479.7,2,dolgfish
7319,16702281,"Dhruv Patel #2","2026-08-10 21:25:08",479.7,2,dhruvpatel1972
7320,16678083,"Abdeljalil Idalahaj","2026-09-05 04:28:08",479.6,2,abdeljalilidalahaj
7321,16666652,"Mohamed Fanni","2026-08-17 00:51:38",479.5,2,"arachid,mohamedfanni,soukaynamokhtari"
7322,16744610,"Safiullah Baig","2026-08-20 13:16:58",479.5,1,safm1rza
7323,16867680,Asuka,"2026-09-11 05:45:46",479.5,2,asuka0langley0soryu
7324,16731636,関西人,"2026-08-24 06:23:14",479.4,2,m1333666888
7325,16886012,smartkdy7,"2026-09-13 11:37:51",479.4,1,smartkdy7
7326,16931219,AzureYu,"2026-09-21 10:44:17",479.3,2,azureyu
7327,16673214,Boiga7,"2026-08-06 14:03:53",479.3,2,lewiselliot
7328,16688873,cancel,"2026-08-18 06:50:33",479.2,1,rugaru
7329,16726155,miyawakiayaka,"2026-08-15 18:50:10",479.2,2,kanatakon
7330,16680799,zixma13,"2026-08-25 13:12:44",479.1,2,zixma13
7331,16674943,feyZERO,"2026-08-16 10:48:50",479.0,2,faezamora
7332,16947257,"Hassan Bazzoun-dev","2026-09-25 21:31:46",478.9,2,hassanbazzoundev
7333,16883859,"Carlos Daniel Polanco","2026-09-19 18:45:16",478.5,2,carlospolanco00
7334,16804924,"Kevin L.","2026-09-09 07:04:46",478.4,2,zorgis
7335,16693795,kurt,"2026-08-30 15:22:47",478.4,2,syarht
7336,16729081,"Venkata Y","2026-08-19 00:45:13",478.2,2,venkatayerrapothu
7337,16880689,yasmine0809,"2026-09-12 16:19:37",478.2,2,yasmine0809
7338,16890155,GSD,"2026-09-20 06:42:42",478.2,2,gsdeepakkumar
7339,16659261,PromptEngineer48,"2026-08-04 16:44:46",478.1,2,promptengineer48
7340,16933345,"Sourin Rakshit","2026-09-21 09:32:28",478.0,2,sourinrakshit01
7341,16664252,"Huy Hoang","2026-08-15 03:59:40",477.9,2,themeend
7342,16719257,"Alexander Morozov","2026-08-14 23:53:53",477.8,2,scanhex
7343,16831839,404_Brains_Not_Found,"2026-09-20 12:36:19",477.6,2,"manavtejani,rohangadhiya1911,sakshamdubeynew,trushankvaghasiya"
7344,16886765,LZWang,"2026-09-13 22:00:47",477.6,2,wlzwlz
7345,16638883,LeiYang,"2026-08-03 15:04:07",477.4,2,leiyangcq
7346,16760191,"Kushal Shiva1","2026-08-26 20:19:36",477.4,1,kushalshiva1
7347,16819549,APEX101,"2026-09-06 06:16:51",477.4,2,"akshitasrivastava1,irongm"
7348,16695400,"Karam Khasawneh","2026-08-10 20:29:16",477.2,2,karamkhasawneh
7349,16895340,Prakhareshwar,"2026-09-22 15:22:36",477.2,2,prakharpathak12
7350,16661950,moonmelonpizza,"2026-08-09 12:25:23",477.2,2,moonmelonpizza
7351,16664608,sid,"2026-08-07 18:18:04",477.2,2,sidshastri04
7352,16667042,"Adarsh Mukundan","2026-09-20 14:16:32",477.2,2,aadarshmukundan
7353,16733785,"Stuart Gilbert","2026-08-30 01:52:41",477.2,2,stuartgilbert
7354,16664211,"Ben Wilson","2026-08-06 23:57:29",477.1,2,crispyryse
7355,16796273,"Kiplangat Vincent","2026-09-22 13:52:17",477.0,2,balvins
7356,16657929,Robert-zwr,"2026-08-05 11:15:48",476.9,1,robertzwr
7357,16658925,CYBWithFlourish,"2026-08-06 15:56:28",476.8,2,cybwithflourish
7358,16692263,"ADITYA CHAVAN","2026-08-09 17:44:15",476.6,2,adityasnr7
7359,16737362,"moushun chen","2026-08-20 06:45:46",476.5,2,moushunchen
7360,16889078,"Md Waquar Ahmad","2026-09-16 02:52:56",476.5,2,mohdwaquarahmad
7361,16725955,"Aditya Pandey","2026-08-17 00:10:10",476.5,2,adipandey777
7362,16762427,Raj_craj,"2026-08-30 20:27:00",476.3,2,rajcraj
7363,16791550,Team21,"2026-09-08 12:53:38",476.1,2,"fchen121,muktharam"
7364,16729914,Christina,"2026-09-14 11:16:46",475.8,2,geekycb
7365,16726044,"Lena Traczuk","2026-08-22 12:03:58",475.7,2,lenatraczuk
7366,16709522,"Sanjay Dilip","2026-09-23 23:11:27",475.4,2,sanjaydilip
7367,16715126,준환,"2026-09-10 11:28:25",475.4,2,paulguilbert
7368,16762168,Lewbei,"2026-09-10 04:58:43",475.2,2,lewbei
7369,16679958,Bum_Fy_Mz,"2026-08-13 20:31:44",475.1,2,bumfymz
7370,16775214,"Sambhav R","2026-08-27 15:34:44",475.1,2,sambhavr
7371,16639814,"Nikhil Krishna A","2026-09-07 07:37:56",475.0,2,techmasternikhil
7372,16885124,"LABHESH YAWALKAR","2026-09-25 16:40:50",475.0,2,labheshyawalkar
7373,16743494,"ROHAN Exploit","2026-09-08 11:13:08",474.8,2,rohanexploit
7374,16792069,"Yen Hung1021","2026-09-03 16:09:33",474.7,2,yenhung1021
7375,16741053,"Bui Minh Thanh","2026-09-07 18:50:23",474.5,2,buiminhthanh
7376,16893233,"Garrick Lai","2026-09-15 08:44:07",474.4,2,garricklai
7377,16707986,Pones_kaggle,"2026-09-01 22:08:32",474.4,2,pyd966
7378,16685722,"Jiahan Cao","2026-08-12 09:01:22",474.3,2,jiahancao
7379,16857013,Dote,"2026-09-25 01:48:04",474.3,2,"shriramgunasekar,valid22"
7380,16718338,"Oladimeji Adeyemi","2026-08-17 15:33:50",474.2,2,adeyemioladimeji
7381,16707951,K_ChanHo,"2026-09-17 11:40:29",474.0,2,kchanho
7382,16632105,"shreyas sangalad","2026-08-02 12:01:08",473.9,2,spoortisangalad
7383,16683934,"Teja Madala","2026-08-10 14:46:07",473.5,2,tejamadala
7384,16662690,"Pablo Gomez Perez","2026-09-04 16:45:32",473.2,2,pablogp
7385,16773194,NgNhan3110,"2026-08-27 09:36:17",473.2,2,ngnhan3110
7386,16811454,"Zakaria Taouil","2026-09-07 16:11:13",473.1,2,ztaouil
7387,16724470,"Mahdi Rafati","2026-08-24 15:32:51",473.0,2,mahdirafati
7388,16809985,"ADOLE Edache","2026-09-25 11:47:46",473.0,2,adoleedache
7389,16843511,"JiaHui Ni ","2026-09-13 14:59:35",472.9,2,jiahuini
7390,16653118,"Elmira Yekani","2026-08-18 17:05:20",472.8,2,elmirayekani
7391,16649421,Eltormtace,"2026-08-14 04:35:15",472.7,2,eltormtace
7392,16768939,"Pratham Sonawane","2026-08-30 17:37:23",472.5,2,prathamsonawane1
7393,16645302,LuCcc,"2026-08-03 09:45:35",472.4,2,luuuuccccc
7394,16805196,"Sebastian Griesbach","2026-09-22 11:47:22",472.3,2,sebastiangriesbach
7395,16862542,"Mitchelle's Team","2026-09-23 20:10:55",471.9,2,mitchellluciana
7396,16625216,"Emre Can","2026-08-01 17:05:51",471.8,2,seicatsu
7397,16715942,_@HimShukla23,"2026-09-19 18:14:05",471.8,2,himshukla23
7398,16884418,xuechengzou,"2026-09-13 12:22:43",471.7,2,xuechengzouinkaggle
7399,16678154,"Hashim Far","2026-08-08 04:20:32",471.7,2,hashimfar
7400,16761979,"Chaitany Patel","2026-09-17 14:59:29",471.7,2,chaitanypatel
7401,16880953,IAMNAMNAM,"2026-09-23 14:12:56",471.5,2,iamnamnam
7402,16774035,"Shengfeng Wang","2026-08-26 07:28:46",471.5,1,shengfengwang
7403,16670719,SimoImane,"2026-08-05 23:36:09",471.5,2,simoimane
7404,16668589,"Gleb Naumkin","2026-08-05 22:46:26",471.5,1,glebnaumkin
7405,16885999,"Vansh #2","2026-09-20 14:22:18",471.4,1,vanshnavi
7406,16722109,Navneet,"2026-08-14 14:02:35",471.4,2,zxcdfg
7407,16658149,X,"2026-09-21 13:42:54",471.4,2,lohithhb
7408,16765194,henry,"2026-08-24 13:39:29",471.3,2,zchenry
7409,16668698,Addie,"2026-08-08 05:21:08",471.2,1,addie999
7410,16755677,"Rutwik Kumar M","2026-08-26 16:31:00",471.2,2,rutwikkumarm
7411,16700080,Kaushik,"2026-08-10 11:11:18",471.1,2,kgarumugam
7412,16764751,"Abhishek Parmar","2026-08-26 04:06:39",471.0,2,abhisheknparmar
7413,16663327,Gnr8tr,"2026-08-13 14:16:44",471.0,2,wilburjpereira
7414,16661154,"gronky goobers","2026-08-15 14:39:05",471.0,2,"viktoriusontop,yoshisurjuise"
7415,16626105,sasaki,"2026-08-24 02:34:55",470.9,2,rsasaki
7416,16721814,"DOAMBA Jean Edouard Odilon","2026-08-24 14:48:43",470.9,2,doamba
7417,16668108,"Suresh Chandra Mangena","2026-08-11 09:32:31",470.9,2,sureshchandramangena
7418,16719742,"Varun Dave","2026-08-31 22:56:07",470.5,2,"pranavtrivedi02,varundave95"
7419,16668137,"Thomas De Sousa","2026-08-06 06:34:48",470.5,2,thomasdesousa
7420,16665865,"Agrippa Beaulieu","2026-08-08 19:09:28",470.5,2,agrippabeaulieu
7421,16695692,Saadii2279,"2026-08-11 16:44:39",470.5,2,saadii2279
7422,16889822,CornReform,"2026-09-21 01:01:52",470.5,2,cornreform
7423,16668154,JuanEspana,"2026-08-09 11:38:32",470.1,2,juanespana
7424,16778703,kamaras,"2026-08-30 11:58:07",469.9,2,kamaras
7425,16688662,"Faz Forward","2026-08-08 09:03:10",469.9,2,fazforward
7426,16623824,zhangende02,"2026-08-01 01:15:21",469.6,2,zhangende02
7427,16649077,"Yifan Yang 135","2026-08-11 06:22:40",469.4,2,yifanyang135
7428,16641948,JustForFun,"2026-08-18 08:00:36",469.3,2,thangphung215
7429,16659558,Ayuroshbo,"2026-09-23 09:28:54",469.2,2,ayuroshbo
7430,16775236,hohohoZzZ,"2026-09-16 16:14:37",468.9,2,hohohozzz
7431,16932257,"Joumier Loick","2026-09-25 05:25:04",468.6,2,loickjoumier
7432,16681655,"Tae seong Gim","2026-08-14 14:14:10",468.6,2,taeseonggim
7433,16926614,"Mike Codispoti","2026-09-19 18:17:10",468.4,1,mikecodispoti
7434,16665436,Aeternum,"2026-08-15 18:31:32",468.4,2,"donbinoy2004,surajkumarks"
7435,16657681,"Prince Raj","2026-08-11 22:49:02",468.4,2,princerajmdb
7436,16916293,Hun731r,"2026-09-17 20:49:12",468.2,2,hun731rkooki
7437,16737532,lsystudyhard,"2026-08-22 12:16:47",468.2,2,lsystudyhard
7438,16728933,dOvOb,"2026-09-08 14:51:10",468.0,2,waytosleep
7439,16752081,"Ahmad Dehaini","2026-08-30 06:04:54",468.0,2,ahmaddehaini
7440,16783677,"Đặng Anh Thịnh","2026-08-28 08:31:12",467.9,1,nganhthnh
7441,16773043,"Petani Baik","2026-09-03 00:56:35",467.9,2,durrahandri
7442,16717018,"Urvashi Bansal","2026-08-17 09:12:29",467.8,2,urvashibansal123
7443,16661287,"Jacob Hanlon","2026-08-11 13:59:58",467.8,2,jacobhanlon
7444,16662938,CarlitrosParra,"2026-08-05 21:34:52",467.7,2,carlitrosparra
7445,16768079,Sohee087,"2026-08-24 20:21:01",467.6,1,sohee087
7446,16664251,zzy123123,"2026-08-08 09:22:51",467.6,2,zzy123123
7447,16831819,"Roy Lampe","2026-09-24 11:46:45",467.6,2,roylampe
7448,16659681,"Aditya Seth","2026-09-04 13:12:36",467.4,2,adityaseth777
7449,16655080,"Mohamed Judi","2026-09-07 19:18:31",467.4,2,mhjudi
7450,16662995,"carlos mario de oro aguado","2026-08-06 21:08:28",467.3,2,cdeoroaguado
7451,16774849,RiyadhLakadimu123,"2026-08-31 19:51:17",467.2,2,riyadhlakadimu123
7452,16623198,"Chris D'Mello (ineligible)","2026-07-31 17:32:46",467.2,1,cdmello
7453,16655600,"VYSHAKH G NAIR","2026-08-04 21:31:24",467.2,2,vyshakhgnair
7454,16658476,"goksel yesiller","2026-08-04 11:07:53",467.0,2,gokselyesiller
7455,16689372,"Kiran Yerpude","2026-08-12 05:39:43",467.0,2,kiranyerpude
7456,16677524,"Phúc Phạm","2026-08-07 20:16:24",467.0,2,phucpham77
7457,16675916,Lorenzo176ITA,"2026-08-14 11:02:15",466.9,2,"alessiopap,lorenzo176ita"
7458,16794309,"Sanyam Jain","2026-09-25 22:15:39",466.7,2,sjain03
7459,16719857,"Howey do it","2026-08-14 23:06:06",466.7,2,ronincoppins
7460,16779152,"taijiu int","2026-09-04 22:22:20",466.6,2,taijiuint
7461,16840624,Deepakexplores,"2026-09-11 17:51:43",466.5,2,deepakexplores
7462,16786351,"Pradeep P","2026-09-14 16:39:50",466.2,2,pradeeppuranam
7463,16663258,sawe,"2026-09-16 09:10:13",466.2,2,boiihhh
7464,16726211,RepeatAfterMe,"2026-08-17 08:21:41",466.2,2,bekirsciftler
7465,16627324,"Attack on Kaggle","2026-08-06 13:27:22",466.1,2,user19394494
7466,16758526,"sudo give_me_the_prize","2026-08-24 16:34:02",466.1,2,ibrahimab2
7467,16666071,"Arda Yıldız","2026-08-20 09:33:54",466.1,2,xreina8
7468,16876859,Broncat,"2026-09-15 02:27:28",465.9,2,broncat
7469,16699207,"Bipin Rimal","2026-08-10 07:45:21",465.9,2,bipinrimal314
7470,16914972,cdwswb,"2026-09-19 02:25:22",465.7,2,cdwswb
7471,16645936,"Abhy Rejikumar","2026-08-22 19:26:23",465.6,1,abhyrejikumar
7472,16847740,FarmAre,"2026-09-07 17:31:01",465.6,2,abishekak
7473,16681637,nasu01,"2026-08-07 10:14:10",465.6,2,nasu01
7474,16936983,"hanlin zhu","2026-09-22 13:06:50",465.6,2,dhanlinzhud
7475,16661460,Lucky,"2026-09-03 07:49:58",465.5,2,tmiya0107
7476,16675000,"Carl Bell","2026-09-16 20:55:33",465.5,2,allegedcarlbell
7477,16876700,"Omar Mukhtar","2026-09-18 10:05:32",465.3,2,omarmukhtar3
7478,16656573,"Ashiq Firoz","2026-08-17 18:20:11",465.3,2,ashiqfiroz
7479,16667517,"Recep Barkın Topcu","2026-08-31 05:30:02",465.3,2,recepbarkntopcu
7480,16625808,"Etsushi Yamamoto","2026-08-09 16:50:41",465.3,2,etsushiyamamoto
7481,16685570,"Micah Fernando","2026-08-07 19:46:31",465.1,2,micahfernando
7482,16797002,ZhixinLuo,"2026-09-01 14:16:09",464.9,2,zhixinluo
7483,16713179,"Enise Zengin","2026-09-15 02:53:02",464.9,2,enisezengin
7484,16662715,"Great Okwuma","2026-08-17 00:10:46",464.9,2,greatokwuma2
7485,16765688,jihunai,"2026-08-26 23:15:54",464.6,2,jihunai
7486,16840130,tkm_ktn,"2026-09-05 15:48:40",464.3,2,takumikotani
7487,16663040,"BARBARA GASKINS","2026-08-12 01:08:47",464.2,2,barbaragaskins
7488,16718828,"Tejas Nisar","2026-08-23 17:04:45",464.2,2,tejasnisar
7489,16749038,Seuz,"2026-09-23 08:08:39",464.0,2,kohdawei
7490,16778127,Nimmokumar,"2026-09-20 18:45:50",464.0,2,nimmokumar
7491,16662790,"Derek Earnhart","2026-08-04 18:04:01",464.0,1,derekearnhart
7492,16733961,"Julia Fredo","2026-09-25 21:46:14",464.0,2,juliafredo
7493,16915448,asdfghjklbelinda,"2026-09-18 01:55:15",463.9,2,"asdfghjklbelinda,yyyemin,zhouqingwen"
7494,16631547,"Chong Xuan Ng","2026-08-08 15:38:52",463.7,2,chongxuanng
7495,16675468,"atakan akgün","2026-08-13 15:32:32",463.6,2,atakanakg
7496,16732200,"Louis WhoEat","2026-08-24 12:02:40",463.6,2,louiswhoeat
7497,16706277,"ratat Zheng","2026-08-12 10:25:38",463.5,2,ratatzheng
7498,16695102,whitelok,"2026-08-11 12:54:41",463.3,2,whitelok
7499,16660060,AnkitGoyal,"2026-08-05 15:33:29",463.0,2,goyalankit
7500,16661930,zzangsunghyeon,"2026-08-08 16:22:21",463.0,2,zzangsunghyeon
7501,16847224,Kfarmer,"2026-09-19 12:51:27",462.9,2,"cwy0904,jasonchao89,jaspersooks,makomek,peiyingtok"
7502,16767147,"Hacker Trinity","2026-09-09 12:20:12",462.7,2,hackertrinity
7503,16667078,dprinzensteiner,"2026-08-05 14:06:26",462.6,2,dprinzensteiner
7504,16760480,yat0i811,"2026-09-13 14:13:59",462.5,2,yat0i811
7505,16681778,kzeus@003,"2026-08-12 05:12:15",462.5,2,kzeus003
7506,16720049,"aditya emmadishetty","2026-08-14 13:20:54",462.3,2,adityaemmadishetty
7507,16665949,Rbda,"2026-08-06 14:18:03",462.3,2,brazvan
7508,16656641,AndrewEly8,"2026-08-05 00:56:32",462.3,2,andrewely8
7509,16728318,T3jas06,"2026-08-22 19:45:13",462.2,2,t3jas06
7510,16794499,smileMAN13912339850,"2026-09-07 10:01:07",462.0,2,smileman13912339850
7511,16661382,CBenaventte,"2026-09-02 13:35:27",461.9,2,cbenaventte
7512,16651872,Evgen21,"2026-08-05 14:03:50",461.9,2,evgen21
7513,16909602,jack1e32,"2026-09-18 02:32:58",461.8,2,jack1e32
7514,16654347,"aarav maheshwari1","2026-08-26 05:57:03",461.6,2,aaravmaheshwari1
7515,16646286,"C Aravindhan","2026-08-04 05:03:22",461.5,2,caravindhan
7516,16739711,SBC,"2026-08-20 10:16:10",461.3,2,"anusasaha2406,harshkumar3014,rahulmaity"
7517,16704597,"Wallace Switzer","2026-08-12 01:09:49",461.1,2,wallaceswitzer
7518,16700596,"Markel Iru","2026-08-13 15:52:53",461.0,2,markeliru
7519,16675686,"PRERIT MAURYA","2026-08-14 06:37:51",460.9,2,preritmaurya
7520,16644410,"Swaroop Kallakuri","2026-08-04 15:40:29",460.8,2,ksjpswaroop
7521,16663822,BhavyaSaini001,"2026-08-29 23:10:34",460.6,2,bhavyasaini001
7522,16658521,"Vishal Dhariwal","2026-08-08 11:43:36",460.5,2,user412
7523,16930490,freesunp,"2026-09-21 02:48:31",460.3,2,freesunp
7524,16639577,Haitaks,"2026-08-16 09:42:16",460.3,2,haitaks
7525,16687959,"Destin Nedjou","2026-08-27 05:45:33",460.1,2,destinnedjou
7526,16882021,"lucas honoratodesouza","2026-09-14 05:21:58",460.0,2,lucashonoratodesouza
7527,16660413,Ritesh-2006,"2026-09-24 05:25:22",459.9,2,ritesh2006
7528,16838981,"Adil Shamim","2026-09-09 13:55:52",459.9,2,adilshamim8
7529,16621437,AdamBelniak,"2026-08-03 18:15:21",459.7,2,adamos581
7530,16661105,"Vignesh Murugan","2026-08-04 19:57:46",459.7,2,vigneshv1cky
7531,16757366,"Sean Connolly","2026-09-05 04:10:21",459.7,2,seanconnolly
7532,16694330,"Jack Way","2026-08-10 11:48:42",459.5,2,jackway05
7533,16654885,"Jason Kong","2026-08-04 06:52:19",459.4,2,jasonkongie
7534,16623006,"Aaradhy Singhvi","2026-09-08 12:48:10",459.4,2,aaradhysinghvi
7535,16656431,"Venetta Smithen","2026-08-20 02:19:45",459.3,2,venettasmithen
7536,16693003,ShirrleyChen,"2026-08-15 12:54:58",459.2,2,shirrleychen
7537,16628268,toxic_2499,"2026-09-14 13:39:02",459.2,2,toxic2499
7538,16640516,"Alfandi Hassan","2026-08-08 03:41:33",459.0,2,alfandihassan
7539,16888067,Van,"2026-09-21 01:29:39",459.0,2,lanxirye
7540,16663267,"Sravya Isukapatla","2026-08-11 10:14:54",458.9,2,sravyaisukapatla
7541,16653049,"Umut Doruk Öztürk","2026-09-02 09:52:16",458.9,2,umutdorukztrk
7542,16870864,"Overfitting Is All You Need","2026-09-18 09:25:23",458.8,2,ryylll
7543,16879958,Sash.a,"2026-09-19 20:28:26",458.8,2,smashaza
7544,16793465,"Farming Sols","2026-09-03 23:40:36",458.8,2,rishitreddypalle
7545,16714488,"HusseinNadem Nadem","2026-08-26 01:53:13",458.5,2,husseinnademnadem
7546,16665374,UmangDobhal03,"2026-08-06 03:46:29",458.4,2,umangdobhal03
7547,16655881,"Zhuoran Zhao","2026-08-07 16:50:04",458.3,2,yearcakes
7548,16709918,GUI666,"2026-08-26 16:17:40",458.1,2,gui666
7549,16656568,"FARIATHTHEEN F","2026-08-04 11:44:49",457.8,2,fariaththeenf
7550,16668068,"Neural Harvest","2026-08-27 19:23:44",457.6,2,meghashyampawar
7551,16696061,Mingyuan2002,"2026-09-22 04:17:12",457.5,2,mingyuan2002
7552,16713723,"Jyot Buch","2026-08-12 23:09:41",457.5,2,jyotbuch
7553,16755394,"Ruben Lucas","2026-08-21 21:50:16",457.3,2,rubenlucas
7554,16674605,Versilogic,"2026-08-16 07:54:48",457.3,2,versilogic
7555,16722793,Murphyzz,"2026-09-19 23:32:31",457.2,2,theophileperez
7556,16663707,DotBix,"2026-08-12 21:45:54",457.1,2,dotbix
7557,16786281,"Saumya Prasad","2026-09-24 19:16:29",457.1,2,saumyaprasad2004
7558,16727920,"Youssef Yacoup","2026-09-04 16:50:53",457.0,2,youssefyacoup
7559,16666716,"Fanis Alexakis","2026-08-17 11:59:15",456.9,2,fanisalexakis
7560,16776990,"Yash Kumar #2","2026-09-25 15:42:38",456.8,2,yashkumargunnersshot
7561,16661449,"Samarjeet Singh","2026-08-23 04:32:19",456.7,2,samarjeet010
7562,16719521,xarquin,"2026-08-25 03:16:23",456.6,2,xarquin
7563,16892006,"Leul Hailemichael","2026-09-16 21:00:15",456.5,2,leulhailemichael
7564,16829367,"quant park","2026-09-15 10:29:07",456.4,2,quantpark
7565,16756812,"Alex Amirkhanyan","2026-08-24 05:51:16",456.3,2,aleksamirkhanyan
7566,16690793,"MOHAMMAD ALRASHED","2026-08-08 18:33:34",456.3,2,mohammadalrashed
7567,16885346,"Michael Handal","2026-09-13 16:23:03",456.1,1,michaelhandal
7568,16794598,"Andrew Yu","2026-09-02 04:51:57",456.0,1,andnyu
7569,16661682,"Rishi Gupta","2026-08-05 07:46:38",456.0,2,rishigupta07
7570,16881765,"aakriti & tanya","2026-09-18 11:53:42",455.9,2,"aakritiinchaos,tanyac1"
7571,16809022,CheeseFunction,"2026-09-05 06:58:36",455.7,2,cheesefunction
7572,16776824,"Manuel Santiago Atencio","2026-09-23 00:46:42",455.7,2,manuelsatencio
7573,16676803,"Josue Villao","2026-08-14 05:20:13",455.7,2,josuevillao
7574,16654984,"Guseinov Elvin","2026-08-08 21:44:00",455.6,2,guseinovelvin
7575,16757204,hhcjj,"2026-08-22 06:42:32",455.6,2,hhcjjkk
7576,16758970,"Jason Wong","2026-09-16 16:00:15",455.5,2,jsin27
7577,16679872,"Kirby Won","2026-09-22 22:10:05",455.3,2,kirbywon
7578,16728549,Karatelb,"2026-08-16 17:45:59",455.2,2,karatelb
7579,16804902,"aitahmed amina","2026-09-08 16:15:15",454.9,2,aitahmedamina
7580,16676482,GitLyf,"2026-08-16 12:47:59",454.5,2,"jaideva30,rohithkrishnaak"
7581,16915747,xiao,"2026-09-17 17:03:40",454.4,2,xiao789
7582,16655415,"Ivan Jarp","2026-08-29 17:07:03",454.3,2,ivanjarp
7583,16757135,Agrihand,"2026-09-02 15:00:23",454.3,2,mayur756
7584,16747670,"Luis Molina","2026-09-21 14:34:46",454.2,2,micuentadecasa
7585,16851860,"Senih Bayankulu","2026-09-08 03:13:24",453.9,2,senihbayankulu
7586,16838619,HeroGod,"2026-09-05 12:25:27",453.8,2,herogod
7587,16654974,"ACd Rooy","2026-08-11 06:35:28",453.7,2,acdrooy
7588,16842936,"Sreejit Pradhan","2026-09-12 19:11:37",453.7,2,sreejitpradhan
7589,16687602,"jithin manoj","2026-08-12 13:00:23",453.7,2,jithingmanoj
7590,16636333,xiaoyang66,"2026-08-17 13:35:28",453.6,2,kennethhao8
7591,16670651,Echare,"2026-09-15 23:28:38",453.6,1,echare
7592,16669117,"Shrikant Lambe","2026-08-10 23:31:50",453.5,2,shrikantlambe
7593,16658678,"Manav Aghera","2026-09-06 18:16:28",453.2,2,manavaghera
7594,16657502,Jasmeen,"2026-08-16 08:59:05",453.1,2,jasmeen0207
7595,16794052,"Sarthak Mishra","2026-09-24 18:06:07",453.1,2,"aarushverma04,pg541425,sarthak25b15310182,yadavup50"
7596,16654312,Xmeeeee,"2026-08-05 00:11:29",452.9,2,xmeeeee
7597,16636719,"Naman Durve","2026-09-12 16:14:56",452.9,2,namancdurve
7598,16657664,"Nguyễn Anh Kiệt 28","2026-08-06 04:17:40",452.7,2,nguynanhkit28
7599,16701871,"Raj Nandan","2026-08-10 15:13:30",452.6,1,imrajnandan
7600,16652661,"Petru-Mihai Craciun","2026-08-05 14:55:07",452.5,2,petrumihaicraciun
7601,16621367,Numari,"2026-07-31 16:30:01",452.4,2,numaritaisei
7602,16663594,"NGU BLACK SANTA","2026-08-05 15:23:10",452.3,2,ngublacksanta
7603,16903680,"marwan na","2026-09-19 09:27:52",452.0,2,marwanna
7604,16686093,"Muhammad Usman Butt","2026-08-07 22:00:04",451.8,2,debugdemon
7605,16670155,Kiznaiver,"2026-08-23 14:27:19",451.8,2,kiznaiver
7606,16875460,"Safa Nasrin","2026-09-24 07:30:11",451.6,2,safanasri
7607,16820596,Karina,"2026-09-16 11:36:45",451.5,1,karinajoey
7608,16711823,Abi_e,"2026-09-07 09:47:37",451.4,2,abidjacquelineanadi
7609,16687237,Khalibryler,"2026-08-11 09:17:03",451.4,2,khalibryler
7610,16721940,DarkLayer,"2026-08-22 02:07:13",451.2,2,nnpaopao
7611,16938142,"Pavel Krotkov","2026-09-23 20:23:34",451.2,2,pashkal
7612,16940818,Laiba,"2026-09-24 11:45:36",451.1,1,laibasm01
7613,16654394,sserges,"2026-08-08 20:46:14",451.0,2,sserges
7614,16723072,Arthurt1,"2026-09-23 22:09:27",451.0,1,arthurt1
7615,16717051,"Chirag Hosdurga","2026-08-13 13:38:41",451.0,2,chiraghosdurga
7616,16621572,"Abdulazeez AbdulMumeen","2026-08-05 10:59:27",450.8,2,ayobeen
7617,16925447,"Peter Tinashe Mundowa","2026-09-20 09:37:57",450.8,2,petermundowa
7618,16706143,Adityaupadhyay0805,"2026-08-20 04:28:06",450.7,1,adityaupadhyay0805
7619,16762154,lli,"2026-09-07 19:04:26",450.6,2,colesuoseue
7620,16738218,kiyo,"2026-09-10 13:01:37",450.4,2,kiyohiro
7621,16661786,Nagaraju,"2026-08-10 01:53:04",450.2,2,orugantn
7622,16799224,"Tian Yan666","2026-09-03 14:48:42",450.1,2,tianyan666
7623,16785568,"Sneha Bhargava4","2026-09-16 17:56:17",450.0,2,snehabhargava4
7624,16663622,sammuq1,"2026-08-10 23:56:19",449.9,2,sammuq1
7625,16731790,"A random farmer","2026-08-18 02:19:53",449.8,1,hinatatokuda
7626,16844010,"Nori Miya","2026-09-06 15:17:38",449.7,2,norimiya
7627,16707331,"Simon Ziegs","2026-08-23 22:54:11",449.6,2,simonziegs
7628,16785352,"joão Vitor","2026-09-05 20:19:12",449.5,2,jaov30718
7629,16653809,acbabc123,"2026-08-04 13:53:53",449.5,2,acbabc123
7630,16908418,Ayush_1319,"2026-09-17 11:59:04",449.5,2,ayush1319
7631,16657383,"Shih Hua Chou","2026-08-18 03:51:08",449.3,2,shihhuachou
7632,16661233,"Uriel Johnson","2026-08-05 08:45:24",449.1,2,urieljohnson
7633,16681924,WEcoS,"2026-08-10 04:32:03",449.0,2,aungkhainghtun
7634,16893255,"Amal Raj Singh","2026-09-19 08:37:00",449.0,2,amalrajsingh
7635,16713218,"Julien Baumgartner","2026-08-14 08:36:27",448.8,2,julienbaumgartner
7636,16663368,"Laurence Dale","2026-08-12 18:00:07",448.8,2,laurencedale
7637,16838929,Charlesm85,"2026-09-06 05:56:26",448.8,2,charlesm85
7638,16698141,Zippo,"2026-08-16 05:44:18",448.7,2,gagemerrick
7639,16670090,"Gianpaolo Nettis","2026-08-24 08:42:07",448.7,2,rakes7
7640,16771725,"Rijusmit Biswas","2026-09-18 10:55:33",448.6,2,rijusmitbiswas
7641,16773020,HyperNeonByte,"2026-09-23 00:23:03",448.6,2,hyperneonbyte
7642,16659919,"SILVISTON EMMANUEL","2026-08-06 06:51:55",448.4,2,silvistonemmanuel
7643,16751058,"Henrique Loyola ","2026-08-21 05:29:59",448.2,2,henriqueloyola
7644,16780783,pri,"2026-08-28 15:10:15",448.2,2,priscilamaria5363
7645,16664558,"Praneeth Annapureddy","2026-08-05 04:52:45",448.0,2,praneethannapureddy
7646,16668810,ZZZZGOD,"2026-08-07 19:11:09",447.9,2,zzzzgod
7647,16791617,"Neil Li","2026-08-30 00:10:32",447.7,1,neilliroub
7648,16661751,"Shailaja J","2026-08-12 14:51:15",447.4,1,shailajaj
7649,16756900,Kome_Sh,"2026-08-30 13:40:56",447.2,2,komeshun
7650,16662111,"Mood Vikram","2026-09-05 23:15:35",447.2,2,"moodvikram,sidhantchauhan"
7651,16728845,"Mohamed Kaleel","2026-08-22 16:12:58",447.1,2,mdkaleel
7652,16853895,sailohith07,"2026-09-08 10:49:11",447.0,2,sailohith07
7653,16671602,"Nithin Nambi","2026-08-07 00:09:31",447.0,2,nitthewit
7654,16726882,"Albert Yu","2026-08-17 00:01:53",446.9,2,yukinying
7655,16795330,"Alejandro Villacampa","2026-09-02 17:32:11",446.9,2,avillacampa
7656,16763898,"Tarık Sarıcı","2026-08-24 09:54:31",446.8,2,ssarici
7657,16623712,Dapp,"2026-08-03 23:09:19",446.8,2,lgloria
7658,16867305,Prikat,"2026-09-24 19:38:03",446.7,2,prikat
7659,16705276,layr0,"2026-08-14 00:53:11",446.6,2,layr0dotdev
7660,16855836,"Srinivasan Raghavan","2026-09-08 18:07:38",446.6,1,srinivasan1812
7661,16802580,WarlockCode,"2026-09-03 14:07:58",446.3,2,maktub83
7662,16892437,chukbert,"2026-09-25 20:51:11",446.2,2,chukbert
7663,16641501,Sonal,"2026-08-08 22:07:46",445.8,2,sonalm13
7664,16664327,"Maged Hegazy","2026-08-06 13:13:28",445.8,2,magedhegazy
7665,16667722,Radhouen911,"2026-08-06 21:37:37",445.7,2,radhouen911
7666,16879532,kiwamizamurai,"2026-09-14 20:27:53",445.6,2,kiwamizamurai
7667,16792630,Vipluv1,"2026-09-04 20:32:56",445.6,2,vipluv1
7668,16897899,templar7245,"2026-09-22 16:56:46",445.6,2,templar7245
7669,16691761,"Evie Barker","2026-08-15 13:40:05",445.4,2,eviebarker
7670,16670634,"Narayan Sharan","2026-09-12 06:55:27",445.2,2,narayansharan
7671,16634060,"Chí Thành Đỗ","2026-08-02 05:11:58",444.9,2,chithanhdeptrai
7672,16793145,KarlNUrban,"2026-09-05 12:19:50",444.7,2,karlnurban
7673,16725065,"Maxim Smirnov","2026-08-15 13:21:05",444.6,2,smirnoffmg
7674,16706790,"Stas Chereshkevich","2026-08-19 12:23:33",444.6,2,staschereshkevich
7675,16664205,"shr Wei","2026-09-03 06:00:47",444.6,2,shrwei
7676,16667601,"Audrius Molis","2026-08-27 19:30:39",444.6,2,vienas
7677,16621402,Maxim,"2026-08-13 07:01:03",444.6,2,ektarr
7678,16841679,Chafuuu,"2026-09-09 16:26:02",444.5,2,chafuuu
7679,16690698,posty_melek,"2026-08-15 05:06:40",444.4,2,srisaraswati
7680,16724984,anish711,"2026-08-22 17:54:18",444.4,2,anish711
7681,16853371,JIAWEILI0001,"2026-09-23 15:42:25",444.4,2,jiaweili0001
7682,16663871,"Iyed Djebbi","2026-08-07 09:25:07",444.3,2,iyeddjebbi
7683,16682386,"Charbel Nehme","2026-09-24 07:58:33",443.7,2,charbelnehme
7684,16640965,jidaoluckey,"2026-08-08 07:10:45",443.7,2,jidaoluckey
7685,16838460,"Yash Vardhan","2026-09-08 07:39:50",443.7,2,poruskapil1
7686,16661576,"Yash Jumde","2026-08-15 20:09:59",443.6,2,yashjumde
7687,16773264,LA28,"2026-09-03 19:44:02",443.6,2,saisreelasyaappali
7688,16630520,dimitris_x94,"2026-08-23 21:10:57",443.2,2,dimitrisx94
7689,16633786,tuannm3812,"2026-08-28 08:00:42",443.1,2,tuannm3812
7690,16696271,"Neeta Sanjay Gajabi","2026-08-09 14:48:42",442.9,2,neeta2574
7691,16644765,MoeCode,"2026-09-12 16:46:28",442.9,2,syrianeagle
7692,16657312,"baolood herid","2026-08-06 13:13:48",442.6,2,baoloodherid
7693,16661323,mzyktkhs,"2026-08-10 13:21:59",442.6,2,mzyktkhs
7694,16912864,zhzhang,"2026-09-19 12:54:48",442.4,2,lililizh11
7695,16683316,moonriver0922,"2026-08-11 07:04:11",442.4,2,moonriver0922
7696,16651042,Mira_332,"2026-08-27 04:58:29",442.4,2,ichiiohno
7697,16668813,zhaowang,"2026-08-06 05:19:52",442.3,2,zhaowangwang
7698,16723490,"Panashe Arthur Mhonde","2026-08-22 11:41:19",442.3,2,panashearthurmhonde
7699,16716636,"Mahamane Lawaly","2026-08-13 10:22:51",442.1,1,mahamanelawaly
7700,16659080,VENKY,"2026-08-07 17:22:03",442.0,2,venkateshthatha
7701,16862497,DefiAudit,"2026-09-26 00:07:46",441.9,2,defiaudit
7702,16767585,Hyena,"2026-08-25 22:17:26",441.7,1,hemant0
7703,16718517,"Jessica Yin","2026-08-17 00:10:31",441.7,2,jeqyin
7704,16730870,"Jiang Ryan","2026-09-03 03:37:12",441.1,2,jiangryan
7705,16916625,"Dhoni Theja007","2026-09-25 19:34:04",441.1,2,dhonitheja007
7706,16728821,"Alen Maria Nirmal","2026-08-17 21:51:03",441.1,1,alenmarianirmal
7707,16670986,"Anas Erami","2026-08-08 01:38:43",441.0,2,anaserami
7708,16661360,"Jasper Jiss","2026-08-13 18:45:37",440.7,2,jasperjiss
7709,16877297,"Aaryan Gole","2026-09-15 09:37:08",440.6,2,aaryangole
7710,16666132,andres555,"2026-08-28 14:36:21",440.5,2,"andres555,violalin"
7711,16726285,Dhananjay,"2026-08-15 18:48:20",440.5,2,dhananjaylakkawar
7712,16713557,kaggri-kal-chal,"2026-09-16 18:53:51",440.4,2,"nainikaanish,shrivastavaaryan"
7713,16773032,fecrescencio22,"2026-09-02 21:07:10",440.4,2,fecrescencio22
7714,16683761,"Chiefmen749 Aris","2026-08-10 07:42:42",440.3,2,saysplayz
7715,16729214,kisamaki0815,"2026-08-28 01:21:57",440.2,2,kisamaki0815
7716,16764151,Jpadilla987@gmail.com,"2026-08-25 21:00:27",440.2,2,jpadilla987gmailcom
7717,16757806,Richardwe,"2026-09-08 08:43:12",440.1,1,richardwe
7718,16729086,samanyu,"2026-08-23 10:13:11",440.1,2,samanyu1808
7719,16633984,"Mongkhon Hatit","2026-08-04 11:58:56",440.0,2,mongkolhatit
7720,16644053,Rafiozoo,"2026-08-03 19:26:40",439.8,2,rafiozoo
7721,16671670,"Karla Ziegler","2026-09-24 00:26:42",439.6,2,karlaziegler
7722,16692128,gibocx,"2026-08-10 18:10:34",439.6,2,gibocx
7723,16755159,"Kay Gijzen","2026-08-23 11:51:31",439.2,2,kaygijzen
7724,16659658,"Tim Wong","2026-08-06 02:02:30",439.2,2,wai0186
7725,16921938,"Hikaru Kambe","2026-09-19 04:34:43",438.9,2,hikarukambe
7726,16660899,"Clarence Trinidad","2026-09-16 18:28:20",438.9,2,claree007
7727,16668267,Saran,"2026-08-27 14:18:05",438.8,2,saran2
7728,16786280,Shambhavi21,"2026-09-24 18:04:34",438.5,2,shambhavi21
7729,16631609,dlougen,"2026-08-04 16:40:03",438.4,2,dlougen
7730,16697448,"Mykola Mazniuk","2026-08-15 17:57:39",438.3,1,mykolamazniuk
7731,16775069,JWlKIM,"2026-08-26 23:22:43",438.3,2,jwlkim
7732,16662079,"Farrukh Hussain","2026-09-08 11:36:07",438.2,2,farrukhhussai
7733,16926880,KarthikeyaAnna,"2026-09-20 13:40:19",438.2,2,karthikeyaanna
7734,16690221,"HISOKY DEV","2026-08-10 09:42:03",438.1,2,omarfahid
7735,16888455,Erin,"2026-09-14 02:55:17",438.1,2,eringobyte
7736,16711918,"Pavel Filin","2026-08-13 05:23:28",438.1,2,pavelfilin
7737,16847947,"Phongwit Sri","2026-09-22 04:30:08",438.1,2,phongwitsri
7738,16861019,CloriTeam,"2026-09-09 15:34:28",438.0,2,lorenzocomis
7739,16745980,"Arif Amijoyo","2026-08-30 07:54:40",438.0,2,arifamijoyo
7740,16858543,"Fakhar Mustafa","2026-09-10 05:07:39",438.0,2,fakhar90
7741,16641513,"Sameer Chakravedi","2026-08-15 16:06:11",438.0,2,sameerchakravedi
7742,16890511,"Alex Solonsky","2026-09-14 08:57:30",437.8,1,alexsolonsky
7743,16759239,SunYaoXi,"2026-08-27 09:32:42",437.7,2,sunyaoxi
7744,16660330,wangyikai,"2026-08-09 07:59:45",437.7,2,wangyik
7745,16676497,"Non-veg plants","2026-08-07 09:54:00",437.3,2,mohammadshadabshaikh
7746,16892644,ElKnilcho,"2026-09-14 19:01:37",437.3,2,elknilcho
7747,16625149,Rubylicious,"2026-07-31 07:53:00",436.9,2,labibahalya
7748,16699633,Nafmo,"2026-08-11 17:10:53",436.8,2,nafmo2
7749,16654401,ChronoForensics,"2026-08-08 17:26:11",436.6,2,ryanwollmuth
7750,16623271,"William Morley","2026-07-31 10:09:16",436.6,2,williamkmorley
7751,16728394,"Aisultan Davletkan","2026-08-16 13:01:38",436.6,1,aisdav
7752,16658520,drownedsnake,"2026-08-05 01:03:22",436.4,2,makerplay
7753,16892976,"Tony He","2026-09-19 17:41:31",436.3,2,tonyyang0504
7754,16624414,"Chaitanya Jamble","2026-07-31 05:42:10",436.2,1,chaitanyajamble
7755,16726441,Enrique.rfm,"2026-09-14 16:40:46",436.2,2,enriquerfm
7756,16665184,woorym,"2026-08-10 03:04:12",436.1,2,woorym
7757,16761148,Deku,"2026-08-23 13:36:57",435.9,1,piyushsharma5654
7758,16660484,"Waiswa Geoffrey","2026-08-31 08:29:58",435.4,2,waiswageoffrey
7759,16657528,"Symekah Shadrack Basweti","2026-08-05 10:17:09",435.3,2,symekah99
7760,16925537,pballurkar,"2026-09-19 13:08:26",435.1,1,pballurkar
7761,16686796,"Harinath Reddy A","2026-08-23 21:23:45",435.0,2,harynath
7762,16684031,"Phillip Kamundia","2026-08-14 20:35:15",435.0,2,phillipkamundia
7763,16668095,Menna_Allah_Samy12,"2026-08-15 15:04:56",434.9,2,mennaallahsamy12
7764,16659414,TTGP_TEAM,"2026-08-06 15:33:09",434.7,2,phttrntrnggia
7765,16859368,"Emmanuel King Christopher","2026-09-09 23:31:24",434.7,1,emmanuelkingchris
7766,16778886,"Sandeep Das","2026-08-31 09:48:37",434.4,2,sandypos
7767,16815817,haiy_qq,"2026-09-04 01:41:26",434.3,2,haiyqq
7768,16786101,Cai0Emanuel,"2026-08-29 01:11:51",434.2,1,cai0emanuel
7769,16785932,"Thomas Yi","2026-09-04 00:33:06",434.0,2,tyyslashd
7770,16735206,"Shiyal Kishan","2026-08-20 04:01:28",433.8,2,shiyalkishan01
7771,16845679,"Wenhai Tang (raisin)","2026-09-07 03:33:14",433.8,1,wenhaitangraisin
7772,16651939,"Yogesh Jadhav","2026-09-17 06:54:06",433.6,2,dynamo14324
7773,16660697,"Dannis Wong11","2026-09-09 10:07:46",433.6,2,danniswong11
7774,16674266,HamYad,"2026-08-06 18:19:46",433.5,2,hamyadlab
7775,16683390,Christopher34,"2026-08-08 00:20:59",432.9,2,christopher34
7776,16666066,Khush3e,"2026-09-16 23:20:51",432.9,2,khush3e
7777,16663976,"wangyang denis","2026-08-12 06:26:08",432.8,2,wangyangdenis
7778,16928039,"Hideki Fujiwara","2026-09-26 02:33:04",432.7,2,hidekifujiwara
7779,16892719,"Sandeep Guttavalli","2026-09-21 11:33:21",432.5,2,sandeepguttavalli
7780,16728414,"Pedro Caycho","2026-08-16 12:40:26",432.5,1,pjcc1123
7781,16719460,"Amon #2","2026-08-15 12:40:41",432.5,2,ezjameng
7782,16625434,"Chirapathleo Saelim","2026-09-08 08:40:06",432.4,2,chirapathleosaelim
7783,16657201,ShayML,"2026-08-08 09:02:05",432.2,2,shayml
7784,16664044,IntentionalSayshara,"2026-09-05 14:45:02",432.2,2,jaelle
7785,16654458,"Likith Narakala","2026-09-10 20:27:03",432.1,2,likith17052004
7786,16692782,"Andres Regino","2026-08-23 20:26:03",432.1,2,andresregino
7787,16944152,JanGO,"2026-09-24 00:35:44",432.0,2,jankoai
7788,16666878,aaronykchen,"2026-08-17 15:06:13",431.4,2,aaronyukuchen
7789,16662133,"Ding Lifeng","2026-08-29 08:20:49",431.3,2,dinglifeng
7790,16766803,"Kanishk Sharma","2026-09-01 23:52:42",431.3,2,kan1shq198
7791,16630896,OpenBuilder,"2026-08-08 12:09:06",431.1,2,weijunguo
7792,16670464,halfpintcider,"2026-09-16 08:50:31",431.1,2,"amoghdeshpande2021,visspric7"
7793,16661628,PradipBanerjee,"2026-08-05 21:03:11",431.1,2,pradipbanerjee
7794,16785010,"Victor Wangles","2026-08-28 16:01:17",431.1,1,victorwangles
7795,16663104,Sohan,"2026-08-23 14:42:40",431.1,2,sohansinghrawat
7796,16659269,"Bedirhan Dinçer","2026-08-10 20:26:46",430.8,2,bedirhandiner
7797,16662167,"Tara Singh Kharwad","2026-08-05 17:13:10",430.7,2,tarasi7261
7798,16745485,"Thamires dos Santos ","2026-09-25 01:42:25",430.7,2,thasantos
7799,16653429,mktdev,"2026-08-10 12:19:54",430.6,2,mktdev
7800,16661194,"Sandeep Vanapalli","2026-08-04 15:37:06",430.4,2,mrleaf
7801,16623528,"Faijur Rahaman","2026-08-20 09:40:07",430.2,2,faijurrahaman
7802,16677166,Spectrobot,"2026-08-08 11:11:46",430.2,2,spectrobot
7803,16671033,"Alexandr Shustikov","2026-09-17 22:35:17",430.1,2,alexandrshustikov
7804,16938771,"Daniel Peng","2026-09-22 03:53:05",430.1,2,codewithdaniel1
7805,16699436,"Oluwaseun O Adeya","2026-08-23 01:22:24",429.8,2,oluwaseunoadeya
7806,16675631,"Aswini Gowda","2026-08-10 05:37:33",429.7,2,aswinigowda
7807,16695095,"Jayanth Chowdary","2026-08-22 17:50:39",429.7,2,jayanthchowdary24
7808,16632855,Shreyash_Automation,"2026-08-21 00:06:49",429.6,2,shreyashautomation
7809,16719679,ZhiruiLuo,"2026-08-25 15:52:57",429.6,1,zhirluo
7810,16742009,"Mutyam kavyanjali","2026-08-19 10:25:06",429.5,1,mutyamkavyanjali
7811,16676256,"Kotaro Nakamura","2026-08-11 22:18:41",429.2,2,kotaroma
7812,16656627,"Soykot Podder","2026-08-14 05:39:06",429.2,2,diptopodder
7813,16735177,shilpa.rpns,"2026-08-22 04:57:10",429.1,2,shilparpns
7814,16778939,"Stepan Antonov","2026-08-27 07:59:30",429.1,1,stepanantonov
7815,16701367,CryptoQuant1992,"2026-08-11 13:04:12",428.8,2,cryptoquant1992
7816,16714240,"The Shovel","2026-08-26 03:21:18",428.7,2,"astapasta0,qotqat"
7817,16696993,healer2408,"2026-08-15 07:10:57",428.6,2,healer2408
7818,16660455,"Alex Kapend","2026-08-05 08:42:26",428.5,2,alexkapend
7819,16765863,MADUPU.SRINIDHI,"2026-09-05 10:31:08",428.5,2,madupusrinidhi
7820,16802750,"[Deleted] fafa60dd-8026-43cc-b656-34ca4625ef7d","2026-09-01 12:22:13",428.4,1,del=e2a734cecd171934
7821,16659520,"Play Code","2026-08-05 14:28:00",428.4,2,codenya
7822,16717912,"Anu Kumari","2026-08-13 18:03:07",428.3,1,anuk16020
7823,16700627,"Benedict Ebito Boyubie","2026-08-10 11:03:38",428.2,1,bboyubie
7824,16707437,"Ivan Plekhanov","2026-08-11 12:03:11",428.1,1,nnob0dy
7825,16665152,"Ahmed Karim","2026-08-17 11:32:15",428.0,2,versusic
7826,16675215,"Viljen Apalset Vassbø","2026-08-06 22:24:44",427.9,2,viljenapalsetvassb
7827,16654290,"Srinivasa Ranga","2026-09-23 20:38:38",427.9,2,srinivasaranga
7828,16897148,"Ikrame Ibn Hayoun","2026-09-15 14:26:06",427.9,2,ikrameibnhayoun
7829,16722819,Anna,"2026-08-21 15:01:26",427.8,2,annatmp
7830,16790603,xinbao,"2026-09-22 05:21:16",427.6,2,zww123456
7831,16854332,kotaross,"2026-09-09 15:18:06",427.5,2,kotaross
7832,16706843,"yh z","2026-08-11 09:32:56",427.4,1,yhz123456
7833,16732513,Taogege,"2026-09-22 09:17:12",427.4,2,"liyiyiyi6,taogege520"
7834,16655783,KonaKonaz,"2026-08-04 09:36:57",426.8,2,konakonaz
7835,16664352,"Shreyash Asati","2026-08-06 10:40:56",426.6,1,shreyashasati
7836,16706054,"ErrorX Info","2026-08-20 11:30:03",426.5,2,"errorxinfo,shyampatel47"
7837,16632503,"Wei Hsiang Lin111","2026-08-01 07:42:33",426.4,2,weihsianglin111
7838,16919106,Jocelyn--JY03,"2026-09-23 05:45:05",426.3,2,jocelynjy03
7839,16809943,"A Rook","2026-09-03 19:06:08",426.1,2,rookcastle
7840,16682906,Masiki,"2026-09-05 13:55:54",426.0,2,blackseed
7841,16666873,"linli duan","2026-08-12 15:06:42",425.7,2,linliduan
7842,16656989,Crunchex,"2026-08-29 10:52:11",425.4,2,"asmo04,chinmaysoni48,codencry"
7843,16734601,sweetlesson,"2026-08-18 00:40:55",425.3,2,sweetlesson
7844,16702200,"ANGAD JANGIR","2026-08-11 02:01:38",425.2,2,angadjangir
7845,16689017,"Mounica Challa","2026-09-17 19:39:39",425.1,2,mounicachalla
7846,16760377,"Yuxuan Qian","2026-08-29 23:45:28",424.8,2,yuxuanqian
7847,16665470,KanakoS,"2026-08-18 13:13:58",424.7,2,kanakos
7848,16668185,"Swayam Chavan","2026-08-09 01:12:23",424.6,2,swamboy
7849,16944547,アライグマ,"2026-09-23 12:54:39",424.4,1,alaiguma
7850,16926757,MengXun326,"2026-09-20 21:55:59",424.2,2,mengxun326
7851,16698570,MurphyIIVan,"2026-08-10 03:35:41",424.2,2,murphyiivan
7852,16709512,Rustamdurdyyev,"2026-08-31 19:59:56",424.1,2,rustamdurdyyev
7853,16885547,L0k1xd,"2026-09-13 10:04:10",424.0,2,l0k1xd
7854,16627313,"Zafer Liu","2026-08-03 05:13:39",424.0,2,zaferliu
7855,16661014,manu,"2026-08-16 04:45:12",423.9,2,manupandit
7856,16665647,hr15de,"2026-09-25 08:52:49",423.8,2,hr15de
7857,16708348,"Edilaine Arceno","2026-09-25 16:16:44",423.8,2,edilainearceno
7858,16880350,喜欢逢坂大河,"2026-09-16 08:36:54",423.7,2,yhsno69
7859,16721942,"Daniel Rodriguez Bothe","2026-08-18 16:57:00",423.7,2,danielrodriguezbothe
7860,16917703,"Tommy Mac Bird","2026-09-18 02:14:59",423.7,1,tommymacbird
7861,16698029,"Meet Vachhani","2026-08-10 18:34:55",423.6,2,meetvachhani7
7862,16668241,"Shreyansh Kanotra","2026-08-08 19:56:15",423.5,2,shreyanshkanotra
7863,16666447,"Shuaib ayad Jasim Jasim","2026-08-06 20:51:47",423.4,2,shuaibayadjasimjasim
7864,16668331,"Maitreya Mohapatra","2026-09-23 22:26:09",423.3,2,maitreyamohapatra
7865,16848309,"Angela Wu","2026-09-09 03:56:03",423.3,1,angelawurx
7866,16676327,shu10038,"2026-09-14 12:07:16",423.2,2,shu10038
7867,16786264,"THISHA S","2026-09-06 06:53:09",423.1,2,thishas
7868,16729996,"Michael Roust","2026-08-18 16:09:56",423.0,2,michaelroust
7869,16692618,"Ali Zakaee","2026-08-09 10:13:02",423.0,1,itheequalizer
7870,16726765,"Ali Al-Killidar","2026-08-16 09:47:37",423.0,1,alialkillidar
7871,16715456,"wilson LUNG","2026-08-17 23:54:10",422.9,2,wilsonlung
7872,16748500,stimmie,"2026-08-30 16:11:56",422.8,2,stimmie
7873,16907577,"Дмитрий Витальевич","2026-09-17 07:59:28",422.8,2,mtkrqt
7874,16637342,SupremeWarrior108,"2026-09-20 19:21:39",422.7,2,supremewarrior108
7875,16761319,Yuvraj,"2026-08-23 07:29:44",422.4,1,yuvrajkr01
7876,16751796,"Leo Pallorina","2026-08-23 14:06:17",422.3,2,lelelsp
7877,16935530,"[RU] Evgeniy Kamyshan (sharing)","2026-09-22 07:59:38",422.1,2,svo1488zov
7878,16633097,"Matheus Bonjour Laviola da Silva","2026-08-02 11:08:21",422.1,2,matheusbonjour
7879,16734096,"Cem Ali Görmez","2026-09-06 10:48:37",422.0,2,cemaligrmez
7880,16796102,yiliang,"2026-08-31 12:55:20",421.9,2,yilianglv
7881,16661717,"Yaswanth Ippili","2026-08-06 11:32:13",421.7,2,yaswanthippili
7882,16716002,"Preethi Gnanaprakasam","2026-08-14 09:10:46",421.6,2,preethignanaprakasam
7883,16671665,"Kobata Sota","2026-08-06 07:17:03",421.6,1,kobatasota
7884,16735012,"Shuvam Swapnil Dash","2026-08-28 19:56:48",421.4,2,"shashwatmandal,shuvamswapnildash"
7885,16712488,"Vansh Bhura","2026-08-12 14:23:18",421.3,2,vanshbhura
7886,16638967,"Jenny Luo","2026-08-01 23:55:07",421.2,2,"jennyluo96,kyeoh92"
7887,16684776,"D Rithika","2026-08-10 18:36:30",421.2,2,drithika
7888,16932760,"Ian Hsu I guess","2026-09-23 01:09:40",421.2,2,ianhsuiguess
7889,16663804,"Fredy Meyer","2026-08-05 20:19:51",421.0,2,alexmeyerm
7890,16654175,abhiv142,"2026-08-11 13:22:03",421.0,2,abhiv142
7891,16792392,pansya,"2026-09-20 10:00:15",420.9,2,pansya
7892,16891504,"Taha N Kaya","2026-09-14 14:03:21",420.8,1,tahankaya
7893,16728839,Mharfe,"2026-09-06 23:26:08",420.7,2,mharfe
7894,16941853,"Prem Raga1809","2026-09-23 18:27:49",420.6,2,premraga1809
7895,16729522,all-coder,"2026-08-16 17:55:08",420.4,2,allcoder
7896,16725957,"Ayman Tarig Mohammedosman Elgadi","2026-08-24 02:57:16",420.2,2,aymantarig17
7897,16735934,"Uday Kiran003","2026-08-18 06:23:18",420.1,1,udaykiran003
7898,16751979,"Sasha Sam","2026-08-27 20:02:46",420.0,2,sashasam
7899,16660990,"Bunny Tang","2026-09-10 14:33:23",419.9,2,tanghung64
7900,16669168,"Kingsley Jide","2026-08-31 21:30:18",419.8,2,kingsleyjide
7901,16743032,"Sabarishvar S S","2026-09-03 17:49:08",419.6,1,sabarishvarss
7902,16709299,"Divyanshu Choudhary","2026-09-04 13:13:32",419.6,2,divyanshuchoudhary25
7903,16696959,"Joe Filfli","2026-08-11 10:47:03",419.5,2,joefilfli
7904,16669434,"Saugat Kannojia","2026-08-07 11:45:47",419.5,2,saugatkannojia
7905,16661331,"John Wessel","2026-09-25 23:42:41",419.3,2,johnwessel
7906,16723614,"James Atteh","2026-09-12 06:28:17",418.9,2,jamesatteh
7907,16665040,"Arnav Yashlaha","2026-08-05 05:44:26",418.8,2,arnavyashlaha
7908,16678819,"Digant Kathiriya","2026-08-07 02:07:51",418.6,2,digantkathiriya
7909,16845067,"Vineet Gupta","2026-09-14 09:08:20",418.5,1,"graceydugar,vineetgupta2023"
7910,16807636,"Liu Panfeng","2026-09-05 00:30:20",418.4,2,liupanfeng
7911,16705510,"Palak Choudhary","2026-08-11 07:12:44",418.4,2,palak2564
7912,16763523,"Nam Khánh Lê","2026-09-02 06:28:44",418.3,2,"khanhss,khimbodoi"
7913,16623503,"D Mohith","2026-08-01 01:06:22",418.3,2,dmohith
7914,16758987,"Irtaza Ahmed Khan","2026-09-08 06:38:25",418.1,2,yrrebeere
7915,16768174,lambdap,"2026-09-06 13:25:29",418.1,2,lambdap
7916,16677047,LINOXYR,"2026-08-15 13:13:58",418.1,2,linoxyr
7917,16675340,"SHAURYA SHARMA","2026-09-03 00:57:48",418.1,2,shauryas555
7918,16784400,K_DHEERAJ_11,"2026-08-31 02:58:38",418.1,2,kdheeraj11
7919,16638953,"Joe Young","2026-08-03 19:23:13",417.6,2,jsphyg
7920,16655820,"Cory Tortorici","2026-08-08 15:20:42",417.6,2,corytortorici
7921,16669703,AnubhavBhadani142,"2026-08-15 06:32:19",417.4,2,anubhavbhadani142
7922,16706184,"Lingaraju Saikumar","2026-08-16 11:51:34",417.3,2,lingarajusaikumar
7923,16768262,"Brayan Miranda G","2026-08-26 19:40:15",417.3,2,brayanmirandag
7924,16805621,"DIVYANSH KUMAR SINGH CHAUHAN","2026-09-02 04:04:53",417.3,2,capdiv
7925,16664004,"Me, Myself, and I","2026-08-11 03:57:46",417.0,2,notlunarxd
7926,16668522,"Moatez Litaiem","2026-08-06 16:57:54",416.7,2,moatezlitaiem04
7927,16660923,naganikshith,"2026-08-06 08:01:09",416.3,2,naganikshith
7928,16872182,yxxchh,"2026-09-11 13:18:38",416.3,1,yxxchh
7929,16668093,Sai_Dattu,"2026-08-07 07:35:01",416.3,2,saidattu2003
7930,16804803,"01000110 01010101 01000011 01001011 00100000 01011001 01001111 01010101 00100001","2026-09-14 16:38:59",416.0,1,f01010101
7931,16623631,SeaEag1e,"2026-07-31 06:26:17",416.0,1,seaeag1e
7932,16750435,"Oleksandr Zalievskyi","2026-08-23 18:34:59",415.9,2,sashaworker
7933,16931956,Aari101,"2026-09-20 19:23:51",415.6,2,aari101
7934,16827781,c1626343198,"2026-09-04 14:50:37",415.5,2,c1626343198
7935,16657574,harikrishnacs,"2026-08-04 12:28:53",415.4,2,harikrishnacs
7936,16656579,"Riad Rayhan","2026-08-15 06:40:35",415.4,2,riadrayhan
7937,16705640,"Dongre Laxman","2026-08-12 12:36:29",415.2,2,dongrelaxman
7938,16630020,"Piotr Gabrys","2026-08-09 16:53:59",415.0,2,piotrekga
7939,16719296,Mr.TtT_Games,"2026-08-14 04:58:39",414.9,2,mrtttgames
7940,16674278,"Niels de Gier","2026-08-07 15:57:04",414.8,2,nielsdegier
7941,16792685,李明,"2026-09-22 08:03:47",414.7,2,liming2026good
7942,16664129,"Mr M 8641","2026-08-06 18:57:45",414.7,2,mrm8641
7943,16697396,"Collective Win","2026-08-18 05:10:12",414.4,2,collectivewin
7944,16623582,yunsuxiaozi,"2026-08-01 13:59:57",414.3,2,yunsuxiaozi
7945,16669945,"Turab Zaidi","2026-08-07 13:27:44",414.3,2,turabzaidi
7946,16692373,"Ornevis Montero","2026-08-20 01:59:43",414.3,2,ornevisbolaosmontero
7947,16918087,Kenyo8,"2026-09-21 07:47:02",414.2,2,kenyo8
7948,16663815,"Tetsuya Sasaki","2026-09-05 00:00:30",414.2,2,sasakitetsuya
7949,16729155,WangZihao5649,"2026-08-24 02:32:08",414.0,2,wangzihao5649
7950,16723411,CaZen,"2026-08-15 10:48:16",413.9,2,cathzwah
7951,16883044,"Muhammad Olamide","2026-09-16 10:59:44",413.8,2,muhammadolamide
7952,16623135,mohduwaishchaudhary,"2026-07-30 22:05:45",413.6,2,muwaish5
7953,16675232,"Rafif Ariq Rabbani","2026-08-27 19:37:32",413.6,2,rafifariqrabbani
7954,16708409,toshiconner,"2026-08-12 06:30:06",413.6,2,toshiconner
7955,16746562,"The Learning loop","2026-09-24 10:32:16",413.5,2,"jananikasenthilkumar,ssjaswanth"
7956,16671913,res67,"2026-08-07 16:22:30",413.5,2,junyeanyap
7957,16664512,oggyiu,"2026-09-01 07:46:10",413.4,1,oggyiu
7958,16715416,"Md. Adnan","2026-09-20 08:53:58",413.3,2,mdadnan96
7959,16757351,SaiVenkatesh,"2026-09-05 10:30:00",413.2,2,nothingnew
7960,16911283,"Apratim Bajpai","2026-09-18 17:19:51",413.0,2,apratimbajpai
7961,16809931,"john crick","2026-09-16 02:07:20",412.5,2,johncrick
7962,16658535,khanna.rohit5,"2026-08-10 05:00:31",412.5,2,khannarohit5
7963,16662896,"Adrian Dubois","2026-09-21 03:33:43",412.4,2,adriandubois
7964,16653998,www1727,"2026-09-15 16:45:05",412.4,2,www1727
7965,16890562,Names231,"2026-09-14 16:08:48",412.4,2,names231
7966,16890098,"Binief Ta","2026-09-14 14:08:36",412.4,2,biniefta
7967,16663259,erush,"2026-09-08 03:16:44",412.3,2,erushia
7968,16804231,illegalplumbing,"2026-09-16 02:55:22",412.3,2,illegalplumbing
7969,16657520,"Joel De la Cruz Fuertes","2026-08-12 16:33:48",412.2,2,joeldcf
7970,16736432,"Sarthak #2","2026-08-18 12:33:53",412.1,2,srthkdixit
7971,16634911,onlytimeknows,"2026-08-22 12:31:11",412.0,2,onlytimeknows
7972,16922524,"Aleksandar Belic","2026-09-24 20:48:44",412.0,2,aleksandarbelic
7973,16668141,"Soichiro Mochizuki","2026-08-07 22:13:36",412.0,2,soichiromochizuki
7974,16796474,"Chaitanya Mundhe ","2026-09-13 12:27:10",411.7,2,chaitanyamundhe
7975,16715404,"karthik reddy","2026-09-04 01:34:50",411.6,2,karthikreddyp
7976,16702980,GCSudarshanReddy,"2026-08-15 17:32:06",411.6,2,gcsudarshanreddy
7977,16840668,"Aratrika Ruhal","2026-09-13 23:35:13",411.5,2,aratrikaruhal
7978,16656608,"Jeffrey Dilley","2026-08-04 15:40:08",411.5,1,jeffreydilley
7979,16728945,"Suryansh Kulshreshtha","2026-09-01 14:39:14",411.3,2,"busyfellow,suryanshkulshreshtha"
7980,16728017,"medkhalil hawachi","2026-09-25 10:02:52",411.2,2,medkhalilhawachi
7981,16660073,"Mahad Kakooza","2026-09-06 20:30:18",411.1,2,mahadkakooza
7982,16691704,"Rahman Aliyev","2026-09-10 17:59:57",411.1,2,rahman4li
7983,16689256,"Pavan Pusapati","2026-09-17 11:26:52",411.0,1,pavanpusapati
7984,16689877,Amr_Said1233,"2026-08-08 08:48:28",410.9,1,amrsaid1233
7985,16662095,"Buzz shocker","2026-09-13 20:28:48",410.9,2,buzzshocker
7986,16657545,"Deepak Singh","2026-08-11 13:50:31",410.8,2,vihaannegi
7987,16655891,"Yukihito Ikoma","2026-08-27 03:55:41",410.4,2,yikoma
7988,16662985,DanTheDataScienceMan,"2026-08-05 17:40:06",410.3,1,danthedatascienceman
7989,16658051,SethuMadhavan004,"2026-08-09 09:38:27",410.1,2,sethumadhavan004
7990,16809998,chzCharbs,"2026-09-15 08:14:49",410.0,2,chzcharbel
7991,16947693,"Mohammad Rashid Pathan","2026-09-25 17:41:55",409.7,2,pathanmohammadrashid
7992,16723779,Matheubern,"2026-09-07 02:24:32",409.5,2,matheubern
7993,16671911,"Dwi Eflatino","2026-08-16 10:44:17",409.5,2,eflatino
7994,16638704,"Lee Yen Fei","2026-09-01 03:31:45",409.4,2,leeyenfei
7995,16660317,esgranja,"2026-08-04 18:58:48",409.4,1,esgranja
7996,16660343,"Mert Olgun899","2026-08-05 13:05:07",409.2,2,mertolgun899
7997,16671773,"Sawyer Lundberg","2026-08-07 03:33:23",409.1,2,sawyerlundberg
7998,16716299,Biwaaa67,"2026-08-13 19:57:06",409.1,1,biwaaa67
7999,16927170,"çağrı okan","2026-09-19 23:33:54",408.9,2,cagrokan
8000,16694497,Kawai,"2026-09-25 17:21:01",408.8,2,"lavendermoon19,sumitwod"
8001,16640814,"Kritika Adhikari","2026-08-07 09:25:26",408.8,2,kritikaadhikari
8002,16931682,"Vijay kumar Gandem","2026-09-20 18:04:40",408.8,2,vijaykumargandem
8003,16854266,もふもふ神,"2026-09-12 16:26:42",408.7,2,mohumohukami
8004,16908873,KelOliHar,"2026-09-18 20:02:58",408.6,2,kelolihar
8005,16808233,"Yash Hingane","2026-09-04 12:53:43",408.5,2,yashhingane
8006,16802866,"Antonio Di Cecco","2026-09-01 18:37:02",408.5,1,antdic
8007,16670475,Adib,"2026-08-06 02:02:27",408.5,2,adibemohamed
8008,16660420,tipofyzik,"2026-09-05 14:34:30",408.4,2,tipofyzik
8009,16768578,"Patrick Lzz","2026-08-25 02:56:30",408.3,2,patricklzz
8010,16632841,AGG,"2026-09-05 18:33:20",408.3,2,aleixgim
8011,16793657,Xin_T,"2026-08-30 16:48:11",408.1,1,xint666
8012,16644023,"Yiğit Efe Albaş","2026-08-02 18:34:39",408.1,1,yiitefealba
8013,16759916,"Jeevith G","2026-08-23 06:58:50",408.0,2,jeevithg090
8014,16655997,tanatet8,"2026-09-05 11:00:05",407.8,2,tanatet8
8015,16732395,"Nikita Antonov","2026-08-23 08:33:03",407.8,2,nantonov
8016,16717420,"Muhammad Yasir Sarwar","2026-08-13 14:40:09",407.7,2,muhammadyasirsarwar
8017,16825489,"Monishwar S","2026-09-24 18:56:22",407.7,2,monishwar2718
8018,16786328,"DanishGW School","2026-09-02 03:50:19",407.5,2,danishgwschool
8019,16660318,"Aiman Al-Shalfi","2026-09-14 12:39:08",407.4,2,aimanalshalfi
8020,16711374,Jascha,"2026-08-13 11:22:30",407.3,2,lippja
8021,16693255,"Carlos Hideo Yamaguchi","2026-08-10 00:59:12",407.3,2,carloshy
8022,16695828,rihiRule,"2026-08-11 13:40:24",407.0,2,rihirule
8023,16685615,Spectra,"2026-08-07 16:14:32",406.5,2,thomaskressig
8024,16818498,"AARYAN VISHAL","2026-09-07 11:53:23",406.5,2,aaryanvishal
8025,16934824,Ken,"2026-09-21 09:28:50",406.5,2,kensuke77
8026,16656951,"[Deleted] 6015b650-8e16-4705-8036-db40bdd2d353","2026-08-04 09:08:05",406.5,1,del=084ea76838ad756b
8027,16919693,Maham1199,"2026-09-25 13:08:46",406.3,2,maham1199
8028,16624935,"Anjana mohan","2026-08-01 06:06:39",406.3,2,anjanamohan13
8029,16666944,"Meghnath S","2026-08-11 01:56:22",406.3,2,meghnaths
8030,16659588,"Priya J","2026-08-14 05:57:46",406.2,2,priyaj21
8031,16738441,"Moritz Huber","2026-08-30 21:00:10",406.0,2,moritzhuber
8032,16679904,"Joshua Bensemann","2026-09-12 12:08:09",405.9,2,qazcat
8033,16856112,"Thomas White","2026-09-08 19:39:13",405.3,1,leopardguy
8034,16795877,"Marco Polo","2026-09-16 00:02:55",405.3,2,zhesong1
8035,16662089,"Alonso Gallego Pacho","2026-08-27 13:27:36",405.3,2,alonsogallegopacho
8036,16669170,AsadUsmanFAST,"2026-08-05 22:37:33",405.0,2,asadusmanfast
8037,16811013,"Sara Vahidestakhri","2026-09-03 00:32:07",405.0,1,saravahidestakhri
8038,16657712,"samuel job Adeola ","2026-09-20 22:25:10",404.9,2,samueljobadeola
8039,16629201,"GUILLERMO REY PANIAGUA","2026-08-01 16:41:58",404.8,2,guillermoreypaniagua
8040,16681209,AgenticBuilder,"2026-08-13 18:44:29",404.6,2,gau2112
8041,16662646,"Jay Parsana","2026-08-09 18:07:10",404.5,2,jay051
8042,16686954,"Davie Mdumuka","2026-08-09 19:40:56",404.5,1,daviemdumuka
8043,16716702,"majjati khalid ","2026-08-19 14:12:32",404.4,2,khalidma
8044,16639916,BloomBerry,"2026-08-12 12:38:31",404.4,2,kagglepalandata
8045,16666216,missss,"2026-08-06 06:49:00",404.3,2,missssb
8046,16896794,Cidoai,"2026-09-18 08:45:45",404.2,2,cidoai
8047,16849620,rgbweston,"2026-09-07 18:00:17",404.1,1,rgbweston
8048,16732340,"BJ Kim","2026-08-19 15:17:16",404.0,2,doitdoit80
8049,16661453,"Disleve Kanku","2026-08-14 15:32:51",404.0,2,dislevekanku
8050,16675043,malibu_orange,"2026-09-05 13:27:13",404.0,2,malibuorange
8051,16690299,"EL GORRIM MOHAMED","2026-09-01 10:59:10",404.0,2,elgorrimmohamed
8052,16665988,"Ronel maamoc","2026-08-31 09:37:13",403.9,2,ronelmaamoc
8053,16622809,"German Vdovin","2026-08-03 00:38:01",403.9,2,ertrerhtytmnbdsefdw
8054,16658202,"SNAEHATH P","2026-08-06 13:51:15",403.9,2,snaehath
8055,16759225,"Andrea Jordan Paro","2026-08-24 11:24:14",403.8,2,andreajordanparo
8056,16664406,"MURDER GOOSE","2026-08-05 09:45:33",403.8,2,ujjwalar
8057,16621518,jaccobian,"2026-08-29 08:11:50",403.6,2,harshraj22
8058,16701847,"Xi Li","2026-09-25 11:56:14",403.5,2,bruhuh
8059,16840626,"Christopher Márquez","2026-09-12 22:23:02",403.5,2,christophermrqz1174
8060,16659018,"Ramziddin Toxirov","2026-08-11 04:58:03",403.3,2,ramziddintoxirov
8061,16659659,"michael J king","2026-09-22 02:24:45",403.2,2,michaeljking
8062,16695627,"Xu Lou","2026-08-09 13:01:23",402.8,2,xuxiaozhou666
8063,16774921,"conor lowth","2026-08-28 10:46:42",402.8,2,conorlowth
8064,16759765,"Ososanwo Idris Olaitan","2026-09-11 18:38:06",402.7,2,ososanwoidrisolaitan
8065,16700685,"Preeti Dhotmal","2026-08-27 11:25:29",402.5,2,preetidhotmal
8066,16721530,revv0o,"2026-08-15 13:58:34",402.2,2,revv0o
8067,16660531,greySnow,"2026-09-10 23:39:09",402.2,2,shlomoron
8068,16817520,shreyansh0103,"2026-09-15 09:18:38",402.2,2,shreyansh0103
8069,16864670,"Takahiro Cho","2026-09-10 04:55:10",402.2,1,takahirocho
8070,16675462,bkcoban,"2026-08-07 18:22:48",402.1,2,bkcoban
8071,16716488,"Will Henderson290","2026-09-21 13:11:11",401.8,2,willhenderson290
8072,16662726,"Juan Carlos González Aguilar","2026-08-14 19:54:48",401.7,2,juancg
8073,16716657,"Jasti Phani","2026-08-19 08:38:00",401.5,1,jastiphani
8074,16790718,"Carlos Alves","2026-09-02 04:29:42",401.4,2,carlosone
8075,16665228,Jason_Qian,"2026-08-05 16:00:43",401.4,2,jasonqia
8076,16777612,"zebra G","2026-08-27 15:46:59",401.2,1,zebrag
8077,16676397,Rohan_Joshi6404,"2026-08-13 13:58:56",401.2,2,rohanjoshi6404
8078,16668368,"Waleed Hasan","2026-08-12 01:42:22",401.1,2,whasan
8079,16701713,"Максим Хованский","2026-08-10 14:35:38",401.0,1,yeezynaizi
8080,16798347,"Mr Michael Chung","2026-09-14 19:39:17",401.0,2,mrmichaelchung
8081,16734431,"Maxwell Herron","2026-08-19 02:06:34",401.0,2,maxwellherron
8082,16938488,Firdannn,"2026-09-22 20:12:18",400.9,2,firdannn
8083,16664818,"B M Dimpu Shree","2026-08-21 10:51:22",400.8,2,bmdimpushree
8084,16712633,"Andy Andy","2026-08-13 08:11:38",400.7,2,andy3373
8085,16738351,"Haidar Faruqi","2026-08-25 05:00:00",400.6,2,haidarfaruqi
8086,16919222,"Lakshmi Sayyapureddy","2026-09-20 12:41:09",400.4,2,lakshmisayyapureddy
8087,16690197,"Ankit Kushwaha_06","2026-08-18 08:10:12",400.4,2,ankitkushwaha06
8088,16661966,Rocket,"2026-08-29 18:05:35",400.0,2,"aarchie4,nick16541,siddharthdongardive"
8089,16725349,"Saj Patel","2026-08-15 21:55:42",399.7,2,sajpatel15
8090,16776777,cerceanit,"2026-08-29 14:51:48",399.6,1,uaisamangeldi
8091,16715033,"Colton Byers","2026-08-17 10:41:50",399.5,2,coltonbyers
8092,16716589,"Shaik Adilazeez","2026-08-13 09:29:44",399.5,1,shaikadilazeez
8093,16689286,"Telman Yusifov","2026-08-09 07:08:46",399.4,2,yusifovtelman
8094,16664401,"Pranav Premchand","2026-08-05 03:07:24",399.3,1,pranavpremchand
8095,16686726,"Skander Neffati","2026-09-19 12:40:23",399.3,1,skanderneffati007
8096,16898808,katoue,"2026-09-16 21:47:46",399.2,2,katoue
8097,16925224,Raosaheb,"2026-09-20 08:17:04",399.1,2,raosahebmore
8098,16780101,jjjhoon,"2026-08-28 04:04:26",399.0,2,jjjhoon
8099,16763938,"joel paul","2026-08-26 02:05:07",399.0,2,joelpaulf
8100,16757336,Stevejustin,"2026-08-31 04:18:31",398.7,2,stevejustin
8101,16666958,TinkerBotics,"2026-08-05 20:29:19",398.6,2,salosojaedwin
8102,16700294,"SWAPNEEL BANERJEE","2026-09-24 15:53:50",398.5,2,swapneelbanerjee
8103,16630662,Akshatjhawar777,"2026-08-05 12:18:30",398.3,2,akshatjhawar777
8104,16875989,NapolianAdmin,"2026-09-25 16:48:15",398.1,2,ninadrai
8105,16757017,"William Green","2026-09-05 01:33:23",398.0,1,dskswu
8106,16712259,geqiulin,"2026-08-13 04:46:11",398.0,2,geqiulin
8107,16669102,Ritik,"2026-08-07 18:11:13",398.0,2,xritikx
8108,16729708,msmsuman,"2026-09-06 11:11:45",397.9,2,msmsumanmuskan
8109,16675385,Apex🦾,"2026-08-14 18:00:17",397.8,2,"raghadabdullara,renadahmadalamri,zzainh"
8110,16691891,"Gagan Thakur","2026-08-16 04:36:51",397.8,2,gaganthakur2006
8111,16669229,"Kayvan Sinha","2026-08-11 15:23:35",397.6,2,kayvansinha
8112,16808646,"Yimeng Wang","2026-09-08 06:33:38",397.6,2,yimengwang0814
8113,16656023,JD_Mello,"2026-09-06 01:41:52",397.4,2,jdmello
8114,16681441,"Lamiaa Al-bdrani","2026-08-07 04:25:50",397.3,1,lamiaaalbdrani
8115,16726168,"Shrey Modi","2026-08-15 19:42:14",397.3,2,shreymodi2
8116,16851939,"Naoya Mieno","2026-09-11 06:19:02",397.1,2,naoyamieno
8117,16726052,"Peter Mugoya","2026-09-17 08:35:32",396.9,2,petermugoya
8118,16666596,"Daumas Benjamin","2026-09-03 10:05:38",396.7,2,daumasbenjamin
8119,16790615,"Suryansh Vashisth","2026-08-31 10:38:54",396.5,2,songoku2005
8120,16666479,"Prajwal Nivangune","2026-08-09 18:33:51",396.3,2,prajwalnivangune
8121,16753895,Andrew98,"2026-08-22 13:10:58",396.2,2,vitem98
8122,16805176,"Hritvika Tawde","2026-09-13 11:22:46",396.2,2,hritvikatawde
8123,16653006,"anthony mbadiwe ikeme","2026-08-18 09:08:02",396.2,2,anthonymbadiweikeme
8124,16717679,mureee,"2026-09-24 14:47:14",396.1,2,"hosyan3279,mureee54"
8125,16661659,"Ivan Zagorulko","2026-08-05 10:53:13",396.1,2,normaldaki278
8126,16719603,"sravan Tirumala","2026-08-14 03:05:43",396.0,1,sravantirumala
8127,16701064,KMishra011,"2026-08-20 20:30:34",396.0,2,kmishra011
8128,16663055,jainish_d24ce180,"2026-08-10 13:54:40",396.0,2,jainishshah35
8129,16654947,"Ömer Hüseynov","2026-08-08 22:06:03",396.0,2,omarhuseynov
8130,16663286,"Fan Wang","2026-08-10 21:12:40",396.0,2,wangfan420
8131,16710241,"Julien Serbanescu","2026-08-12 14:32:50",395.7,2,julienserbanescu
8132,16693307,"Vlad Gavrilov","2026-08-09 04:00:29",395.4,2,vladgavrilov
8133,16670188,orivael,"2026-08-05 21:20:17",395.2,2,orivael
8134,16676205,"Alhassan Fedawy","2026-08-14 17:15:07",395.1,2,alhassanfedawy
8135,16708896,"Alberto Scinetti","2026-08-13 19:18:11",394.8,2,albertoscinetti
8136,16639727,"Andres Mohali","2026-08-13 23:03:25",394.6,2,mohax3
8137,16732355,"Nagesh gite","2026-09-06 07:44:05",394.6,2,"kuberb,nageshgite,vasugupta1121"
8138,16834632,casua132,"2026-09-05 07:56:17",394.6,1,casua132
8139,16935826,Ayush,"2026-09-21 20:18:30",394.5,2,"aniketchonu,ayush20081303"
8140,16658304,"KETHAVATH Aadarsh","2026-08-05 21:00:45",394.2,2,kethavathaadarsh
8141,16677804,"Pravin Takpire","2026-08-11 08:17:51",394.2,2,pravintakpire
8142,16784030,"Pooja Gera","2026-09-02 15:10:47",394.1,2,poojagera00
8143,16729351,vlad.shorodok,"2026-08-16 18:05:09",393.9,2,vladshorodok
8144,16881479,GG,"2026-09-13 11:27:34",393.7,2,ggroth
8145,16783050,"Charles Chen","2026-09-07 06:24:21",393.6,2,charles2580
8146,16892509,"Konko M","2026-09-14 18:52:34",393.5,2,konkomaji
8147,16623054,"Max Bond ABE","2026-08-15 22:43:34",393.5,1,maxbondabe
8148,16857871,SHP123SHP,"2026-09-10 03:20:57",393.4,2,shp123shp
8149,16657054,"ömer umut güngör","2026-08-05 06:10:22",393.4,2,merumutgngr
8150,16693087,osprey2k,"2026-09-09 02:34:27",393.3,2,osprey2k
8151,16691565,"Blu cky","2026-08-09 19:13:27",393.3,2,llmdablucky
8152,16664450,"Fritz Adelbertus","2026-08-10 01:13:44",392.9,1,fritzadelbertus
8153,16779823,"Jean Dem","2026-08-31 12:38:41",392.8,2,jeandem
8154,16696939,"Keaton Zang","2026-08-10 21:24:20",392.8,1,keatonzang
8155,16673009,CruelShow,"2026-09-13 10:36:40",392.7,2,cruelshow
8156,16758093,_student,"2026-08-23 22:21:25",392.7,2,drvtalan
8157,16661990,"Olaoluwa Abiodun","2026-08-05 14:57:07",392.4,2,laoluwaa
8158,16657063,"those how","2026-08-04 07:50:57",392.3,2,thosehow
8159,16658366,kuroneko,"2026-08-04 10:43:29",392.3,2,kurorosuke
8160,16666334,UnderBlade,"2026-08-05 09:56:11",392.2,2,"athillazaidan,kurtmikhael"
8161,16659720,Project_Kurukshetra,"2026-08-16 05:01:34",392.2,2,"chaitanyaterli05,lavanyayandapalli"
8162,16701885,"Mehdi L.","2026-08-13 13:41:14",392.0,2,lmehdi
8163,16850232,"Kharchenko Bogdan","2026-09-09 18:57:16",392.0,2,kharchenkobogdan
8164,16670387,"Oracle69 AI","2026-09-17 19:17:17",392.0,2,princeadewaleadewumi
8165,16750743,"Nagimov Timur","2026-08-20 21:10:30",391.9,2,nagimovtimur
8166,16654788,bumbum,"2026-08-14 12:59:51",391.7,2,krzysztoff1
8167,16791546,fatimakhlid,"2026-09-10 21:00:33",391.6,2,fatimakhlid
8168,16658498,cheesama,"2026-08-04 23:36:18",391.4,2,cheesama
8169,16794302,bettta11,"2026-09-04 23:25:27",391.2,1,bettta11
8170,16695479,Anandhasabesan,"2026-08-09 13:50:37",391.1,1,anandhasabesan
8171,16672292,"KARTIKEY PANWAR","2026-08-06 05:46:16",391.1,2,kartikeypanwar
8172,16860003,"Aatif Sayyad","2026-09-10 21:31:13",391.1,2,aatifsayyad
8173,16691790,"Akshay Sawant","2026-08-08 19:33:14",390.9,2,akshaysawant8983
8174,16876529,"Νικόλαος Μπριάκος","2026-09-17 09:06:24",390.9,2,bnikos
8175,16768884,z y f 007,"2026-08-31 05:39:35",390.7,2,zyf007
8176,16660929,ttkk,"2026-08-12 16:39:58",390.3,1,optimavia
8177,16856809,"Mateusz Kuzniar","2026-09-08 22:14:50",390.3,2,mateuszkuzniar
8178,16639764,CortexExplorer,"2026-09-20 15:15:59",390.3,2,cortexexplorer
8179,16673583,"Priyanshu Jha","2026-08-16 08:10:08",390.1,2,codewithjha
8180,16888334,"Ohene A","2026-09-14 17:36:00",389.7,2,pamo12
8181,16671532,"Yuri Nakayama","2026-08-13 11:34:55",389.7,2,yurinakayama
8182,16656156,"Kshitij aucharmal","2026-08-06 04:35:27",389.7,2,narutoaucharmal
8183,16624879,indira,"2026-07-31 06:52:02",389.3,2,inansia
8184,16716670,"Aremanda Yasaswini","2026-08-13 09:27:46",389.2,1,aremandayasaswini
8185,16685904,KavYaHD,"2026-08-10 13:02:45",389.1,2,kavyahd
8186,16707987,"Big Balls Entertainment","2026-08-12 10:18:24",389.0,2,"pavivin,semenkolesnikov"
8187,16839457,HugoLee_dreamer,"2026-09-14 01:18:31",388.9,2,hugoleedreamer
8188,16894517,kuchinwei,"2026-09-17 14:52:52",388.7,2,kuchinwei
8189,16793944,"Grupo 808","2026-08-30 22:36:59",388.6,1,grupo808
8190,16663981,"Steven Pun","2026-08-07 01:59:52",388.5,2,stevenpunn
8191,16714425,sileza,"2026-08-13 12:57:35",388.5,1,azelis
8192,16930439,wessa0,"2026-09-22 13:42:39",388.2,2,wessa0
8193,16843393,"Rizki Syawaldi","2026-09-20 08:55:34",388.2,2,rizkisyawaldi
8194,16659459,"Akandé Philippe ABIODOUN","2026-08-06 11:58:09",387.9,2,vrmelo
8195,16809202,amano,"2026-09-03 13:44:49",387.8,2,amanoshotaro
8196,16730589,山谷知輝,"2026-09-02 02:03:05",387.6,2,tomokiyamaya
8197,16802028,Dong,"2026-09-11 03:53:23",387.5,2,protostar
8198,16662081,Ayush_Bhaskar_25323010,"2026-08-08 19:49:56",387.2,2,ayushbhaskar25323010
8199,16790076,Jessewudao,"2026-09-04 16:54:58",386.8,1,"jessewudao,zongruixie"
8200,16660228,"Ochuwa Pearl Isa","2026-08-06 09:29:36",386.8,2,pearlisa
8201,16658227,Gugu888,"2026-08-14 04:27:57",386.8,2,gugu888
8202,16839419,"Gunratna borkar","2026-09-05 23:32:33",386.7,2,gunratnaborkar
8203,16936198,"Greedy Acres","2026-09-25 06:32:24",386.6,2,axelmd
8204,16741746,"Ahmed Harfoush","2026-08-19 09:47:45",386.5,1,ahmed1harfoush
8205,16709337,"Chris Turnbull","2026-08-11 22:15:57",386.5,2,christurnbull
8206,16772511,"Max Gläser","2026-08-26 23:39:34",386.4,1,maxglser
8207,16668286,"Sabari V","2026-08-15 14:38:41",386.4,2,sabari112005
8208,16712906,"Sharad Garg","2026-08-13 14:54:43",386.4,2,sharadgarg
8209,16747782,"Muhammad Agam Febryan","2026-08-29 18:22:04",386.3,2,muhammadagamfebryan
8210,16706257,dlv,"2026-08-13 11:11:14",386.2,2,ducott1
8211,16913940,"Mustafa Rehman","2026-09-21 09:33:59",386.1,2,mustafar34
8212,16749503,ally,"2026-08-23 11:48:49",386.1,2,phamngoclinh
8213,16763400,"Parth Sarnobat","2026-09-24 18:54:48",386.0,2,parthsarnobat
8214,16897491,"Santipab Tongchan","2026-09-15 14:39:58",386.0,1,santipabtongchan
8215,16773402,齐乐,"2026-09-26 03:40:50",385.9,2,qile200107
8216,16941095,"P. Sewmuthu Abewickrama Singhe","2026-09-23 12:34:39",385.8,2,psewmuthu
8217,16664514,"Henry Adjanor tetteh","2026-08-12 00:43:41",385.7,2,henryadjanortetteh
8218,16664064,lookapmaka,"2026-08-10 17:19:05",385.6,2,lookapmaka
8219,16662162,"THE predict","2026-08-13 21:18:25",385.5,2,vikaspal505
8220,16693098,broken_gpu,"2026-08-30 10:07:27",385.4,2,brokengpu
8221,16656902,"Ram Chandra Gupta","2026-08-05 10:18:41",385.4,2,ramchandra142
8222,16726569,"Andrey Balvaneda","2026-08-17 20:59:45",385.3,2,andreybalvaneda
8223,16661633,"Joseph Garcia","2026-08-19 16:28:08",385.1,2,josephpgar
8224,16686411,NeoCodes.Dev,"2026-08-23 23:53:10",385.0,2,neocodesdev
8225,16660287,BhatNasir,"2026-08-04 16:29:18",384.8,2,nasir94
8226,16906688,"Qiao Ruicheng","2026-09-17 11:47:47",384.8,2,qiaoruicheng
8227,16744018,"ZK Adam","2026-08-27 17:40:04",384.7,2,zkadam
8228,16667987,"Kunj Kansara","2026-08-05 13:41:26",384.6,1,kunjkansara
8229,16875657,"Валерия Захарова","2026-09-12 23:53:56",384.6,2,melomanpanda
8230,16676726,"Manaswi Bansal","2026-08-16 06:28:05",384.4,2,manaswibansal
8231,16733318,"Anuj Bolewar","2026-08-18 11:11:01",384.2,2,anujbolewar
8232,16662267,"Fahim Montasir","2026-08-10 16:15:10",384.0,2,fahimmontasir
8233,16668479,"Muneera Mahjabeen","2026-09-15 03:45:05",383.8,2,muneeramahjabeen
8234,16667759,"Nafis Fuad Shahid","2026-08-05 19:21:39",383.8,2,nafisfuadshahidd
8235,16659247,cindrella_18,"2026-09-22 09:10:52",383.7,2,"ankithraj30,neharaj1518"
8236,16663674,"Mason Mahar","2026-08-30 04:00:17",383.3,2,masonmahar
8237,16747683,"Jianyu Lin","2026-08-27 13:05:05",383.2,1,jianyulin1999
8238,16774592,"Oliad Dandana","2026-08-27 09:28:20",383.0,2,olidan
8239,16640810,まさやん,"2026-08-12 15:22:53",382.9,2,masayam1234
8240,16903827,"joy lul","2026-09-24 06:52:11",382.9,1,joylul
8241,16890976,zyh222,"2026-09-24 04:52:22",382.8,2,"eason0407,hrj314,tanghuan2005,zyh222"
8242,16888733,"Sébastien Callegari","2026-09-14 03:49:42",382.7,1,sbastiencallegari
8243,16794088,"Felipe Colombarolli","2026-08-31 00:46:32",382.1,2,felipecolombarolli
8244,16793391,"Muhammad Ussman","2026-09-24 20:18:29",382.1,2,muhammadussman
8245,16779805,"Ákos Blaschek","2026-09-01 17:21:44",381.9,2,kosblaschek
8246,16727326,AhmedMousaHassan2510,"2026-08-17 12:56:01",381.8,2,ahmedmousahassan2510
8247,16622943,"Erwin Huizenga","2026-09-06 15:04:57",381.6,2,erwinh
8248,16732041,"Vallapu Nandini","2026-08-17 10:22:47",380.8,1,nandinivallapu
8249,16855738,"Anuj Gupta","2026-09-09 07:38:48",380.6,2,anuj6540
8250,16690029,Nitesh_Prajapati2569,"2026-09-15 07:04:17",380.6,2,niteshprajapati2569
8251,16689344,"Shalini Gangrade","2026-08-09 13:17:30",380.6,2,shalinig1
8252,16673201,"Sanjay Varma Malladi","2026-09-18 07:00:17",380.6,2,sanjayvarmamalladi
8253,16628404,theken,"2026-08-09 12:19:19",380.5,2,theken
8254,16735580,"Dhiya Nachimuthu","2026-08-30 06:13:38",380.4,2,dhiyanachimuthu
8255,16710244,Bytemindd,"2026-08-26 10:20:45",380.3,2,"daisy023,sruthikanv,thasneemj,uthayanandhini,vajraparameswari"
8256,16857747,ru-shao,"2026-09-24 15:30:00",380.3,2,"shaoxw,souwaka"
8257,16706516,"Mohit Khade13","2026-08-26 16:03:22",380.2,2,mohitkhade13
8258,16625770,"Đức Trung Trần","2026-08-24 11:01:33",380.1,2,ctrungtrn
8259,16660294,"Mohamed Amadu Bangura","2026-08-04 16:14:07",380.0,1,mohamedamadubangura
8260,16643278,"Giovani Moresco","2026-08-06 05:30:45",379.9,2,giovanimoresco
8261,16709179,"SATENDRA SINGH","2026-09-17 03:39:22",379.8,2,satendrasingh9876
8262,16677761,"Rithuraj Nambiar","2026-08-06 18:11:41",379.7,2,rithurajnambiar
8263,16670565,"Grant Biellak","2026-08-05 22:52:01",379.4,2,grantbiellak
8264,16689349,"Adunola Abdulrahman","2026-08-10 17:38:47",379.3,2,adunolaabdulrahman
8265,16657438,"Udit Aggarwal1","2026-08-08 19:09:27",379.3,2,uditaggarwal1
8266,16625418,"Hariprasanth Paranjothy","2026-08-01 05:52:19",379.2,2,hariprasanth8
8267,16667615,"Zayd Mulani","2026-08-08 23:05:57",379.1,2,zaydmulani
8268,16665449,AgroVisionAI,"2026-08-11 19:52:49",379.1,2,"aishwaryvarshney,bhuppisharma,kirtisharmaphd,pragyasingh59,priyasingh0590"
8269,16779769,"Pravin jeyavel","2026-09-14 05:39:48",379.1,2,pravinjeyavel
8270,16757236,"Erlanda Miko P","2026-08-23 07:02:01",379.0,2,snneva
8271,16729669,HYPEREUCLIDEAN,"2026-08-19 07:47:48",379.0,2,hypereuclidean
8272,16664454,"Naga Vinay Avvaru","2026-08-05 07:04:44",379.0,2,anagavinay
8273,16679392,Dickie,"2026-08-09 09:05:10",378.9,2,dickieho
8274,16663990,"OURNO PAPA SALIF","2026-08-07 23:18:43",378.9,2,belfiremine
8275,16664617,BarkeviousBingo,"2026-08-19 04:34:59",378.6,2,barkeviousbingo
8276,16808705,Danielaijdkx,"2026-09-03 11:29:34",378.2,1,danielaijdkx
8277,16758663,"Light In","2026-08-22 19:18:51",378.0,2,lightin45
8278,16655257,"Afia Animah Fosu","2026-08-04 18:21:50",377.5,2,afiaanimahfosu
8279,16661095,"AAYUSHMAAN PATEL","2026-08-09 08:16:53",377.5,2,aayushmaanpatel
8280,16689970,"Константин Паращук","2026-08-08 09:15:08",377.4,1,kangchenxi
8281,16794153,"harshita harshita","2026-08-31 17:47:11",377.3,2,harshitaharshitaaaa
8282,16898258,"Eugene Blackman","2026-09-22 22:46:05",377.3,2,eugeneblackman
8283,16771187,FernandoRB,"2026-08-26 15:53:49",377.2,2,fernandorb
8284,16735307,"Ayush Dhabsa_real","2026-09-10 09:13:50",377.1,1,ayushdhabsareal
8285,16678298,"RITIK CHAUDHRY","2026-08-10 13:34:35",377.1,2,ritikchaudhry13
8286,16896549,"Nived P A","2026-09-15 16:39:35",377.1,2,nivedpa
8287,16761784,"Ghaith Kammoun","2026-08-24 21:19:54",377.0,2,ghaithkammoun
8288,16727022,Saharkh99,"2026-09-01 00:18:26",376.3,2,saharkh99
8289,16660515,"pooja sandali","2026-08-08 05:51:03",376.2,2,poojasandali
8290,16927652,"Mukilan A.R.","2026-09-20 22:33:33",376.0,2,mukilanar
8291,16662854,"NISCHAY SANJAY JIWANKAR 23115098","2026-08-13 05:38:18",376.0,2,nischay2908
8292,16668431,"Harshpreet Singh #2","2026-08-06 01:06:28",375.9,1,harshpreetsingh45
8293,16658286,"Jatin Gujarathi","2026-09-20 08:36:06",375.3,2,jatingujarathi
8294,16758681,"Sahil suman","2026-08-26 16:26:13",375.3,2,gruntingtorch
8295,16662319,ethan.ai,"2026-08-13 18:16:35",375.2,2,ethanai
8296,16702935,"Defne Demir","2026-08-11 18:27:36",375.2,2,defnedemir
8297,16704985,"Ethan Marchisano","2026-08-24 21:36:54",375.1,2,ethanmarchisano
8298,16685207,"Koushik Thummu","2026-08-07 18:15:47",375.1,2,koushikthummu
8299,16662964,"Tim Ogilvie","2026-08-13 13:18:59",375.1,2,timogilvie
8300,16801437,"Koh Saito","2026-09-05 06:01:20",375.0,1,kohsaito
8301,16907754,Shenghan,"2026-09-22 16:17:41",374.9,2,shenghanxie
8302,16848262,Philedo,"2026-09-12 14:33:59",374.5,2,philedo
8303,16660489,"Luca Lullo","2026-09-24 06:56:17",374.5,2,lucalullo
8304,16629742,yun,"2026-08-15 09:10:21",374.1,2,yuyumarupython
8305,16799743,"Luc Tellier","2026-09-05 08:31:17",374.0,1,luctellier
8306,16662791,"Shiva Neshan yuva","2026-08-15 18:39:16",374.0,2,shivaneshanyuva
8307,16727480,MSAM,"2026-09-07 13:43:02",373.9,2,arashdeepsinghmaan
8308,16690812,zhangkai_0121,"2026-08-09 01:40:21",373.7,2,zhangkai0121
8309,16684225,"Aum Savaliya","2026-08-10 20:10:02",373.6,2,aumsavaliya
8310,16828390,Yuhuping,"2026-09-04 11:22:14",373.5,1,yuhuping
8311,16758192,"Dev Monk","2026-08-29 14:03:22",373.4,2,devmonk63
8312,16668268,"Kunal Rout","2026-08-06 05:48:25",373.3,2,charlotte26
8313,16895317,MrUserm,"2026-09-25 18:18:10",373.2,2,mruserm
8314,16721615,"Dai Dai","2026-09-08 07:59:14",373.0,2,jumpingdaidai
8315,16638938,Light&Thunder,"2026-08-09 06:39:19",372.8,2,yerne39
8316,16891519,SongShijieCC305,"2026-09-14 16:03:59",372.6,2,songshijiecc305
8317,16670257,RonitKhanna333,"2026-08-12 12:22:11",372.2,2,ronitkhanna333
8318,16844246,"CS Abhinay","2026-09-17 08:56:32",372.1,2,csabhinay
8319,16764608,messibeatgravity,"2026-08-24 05:34:05",372.1,1,messibeatgravity
8320,16689718,HumsAuraTech,"2026-08-21 17:11:42",372.1,2,humaima03
8321,16896207,"Bùi Cao Trí","2026-09-15 16:17:43",371.9,1,bicaotr
8322,16717447,zhiyue666,"2026-09-10 09:01:07",371.8,2,zhiyue666
8323,16658960,"Amit Kumar","2026-08-06 05:44:30",371.8,2,anmitkumar
8324,16660852,"K VISHALINI","2026-08-13 06:59:27",371.6,2,kvishalini
8325,16685625,"silvan ion","2026-08-08 13:05:39",371.4,2,john1one
8326,16674012,ahankesumah,"2026-08-16 07:34:05",371.3,2,ahankesumah
8327,16710417,"Aryant Jadhav","2026-08-15 18:57:18",371.1,2,aryantjadhav
8328,16669516,GorgeousCookie,"2026-08-06 09:17:13",371.1,2,axellindqvist
8329,16677747,"Yuvraj Bhatt","2026-08-10 08:38:11",371.1,2,bhattyuvraj22
8330,16782192,"Marcelo Correa","2026-09-25 11:24:09",371.0,2,mvcorrea
8331,16731108,"Vipparla Nandini","2026-08-17 06:29:48",371.0,1,vipparlanandini
8332,16628521,arai9953,"2026-08-24 22:46:57",370.9,2,arai9953
8333,16867501,aueurm,"2026-09-11 05:07:13",370.8,2,aueurm
8334,16890029,"Siqing Jing","2026-09-15 02:53:04",370.6,2,siqingjing
8335,16692710,"Baran Haydar","2026-08-12 06:56:50",370.6,2,baranhaydar
8336,16652230,BorisSpider,"2026-08-13 11:34:46",370.5,2,borisspider
8337,16654758,f--n,"2026-09-06 13:37:43",370.2,1,a17442473
8338,16641330,"Takuya Yoshimi","2026-08-04 05:16:22",370.1,2,tkyysm
8339,16831875,"Hamza Mughrabi","2026-09-06 19:10:53",369.9,2,hamzamughrabi
8340,16924761,"Chang Loukas","2026-09-24 06:22:27",369.9,2,changloukas
8341,16690947,"Veiled Star","2026-08-10 13:36:49",369.7,2,veiledstar
8342,16905792,"Omar Tarek Fahmy","2026-09-16 10:59:04",369.5,1,omartarekfahmy
8343,16634352,"sovit karki","2026-08-12 17:21:13",369.5,2,sovitkarki
8344,16710564,"Clarice Harijanto","2026-08-14 04:28:13",369.4,2,clariceting
8345,16658367,"Prachii Sonii","2026-08-31 17:28:45",369.4,2,prachiisonii
8346,16796572,"Phan Van Hieu ","2026-08-31 14:23:03",369.3,2,phnvnh
8347,16658219,"Deepesh Pankaj","2026-08-15 05:58:07",369.2,2,deepeshpankaj
8348,16747544,OliverYip,"2026-08-25 06:01:07",369.1,2,oliveryip
8349,16670988,"Pavle Skoric","2026-09-24 21:18:17",369.0,2,pavleskoric
8350,16634720,Thiyo,"2026-08-18 11:51:04",368.7,2,thimirajayasekara
8351,16681638,aadi_065_,"2026-09-25 13:39:52",368.6,2,aadi065
8352,16675324,"Attempt Seven","2026-08-10 10:13:50",368.5,2,attemptseven
8353,16715097,"Yusuf Yavuz","2026-08-13 00:25:40",368.4,1,yusufyavuzz
8354,16894573,VISHWAPRIYAI,"2026-09-18 04:54:27",368.1,2,vishwapriyai
8355,16654258,"Ashray Bagde","2026-08-13 08:13:00",367.8,2,ashrayaaaaa
8356,16670724,"Neel Patel","2026-08-14 19:33:43",367.3,2,n33lpat3l
8357,16696384,Sisu16,"2026-08-13 20:13:27",367.3,2,sisu16
8358,16890222,"Borisov Emilian","2026-09-18 05:14:34",367.3,2,emili123
8359,16681188,"Tresor Mufalme.","2026-08-08 09:29:05",367.2,2,tresormufalme
8360,16668673,"kyran sinha","2026-08-14 14:21:34",366.8,2,kyransinha
8361,16666257,"Shijian Wen","2026-08-06 09:40:44",366.7,2,shijianwen
8362,16933436,"Shi Chen","2026-09-22 07:39:57",366.7,2,hjhhhk
8363,16624102,Khadersha.sk,"2026-08-03 02:45:03",366.2,2,khadershask
8364,16655737,Dharshini,"2026-08-08 15:00:05",366.2,2,dharshini1812
8365,16882081,Aabualella,"2026-09-13 00:58:37",365.9,1,aabualella
8366,16673310,dffzno1,"2026-08-14 01:44:55",365.8,2,joyzip
8367,16721529,"Danny De Bree","2026-08-20 09:46:36",365.7,1,dannydebree
8368,16881237,"Chunlai Li","2026-09-26 03:15:26",365.6,2,lichunlai123
8369,16658512,fatariq,"2026-08-10 21:18:35",365.6,2,fatariq
8370,16738335,"Xuzhou Dong","2026-08-20 14:39:16",365.5,2,xuzhoudong
8371,16796468,suin7328,"2026-09-05 02:05:08",365.5,2,suin7328
8372,16867865,"ADITYA RAJ","2026-09-20 17:14:43",365.3,2,adityaraj2026yp
8373,16831170,"None #2","2026-09-05 04:16:51",365.2,2,mdmorshalinemojumder
8374,16668696,Fabian,"2026-09-03 15:52:06",365.1,1,fabiantoh98
8375,16671512,"Darren Grendi","2026-08-10 00:38:51",365.0,1,darrengrendi
8376,16665959,"Lourenz Baliber","2026-08-18 00:34:06",364.9,1,lourenz
8377,16679850,AryaGarg23,"2026-08-09 03:33:14",364.6,2,aryagarg23
8378,16682869,"Sepideh Rahmati","2026-09-14 09:43:57",364.6,2,sepidehrahmati
8379,16906238,Naaz,"2026-09-17 06:33:26",364.5,2,naaz03
8380,16716585,"tejaswini kakollu","2026-08-13 09:12:37",364.5,1,tejaswinikakollu
8381,16700360,"Thanush Soma","2026-08-10 09:49:02",364.4,2,thanushsoma
8382,16702771,n_samii,"2026-08-14 01:20:08",364.4,2,nsamii
8383,16657687,"Siddardha Shayini","2026-09-15 12:52:57",363.9,2,siddardhashayini3
8384,16673825,h_jun,"2026-08-10 06:21:12",363.9,1,lhjoon77
8385,16691753,"Jan Moilanen","2026-08-09 12:02:17",363.8,2,janmoilanen
8386,16881853,Sleepyman,"2026-09-15 09:22:24",363.7,2,alishakeri1
8387,16630772,"Mitsuhiro Iizuka","2026-08-04 10:31:00",363.6,2,mitsuhiroiizuka
8388,16666997,"Krishnamurthy Venkatasubramanian","2026-08-05 15:09:46",363.5,2,krishnamurthyvenkat
8389,16666590,"Hoàng Anh Tú","2026-08-12 23:59:58",363.5,2,anhtu9999
8390,16723569,"Trishanth Mellimi","2026-08-15 07:09:55",363.5,2,trishanthmellimi
8391,16717797,"patan hashmi","2026-08-13 15:02:52",363.2,1,patanhashmi
8392,16657883,jps,"2026-08-06 08:36:04",362.9,2,jahaziel
8393,16738563,"Amrutha H","2026-09-16 13:19:31",362.8,2,amr13utha
8394,16696419,detectivseb,"2026-08-12 10:34:45",362.7,2,detectivseb
8395,16641665,huangjunjia,"2026-08-04 14:12:26",362.7,2,huangjunjia777
8396,16668592,"Ashutosh jatav","2026-08-09 13:34:45",362.6,2,ghost1412
8397,16658519,"David kinyanjui","2026-08-31 07:10:00",362.5,2,davidkinyanjui
8398,16671714,"Donnell Layne","2026-08-07 15:40:35",362.4,2,jupiter1127
8399,16668523,Bumblerrr,"2026-08-06 19:46:02",362.2,2,bumblerrr
8400,16665400,FieldOps,"2026-08-10 16:16:03",362.2,2,sycpr1me
8401,16682108,"Shadow Monarch","2026-08-17 06:45:10",362.2,2,avinashk01
8402,16891781,"mohamed saafan","2026-09-14 14:54:04",362.2,2,mohamedsaafan
8403,16722757,"Sebastian Adamatzky","2026-08-14 19:10:23",362.2,2,sebastianadamatzky
8404,16692825,"Saad Arain","2026-08-09 12:27:08",362.0,2,saad451
8405,16638343,"Phong Khoi","2026-08-04 12:20:52",362.0,2,phongkhoi
8406,16779505,"Prasad Ovhal","2026-09-24 13:31:06",361.9,2,prasadovhal
8407,16656932,"Thivvin Raj","2026-08-13 03:53:35",361.2,2,thivvinraj
8408,16695177,"Ajith Bagali","2026-08-15 12:23:37",361.2,2,ajithbagali
8409,16765643,canwind,"2026-09-25 14:19:51",361.0,2,canwind
8410,16664671,Acteus,"2026-08-06 00:01:12",361.0,2,acteus
8411,16661476,slowpoke,"2026-08-29 16:33:07",361.0,2,banboyechristains
8412,16769110,tianlululing,"2026-08-26 13:09:45",360.8,2,tianlululing
8413,16705696,"TS Farmer","2026-08-13 11:22:09",360.8,2,"shivangkainth,tusharsekhri27"
8414,16716649,"Meghana Busse","2026-08-13 09:33:08",360.7,1,meghanabusse
8415,16755264,wsdsby,"2026-08-21 15:16:42",360.7,2,wsdsby
8416,16662967,"Amalio Gomez","2026-08-04 22:07:16",360.7,1,amaliogomez
8417,16656860,SamReiswig,"2026-09-02 04:04:09",360.6,1,sreiswig
8418,16638383,"Yunus Emre Sarıduman","2026-08-12 12:57:08",360.5,2,emresariduman
8419,16730191,rRTZZZ,"2026-08-17 02:43:14",360.5,2,rrtzzz
8420,16675093,"Nikhil Srivastava","2026-08-15 08:47:12",360.5,2,nikhilsrivastavark
8421,16866482,"Sunday Ibidapo","2026-09-10 21:46:49",360.3,1,sundayibidapo
8422,16796834,"Harsh Gupta #2","2026-09-09 19:20:48",360.0,2,harshgupta0415
8423,16701060,"Paula Jimenez","2026-08-22 16:18:37",359.9,2,paulajimenez
8424,16858795,"Радик Владимирович Хорошев","2026-09-10 07:59:02",359.9,2,rodionkh
8425,16659394,"יוסף בש","2026-08-09 15:11:23",359.8,2,josiii123212
8426,16762854,J8young,"2026-08-26 13:52:54",359.8,1,j8young
8427,16784379,超级陆战队,"2026-08-29 14:43:33",359.8,2,luyi61227
8428,16655689,花朝,"2026-08-05 04:10:02",359.5,2,xhxyyds
8429,16747403,"Kanchan Chavan","2026-09-12 17:46:56",359.4,2,momovedant
8430,16656919,Sumaiya,"2026-09-09 18:09:44",359.4,2,ayeshasummaiyya
8431,16656946,"Sambit Padhan","2026-08-05 10:10:10",358.9,2,sambitpadhan
8432,16785676,Bilal11122,"2026-08-29 08:15:46",358.8,1,bilal11122
8433,16739939,crescent_star,"2026-09-09 04:42:10",358.6,2,cenzop
8434,16637762,"Greek olive oil","2026-08-09 19:56:48",358.6,2,alexanderchar
8435,16870467,wentingyun,"2026-09-11 10:21:01",358.5,1,wentingyun
8436,16705300,T3485D5T,"2026-09-03 08:20:18",358.5,2,"danijelbilalli,t3485d5t"
8437,16634219,"Michael J Hammel","2026-08-01 11:37:10",358.4,2,michaeljhammel
8438,16803129,hdttnk,"2026-09-02 14:13:00",358.3,2,hdttnk
8439,16667177,"Raunak Phull","2026-08-10 11:14:44",357.6,2,raunakphull4
8440,16669218,"Shaik Sabiya","2026-08-12 09:15:22",357.6,2,shaiksabiya55
8441,16733007,"Not Found","2026-08-17 16:32:16",357.6,4,"ammarkhan05,zainabirfanansari"
8442,16641606,"Tanisha Sahu","2026-08-02 14:39:27",357.4,2,tanisha3
8443,16658817,"Andrew Glez","2026-08-04 12:10:17",357.3,1,andgos
8444,16656472,angusdddsa,"2026-08-04 06:04:22",356.9,2,angusdddsa
8445,16688364,"Om Raval08","2026-08-21 02:57:23",356.9,2,omraval08
8446,16909521,"Rabs Cats","2026-09-17 02:10:02",356.7,1,rabscats
8447,16677470,"Saish Walavalkar02","2026-08-09 12:44:51",356.5,2,"harichaudhari1,kaiserjayin,meetramjiyani,nirbhaygajabi30,saishwalavalkar02"
8448,16941652,里奥梅东,"2026-09-25 10:55:28",356.5,2,lionalmedong
8449,16663969,"Aarush Kute","2026-09-21 17:06:14",356.1,2,aarushkute
8450,16688381,"Teresa Fitzgerald","2026-09-13 21:02:07",356.0,2,teresafitzgerald
8451,16658882,"toukali samir","2026-08-07 13:43:05",356.0,2,toukalisamir
8452,16848598,"Work 3","2026-09-12 09:26:57",355.5,2,nanisriram
8453,16763255,"I P Tharun Gowda","2026-09-16 17:24:11",355.2,2,iptharungowda
8454,16762021,Dhananjai1729,"2026-09-14 06:13:33",355.2,2,dhananjai1729
8455,16668159,ABDELGHANY,"2026-08-12 11:04:36",354.9,2,abdelghanyrageh
8456,16730060,"Enzo Pio","2026-08-21 16:44:03",354.9,2,enzopio
8457,16677950,"Rounak Laddha","2026-08-15 01:47:41",354.8,1,rounakladdha
8458,16711573,"Sushmitha Vasantha","2026-08-13 09:08:29",354.7,1,sushmithavasantha
8459,16662647,"Ruben Maya","2026-09-23 22:06:52",354.6,2,rubenmaya
8460,16680015,"Khôi Trương","2026-08-10 01:11:55",354.6,1,kiykhoi
8461,16715988,"Hsyn Kskn","2026-09-03 12:08:15",354.5,2,hsynkskn
8462,16780915,"Aravind S","2026-09-22 14:16:59",354.4,2,aravind20061981
8463,16709519,"p pxl16","2026-08-19 09:49:35",354.3,2,ppxl16
8464,16876167,"kjl jkl","2026-09-17 15:51:01",354.1,2,kjljkl
8465,16879281,"Monesh M","2026-09-25 19:41:47",353.8,2,moneshm908
8466,16739447,"Jacob Stambaugh","2026-08-19 17:53:29",353.8,2,jacobstambaugh
8467,16770085,AllenCheng329,"2026-08-25 10:05:43",353.8,1,allencheng329
8468,16757338,Dewakaran,"2026-08-22 05:34:35",353.8,1,dewakaran
8469,16691027,"Jelle Maas","2026-08-08 14:58:19",353.8,2,jellemaas
8470,16640901,"Kian Maghsoodi","2026-08-20 23:01:51",353.7,2,kizmodo
8471,16773370,"Nishant #1","2026-08-26 06:11:42",353.7,1,nishanttomar110
8472,16633475,betagammashtrit,"2026-08-29 16:24:03",353.7,2,betagammashtrit
8473,16858496,"Aziz Alqwm","2026-09-26 03:41:34",353.1,2,azizalqwm
8474,16622097,"Garrick C.P.","2026-08-10 18:12:06",353.0,2,garrickchinnis
8475,16697627,abinandhan03,"2026-09-01 10:38:15",352.8,2,abinandhan03
8476,16898498,"Prakash Bandi","2026-09-21 01:59:35",352.7,2,prakashbandi
8477,16684677,"Sean Southwick","2026-08-27 14:45:32",352.7,2,seansouthwick
8478,16635130,Pongsaky,"2026-08-01 12:56:02",352.7,2,gantanch
8479,16792188,anisotropies,"2026-09-12 05:25:04",352.6,2,achan31
8480,16665907,"Jonathan Saina","2026-09-15 23:12:31",352.6,2,jonathansaina
8481,16745497,"Handsome Heretic","2026-08-21 19:14:30",352.6,2,handsomeheretic
8482,16780268,"SAI ESHWAR S","2026-08-29 06:26:11",352.6,1,saieshwars
8483,16759115,chabinhwang,"2026-08-22 14:33:59",352.5,1,chabinhwang
8484,16740197,Winssk,"2026-08-27 01:55:06",352.4,2,winssk
8485,16662197,"Zehra Basaral","2026-08-07 10:42:57",352.3,2,zehrabaaral
8486,16682229,"mayuri sarangi","2026-08-29 14:03:36",352.3,2,mayurisarangi
8487,16717522,kyunyoung,"2026-08-14 07:16:00",352.2,2,kyunyoung
8488,16669176,"Karakam Sridevi","2026-08-11 07:44:48",351.9,2,karakamsridevi
8489,16755029,"Jashan Bajwa","2026-08-22 12:56:30",351.7,2,jashanbajwa
8490,16709754,"Simon Preuss","2026-08-12 16:39:55",351.7,2,simonpreuss01
8491,16654330,"Perumalla Pujitha","2026-08-12 18:09:24",351.7,2,perumallapoojitha
8492,16723273,"Bradley ZODOME","2026-08-19 07:06:18",351.5,2,bradleyzodome
8493,16716497,xpxg,"2026-08-16 17:04:22",351.3,2,deepxchat
8494,16698188,"Smartex Dan","2026-09-25 22:13:17",351.2,2,smartexdan
8495,16711383,"Monika Kocianova","2026-08-14 11:01:11",350.9,2,monikakocianova
8496,16671613,Tyler_026,"2026-09-25 11:35:41",350.9,2,tyler026
8497,16770758,"Maor talker","2026-08-26 20:18:59",350.9,2,maortalker20
8498,16870360,"Tedi Septiana","2026-09-14 06:57:54",350.6,2,tediseptiana
8499,16683087,qiuchenglong,"2026-08-07 09:25:48",350.6,2,qiuchenglong
8500,16771216,"Hugo Ponce","2026-08-25 17:54:30",350.5,2,hugoskn
8501,16681397,"Vishal Dubey","2026-08-11 08:51:13",350.5,2,visha1dubey
8502,16721948,ziszim,"2026-08-26 14:38:30",350.4,2,ziszim
8503,16690077,"GOMATHI PRIYA","2026-08-13 06:38:45",350.3,2,gomathipriyaraj22
8504,16668091,Solidscripts.io,"2026-09-24 02:14:47",350.2,2,juancamera1
8505,16841549,"Ayush Kumar #4","2026-09-06 03:30:02",350.0,2,akyushumar
8506,16662577,"Shreyash Suryawanshi","2026-09-02 19:42:31",349.7,2,shreyashsuryawanshi
8507,16658733,luoqiuy,"2026-08-04 10:46:04",349.7,2,luo912
8508,16722122,Abhas20,"2026-08-19 10:02:51",349.6,2,abhas20
8509,16661891,BALLEN1337,"2026-08-04 19:22:30",349.5,2,ballen1337
8510,16739702,"Vasantha Kumar552","2026-08-19 07:22:10",349.2,2,vasanthakumar552
8511,16685164,cleanledger,"2026-08-07 13:38:23",349.2,2,cleanledger
8512,16894000,"Vivek Silimkhan","2026-09-15 11:11:29",349.2,2,viveksilimkhan
8513,16708723,zaltark,"2026-09-25 12:29:49",349.1,1,zaltark
8514,16657142,"Vishisht Gupta","2026-08-16 16:16:54",349.0,2,vishishtgupta
8515,16735393,Dai_Research,"2026-08-18 10:40:17",348.8,2,dairesearch
8516,16630007,"Yuankun Liu","2026-07-31 15:48:13",348.8,2,lyk1652
8517,16659312,qwertyDmitry,"2026-08-05 13:44:24",348.7,2,qwertydmitry
8518,16666577,"Jatin khandelwal112","2026-08-05 11:26:41",348.6,2,jatinkhandelwal112
8519,16940601,ShreyanshK099,"2026-09-23 07:57:43",348.3,2,shreyanshk099
8520,16656190,"Akshaj Shandilya","2026-08-06 03:14:36",348.3,2,akshajshandilya
8521,16937616,"ZIYU NI","2026-09-21 17:26:32",348.2,1,jacsonpercy
8522,16654213,"Hojin Jang","2026-08-20 09:59:20",347.7,2,hojinjang
8523,16732296,"duong nguyen","2026-08-20 14:51:38",347.7,1,duongnguyen161
8524,16655555,Bharath2411,"2026-09-03 07:14:26",347.5,2,bharath2411
8525,16732936,"Kateryna Dudko","2026-08-25 12:15:40",347.4,2,dudkiina
8526,16831106,asd1984,"2026-09-05 17:40:01",347.4,2,asd1984
8527,16653001,"Alexey Kuleshov","2026-08-04 12:07:51",347.2,2,alexkulll
8528,16730745,"Aymerou Yaya Koné","2026-09-26 01:30:11",347.1,2,aymerouyayakon
8529,16915490,"Rounak Mukherjee","2026-09-25 07:17:26",347.0,2,zade799
8530,16665996,AVATAR3905,"2026-08-06 18:14:01",347.0,2,avatar3905
8531,16655250,"Juan Pablo Ponce","2026-08-08 03:34:18",346.9,2,juanpabloponce28
8532,16683136,"Stefano Ciaci","2026-08-16 14:47:29",346.8,2,stefanovcciaci
8533,16652422,Kite,"2026-08-17 16:26:55",346.7,1,kiteyinlong
8534,16660397,Divyansh82Raj,"2026-08-04 15:01:28",346.6,2,divyansh82raj
8535,16778526,starkhushi,"2026-08-27 07:01:28",346.5,2,starkhushi
8536,16641140,NITISH_GOYAL1,"2026-08-27 06:42:29",346.4,2,nitishgoyal1
8537,16628409,"yann sadowski","2026-07-31 09:39:25",346.3,1,yannsadowski
8538,16723947,"Ariel GNANSOUNOU","2026-09-22 21:11:28",346.1,1,arielgnansounou
8539,16774954,Ye_xz233,"2026-08-26 15:35:23",345.8,2,yexz233
8540,16624029,"Miguel Angel Rodriguez Fonseca","2026-08-07 03:55:38",345.7,2,miguelangelrodriguez
8541,16770270,"salthiel nishimwe","2026-08-25 10:45:23",345.6,2,salthielnishimwe
8542,16927761,"M Asghar Shakir","2026-09-21 04:04:32",345.5,2,masgharshakir
8543,16661351,"Adekojo Adeyemi","2026-08-04 15:25:52",345.3,1,adekojoadeyemi
8544,16693147,"Oliver Curtis1","2026-08-09 14:51:57",345.2,2,olivercurtis1
8545,16785821,"Naresh Meena","2026-08-28 21:24:31",344.7,1,nareshmeena12
8546,16683400,"wo zhe yi sheng ru lu bo bing","2026-08-10 16:53:48",344.7,2,"ivanlo103,panckck,waijai"
8547,16665460,"Shubham kumar jha","2026-08-23 07:36:36",344.7,2,shubhamjhakr
8548,16697694,"Adithya Thiruvalluvan","2026-08-29 17:28:42",344.5,1,forestfire7
8549,16692427,"Infy ","2026-08-09 20:48:09",344.5,2,infydes
8550,16752067,neuroxaker,"2026-08-22 14:50:32",344.0,2,neuroxaker
8551,16666171,"JD Crew","2026-08-06 12:52:58",343.9,2,"abhijnanpodder,ahsafabid"
8552,16659410,TTH,"2026-08-07 08:21:16",343.8,2,tthungdz
8553,16738581,"mr moradi1","2026-08-18 14:31:26",343.8,1,mrmoradi1
8554,16656732,"Shivam Kashyap","2026-08-04 05:28:03",343.8,1,shiyan0090
8555,16794431,"Yash Apps","2026-09-08 04:12:52",343.8,2,yashwanthgajji
8556,16656480,"Dip Biswas","2026-08-07 04:35:56",343.6,2,dipjacobiswas
8557,16667105,"Vikram Tiwari","2026-08-10 11:12:26",343.5,2,vikramtiwari
8558,16661002,"Eliyas sk","2026-09-02 12:32:51",343.4,2,eliyassk
8559,16876354,A_Mose,"2026-09-12 08:57:15",343.4,2,mmameh
8560,16649794,"Wanzhu Zhao","2026-08-04 13:04:05",343.1,2,wanzhuzhaora
8561,16696439,VaraPrabha,"2026-08-10 04:36:00",342.9,2,galiveetipoornima
8562,16696800,"VEER GOMA","2026-08-14 15:42:47",342.9,2,novaxoxo
8563,16735966,kyone,"2026-08-18 08:09:32",342.9,1,xtraky
8564,16749271,"Shoki Suzuki","2026-09-25 13:49:25",342.8,2,shokisuzuki
8565,16668340,"Sibi Vishnu","2026-08-08 10:35:33",342.8,2,sibivi
8566,16690098,"Akshay Kashyap","2026-08-10 17:10:28",342.7,2,akshaykashyapakku
8567,16741512,Offenders,"2026-08-30 15:08:39",342.5,2,"karthicchockalingams,shakil2411,shehnaaz01"
8568,16646644,BeyondBirthday,"2026-08-09 06:39:01",342.4,2,near07
8569,16660099,Desireog71,"2026-08-08 15:01:19",342.4,2,desireog71
8570,16662428,"Sonu kumar","2026-08-24 05:18:49",342.2,2,sonukumar9142
8571,16690775,"Prasanna Raut","2026-08-08 20:41:38",342.1,2,prasannaraut
8572,16666275,HeatS33ker,"2026-08-15 14:37:36",341.9,2,byronokou
8573,16735751,"Hasan Taşkın","2026-08-24 19:36:02",341.8,2,hasantaskin
8574,16658319,"Huỳnh Nguyễn Trọng Tín","2026-08-06 06:23:40",341.6,2,tnhunhnguyntrng
8575,16641294,YogeshG22,"2026-08-03 17:58:51",341.6,2,yogeshg22
8576,16654808,Vishwajeet-maker,"2026-08-17 21:17:02",341.5,1,vishwajeetmaker
8577,16862308,"Furkan CAT","2026-09-10 15:07:24",341.3,2,furkancat
8578,16728881,Ch.Manvita,"2026-08-16 16:33:52",341.2,2,chmanvita
8579,16657658,"Esther Usman","2026-08-25 23:45:50",341.0,2,estherusman
8580,16743604,KeswaniRohit,"2026-08-22 17:19:18",341.0,2,keswanirohit
8581,16632620,"[Deleted] d9d74cbb-c76e-4fbb-a4bf-35e25b48627d","2026-08-08 16:00:16",340.9,2,del=c21e6a8a03ad3b3c
8582,16716594,"U Anand Williams","2026-08-13 09:19:09",340.4,1,uanandwilliams
8583,16653105,James,"2026-08-17 16:52:18",340.4,2,jamesquirk
8584,16792567,"Karan Rai","2026-09-24 22:40:06",340.3,2,karanrai248
8585,16687699,jegazhu,"2026-08-13 22:25:15",340.3,2,jegazhu
8586,16633133,Holeneckles,"2026-09-25 05:06:07",339.8,2,holeneckles
8587,16661551,SimonAx,"2026-08-10 09:41:59",339.8,2,simonaxel
8588,16674725,"rajan jha","2026-08-13 12:05:42",339.7,2,rajan1673
8589,16661191,"Yudha Eka Saputra","2026-08-04 19:28:31",339.4,2,yudhaekasaputra
8590,16927163,1234321,"2026-09-23 18:14:38",339.3,1,sakamoto1234
8591,16669725,chosunghwan,"2026-08-06 03:52:24",339.3,1,chosunghwan
8592,16702742,"Kavyanshu Singh","2026-08-11 10:47:02",339.2,2,kavyanshusingh
8593,16877927,"EFE ULKER","2026-09-12 00:13:05",339.2,2,efeulker
8594,16660246,taqnik,"2026-08-08 11:54:39",339.1,2,taqnik
8595,16936809,"Caleb Ibeh","2026-09-22 08:34:43",339.1,2,calebibeh
8596,16656135,"JAYASURYA R","2026-08-05 15:43:01",338.9,2,suryar261
8597,16716322,zhaimh,"2026-08-14 02:43:21",338.5,2,zhaimh
8598,16778327,WangYingChen,"2026-08-28 03:11:28",338.5,1,wangyingchen
8599,16694264,"Vansh Visariya","2026-08-10 09:00:11",338.2,2,vanshvisariya
8600,16896350,"Abdelghani M'BAREK","2026-09-20 11:26:09",338.2,1,abdelghanimbarek
8601,16658011,"Arooba Hanif","2026-08-05 07:24:53",338.1,2,aroobahanif
8602,16660980,"João Marcelo Curi","2026-08-05 18:31:19",338.1,2,joomarcelocuri
8603,16718662,Safin,"2026-08-22 17:50:27",338.0,2,safinlynx
8604,16794285,Penelope.pnlp,"2026-09-01 15:38:43",338.0,2,penelopepnlp
8605,16673167,Karam96,"2026-08-08 11:40:36",337.7,2,karam96
8606,16657056,"Jacob Ross Piedad","2026-08-06 12:15:14",337.7,1,jacobrosspiedad
8607,16716713,"T Vamsi Krishna","2026-08-13 09:37:43",337.6,1,vamsee3763
8608,16783322,kentaro,"2026-08-29 03:55:45",337.5,2,kentarokujo
8609,16624235,appu2431,"2026-08-11 15:56:41",337.4,2,appu2431
8610,16659688,Daniel,"2026-08-05 12:21:37",336.7,2,danielyazgi
8611,16735080,"SARTHAK PATIL","2026-09-02 19:23:03",336.4,2,sarthakpatil23
8612,16666218,"sugan Chandrasekar","2026-08-16 11:02:09",336.3,2,suganchandrasekar
8613,16689943,"NAM NGUYỄN CÔNG","2026-09-24 12:41:05",336.1,2,namnguyenhcmut
8614,16723047,"Matheus Finger","2026-09-11 19:15:11",335.9,2,matheusfinger
8615,16690166,"Niteshwar Mishra","2026-08-08 10:02:22",335.5,2,niteshwarmishra
8616,16655652,Emergence,"2026-08-10 03:21:04",335.4,2,daylighth
8617,16662874,"Dev Shah","2026-08-08 01:52:52",335.3,2,imdevshah11
8618,16732873,"Yash Rana","2026-08-18 04:57:04",335.0,2,yashrana24
8619,16777515,Abhimanyu21,"2026-08-27 13:33:38",335.0,2,abhimanyu21
8620,16726381,"Adriana Redondo","2026-08-15 19:39:41",334.9,1,adrianaredondo
8621,16668012,"Aleksander Iżemski","2026-08-05 20:52:54",334.8,2,aizemski
8622,16735593,"timur tytrin","2026-08-18 07:37:46",334.7,2,timurtiutrin
8623,16739356,Renuka,"2026-09-22 11:47:53",334.7,1,alphy1603
8624,16668471,Broomva,"2026-08-05 14:57:35",334.6,1,broomva
8625,16759112,songxin,"2026-09-22 04:24:51",334.5,2,likewaterandwind
8626,16844410,ナポレオン,"2026-09-07 15:46:40",334.0,2,naporeondesu
8627,16686332,毛治钦,"2026-09-01 05:05:37",334.0,2,maozhiqinf
8628,16706276,MitulbhBhatia,"2026-08-18 04:02:38",333.9,2,mitulbhbhatia
8629,16721675,stork8i,"2026-08-14 13:16:26",333.8,1,stork8i
8630,16652805,"Rodrigo Batista da Silva","2026-08-13 13:35:19",333.7,2,eurodrigobatista
8631,16741982,barry_Paddi,"2026-08-27 07:10:52",333.4,2,barrypaddi
8632,16664147,JordanM10,"2026-08-05 19:54:08",333.3,1,jordanm10
8633,16795677,"Carol bright","2026-08-31 09:30:28",333.2,2,carolbright
8634,16639067,"ToMY F.","2026-08-11 11:34:31",333.1,1,tomyfdev
8635,16660568,Fascetta,"2026-08-07 20:48:53",332.8,2,fascetta
8636,16677312,"Kavuri Sravya","2026-08-19 02:33:01",332.8,2,kavurisravya
8637,16912504,"Zongyi Zhou/ Joe","2026-09-22 15:24:35",332.8,1,zongyizhoujoe
8638,16783863,"Vivek Vardhan Reddy","2026-08-31 06:14:34",332.7,2,vivekvardhanreddy77
8639,16659234,"MARY RAISA P","2026-08-27 07:06:43",332.5,2,"harinimala21,maryraisap,saha0102"
8640,16657145,"Shudipto Trafder","2026-08-04 19:25:24",332.4,1,iamsdt
8641,16671519,"Mandhati Sai ganesh","2026-08-06 06:36:45",332.4,2,mandhatisaiganesh
8642,16795163,"Nguyễn Đỉnh","2026-09-14 05:05:43",332.3,2,nguyendinh1507
8643,16677732,"Alessandro Mermali","2026-08-06 20:52:35",332.2,2,alessandromermali
8644,16692906,CodeZee,"2026-08-09 19:50:49",332.0,2,codewithzaeem
8645,16659533,"Pavan Desai","2026-08-10 16:29:20",331.9,2,pavancdesai
8646,16623739,SarsaShen,"2026-08-05 07:12:00",331.8,2,sarsashen
8647,16917267,"jean-thomas Dauchel","2026-09-18 21:41:23",331.6,1,jeanthomasdauchel
8648,16654348,rkeshwani,"2026-08-07 16:17:49",331.5,2,rkeshwani
8649,16659260,hitesh,"2026-08-05 19:29:28",331.3,2,shahhs
8650,16767037,"Yubraj Sigdel","2026-08-24 15:45:56",331.3,1,yubraj11
8651,16662589,"Arunagirinadan Sudharshan","2026-09-20 10:20:48",331.1,2,sudhanaruna
8652,16845081,"Sera Ria Gomes","2026-09-10 12:28:43",331.0,2,serariagomes
8653,16916821,"Amjath S","2026-09-19 18:03:15",330.9,2,amjaths
8654,16913989,Sanatan21,"2026-09-18 11:41:17",330.9,2,sanatan21
8655,16661390,"Raúl García Gómez","2026-08-04 17:04:39",330.9,2,corso138
8656,16683178,soulasin,"2026-08-07 14:32:26",330.8,2,soulasin
8657,16933048,"Anusuya Gurusamy","2026-09-23 04:45:03",330.8,2,anusuyagurusamy
8658,16660369,"Dev MCP","2026-08-04 12:59:09",330.7,1,nishant2905
8659,16838913,LunaT2,"2026-09-05 09:10:21",330.6,1,lunat2
8660,16758426,"Attique Ansari","2026-08-22 11:50:42",330.6,2,attiqueansari
8661,16639624,"Nishanth Rajan","2026-08-02 03:25:35",330.5,2,nishanthrajandev
8662,16688859,"Muhammad Fayaz Khan","2026-08-08 06:36:02",330.5,2,mfayazkhan
8663,16628296,NoxMetenis,"2026-08-15 17:54:03",330.5,1,avasgaire
8664,16920572,"Mahalakshmi boga","2026-09-25 15:15:34",330.5,2,mahalakshmiboga
8665,16678653,Wzjj98,"2026-08-06 19:31:39",330.5,1,wzjj98
8666,16682632,Sebastiaan,"2026-08-27 18:24:40",330.3,2,sebastiaanreinders
8667,16676416,"Abhishek Mishra","2026-08-10 10:09:30",330.1,2,abhishekmishra23
8668,16867163,"Harikesh Shukla","2026-09-14 05:04:51",330.0,2,harikeshshukla
8669,16665980,cshara,"2026-08-06 08:41:16",330.0,2,cshara
8670,16713319,"David Tilman","2026-08-12 18:56:13",329.5,2,davidtilman
8671,16711497,"Korvi sai kumar","2026-08-13 08:02:21",329.3,1,korvisaikumar
8672,16709165,"Yooraj Gole","2026-08-13 18:10:17",329.2,1,yoorajgole
8673,16715791,CustardApple47,"2026-09-06 11:34:26",329.2,2,custardapple47
8674,16629476,NOOBS,"2026-08-09 19:58:48",328.8,2,"patelkrishna8,sakshamranawade,shravanideshpande25"
8675,16655446,"Ismael Omar Leonidas Hurtado Vargas","2026-08-04 00:07:01",328.6,1,ihurtadov
8676,16883375,"Sam Robin Singh E","2026-09-14 22:42:51",328.0,2,samrobinsinghe
8677,16691667,jeremyllll,"2026-08-12 03:30:26",327.8,2,jeremyllll
8678,16655919,"Tạ Minh Lễ","2026-08-04 06:46:45",327.8,2,tminhl
8679,16686716,"menna hassanM","2026-08-28 21:49:51",327.7,2,mennahassanm
8680,16662659,"Chiziterem Eze","2026-08-11 12:20:48",327.6,2,chiziteremeze
8681,16823229,aper,"2026-09-05 08:42:58",327.5,2,todaya
8682,16661212,AnkitRaj4004,"2026-08-23 13:17:37",327.4,2,ankitraj4004
8683,16770039,"Yevhen Tsyba","2026-09-23 06:25:44",327.3,2,yevtsy
8684,16712257,Banarto,"2026-08-13 07:49:16",327.3,1,banarto
8685,16708194,"Amulya Kypa","2026-09-25 08:43:35",327.1,2,"aakankshakota,amulyakypa,gvvinaykrishna"
8686,16865101,"Hanlinh ","2026-09-11 03:58:09",327.0,2,hanlinh227
8687,16632558,RUI,"2026-09-18 11:34:17",326.9,2,zaiwubian
8688,16929788,"Yusuf Sanusi","2026-09-21 00:50:47",326.8,2,mindbender7
8689,16706181,"Juvenal Pedro Baptista","2026-08-16 14:58:40",326.4,2,juvenalpedrobaptista
8690,16663351,MiguelS,"2026-08-07 15:25:29",326.1,2,lordm758
8691,16670812,"Brian Toman","2026-08-09 15:56:22",326.0,2,briantoman
8692,16746121,Nononoi,"2026-08-21 07:18:02",326.0,1,nononoi
8693,16628190,Horizonx30,"2026-08-09 18:06:56",325.8,2,horizonx30
8694,16751311,JoangHZ,"2026-08-21 09:18:57",325.8,2,joanghz
8695,16660341,"Nefise Aybar","2026-08-04 12:37:29",325.7,2,nefiseaybar
8696,16937995,"Aleksandr Rybin","2026-09-21 22:21:56",325.5,2,aleksandrrybin
8697,16667406,"Abdulrahman AlAsali","2026-08-05 13:20:41",325.4,1,abdulrahmanalasali
8698,16709910,Spinort,"2026-09-19 07:37:27",325.3,2,spinort
8699,16731458,"Arthur Baygildin","2026-08-17 10:06:55",325.1,1,arthurbaygildin
8700,16740191,"Arjun Dhillon","2026-08-19 15:15:57",324.9,2,arjundhillon07
8701,16698739,"Sahrul Adicandra","2026-08-11 04:06:08",324.8,2,sahruladicandra
8702,16802128,"vaman soni","2026-09-02 10:08:49",324.7,1,vamansoni
8703,16724976,Soham,"2026-08-18 11:28:07",324.6,2,soham308
8704,16667033,"Geethika Sandireddy","2026-08-15 07:04:31",324.6,2,geethikasandireddy
8705,16730679,"Hoàng Trọng Hiếu","2026-09-13 08:32:32",324.5,2,hongtrnghiu
8706,16793536,yukko08,"2026-09-25 12:09:25",324.2,2,yukko08
8707,16635243,MlMlDev34,"2026-08-01 11:26:52",324.1,2,mlmldev34
8708,16851029,john01234,"2026-09-08 04:57:12",324.1,2,john01234
8709,16695592,"André Luiz Pedroso","2026-08-09 11:59:19",324.0,1,andreluizpedroso
8710,16759407,"Giovanni Colpani","2026-08-22 17:02:37",324.0,2,giovannicolpani
8711,16670881,"Amir Y. Sajjadi","2026-08-05 23:56:26",324.0,1,amirysajjadi
8712,16660658,Shlok_Sharma0001,"2026-08-19 09:31:48",323.8,2,shloksharma0001
8713,16768551,"AAYUSHMAAN SINHA","2026-08-25 02:43:00",323.6,2,aayushmaansinha
8714,16633737,nrg,"2026-08-04 20:19:50",323.6,1,nargizaskarbekkyzy
8715,16636643,"Babul Kumar","2026-08-02 07:46:50",323.4,2,babulkumar07
8716,16720606,Williamtime,"2026-08-17 03:11:34",323.4,2,williamtime
8717,16625011,"Heng Yu","2026-08-18 06:30:56",323.2,1,megalobox1
8718,16693821,"DARSHAN A","2026-08-11 18:02:26",323.0,2,ad12345kag
8719,16710906,Krunal.ix,"2026-08-12 07:06:58",323.0,1,krunalix
8720,16676974,"Deveshwar U","2026-08-31 01:10:42",322.6,2,deveshwaru
8721,16654688,"Terrell Millz","2026-08-10 16:08:33",322.5,2,terrellmillz
8722,16855459,"Shune Lae lae Khaing","2026-09-11 17:55:19",322.5,2,shunfloryn
8723,16624990,"Tanjim Ahmed Kingshu","2026-08-02 07:05:52",322.4,2,tanjimahmedkingshu
8724,16754141,SicilyTing,"2026-09-08 14:53:25",322.1,2,sicilyting
8725,16727044,"Kai Leisten","2026-08-16 10:19:42",322.0,2,kaileisten
8726,16672138,mostafa69ca,"2026-08-06 05:03:43",321.7,1,mostafa69ca
8727,16726021,"The Farm Game","2026-09-02 13:23:00",321.2,2,"tacostew,thomasbower6"
8728,16672020,"Arum Puri ","2026-08-18 14:03:33",321.1,2,arumpuri
8729,16777489,"Yousef Elbaz","2026-08-27 11:18:54",321.0,1,yousefelbaz
8730,16682342,"Jebez Oswald","2026-08-10 05:38:15",320.8,2,jebezoswald
8731,16894314,curious007hi9387983,"2026-09-17 07:41:07",320.8,1,curious007hi9387983
8732,16782747,goodgreen,"2026-09-19 07:55:18",320.7,2,goodgreen
8733,16882973,"Omar Tarek Abdelkader Ahmed El Belbeisy","2026-09-12 22:59:07",320.2,2,patmux
8734,16728261,"Smit Deshaval","2026-08-24 17:44:12",320.1,2,smitdeshaval11
8735,16666719,helenkwok,"2026-09-12 06:53:13",320.0,2,helenkwok
8736,16691813,Hyezir4,"2026-08-10 08:36:47",319.9,2,hyezir4
8737,16683075,"Manuel lasarte León","2026-09-04 10:27:02",319.7,2,manuellasarte
8738,16659453,"Ishwar Rathod","2026-08-06 03:29:27",319.6,2,ishwarrathodofficial
8739,16823858,"James Mills","2026-09-23 17:08:00",319.6,2,jamesmills1975
8740,16749568,"Nana Hung","2026-08-23 02:17:34",319.6,2,nanahung
8741,16656351,"Triet Ho","2026-08-07 07:27:33",319.6,2,trietho247
8742,16672689,"Yusuf Yemez","2026-08-06 06:51:07",319.5,1,yusufyemez
8743,16689923,Dhinesh,"2026-08-09 08:39:37",319.4,2,dhineshwarrs
8744,16700876,"Oyegoke Emmanuel","2026-09-04 11:32:28",319.3,2,oyegokeemmanuel
8745,16658897,"Teja Pattem","2026-08-07 10:42:44",318.9,2,tejapattem
8746,16799132,"Marlon Vasquez","2026-09-23 05:02:43",318.7,2,vexmeavf
8747,16733886,LuisMV8,"2026-09-19 16:51:14",318.5,2,luismv8
8748,16753817,Karmers,"2026-09-24 08:52:46",318.5,2,"prasenjittadake,swapnilpatil2737"
8749,16654407,"Serendeep Rudraraju","2026-09-04 03:17:43",318.5,2,serendeeprudraraju
8750,16725769,NikunjMakhija_,"2026-08-19 13:01:57",318.3,2,nikunjmak
8751,16784712,SIDDpat,"2026-08-30 08:13:50",318.2,2,siddpat
8752,16714418,AdriMonFer,"2026-09-01 12:15:21",318.2,2,adrimonfer
8753,16866140,Mantis,"2026-09-22 16:59:18",317.9,2,orchidmantis
8754,16665360,"Ayush Bhadauria","2026-08-19 11:11:51",317.9,2,ayushbhadauria50
8755,16664718,Vedika_,"2026-08-11 18:28:09",317.3,1,lighjt
8756,16757615,"Muhammad Umer Khan","2026-09-25 11:18:31",317.1,2,mehmedumer0028
8757,16661690,codefusiondu,"2026-08-06 04:53:25",317.0,2,codefusiondu
8758,16701902,"Matthew Souza Chong","2026-08-11 05:58:50",316.9,2,matthewsouzachong
8759,16810051,Reddi_twelve,"2026-09-03 23:26:30",316.9,1,redditwelve
8760,16713082,"Siyam Molla","2026-09-06 08:06:43",316.8,2,siyammolla
8761,16691936,"Adhar Chaudhari 07","2026-08-09 08:13:35",316.8,2,adharchaudhari07
8762,16755377,"Rishi Sutar","2026-09-23 04:18:01",316.7,2,rishisutar
8763,16949285,"Subham Sharma","2026-09-23 21:56:28",316.7,2,subsh2004
8764,16765805,"sayyad karimun","2026-08-25 10:14:26",316.4,1,sayyadkarimun
8765,16928286,sofonias201012,"2026-09-20 09:33:20",316.0,1,sofonias201012
8766,16657729,"Kandregula V S S V P Krishna Murthy","2026-08-08 15:29:35",315.7,2,kkandregula
8767,16926528,"Badri Vishal","2026-09-19 18:42:19",315.4,2,badrivishal90
8768,16859646,Andy2009,"2026-09-09 12:12:02",315.3,2,andy2009
8769,16681177,"Ivan Kevin Garcia Hernandez","2026-08-17 19:25:34",315.3,2,jedilgh
8770,16854519,nmw,"2026-09-09 15:23:56",315.3,2,rubikkaggle
8771,16666115,"Iam Intolerable","2026-08-06 07:48:28",315.2,2,iamintolerable
8772,16659523,"Ahmad Khidir","2026-08-27 22:33:31",315.0,1,ahmadkhidir
8773,16757689,YanXiaohan666,"2026-09-14 03:29:51",314.9,2,yanxiaohan666
8774,16706591,"Poorvi Shetty","2026-09-25 14:34:13",314.9,2,poorvishetty1
8775,16675048,Wizard_King,"2026-08-06 19:35:41",314.8,2,anshumanrayy
8776,16668271,"Shashank Raj","2026-08-06 14:27:00",314.5,2,ssr6156
8777,16664469,"Thorlapati Nikhil","2026-08-11 19:11:09",314.2,2,thorlapatinikhil
8778,16665252,"Harsh Katara","2026-08-05 06:51:14",313.9,1,harshkatara
8779,16707092,"Asharani Sahu","2026-08-11 11:19:08",313.8,1,asharanisahu
8780,16670600,"Leon Lum","2026-08-20 14:58:27",313.8,2,leonlum
8781,16763916,"Mohamed Nchourupouo","2026-08-24 09:28:47",313.4,2,mohamednchourupouo
8782,16757557,BitxWolf,"2026-08-22 19:06:48",313.3,2,bitxwolf
8783,16719709,Rishiii360,"2026-08-18 03:46:23",312.7,2,rishiii360
8784,16681801,majj,"2026-08-11 03:07:46",312.6,2,m313786372
8785,16794729,Copperford,"2026-09-08 00:41:27",312.4,2,copperford
8786,16663738,"Handre Bezuidenhout","2026-08-04 23:27:08",312.2,2,handrebezuidenhout
8787,16673152,"Arijit Raj","2026-08-06 08:23:14",311.9,2,arijitraj02
8788,16672168,"Justin Rutkowski","2026-09-13 08:13:41",311.8,2,justinrutkowski
8789,16687403,"Raja Sai Vardhan","2026-08-09 08:19:22",311.6,2,rajasaivardhan
8790,16723046,"Pedro Joás","2026-09-11 14:59:09",311.4,2,pedrojos
8791,16682454," Vandanaa R","2026-09-02 09:48:24",311.3,2,vandanaar
8792,16728465,"Abdurrahman Assegaf","2026-08-16 12:13:15",311.1,2,amanshop
8793,16658320,"Justin Eight","2026-08-27 07:29:52",311.1,2,justineight
8794,16660992,"Vishnu Vardhan Dumpala","2026-08-05 18:17:30",311.1,1,vishnuvardhandumpala
8795,16915613,MDM,"2026-09-17 16:03:54",311.0,2,themdm
8796,16701924,"Uma maheshwari T","2026-09-23 15:36:09",310.5,1,umamaheshwarit
8797,16686700,"Hakkı selim Ak","2026-08-07 17:06:03",310.4,1,hakkselimak
8798,16660436,turkenm,"2026-08-06 13:03:36",310.3,2,turkenm
8799,16777607,"je nap","2026-08-30 01:56:28",310.2,2,johnenapoles
8800,16655811,"Duy Trần","2026-08-04 08:23:27",309.5,1,duyqtrn
8801,16868034,"Vivek Teja","2026-09-14 19:25:09",309.4,1,vivektejaraju
8802,16662856,"Pranjal Arya","2026-09-11 09:30:08",309.0,2,pranjalaryaa
8803,16698591,FestusKipkoech,"2026-08-28 18:58:28",308.7,2,festuskipkoech
8804,16661157,Shenlai,"2026-09-17 14:02:50",308.6,2,shenlai
8805,16732315,"Filip Chladek","2026-08-17 13:37:38",308.4,2,filipchladek
8806,16659415,PincheCabrón,"2026-08-17 17:34:01",308.3,2,pinchecabrn
8807,16668453,"Kawish Hassan","2026-08-05 16:51:03",308.3,2,kawishhassan
8808,16662491,Rudra070311,"2026-08-11 17:06:39",308.1,2,rudra070311
8809,16941648,ITibe88,"2026-09-22 19:04:58",307.9,2,itibe88
8810,16689841,Pavani2325,"2026-08-08 10:00:56",307.8,2,pavani2325
8811,16657616,"Manikumar Kundena","2026-09-20 17:25:19",307.6,1,manikumarkundena
8812,16623730,"Ethan Higgins","2026-07-31 02:25:21",307.4,2,ethanhigginz
8813,16674678,"Tinotenda Garikayi","2026-09-24 06:22:44",307.4,2,tinotendagarikayi
8814,16661012,"Tesfahun Feleke","2026-09-24 09:04:19",307.3,2,tesfahunfeleke
8815,16690183,ankit8924praj,"2026-08-14 15:43:56",307.2,2,ankit8924praj
8816,16655729,"Arnab Mallick","2026-08-04 02:41:48",306.6,2,arnabmallick24
8817,16844194,小林周人,"2026-09-17 14:57:34",306.6,2,kobashu
8818,16700187,"adrian purnama","2026-08-10 10:50:45",306.4,1,adrianpurnama
8819,16949156,"shamaev dimon PR-3-1","2026-09-23 19:16:32",306.1,1,shamaevdimonpr31
8820,16658457,"Uchiha Eren","2026-09-24 06:22:39",306.1,2,lucsanjay
8821,16633330,"danielle Ange","2026-08-12 16:26:03",305.8,2,danielleange
8822,16711348,ticoraph,"2026-08-21 18:55:56",305.7,2,ticoraph
8823,16791786,BladeOffline,"2026-08-30 03:42:42",305.6,1,bladeoffline
8824,16668166,Pikachu,"2026-08-05 14:52:15",305.5,2,"arpankumarsinha,phantomboy69,subhojitpaul2006"
8825,16684308,Itsside_jay,"2026-08-07 11:46:48",305.4,1,itssidejay
8826,16661639,"Jayanth Kumar D","2026-08-06 13:36:46",305.2,2,jayanthkumard
8827,16652970,"Abhay sarkar","2026-08-05 14:40:05",304.7,1,abhaysarkarai
8828,16660543,"BUTUH DUIT","2026-08-06 07:39:16",304.3,2,abulkahfi
8829,16925237,"Abdullah Ahmed saeed","2026-09-22 09:42:28",304.0,2,abdullahahmedsaeed
8830,16627796,tizawa3,"2026-09-25 20:10:08",303.9,2,tizawa
8831,16624246,"xu j1ayang","2026-08-11 05:12:47",303.7,2,xuj1ayang
8832,16755632,"Adarsh Yadav","2026-08-21 16:34:37",303.4,1,adarsh12yadav
8833,16855181,Komal_Rani,"2026-09-08 16:39:15",302.9,2,komalvinayak
8834,16660996,"Thịnh Nguyễn Chí Tiến","2026-08-08 01:49:40",302.6,2,thnhnguynchtin
8835,16656506,"Piyush Harde","2026-08-04 12:54:26",302.3,2,piyushharde
8836,16849173,"Sarvajith Adyanthaya","2026-09-07 16:51:17",302.3,1,sarvajithadyanthaya
8837,16765997,"Diya Sharma","2026-09-13 18:08:07",302.2,2,diyasharmanexa
8838,16660473,"Owen M Kelley","2026-08-10 00:53:11",302.0,2,owenmkelley
8839,16732280,"Akarsh kumar shukla","2026-08-18 20:38:35",301.9,1,akarshkumarshukla
8840,16665661,Ikhbar,"2026-08-05 09:50:57",301.8,2,ikhbar
8841,16766823,suikkee,"2026-09-02 05:05:50",301.5,1,suikkee
8842,16623405,nbarlow,"2026-08-12 20:01:08",301.4,2,nickbarlow
8843,16800468,Vaishnavi,"2026-09-01 11:13:30",301.3,1,vaishnavisri09
8844,16770232,MinhTran2346,"2026-09-07 14:12:04",301.3,2,minhtran2346
8845,16729572,"Aswin Ramanathan","2026-08-17 16:17:38",301.1,1,aswinramanathan
8846,16702052,"Beny Pratama Putra","2026-08-12 16:18:20",300.9,2,benypratamaputra
8847,16694673,"B T Chinmayi","2026-08-27 19:47:10",300.8,2,btchinmayi
8848,16932204,"Doğuş Özel","2026-09-20 22:27:23",300.7,2,dozel7
8849,16721533,"Lakshya Sharma","2026-08-16 06:01:34",300.5,2,lakshyasharma007
8850,16687648,"RSJ CorneR","2026-09-23 19:07:08",300.2,2,rsjcorner
8851,16784538,"mou1234568 fdsfds","2026-08-28 18:05:29",299.8,2,mou1234568fdsfds
8852,16674394,"Ishant Mittal","2026-08-08 09:24:57",299.8,2,ishantmittal95
8853,16634769,Fivingone,"2026-08-03 03:47:43",299.7,2,fivingone
8854,16728948,L3MG,"2026-08-16 21:17:06",299.4,2,lemgyy
8855,16650070,"jakub slavíček","2026-08-04 12:58:40",299.2,2,jakubslavicek
8856,16658450,"Krish Singh","2026-08-05 16:11:00",299.1,2,krishsingh2283
8857,16624553,"Abiram Bharathi S.A","2026-09-08 11:40:32",298.9,2,abirambharathisa
8858,16676302,Arnav,"2026-08-08 06:10:01",298.6,2,arnav03101
8859,16690163,"Abhay Upadhyay","2026-08-08 18:05:54",298.5,2,abhay18s
8860,16715576,bhavnachavda21,"2026-09-24 14:07:26",298.4,2,bhavnachavda21
8861,16664199,SomyaSingh_07,"2026-09-23 14:12:41",297.8,2,somyasingh07
8862,16690055,"Prem Kumar","2026-09-02 05:56:28",297.6,2,premkumar099
8863,16666353,"Pal Savani","2026-09-14 19:01:01",297.4,2,palsavani
8864,16912620,"Mitul Khemani","2026-09-17 09:25:17",297.3,2,mitulkhemani
8865,16771870,"kumi cho","2026-09-22 14:52:46",296.9,2,kumicho
8866,16774471,"Seymour Schmidt","2026-09-16 10:56:11",296.9,2,angrybread
8867,16705294,"zhenf Liu","2026-08-11 07:51:06",296.8,2,zhenfliu
8868,16757233,"Tet Toe Wai","2026-08-24 07:51:45",296.7,1,tettoewai
8869,16845556,"li Insomenia","2026-09-07 04:07:10",296.4,2,liinsomenia
8870,16682345,Gordy,"2026-08-31 07:39:13",296.4,2,gordyii
8871,16919058,"Bethany Stringer","2026-09-19 10:18:38",296.2,1,bethanystringer
8872,16666056,"sarthak gupta1303","2026-08-05 11:01:04",296.2,2,"sarthakgupta1303,sathviktummalapenta"
8873,16830884,"Khalil hafni","2026-09-14 23:51:56",295.7,1,hafnix
8874,16659493,"Ori Glisko","2026-08-09 14:27:44",295.7,2,origlisko
8875,16789486,TanjiahaoXX,"2026-08-29 07:47:37",295.7,1,tanjiahaoxx
8876,16655621,xia0910,"2026-08-08 11:03:21",295.6,2,xia0910
8877,16659865,Rithikaaaaah,"2026-08-17 07:09:08",295.5,2,rithikaaaah
8878,16643303,sigireddyBalasai,"2026-09-12 11:40:23",295.5,2,sigireddybalasai
8879,16818690,"Arionchen TitanTeam","2026-09-04 08:52:16",295.4,2,arionchentitanteam
8880,16796258,"Lanzhi Jiao","2026-09-03 08:31:13",295.3,1,lanzhijiao
8881,16898267,Tannybro,"2026-09-20 09:31:41",294.9,2,tannybro
8882,16684168,"Roaya Saed","2026-08-10 14:36:20",294.5,1,roayasaed
8883,16684223,"Aayush Shah","2026-08-13 17:57:28",294.5,2,aayushshah265
8884,16792780,"Sreekar Reddy","2026-09-01 15:33:38",294.4,2,eshured
8885,16692084,"Kaggri Farmers","2026-08-29 19:47:29",294.4,2,"jayant99acharya,satvikkolluru"
8886,16666639,"Dheeraj Pranav","2026-08-24 19:38:42",294.0,1,dheerajpranav
8887,16690514,"Aditya #3","2026-08-09 06:29:48",293.9,1,a0x1ab
8888,16669188,Sebastián,"2026-09-25 21:30:33",293.9,1,sebatl
8889,16682262,"Pardeep Singh","2026-09-01 11:01:27",293.7,2,pardeep06
8890,16697373,"Sumit Bhattacharjee","2026-08-29 18:29:11",293.7,2,sumitbhattacharjee
8891,16668559,Goups,"2026-08-22 09:11:46",293.6,2,hervrenard
8892,16765570,"Akhand Soni","2026-08-24 12:47:42",293.4,1,akhandsoni
8893,16784225,sulala,"2026-08-29 08:51:26",293.3,2,sulala
8894,16807668,kilariHemalatha,"2026-09-05 04:33:19",293.2,1,kilarihemalatha
8895,16805109,"иван астахов","2026-09-10 21:30:35",293.0,2,iastakhov
8896,16659696,"Lakshyaraj Singh Rathore","2026-09-05 18:47:32",292.7,2,lakshyarajrtm
8897,16669576,"zarnab waheed","2026-08-17 19:20:34",292.6,2,zarnabwaheed
8898,16662495,Earth,"2026-08-15 10:54:03",292.5,2,earthearth
8899,16784605,"Iniyan M D R","2026-08-28 13:53:22",292.5,1,iniyanmdr
8900,16633982,Nikunj1375,"2026-08-07 08:40:29",292.5,2,nikunj1375
8901,16653054,Khongor2424,"2026-08-03 15:32:17",292.5,2,khongorkikaik21
8902,16690882,"Meet P. Shah","2026-09-05 04:32:03",292.4,2,meet47
8903,16664218,"Nguyen Vu Tue Khang","2026-08-24 03:32:10",292.1,2,nguyenvutuekhang
8904,16677034,gollapallysaikiraan2,"2026-09-18 21:45:24",292.0,2,gollapallysaikiraan2
8905,16682623,"Aditya Paul","2026-08-14 12:44:45",291.8,2,adityapaul634
8906,16862181,"M chetin","2026-09-12 18:51:14",291.7,2,cetin95
8907,16673753,hmmmSure,"2026-09-15 18:13:47",291.7,2,gerardnitt
8908,16748410,Lemons,"2026-08-21 19:44:07",291.5,1,takahiromatoba
8909,16662403,"ulaş özen","2026-08-05 19:49:16",291.2,2,ulazen
8910,16658452,Hillclimber,"2026-09-13 01:50:22",291.2,2,driessmit1
8911,16686789,Hay-gent,"2026-09-07 05:37:52",291.2,2,"alagusuriyas,gayathrisrimai"
8912,16721849,ayushai8714,"2026-08-28 09:36:41",291.1,2,ayushai8714
8913,16839939,Lemonabc,"2026-09-05 12:56:42",291.0,1,lemonabc
8914,16691354,"Vedika Gupta","2026-08-08 14:20:25",290.8,1,vedikagupta0
8915,16655315,SL,"2026-08-13 01:50:18",290.8,2,xndr007
8916,16671959,"Sintu Verma","2026-08-09 05:44:56",290.6,2,sintuverma
8917,16659975,"Rahul Sain","2026-08-05 18:54:58",290.3,2,rahulsain2001
8918,16882689,Soodari,"2026-09-12 21:56:31",290.3,2,soodari
8919,16623161,"Charles Kalaba","2026-08-08 13:06:02",290.0,2,charleskalaba
8920,16794647,"Michael Cahill","2026-09-01 07:46:28",289.5,2,michael1232
8921,16675218,데미안과마루,"2026-08-18 14:16:13",289.2,2,siver3
8922,16707118,"DEVEN BAGADE","2026-08-11 11:24:10",289.2,2,devenbagade
8923,16809426,"The Nafl","2026-09-10 11:20:55",289.1,2,nafalrust
8924,16682559,"Punit Pritam Mohanty","2026-08-11 06:21:03",288.8,2,punitpritammohanty
8925,16667773,ShashankJha,"2026-09-25 17:08:01",288.7,2,shankinfy
8926,16712089,"yui seya","2026-08-12 12:17:02",288.5,2,yuiseya
8927,16778585,Deepa,"2026-09-11 11:13:56",288.4,2,deepa42639
8928,16661955,Bingos,"2026-08-05 11:43:07",288.4,2,bingos
8929,16791680,"Surja Sarker","2026-09-04 12:12:24",288.3,2,surjasarker
8930,16688231,"Antoine Matemane Mahirwe","2026-08-10 19:40:15",288.3,2,antoinemah
8931,16655875,PLLZ,"2026-08-17 01:11:41",288.0,2,pllzzz
8932,16838645,"Deepak #2","2026-09-06 10:20:54",288.0,2,deepakup85
8933,16852606,Hallucinators,"2026-09-25 19:20:51",287.9,2,samikshakamdi
8934,16698920,"Rishabh Bhartiya","2026-08-12 13:48:26",287.7,2,rishabhbhartiya
8935,16669535,sakshitantak,"2026-08-08 05:16:32",287.6,2,sakshitantak
8936,16666316,adityakr1001,"2026-08-05 09:33:41",287.6,1,adityakr1001
8937,16761681,"Ming Myung","2026-08-24 05:12:56",287.2,2,vanhaminhquan
8938,16634016,"Adrien Thomas","2026-09-21 17:32:37",287.1,2,adrienthomas
8939,16785111,"JEFFREY KIRUBA J ","2026-08-28 18:07:41",286.6,1,jeffreykirubaj
8940,16705798,"orhun uygun","2026-09-24 08:48:21",286.4,2,orhunuygun
8941,16657891,"Joshua Kinnah","2026-08-07 23:00:45",286.3,2,joshuakinnah
8942,16678362,"Mitiku Yohannes","2026-08-07 00:00:37",286.3,2,mitiku
8943,16668333,VishalVivek,"2026-08-07 09:46:17",285.9,1,vishal14332
8944,16725135,"clement cg","2026-08-19 07:54:00",285.8,2,clementcg
8945,16670674,"Foodle Jang","2026-08-19 22:14:34",285.7,2,foodlejang
8946,16729246,"Ayodeji Akinola","2026-08-29 19:45:30",285.6,2,ayodejiakinola
8947,16654430,"Rishoban Y","2026-08-07 13:46:37",285.4,1,rishoban
8948,16660308,zhangzhenman,"2026-08-25 06:14:26",285.0,1,zhangzhenman
8949,16663600,"Adrián Flores","2026-08-05 00:38:36",285.0,2,foward2892
8950,16769212,"jason vetter","2026-08-25 05:48:22",284.9,1,jasonvetter
8951,16662054,"phantom of shubh","2026-08-11 07:54:46",284.8,1,shubhamkumar123490
8952,16749514,"M Harini","2026-09-21 14:52:15",284.5,2,rvmharini
8953,16676305,JTHEFROG,"2026-08-08 12:09:45",284.2,2,joshyuasa
8954,16654253,"Gaius K Biju","2026-08-03 18:51:18",283.2,2,gaiuskbiju
8955,16736202,杨雨灿,"2026-09-08 00:51:59",283.1,2,yucanyang
8956,16690187,"Amrita Singh","2026-08-08 10:34:51",282.7,2,amrita004
8957,16660529,Imaanga,"2026-08-10 11:41:21",282.6,2,imaangababy
8958,16746682,"julio cesar valencia","2026-09-24 04:19:19",282.3,2,juliocesarvalencia
8959,16685996,"Universal Entropy","2026-08-07 16:22:28",282.1,1,fennerjw
8960,16926905,"George Quadros","2026-09-21 21:56:55",282.0,2,georgequadros
8961,16862268,"Vishal Harry","2026-09-12 21:26:48",281.5,2,vshr777
8962,16659060,Pratham3gewg,"2026-08-06 18:26:51",281.4,2,pratham3gewg
8963,16683421,"Ruchita Yadav","2026-08-13 18:09:54",281.4,2,ruchitayadav20
8964,16885028,"wen yimeng","2026-09-13 09:26:04",281.3,1,wenyimeng
8965,16920837,"Borys Koza","2026-09-18 13:00:28",281.0,1,boryskoza
8966,16657426,"M.Mukunda Reddy","2026-08-17 06:18:11",281.0,2,mmukundareddy
8967,16797284,Alice7371,"2026-08-31 17:58:22",281.0,1,alice7371
8968,16672670,RonTroy,"2026-08-13 04:46:15",280.9,2,rontroy
8969,16814858,"Sankalp Patidar","2026-09-15 08:57:20",280.7,2,sankalppatidar
8970,16652397,"Aniket Kumar","2026-08-06 13:29:50",280.7,2,kalkiavatar3
8971,16839430,EliaSav,"2026-09-06 15:33:34",279.8,2,eliasav
8972,16657159,"Amey Malpurkar","2026-08-11 07:35:27",279.6,2,"ameymalpurkar,siddheshsadarao"
8973,16658489,小出和見,"2026-08-13 23:23:04",279.6,2,kzmk8d
8974,16716476,lnssan,"2026-08-20 13:05:18",279.5,2,lukanilssandmayr
8975,16682422,"SABBIR HOSSAIN 2029","2026-08-16 14:23:24",279.5,2,sabbirhossain2029
8976,16662913,"IYAMPAYE ribert","2026-08-04 19:01:38",279.5,1,iyampayeribert
8977,16698562,Kyoko004,"2026-08-11 04:38:18",279.4,1,kyoko004
8978,16658725,"syed jawad","2026-08-17 08:49:32",279.2,1,syedjawad663
8979,16938753,"Kedar K0","2026-09-22 03:42:53",279.1,1,kedark0
8980,16847927,"Laiba Hameed","2026-09-12 09:00:51",278.8,2,laibahameed08
8981,16911725,"casey blanche","2026-09-18 23:50:00",278.8,2,caseyblanche
8982,16653903,Manav2805,"2026-08-04 09:25:08",278.7,2,manav2805
8983,16641866,"Prem Gandhi","2026-08-06 19:48:18",278.6,2,gprem352
8984,16868524,"Chutayu Adhittayawong","2026-09-11 03:30:13",278.4,2,arteezy009
8985,16707179,"Achintya Rai","2026-08-12 11:15:16",278.1,2,achintyarai
8986,16652899,Isha,"2026-08-22 05:51:50",278.1,2,aarohi20
8987,16761994,"Talha Sayyad faim","2026-08-23 11:32:37",277.7,1,talhasayyadfaim
8988,16712086,"Zubair Shafi","2026-08-16 23:23:04",277.5,2,zubairshafi5050
8989,16758856,"Ali Zaib","2026-08-27 20:12:02",277.1,2,alizaib001
8990,16711610,cc_z_kaggle,"2026-08-12 09:33:23",277.0,1,cczkaggle
8991,16632319,Valentin,"2026-07-31 21:14:24",276.8,1,vaha94
8992,16724743,"Dr. James Gambrah","2026-08-17 08:48:47",276.8,2,jamesgambrah
8993,16773545,faithk7u,"2026-08-31 21:57:43",276.7,2,faithk7u
8994,16707372,"zidu cheng","2026-08-11 13:30:40",276.7,1,ziducheng
8995,16882182,":T Eh?","2026-09-13 09:16:32",276.6,1,goulustis
8996,16658990,"Muhammad Burhan SE-45-02","2026-08-07 04:26:18",276.6,2,muhammadburhanse4502
8997,16658620,"Dina Chettouh","2026-08-04 09:13:27",276.5,2,dinachettouh
8998,16759726,Phoenix,"2026-08-22 19:43:10",276.4,1,seanht1
8999,16661290,"Kelian Esteve","2026-08-04 14:33:13",276.2,1,kelianesteve
9000,16697283,Puranjay02,"2026-09-10 07:09:06",276.1,2,puranjay02
9001,16659581,"isah ridwan","2026-08-07 09:02:00",276.0,2,isahridwan
9002,16663253,"Albert Benjamin Asare","2026-08-06 19:29:05",275.6,2,albertbenjaminasare
9003,16716592,"Poma Mikhail","2026-09-10 09:08:04",275.5,2,ambisinistra
9004,16637025,kodalien,"2026-08-10 15:21:00",275.4,2,kodalien
9005,16723487,RoboDavo,"2026-08-19 00:36:17",275.3,2,robertdavidson1911
9006,16922872,EricWang,"2026-09-18 23:56:44",275.3,1,ericwang915
9007,16785050,"MITHIL J URK26CS7067","2026-08-28 18:29:14",275.2,1,mithiljurk26cs7067
9008,16904992,abdulkader1,"2026-09-24 19:03:59",275.0,2,abdulkader1
9009,16761731,"James Hu","2026-08-23 17:50:28",273.9,1,cnjameshu
9010,16631989,"VIDIT SHRIMALI","2026-07-31 17:13:46",273.6,1,viditshrimali
9011,16665758,"Oladipo Bashir","2026-08-31 10:23:51",273.5,1,oladipobashir
9012,16893131,"Jenny Dinh","2026-09-21 13:27:12",273.3,2,"jeanguo000,jenny125,keytran8850"
9013,16730653,"Daham Dissanayake","2026-08-21 03:17:15",273.2,1,"dahamdissanayake,dinuginimnara"
9014,16754845,"LG Music","2026-08-21 22:48:01",273.1,1,lgmusic
9015,16655734,dworld,"2026-08-05 04:13:18",272.9,2,jagdishhalde
9016,16677629,"XIE Jintao","2026-08-06 18:47:28",272.8,2,xiejintao
9017,16858604,"Ye Naing","2026-09-10 02:42:59",272.4,2,yenaing
9018,16661879,"Pham Truc","2026-08-07 07:21:46",272.3,1,genti1206
9019,16747086,Karma_350234,"2026-08-20 09:56:52",272.2,1,karma350234
9020,16665614,MesonLabs,"2026-08-11 06:17:27",271.9,1,mesonlabs
9021,16676084,"Abir Majdi","2026-08-24 00:24:35",271.8,2,abirmajdi
9022,16893490,"Thales Galuchi","2026-09-26 03:01:08",271.3,2,thalesgaluchi
9023,16676007,"Lao KENAO","2026-08-15 01:15:48",271.1,2,laokenao
9024,16723583,"varun chindage","2026-09-25 01:13:18",271.0,2,stormy420
9025,16713204,Mohamedg,"2026-08-24 23:15:06",270.4,2,mohamedgcroesus
9026,16654306,Shubham,"2026-08-03 19:09:40",270.3,2,sanjayshubham24
9027,16755664,"Shivam Rajdev","2026-09-04 19:28:36",270.2,2,shivamrajdev
9028,16841154,Kinjal,"2026-09-05 22:13:51",270.2,2,kinjalparmar5009
9029,16665114,"Francesco Benincasa","2026-08-05 09:56:52",269.8,2,francescobenincasa
9030,16657378,doteeee,"2026-08-14 11:43:40",269.2,2,narendra
9031,16748092,Luckshith,"2026-08-20 12:59:43",269.1,2,luckshith
9032,16734670,Sparsh,"2026-08-22 01:48:51",269.0,2,sparshsinha24
9033,16840506,"Jayanth Earla","2026-09-10 16:46:21",268.8,2,jayanthearla
9034,16748712,"Amit Kumar Gupta","2026-08-21 13:33:00",268.8,2,eramitg
9035,16865663,GauravPramodJain,"2026-09-10 09:44:04",268.5,1,gauravpramodjain
9036,16748206,ArtlexYang,"2026-08-25 08:43:28",268.2,1,artlexyang
9037,16652276,Phare111,"2026-08-04 15:09:55",267.7,1,phare111
9038,16691153,"Hafsa Rouchdi","2026-09-22 11:42:12",267.6,2,hafsarouchdi
9039,16756768,"Sayeed Ibrahim","2026-08-22 01:32:12",267.5,2,sayeedibrahim
9040,16809584,"Kinnal Rutu","2026-09-02 15:01:01",267.3,2,kinnalrutu
9041,16842088,"Hrithik Reddy","2026-09-07 09:46:01",267.0,1,hrithik22122
9042,16656881,"Eugene Nyondo","2026-08-30 22:33:50",266.7,2,eugenenyondo
9043,16765329,"Bart Woz","2026-08-31 14:18:24",266.6,2,bartwoz
9044,16762045,ADV,"2026-08-23 13:28:56",266.2,1,shuntianjiang
9045,16646076,"Ajeet Krishnasamy","2026-08-04 19:52:27",265.9,2,ajeetkrish
9046,16733752,Abhi,"2026-08-17 19:34:16",265.4,1,zeroday19
9047,16684191,"Patel Aryan D","2026-08-10 07:36:13",265.2,2,patelaryand
9048,16661213,"Daniel Siersleben","2026-08-05 12:53:41",265.2,1,danielsiersleben
9049,16790545,Adnane,"2026-09-01 02:18:09",265.0,2,adnaneel
9050,16920587,"Agnieszka Jabłońska","2026-09-18 14:17:48",264.8,1,agnieszkajaboska
9051,16706312,"shabbar taj","2026-08-11 16:35:57",264.3,2,shabbartaj
9052,16654293,"Jatin N. Soni","2026-08-18 09:59:05",264.3,2,jatinsoni111
9053,16683284,"Haha Farming","2026-08-07 14:38:04",264.3,1,"akshitharamesh,harinir1423"
9054,16809620,"Mohamed Alaa Elboraay","2026-09-02 19:11:42",264.2,2,mohamedalaa10
9055,16690161,"Sudipto Event","2026-08-11 09:25:00",264.0,2,sudiptoevent
9056,16661587,"Debashis Mohapatra","2026-08-05 09:05:50",263.8,2,debashismohapatra
9057,16661469,"Qiqi Xie","2026-08-06 20:53:32",263.8,2,qiqixie123
9058,16780106,"Mirangga Jakti","2026-09-09 20:05:22",263.2,2,miranggajakti
9059,16655003,"Paramjeet Kaur","2026-08-04 21:09:02",263.2,1,kauxp26
9060,16889340,aryansaini1612,"2026-09-15 04:04:12",263.0,1,aryansaini1612
9061,16677788,DorianCo,"2026-08-06 18:10:06",262.9,2,dorianco
9062,16657777,"sandeep kumar","2026-08-04 11:41:21",262.6,2,sandeep088
9063,16880785,"CHIDANANDA G L","2026-09-12 11:18:48",262.6,2,chidanandagl
9064,16658676,"Abdul Roheem Abdul Warith","2026-08-04 18:59:04",262.3,1,albasoliyy
9065,16822994,"Peter Danilov","2026-09-03 18:16:23",261.8,1,pndanilov
9066,16675037,"Stanislav Pashkov","2026-08-08 20:50:16",261.8,2,stanislavpashkov
9067,16665243,"Harshit Jha","2026-08-05 13:40:16",261.7,2,harshitjha28
9068,16929898,"Senadie Damsini Fernando","2026-09-20 10:49:49",261.6,1,senadiefernando
9069,16662039,"Ajat Rosadi","2026-08-04 16:58:10",261.5,2,ajatrosadi
9070,16811014,"Overfit and Chill","2026-09-18 12:41:38",261.4,2,toyeshchakravorty
9071,16663869,CYBER_TECH99,"2026-08-05 01:40:15",261.2,2,cybertech99
9072,16651668,Haiku,"2026-08-05 06:28:54",261.1,2,yangjiefu
9073,16686941,vishu,"2026-09-24 12:47:08",261.1,1,vedanthshetty
9074,16658065,"Parul Mittal","2026-08-06 13:55:51",261.0,1,pisces83
9075,16849556,"Peter Bull","2026-09-08 12:41:45",261.0,2,peterbull
9076,16654568,Samiksha_Chan1022,"2026-09-20 14:26:32",260.5,2,samikshachan1022
9077,16665461,"Krishna Golwala","2026-08-24 18:39:08",260.4,2,krishnagolwala
9078,16790483,"ivo nahuel jasinskas","2026-08-29 14:08:28",260.3,1,ivonahueljasinskas
9079,16813582,Soham_7391,"2026-09-16 09:59:13",260.2,2,soham7391
9080,16821068,"Danila Goncharenko","2026-09-03 15:22:12",260.1,2,danilegovich
9081,16750033,davidw001,"2026-08-20 17:13:07",259.9,1,davidw001
9082,16762084,"Krishna Lokhande","2026-08-23 14:08:48",259.8,1,krishnalokhande8080
9083,16687151,harshi101,"2026-08-08 06:32:37",259.8,2,harshi101
9084,16740950,Shaw,"2026-08-23 10:07:14",259.8,2,shaw06
9085,16707228,"Milind Bansal","2026-08-11 11:45:00",259.8,1,milindbansal18
9086,16668464,Mauro,"2026-08-05 15:57:27",259.6,2,ilmaurino
9087,16727383,"Minchul Shin","2026-08-20 07:50:37",259.0,1,nashory
9088,16942668,"Levreau Camille ","2026-09-22 16:30:19",258.6,2,"dechant,levreaucamille"
9089,16662861,"Chirag Tutlani","2026-08-04 19:13:05",258.4,1,chiragtutlani
9090,16660957,CREVATEC,"2026-08-11 09:30:33",258.3,2,"olakunleolalekan,samueloladeji"
9091,16822259,"Craig Goldswain","2026-09-07 14:52:01",258.2,2,craiggoldswain
9092,16830761,Skarmory,"2026-09-04 13:05:56",258.2,1,syarnorke
9093,16703295,Yuting,"2026-08-13 20:42:16",258.2,2,yutinghanuxd
9094,16649650,"Ashish Barnawal","2026-08-11 04:08:04",258.1,1,klein4
9095,16665371,"Kevoh Mutwiri","2026-09-20 20:33:29",257.9,2,kevohmutwiri
9096,16660144,"Léandre ELISHA","2026-08-09 12:25:44",257.8,2,landreelisha
9097,16658941,Matts6591,"2026-08-17 07:59:36",257.8,1,mathwithmatt
9098,16759675,TianKitty,"2026-08-27 04:43:06",257.6,1,tiankitty
9099,16724204,chestnut,"2026-08-21 02:15:17",257.4,2,yskkrbysh
9100,16712990,shreyaaaaa9,"2026-08-12 16:17:06",257.2,1,shreyaaaaa9
9101,16667700,"Omar Mohammad","2026-08-05 15:52:54",257.1,2,omarmohammadw
9102,16739918,POLAROID_86,"2026-08-18 21:56:04",257.1,2,polaroid86
9103,16740506,Growingduck,"2026-09-02 03:18:21",257.0,2,jaeminkang2021
9104,16725104,ManasviVarma,"2026-08-23 10:20:35",257.0,1,manasvivarma
9105,16744954,charley8,"2026-08-22 06:23:36",256.9,2,charley8
9106,16939560,"Zhi Quan","2026-09-22 05:35:09",256.9,1,zhiquannn
9107,16669523,Jackson55171,"2026-08-05 18:21:00",256.9,2,jackson55171
9108,16918745,Xstella,"2026-09-24 08:11:56",256.2,2,xstella
9109,16756174,"Mateo Coelho","2026-09-02 19:10:01",256.1,2,mathsco
9110,16741555,"Rushikesh Shirwalkar","2026-08-19 11:02:46",256.1,2,rushikeshshirwalkar
9111,16643821,"arnav chaturvedi123","2026-08-02 22:16:08",256.0,2,arnavchaturvedi123
9112,16806577,ShinYAM1002,"2026-09-06 17:33:20",255.9,1,shinyam1002
9113,16875671,"Nikolay Shaulsky","2026-09-25 14:49:04",255.9,2,nikolayshaulsky
9114,16672982,"Enes Aytaç","2026-08-14 12:12:24",255.9,2,enesayta
9115,16656595,"Sithija Amarathunga","2026-08-04 10:09:50",255.8,2,sithijaamarathunga
9116,16670004,Zinc-Eater,"2026-08-19 22:50:41",255.5,2,zans7331
9117,16915237,"Greg Spitz","2026-09-25 22:26:24",255.4,2,gregspitz
9118,16924232,Heshwa,"2026-09-19 08:08:28",255.3,2,heshwa
9119,16670185,"Odilon Yehouenou","2026-08-13 20:23:58",255.2,2,odilonyehouenou
9120,16758007,stoicsatvik,"2026-08-22 12:37:48",254.9,1,stoicsatvik
9121,16695733,"Imad Zaanine","2026-08-11 02:11:15",254.7,2,imadzaanine
9122,16887893,"Sridhar C","2026-09-13 20:12:56",254.5,2,sridharchinnasamy
9123,16889111,"Abel Garza-Ramírez","2026-09-19 01:12:05",254.3,1,abelgarzaramrez
9124,16689903,wangbohuan,"2026-08-08 09:35:12",254.2,2,wangbohuan
9125,16772388,XiaozhenWu2002,"2026-08-29 16:21:55",254.1,2,xiaozhenwu2002
9126,16894802,"phus sea","2026-09-15 16:23:01",254.1,2,phussea
9127,16725288,mustafasadiqi,"2026-08-15 12:26:35",254.0,1,mustafasadiqi
9128,16762167,"Arkoday Roychowdhury","2026-08-24 01:29:19",253.9,2,arkodayroychowdhury
9129,16649074,nanato,"2026-08-28 04:27:29",253.6,1,nanato
9130,16667691,alexanderctrl,"2026-08-18 10:10:51",253.4,2,alexanderctrl
9131,16632881,"Brisa Marina","2026-08-07 16:13:15",253.4,1,brisamarina
9132,16929949,"mohamed seddik sakai","2026-09-22 13:32:24",253.3,2,mohamedseddiksakai
9133,16785789,"Mateus Sousa do Carmo","2026-08-28 21:23:10",253.1,2,mateaadsaf
9134,16793148,"Hoàng Trung Nguyễn","2026-09-01 08:08:00",253.0,2,hongtrungnguyn
9135,16656679,"Sadiqa Bibi","2026-08-27 09:52:29",252.9,2,sadiqabibidata
9136,16936360,nicapotato,"2026-09-21 13:51:51",252.7,1,nicapotato
9137,16864283,"Nguyễn Cường","2026-09-20 11:41:20",252.5,2,nguyncngo
9138,16713601,"Omar spok","2026-08-19 13:27:13",252.3,2,omarspok
9139,16658888,NovaBytes,"2026-08-06 07:06:34",252.3,2,"drashtisingh14,kjjkjjk3107"
9140,16757098,"Tharun kumar Jaya kumar","2026-08-30 02:29:39",252.2,1,tharunkumarjayakumar
9141,16697712,"Daniel Hebenstreit","2026-09-06 11:53:20",252.2,2,danielhebenstreit
9142,16882350,akacome,"2026-09-12 18:32:37",252.1,1,akacome
9143,16758090,"JOYMIE TALICUAD","2026-08-22 10:07:40",251.7,1,joymietalicuad
9144,16669756,AlgSaid,"2026-08-05 18:54:07",251.7,1,imabdallah
9145,16658357,heetmehta18,"2026-08-07 13:30:40",251.7,2,heetmehta0000
9146,16948546,MostatabiZahra,"2026-09-25 11:30:56",251.6,1,mostatabizahra
9147,16660471,"Obsessed Beings","2026-08-24 16:44:48",251.6,2,"meur99,muhammedsaeed315,obsessedbeing,studentwork01"
9148,16676501,"[Deleted] cf820879-5b51-45ff-9f0a-1d88833299b5","2026-08-08 08:32:10",251.2,2,kamraanmulani
9149,16783872,"Soupau Lev","2026-09-01 09:50:33",251.0,1,olivierauffret
9150,16671302,"Pratish Chaudhary","2026-08-10 00:35:01",251.0,1,pratishchaudhary
9151,16686950,"Kittikhun Pachana","2026-08-08 00:16:11",250.5,2,kittikhunpachana
9152,16949878,ZaitsevOleksandr,"2026-09-24 13:31:25",250.4,1,zaitsevoleksandr
9153,16641331,ushi,"2026-08-05 13:33:18",250.3,1,yuki508
9154,16736084,"Kaishang Zhang","2026-09-02 13:41:28",250.2,2,kaishangzhang
9155,16665704,"Sreesanth M S","2026-08-05 07:12:05",250.1,1,sreesanthms
9156,16768453,phicis8911,"2026-09-16 00:41:21",250.0,2,phicis8911
9157,16655508,bigsea,"2026-08-04 01:31:58",249.9,2,sakamakihiromi
9158,16658795,"Case Seller","2026-08-30 06:46:45",249.9,2,caseseller
9159,16817626,"Jaya Singh","2026-09-15 13:30:37",249.5,2,jayasingh12
9160,16696266,"Pandarasamy Arjunan (Samy)","2026-08-09 14:16:03",249.5,1,samy101
9161,16755126,"Goosing around","2026-08-21 14:01:59",249.3,2,"annood,davidterkuile"
9162,16659698,"Duy Anh Nguyễn","2026-08-07 10:23:27",249.2,1,duyanhnguyn
9163,16665719,"[Armenia] Narek Petrosyan1","2026-08-05 07:49:34",249.0,1,narekpetrosyan1
9164,16668654,"Zharkyn Makhanbet","2026-08-10 18:28:08",248.7,1,imadparadoxi
9165,16701143,macneil,"2026-08-14 14:53:54",248.6,2,macneil
9166,16678647,"Zorawar Singh","2026-08-06 19:55:53",248.5,2,zorawarsingh677
9167,16663459,"Cristian Yeanpaul Palomino Calderon","2026-08-06 04:14:17",248.5,2,dawo0t
9168,16708091,"Dipak Kumar Samanta","2026-08-11 15:17:04",248.0,1,dipak889
9169,16737009,"Alexandre Pedrosa","2026-09-03 07:42:20",248.0,1,alexandrepedrosai
9170,16718890,"Andy Symonds","2026-08-19 23:04:11",247.9,2,andyivanhoe
9171,16632145,kazuki_kazukazu,"2026-07-31 14:53:13",247.8,1,kazukikazukazu
9172,16679467,"Ahmed Zedan","2026-08-18 00:28:27",247.5,2,ahmedzedan11
9173,16669411,"Atta Ullah","2026-08-10 13:28:30",247.5,2,attaullahqau
9174,16708246,StudyForUse01,"2026-08-11 16:58:19",247.4,1,studyforuse01
9175,16662105,PunnatatJAY,"2026-08-04 16:22:50",247.4,1,punnatatjay
9176,16740795,Yanshaoo2026,"2026-08-19 08:40:17",247.3,1,yanshaoo2026
9177,16659001,"Tim Wanjohi","2026-08-12 11:43:16",247.3,2,timwanjohi
9178,16684875,"Amitrakshar Mukherjee","2026-08-07 13:21:32",247.0,2,amitraksharmukherjee
9179,16785434,"[Deleted] 044034de-be4c-465c-ad6d-a40fcc0bf77c","2026-08-28 18:05:21",246.9,1,del=78dbd787081be305
9180,16659804,"Gashahun Demise","2026-08-04 13:23:20",246.9,2,gashahundemiset
9181,16656198,N9uy3nPham,"2026-08-06 10:56:04",246.7,2,n9uy3npham
9182,16639684,Rubel,"2026-08-05 18:49:11",246.6,2,rubel01
9183,16768507,"Dhanush Ballanki","2026-08-25 00:33:27",246.6,1,dhanushballanki
9184,16658783,"Devesh Choudhury","2026-08-07 17:08:33",246.5,2,deveshchoudhury
9185,16701041,"Meet Babariya","2026-08-10 14:21:06",246.4,1,meetbabariya
9186,16733204,"Sompalli Akhil Kumar","2026-08-18 10:14:08",246.3,2,sompalliakhilkumar
9187,16730086,HanaGhanem,"2026-09-20 22:15:11",246.1,2,hanaghanem
9188,16686316,"Ali mohon","2026-08-07 16:16:43",246.1,2,alimohon
9189,16743603,tanmoypal11,"2026-08-19 15:19:36",246.0,1,tanmoypal11
9190,16659280,"yahaya zayyan","2026-08-04 10:51:16",246.0,1,yahayazayyan
9191,16676003,franck,"2026-08-06 14:59:55",245.9,2,bakura
9192,16774202,Wrs,"2026-08-26 09:21:40",245.9,1,wrsarch
9193,16738539,"Sharath S","2026-08-21 05:19:45",245.7,2,akicodes
9194,16695937,Ryckiii,"2026-08-09 13:03:24",245.3,1,ryckiii
9195,16796678,ka,"2026-08-31 16:16:03",245.2,1,kandruszek
9196,16653997,"Alekya Valapushetty","2026-08-05 13:52:08",245.1,2,alekyavalapushetty
9197,16669314,"Editor Jugnu AI","2026-09-06 08:31:32",245.0,2,editorjugnuai
9198,16707941,ニイエチカイン,"2026-08-14 15:28:42",244.9,2,j4ck99
9199,16784952,"Adria Barreto","2026-08-28 16:06:57",244.8,1,adriabarreto
9200,16819370,"István Csik","2026-09-03 13:39:36",244.6,2,istvncsik
9201,16663003,devzohaib,"2026-08-04 21:27:30",244.6,1,devzohaib
9202,16677517,justnyoike,"2026-08-10 01:12:56",244.5,2,justnyoike
9203,16760903,"Derrick Lace","2026-08-23 04:23:40",244.4,2,derricklace
9204,16761134,mash3gt,"2026-08-23 06:10:12",244.3,1,shiroguitar
9205,16660579,mayank,"2026-08-06 14:41:12",244.2,2,mayank921
9206,16769754,daguniang,"2026-08-26 00:44:59",244.2,2,daguniang
9207,16785175,SonOfNike,"2026-08-28 17:20:58",244.0,1,sonofnike
9208,16644398,Nurkan123,"2026-08-16 21:20:24",244.0,2,nurkan123
9209,16856961,"Victor Egbo","2026-09-10 08:38:48",243.7,2,victoregbo
9210,16947253,"Chen Kuan-Chin","2026-09-23 22:10:38",243.6,2,chenkuanchin
9211,16683970,"Zakhar Homyakov","2026-08-07 11:14:41",243.5,2,zakharhomyakov
9212,16728350,fajarnadeem808,"2026-08-16 13:07:59",243.5,2,fajarnadeem808
9213,16670506,"Juan Andres Bravo Mejia","2026-08-05 21:40:17",243.4,1,juanandresbravomejia
9214,16687574,"Yash Raghuvanshi","2026-08-07 22:09:38",242.8,2,yashraghuvanshi25
9215,16683998,"Mahoraga save me","2026-08-07 22:09:22",242.8,2,yqngyv
9216,16795353,BlurreA,"2026-08-31 06:42:30",242.6,1,blurrea
9217,16637845,"Hadjmohamd Seif","2026-08-08 21:47:53",242.4,2,hadjmohamdseif
9218,16659203,"Praful Nayak","2026-08-05 08:17:06",242.1,2,prafulnayak2003
9219,16658152,MingSUN007,"2026-08-04 13:46:29",242.0,2,mingsun007
9220,16665264,Andyxie2050,"2026-09-25 00:58:20",241.7,2,andyxie2050
9221,16707519,"Pradnya Khanse","2026-08-11 12:52:07",241.6,1,pradnyakhanse
9222,16657440,Lz7_129,"2026-08-04 15:26:01",241.5,1,lz7129
9223,16818924,"super penguin king","2026-09-03 12:35:44",241.4,1,superpenguinking
9224,16660450,"prashant prakash","2026-08-08 09:45:36",241.2,2,prashantprakash28
9225,16790992,"Matthew Knyazev","2026-08-29 17:53:40",241.0,1,matthewknyazev
9226,16676991,"Jack Hopkins","2026-08-19 19:11:37",240.9,2,jackhopkins
9227,16751488,Klixel,"2026-08-21 03:35:28",240.9,1,klixel
9228,16922932,Anteee231,"2026-09-21 04:19:19",240.7,2,anteee231
9229,16684535,Moonlight,"2026-09-07 14:16:17",240.6,2,rajesh1joc
9230,16683428,"Darsh Jilka","2026-08-19 09:03:08",240.5,2,darshjilka
9231,16762081,VKAUL3,"2026-08-23 12:09:08",240.3,1,vkaul3
9232,16660321,syafanidwina,"2026-08-05 00:41:33",240.2,1,syafanidwina
9233,16633833,"mohammad javad Kamali","2026-08-19 05:13:42",240.1,1,mohammadjavadkamali
9234,16698399,liuzhangzhen,"2026-08-10 09:49:23",239.7,1,liuzhangzhen
9235,16744221,Dizzy1829,"2026-08-29 04:15:48",239.7,1,dizzy1829
9236,16922345,"MESK WADHAH ABDULQADER ABDULQADER","2026-09-18 19:20:58",239.6,1,meskelemin
9237,16756743,"Ismail Alli Adekunle","2026-08-21 22:59:18",239.3,1,ismailalliadekunle
9238,16790137,sinchir0,"2026-08-30 12:52:05",239.0,1,sinchir0
9239,16723726,"Erika Worrall","2026-08-15 23:09:17",239.0,1,erikaworrall
9240,16664863,zzzhhcc,"2026-08-13 06:15:42",238.9,2,zzzhhcc
9241,16841277,"Luis Garza Gonzalez","2026-09-08 05:07:26",238.6,2,luisgarzagonzalez
9242,16719618,Javierrcs,"2026-08-14 13:16:05",238.6,1,javierrcs
9243,16633483,"benkerrouche abdelbasset","2026-08-07 16:11:50",238.4,1,bassetkerouche
9244,16672767,"FasterYouChase FasterIRun","2026-08-09 13:15:12",238.4,2,icoguser
9245,16772089,"Ana Riquele","2026-08-26 18:11:38",238.2,2,anariquele
9246,16699790,Aryanpal07,"2026-08-16 12:28:53",238.0,1,aryanpal07
9247,16664157,"Runjie Zhu","2026-08-10 11:49:13",237.5,1,damiendesolei
9248,16724512,"Diw Gupta","2026-08-21 13:45:51",237.3,1,diwgupta
9249,16667063,"Amiksha S","2026-08-09 15:16:49",237.3,1,amikshas
9250,16666553,DevChheda26,"2026-08-05 09:53:22",237.2,1,devchheda26
9251,16625775,liubingxin205,"2026-08-15 06:29:40",236.9,2,"hongjuw,liubingxin205"
9252,16654853,"Saketh Rao","2026-08-03 21:43:14",236.5,1,sakethrao
9253,16681959,"shun takinami","2026-08-07 05:43:47",236.4,1,shuntakinami
9254,16831820,"Raihan Saladin","2026-09-12 17:21:34",236.4,2,raihansaladin
9255,16729884,"Chaimaa Matrag","2026-09-05 19:51:34",236.4,2,chaimaamatrag
9256,16654318,"Aryan Raj Ayush","2026-08-23 08:34:14",236.1,1,aryanrajayush
9257,16661231,"R Ajay Kumar12","2026-08-04 14:12:11",236.0,1,rajaykumar12
9258,16811524,PeiyuQian,"2026-09-11 16:00:55",235.8,2,peiyuqian
9259,16750526,"Marcel Biezunski","2026-09-05 16:44:52",235.8,1,marcelbiezunski
9260,16655159,"Marcel Relaford","2026-08-13 01:26:26",235.6,1,marcelrelaford
9261,16663945,anyasri,"2026-09-22 18:19:28",235.3,2,anyasri
9262,16711673,losingself,"2026-08-12 09:07:45",235.3,1,level14taken
9263,16685128,"Rohan Hake","2026-08-10 12:48:36",235.1,2,rohanhake
9264,16623823,"Julieta Rubis","2026-07-31 04:45:53",235.0,2,julietarubis
9265,16669346,"Jalpesh Vasa","2026-09-24 19:02:56",234.9,2,"deep1812,jalpeshvasa"
9266,16739908,"Asfam Parvez Kawser","2026-09-10 09:42:54",234.8,2,asfamparvezkawser
9267,16656692,"kinza aftab 714","2026-08-04 05:43:51",234.7,2,kinzaaftab714
9268,16782525,"Ashish Mittal","2026-08-28 05:27:46",234.6,2,ashish1502g
9269,16712844,"ray hengbo","2026-09-01 03:35:31",234.5,1,rayhengbo
9270,16659703,"Ananya #2","2026-08-04 12:00:26",234.3,1,ananyax8
9271,16627717,da_pond,"2026-07-31 08:33:57",234.2,1,dapond
9272,16942073,nagissan,"2026-09-22 14:10:52",234.0,2,nagissan
9273,16740800,"Shiva Sai","2026-08-19 03:54:27",233.9,1,shivasai846
9274,16712979,"Yusuke Tsukuda","2026-08-12 14:58:39",233.8,1,yusuketsukuda
9275,16932531,"Ankur Agarwal","2026-09-20 22:56:55",233.6,1,ankur98
9276,16767173,AgriNexus,"2026-09-12 12:58:54",233.6,2,rashmirajput0102
9277,16635098,"Charvi Upreti","2026-08-15 05:43:59",233.5,1,charviupreti
9278,16691583,Caleb,"2026-08-09 14:32:52",233.5,2,collev
9279,16663191,"Arnav Anand","2026-08-04 19:53:08",233.2,1,arnavair27
9280,16689933,"Anjali Shah","2026-08-17 09:30:28",232.7,2,anjalishah0306
9281,16659374,"[Deleted] 8f7327b9-2576-439b-bd6e-3f5fde366ebe","2026-08-04 10:12:44",232.4,1,del=8b215115eb53cbc1
9282,16691322,"Anita rai98765","2026-08-16 19:05:43",232.1,2,anitarai98765
9283,16659387,dharssshiniii,"2026-08-04 09:48:15",232.1,1,dharssshiniii
9284,16666574,"hrishit prakash","2026-08-05 13:26:37",231.9,2,hrishitprakash
9285,16658761,!Aman212,"2026-08-04 12:10:28",231.9,2,aman9142424
9286,16771048,"Aditya Pawar","2026-08-25 16:55:04",230.3,1,aditya22102001
9287,16654067,DataForge,"2026-08-05 10:19:25",230.3,2,"chanduchandini,goriparthiramatulasi,srilakshmipanitini,suryachakradhar"
9288,16768456,清水一希,"2026-09-21 10:57:30",230.2,2,kazukishimizu0427
9289,16941661,Parthasaradhy,"2026-09-22 16:02:49",229.9,2,parthasaradhy
9290,16621290,"Muhammad Ahsan","2026-07-30 17:35:00",229.6,2,ahsanneural
9291,16667550,"Oseni Sakariyau Oluwadamilare ","2026-08-23 10:05:56",229.5,2,sakabambam
9292,16655813,minerppdy,"2026-08-04 06:06:58",229.5,1,minerppdy
9293,16653941,"Sachin Kumar Kushwaha","2026-08-11 08:45:11",229.4,2,sachinkumarkushwaha
9294,16673369,Frame,"2026-08-06 07:59:47",229.4,1,rainorwang
9295,16654314,Mahamudul_Hassan_8012,"2026-08-03 18:33:07",229.1,2,mahamudulhassan8012
9296,16728152,"Kenji Tai","2026-08-16 18:27:33",229.0,2,kenjitai
9297,16708480,"Omar M.Moustafa","2026-08-11 18:55:58",228.7,2,omarmmoustafa
9298,16687891,qklent,"2026-08-09 19:44:12",228.6,1,qklent
9299,16809006,Ilya,"2026-09-02 13:23:05",228.0,1,zhukov
9300,16779857,0x74,"2026-09-03 14:03:17",227.6,1,i0x74i
9301,16723075,"Cauã Freitas","2026-08-28 17:35:54",227.6,1,cauafreitas
9302,16644210,"حسنين ساجد","2026-08-07 22:08:44",227.4,2,kutghngf98687er
9303,16678355,"Tanuj Saxena","2026-08-07 10:10:24",227.2,2,tanujsaxena
9304,16667365,"leul dereje","2026-08-08 06:54:54",227.2,2,leuldereje
9305,16675104,"khwaja Moula'Ali","2026-08-06 11:30:49",227.0,1,khwajamoulaali
9306,16690286,imunderthetree,"2026-08-08 12:25:51",227.0,2,imunderthetree
9307,16937822,"Ehab Ibrahim Khalil Mohamed","2026-09-21 17:58:38",226.9,1,ehabkhalil0
9308,16653319,"Md. Rasel Meya","2026-08-06 14:42:18",226.9,2,raselmeya
9309,16714263,Lmfm24,"2026-08-12 20:38:01",226.8,2,lmfm24
9310,16654329,"Aby K Prakash","2026-09-17 17:04:51",226.5,1,abykprakash
9311,16861601,aliksey,"2026-09-11 17:22:46",226.5,2,aliksey
9312,16731278,"hayim lusthaus","2026-09-25 20:20:52",226.2,2,haimlust
9313,16675956,"Hassan Alghamoudi","2026-08-10 02:36:36",226.2,2,hassanabdulhafid
9314,16666512,RexHuang936,"2026-08-07 08:51:41",226.1,2,rexhuang936
9315,16798369,"Olabode James","2026-09-01 20:40:53",226.1,1,olabodejames
9316,16723467,"Vladas Verkelis","2026-08-15 14:23:42",225.6,1,vlaveris
9317,16698987,"Shree Ashok L","2026-09-01 05:16:16",225.4,2,"praneelbaskar,rishivarathan,santhoshkumarp24,shreeashok72"
9318,16725615,carside,"2026-08-29 04:49:31",225.4,1,carside118
9319,16663066,"Mithun Kore","2026-08-29 19:18:28",225.4,1,mithunkore
9320,16689364,"Udbhav Purwar","2026-08-11 10:12:00",225.3,1,udbhavpurwar
9321,16850036,Sumzali083,"2026-09-07 19:23:11",225.2,1,sumzali083
9322,16662048,"Deekshitha Prabhakar","2026-08-06 18:15:45",224.9,2,deekshithaprabhakar
9323,16668032,pat999,"2026-08-08 08:30:58",224.7,2,pat999
9324,16680521,"Luis Enrique Dalmau","2026-09-04 09:45:18",224.5,2,luisenriquedalmau
9325,16665701,ManuelWick-Eckl,"2026-08-27 16:01:18",224.0,2,manuelw
9326,16725537,"Ayan Bashir Sheikh","2026-08-15 18:02:07",223.9,2,ayanbashirsheikh
9327,16656900,Hxrsh09,"2026-08-10 14:39:46",223.7,2,hxrsh09
9328,16667684,"Tim Neale","2026-08-06 13:01:12",223.6,1,timothyjneale
9329,16635610,JeffFosterUK,"2026-08-01 17:16:52",223.2,2,jefffosteruk
9330,16928100,babakara,"2026-09-24 08:37:28",223.0,2,babakara
9331,16658567,"Sharif Mohamed (1)","2026-08-04 13:16:47",222.8,1,sharifmohamed1
9332,16684908,"Nidal Saleh","2026-08-08 14:08:20",222.8,2,nidalsaleh
9333,16655292,"Ingrid Fellah","2026-08-04 06:31:35",222.5,2,ingvor
9334,16701138,superpig,"2026-08-19 09:43:31",222.4,1,geniussuperpig
9335,16660291,"Abhijit Rajkumar","2026-08-04 13:27:44",222.2,2,abhijitrajkumar
9336,16716407,"Ibrahim Adamu Anka","2026-08-13 09:01:38",221.7,2,ibrahimadamuanka
9337,16666383,"Sindhi Vishal","2026-08-14 10:46:32",221.5,2,sindhivishal
9338,16690494,StevenBeyen,"2026-08-13 07:55:32",221.4,2,beyensteven
9339,16659900,"Abu Bakr","2026-08-04 18:30:29",221.3,2,mohamed32010
9340,16906790,"Jean-Luc Hayes","2026-09-21 10:21:36",221.3,1,kingjuc
9341,16658644,"Hitarth Pandey","2026-08-09 03:04:42",221.0,1,hitarthpandey
9342,16762459,GNR_network,"2026-08-23 13:59:19",220.9,1,gnrnetwork
9343,16711840,OverfitMilkCake,"2026-08-13 06:36:21",220.8,1,overfitmilkcake
9344,16680789,Marouane,"2026-08-15 02:41:18",220.4,2,marouanealahyane
9345,16661810,AGNES33,"2026-08-16 19:09:18",220.2,2,agnes33
9346,16931407,"Marcel S","2026-09-22 16:50:57",220.2,1,marcel78
9347,16921430,"Vaibhav Nhayade","2026-09-20 06:49:01",220.0,1,nhayadevaibhav
9348,16663525,"Eric Hilary Smith","2026-09-22 16:36:18",219.6,2,erichilarysmith
9349,16632795,"vishwottam kudekar","2026-08-05 18:19:02",219.4,1,vishwottamkudekar
9350,16777986,小雨姑娘,"2026-08-27 21:51:19",219.4,2,skewcy
9351,16623099,"Bovard Doerschuk-Tiberi","2026-07-30 21:04:23",219.3,1,bovard
9352,16656633,N25H03A1028,"2026-08-05 05:18:45",219.1,1,pardhusadhu
9353,16731838,"zhexun Liu","2026-09-20 01:03:46",218.9,2,zhexunliu
9354,16623846,"masatoshi hiraki","2026-07-31 07:52:39",218.6,2,masatoshihiraki
9355,16655762,"Idrisse Moundhir","2026-09-05 08:21:45",218.6,1,idrissemoundhir
9356,16698886,pied_piper,"2026-08-10 14:11:15",217.6,2,ahanhalder
9357,16778545,Mizunooo,"2026-09-10 10:16:12",217.1,2,mizunooo
9358,16660309,"Hazem Mahmoud Elsayd","2026-08-04 16:34:31",216.8,2,hazemmahmoudelsaid
9359,16675428,"Farhan Khairullah","2026-08-09 16:22:00",216.6,2,farhankhairullah06
9360,16845903,"Tsubasa Hizono","2026-09-07 05:47:46",216.2,2,tsubasahizono
9361,16750285,LeEmperor,"2026-08-22 04:36:18",215.9,2,leemperor
9362,16659910,"Shraddha Kumbhar","2026-08-07 09:55:58",215.8,2,raj113
9363,16662603,"Shem Gikunda","2026-08-06 17:24:48",215.6,1,shemgikunda
9364,16948168,"Анна Кондратенко","2026-09-23 16:03:20",215.3,2,"anetka2006,serhiibarsul"
9365,16645300,szyulian,"2026-08-04 04:42:36",215.2,1,szyulian
9366,16913778,"Ugwushi Chijioke","2026-09-17 12:30:36",214.9,2,ugwushichijioke
9367,16668024,"Igor Burkov","2026-08-07 04:35:37",214.8,2,igorburkov
9368,16723404,"Mahdi Al Hajji","2026-08-20 02:13:12",214.5,2,mhh1430hacker
9369,16760920,"Román Eliezer Pérez Ríos","2026-08-31 18:07:43",214.5,2,perezrios
9370,16784360,"Suraj Kumar","2026-09-08 10:20:42",214.3,2,suraj99km
9371,16688190,"Win M","2026-08-08 00:28:18",214.2,1,winmet
9372,16948529,"Daria Liubarets","2026-09-23 16:33:49",214.2,1,dariisss
9373,16654256,"KONGARA PRASANTH","2026-08-04 03:40:27",214.1,2,prasanth2008
9374,16663658,oriolgalceran,"2026-09-16 05:10:58",213.8,2,oriolgalceran
9375,16684891,SARTHAK,"2026-08-14 19:07:26",213.8,1,s4rth4k01
9376,16748882,gsv,"2026-08-20 16:13:45",213.6,1,ram1o1
9377,16659572,"ABHILASH PRAHARAJ","2026-08-04 11:24:21",212.7,1,abhilashpraharaj
9378,16903922,"Lim Ba Su","2026-09-20 04:22:33",212.7,2,limbasu
9379,16867344,"shayan yadegaridehkordi","2026-09-12 17:05:44",212.4,1,shayanyadegari32
9380,16745293,Harvey,"2026-08-22 04:20:10",212.1,2,celestia0113
9381,16895191,"Oluwatobi Ojekanmi","2026-09-16 12:53:27",212.1,2,oluwatobiojekanmi
9382,16659283,"DILEEP POTHULA","2026-08-08 06:43:15",211.8,2,dileeppothula
9383,16717586,wangjialu2333,"2026-08-15 09:29:36",211.5,1,wangjialu2333
9384,16687337,"sravani kamjula","2026-08-07 19:38:39",211.2,2,sravanikamjula
9385,16624000,Leneen,"2026-08-31 16:02:47",210.8,1,leneen
9386,16942701,"Tasmin Ara Chowdhury","2026-09-25 19:36:54",210.5,2,tasminarachowdhury
9387,16668506,"Louie Tang","2026-08-08 06:56:52",210.1,2,louietang
9388,16892144,"Ruichen Yin","2026-09-17 16:10:38",210.1,2,superaier
9389,16639692,"Nirmal Patel","2026-08-06 03:05:27",209.6,2,nirmalpatel02
9390,16632724,"Sayan Dutta","2026-08-04 07:47:42",209.3,1,sayan1507
9391,16666027,CropBOTS,"2026-08-13 16:12:42",209.1,2,"anshultickoo,itsmepooja,manuakumar,sapnajain115"
9392,16863892,brunoarpa,"2026-09-10 02:43:09",209.0,1,brunoarpa
9393,16794720,"paola hernandez55","2026-08-31 04:19:31",208.5,1,paolahernandez55
9394,16700832,Blitz,"2026-08-10 11:37:18",208.4,1,premshinde
9395,16735735,Rishabh@1304,"2026-09-12 10:08:51",208.2,2,rishabh1304
9396,16891082,"surya prakash Nayak2","2026-09-14 10:56:23",208.1,1,suryaprakashnayak2
9397,16655786,leavts,"2026-08-04 02:35:50",207.9,1,leavts
9398,16697020,"Hossam elden Mohamed","2026-08-15 01:13:51",207.5,2,hossameldenmohamed
9399,16674093,"Hoàng Trần Đặng Minh","2026-08-06 08:54:38",207.4,1,hongtrnngminh
9400,16682051,"Noorjahan Siddiqui","2026-08-10 09:33:35",207.4,2,noorjahansiddiqui
9401,16903793,"Zhongkai Shangguan","2026-09-25 23:44:13",207.1,2,leonshangguan
9402,16661689,"David Rao","2026-08-04 18:27:01",207.0,1,davidrao63
9403,16866478,aktk,"2026-09-10 16:43:56",206.6,2,aniltk
9404,16717555,"Mariem GLIOUEZ","2026-09-10 15:21:07",206.5,1,mariemgliouez
9405,16710929,"Pooja Divekar","2026-08-16 08:22:48",206.3,1,poojadivekar123
9406,16749225,"Hisyam Prasetyo","2026-08-27 11:26:07",205.8,2,hisyamprasetyo
9407,16633342,farm75,"2026-08-03 14:03:14",205.1,2,sakthi75
9408,16760392,Владимир,"2026-08-23 00:19:23",204.8,1,vgkuvshinov
9409,16660930,"Chung Ching Yeh","2026-08-04 14:44:34",204.5,2,chungchingyeh
9410,16664116,"Bogdan Sburlea","2026-09-25 16:29:46",204.2,2,bogdan1405
9411,16762162,"Shota Hirao","2026-08-23 12:34:05",203.9,1,shotahirao
9412,16743329,"Daniel Obioma emenike","2026-09-11 12:32:22",203.9,2,danielobiomaemenike
9413,16706557,"Nurullah Gundogdu","2026-08-11 17:52:07",203.5,2,nurullahgundogdu
9414,16744545,"Aditya Kumar Singh 013","2026-08-19 18:45:42",203.5,1,adityakumarsingh013
9415,16653906,swaroop41,"2026-08-04 05:53:29",203.3,2,swaroop41
9416,16895750,"charles Ndemo","2026-09-23 23:20:39",203.2,2,charlesndemo
9417,16685568,Secertive,"2026-08-08 17:59:52",202.9,1,secretiveplotter1863
9418,16623274,Mhmda81,"2026-08-03 00:10:04",202.9,2,mhmda81
9419,16671342,"Danh Nguyen 1303","2026-08-09 14:47:52",202.7,1,danhnguyen1303
9420,16769069,"HAL's Kaggle Dojo","2026-09-23 12:07:37",202.5,1,kafein
9421,16663333,"Iago Moura e Moreira","2026-08-04 20:05:06",202.3,1,iagomouraemoreira
9422,16773557,"Rudra kalyan","2026-08-26 09:08:54",201.1,2,rk1144
9423,16831130,"Khushar Pal","2026-09-06 15:21:15",200.6,2,khusharpal
9424,16668379,dccgps,"2026-08-08 05:44:36",200.6,1,dccgps
9425,16840168,"gratefully dumb","2026-09-23 03:01:31",200.5,2,gratefullydumb
9426,16670747,"Aryan Kumar Chaudhary","2026-08-11 22:46:05",200.4,2,"aryankumarchaudhary,rakshitmundra"
9427,16658311,zkskhurram,"2026-08-05 07:59:40",200.4,2,zkskhurram
9428,16890196,hello518123,"2026-09-14 08:51:52",199.8,1,hello518123
9429,16672284,"Dhruv | AI/ML Engineer in Progress","2026-08-07 06:55:13",199.8,1,dhruvdipakchudasama
9430,16664315,happy_boy_2007,"2026-08-12 09:04:40",199.7,1,happyboy2007
9431,16639465,"Gabriel Aguiar Leao","2026-08-02 00:23:49",199.6,1,"gabrielaguiarleao,marcositta"
9432,16684237,Zen_0910,"2026-08-07 17:07:02",199.5,1,zendeptrai
9433,16877079,"Saptak Banerjee","2026-09-11 19:09:58",199.4,1,saptakbanerjee123
9434,16663910,"Shivram Nekkanti","2026-08-07 14:38:04",199.2,1,shivramnekkanti
9435,16859770,"Praful Tiwari1","2026-09-14 10:37:58",198.9,1,prafultiwari1
9436,16898240,jimmy5566,"2026-09-15 17:41:24",198.8,1,jimmy5566
9437,16744461,"Adiratna Kamble","2026-08-21 22:05:13",198.7,1,adiratnakamble
9438,16741239,"fjf 1asd","2026-08-19 08:46:31",198.4,1,fjf1asd
9439,16660749,"PavanK Saketh","2026-08-04 13:38:48",198.3,2,pavanksaketh
9440,16636540,"Burkova Nastia","2026-08-01 13:34:02",198.3,2,"burkovanastia,ellvalerie"
9441,16700992,Abhishek_1355,"2026-08-25 09:17:08",198.3,1,abhishek1355
9442,16663438,"Varun Prajapati","2026-08-08 21:54:54",198.0,2,"krunalasari,varun2206"
9443,16692652,"Harsith R","2026-08-08 20:26:56",197.9,1,chiefofpredicitions
9444,16663913,"Aanaa Kaliil","2026-08-05 15:15:31",197.6,2,aanaakaliil
9445,16668438,"Sahil Suman","2026-08-16 17:09:20",197.3,1,sahilmanavraunak
9446,16773358,yogeshgoudapatil,"2026-08-27 14:59:13",197.2,2,yogeshgoudapatil
9447,16656287,sandip_shaw123,"2026-08-05 10:02:07",196.9,1,sandipshaw123
9448,16657525,"Alae Lakhdar","2026-08-05 08:10:49",196.8,1,alaelakhdar
9449,16639615,rickzai,"2026-09-01 05:37:21",196.8,2,rickzai
9450,16716386,"Dev Marya","2026-08-13 09:26:18",196.7,1,devmarya
9451,16732342,"Viktor Antonov","2026-08-18 10:22:32",196.6,1,viktorantonov
9452,16681610,"team maccy","2026-08-07 20:27:06",196.4,1,robertgama
9453,16891711,"Michael Odoemelam1","2026-09-21 21:38:22",196.1,1,michaelodoemelam1
9454,16640914,inconnu,"2026-09-17 12:01:07",196.0,2,kajarnaklokossou
9455,16724325,Melancholian,"2026-08-15 06:43:12",196.0,1,kasaneru
9456,16734896,pattikamo,"2026-08-27 10:52:28",195.8,2,pattikamo
9457,16780411,K.Satwik,"2026-08-27 16:23:04",195.7,2,ksatwik3220
9458,16687514,Dark_1926,"2026-08-07 20:30:33",195.7,1,dark1926
9459,16841294,"Annu Rana1","2026-09-09 18:12:34",195.5,1,annurana1
9460,16676992,NIDHIHEER01,"2026-08-16 17:09:00",195.4,1,nidhiheer01
9461,16751141,DeadJed,"2026-08-26 11:10:40",195.4,2,deadjed
9462,16682689,HenryRichardson1,"2026-08-07 10:00:12",195.3,1,henryrichardson1
9463,16871895,"Sahil Raval","2026-09-15 10:57:48",194.8,1,sahilraval1311
9464,16915627,"Yash Pratap Singh","2026-09-17 14:59:02",194.8,1,yashpratapsingh10
9465,16838890,"Yisher Xia","2026-09-05 16:09:13",194.7,1,yisherxia
9466,16918569,"Ashee Softworks","2026-09-18 05:59:35",194.5,1,asheesoftworks
9467,16662353,"LAYAL ALNASHMI","2026-09-12 11:37:55",194.2,2,waitups
9468,16656196,"Vishwash Golakiya","2026-08-27 01:07:00",193.3,1,vishwashgolakiya
9469,16623131,"Liam Carrig Newsam","2026-08-04 00:00:03",192.5,1,liamcarrignewsam
9470,16657628,Hamo,"2026-08-07 12:00:21",192.3,2,mohamed2223
9471,16728249,"Ahmet Kiraz","2026-08-17 07:23:30",191.5,1,ahmetqiraz
9472,16823341,"Agnieszka Sobala","2026-09-03 20:15:55",191.1,1,agnieszkasobala
9473,16712395,"Zuohong Pan","2026-08-12 12:15:40",191.0,1,pshuaibi
9474,16727681,JanV123,"2026-09-06 05:37:07",190.3,2,janv123
9475,16885883,"Stepan Kobaidze","2026-09-16 18:12:28",190.3,2,stepankobaidze
9476,16654482,SarahShams,"2026-08-14 16:36:06",190.3,2,sarahshams
9477,16661252,"Andrzej Walczak","2026-08-05 09:46:19",189.8,2,andrzej1983
9478,16889852,"Abdikaliq osman","2026-09-16 00:48:05",189.5,2,abdikaliqosman
9479,16654827,"ADITYA KUMAR MISHRA","2026-08-03 20:07:22",188.9,1,aditya1kumarmishra
9480,16655482,Apoorv007,"2026-08-04 01:55:41",188.6,1,apoorv007
9481,16858512,lkjmo123,"2026-09-09 06:45:18",187.8,1,lkjmo123
9482,16811774,"Eduardo Hoffmann","2026-09-23 22:33:16",187.8,1,hoffmanna
9483,16654244,"Saad Nanawala","2026-08-03 18:17:33",187.7,1,saadnanawala
9484,16915181,snesne123,"2026-09-25 07:14:21",187.1,1,snesne123
9485,16769470,HaHHYbYY,"2026-08-26 07:52:33",187.1,1,hahhybyy
9486,16826118,shishuyang11,"2026-09-04 06:50:04",186.6,1,shishuyang11
9487,16752120,"Görkem Tuğ","2026-08-24 10:45:35",186.5,2,grkemtu
9488,16644360,Mathous,"2026-08-02 20:28:00",186.4,1,mathisdac
9489,16666414,salyamq,"2026-08-05 16:41:38",186.4,1,salyamq
9490,16658383,"SIVA S","2026-09-25 06:09:09",186.2,2,codingmaster24
9491,16807557,coolz,"2026-09-09 06:35:51",185.7,2,cooolz
9492,16677786,"[Deleted] aec7dc1f-59cb-486f-998a-d2407e297536","2026-08-26 13:39:08",185.3,2,del=0fde9ba2630fee3c
9493,16651507,jappanini,"2026-08-03 09:14:04",185.2,1,jappanini
9494,16723262,"Tiago OliveiraLL","2026-08-28 18:22:12",184.9,1,tiagooliveirall
9495,16665463,Seendon,"2026-08-06 19:19:25",184.8,2,informationminer
9496,16736759,"Lavesh Kadam","2026-08-18 10:55:05",184.8,1,laveshk314
9497,16669060,Twansss,"2026-08-15 04:37:59",184.4,2,twansss
9498,16702060,Mcusac,"2026-08-13 19:42:54",184.1,1,mcusac
9499,16860921,jayjayfff,"2026-09-10 01:25:36",183.8,2,jayjayfff
9500,16697628,"Yash Sharma","2026-08-17 15:33:32",183.7,2,yashsharma42
9501,16669473,"William Bickelmann","2026-08-05 17:47:13",183.5,1,williambickelmann
9502,16668048,"Gazi Sayem Uddin Samir","2026-08-05 14:29:51",182.9,2,gazisayemuddinsamir
9503,16869551,"Adrien ple","2026-09-11 12:48:34",182.7,2,adrienple
9504,16633003,"K Mukhiya ","2026-08-01 12:09:51",182.7,2,kmukhiya
9505,16679470,"GamaL Mahmoud","2026-08-08 13:33:52",182.4,2,gamalmahmoudtaha
9506,16696952,tronxz8,"2026-09-09 13:51:31",182.1,1,tronxz8
9507,16769114,angayoung,"2026-08-25 07:22:00",182.1,1,joaga0603
9508,16889817,"Om Patelxyz","2026-09-14 07:04:40",181.9,2,ompatelxyz
9509,16948144,"Muhammad Ali Amir","2026-09-23 15:36:25",180.4,1,malialice
9510,16773333,"Abdullah javed Javed","2026-09-05 03:13:57",180.0,2,abdullahjavedjaved
9511,16661494,"Arulmaniyan Rajavel","2026-08-22 13:46:58",180.0,2,arulmaniyanrajavel
9512,16666037,"Matheus Marques","2026-08-06 06:03:28",178.5,2,mathmarquesbr
9513,16922154,"Olaoluwa Osho","2026-09-20 21:35:07",177.5,2,olaoluwaosho
9514,16677328,"Eng. Husnain","2026-08-08 13:13:23",177.3,2,enghusnain
9515,16723065,"Kaio Castro","2026-09-25 14:32:09",177.1,2,kaiocastro
9516,16889278,"Ari Kurniawan92","2026-09-14 08:32:53",176.6,1,arikurniawan92
9517,16679713,"John william Vicente 🇧🇷","2026-08-07 00:38:57",176.1,1,chrollo079
9518,16656771,"thushara bandara","2026-08-07 04:13:43",174.9,2,dushyanthibandara
9519,16674881,"Saisree Dhanasekaran","2026-09-23 11:54:42",174.8,2,saisreedhanasekaran
9520,16667238,"Srija ganguluri","2026-08-07 10:14:48",174.5,1,srijaganguluri
9521,16685093,"Huzaifa Inam","2026-08-07 13:47:15",173.7,2,huzaifainam
9522,16936959,"Anthony Moorehead","2026-09-21 14:56:40",173.4,1,anthonymoorehead
9523,16663448,"Adel I.","2026-08-07 12:55:44",173.2,2,adelid
9524,16706134,NK11FC,"2026-08-25 11:30:00",172.8,2,nk11fc
9525,16915882,BandaruLakshmi1234,"2026-09-17 16:50:15",172.7,1,bandarulakshmi1234
9526,16912044,"[Deleted] 0b2c3d58-9494-483e-ad4c-1465b66166ca","2026-09-17 08:46:46",172.1,2,del=2e39a6893da554dc
9527,16664586,"Owen Lim","2026-08-05 05:42:25",171.9,2,owenlim45
9528,16656515,"Rushal Manandhar","2026-08-06 04:15:01",171.9,1,rushalmanandhar
9529,16881244,"Atharva Govind Salunke","2026-09-18 17:50:01",171.8,2,atharvagovindsalunke
9530,16693318,meow3301,"2026-08-09 02:33:34",171.6,2,meow3301
9531,16625043,"Ivan Litvak","2026-09-16 16:36:06",171.2,2,trydotatwo
9532,16652159,Boson328,"2026-08-04 10:06:13",171.2,1,boson328
9533,16759205,MartinaF95,"2026-09-22 12:55:32",171.0,1,martinaf95
9534,16748554,"victor lucas","2026-09-22 23:24:38",171.0,1,lucsxd
9535,16653462,"Ruchi Scott","2026-08-12 12:19:19",170.8,2,ruchiscott
9536,16713002,"Adithya M","2026-08-13 15:42:17",170.7,2,adithya3907
9537,16885565,"Shiva Rupan S","2026-09-13 11:19:14",170.6,1,shivarupan20me
9538,16697466,"hunain shahid","2026-08-11 06:12:38",170.0,2,hunainshahid230
9539,16688288,"Ojo Oluwadamilare","2026-08-08 01:43:30",169.4,2,ojooluwadamilare
9540,16662108,nhkien,"2026-08-05 06:52:18",169.3,2,nhkien
9541,16858886,twispur,"2026-09-09 07:38:09",168.7,1,twispur
9542,16680858,"Harshul Gupta","2026-08-21 04:40:05",168.6,2,harshulgupta77
9543,16657306,"Krunal Chavda","2026-08-07 21:38:11",168.4,2,krunalchavda21
9544,16756344,"Pasindu Perera","2026-08-21 19:21:11",167.8,1,amavinperera
9545,16690195,"Manshi Shukla","2026-08-08 10:12:24",167.7,2,manshishukla
9546,16887039,"Angella Semu","2026-09-21 15:26:56",167.3,2,angellasemu
9547,16886819,"Rebecca Shirievo","2026-09-16 17:29:07",167.2,2,rebeccashirievo
9548,16660285,"Sawan Kohli","2026-08-06 13:11:44",166.8,2,sawankohli
9549,16795043,"SONU RAUT","2026-09-05 11:51:59",166.7,2,sonuraut
9550,16810780,prachi.icy,"2026-09-23 13:29:25",166.4,2,prachinikalje
9551,16662269,"KAMLESH KUMAR POKHARNA","2026-08-06 17:25:51",166.2,2,kamleshkumarpokharna
9552,16851731,"Amar 5454","2026-09-14 10:28:42",166.2,2,amar5454
9553,16843225,"Tobenna Okeke","2026-09-06 12:09:22",166.1,2,tobezzi
9554,16861721,"SJ Gamsyy","2026-09-11 09:40:23",166.1,2,sjgamsyy
9555,16793648,Sarda___,"2026-08-30 16:51:21",165.7,2,brainnotfound3
9556,16768568,Nour102006,"2026-08-27 04:46:00",165.6,2,nour102006
9557,16660146,4Solver,"2026-08-08 02:06:19",165.5,2,msfbiolinhares
9558,16681895,Akshar,"2026-08-07 06:16:19",165.3,2,aks0625
9559,16730380,"FOKRUL ISLAM LECTURER","2026-08-19 01:56:28",165.0,2,fokrulislamlecturer
9560,16709957,"Lei Gao","2026-08-12 04:03:42",164.9,1,leigao31
9561,16662933,"Marcelo Pereira","2026-08-19 01:14:40",164.8,2,marcekkusrp
9562,16662630,"M.mohamed Muhasir","2026-08-05 18:25:39",164.6,2,mmohamedmuhasir
9563,16792786,"Fusion Flux","2026-09-20 13:49:10",164.4,2,mithilleshkumar
9564,16712562,"Sagar Singh","2026-08-17 09:28:26",164.2,2,acrejzz
9565,16630041,"Devi prashad tripathi","2026-08-03 17:56:58",163.9,1,deviprashadtripathi
9566,16657578,raushancoursework,"2026-08-05 06:54:51",163.8,1,raushancoursework
9567,16669142,"Jaclyn Agee","2026-08-07 15:21:06",163.7,2,jaclynagee
9568,16797105,"Rahul vats","2026-09-25 02:06:31",163.6,2,rahulvats20
9569,16883962,"Ilakk manoharan","2026-09-26 01:23:09",163.3,2,ilakkmanoharan
9570,16722089,"Saidjon Ramazonov","2026-08-16 05:51:50",163.2,2,saidjonramazonov
9571,16635248,eosphor,"2026-08-01 09:46:59",163.1,2,eosphor
9572,16752481,"Thanh Toan","2026-08-21 08:33:13",163.1,2,tonnglthnh
9573,16658362,MHaurel,"2026-08-09 15:32:45",163.0,1,hetax17
9574,16668018,"DAVID CHEW HL","2026-08-06 06:36:34",162.8,2,davidchewhl
9575,16660978,"Maksym Khavil","2026-08-04 13:43:48",162.6,1,maksymkhavil
9576,16881320,allen17179869184,"2026-09-19 13:17:49",162.4,2,allen17179869184
9577,16872073,"Positive Quark","2026-09-18 13:51:27",162.4,2,quarkliu
9578,16690433,"Amar Amar Gupta","2026-08-15 10:08:37",162.2,2,amaramargupta
9579,16658969,"Yuri Maslov","2026-08-04 10:11:45",162.1,1,yurimaslov
9580,16686834,Kaabbil,"2026-08-09 16:14:49",161.8,2,"dr3aking,kaabbil"
9581,16756868,"Anisha Maurya","2026-09-05 19:29:41",161.8,2,anishamaurya
9582,16683903,Saju,"2026-08-17 11:31:45",161.1,1,sajutr
9583,16807010,cjsrudals,"2026-09-13 08:33:47",160.8,2,cjsrudals
9584,16632418,"Bretokce 3amich","2026-08-07 12:18:26",160.8,2,bretokce3amich
9585,16793392,"reda elkrouchni","2026-09-02 16:16:05",160.6,2,redaelkrouchni2
9586,16715354,"Alyssa Clark","2026-08-14 02:52:26",160.6,2,a1yssaclark
9587,16811685,benhur0905,"2026-09-25 23:59:07",160.5,2,benhur0905
9588,16681056,"Aryan Jhingan","2026-08-11 18:53:48",160.5,2,aryanjhingan
9589,16658693,leehuilong,"2026-08-06 12:49:22",160.1,2,leehuilong
9590,16714589,xinsu9898,"2026-08-16 22:26:49",160.0,1,xinsu9898
9591,16658401,"Aryan Lonare","2026-08-04 09:55:47",159.9,2,aryandyalullonare
9592,16686902,"Aaditya Jain","2026-09-14 06:22:21",159.8,2,aadityajain2312
9593,16756887,"Rushika S","2026-09-13 12:26:14",159.5,1,rushikas
9594,16737641,"PATIL ATHARV VIJAYKUMAR","2026-09-07 05:35:17",159.5,2,"atharv095022,patilsarthakvilas,sonuretusharsuresh"
9595,16677081,"Brandon Gaston","2026-08-12 23:49:58",159.4,1,mushmon
9596,16633551,"Subarno Sen","2026-08-25 04:42:35",159.3,2,lordfiftyfive
9597,16671827,"Shourya Gupta","2026-09-25 16:16:36",159.3,2,siriuspotter
9598,16692568,"Muhammed Gulfam Toor","2026-08-13 19:04:32",159.2,2,gultoor
9599,16657344,"Ombayo fredrick","2026-08-04 14:04:04",158.6,2,ombayofredrick
9600,16629441,Sofia_Gilka,"2026-09-18 14:41:35",158.5,2,sofiagilka
9601,16945119,Logicolist,"2026-09-23 13:03:16",158.4,1,logicolist
9602,16701997,zran1t,"2026-08-15 14:10:18",158.3,2,zran1t
9603,16780986,Azizbek,"2026-09-01 14:26:45",158.1,2,miracle88
9604,16670462,"Talha Kayar","2026-08-15 15:24:03",158.0,2,talhakayar
9605,16802348,Shergill_17,"2026-09-01 11:17:15",157.9,2,shergill17
9606,16654098,"Mohd Zaki","2026-08-26 01:46:45",157.4,2,mdzaki08
9607,16864193,"[Deleted] b3063c6b-024a-4ece-902e-6edde232fe9f","2026-09-10 06:27:50",157.3,2,del=d26e59586a26ce18
9608,16893966,"Nguyễn Thái Duy","2026-09-15 08:12:14",157.3,1,nguyenthaiduytgu
9609,16674390,yangluo1,"2026-08-08 01:31:08",157.3,2,yangluo1
9610,16664875,SaiSujitPunukollu,"2026-08-05 05:46:11",157.1,1,saisujitpunukollu
9611,16785085,"THEEPAN S.S","2026-08-28 16:35:39",156.9,2,theepanss
9612,16712568,"Tanvi Dobariya","2026-08-14 17:39:52",156.8,1,tanvidobariya
9613,16674774,"Dine ALASSANE","2026-08-07 05:53:28",156.7,2,dinealassane
9614,16875898,"Sai Krishna Pakkir","2026-09-11 17:30:49",156.7,2,saikrishnapakkir
9615,16698307,AnasAl7,"2026-08-10 13:08:08",156.7,2,anasal7
9616,16634761,"CHARHBILI Moad","2026-08-07 13:44:23",156.6,1,charhbilimoad
9617,16913975,"Tom Dooley","2026-09-17 11:48:20",156.5,2,tomdooley123
9618,16630725,"vaibhav vyas","2026-08-06 10:56:52",156.5,2,vaibhavvyas0
9619,16802035,"sanchit atre","2026-09-01 09:31:07",156.4,2,sanchitatre
9620,16658033,"sanjay Ghalagi","2026-08-27 15:29:34",156.4,2,sanjayghalagi
9621,16769419,dylanaki,"2026-09-23 14:48:32",156.4,2,dylanaki
9622,16656278,"Bhuvaneshwari Rebba","2026-08-04 09:20:36",156.4,1,bhuvaneshwarirebba
9623,16697143,"Jeisa Mathew","2026-09-06 13:04:00",156.3,2,jeisamathew
9624,16672322,"khalil ur Rehman","2026-08-13 05:10:03",156.1,2,khalilurehman
9625,16729010,"karan sankhe","2026-08-16 15:15:45",156.0,2,karansankhe1356
9626,16658522,"Amna khanii23","2026-08-07 05:15:47",155.5,2,amnakhanii23
9627,16623563,"Jocelyn Dumlao","2026-09-01 02:35:54",155.1,2,jocelyndumlao
9628,16657227,"Anusha Marla","2026-08-04 07:05:53",155.1,2,anushamarla
9629,16724995,dice1494,"2026-08-16 08:51:34",155.0,1,dice1494
9630,16882682,"BALQEES GHWANMEH","2026-09-18 20:24:43",154.7,2,balqeesghwanmeh
9631,16791131,"Maria Carolina BRAY","2026-09-25 19:52:06",154.6,2,mariacarolinabray
9632,16718605,"صفاء عبد الرقيب","2026-09-06 19:27:10",154.5,2,bssgirl
9633,16700771,"Disuru Coba Ama Jaki","2026-09-20 16:44:11",154.5,2,reiiihel
9634,16670662,"Gina Lee","2026-08-11 22:45:21",154.5,2,ginaleegdm
9635,16690199,"Lavkush Yadav","2026-08-08 10:20:55",154.2,1,lavkushyadavcse
9636,16907555,"Pandidurai E","2026-09-17 16:08:13",154.1,2,pandiduraie
9637,16750391,"Batuhan Yerebasmaz","2026-08-20 18:34:21",154.0,2,batuhanyerebasmaz
9638,16705360,Elahi,"2026-08-18 05:49:00",153.9,2,mmelahi
9639,16656164,"Justin Schomer","2026-08-09 09:05:59",153.7,2,fathersecurity
9640,16729148,"Marco M","2026-08-16 22:51:36",153.5,1,marcoms1000
9641,16664458,"Prantik Chandra","2026-08-05 05:47:10",153.4,1,prantikchandra
9642,16629426,"Abdullah Qureshi","2026-07-31 10:00:44",153.2,2,abdullahqureshi120
9643,16640468,"Sohangkumar Patel","2026-08-26 15:00:44",153.1,2,samsamurai
9644,16920156,RoboSAL,"2026-09-25 09:07:10",153.0,2,salouaouarhlent
9645,16662859,"Mohamed Zahran","2026-08-05 04:41:56",152.8,1,zrnking2012
9646,16785398,"Vitória Freitas","2026-08-28 20:07:12",152.8,1,vitoriafreitas13
9647,16725990,"Parth Tomar","2026-08-24 12:35:45",152.8,2,parthtomar193
9648,16743630,TRP,"2026-09-01 17:06:48",152.8,2,tejratanpaulrocky
9649,16715896,新木,"2026-08-18 05:25:46",152.7,1,sunchief
9650,16661500,"yagnit sutariya","2026-08-04 15:34:39",152.5,1,yagnitsutariya
9651,16657892,"Boonanan namna","2026-08-17 04:36:04",152.4,1,boonanannamna
9652,16738778,"DILIP BAVISKAR","2026-09-13 09:12:49",152.4,2,dilipbdilipb
9653,16740144,Salmon,"2026-08-21 12:55:13",152.3,2,shin3110
9654,16670777,"Aman Yitbark","2026-08-13 05:43:27",152.3,1,amanyitbark
9655,16756875,"Meryem Kevser Keskin","2026-09-01 21:30:35",152.2,2,meryemkevserkeskin
9656,16701106,moshito,"2026-08-10 14:13:58",152.2,2,"danamaulana123,moshito,naufaldhiaulhaq01"
9657,16663265,"Darlington Ayakazi","2026-08-04 20:26:08",152.1,1,darlingtonayakazi
9658,16721941,"Rita Ohabuenyi","2026-08-14 12:57:37",152.0,2,ritaohabuenyi
9659,16690188,Anurag,"2026-08-08 10:20:42",151.6,2,kumaranu2007
9660,16656210,"Sanjay Suthraye","2026-08-04 14:55:13",151.3,2,sanjaysuthraye96
9661,16757671,xxxxc47,"2026-08-22 08:25:52",151.1,1,xxxxc47
9662,16690112,"Ayush Tripathi","2026-08-17 09:03:03",151.0,2,ayushtripathi112
9663,16658440,"Gloria Lourelynn S","2026-08-04 15:16:09",150.9,1,glorialourelynn
9664,16656954,"Marwan Elmetwally","2026-08-04 05:56:29",150.4,2,marwanelmetwally
9665,16717600,"Collistus Kibe","2026-08-21 22:13:38",150.2,2,collistuskibe
9666,16707062,"G DOLANARASIMHA","2026-08-11 12:18:02",150.1,2,gdolanarasimha
9667,16709468,"Andrey Chankin","2026-09-25 20:33:49",149.9,2,bluepill
9668,16659929,"MAMADOU LY (LY BOUSSO 45)","2026-08-13 11:43:25",149.8,2,mamadoulylybousso45
9669,16777407,"Fahrur Rozzi","2026-08-26 23:01:52",149.7,1,frozzi18
9670,16658635,"Deepak Kumar ","2026-08-05 02:38:29",149.7,2,deepak2026ml
9671,16654124,"Aditya Kumar Singh","2026-08-05 09:57:29",149.6,2,adityq121608
9672,16713329,qrcodeTH,"2026-08-13 08:22:40",149.6,2,thanaphumsaywonin
9673,16784932,"Shefali Pradhan","2026-08-29 10:03:30",149.5,2,shefalipradhan
9674,16677403,bababoy,"2026-08-15 14:55:17",149.2,2,adrienrenard
9675,16659036,"Mohammed Kaif","2026-08-04 10:41:22",148.9,2,mkaif001
9676,16663334,"sameer mughal","2026-08-29 20:12:57",148.8,2,sameermughal109
9677,16697339,"Muhammad Safwan Ahmad Saffi","2026-08-15 00:28:21",148.8,2,safwanahmadsaffi
9678,16655573,"Probablyaphilosopher ","2026-08-16 00:01:40",148.8,2,probablyaphilosopher
9679,16667886,"Ubaid ur rehman 0345","2026-08-05 15:23:12",148.8,2,ubaidurrehman0345
9680,16671232,"sms tcil","2026-08-07 13:03:30",148.7,1,smstcil
9681,16665223,"Sawon Mitra","2026-09-06 17:13:28",148.3,2,sawonmitra
9682,16691502,"DILANE FOGUE KAMGA","2026-08-08 15:20:05",148.0,1,dilanekamga
9683,16668495,Herisitraka,"2026-08-05 17:16:28",147.9,2,herisitraka
9684,16854169,"[Deleted] fe7af88d-d80f-4441-a8c5-3cca6b980e41","2026-09-09 12:41:02",147.9,2,del=0749851e202390c3
9685,16662803,"Ashish Gawade","2026-08-04 19:11:19",147.5,2,ashishgawade
9686,16713896,"Quantum Fusion","2026-08-14 12:12:34",147.5,1,gugurobotics
9687,16659271,Hamish,"2026-08-12 12:48:51",147.4,2,hamishdickson
9688,16683577,"Ankush Kumar M","2026-08-07 13:19:05",147.2,2,ankushkumarm
9689,16832928,"Ilgar Gurbanov","2026-09-10 12:41:23",147.1,2,ilgargurbanov57
9690,16775493,"JOE DEVA JERRY D ","2026-08-26 15:41:55",147.1,1,joedevajerryd
9691,16667968,ChronosData,"2026-08-18 14:25:43",147.0,2,codex5843
9692,16934489,Anushahs2026,"2026-09-21 08:28:06",147.0,2,anushahs2026
9693,16667231,bettsy,"2026-08-05 12:12:35",147.0,2,bettsy
9694,16662662,"Joaquim Jose1","2026-08-04 17:57:03",146.9,1,joaquimjose1
9695,16657462,"CROP CODERS","2026-08-10 18:00:28",146.7,2,"dhanvanthraj,raghavan9944,shanmugam666,sitha2345,sumaiyahibrahim"
9696,16688165,"David @ Koantek","2026-08-25 23:53:17",146.4,2,artificialbrilliance
9697,16632111,"Arda Çiftçi","2026-08-04 20:03:37",146.0,2,ardaciftci
9698,16784431,"Régis Meyssonnier","2026-08-28 14:47:27",145.9,1,rgismeyssonnier
9699,16814946,"Bekama Regasa Negewo","2026-09-03 07:30:36",145.8,1,bekamaregasanegewo
9700,16680419,"Tech Changer","2026-08-17 12:31:58",145.8,1,johnbibin
9701,16654384,"Alladi Sai Kalyan Raman 24BCE1509","2026-08-30 09:33:11",145.8,2,alladisaikalyanraman
9702,16913466,abc1zzz,"2026-09-25 09:06:00",145.6,2,abc1zzz
9703,16662099,"The Algorithmist","2026-08-04 23:41:59",145.5,2,riyagheewala
9704,16881665,"Negar Hassantabar","2026-09-26 01:46:26",145.4,2,negarhassantabar
9705,16662557,"Naman Sudershan","2026-08-05 13:21:08",145.1,2,namansudershan
9706,16621770,"Rudraksh Zodage","2026-07-30 20:07:49",145.0,2,rudrakshzodage
9707,16841612,"Jordan #2","2026-09-10 16:51:25",145.0,2,jordantay
9708,16661447,"Sibel Özbek","2026-08-04 20:50:27",145.0,1,sibelzbek
9709,16676026,"Bedashree Swarupa Das","2026-08-06 14:14:21",144.8,1,ashokkumardasbedashr
9710,16641277,Zenieverse,"2026-08-30 05:09:04",144.7,2,zenieverse
9711,16728897,kaba777,"2026-09-26 01:48:16",144.4,2,kaba777
9712,16789570,wyananwyanan,"2026-09-16 03:05:19",144.1,2,wyananwyanan
9713,16625029,Hilarus,"2026-08-01 15:59:02",143.7,2,hilagbag
9714,16658577,farmercode261,"2026-09-12 03:26:38",143.7,2,hifnikhakim
9715,16669311,Schoki,"2026-08-17 22:26:49",142.9,2,jensdnisch
9716,16660342,"Adapa Gopireddy","2026-08-04 12:49:43",142.8,1,adapagopireddy
9717,16777923,Sho,"2026-09-26 00:51:42",142.7,2,shoito08190904
9718,16777666,Lithops1112,"2026-09-05 08:20:21",142.4,2,lithops1112
9719,16748453,LINJINYAN,"2026-09-06 14:25:23",142.4,2,linjinyan
9720,16654556,anjipoo,"2026-08-05 15:33:04",141.8,2,anjana0812
9721,16660494,"Hòa Phùng Ngọc GIa","2026-09-22 08:11:18",140.2,2,haphngngcgia
9722,16902494,FoodieJam,"2026-09-21 01:38:58",139.9,2,foodiejam
9723,16756264,query_stop,"2026-08-27 00:24:14",139.8,2,jaared
9724,16772354,"Gleidistony Mendes","2026-09-18 12:01:25",139.1,2,gleidistonymendes
9725,16632458,"RAMAN BANSAL","2026-08-24 04:35:56",138.7,1,ramanbansal
9726,16731986,Vugar3,"2026-08-17 10:51:29",138.5,2,vuqarxudvrdyev001342
9727,16671985,"vishal waghchaure","2026-08-07 09:25:36",138.2,2,vishalwaghchaure
9728,16780057,"Njabulo Hope Makana","2026-09-23 17:55:48",138.2,2,njabulohopemakana
9729,16778908,"PATIL ADITYA PANDURANG","2026-09-01 17:34:33",138.2,1,"jagdalepranavsagar,patiladityapandurang,pavankadam7005"
9730,16718139,"shah jatin","2026-09-25 01:37:35",138.0,2,shahjatin
9731,16658189,"Zale John","2026-08-26 00:48:24",137.7,2,zalejohn
9732,16624973,"Mrunmayee Kulkarni","2026-07-31 06:16:46",137.4,1,kulmrun
9733,16707146,kaganou,"2026-08-11 13:19:53",135.1,1,kaganou
9734,16739102,"Mithulya Kumarapeli","2026-08-30 03:53:39",134.6,1,sandalim
9735,16662083,ihabkaggle,"2026-08-07 00:42:33",134.5,2,ihabkaggle
9736,16849230,"Md. Mahim Babu","2026-09-18 11:27:55",134.3,2,mdmahimbabu
9737,16723289,"Caio Saboia","2026-08-28 18:24:29",134.1,1,caiosaboia
9738,16775483,"Parv Malav","2026-08-26 16:20:27",133.9,2,parvmalav
9739,16737040,"Joseph Djian","2026-09-09 10:30:17",133.5,2,djian55
9740,16653934,"Ayomide Abdulrahmon","2026-08-03 19:22:32",133.2,2,ayomideabdulrahmon
9741,16919907,"Álvaro Martínez González","2026-09-23 13:59:06",133.1,2,lvaromartnezgonzlez
9742,16659062,"MOHAMMAD SUBHAN PASHA","2026-08-17 07:14:09",133.1,1,mohammadsubhanpasha
9743,16880938,nousername22,"2026-09-25 19:31:44",133.0,2,nousername22
9744,16656643,"Willetta Dettore","2026-08-05 15:33:52",132.4,2,willettadettore
9745,16697716,ZEO,"2026-08-09 19:43:41",132.3,1,anuppatil29
9746,16868591,"Lucas A. Rizzieri","2026-09-11 00:22:41",131.9,2,lucasarizzieri
9747,16754111,"Kalpana Patki","2026-08-22 16:05:10",131.8,1,kalpanapatki
9748,16662142,"Adnan Khan","2026-08-30 06:22:52",131.1,2,iamadnankhan313
9749,16666706,baijiachang,"2026-08-05 11:04:21",130.8,1,baijiachang
9750,16662334,"Andres Beltran","2026-08-04 22:58:11",130.7,2,andresbeltran05
9751,16827437,kaedehs33-max,"2026-09-08 03:06:50",129.8,1,kaedehs33max
9752,16945034,divinesouljoy,"2026-09-23 04:59:46",129.5,1,divinesouljoy
9753,16716402,"Shashvat Singham","2026-08-13 10:56:39",129.1,1,shashvatsingham
9754,16662230,"Angus Mc Gregor","2026-08-13 21:25:46",128.9,2,angusmcgregor
9755,16770924,rohit,"2026-09-12 05:08:35",128.8,2,rohitsrinivasan31
9756,16659097,noril09,"2026-08-04 11:56:35",128.6,2,noril09
9757,16640323,"KOUSHIK KUMAR DINDA","2026-08-29 01:55:31",128.6,2,koushikkumardinda
9758,16705490,"KASTHURI DEVI M","2026-08-13 10:42:42",128.5,2,kasthuridevim
9759,16656235,"Zain Ul Abideen Samo","2026-08-06 15:22:02",128.1,2,zainulabideensamo
9760,16904721,"Creeper Thánh","2026-09-16 06:35:52",126.6,1,creeperthnh
9761,16654363,"NIKHIL YADAV","2026-08-17 21:20:32",125.6,2,nikhilyadav232223
9762,16666018,"H vv sathwik","2026-09-24 09:27:00",123.4,2,hvvsathwik
9763,16727876,"Harrison Wachira","2026-08-16 08:50:03",122.7,1,harrisonwachira254
9764,16722827,Prathyyyyy,"2026-09-19 03:10:21",121.0,1,prathyyyyy
9765,16631135,"Fernando Liazar Luemba Salvador","2026-09-18 21:41:27",120.6,1,fernandollsalvador
9766,16713435,"Visruti Patidar","2026-08-16 11:18:23",119.1,2,visrutipatidar
9767,16731142,yshinok,"2026-09-16 23:32:47",119.1,2,yukishinohara0114
9768,16636855,"Wynn Koo","2026-08-01 14:03:04",118.9,1,yongfenggg
9769,16771841,"Panagiotis Alimisis","2026-09-14 19:04:58",117.8,2,palimisis6
9770,16794281,"adilio freitas","2026-08-30 22:25:36",117.7,1,adiliofreitas
9771,16623953,"Denuwan Wijesinghe","2026-08-01 07:57:04",117.7,2,denuwanwijesinghe
9772,16659871,"Abel Kpoton","2026-08-04 20:41:20",117.6,2,abelkpoton
9773,16679979,Pranav6657,"2026-08-07 02:40:48",117.0,1,pranav6657
9774,16689389,Chukunder,"2026-09-24 12:38:14",116.5,2,"farbricated,sarikajivrajika"
9775,16855448,MaryKEREN,"2026-09-25 16:00:05",115.8,1,marykeren
9776,16691729,"ADOLF FAUSTINE","2026-08-18 02:42:39",115.8,2,adolffaustine
9777,16690499,SuperAI@2615,"2026-08-11 16:42:48",115.7,2,superai2615
9778,16765566,DIYANSH_JAIN7,"2026-09-03 10:56:38",115.4,1,diyanshjain7
9779,16841368,lware5829,"2026-09-05 20:57:52",114.8,1,lware5829
9780,16811547,Merlin,"2026-09-24 14:33:04",114.1,1,huntergrey
9781,16683220,Kongali,"2026-08-10 01:24:37",113.2,2,kongali
9782,16657486,"Turhan TAS","2026-08-10 09:21:40",112.7,1,turhantas
9783,16674328,daniel,"2026-08-06 09:34:23",111.6,1,dkamgamegasoft
9784,16661969,"Raja T","2026-09-26 01:59:56",111.3,2,rajathiagaraj
9785,16658695,"Muskan Zahid","2026-08-04 14:14:02",110.6,2,artificial52
9786,16662809,"Chukwu Excellent","2026-08-08 22:06:34",110.6,2,chukwuexcellent
9787,16662455,"Nenavath Shashi","2026-08-04 18:04:52",110.0,2,nenavathshashi
9788,16621565,"salih chindo","2026-08-12 19:45:58",109.7,1,salihchindo
9789,16719809,"Milanto FR","2026-08-14 05:37:48",109.6,2,milantofr
9790,16626218,"Srishti Gauraha","2026-08-08 05:40:23",109.1,1,srishtigauraha
9791,16799001,"Trịnh Quang Minh","2026-09-01 05:16:32",108.8,1,trnhquangminh140
9792,16712406,"L Sangeetha","2026-08-18 01:56:24",108.3,2,lsangeetha
9793,16656815,"Atharva S. Naladkar","2026-08-06 06:46:40",108.1,2,atharvasnaladkar
9794,16657561,Roshdibenrojo83,"2026-08-04 07:19:05",107.8,2,roshdibenrojo83
9795,16662123,hannhu40022,"2026-08-04 18:45:07",107.7,2,hannhu40022
9796,16755329,SBedrosian123@,"2026-08-21 15:07:41",106.6,1,sbedrosian123
9797,16662714,"Amilcar Rodriguez","2026-09-01 04:22:39",106.1,2,amilcarskt
9798,16657303,"Tejas Tiwari","2026-08-04 07:32:17",106.1,1,tejaat
9799,16659840,"Dasari Giri Gabrelu","2026-08-05 13:41:11",105.9,2,giridasari
9800,16746655,"Charan Reddy321","2026-08-25 06:27:38",105.7,1,charanreddy321
9801,16800124,"Atharv Hirve","2026-09-20 08:44:54",105.6,2,atharvhirve14
9802,16723091,"Naiely Silva","2026-08-28 00:53:34",105.6,1,naielysilva
9803,16633511,"joshan gladston","2026-08-01 01:19:57",105.4,2,joshangladston
9804,16661160,"Roobhasridevi P","2026-08-04 14:31:22",104.9,1,roobhasridevi
9805,16679847,"Julio Contreras","2026-08-21 20:29:09",104.3,2,juliocontreras
9806,16659308,Attaerabi,"2026-08-05 07:52:52",103.9,2,attaerabi
9807,16717094,"[Deleted] 3efc3b54-b875-4c05-8e11-1214498e2853","2026-08-13 12:30:26",103.9,1,del=386289f87b91311f
9808,16659041,"uma mahesh23","2026-08-04 11:50:03",102.9,2,umamahesh23
9809,16680165,"Radwa ALkalifa","2026-08-23 08:39:37",102.7,2,radwahamada
9810,16726311,"Prince Diwakar","2026-08-16 12:55:18",102.6,2,princediwaker
9811,16735064,"Harshada Thorat 129","2026-08-18 03:58:34",102.6,1,harshadathorat129
9812,16654509,"Shruti Kondabathula","2026-08-07 18:17:56",102.4,2,shrutikondabathula
9813,16623660,"Taylor S. Amarel","2026-07-31 23:36:48",102.0,1,taylorsamarel
9814,16857111,tfcygv,"2026-09-09 00:09:00",101.7,2,tfcygv
9815,16670547,"Maduako Prince","2026-08-05 22:53:03",101.1,2,maduakoprince
9816,16848578,"Tuấn Anh","2026-09-09 04:28:16",99.4,2,tuananhdata
9817,16840189,"Sneha yadav","2026-09-25 04:21:12",98.8,2,sneha463
9818,16659582,"Srikanth Adivanna","2026-08-04 11:25:45",98.2,1,srikanthadivanna
9819,16658297,"Charishma Pillapalem","2026-08-11 12:46:56",97.9,2,charishmapillapalem
9820,16832231,lst1923,"2026-09-25 19:50:33",97.9,2,lst1923
9821,16662295,"benja cooper","2026-08-04 17:41:28",96.9,2,benjacooper
9822,16658299,"Bakar Prabowo!","2026-09-05 08:14:32",96.9,2,"galihrattn,kingki19,ranggacarkawan"
9823,16662547,"hiteshsinh solanki","2026-08-05 07:59:16",96.7,2,hiteshsinhsolanki2
9824,16731873,"Abhishek Singh Solanki","2026-08-19 07:24:47",96.2,1,realabhi5hek
9825,16626159,"Cảnh Đinh Tiến","2026-08-02 09:17:36",95.7,2,tourist110406
9826,16676977,"Akash Babu","2026-09-04 06:45:03",94.6,2,akashbabu17
9827,16656685,"Shravani Hibare","2026-08-05 10:15:36",93.8,2,shrahib4725
9828,16847667,"Tushar Barman","2026-09-12 20:30:34",93.8,2,tusharbarman
9829,16912163,"Umar Tabbsum","2026-09-17 14:36:46",93.5,2,umartabbsum
9830,16654559,"Kerem Ali AVCIOĞLU","2026-08-03 19:28:49",92.3,2,keremaliavciolu
9831,16798631,dzlabs,"2026-09-01 09:57:10",92.0,2,dzlabs
9832,16661098,"Muhammad aufa azmi","2026-08-04 15:18:35",91.2,2,muhammadaufaazmi
9833,16748612,"Priyadharshini B","2026-08-24 12:06:18",91.2,1,priyadh29
9834,16661068,ZeViX,"2026-09-25 16:23:22",90.7,2,"codinggeek101,vedantkhete"
9835,16668691,BeltusTebid,"2026-08-05 16:01:45",90.2,1,beltustebid
9836,16762458,"Promise Matorofa","2026-08-24 10:00:04",90.0,2,promisematorofa
9837,16924962,XavierB5,"2026-09-19 10:26:33",89.7,1,xavierb5
9838,16743822,Surya,"2026-08-19 16:21:21",89.3,1,suryapandian
9839,16662243,"Cepeda Braxton","2026-08-04 19:31:54",88.8,2,cepedabraxton
9840,16728931,Sathwik2006,"2026-08-16 14:25:36",88.7,2,sathwik2006
9841,16677441,"ERREGUI YOUSSEF","2026-08-06 18:02:39",88.4,2,erreguiyoussef
9842,16891699,Sriram102,"2026-09-19 05:31:23",88.3,2,sriram102
9843,16660340,"pawan sondhiya","2026-08-07 06:22:38",88.1,2,pawansondhiya
9844,16723068,Kaggricultors,"2026-08-27 16:33:10",86.3,2,"claralimasilva,roberthdouglasufc"
9845,16623094,"Claudia Arias Gonzalez","2026-09-24 21:54:03",85.8,2,claudiaariasgonzalez
9846,16663897,jayaBhavagan,"2026-08-05 19:34:36",85.1,1,jayabhavagan
9847,16743241,"Adhvaith KS","2026-09-02 14:30:35",84.6,1,adhvaithks
9848,16656240,"SACHIN KUMAR","2026-08-10 03:13:24",82.6,2,sackm123
9849,16691542,Tushar_SVC,"2026-08-11 04:12:09",82.0,2,tusharsvc
9850,16808545,"Qinyong Wang","2026-09-02 11:53:03",81.4,2,magicwqy
9851,16858278,"Sukma Ramadhan A","2026-09-12 13:22:49",79.6,2,sukmaramadhana
9852,16670552,"Harsh Chaudhary ml","2026-08-05 22:16:25",79.3,1,harshchaudharyml
9853,16659451,anero98,"2026-08-22 20:47:29",79.1,2,anero98
9854,16632375,"Vivien Jiaqian Zhu 朱嘉倩","2026-09-24 07:28:48",78.4,2,vivienjz
9855,16661419,"Shivansh Soni","2026-08-04 15:08:01",78.4,2,shivanshsonii
9856,16654711,"Rupam Bhattacharjee1","2026-08-14 16:43:07",77.8,1,rupambhattacharjee1
9857,16707468,"SBJ 2205","2026-08-12 09:59:33",77.6,1,sbj2205
9858,16932358,"Ilfat Hismatullin","2026-09-20 21:41:28",77.5,1,izek123
9859,16785477,"ASHMIL P URK25CS7129","2026-08-28 18:26:11",77.1,1,ashmilpurk25cs7129
9860,16693819,"Hossein Shad Manaman","2026-08-12 03:14:58",77.1,2,hosseinshadmanaman
9861,16670368,"Gary Gitton","2026-08-19 17:03:04",76.8,2,garygitton
9862,16657055,RedKiwi,"2026-08-05 05:57:34",76.7,2,tnmthai
9863,16641109,zzgtylors,"2026-08-06 06:21:50",76.3,2,zzgtylors
9864,16735323,"Souvik Routh","2026-08-18 04:30:21",75.9,1,souvikrouth
9865,16656485,stunningvn,"2026-09-08 07:40:44",75.6,2,dedquoc
9866,16621519,Ᏸ𐍂Ꭷ,"2026-07-30 17:30:30",75.4,2,dheerajkannaujiya
9867,16656777,"Salam Alqerem","2026-08-31 10:59:33",73.5,2,salamalqerem
9868,16658666,"VMax Agents","2026-08-04 10:57:49",73.2,1,"akhiildheep,mithun5353"
9869,16655748,revathip,"2026-08-06 06:00:14",73.1,2,revathiprakash
9870,16924593,"Aarav Bajya","2026-09-26 03:28:48",71.9,2,aaravbajya
9871,16659675,"M.Athallah Rafif Aldera","2026-08-06 12:40:14",70.6,2,mathallahrafifaldera
9872,16803074,"fumihito mori","2026-09-01 14:00:16",69.3,1,fumihitomori
9873,16886704,"mohammed alshokry","2026-09-15 14:06:43",69.1,2,mohammedalshokry
9874,16736939,"Flandre 29","2026-08-26 08:23:01",68.8,2,flandre29
9875,16700316,"Pranav Waghmare","2026-08-11 16:29:05",68.3,1,waghmarepranav6
9876,16735237,"YASH CHIMAN","2026-08-18 04:20:24",67.6,1,yashchiman
9877,16666072,Abinash,"2026-08-05 15:07:52",66.3,2,abinashsinha1726
9878,16867334,"Connor Tran","2026-09-21 22:05:52",66.3,1,thlphero
9879,16665079,"Maguluri Keerthi","2026-08-05 06:16:03",65.7,2,magulurikeerthi
9880,16925909,"Hopefrey Mosingi","2026-09-19 15:30:15",65.7,2,hopefreymosingi
9881,16668599,"Hafsa Anwaar","2026-08-05 17:43:21",65.2,2,hafsaanwaar
9882,16663277,"Mariana Mejía","2026-08-24 23:58:54",64.0,2,marianameja
9883,16848280,"Oladipupo Olapoju","2026-09-08 00:24:32",63.8,2,pupoolapoju
9884,16663161,"Pial Mahmud","2026-08-17 10:38:21",63.5,2,pialgroup
9885,16678283,"Ajinkya Digurkar","2026-08-21 10:56:03",63.1,2,"ajinkyadigurkar,sakshiagrawal8818"
9886,16665345,saurabh10june,"2026-08-05 11:53:47",62.7,2,saurabh10june
9887,16666273,"Wondu Zerihun","2026-09-08 07:55:57",62.4,2,zerihun369
9888,16658100,"Nanda Riansyah","2026-08-04 08:55:54",62.2,2,nandariansyah
9889,16666836,"Emir Ayvaz","2026-08-07 05:57:00",61.6,2,emirayvaz
9890,16867026,"Aashish Bagmar","2026-09-11 05:14:45",60.9,2,aashishbagmar
9891,16784650,LukasM1,"2026-08-28 14:15:24",59.4,1,lukasm1
9892,16660886,"Dr.Eldirdiri Fadol ","2026-08-05 05:30:48",57.9,2,dreldirdirifadol
9893,16698958,"Shanjaya SK","2026-08-28 15:25:11",57.7,1,"payuu03,shanjayask"
9894,16846758,"Harish More","2026-09-07 07:44:25",57.7,2,harishmore812
9895,16667339,"Victor Chege","2026-09-01 13:56:51",56.9,2,victorchege0
9896,16794173,"Kamran Arshad","2026-08-31 07:19:49",56.7,2,kamranarshad
9897,16823197,Cowabunga,"2026-09-20 21:55:58",56.2,2,ameripreye
9898,16667489,"Cornol Lieto","2026-08-05 12:31:14",54.7,1,lietocornol
9899,16867360,kagg24293,"2026-09-11 08:19:36",54.5,2,kagg24293
9900,16633018,purelilyth,"2026-08-20 19:43:09",52.5,2,purelilyth
9901,16773858,"Kundan Kumar","2026-09-25 09:49:06",50.7,2,edkundan
9902,16719441,Gatranova,"2026-08-14 04:11:54",49.6,2,rafiabiyyuairlangga
9903,16938479,"Илья Попов ","2026-09-22 22:54:01",49.5,1,wingedwolf7
9904,16948861,"PRATHAMESH ARUN JADHAV","2026-09-24 03:10:19",49.5,1,prathamesharunjadhav
9905,16663406,"Elshan Kazim","2026-08-16 08:38:43",48.7,1,elsnkazm
9906,16661711,"Wild Star217","2026-08-30 18:00:18",48.0,2,wildstar217
9907,16687628,ruchit,"2026-08-28 11:22:16",47.6,1,ruchitkhade
9908,16698953,Locked_in_hell,"2026-08-13 18:31:55",47.3,2,stealthknight
9909,16839644,Mikhail,"2026-09-06 06:52:57",47.2,1,mih2501py
9910,16785053,"Rinosh Bethala","2026-08-28 17:52:26",46.6,1,rinoshbethala
9911,16680428,"Surabhi veda","2026-08-07 01:49:35",45.8,1,surabhiveda
9912,16780027,rotto,"2026-09-01 13:18:33",45.4,2,pirotototo4023
9913,16943467,"Goose Gang","2026-09-23 13:26:47",45.3,1,"itzpk16,mohamedfarih,radeshl"
9914,16679410,"Leke Glean","2026-08-07 17:29:04",43.2,2,lekeglean
9915,16716079,shaurya_pandey@19,"2026-08-13 09:27:49",42.5,2,shauryapandey19
9916,16640594,Win2207,"2026-08-07 12:05:07",41.1,2,win2207
9917,16888204,"yunus yalman","2026-09-24 19:48:59",40.7,2,yunusyalman
9918,16654087,Gabriela_Fernandes4,"2026-08-04 19:12:33",38.6,1,gabrielafernandes4
9919,16730708,ysakuragi,"2026-08-19 01:30:12",38.5,1,ysakuragi
9920,16710773,Openaiskrip,"2026-08-12 07:54:38",38.4,2,openaiskrip
9921,16868098,"Arya Patil","2026-09-11 08:00:49",38.4,1,shutterstack
9922,16761007,"Pankaj Nakhat","2026-08-23 11:48:21",36.2,2,pankajnakhat
9923,16684847,"M.Harshavardhan Raju","2026-08-09 16:15:49",33.9,2,mharshavardhanraju
9924,16675209,lavica,"2026-08-11 13:23:03",33.5,2,lavica
9925,16940668,"Lars Gade","2026-09-24 20:48:47",32.7,2,larsgade
9926,16794292,"Taylor Clark","2026-09-22 22:49:20",30.0,2,taylorclark637
9927,16673372,"Hadyan Adira","2026-08-14 03:16:30",29.9,2,hadyanadira
9928,16723050,"Ítalo Albuquerque","2026-09-11 18:32:23",29.6,2,taloalbuquerque
9929,16644474,"Vihaan Ahluwalia","2026-08-05 13:16:21",28.4,2,vihaanahluwalia
9930,16633932,omikbop,"2026-08-02 12:36:52",27.6,2,omikbop
9931,16835282,nico23t,"2026-09-07 14:18:22",27.4,2,nico23t
9932,16761521,"Artificial Silicon","2026-08-29 10:17:46",26.9,1,artificialsilicon
9933,16665139,"Siddharaj Kulkarni","2026-08-16 05:23:21",26.4,2,siddharajkulkarni
9934,16705637,"Vedant Ghodekar","2026-08-11 05:28:57",26.3,1,vedantghodekar
9935,16675819,RohitS001,"2026-08-11 18:05:54",25.1,2,rohits001
9936,16770096,Program,"2026-09-14 11:35:12",24.8,2,panagiotapanora
9937,16731524,"Tsyrenov Mergen","2026-08-17 09:42:39",18.0,1,tsyrenovmergen
9938,16656753,"TAMAL SINGHA ROY","2026-08-05 07:57:48",17.3,2,tamalsingharoy
9939,16895738,suqingying,"2026-09-21 10:43:10",15.4,1,suqingying
9940,16662721,"Manish Sharma","2026-08-12 17:44:16",14.7,2,themihirsharma
9941,16660161,"Antimo Carlino","2026-09-08 19:09:46",14.2,2,antimocarlino
9942,16747839,"Ich Schmid","2026-09-19 13:56:52",14.0,2,ichschmid
9943,16676428,wayzhengong27,"2026-08-08 06:34:59",13.9,2,"kkkuek,wayzhengong27"
9944,16654026,"joju shaji","2026-08-09 16:36:43",13.4,2,jojushaji
9945,16716562,"Ananya Maurya","2026-08-13 10:01:25",12.8,2,ananyamaurya
9946,16771156,"Ronald Ayamba","2026-08-25 19:16:26",11.7,1,ronaldayamba
9947,16811344,"Vineeth Nannuri","2026-09-10 05:19:07",10.9,2,vineethnannuri
9948,16669011,"Siddiqui Rehan Ahmed Furqan","2026-08-07 05:24:38",7.6,2,siddiquirehanahmed
9949,16633250,Myst19,"2026-08-03 13:25:15",7.3,2,jakeschweikhart
9950,16687620,Goktug1,"2026-09-18 18:47:26",6.1,2,goktug1
9951,16624064,"Hemant Ahlawat","2026-07-31 15:52:56",5.9,2,happyahlawat
9952,16721567,"Neeraj Sharma","2026-09-04 07:21:50",4.1,1,neerajsharma897
9953,16892319,"Shair Khan","2026-09-21 08:30:36",3.7,2,datascikhan
9954,16632413,"Varun Patil","2026-07-31 18:41:34",3.3,1,varunpatil262005
9955,16714192,"Nishanth Palugula","2026-08-14 06:51:09",3.3,2,nishanthpalugula
9956,16696104,"Harshit Meesari","2026-08-09 14:31:00",1.6,1,harshitmeesari
9957,16778494,"Agda Niya","2026-08-28 06:43:07",1.0,2,agdaniya
9958,16632266,"(ノ◡ <)","2026-09-25 04:46:33",0.6,2,nawfeelrahman1124444
9959,16721495,"404 Crop Not Found","2026-09-01 08:45:29",-1.0,2,"aiprojector,boazx15"
9960,16658745,"Shabby farms 2.0","2026-08-16 03:10:28",-1.9,2,rahulk5418
9961,16708290,"Hrishikesh Thakare","2026-08-12 14:45:08",-2.5,1,hrishikeshthakare
9962,16644519,"Shambhu Shekhar Sinha","2026-08-12 18:55:43",-2.7,2,shambhushekharsinha
9963,16916794,SHUJAT,"2026-09-21 14:59:47",-2.7,1,syedshujathussain
9964,16938443,"zhichen huang","2026-09-21 21:54:55",-4.4,1,zhichenhuang
9965,16661152,"Dr.Abdulbaset Musleh","2026-09-19 17:40:52",-5.3,2,drabdulbasetaledresi
9966,16852322,"Harshit Varma45","2026-09-08 03:54:30",-6.6,1,harshitvarma45
9967,16755807,PokeTrader,"2026-09-16 16:52:46",-7.6,2,poketrader
9968,16914127,"Aditya Jha","2026-09-20 04:35:47",-8.7,2,theadijha
9969,16689555,"kelvin waruingi","2026-08-09 22:45:23",-10.6,2,kelvinwaruingi
9970,16809774,farmci,"2026-09-02 16:59:50",-13.0,1,ermismel
9971,16673732,"Async Null","2026-08-06 16:55:26",-13.8,1,asyncnull
9972,16731488,"James Kimani","2026-08-27 13:18:20",-15.2,1,jaykim122
9973,16780318,"Piyush Darinda","2026-08-27 17:28:07",-16.7,2,piyushdarinda
9974,16654404,"Madhan Sidmal","2026-08-11 21:28:45",-17.0,2,madhansidmal
9975,16664822,"Prateek Singh","2026-08-05 05:30:22",-17.3,2,pra73ek
9976,16790678,Pujolaras,"2026-09-03 14:45:14",-19.2,1,pujolaras
9977,16720136,"Roaring Cotton","2026-09-15 20:07:58",-22.9,2,daviddavidelijah
9978,16659501,Duckey,"2026-08-04 13:02:16",-25.3,2,bokangletsapo
9979,16644439," علي ساجد","2026-08-02 21:40:07",-28.7,2,jdvdjdv97171ushd
9980,16792531,"subash jayakumar","2026-08-30 20:14:56",-33.5,2,subashjayakumar
9981,16679250,srskat,"2026-08-16 08:26:30",-33.8,2,srskat
9982,16662922,BrandonDucar,"2026-09-12 23:12:40",-34.1,2,brandonducar
9983,16624666,"Avik Das","2026-08-21 08:57:10",-34.6,2,avikdas567
9984,16732320,"Malik Muhammad Arbaz","2026-08-18 13:05:51",-36.0,1,malikmuhammadarbaz
9985,16657568,"Manpreet Singh","2026-08-08 13:45:41",-39.5,2,manpreet1994
9986,16885604,dualcore,"2026-09-22 09:54:46",-41.8,2,"shashankkalled,tridiv14"
9987,16676890,luciferingstar256,"2026-08-20 15:40:55",-43.7,1,luciferingstar256
9988,16943065,"LOKHANDE HARSH","2026-09-23 16:45:21",-50.1,1,lokhandeharsh
9989,16689681,"Prakash Rajan","2026-08-09 16:37:56",-52.1,2,prakashai
9990,16735078,"SUDHANSHU PATIL","2026-08-18 04:37:33",-57.6,2,sudhanshupatil10
9991,16659057,"Jolvin James","2026-08-07 08:04:22",-58.9,2,jolvinjames
9992,16622991,"Fedor Grigorev","2026-08-27 15:30:57",-67.9,1,fedorgrigorev
9993,16755427,"Daksh Jain","2026-08-21 15:18:57",-68.4,1,dakshu081
9994,16663728,"Al'Humairah Ali","2026-08-10 17:28:01",-80.8,1,alhumairahali
9995,16629006,ymym_tymblack,"2026-08-22 09:44:39",-81.7,2,ymymtymblack
9996,16885774,"Adama Savadogo","2026-09-14 17:34:16",-82.1,2,adamasavadogo
9997,16758417,AthulJenson,"2026-08-22 14:21:26",-83.6,1,athuljenson
9998,16802203,"Sadaf Mughees","2026-09-21 09:16:16",-83.6,2,sadafmughees
9999,16709661,sapphirey,"2026-09-07 11:21:05",-85.3,2,sapphirey
10000,16941446,"Rehan Liaqat","2026-09-22 12:30:49",-86.4,1,rehanliaqat17
10001,16894437,hondana29,"2026-09-24 07:08:10",-86.7,1,tanadaaa
10002,16805234,Ryuzaki2325,"2026-09-01 19:44:54",-89.2,1,ryuzaki2325
10003,16683041,Abhishektyagi649,"2026-08-07 08:37:09",-90.5,2,abhishektyagi649
10004,16707646,ppssbb09,"2026-09-17 13:40:43",-96.9,1,ppssbb09
10005,16713011,"Tasmayu Swain","2026-08-14 15:49:35",-99.5,1,tasmayuswain
10006,16637499,Yuchen20,"2026-09-19 14:06:24",-102.4,2,yuchen2066
10007,16731829,"Alexandra Tricia","2026-08-19 07:03:33",-102.7,2,alexandratricia
10008,16675801,"Neeraj Jha","2026-08-06 13:43:18",-104.7,1,neerajjha1996
10009,16685888,LeulYT,"2026-08-10 05:35:44",-114.6,2,leulyt
10010,16808566,"contemporary dance","2026-09-02 22:44:14",-123.4,2,shigeria
10011,16657035,"Christvin Mathew","2026-08-04 08:55:56",-135.0,2,christvinmathew
10012,16719181,SaltyCode,"2026-08-16 04:56:22",-151.2,1,saltycode
10013,16671617,"Bennett Lien","2026-09-19 04:18:05",-151.6,1,"bennettlien,liamspaulding"
10014,16695221,"Muhammad Daud Abbas","2026-08-12 20:04:32",-169.2,2,muhammaddaudabbas
10015,16889642,"calvin Grimm","2026-09-14 06:15:04",-185.7,1,calvingrimm
10016,16692837,"Sai Uttam Gite","2026-08-09 11:36:32",-190.2,1,saiuttamgite
10017,16724138,"Tuna Xiao","2026-09-07 15:05:12",-192.0,1,tunaxiao
10018,16659881,SantosR,"2026-09-08 14:27:04",-194.0,2,santosr
10019,16668701,"Nihal Jamadar","2026-08-09 04:28:26",-194.2,2,nihaljamadar313
10020,16885473,Razazazazaza,"2026-09-15 13:23:00",-194.5,2,razazazazaza
10021,16665495,"sai chand Boppudi","2026-08-07 04:19:58",-195.3,2,saichandboppudi
10022,16660261,"YO_ONE CHAUHAN","2026-08-08 23:49:54",-196.0,2,yoonechauhan
10023,16794008,HyperPlanz,"2026-08-31 13:08:38",-201.6,2,domiandr000
10024,16659864,"Twin Titans","2026-08-08 07:50:33",-203.6,2,"sivahokage,solaisararaju"
10025,16728276,"ROHAAN ASIF","2026-08-16 11:20:59",-206.9,2,ordinarydev007
10026,16717416,"Timofey Kalyak","2026-08-20 07:04:06",-209.5,1,timofeytweaky
