Rank,TeamId,TeamName,LastSubmissionDate,Score,SubmissionCount,TeamMemberUserNames
1,16681125,"M & M & P & Q","2026-09-16 15:02:10",3158.6,2,"morimo,msd0110,piiiiiiiii,qistripute"
2,16718819,Majkel1337,"2026-09-13 23:03:27",3157.2,2,majkel1337
3,16732748,DSM,"2026-09-16 17:12:18",3086.0,2,"denden12,masspeaks,shimishige"
4,16664246,"Sida Zuo","2026-09-15 22:42:16",3053.8,2,sidazuo
5,16640510,SpaTaro,"2026-09-16 20:14:02",3051.7,2,tarosqrd2
6,16675778,"Orbital Terraformer","2026-09-15 22:56:40",3043.7,2,tubotubo
7,16732403,ymg_aq,"2026-09-16 01:13:09",3042.4,2,ymgpalaqs
8,16730612,"Unknown Mother-Goose","2026-09-16 02:07:02",3037.6,2,linkinpony
9,16671741,Excluding,"2026-09-16 16:57:06",3036.5,2,excluding
10,16673205,"Arda Ceylan","2026-09-16 12:10:20",3025.3,2,ardacey
11,16730524,"THIRD FARM CLUB","2026-09-16 23:23:51",3022.2,2,"bowwowforeach,mooegi,shunrcn,simann"
12,16805699,"feel the agi","2026-09-13 14:05:13",2995.3,2,nulldata
13,16748733,"Driz Lo","2026-09-16 11:06:13",2994.9,2,drizlo
14,16882725,Ebi,"2026-09-15 10:01:29",2975.6,2,ebinan92
15,16739633,kwa,"2026-09-16 19:55:30",2972.8,2,ikaroskaggle
16,16719123,"Thomas Tschinkel","2026-09-16 20:55:56",2970.4,2,thomastschinkel
17,16629972,"forever young","2026-09-16 18:00:19",2961.6,2,keisukeyokota0428
18,16629685,mikelou1,"2026-09-15 22:16:11",2959.4,2,mikelou1
19,16658349,lingxiaojun,"2026-09-14 06:10:06",2957.2,2,lingxiaojun
20,16727171,yfy,"2026-09-16 01:55:15",2947.6,2,qwidndbdjss
21,16660726,现实是个乐子,"2026-09-16 08:49:47",2943.4,2,gengsr
22,16756591,"Hamed Vakili","2026-09-16 00:06:17",2943.0,2,"hamedvakilit0,maryam7713"
23,16714457,"Crop Dustas","2026-09-14 17:07:02",2940.9,2,"peikopon,rishigottumukkala"
24,16706321,lumen,"2026-09-15 06:00:37",2940.0,2,lumenyuto
25,16884121,Radiant,"2026-09-16 04:29:41",2929.2,2,"dnpkkk,xxxxxx6x"
26,16817528,QQ,"2026-09-16 06:12:52",2928.6,2,william950615
27,16641710,yjshyfy,"2026-09-15 02:05:23",2922.8,2,yjshyfy
28,16890669,"Fuchun Wang","2026-09-16 14:17:55",2922.6,2,wangfuchunag
29,16889224,"Ishan Karnick","2026-09-16 19:43:02",2921.9,2,ishankarnick
30,16675240,Leifson1337,"2026-09-16 18:27:50",2917.6,2,leifson1337
31,16637255,"leave you","2026-09-16 14:19:14",2917.1,2,superallen001
32,16845367,kyy666,"2026-09-16 13:33:23",2915.5,2,"kyy666,robertmcwang"
33,16748173,pensukesan,"2026-09-16 15:26:24",2912.9,2,pensukesan
34,16723379,local,"2026-09-16 19:34:08",2912.3,2,matteo123383iend
35,16862666,"Roman Katasonov","2026-09-16 22:56:25",2912.1,2,romankatasonov
36,16731275,carbonapi,"2026-09-16 05:26:45",2909.5,2,nonempty
37,16863959,"Một hai ba bốn 5 sáu bảy tám 9","2026-09-16 11:58:23",2908.9,2,thangnm1
38,16690867,HowardLeeTW,"2026-09-13 08:07:14",2905.7,2,howardleetw
39,16781279,zhyphirus,"2026-09-16 11:08:51",2905.4,2,zhyphirus
40,16887437,EthanL67,"2026-09-16 18:50:04",2904.1,2,ethanl67
41,16877834,playboicarti,"2026-09-15 17:42:17",2902.3,2,playb0icarti
42,16833141,yomogii,"2026-09-16 16:25:20",2901.8,2,yomogii
43,16781445,"𝕯𝖊𝖔𝖉𝖎𝖒𝖘 & 𝕮𝖔","2026-09-16 12:45:18",2899.1,2,odimdavidchukwuemeka
44,16865335,"Hire me! 🤗 [Viktor Cikojevic]","2026-09-16 13:41:48",2898.9,2,viktorcikojevic
45,16811948,"xiao xiongwei","2026-09-16 10:54:27",2897.1,2,"huyang111,xiaoxiongwei"
46,16676904,researchstudio.site,"2026-09-16 16:00:08",2895.6,2,fistyee
47,16716566,"Junliang Ye","2026-09-16 17:31:41",2894.0,2,junliangye
48,16732496,kanno,"2026-09-16 11:44:23",2893.0,2,kannomasaki
49,16743836,"Auto Fermers","2026-09-16 17:35:23",2892.6,2,"artemboltaev,dmitriigluzdov"
50,16894950,csly666,"2026-09-16 08:52:30",2892.1,2,csly666
51,16784608,shawenher,"2026-09-16 04:00:23",2889.2,2,shawenher
52,16725899,Zhenghongshuang,"2026-09-16 04:55:58",2888.0,2,zhenghongshuang
53,16670032,Kenjo1209,"2026-09-16 19:44:20",2886.8,2,kenjo1209
54,16760701,"Yannik Schiffner","2026-09-16 16:14:21",2883.6,2,yannikschiffner
55,16760569,"Otter Vibe","2026-09-16 18:46:02",2881.7,2,gyuminsong
56,16872275,"Maciek Kiryla","2026-09-16 06:50:27",2881.1,2,doktorkelp
57,16889691,"Yango Mango","2026-09-16 17:39:15",2879.6,2,yangbai2026
58,16811920,"MINGXI LIU","2026-09-16 17:20:33",2879.5,2,wang5630900
59,16811307,elmo,"2026-09-14 15:55:03",2878.4,2,mktakizawa
60,16640467,Catalyst,"2026-09-16 23:27:05",2875.9,2,vibekaggler
61,16716263,"Ugnė Miklovaitė","2026-09-16 19:24:33",2875.0,2,ugnmiklovait
62,16798172,"Dmytro Maliarenko","2026-09-16 23:46:23",2870.4,2,arxitekton
63,16706222,"Xiangyu Liu","2026-09-15 09:31:18",2869.6,2,xiangyuliu007
64,16858228,doubao,"2026-09-16 07:08:13",2869.3,2,"erhankangyan,yuanlili123321"
65,16633790,curiosity,"2026-09-16 17:45:22",2867.7,2,chmffwn1
66,16744979,"Ahmed Alhassan","2026-09-13 21:51:58",2866.8,2,ahmed55
67,16633100,"Emile Andrieu","2026-09-14 18:51:39",2866.7,2,emileandrieu
68,16688732,tully_boss,"2026-09-16 00:18:19",2866.2,2,"gnux1408,tanakaai24"
69,16847222,charmq,"2026-09-17 00:01:34",2864.7,2,charmq
70,16625220,thisray,"2026-09-15 00:00:42",2864.6,2,thisray
71,16730946,"Bohann Wang","2026-09-16 18:09:57",2863.8,2,bohannnwang
72,16622198,"THUNDER THUNDER","2026-09-12 18:58:41",2863.7,2,thunderthunder
73,16778656,Aacceeo,"2026-09-16 00:02:20",2863.1,2,aacceeo
74,16882022,URAD,"2026-09-16 15:01:43",2859.8,2,uradkr
75,16878119,Aryan.Ahl,"2026-09-16 10:22:09",2859.3,2,aryanahl
76,16884858,HojunLee,"2026-09-16 00:03:29",2859.2,2,hojuna
77,16732126,iwashi,"2026-09-16 12:13:14",2859.0,2,iwashi
78,16857676,"Justin Yang","2026-09-16 15:05:37",2858.7,2,zake7749
79,16715235,l1aF,"2026-09-16 02:30:03",2858.3,2,hhhoang
80,16739925,nofreewill42,"2026-09-15 09:03:58",2857.7,2,nofreewill
81,16684093,"fog flower","2026-09-16 16:43:43",2857.6,2,fogflower
82,16806023,"Eesh saxena","2026-09-16 16:55:08",2857.4,2,eeshsaxena
83,16803103,hugghngkai,"2026-09-16 21:06:41",2857.2,2,hugghngkai
84,16762101,"Kazama Yusuke","2026-09-16 12:13:48",2856.8,2,kazamayusuke
85,16767215,keiz,"2026-09-16 13:21:47",2854.9,2,keizkeiz
86,16623459,"Peng Wang","2026-09-16 21:40:56",2854.8,2,pengwang91
87,16875659,あかつき,"2026-09-16 14:35:35",2853.6,2,akatuki25
88,16791248,"Ioannis Tzachristas","2026-09-16 19:33:15",2851.5,2,"ioannistzachristas,lilishyxf"
89,16630825,"Black Mamba Farm","2026-09-16 18:50:12",2850.6,2,"asherjyd,frankyhz,qizhiran,yukundu231100"
90,16622330,"hiroshi murakami","2026-09-16 20:46:18",2850.2,2,zabojeb
91,16628951,"Hiro Nomo","2026-09-16 00:43:01",2849.6,2,morinokuma3
92,16759402,Capitaalgain,"2026-09-16 11:46:59",2849.6,2,capitaalgain
93,16632783,chocolat,"2026-09-16 23:29:30",2848.7,2,chocolatnya999
94,16629033,"Igor V","2026-09-15 10:33:34",2846.4,2,rostigor
95,16732521,redblackbst,"2026-09-16 07:57:51",2844.7,2,redblackbst
96,16671163,"Suyash Verma","2026-09-16 10:43:46",2843.4,2,suyashdiamond1
97,16885261,sdy623,"2026-09-16 23:44:07",2841.0,2,jaxa623
98,16691038,"animal crossing","2026-09-16 21:00:16",2840.7,2,hoonchoonc
99,16773026,アルモンド,"2026-09-16 12:35:17",2840.5,2,almondman0707
100,16668370,"Matthew Labrador","2026-09-16 20:31:39",2840.4,2,m4tyuuu
101,16687901,Khalid,"2026-09-16 20:56:47",2840.0,2,khalid000000
102,16778946,yuki0731,"2026-09-16 06:39:42",2839.4,2,yuki0731
103,16786102,"Anay Garodia","2026-09-16 19:03:36",2838.1,2,anaygarodia
104,16707144,Kirderf,"2026-09-16 20:47:35",2835.8,2,kirderf
105,16664111,"John Park","2026-09-16 17:34:48",2835.5,2,sigint
106,16768236,Baligh,"2026-09-16 10:35:14",2835.4,2,balighmehrez
107,16753567,wangkxu,"2026-09-16 15:24:09",2835.4,2,davics
108,16881395,nikotin55,"2026-09-16 20:17:21",2835.0,2,nikotin55
109,16667242,"Gleb Tumanov","2026-09-16 02:54:16",2834.6,2,crachton
110,16750779,"Mao Nishino (mao1756)","2026-09-16 20:00:58",2832.0,2,maonishinomao1756
111,16795448,ultimatum_game,"2026-09-16 12:21:31",2831.7,2,"ultimatumgame,walrushero"
112,16657277,"Dude and Destroy","2026-09-16 18:56:56",2831.2,2,raymondbrookman
113,16727404,Yichi,"2026-09-17 00:00:59",2829.6,2,yichi02
114,16903912,樱花冷月,"2026-09-16 15:49:33",2829.6,2,yinghualengyue
115,16663632,Seho.Connect,"2026-09-16 22:43:00",2828.7,2,sehoconnect
116,16713262,"Seyit kaan Gunes","2026-09-16 14:16:13",2828.4,2,seyitkaangunes
117,16652175,"Lucas Boesen","2026-09-15 19:00:55",2827.5,2,lucasboesen
118,16741965,Ryuichi,"2026-09-16 08:50:49",2825.6,2,ryuichigt
119,16762208,CrazyML,"2026-09-16 16:01:49",2825.6,2,"janhvikhattri,sorcererbi,vedanshipathak"
120,16773125,kuroko1t,"2026-09-16 09:25:19",2825.1,2,kuroko1t
121,16735539,"Joe Muller","2026-09-16 15:51:58",2824.3,2,joemuller
122,16790091,ChengxuGu,"2026-09-16 16:09:53",2824.1,2,chengxugu
123,16623559,DECEM,"2026-09-16 22:43:46",2824.0,2,zy1343930734
124,16676336,lemon13418,"2026-09-16 23:43:02",2823.8,2,lemon13418
125,16796682,LK30,"2026-09-16 22:10:34",2822.3,2,louisklasing
126,16898271,TheEvilpiggie,"2026-09-16 02:22:18",2821.9,2,theevilpiggie
127,16740405,by,"2026-09-16 16:19:06",2821.7,2,ibyyue
128,16860293,kobq,"2026-09-16 15:16:56",2821.4,2,kooobq
129,16830526,"Raghav Agrawal","2026-09-16 18:01:31",2820.5,2,raghagra
130,16623616,nasubiman,"2026-09-16 02:44:26",2820.4,2,yousukenakamura
131,16740419,IamDiganta.7,"2026-09-16 22:58:49",2820.1,2,iamdiganta7
132,16743656,Deskbo,"2026-09-16 13:45:12",2820.0,2,deskbo
133,16778340,NayuNayu,"2026-09-16 12:50:16",2819.7,2,nayunayu1005
134,16732552,RyutoKeshi,"2026-09-16 18:04:53",2819.7,2,ryutokeshi
135,16852826,Phoenix750,"2026-09-16 07:45:34",2819.1,2,richardmaddox
136,16699082,Sakthei,"2026-09-16 16:52:32",2819.1,2,sakthei
137,16707467,kay.liechtenstein,"2026-09-16 17:32:31",2819.0,2,kayliechtenstein
138,16789946,"Oriol Pi Morell","2026-09-16 19:35:16",2818.5,2,oriolpi
139,16712121,"Hai Dang","2026-09-16 17:11:25",2817.0,2,haidang2405
140,16883168,jojo,"2026-09-16 17:08:31",2817.0,2,jojojablon
141,16891396,易思言ysy,"2026-09-16 07:06:39",2816.7,2,ysykevin
142,16622454,automatylicza,"2026-09-16 08:34:46",2815.8,2,automatylicza
143,16853805,yefenfei,"2026-09-16 13:27:47",2815.1,2,yefenfei
144,16696304,"Utkarsh #2","2026-09-14 09:40:40",2814.4,2,n0va007
145,16687159,Max64738CB,"2026-09-16 17:57:44",2813.8,2,max64738cb
146,16815132,"Duc-Anh Nguyen","2026-09-16 20:39:57",2813.2,2,valentinonguyen
147,16771200,DeeSaa,"2026-09-16 13:24:17",2812.6,2,deesaa
148,16629787,FlameZywoo,"2026-09-16 15:27:58",2812.4,2,zgdllt
149,16839530,"que la cuenten como quieran","2026-09-16 17:31:00",2812.3,2,germanjurado1
150,16859815,alcanta,"2026-09-16 16:34:44",2811.8,2,ccotiuga
151,16763761,mkai1981,"2026-09-16 15:19:45",2811.3,2,mkai1981
152,16839902,"Sōsuke Aizen","2026-09-16 19:50:03",2809.8,2,"soukeaizenz,souvikdbiswas"
153,16892313,zszdl0530,"2026-09-16 16:18:36",2809.3,2,zszdl0530
154,16784164,Yaojinming,"2026-09-15 06:25:15",2808.1,2,yjm0905
155,16712189,"Kostiantyn Isaienkov","2026-09-16 00:42:02",2807.6,2,isaienkov
156,16736931,"Sergei Fironov","2026-09-16 11:57:12",2807.0,2,sergeifironov
157,16838538,"rz cao","2026-09-16 17:36:26",2806.6,2,caoruizhe
158,16867213,한밭대학교컴퓨터공학과정우민,"2026-09-16 17:15:08",2805.6,2,woominyo
159,16697891,KuziJA,"2026-09-16 18:04:41",2805.2,2,kuzija
160,16849801,tq1d,"2026-09-16 14:38:10",2805.1,2,haya03010
161,16636079,"Pawan Rama Mali","2026-09-16 18:15:40",2803.8,2,pawanmali
162,16654158,Hack2Publish,"2026-09-16 09:20:09",2802.8,2,"esfersami50,foysalemonshanto,hosen42,rokaiyasomapti"
163,16657931,t-enstar,"2026-09-16 13:43:53",2801.7,2,tstustatama
164,16786109,"Thomas Deng","2026-09-15 12:06:46",2801.7,2,tdeng24
165,16626191,"kevin park","2026-09-16 15:51:52",2801.3,2,k3v1npark
166,16804768,Chaos,"2026-09-16 17:02:55",2799.6,2,hcfighting
167,16668783,Zyy7390,"2026-09-16 22:49:24",2799.6,2,"tigerrrrrr,zyy7390"
168,16771623,kekuru,"2026-09-14 14:25:08",2798.9,2,soyaishihara
169,16677938,"Hajime Tamura","2026-09-16 17:15:19",2798.7,2,thajime
170,16665809,"Saravanan Jaichandaran","2026-09-16 21:30:52",2798.7,2,saranchandar
171,16772723,"Zhou Haonan","2026-09-16 13:21:16",2798.3,2,hatsuseizuna
172,16657152,"K S VIJAYARAAGHAVAN","2026-09-16 14:15:28",2797.8,2,ksvijayaraaghavan
173,16659870,"Tien N.","2026-09-17 00:01:09",2797.7,2,tientrum
174,16773144,"Mohamed Salah","2026-09-16 22:59:21",2796.8,2,mosalah7
175,16702975,RicardoLópez,"2026-09-16 18:34:37",2795.9,2,richi2489
176,16700634,"Alperen Söylen","2026-09-16 23:35:16",2795.7,2,alperensylen
177,16704247,WeAreFarmers,"2026-09-16 03:39:09",2795.6,2,gbmorris1
178,16662684,"Harshini Reddy","2026-09-16 23:55:16",2795.4,2,luffyh04
179,16682494,Phi,"2026-09-16 15:24:03",2795.1,2,ajinomoto132
180,16762195,eliasruntime,"2026-09-16 00:40:26",2794.5,2,eliasruntime
181,16651244,"Knight of Favonius","2026-09-16 17:39:48",2794.5,2,ladyfaye
182,16660215,"YoungDSML [dsml.kz]","2026-09-16 20:35:08",2794.0,2,"mazgas,nurikw3"
183,16673336,honjousetuna,"2026-09-16 12:45:25",2793.6,2,honjousetuna
184,16683936,Cyrus,"2026-09-16 13:23:53",2793.1,2,jamalsaeedi
185,16728492,ほのぼの牧場,"2026-09-16 14:30:44",2792.5,2,masatoshitaniguchi
186,16685556,binghua,"2026-09-08 13:50:16",2792.0,2,binghua123
187,16841663,"Ryosei Hara","2026-09-16 21:58:32",2791.5,2,ryhara
188,16662883,OceanMix,"2026-09-16 22:11:09",2791.3,2,"cggonzalezsc,fierus,liesvyvalladares"
189,16697229,"Masashi Nishimoto","2026-09-16 18:42:26",2791.1,2,masashinishimoto
190,16736670,"Mark Astrid","2026-09-16 05:57:00",2789.8,2,markastrid
191,16867734,SH11235,"2026-09-16 17:51:15",2788.2,2,sh11235
192,16842786,ScotLee08,"2026-09-16 16:12:14",2787.3,2,scotlee08
193,16765233,Shun,"2026-09-16 01:16:46",2785.5,2,shunchan0677
194,16655129,"Morylov Yehor","2026-09-15 12:46:22",2784.4,2,morylov
195,16652710,Pilea55,"2026-09-16 03:03:35",2784.4,2,ryutogrrr
196,16763669,cm391,"2026-09-16 17:11:34",2784.2,2,mccocoful
197,16635067,"Berat Egemen Gök","2026-09-16 19:54:25",2783.8,2,berategemengk
198,16861362,我小栗帽要娶藤正进行曲！！！💍,"2026-09-16 16:09:58",2783.6,2,"praveensahukari,rubiakaslana"
199,16630804,"Emre Cirak","2026-09-16 20:11:57",2783.0,2,"biohack44,merkiraz"
200,16623697,yuto083,"2026-09-16 22:56:30",2783.0,2,yuto0712
201,16661558,안녕하세요이세입니다잘부탁드립니다,"2026-09-16 23:03:33",2781.9,2,"moonswalk,municef1"
202,16624484,"Tomoki Hirose","2026-09-16 06:43:01",2780.1,2,tomokihirose
203,16663264,Adarsh,"2026-09-16 17:57:10",2779.3,2,madarshbb
204,16734551,"junseok lee","2026-09-16 23:00:11",2778.4,2,jaslee2
205,16666442,"SHALWIN SANJU","2026-09-16 16:29:47",2778.2,2,shalwinsanju
206,16734966,kigasudayooo,"2026-09-16 00:51:13",2778.1,2,argon1215
207,16731803,JYShane,"2026-09-16 14:50:12",2777.5,2,jyshane
208,16734409,"Yuta Yamazaki","2026-09-16 21:05:45",2777.3,2,yamayuu18
209,16760244,"Alex Paul","2026-09-16 20:13:40",2776.7,2,alexazander
210,16732156,"Ца-ри-ца по-лей, ку-ку-ру-за!","2026-09-16 21:38:31",2776.6,2,samvelkoch
211,16654710,"Ray Brothers","2026-09-16 18:21:42",2776.4,2,"madhurjyaray,vibekodr"
212,16671150,Mc10nys0n,"2026-09-16 13:55:14",2776.3,2,rattanunt
213,16670453,141,"2026-09-16 19:45:08",2775.5,2,"muhammadmustafaxo,siddiqshah"
214,16651332,"Le Viet","2026-09-16 12:13:34",2775.2,2,sleepyssr
215,16858303,马嘉蛋爱玩跳棋,"2026-09-16 02:23:36",2774.0,2,"jamalzzj,jlw123456"
216,16717255,Ryuuga89,"2026-09-13 16:31:48",2773.5,2,ryuuga89
217,16739543,"Akshay #2","2026-09-16 19:57:02",2771.2,2,theakshay
218,16851474,"HY ISHI","2026-09-16 16:37:00",2771.2,2,hyugaishioka
219,16736427,KouFu,"2026-09-16 17:18:11",2770.1,2,kouheif
220,16864016,"Setu Chokshi","2026-09-16 02:09:48",2769.2,2,setuch
221,16794536,HirokiTaniai,"2026-09-16 11:56:45",2768.1,2,nyokinyoki
222,16773244,"Yudai Ueno","2026-09-16 08:40:52",2767.8,2,yudaiueno
223,16634704,"Maham Haroon","2026-09-16 18:31:35",2767.0,2,mahamhc
224,16687294,"Madiyar Khamzanov","2026-09-16 17:40:49",2766.2,2,mkhamzanov
225,16778012,俺是耕田哩,"2026-09-16 12:31:32",2765.6,2,tianzhenggao
226,16839580,"Søren Ravn Andersen","2026-09-16 13:57:31",2765.2,2,sorenravn
227,16640394,"MOHAMMADJAFAR ZAMANI","2026-09-16 19:49:58",2764.9,2,mohammadjafarzamani
228,16641077,lucaskna,"2026-09-16 00:08:54",2764.8,2,lucaskna
229,16633341,Hak,"2026-09-16 21:36:11",2764.4,2,hakdevelopment
230,16671588,Keisuke,"2026-09-16 17:57:51",2763.8,2,keisukeueda
231,16863383,HanFish,"2026-09-16 12:36:42",2763.3,2,hananfish
232,16721384,Hackoholics,"2026-09-16 05:57:18",2762.2,2,"limyenhui,richierx"
233,16778640,Kilupy,"2026-09-16 17:10:22",2761.7,2,kilupy
234,16891058,Navier-stokes,"2026-09-16 15:29:41",2761.5,2,"nguyenkhanhvu,nhtlongcs"
235,16623463,porply,"2026-09-16 10:53:47",2760.3,2,porply
236,16633212,goosehaaan,"2026-09-16 15:20:59",2759.9,2,goosehaaan
237,16756492,satokato,"2026-09-16 11:49:42",2758.7,2,satokato
238,16654841,"ABHIRUP DAS","2026-09-16 19:30:20",2758.1,2,abhirupdas10
239,16661646,"Sergey Shcherbakov","2026-09-16 19:12:43",2757.5,2,sergey140146659
240,16726915,"인공저능연구소( Artificial Idiocy Lab )","2026-09-16 21:29:52",2757.3,2,megayak
241,16632224,Roxy,"2026-09-16 11:48:01",2756.0,2,yamakawanin
242,16762319,"Shiji Zheng","2026-09-16 16:41:11",2755.6,2,zhengshiji
243,16817518,Dresden,"2026-09-16 01:58:19",2755.0,2,dresdeng
244,16762248,KongKongDe,"2026-09-16 21:43:16",2755.0,2,kongkongde
245,16697089,"aghbalou Anass","2026-09-16 18:02:57",2753.9,2,aghbalouanass
246,16676762,"Tomas Escobar Rivera","2026-09-16 01:46:24",2753.3,2,tomasescobarrivera
247,16718033,TheMightiestMan,"2026-09-16 16:46:07",2752.7,2,themightiestman
248,16653982,"Arul Prasad S P","2026-09-16 15:09:24",2752.6,2,arulprasadsp
249,16848394,Polaris,"2026-09-16 13:05:47",2752.4,2,zhanglei226
250,16730761,ElephtAI,"2026-09-16 11:04:39",2752.3,2,yuchengj
251,16688460,lllleeeo,"2026-09-16 17:38:13",2751.6,2,lllleeeo
252,16654707,ManasviSharma,"2026-09-16 17:43:49",2750.9,2,manasvi821
253,16709176,Efnutrrionpy,"2026-09-16 02:56:43",2750.8,2,efnutrrionpy
254,16665746,Chiranjieev,"2026-09-16 16:13:36",2750.2,2,"abhirajhiwale,amitambhore27,himanshu2605"
255,16717114,uninhibited-scholar,"2026-09-16 16:19:49",2750.0,2,uninhibitedscholar
256,16661743,"Sergey Kutepov","2026-09-16 08:09:02",2749.9,2,natsyst
257,16756891,T.Uehira,"2026-09-17 00:01:45",2749.6,2,tuehira
258,16740659,haodou092,"2026-09-16 12:31:04",2749.2,2,haodou092
259,16642139,"Arnav Goel","2026-09-16 12:26:04",2749.1,2,arnavgoel17
260,16623920,"Kazuta MIZUTA","2026-09-16 11:04:04",2748.7,2,kazutamizuta
261,16796370,MioValentine,"2026-09-16 13:26:52",2748.6,2,yuyizhu
262,16892288,"Omar Althobaiti","2026-09-16 06:36:02",2747.4,2,omarahmedalthbite
263,16716821,めめっち,"2026-09-16 10:40:22",2746.6,2,mechi22
264,16762289,NineThree,"2026-09-16 02:16:53",2745.6,2,xiaoazuzong
265,16640807,TS,"2026-09-16 15:25:04",2745.5,2,"macomacoo,milkcoffeen,takumi0220"
266,16677810,"Maksim Borisov","2026-09-16 21:33:37",2744.6,2,ma4ypic4y
267,16670210,"Ali Alghaithi","2026-09-16 19:16:31",2744.5,2,alioman
268,16731605,datatuu,"2026-09-16 11:10:05",2744.3,2,yaoguang516
269,16853054,saberzky,"2026-09-16 14:14:56",2743.2,2,saberzky
270,16656500,我的豆包是AI,"2026-09-16 05:15:05",2742.6,2,"a982295350,bertmacutata,blencanierice,dangzhiyuan,imoxzm"
271,16740207,"As Long As You Love Me","2026-09-16 14:55:49",2742.3,2,theunforgiven7
272,16632113,"Any Things","2026-09-16 02:49:43",2742.2,2,anythingsj3fare767
273,16895106,linchuhan,"2026-09-17 00:00:27",2741.2,2,linchuhan
274,16662681,"Vernon Campbell","2026-09-16 20:57:55",2740.8,2,vernoncampbell
275,16860129,sonny_01,"2026-09-14 10:17:49",2739.9,2,sonnymupfuni01
276,16838479,"Sufi Afifi","2026-09-14 23:01:41",2739.8,2,emrys21
277,16811868,luyinn,"2026-09-16 15:00:52",2739.6,2,luyinn
278,16699947,HKmgikao,"2026-09-16 18:21:37",2739.5,2,hitoshikmgai
279,16870986,Taeyang,"2026-09-16 12:08:26",2739.5,2,taeyangg4
280,16853125,"BEIKE YAN","2026-09-16 06:57:48",2738.8,2,craigsid
281,16701051,"Komi ShouKo","2026-09-16 13:22:41",2738.7,2,asdwswdxd
282,16694110,"Team Amboss","2026-09-16 19:43:40",2738.3,2,alexphilippi
283,16695685,"kwon yong deuk","2026-09-16 15:13:04",2738.3,2,kwonyongdeuk
284,16806000,wyz0210,"2026-09-16 16:16:36",2738.2,2,weiyouzhen
285,16655277,GUAM,"2026-09-16 11:29:50",2738.2,2,"analyticaobscura,jeongminlee92,kmmmvs,wnmgrn"
286,16839389,lizs,"2026-09-16 15:17:39",2737.8,2,chiila
287,16813655,c_fxy,"2026-09-16 14:20:59",2737.7,2,cfxyai
288,16766128,"Oleksandr Parfionov","2026-09-16 21:27:02",2736.8,2,parfyon
289,16709837,Sophinator,"2026-09-16 18:50:53",2735.8,2,sophinator
290,16626332,"MD. Nazmus Sakib Anik","2026-09-16 12:37:30",2735.2,2,beyondlogic
291,16784561,"Rodrigo Ramón","2026-09-16 16:14:12",2734.7,2,rodrigoramn
292,16661575,skw1990,"2026-09-15 01:44:57",2734.5,2,skw1990
293,16812062,姜上（Integ）,"2026-09-15 20:51:45",2733.4,2,integjs
294,16657877,zigiella,"2026-09-16 11:14:20",2733.4,2,zigiella
295,16685950,"Planned Economy","2026-09-16 21:45:01",2732.5,2,alturutin
296,16832316,"Tatu Helander","2026-09-16 13:26:23",2731.8,2,tatuhelander
297,16799235,K.Piro,"2026-09-16 12:34:33",2730.9,2,agares02
298,16755328,"yang zhang","2026-09-16 14:30:14",2730.9,2,zhang1221ai
299,16667604,L7n,"2026-09-16 16:31:51",2730.1,2,znwe342
300,16905157,Moonyk,"2026-09-16 08:16:37",2729.9,1,moonyk
301,16806141,rode1234,"2026-09-16 14:35:42",2729.4,2,rode1234
302,16854428,"Marwan Ashref","2026-09-16 17:38:01",2729.4,2,"abobakerabobaker,marwanashref"
303,16831965,"Ray Roberts","2026-09-16 07:09:10",2729.2,2,rayroberts
304,16880792,dre,"2026-09-16 17:27:25",2729.0,2,ahmedelfazouan
305,16623458,datnt114,"2026-09-16 15:22:49",2728.9,2,kingkong153
306,16867671,Abhinav0370,"2026-09-16 11:34:05",2728.9,2,abhinav0370
307,16625060,"Subin An","2026-09-16 14:51:49",2728.8,2,subinium
308,16846856,BladeRunner,"2026-09-16 04:03:55",2727.9,2,bladerunner2022
309,16658185,"Juwon Kweon","2026-09-16 15:32:29",2727.7,2,juwonkwon
310,16657032,"Ayaan Ghosh","2026-09-16 11:55:22",2727.5,2,ayan9001
311,16783721,lc今天刷了吗,"2026-09-16 23:45:42",2727.2,2,"alkaidchen,limufeng"
312,16881512,"Asem Adnan","2026-09-16 20:05:42",2727.0,2,asemadnan
313,16804863,JezzLynn,"2026-09-15 18:42:02",2726.9,2,jezzlin
314,16639565,yasu,"2026-09-15 19:37:02",2725.9,2,yasutakababa
315,16668406,"VAP RF5","2026-09-16 17:13:25",2725.8,2,vaprf5
316,16632172,Ayodeji,"2026-09-16 16:08:15",2725.3,2,ayodejiibrahimlateef
317,16764459,在高速上逆行是危险的,"2026-09-16 15:42:04",2723.7,2,"chaojiwudiwujie,qianxiang123"
318,16656432,"CornHub Premium","2026-09-16 13:22:42",2723.6,2,nihilisticneuralnet
319,16702275,Joyal,"2026-09-16 09:41:16",2723.2,2,joyalseejo
320,16765884,洛希边际,"2026-09-16 02:08:17",2723.2,2,bxz2003
321,16623449,"Ryo Takaki","2026-09-16 19:26:04",2723.1,2,ryotakaki
322,16904028,BraydenPikachu,"2026-09-16 22:54:17",2722.4,2,braydenpikachu
323,16659412,yesterdays_rebel,"2026-09-16 08:53:35",2722.2,2,irfanparaniya
324,16632304,"Masataka Suzuki","2026-09-15 13:35:29",2721.8,2,masatakasuzuki
325,16904984,"Andrej Angelovski","2026-09-16 17:32:42",2720.9,2,cybertiger7
326,16891740,quwon_000,"2026-09-16 15:37:02",2720.3,2,quwon000
327,16623520,asteriam,"2026-09-16 05:36:38",2719.9,2,masatakashiwagi
328,16661050,Master_S1ave,"2026-09-16 22:18:01",2718.9,2,masters1ave
329,16664640,kaggricodex,"2026-09-16 07:04:07",2718.7,2,underestimated
330,16661665,"Leonardo Viola10","2026-09-16 14:23:21",2717.8,2,leonardoviola10
331,16765668,shun_johnny,"2026-09-16 23:47:44",2717.7,2,shunjohnny
332,16778178,kyosan,"2026-09-16 05:13:47",2717.5,2,"azizbekxasanov,dilyorbek"
333,16630689,yw8837,"2026-09-16 16:39:21",2717.5,2,yw8837
334,16675671,Marlubie,"2026-09-16 13:41:24",2717.5,2,kchuang
335,16636536,tetsu2131,"2026-09-16 11:53:55",2716.9,2,tetsutani
336,16681369,GanadorPlusUltra,"2026-09-16 13:48:13",2716.0,2,ganadorplusultra
337,16775378,TK256,"2026-09-16 20:26:50",2714.7,2,tk256ailab
338,16890988,"Aleksandrov Andrey Alekseevich","2026-09-16 16:29:03",2714.5,2,abbeleve
339,16746025,Hamachi,"2026-09-16 20:40:53",2714.4,2,hamatz
340,16810171,kta_jpn,"2026-09-16 03:30:16",2714.4,2,ktajpn
341,16682667,"zeel vavliya","2026-09-16 08:27:09",2714.3,2,zeelvavliya
342,16859757,"Nathan Jacob","2026-09-16 17:17:47",2714.1,2,nathanjacob
343,16740010,"Kobe BRYANT","2026-09-16 06:28:09",2714.1,2,kobebryantjohn
344,16623451,Ueddy,"2026-09-16 14:59:36",2712.7,2,ku0807
345,16802505,daviondk,"2026-09-16 20:29:10",2712.4,2,daviondk
346,16723620,3정훈,"2026-09-11 10:44:14",2712.0,2,az05192000gmailcom
347,16641524,AkiraIshikawa,"2026-09-16 21:14:47",2711.1,2,akiraishikawa
348,16870621,BobtheBot369,"2026-09-16 18:33:59",2710.5,2,bobthebot369
349,16671017,"Pablo César Ruíz","2026-09-16 09:17:30",2710.1,2,pcruiher08
350,16687363,"elegantangel (628700)","2026-09-16 15:08:53",2709.8,2,elegantangel
351,16784416,tatt:)ch,"2026-09-16 15:29:00",2709.6,2,"awewrasdffetfe,tattch"
352,16666566,"Rairo Mukamuri","2026-09-16 20:33:48",2709.4,2,thetraveller
353,16843315,Talvenn,"2026-09-16 20:48:16",2708.6,2,talvenn
354,16732879,daulettoibazar,"2026-09-16 14:32:16",2708.5,2,daulettoibazar
355,16846857,"Tomohiro Nagai","2026-09-16 14:30:47",2708.1,2,tomohironagai
356,16732051,Jeryos,"2026-09-16 09:06:52",2708.0,2,joulskaf
357,16891703,"Rasmus Hulthe","2026-09-16 14:01:22",2707.3,2,zazmuz
358,16658365,OnlyFarms,"2026-09-16 14:13:57",2707.0,2,hoowoo
359,16734580,shyjin,"2026-09-16 09:32:28",2706.9,2,shyjin
360,16885498,farmhouse,"2026-09-16 13:56:37",2706.5,2,tomoyayanagi
361,16822071,"aisormo P.H","2026-09-16 19:40:58",2706.4,2,aisormoph
362,16860811,XiaoXiaoJ,"2026-09-16 05:53:22",2706.3,2,xiaoxiaoj
363,16668688,"Nezihe Sözen","2026-09-16 17:30:41",2705.9,2,nezihesozen
364,16866549,"Roman Nesterov","2026-09-16 11:49:54",2705.9,2,romanest
365,16768239,Oshbocker,"2026-09-16 20:59:16",2705.6,2,oshbocker
366,16796937,Alan,"2026-09-16 13:45:54",2704.6,2,amunsentom
367,16641548,"Indium AI Labs","2026-09-16 04:41:04",2703.4,2,"devaanshpa,wolframbopp"
368,16683755,"Meng Di","2026-09-16 18:11:14",2703.3,2,hughshaoqz
369,16892357,easygame,"2026-09-16 17:35:12",2703.2,2,"kangqinyao,xinjunc"
370,16716335,JamesJJJJJ,"2026-09-16 18:19:09",2703.1,2,jamesjjjjj
371,16854472,Taimo,"2026-09-16 14:56:55",2702.7,2,taikimori
372,16751820,yy,"2026-09-16 08:26:25",2702.3,2,hirokiyamazaki
373,16779977,sue124,"2026-09-16 16:14:49",2701.9,2,ryotasueyoshi
374,16657785,"Himanshu Kumar","2026-09-16 04:26:12",2701.2,2,himanshujha2812
375,16632245,u,"2026-09-16 12:24:57",2701.1,2,"apostoloskontarinis,curbotron13,halzweiman,josephmcgonaglebrown,shreyanshpoddar"
376,16671412,Xman,"2026-09-16 22:49:16",2701.0,2,xuanzhang001
377,16885548,"Anand Kumar 369o","2026-09-16 15:24:25",2700.9,2,anandkumar369o
378,16840439,"God Se7en","2026-09-15 17:06:04",2700.4,2,godseven7
379,16653068,"Shuichi Fushimi","2026-09-15 11:47:34",2700.1,2,shuichifushimi
380,16622319,"Roman Tamrazov 52","2026-09-16 13:02:22",2698.7,2,romantamrazov
381,16633340,"Tim Zagrebelny","2026-09-16 09:48:15",2698.3,2,timzagrebelny
382,16749071,snc5656,"2026-09-16 23:24:09",2698.0,2,jamm1412
383,16633226,test_money,"2026-09-16 13:56:31",2697.7,2,michaelsemenoff
384,16662910,"shoryakumar mishra","2026-09-16 18:36:02",2697.1,2,shoryakumarmishra
385,16737944,ToastUz,"2026-09-16 14:17:14",2697.0,2,tatsuzoosawa
386,16726545,whm8016,"2026-09-16 23:48:09",2696.9,2,whm8016
387,16803448,jiatu.l,"2026-09-16 14:47:57",2696.5,2,jiatul
388,16693904,DeeperNet,"2026-09-16 12:52:21",2696.5,2,"deepernet,kkkggg,xblade"
389,16805906,FENGYESHAN,"2026-09-16 17:53:07",2696.3,2,fengyeshan
390,16663946,"Hello San Francisco","2026-09-16 12:59:25",2695.5,2,"circiumaru,dulgherustefan,radugoga"
391,16644690,Dubnium,"2026-09-16 12:00:44",2695.1,2,ahmetyasin1
392,16731971,s_a_ai_engineer,"2026-09-16 15:15:33",2694.9,2,saaienginner
393,16851399,"Ali Eren Konak","2026-09-16 22:59:28",2694.7,2,alierenkonak
394,16876865,LR.AIML,"2026-09-16 15:05:01",2694.6,2,"lucasgroot,robkraseu"
395,16697767,"Teddy Tennant","2026-09-16 13:08:06",2693.7,2,thtennant
396,16639155,"Arturo Gutiérrez Aguilar","2026-09-16 01:53:17",2693.7,2,jarturo
397,16692711,Deniz,"2026-09-16 14:51:14",2693.0,2,denizeryilmaz
398,16621628,pupen_o,"2026-09-15 21:59:06",2692.8,2,pupeno
399,16693215,"Izzoudine Mohamed KANTA","2026-09-16 12:35:40",2692.7,2,izzoudeenkanta
400,16688217,"The Grower","2026-09-16 00:56:34",2692.5,2,vigneshsankar1962
401,16680172,TTANE,"2026-09-16 20:12:40",2691.4,2,otmaneelmahdaouy
402,16634179,daoviet,"2026-09-16 09:19:02",2691.1,2,daoviet
403,16660251,Yagawa,"2026-09-16 13:53:22",2690.4,2,yagawa
404,16670371,rkd,"2026-09-16 17:12:28",2690.3,2,ryookd
405,16809294,Cherie01,"2026-09-16 19:50:07",2690.1,2,cherie01
406,16731966,ねねね,"2026-09-16 14:44:21",2689.6,2,napier1550
407,16623799,"Akhilesh godugu","2026-09-16 15:41:08",2689.1,2,"akhileshgodugu,ashokgodugu"
408,16854060,Q,"2026-09-16 08:01:06",2688.2,2,dalll77
409,16832209,enduejdu,"2026-09-16 10:50:47",2687.9,2,"enduejdu,vvennie,yuwenyue"
410,16892682,"Yasuhiro Manai","2026-09-16 18:47:46",2687.8,2,yasu01
411,16663214,"Mathieu W","2026-09-16 11:10:05",2687.5,2,mathieuw
412,16727182,FinalSunFlower,"2026-09-16 13:30:03",2687.3,2,finalsunflower
413,16840212,anngle,"2026-09-16 12:42:59",2686.2,2,anngle
414,16730301,wonder777,"2026-09-16 01:17:28",2685.7,2,wonder777
415,16653385,"Vasilii Buzmakov","2026-09-16 17:48:05",2685.5,2,vasiliibuzmakov
416,16643319,Jules,"2026-09-16 14:15:26",2685.2,2,julesvanligtenberg
417,16654783,quantara.cv,"2026-09-14 21:33:59",2685.2,2,goth55
418,16644808,"Rotation Theory","2026-09-16 04:44:38",2684.6,2,mikhsank
419,16623400,Less,"2026-09-16 00:52:13",2683.4,2,jiaoyouzhang
420,16701697,"Shadow #2","2026-09-16 15:32:45",2682.5,2,chetanagrawall
421,16639844,MaxChen303,"2026-09-16 16:18:46",2682.5,2,maxchen303
422,16624276,MKGA,"2026-09-16 22:19:09",2682.4,2,"horizen12,zejunfool"
423,16655520,"kaggle Osaka","2026-09-16 20:46:49",2682.2,2,toshiyukitanaka
424,16629165,lingyu07,"2026-09-16 14:38:08",2682.2,2,lingyu07
425,16785483,xiongrui666,"2026-09-16 02:40:29",2681.3,2,xiongrui666
426,16623577,"Jiayi Tang","2026-09-16 11:04:37",2681.1,2,mannguo
427,16826465,linmumu009,"2026-09-16 09:23:38",2681.1,2,"linmumu009,renjunxiang"
428,16799428,hatata,"2026-09-16 13:04:35",2681.1,2,hatata3737
429,16790943,"Tashfik Salehin","2026-09-16 12:47:36",2680.8,2,tashfiksalehin
430,16790765,Aristotle.Chen,"2026-09-16 16:23:55",2680.4,2,aristotlechen
431,16848060,juliencst,"2026-09-15 22:41:27",2679.4,2,juliencst
432,16786517,"Kagdew Valley_HeNU","2026-09-16 09:50:05",2678.9,2,"hongtongyi,hoshiiabc,lizhe125,ypeng1234"
433,16695567,tera358,"2026-09-16 10:45:44",2678.7,2,tera358
434,16806541,hidenov,"2026-09-16 04:46:01",2678.6,2,hidenov
435,16891283,tofu1002,"2026-09-16 18:59:04",2677.9,2,tofu1002
436,16871584,xder,"2026-09-16 14:19:43",2677.2,2,xderyeke393
437,16869614,"Szymon Miłosz","2026-09-16 18:49:43",2676.9,2,szymonmiosz
438,16632097,PavelLiashkov,"2026-09-16 12:18:17",2676.2,2,bigbag1983
439,16624919,"Juste Me (●'◡'●)","2026-09-16 15:01:31",2675.9,2,degnonguidi
440,16742369,"Ömer Faruk Yüce","2026-09-16 14:28:01",2675.4,2,merfarukyce
441,16709492,abozten,"2026-09-14 18:54:17",2675.1,2,abozten
442,16631460,Kosuke.T,"2026-09-16 01:03:22",2673.7,2,kosuke1992
443,16823930,"Yiyang Xu","2026-09-16 13:51:30",2673.6,2,yiyangxudmm
444,16695283,"Mark Baushenko","2026-09-16 17:31:54",2673.5,2,e0xextazy
445,16847543,"Sankalp Wanjari","2026-09-16 18:40:53",2673.3,2,sankalpwanjari25
446,16768702,"Crop It Like It's Hot","2026-09-16 05:45:59",2672.4,2,"davidben10,rachel79"
447,16731678,ShadowT_T,"2026-09-16 21:01:13",2672.2,2,shadowtt
448,16661994,"Suvrat Rai","2026-09-16 09:32:15",2671.5,2,suvrat11rai
449,16668227,Yusuraume,"2026-09-16 12:44:29",2671.0,2,sugitatomohiko
450,16742684,Inzilbêth,"2026-09-16 10:22:29",2670.6,2,inzilbth
451,16894895,kangmingpeng,"2026-09-16 15:30:08",2668.7,2,kangmingpeng
452,16801171,"Asterios Terzis","2026-09-16 01:07:43",2668.4,2,asteriosterzis
453,16624309,jjamppongmandu,"2026-09-16 17:12:42",2666.6,2,"beckspeca,hihiimj,jjamppongmandu"
454,16908116,"Kabir Potdar","2026-09-16 18:40:56",2666.3,2,kabir01010
455,16632157,"福原 大知","2026-09-16 17:13:00",2665.9,2,fxxyfox
456,16767360,"Sinh Nguyễn Đức","2026-09-16 16:43:01",2665.8,2,sinhnguync
457,16676609,cqupt_sdq,"2026-09-16 13:11:42",2665.2,2,sdq2237
458,16676455,"Sarthak Sharma ","2026-09-16 12:24:18",2664.3,2,sarthaksharma14
459,16693342,takemo,"2026-09-16 12:14:26",2664.2,2,takemoriyuto
460,16859963,林溪,"2026-09-16 13:04:55",2664.1,2,linxii012
461,16809332,"ansheng jhang","2026-09-16 03:04:02",2663.7,2,anshengjhang
462,16857766,OmerZalman,"2026-09-16 23:00:19",2662.5,2,omerzalman
463,16633507,"Ivan Vorfolomeev","2026-09-16 08:38:17",2662.5,2,ivanvorfolomeev
464,16637546,Forrest,"2026-09-16 04:11:40",2660.8,2,yinxiaogang
465,16866458,lalal2006,"2026-09-16 13:57:10",2660.6,2,lalal2006
466,16623974,Canon,"2026-09-16 21:40:24",2660.5,2,sotakurihara1
467,16691512,"Hongxin Su","2026-09-16 20:46:06",2659.6,2,hongxinsu
468,16851343,"Ritwika Kancharla","2026-09-16 13:07:22",2658.7,2,ritwikakancharla
469,16906012,GarbageOoze,"2026-09-16 21:09:21",2658.5,2,garbageooze
470,16732735,MMMMMMMMMMMM,"2026-09-16 14:57:27",2658.4,2,hyh273279
471,16661039,Abracadabra,"2026-09-16 22:26:40",2658.4,2,giovannicr
472,16795853,GaoKui,"2026-09-16 02:07:44",2657.9,2,gaokui
473,16670967,"Ne ML Clan","2026-09-16 21:44:07",2657.9,2,"al55522me,egoregors,sirgauda,vladmazeev"
474,16888794,NonCaffeine,"2026-09-16 22:04:34",2657.8,2,noncaffeine
475,16774701,@Suzumaru_1666,"2026-09-16 13:09:08",2657.8,2,suzumaru1666
476,16848063,"Yuan Weijun","2026-09-16 01:22:39",2657.5,2,yuanweijun
477,16887107,"Crazy Spirits","2026-09-16 11:31:52",2655.5,2,latents
478,16783265,"Xiangjiang Zhou","2026-09-16 13:53:04",2654.8,2,xiangjiangzhou
479,16779304,"Ari Nakos","2026-09-16 18:34:40",2654.6,2,aristides
480,16845833,おかゆん,"2026-09-15 14:16:44",2653.8,2,okayun
481,16709809,RiyaSoni20,"2026-09-16 20:38:07",2653.3,2,"riyasoni20,rudraamin06"
482,16875984,cccyou,"2026-09-16 13:58:36",2652.9,2,cccyou
483,16729102,"Bruce Zheng","2026-09-16 06:58:02",2652.8,2,brucezheng666
484,16640600,"Giord Frank","2026-09-16 12:30:53",2652.6,2,tangerinedog
485,16709101,"Djaafar Lecheheb DL","2026-09-16 20:54:46",2652.4,2,djaafarlechehebdl
486,16879127,lihaoruolhr,"2026-09-16 06:07:00",2652.1,2,lihaoruolhr
487,16806195,unreal,"2026-09-16 21:41:43",2652.0,2,gauravgs1007
488,16670524,"Nat Bel ML Fun","2026-09-16 21:53:27",2650.3,2,natbel4ml
489,16781166,Ant,"2026-09-16 23:50:01",2650.2,2,anthonytrevino
490,16692845,"Yassine Ben Zekri","2026-09-16 22:08:27",2649.1,2,yassinebenzekri
491,16666977,"Tagir Analyzes","2026-09-16 07:40:09",2648.7,2,tagirkhairutdinov
492,16654881,Freddy,"2026-09-16 07:40:18",2648.3,2,twoxding
493,16743172,moonzfxs,"2026-09-16 15:14:35",2647.7,2,moonzfxs
494,16712560,"Max vrstpan1","2026-09-16 06:17:13",2647.7,2,wdjy123456
495,16893006,"Duvor Richard","2026-09-16 09:49:33",2647.6,2,duvorrichard
496,16623875,"Pavlo Ivanin","2026-09-16 14:18:59",2646.7,2,pavloivanin
497,16666805,Kaggs,"2026-09-16 09:25:16",2646.6,2,ayush21042004
498,16623488,"Kevin E R MILLE","2026-09-16 15:18:50",2646.1,2,kevinermille
499,16866579,"Fighting Gold","2026-09-15 23:34:27",2646.0,2,sawada
500,16905679,xaxipiruli,"2026-09-16 09:28:37",2645.7,2,xaxipirulazo
501,16740815,Remielle,"2026-09-16 10:49:39",2645.5,2,remielle
502,16905426,futabato,"2026-09-16 14:33:18",2645.3,2,futabato
503,16658554,Pai,"2026-09-16 16:26:20",2645.1,2,rajathrpai
504,16663603,xsong2020,"2026-09-16 18:01:14",2644.6,2,xstargate
505,16656496,"Vaibhav Gupta","2026-09-16 15:36:39",2644.3,2,vaihero
506,16758954,shenjj02,"2026-09-16 12:48:26",2644.1,2,shenjj26
507,16660483,TIM,"2026-09-15 23:50:33",2643.3,2,daynoryamil
508,16851133,"Bryan Pauze","2026-09-16 22:22:30",2643.2,2,bryanpauze
509,16660840,"An Garcia","2026-09-16 11:51:44",2642.8,2,angarcia
510,16900902,"Younes Chafi","2026-09-16 21:10:26",2642.1,2,youneschafi
511,16728708,"Rishi Jain","2026-09-16 16:05:43",2641.9,2,rishijain07
512,16777394,antadam127,"2026-09-16 03:20:54",2641.6,2,antadam127
513,16757809,dasfds,"2026-09-16 18:13:53",2641.5,2,dasfds
514,16624934,"Haramball forever!","2026-09-16 09:14:29",2641.1,2,envyy23120093
515,16904006,vorlian,"2026-09-16 03:18:09",2640.2,2,vorlian
516,16682879,"Ace Team","2026-09-16 20:30:25",2640.0,2,drpatrickchan
517,16675063,"King Tian","2026-09-16 07:44:26",2638.9,2,tianwang1210
518,16671306,Yeswanthperni,"2026-09-16 03:11:29",2638.7,2,"tanvicaaa,yeswanthperni"
519,16720056,"Heads or Tails","2026-09-16 21:55:22",2638.5,2,headsortails
520,16727998,hidsaito,"2026-09-16 10:02:58",2638.5,2,hidsaito
521,16842300,fanmili,"2026-09-16 11:04:18",2637.5,2,fanmili
522,16635209,4eta,"2026-09-16 16:21:31",2637.4,2,bio4eta
523,16655190,"Will Rice","2026-09-16 15:21:25",2637.4,2,willrice
524,16806249,CLJY,"2026-09-16 06:29:13",2637.0,2,cljy2026
525,16748476,sam_the_rice_cake,"2026-09-16 06:04:53",2636.8,2,"hash548,wliilamsam"
526,16679214,alban,"2026-09-16 14:52:21",2636.7,2,albantiacoh
527,16793396,...,"2026-09-16 05:03:59",2636.5,2,shackles6966
528,16889791,JinboWang,"2026-09-16 13:34:12",2636.5,2,jinbowang1
529,16621315,"Reyhan Ksatria","2026-09-16 06:32:06",2636.3,2,reyhanksatria
530,16849328,"Gaurav #2","2026-09-16 14:52:12",2636.1,2,genesis96839
531,16696720,"JAZ COLD HORN","2026-09-16 22:16:48",2635.9,2,"evanmaksud,jazivxt,maulikgajera,niazmohaimanabtahi,victorhorn"
532,16842183,"Sumukh M G","2026-09-16 11:26:51",2635.9,2,sumukhmg35
533,16623990,senkin13,"2026-09-16 18:00:46",2635.6,2,senkin13
534,16886627,caintly,"2026-09-16 08:24:27",2635.5,2,eyesad
535,16681927,"Dariush Afshar","2026-09-16 05:15:16",2635.1,2,dariushafshar
536,16657229,"Adam Plow","2026-09-16 13:58:14",2635.1,2,lizhiiii
537,16827097,"Bình Trần Thanh","2026-09-16 03:47:00",2635.1,2,dsdadasda
538,16652079,Infill,"2026-09-16 07:46:41",2635.0,2,infill
539,16705139,gogogo,"2026-09-15 22:33:57",2635.0,2,huzech
540,16677518,"Khor Yin Loon","2026-09-16 16:25:50",2635.0,2,khoryinloon
541,16889296,"Takauchi Suguru","2026-09-16 14:17:28",2634.1,2,gurusut
542,16870342,"CHEN Xiang","2026-09-16 21:22:59",2633.8,2,intoxicatinglips
543,16883355,"Zalyaliev Marat","2026-09-16 23:35:44",2633.1,2,axollo
544,16751603,xxxzzz123312123321,"2026-09-16 09:18:44",2633.1,2,xxxzzz123312123321
545,16644303,"kevin zhou","2026-09-16 21:26:04",2633.0,2,kevinzhou66
546,16756411,"Maximo Uribarri","2026-09-15 14:59:17",2632.8,2,maximouribarri
547,16746010,"Khoi Tuan Nguyen","2026-09-16 15:01:51",2632.4,2,khoingt
548,16878308,Pjchauhan,"2026-09-16 13:35:42",2632.3,2,pjchauhan
549,16640067,"minghao mei","2026-09-16 07:21:33",2632.0,2,minghaomei
550,16667951,KoRo2_JP,"2026-09-16 08:32:42",2632.0,2,koro2jp
551,16861302,YieldCurve,"2026-09-16 22:36:11",2632.0,2,"gendaijin,haruna015"
552,16690065,JiangWenfeng1,"2026-09-16 03:21:14",2631.9,2,jiangwenfeng1
553,16764394,haseryooooo,"2026-09-16 06:02:16",2631.8,2,haseryooooo
554,16732445,NikolaiLeukhin,"2026-09-16 22:25:58",2631.7,2,kolyaflexcu
555,16841190,dp23334,"2026-09-16 01:29:07",2631.4,2,dp23334
556,16802322,HongchenDai,"2026-09-16 09:23:25",2630.9,2,hongchendai
557,16778835,kiyoc,"2026-09-16 03:37:37",2630.6,2,kiyoshiohno
558,16658038,Khanh,"2026-09-16 07:07:25",2630.4,2,khanhp142
559,16810078,Sam-wiz,"2026-09-16 03:12:40",2630.3,2,samwiz
560,16632558,RUI,"2026-09-16 05:11:05",2629.9,2,zaiwubian
561,16864113,YYC3,"2026-09-16 06:37:37",2629.6,2,icongovo
562,16723893,iring58,"2026-09-16 00:33:48",2628.9,2,iring58
563,16817750,"Baiqing Wang","2026-09-16 10:49:20",2628.7,2,wangbqbqbq
564,16723318,グレイラットルーデウス,"2026-09-16 03:16:04",2628.5,2,rudeus666
565,16898760,"Berat Erol ÇELİK","2026-09-16 19:55:23",2627.9,2,beraterolelk
566,16637597,venks,"2026-09-16 21:35:21",2627.7,2,vterli
567,16868759,Pand,"2026-09-16 18:47:30",2627.5,2,pand999
568,16832192,"No Name #2","2026-09-16 05:41:34",2626.9,2,ivanj0
569,16624056,Raggriculture,"2026-09-16 09:12:34",2626.9,2,ravi123a321at
570,16871381,huaiyuyoung,"2026-09-15 23:12:00",2626.8,2,huaiyuyoung
571,16652536,Satoshi_SsSs,"2026-09-16 17:19:07",2626.3,2,satoshissss
572,16750268,"Harris Bashir","2026-09-15 21:14:36",2625.9,2,harrisbashir
573,16806938,boominginging,"2026-09-15 23:18:23",2625.9,2,"aviator22,boominginging,caiwenjie123,mikeintokyo"
574,16747982,"Affriza Wildan Fauzan","2026-09-16 04:25:53",2625.7,2,affrizawildanfauzan
575,16656011,"Jiashun Tan","2026-09-16 02:41:52",2625.7,2,jiashuntan
576,16632867,"Rayk Kretzschmar","2026-09-15 17:56:43",2625.6,2,raykkretzschmar
577,16658895,kunihiro,"2026-09-16 06:46:13",2625.0,2,kunihiro
578,16742439,"Shangshang Zhang","2026-09-16 03:49:08",2624.6,2,msvzss
579,16847936,张志浩1,"2026-09-16 22:15:13",2624.4,2,zzh13332470923
580,16659730,"Zhang Yingluo","2026-09-16 06:42:07",2623.5,2,zhangyingluo
581,16782203,"rui xiong","2026-09-16 12:47:24",2623.4,2,xiongruihumingyu
582,16688896,"JianYuan Deng","2026-09-16 22:59:24",2622.7,2,jianyuandeng
583,16883863,qhapaq49,"2026-09-16 21:11:50",2622.2,2,qhapaq49
584,16701258,ln,"2026-09-16 06:29:13",2621.7,2,nazarov
585,16623635,HiroyukiSasaki,"2026-09-16 03:36:58",2621.7,2,hiroyukisasaki815
586,16725177,misaka12435,"2026-09-16 12:29:47",2621.5,2,misaka12435
587,16653093,"willam wu","2026-09-16 03:34:43",2621.3,2,biaaib
588,16789745,LoveLetter,"2026-09-16 16:27:03",2621.1,2,arthasmenethil
589,16881336,hanlei,"2026-09-16 03:17:07",2621.1,2,hanleileo
590,16625921,JinchengZhang1,"2026-09-16 07:40:13",2620.8,2,jinchengzhang1
591,16634765,democatXamer,"2026-09-16 21:53:52",2620.1,2,w1326627677
592,16826719,"Dennis HT","2026-09-16 07:47:51",2619.5,2,dennisht
593,16903970,qorlin,"2026-09-16 03:12:00",2619.4,2,qorlin
594,16738492,"Follow Me Gradient","2026-09-16 11:41:02",2619.1,2,farukece
595,16640048,"extra eclaire","2026-09-16 17:29:35",2619.1,2,"aeniminu,extraeclaire"
596,16655922,kusui26,"2026-09-16 08:03:16",2618.7,2,kusui26
597,16674312,yuxuan,"2026-09-16 06:51:08",2618.1,2,yuxuan1221
598,16642570,"Mathurin Ache","2026-09-16 05:52:31",2617.8,2,mathurinache
599,16778707,momohuhu_kkkkkarrot,"2026-09-16 00:37:39",2617.5,2,kjy666
600,16658343,aisamhottman,"2026-09-16 10:40:07",2617.5,2,heuingttiang
601,16792586,dodoshark,"2026-09-16 14:42:09",2617.3,2,dodoshark
602,16727110,yemaoye,"2026-09-16 05:31:49",2617.3,2,yemaoye
603,16865570,"Kedar Kale","2026-09-16 08:07:15",2617.2,2,kedarkale
604,16863350,"Horatio Eversfield","2026-09-16 22:17:59",2616.8,2,horatioeversfield
605,16898547,"[Deleted] 56e880dc-015c-4899-9c1b-85d9958ef4af","2026-09-15 18:25:34",2616.1,2,del=84798c2d77df7d9d
606,16809211,"Aleix López","2026-09-16 10:51:11",2615.9,2,aleixlopez
607,16765807,"Win Suthar","2026-09-16 04:04:26",2615.7,2,ashwanidhukra
608,16858207,"David Wang","2026-09-16 09:02:15",2615.6,2,renew66
609,16690401,Skyspace,"2026-09-16 11:02:11",2615.5,2,empireblue
610,16624893,"GURU Prasaatha S","2026-09-16 11:57:53",2615.4,2,guruprasaathas111
611,16774699,"Rio Nakamura","2026-09-16 09:25:16",2615.2,2,rionakamura10
612,16682183,lihaha.36,"2026-09-16 06:00:51",2615.1,2,lihaha36
613,16742183,alessandrozonta,"2026-09-16 08:01:03",2615.0,2,azonta
614,16738534,"Sakito Horie","2026-09-16 14:14:19",2614.7,2,sakitohorie
615,16743427,Under遊具,"2026-09-16 10:00:42",2614.5,2,andayougui
616,16827571,"BNBU ","2026-09-16 02:52:49",2613.8,2,"andycooper747,austindengkaggle,BNBUDINGSHANLee21,yuxiang328"
617,16626814,"Vu Tran Hoang","2026-09-16 03:59:33",2613.0,2,hoangvux
618,16735794,宗宗没有英文名,"2026-09-16 12:12:31",2612.5,2,iver666
619,16719563,"GPT-5.6 Sol🏆","2026-09-16 11:15:26",2612.4,2,"ctfxiao,gaoruihua,otherworldly777,wennaliu2007,xgentle"
620,16631752,"Junichiro Morita","2026-09-16 12:28:31",2612.3,2,junichiromorita
621,16866933,tech-Mira,"2026-09-15 15:19:34",2611.1,2,itsukiito
622,16674919,yukiZ,"2026-09-16 10:50:50",2610.7,2,hideyukizushi
623,16729280,"Ryoya Tsuruoka","2026-09-16 23:05:12",2610.6,2,"irohasorange,mrooto,rahaia"
624,16819431,kkkk,"2026-09-16 01:40:25",2610.6,2,kkkk4649
625,16890118,chiikavyshy,"2026-09-16 07:29:55",2610.2,2,"marynaborovska,yuriygreben"
626,16656340,MAGMA,"2026-09-16 01:53:27",2610.2,2,infiheart
627,16732210,tanadai,"2026-09-16 21:42:23",2610.1,2,da0516
628,16670933,Pat,"2026-09-15 05:34:10",2609.7,2,junseia
629,16676193,"Akira Hirohashi","2026-09-16 23:40:39",2609.6,2,akirahirohashi
630,16814417,"Jane Street Farmers","2026-09-16 09:19:05",2609.5,2,"akamasterpiece,gianghiango,paramizodicrominique,phnhnnguyn,sebastiancooper116"
631,16662314,"Hanh Tran","2026-09-16 09:57:42",2609.2,2,honghanhhh
632,16655263,rishavsaigal,"2026-09-16 14:22:59",2608.6,2,rishavsaigal
633,16904371,Makhmudov_1602,"2026-09-16 06:34:48",2608.4,2,makhmudov1602
634,16627796,tizawa3,"2026-09-16 22:20:12",2608.2,2,tizawa
635,16751516,uki706,"2026-09-16 01:46:56",2607.8,2,uki706
636,16671738,Exposed,"2026-09-16 22:32:00",2607.7,2,erickeller2
637,16624339,"Дворкин Евгений Владимирович","2026-09-16 11:59:08",2606.9,2,evgendvorkin
638,16897519,SShota-box,"2026-09-16 05:00:36",2606.8,2,sshotabox
639,16799266,"Kucing Garong","2026-09-16 08:39:44",2606.3,2,syaugialkaf
640,16657100,"Jacky Chan","2026-09-16 01:58:34",2605.1,2,jhkchan
641,16685122,borealisalastor,"2026-09-16 10:57:09",2604.9,2,borealis27
642,16667767,t3l3kin3sis,"2026-09-16 04:07:23",2604.7,2,"daffafariq,hashmatzamaryali,malsabbagh05"
643,16820794,"Yuxuan Ba","2026-09-16 01:28:17",2603.9,2,"cynthiaaaaa06,yuxuanba"
644,16664359,"Apil Khadka","2026-09-16 17:34:06",2603.9,2,apilkhadka
645,16631640,"dont share my work for value","2026-09-16 11:49:27",2603.7,2,caoyupeng
646,16860071,TOSS,"2026-09-16 15:15:57",2603.0,2,toshikawa80
647,16663271,"Malyshev Danil","2026-09-16 11:27:39",2602.8,2,malyshevdanil
648,16685982,Snorf,"2026-09-16 20:25:31",2602.7,2,snorfyang
649,16687479,kowalskii,"2026-09-16 18:02:25",2602.5,2,anirudhkumaraheer
650,16704466,"QQ Farming","2026-09-16 08:28:29",2602.1,2,"dzjiann,hdhsjdjd,keithtyser,mitubant,ngyzly"
651,16907222,"Harshith Kumar","2026-09-16 17:13:57",2602.1,2,harshith1212a
652,16659550,"Sai Syam","2026-09-16 11:42:36",2602.1,2,saisyam
653,16765135,neuro168,"2026-09-16 05:16:50",2602.0,2,lordmc
654,16792109,rogerrogerroger3r,"2026-09-16 08:49:17",2602.0,2,rogerrogerroger3r
655,16870577,"Kenan Zhang9","2026-09-16 10:25:19",2601.7,2,kenanzhang9
656,16738349,Suna-D,"2026-09-16 10:22:24",2601.4,2,sunad0630
657,16731834,Kamma,"2026-09-16 02:08:29",2601.4,2,"cheliu0307,makerfly,vonlanvonlan233"
658,16847478,tokitamago,"2026-09-16 23:28:21",2600.9,2,tokitamago
659,16855477,SiriusStarRally,"2026-09-16 09:32:59",2600.5,2,siriusstarrally
660,16824931,Magniverko,"2026-09-16 09:07:30",2599.7,2,huangyingkun
661,16651257,PursueML,"2026-09-15 13:38:39",2597.7,2,"cuijohn,pursueml"
662,16633190,Gigrise,"2026-09-15 22:33:00",2597.3,2,gigrais
663,16863551,"Fady Mohammed","2026-09-16 18:58:25",2597.0,2,fadymagdy
664,16689741,shinamonmon,"2026-09-16 02:44:27",2596.4,2,shinamonmon
665,16670537,Silhouette,"2026-09-16 22:11:38",2596.2,2,jamessargsyan
666,16745569,kitchs,"2026-09-16 11:30:38",2596.2,2,kitchs
667,16674949,"Lev Neganov","2026-09-16 18:20:29",2595.9,2,levoel
668,16770229,"shivam kanojia","2026-09-14 04:50:37",2595.8,1,shivamkanojia1
669,16728135,sukirman,"2026-09-16 03:25:01",2595.8,2,rakbidb
670,16657728,"T Soo","2026-09-15 07:09:05",2595.2,2,ttgrcgrc
671,16776793,"Guilherme Raiuga","2026-09-16 21:47:21",2594.2,2,guilhermeraiuga
672,16678693,"Maher el Ouahabi","2026-09-16 18:50:48",2593.9,2,maherelouahabi
673,16693549,別班,"2026-09-15 14:47:00",2593.4,2,"kusurizuke,pepushi,tomokiaki"
674,16706395,"Kunal Desale","2026-09-16 04:25:54",2593.2,2,kunaldesale2408
675,16771394,"ZHIRUI ZHAO","2026-09-16 02:01:35",2592.1,2,zhiruizhao
676,16661607,choqui62,"2026-09-16 14:53:22",2592.0,2,choqui62
677,16708315,beeyan,"2026-09-16 14:14:38",2591.1,2,beeyan0821
678,16846963,成吉思汗,"2026-09-16 07:20:23",2590.9,2,jddhhdh
679,16693534,HireMe,"2026-09-16 14:22:38",2590.5,2,junta1104
680,16624047,GUOHAOYANG,"2026-09-16 22:42:54",2590.4,2,pkuszboi
681,16640540,QYQ1693,"2026-09-16 03:29:19",2588.8,2,qyq1693
682,16758882,mtmr_s1,"2026-09-16 23:56:26",2587.9,2,mtmrs1
683,16622459,"Munal Singh","2026-09-15 17:19:06",2587.8,2,munalsingh
684,16632291,"alex chilton","2026-09-16 15:16:29",2587.7,2,alexchilton
685,16784217,MMN0222,"2026-09-16 16:17:56",2587.7,2,mmn0222
686,16634952,"Igor Zharov","2026-09-16 12:22:30",2587.7,2,flexonafft
687,16839983,hana87hana,"2026-09-16 13:10:37",2587.2,2,hana87hana
688,16657941,"Nick Styles","2026-09-16 12:09:15",2587.2,2,styles
689,16850078,"Safwan Amin","2026-09-16 16:53:04",2586.8,2,bracu23101281
690,16695046,"Farmers Is All You Need","2026-09-16 14:58:21",2586.4,2,"aurax7,coolinlai,davidsarrat,pseree,zongzishuang"
691,16665331,winstonton,"2026-09-16 18:28:07",2585.8,2,winstonton
692,16796544,"Xiaonan FU","2026-09-16 01:44:11",2584.8,2,xiaonanfu999
693,16803032,"varshitha kolupuri","2026-09-15 09:18:25",2584.7,2,varshithakolupuri
694,16818060,bnfan,"2026-09-16 20:19:03",2584.6,2,simonfan7
695,16761652,"Dhruv #2","2026-09-16 13:04:26",2584.1,2,dhruvrama
696,16879636,aaaaLiu123,"2026-09-16 08:30:41",2583.8,2,aaaaliu123
697,16741113,kaitle,"2026-09-16 12:53:54",2583.4,2,kaitle
698,16799832,"Maman Salto","2026-09-16 10:09:33",2583.1,2,saddamaditya
699,16886193,"Xiaoyong Zhu","2026-09-15 01:23:47",2581.3,2,xiaoyzhu
700,16727266,Agricola,"2026-09-15 20:50:40",2581.2,2,ebisuya
701,16693227,"Aniket Sharma","2026-09-16 22:22:14",2580.5,2,aniketsharma00411
702,16777767,"Miyanogawa Yuya","2026-09-16 07:30:20",2579.5,2,veritalogos
703,16841434,soraemon,"2026-09-13 08:11:27",2579.2,2,soraemon
704,16804757,MAT,"2026-09-16 04:13:29",2579.1,2,mehmetanltays
705,16870440,GOSS,"2026-09-16 16:58:09",2578.7,2,gossan
706,16633179,infamemconculcemus,"2026-09-15 19:01:37",2578.4,2,jcgweb
707,16687649,track,"2026-09-16 22:06:56",2578.3,2,"ahmedberatozer,omerlleez"
708,16865470,J.Moriuchi,"2026-09-16 22:43:15",2577.5,2,hesoponyo
709,16658777,"Jiarui (Jerry) Cao","2026-09-16 18:48:44",2577.2,2,jiaruicao7
710,16748154,taiseiu,"2026-09-14 15:20:00",2576.6,2,taiseiu
711,16746395,Levin,"2026-09-16 05:21:49",2576.6,2,"sophiexs,zhengliwen"
712,16749079,mraz1006,"2026-09-16 13:33:33",2575.2,2,mraz1006
713,16778744,"Shunsuke Hayashi","2026-09-16 23:29:30",2575.0,2,shunsukehayashi1993
714,16638551,WinRAR,"2026-09-16 22:27:32",2574.8,2,ryosketchbook2007
715,16796238,"Zhongyi Dai","2026-09-16 06:47:59",2574.7,2,zhongyidai
716,16662833,"umair zia","2026-09-16 14:09:52",2574.5,2,aimerscoding
717,16630729,"american gothic","2026-09-15 22:28:22",2574.0,2,grennwolf
718,16888648,"MAOSEN ","2026-09-16 02:00:42",2573.9,2,maosen
719,16719733,CleoCantCompete,"2026-09-16 20:28:34",2573.0,2,cleocantcompete
720,16791828,Ling,"2026-09-14 21:50:30",2572.9,2,lingbia
721,16806840,"Tavuk Master","2026-09-16 13:18:46",2572.6,2,mkrimenurgm
722,16741542,"let cats farm","2026-09-14 15:25:01",2572.4,2,amonkizawa
723,16665237,"Ad Space Available","2026-09-16 05:05:46",2572.2,2,"rainchen0411,richardsilence,tongyuexiao"
724,16722705,我的AI是豆包,"2026-09-15 18:14:31",2571.9,2,"carrotliang,haoxuanjng,kaoqiangzhang,rainhuang0220"
725,16655379,Ikeda0516,"2026-09-16 20:36:31",2570.4,2,ikeda0516
726,16799304,"Rlug mb","2026-09-16 11:44:46",2569.5,2,"minhtrph,rlugmb"
727,16776738,"Kundan Bhaskar","2026-09-16 20:55:44",2569.1,2,kundan007
728,16895014,trying_out,"2026-09-15 20:03:10",2567.7,2,"samiatisha,vickysynapsev"
729,16621154,Zain96,"2026-09-16 18:00:23",2566.8,2,zain96
730,16865317,"sunil kumar","2026-09-16 16:32:18",2566.3,2,sunil123kumar
731,16632715,cmasch,"2026-09-16 19:07:07",2565.7,2,cmasch
732,16875968,"Dias Bakhtiyarov","2026-09-16 19:41:15",2565.3,2,diasbakhtiyarov
733,16684620,kobayasi,"2026-09-16 15:37:05",2565.1,2,"boomvector,tatsuokoshida"
734,16757727,"Sohshi Nakamura","2026-09-15 11:45:11",2565.0,2,sohshinakamura
735,16762735,"Zenith Ye","2026-09-14 00:24:34",2564.1,2,zenithye
736,16811467,Raster0x2a,"2026-09-16 05:12:58",2562.6,2,raster0x2a
737,16684202,Ignat,"2026-09-16 18:25:31",2562.4,2,ignatgotin
738,16891851,kamranahmmed,"2026-09-16 18:56:00",2561.8,2,kamranahmmed
739,16840509,"Iskander Yusupov","2026-09-16 21:44:25",2560.8,2,iskanderyusupov
740,16621590,Yaroslav,"2026-09-16 06:38:06",2560.7,2,yaroslavrogoza
741,16732578,nao.kwmr,"2026-09-16 17:31:15",2560.5,2,naokwmr
742,16805952,hatakazu93,"2026-09-16 01:54:23",2558.4,2,hatakazu93
743,16634803,hongzhouzhou,"2026-09-14 08:45:34",2557.8,2,afterrain42
744,16690763,chungkuangwen,"2026-09-15 10:29:10",2557.7,2,chungkuangwen
745,16880296,"CT in CS","2026-09-16 15:15:04",2556.6,2,"anhphamtranminh,nguyenvietdat,nnvietha"
746,16764901,"Han Chen","2026-09-16 20:08:04",2555.3,2,puffohan
747,16777359,"Dmitriy Ulybin","2026-09-16 17:08:02",2554.8,2,dmitriyulybin
748,16861616,"Gagan Deep","2026-09-15 20:37:03",2553.4,2,gagandeep1
749,16701024,pig7selene,"2026-09-16 08:46:23",2553.4,2,ejlthomas
750,16677565,"Avish Sinha","2026-09-16 12:52:20",2551.4,2,avish006
751,16657576,"SUBHASH B","2026-09-16 15:55:13",2551.0,2,"rishikrish1,subhashb21022"
752,16722399,"Meta learners","2026-09-16 15:01:10",2549.3,2,aditya2909rb
753,16663783,WBF_USA_NYC,"2026-09-15 04:29:07",2548.2,2,wbfranci
754,16665829,Shadowfishes,"2026-09-16 14:27:14",2547.9,2,"boandme,ronitagarwal1,shauryasahdev2"
755,16791862,"Emmanuel Mireku","2026-09-16 14:46:58",2545.4,2,eldermireku
756,16623450,S.Aoki,"2026-09-16 12:56:08",2545.3,2,soyaoki
757,16904867,wahaka,"2026-09-16 17:41:06",2544.0,2,wahaka
758,16761593,Azathoth,"2026-09-16 17:43:24",2543.1,2,stsaasts
759,16681464,Amyel21,"2026-09-16 17:57:27",2542.0,2,amyel21
760,16776505,"Duck Typing","2026-09-16 12:32:22",2541.9,2,ahmadamindw
761,16644229,"Amy Yuan","2026-09-16 18:10:07",2541.3,2,cozytato
762,16730323,fufufukakaka,"2026-09-12 21:50:42",2541.0,2,fufufukakaka
763,16705790,clora,"2026-09-16 14:20:16",2540.9,2,clora16
764,16876126,1fan\,"2026-09-16 17:09:58",2540.5,2,wurrfv
765,16693431,Jonewang,"2026-09-16 02:19:28",2540.1,2,jone520
766,16867067,jiazepin,"2026-09-16 13:35:43",2538.9,2,jiazepin
767,16732714,Mforg,"2026-09-15 18:01:25",2538.1,2,mforg74911
768,16881600,"Yoshihiro Hatakeyama","2026-09-16 23:27:13",2538.0,2,yoshihiro1909
769,16632423,goh,"2026-09-16 01:09:04",2537.4,2,bungohatayama
770,16662380,"Brandon Calderon-Morales","2026-09-16 03:44:42",2536.4,2,bmoe640
771,16653044,"x - An","2026-09-16 03:23:29",2536.0,2,"binhdth,buphmquc,hainguyenthien,pntan17"
772,16746317,xingyun_byto,"2026-09-16 23:30:03",2536.0,2,xingyunbyto
773,16759037,Yuyannnn,"2026-09-15 19:24:49",2535.1,2,yuyannnn
774,16645426,Jun_value,"2026-09-16 11:45:16",2534.6,2,junvalue
775,16743647,bono,"2026-09-15 19:20:46",2533.7,2,kjoonha
776,16875763,"芳村 愛支","2026-09-14 07:50:13",2532.7,2,shin1012
777,16702754,"Запрети мне брать H100","2026-09-15 02:04:40",2532.6,2,"amocualg,borismatsakov,kirya1"
778,16738503,dddmd,"2026-09-15 22:19:59",2532.0,2,dddmdd
779,16896998,YehHua001,"2026-09-16 15:19:29",2531.7,2,yehhua001
780,16644481,Liquidus,"2026-09-16 02:57:18",2531.5,2,liquidus
781,16867799,"Chris Deotte","2026-09-16 19:41:44",2531.0,2,cdeotte
782,16701768,darasty,"2026-09-16 12:24:02",2530.7,2,darasty
783,16763505,"Sai Reddy Pothireddy","2026-09-15 21:21:34",2529.4,2,saireddypothireddy
784,16838914,kikikukikii,"2026-09-16 07:35:01",2528.9,2,kikikukikii
785,16668761,"Lorenzo Regalado","2026-09-15 08:07:35",2528.5,2,lregaladohdez
786,16809820,"Pramit Das","2026-09-16 18:22:02",2528.0,2,pramitdas
787,16743858,kawauso9n,"2026-09-16 22:06:21",2527.9,2,kawauso9n
788,16692923,"Pavel Kazlou","2026-09-15 07:03:42",2527.5,2,paulik
789,16862096,"Saksham Gupta","2026-09-15 17:22:16",2527.3,2,mashug
790,16892458,orangeaugust,"2026-09-16 15:23:37",2527.3,2,orangeaugust
791,16810408,"Bohdan Boklah","2026-09-15 19:26:30",2527.1,2,bohdanbb2000
792,16633944,Toru59er,"2026-09-16 01:20:26",2527.1,2,toru59er
793,16705659,"srijan k.r keshri","2026-09-16 19:26:09",2527.1,2,srijankrkeshri
794,16777710,"Clement Lau","2026-09-15 04:07:54",2527.0,2,clementlau
795,16621683,Shivangoudaa,"2026-09-16 16:04:07",2526.5,2,ishivapatil
796,16864125,culture,"2026-09-15 12:50:09",2526.4,2,shkurak
797,16740996,ikevayansky,"2026-09-16 00:02:09",2525.8,2,ikevayansky
798,16844004,"Takahiro Saito","2026-09-16 06:32:43",2525.7,2,takahiro3110
799,16644724,"Kaggriculture Agent","2026-09-16 20:17:05",2524.8,2,"jiweiliu,tonylica,yiheng"
800,16792661,итмоняяя,"2026-09-16 20:43:13",2523.2,2,"naladwepo,tickflag"
801,16847609,"Aura Farmers","2026-09-16 22:02:31",2522.3,2,"adriana0022,ayrnpn,shengkaizhu"
802,16679389,"JOMIN URK21CS1077","2026-09-15 18:47:44",2522.3,2,jominurk21cs1077
803,16730634,Priestess,"2026-09-16 02:02:27",2522.3,2,kalypheus
804,16805704,ShuHaya,"2026-09-16 23:25:58",2522.0,2,yfqqq088
805,16886400,Nisshi888880,"2026-09-15 14:27:49",2521.6,2,nisshi888880
806,16632599,Shadowell888,"2026-09-15 15:40:58",2521.1,2,shadowell888
807,16823319,eviltsundera,"2026-09-15 07:59:58",2520.8,2,eviltsundera
808,16655477,Aurora,"2026-09-15 10:29:35",2520.2,2,"niteshranjansingh,themeghajoshi"
809,16696593,bplyc15,"2026-09-15 15:30:05",2520.1,2,bplyc15
810,16854552,ShionMatsuoka,"2026-09-16 05:57:36",2520.0,2,shionmatsuoka
811,16762935,"ibr mo sal","2026-09-16 19:45:05",2517.8,2,ibrmosal
812,16811036,"farmin time","2026-09-14 22:25:25",2517.8,2,jaydenszeto123
813,16635314,"Aurora wy","2026-09-16 16:04:30",2517.5,2,aurorawy
814,16681116,Kagamihara,"2026-09-16 13:20:48",2517.3,2,kagamihara
815,16864919,ujimaa,"2026-09-14 23:19:55",2516.5,2,ujimaa
816,16621595,"Farmers From Punjab","2026-09-16 15:24:23",2515.5,2,alisalmanrana
817,16635969,"Omkar Kadam","2026-09-16 13:12:39",2515.0,2,"itzzomkar,khanayanayub,princypaonam"
818,16903770,UYHHHHYu,"2026-09-16 13:23:32",2513.4,2,yhhhhyu
819,16859496,KTAcosmo,"2026-09-14 11:04:26",2512.9,2,ktacosmo2kag
820,16843860,LH-and-FPGA,"2026-09-16 16:16:02",2512.8,2,lhandfpga
821,16855295,zhudong1949,"2026-09-16 15:43:19",2512.0,2,zhudong1949
822,16790660,suk1yak1,"2026-09-16 22:22:23",2511.4,2,suk1yak1
823,16769990,delai50,"2026-09-15 16:44:01",2510.2,2,delai50
824,16793600,mogura2.0,"2026-09-16 14:04:36",2509.1,2,mogura20
825,16881248,Veerakrishna,"2026-09-16 14:20:19",2507.3,2,veerukhannan
826,16848396,ColorGram,"2026-09-14 15:27:34",2507.1,2,colorgram
827,16660152,LIH.YUN,"2026-09-15 19:43:56",2506.7,2,fxlcee
828,16876520,OpenModelMap,"2026-09-14 18:15:45",2506.1,2,openmodelmap
829,16862967,Unicorns,"2026-09-15 17:50:14",2504.3,2,"isaacjiang,ryokitano"
830,16882746,yuiop!,"2026-09-16 21:16:43",2503.7,2,yuiopy
831,16747273,红烧肉,"2026-09-16 03:30:38",2503.2,2,ra1nac1d
832,16626732,islet,"2026-09-16 10:19:50",2502.9,2,kojimar
833,16676885,"Riva Kajangu","2026-09-15 11:30:03",2501.9,2,rivakajangu
834,16804022,monsaraida,"2026-09-15 08:42:36",2501.8,2,monsaraida
835,16709435,"Artyom Lyan","2026-09-16 13:59:06",2498.2,2,arli2016
836,16759786,农场主,"2026-09-14 09:03:11",2495.1,2,zzxhee
837,16705390,"Subramanya N","2026-09-16 21:30:13",2495.1,2,subramanya1997
838,16680144,AM,"2026-09-13 23:49:04",2495.0,2,adammekky
839,16741096,"Yohanes Lengkong","2026-09-16 11:42:51",2494.1,2,yohanesfc
840,16671361,"Hangyu Yu","2026-09-16 11:30:09",2493.9,2,"cqupthangyuyu,wxgisspider"
841,16664751,"Cindy Meng90","2026-09-16 11:14:36",2491.5,2,cindymeng90
842,16839986,"XIAO MA","2026-09-16 02:35:19",2491.4,2,linusm020311
843,16750416,QQ农场,"2026-09-16 13:14:37",2490.8,2,gvione
844,16805778,"Dương Đức Anh","2026-09-16 08:57:30",2490.7,2,"dda2k6,trungdttik55"
845,16652446,"tine.sh agent","2026-09-16 17:14:19",2490.4,2,sidcodegg
846,16630251,"Handry Novianto","2026-09-15 04:56:46",2490.2,2,handrynovianto
847,16663403,matthewwh,"2026-09-12 22:26:35",2489.0,2,matthewwh
848,16677149,"Umataro Tenma","2026-09-15 06:35:21",2488.8,2,umatarotenma
849,16756764,"Alperen Aydın","2026-09-16 19:04:54",2488.4,2,alperen5252525
850,16657316,SCNU,"2026-09-16 01:31:45",2487.2,2,jasonxusk
851,16794542,ysd1110,"2026-09-15 15:36:07",2486.1,2,ysd1110
852,16624571,"Baidalin Adilzhan [dsml.kz]","2026-09-16 15:40:36",2485.4,2,baidalinadilzhan
853,16647192,"Sailor Ren","2026-09-16 15:22:09",2483.2,2,sailorren
854,16839311,"Hagiwara Shigechika","2026-09-15 11:08:05",2483.2,2,hagiwarashigechika
855,16758556,bpbpbpbpb,"2026-09-17 00:02:04",2482.2,2,bpbpbpbpb
856,16663387,Ju,"2026-09-16 22:02:52",2480.5,2,juziddd
857,16807411,tamura_aicon,"2026-09-14 23:09:48",2480.5,2,hayatetaf
858,16876180,kk.sky.9k,"2026-09-16 16:41:32",2479.4,2,kksky9k
859,16715933,Scomics,"2026-09-15 11:44:19",2478.8,2,"bruceche7797,dongyiqun,jyxxxx"
860,16847412,SuzukiKazuma,"2026-09-16 03:19:48",2477.2,2,suzukikazuma
861,16688893,CCG,"2026-09-16 06:48:26",2476.7,2,"hirokenn,nagomenk"
862,16805949,Bigplanedoesnotflyfast,"2026-09-16 19:14:12",2476.7,2,ronav48902753425
863,16727893,mmwstudy,"2026-09-15 09:30:20",2475.3,2,mmwstudy
864,16865261,"Kamal Kadakara","2026-09-16 20:19:48",2475.3,2,kamalkadakara
865,16814409,YuyaSuzuki,"2026-09-16 18:34:28",2474.1,2,yututapp
866,16860784,xxxx0314,"2026-09-16 05:10:46",2474.1,2,"kirklandsan,xxxx0314,yunfeiyang223"
867,16663867,"Stephen Schott","2026-09-15 14:00:01",2472.8,2,steve421471
868,16630675,"Lucien de Rubempre","2026-09-13 14:14:21",2472.8,2,lucienderubempre
869,16638557,"Araik Tamazian","2026-09-15 18:06:57",2472.3,2,atamazian
870,16635818,F.A.Nina,"2026-09-16 21:58:59",2472.2,2,nina2025
871,16756062,"Thomas #2","2026-09-16 05:01:14",2472.2,2,tommurakami
872,16690923,"Maqsoud Tawaliou","2026-09-16 12:05:24",2471.6,2,maqsoudtawaliou
873,16738424,Yunioshi,"2026-09-15 12:54:30",2471.4,2,yunioshi
874,16765601,"Dinesh Makireddy 7389","2026-09-16 16:12:01",2471.0,2,dineshmakireddy7389
875,16748738,Shymohn,"2026-09-16 09:27:30",2469.5,2,shymohn
876,16704580,"Yunho Hwang","2026-09-15 15:07:13",2469.4,2,yunhohwang
877,16811224,yuya,"2026-09-17 00:01:30",2469.3,2,yuomori
878,16868304,"Aaron amacadu","2026-09-16 14:49:14",2469.1,2,aaronamacadu
879,16888950,"Qize He","2026-09-16 10:43:46",2468.1,2,watcher996
880,16673303,"Samuel Sundararaman ","2026-09-16 02:37:40",2467.7,2,neopok919
881,16758895,daphne,"2026-09-15 15:11:32",2467.0,2,daphne4sg
882,16657775,"Raagav & Pieter","2026-09-16 11:04:55",2466.8,2,"peetapit,raagavanand"
883,16627148,"HUNGRED XYIS","2026-09-16 15:21:34",2466.6,2,"gleny48,makarrogovik,wooler1"
884,16639507,Homii_N,"2026-09-16 02:13:22",2465.5,2,homeshwarrao
885,16849814,"Mr. Architect","2026-09-15 15:30:36",2465.2,2,vietnguyen130593
886,16626582,"Omer Faruk Merey","2026-09-15 11:50:02",2463.2,2,omerfarukmerey
887,16898309,"Mohammad Albaddawi","2026-09-15 17:21:23",2463.0,2,m7mdalbaddawi
888,16676114,Gekkotron,"2026-09-16 13:35:46",2462.2,2,gekkotron
889,16887661,magic101,"2026-09-14 22:48:26",2461.0,2,magicbuttons
890,16899004,Antonoof,"2026-09-15 21:06:44",2461.0,2,antonoof
891,16643453,Haumea,"2026-09-16 10:58:03",2460.7,2,chaitanyagullapalli
892,16660313,Ctrl+Code,"2026-09-16 19:20:48",2459.5,2,"jayashankar369085,parnikasm"
893,16840073,"Kragglenote2 Forwork","2026-09-15 14:20:17",2459.4,2,kragglenote2forwork
894,16761267,"Bring Me Money!!!","2026-09-15 11:12:01",2458.6,2,pranavarvind
895,16769411,Beyond,"2026-09-15 07:12:58",2457.7,2,themanysh
896,16773098,Apa,"2026-09-16 12:49:34",2457.5,2,yasso1
897,16792681,MorS,"2026-09-16 19:45:44",2456.7,2,mors1337
898,16851186,kaerururu,"2026-09-16 11:42:41",2456.2,2,kaerunantoka
899,16804859,DevashishSoni123,"2026-09-16 17:38:40",2453.8,2,devashishsoni123
900,16768543,caas_sicca,"2026-09-15 11:37:08",2453.8,2,caassicca
901,16893208,hongan,"2026-09-15 21:49:30",2451.8,2,honganzhu
902,16878533,HayatoFujihara,"2026-09-14 15:34:37",2451.7,2,hayatofujihara
903,16723272,"Rimsha Kanwal","2026-09-16 20:41:07",2451.5,2,rimsha234
904,16651806,shawnYiB,"2026-09-13 05:11:04",2450.7,2,"mike17cui,shawnyib"
905,16807108,dongdongunique2,"2026-09-16 20:37:43",2450.6,2,yinzhaoren
906,16754838,"Berkay Özkan","2026-09-15 09:55:49",2449.9,2,berkayzkan
907,16631536,kglctf,"2026-09-16 14:08:32",2449.6,2,kglctf
908,16661622,"Ergin Akın","2026-09-16 21:23:22",2449.4,2,erginakin
909,16665357,XW,"2026-09-16 17:04:30",2448.2,2,xuewei
910,16630740,"Ramazan Turan","2026-09-15 16:07:50",2448.0,2,ramazanturann
911,16621294,dpquoc,"2026-09-15 05:59:05",2448.0,2,dpquoc
912,16875986,"k hori ","2026-09-15 16:45:11",2447.9,2,khori7
913,16655789,"wen chong yu","2026-09-16 22:53:44",2447.9,2,wenchongyu
914,16823981,"mou mou","2026-09-15 03:32:21",2446.6,2,moumou6322
915,16775030,makishis,"2026-09-16 16:38:41",2446.3,2,makishis
916,16757621,Kurokawa,"2026-09-16 21:22:58",2446.1,2,hiroshikurokawa
917,16896572,latentm,"2026-09-16 02:34:09",2446.0,2,"latentm,quannt9,xanvior,xeloria"
918,16741500,weichy7,"2026-09-16 07:34:20",2444.1,2,weichy7
919,16736198,JetJetGo,"2026-09-15 14:38:28",2443.2,2,psykrishna
920,16629624,"Sayandeep Ghosh","2026-09-15 17:11:22",2443.1,2,sayandeepghosh
921,16754022,Pico,"2026-09-15 08:02:34",2442.0,2,charithgr
922,16806862,JudyWatermelon,"2026-09-16 17:36:49",2441.9,2,judywatermelon
923,16698688,JeremiahMannings,"2026-09-16 09:10:01",2441.6,2,jmannings
924,16793553,hoon0303,"2026-09-16 12:38:01",2440.7,2,hoon0303
925,16668737,"Abish Pius","2026-09-15 14:12:24",2440.5,2,abishpius
926,16647607,pumpkin,"2026-09-15 02:47:17",2440.1,2,gealachpumpkin
927,16864346,"Yanwei Lu","2026-09-15 19:27:35",2439.5,2,yanweilu
928,16674508,"Giulio Ravasio","2026-09-15 11:00:21",2439.4,2,giuliorav
929,16896854,photonova,"2026-09-15 12:29:25",2438.7,2,photonova
930,16891115,tkm7510,"2026-09-15 14:17:17",2438.0,2,tkm7510
931,16710459,Nironiro,"2026-09-15 07:52:51",2437.2,2,nironiro
932,16734715,史永刚,"2026-09-15 07:56:07",2437.2,2,shizehao
933,16718480,PLReddy23,"2026-09-15 19:41:26",2436.5,2,plreddy23
934,16867924,PeaBrain,"2026-09-16 01:22:29",2436.2,2,abiruekanayaka1
935,16700204,"ZHOU HONGYI","2026-09-16 09:00:26",2436.2,2,zhouhyz
936,16728071,AI是我的豆包,"2026-09-16 17:37:49",2434.8,2,"blht2026,wocenmma"
937,16660988,"AI After Hours","2026-09-15 11:12:11",2433.6,2,"akshaythammana,mmehersaipreetam"
938,16763375,Makus,"2026-09-16 18:25:57",2433.6,2,alexmartinez75
939,16795062,"Satoshi Nguyen","2026-09-16 22:44:16",2433.3,2,satoshinguyenai
940,16639642,c-number,"2026-09-13 03:29:40",2430.9,2,cnumber
941,16733851,tangaii,"2026-09-15 06:49:51",2430.4,2,tangai1
942,16898090,"Zbigniew Kirchner","2026-09-16 22:54:23",2429.8,2,zbigniewkirchner
943,16886856,爱上帝的小熊猫,"2026-09-16 00:02:44",2429.7,2,xuefengxie
944,16691572,"Lord Momo","2026-09-16 17:02:06",2429.5,2,stevenleehans
945,16784725,prairieee,"2026-09-16 02:42:38",2428.8,2,"haideptry,prairieee"
946,16745959,_demo,"2026-09-15 03:21:32",2428.8,2,fortunaterookie
947,16859316,LP,"2026-09-15 05:07:26",2428.6,2,lihu6666
948,16627032,"Kaito Fukami","2026-09-15 06:05:31",2427.9,2,kaitofukami
949,16738408,kujitama,"2026-09-15 11:14:43",2426.8,2,tyamujin
950,16668071,"Ali Eren Oğuztaş","2026-09-16 12:08:59",2426.8,2,alierenouzta
951,16672251,"Kavinkumar M","2026-09-16 16:32:31",2426.5,2,kavinkumarrkm
952,16655704,heinado,"2026-09-15 09:15:59",2426.4,2,heinado
953,16682306,岸本湧士郎,"2026-09-15 05:27:08",2426.4,2,yushiro20021111
954,16888254,CaliforniaDog,"2026-09-16 01:15:02",2426.4,2,californiadog
955,16769595,Rudra,"2026-09-16 17:25:34",2426.0,2,rudrabhaskar
956,16847620,york1to,"2026-09-15 19:10:35",2425.4,2,yorkkang
957,16630713,"Grzegorz Sionkowski","2026-09-16 11:44:56",2424.7,2,sionek
958,16743218,RYUSHI,"2026-09-15 15:03:52",2424.1,2,ryushisa
959,16640472,"Vsevolod Rakita","2026-09-15 06:42:16",2422.8,2,vsevolodrakita
960,16668736,bhundreds,"2026-09-16 06:10:32",2422.7,2,hundreds1103
961,16841826,抵扣豆浆,"2026-09-15 12:48:47",2422.7,2,tootough
962,16891562,"Weverton Guedes","2026-09-14 18:27:43",2421.7,2,owevertonguedes
963,16891718,"Me & myself","2026-09-16 22:35:16",2420.6,2,fannasankh
964,16811949,PeterDreamHan,"2026-09-15 08:04:24",2419.7,2,"niuwh1004,peterdreamhan"
965,16653303,open5,"2026-09-16 17:42:34",2419.3,2,"chen2yoimiya,huaidezhang,hyt1nn,wahuwahuwahu,zrurfa"
966,16732774,edchax,"2026-09-14 20:31:43",2419.3,2,edchax
967,16829053,BigAngel,"2026-09-14 16:24:46",2419.2,2,kevin8093
968,16892796,FunLegendGaming,"2026-09-15 22:25:06",2419.2,2,funlegendgaming
969,16623199,"Jesse Ferguson","2026-09-16 20:04:34",2419.0,2,jesseferguson
970,16748765,"A. R. SEKKAT","2026-09-16 22:10:07",2418.8,2,arsekkat
971,16745995,"Guido Tapia","2026-09-16 22:11:01",2418.2,2,guidotapia
972,16748142,"Hikaru Umeda","2026-09-15 23:36:33",2417.8,2,hikarumeda1030
973,16713797,CrazyDave111,"2026-09-15 07:37:31",2417.3,2,crazydave111
974,16716317,yzyhello,"2026-09-16 01:28:48",2417.2,2,yzyhello
975,16692185,"Xu Suyi","2026-09-15 14:29:32",2416.8,2,xuyuhaosuyi
976,16849282,ancientLuck,"2026-09-15 17:05:23",2416.7,2,ancientluck
977,16655519,CurveCowboy,"2026-09-16 17:57:44",2416.5,2,curvecowboy
978,16768449,"Dmitry Volovikov","2026-09-16 22:42:51",2416.4,2,dmitryvolovikov
979,16628897,"Kyoungwon Jeong","2026-09-14 23:37:48",2416.0,2,kyoungwonjeong
980,16896886,"hemloock ","2026-09-15 12:35:43",2415.9,2,hemloock
981,16662628,AbhiniveshSharma5354,"2026-09-15 06:38:39",2415.6,2,abhiniveshsharma5354
982,16661118,"Sirui Zeng","2026-09-16 12:57:10",2415.3,2,siruizeng
983,16656452,Ng,"2026-09-16 18:26:17",2414.8,2,nguyenchicuong
984,16637973,StephenNedumpally,"2026-09-15 07:50:55",2414.4,2,stephennedumpally
985,16806142,"junjie zhou","2026-09-15 10:54:04",2413.8,2,junjiezhou5100
986,16684748,"nailong alpha","2026-09-15 15:27:39",2413.5,2,"dejavucry,weiyun22021,yizhewong,yoruet,zekenos"
987,16728366,"RL Learner","2026-09-15 06:56:07",2412.7,2,forrestxlz
988,16666434,"JOSHNA ACSHA S 21CS","2026-09-16 16:29:42",2412.5,2,joshnaacshas21cs
989,16802867,matcha110,"2026-09-15 02:17:47",2412.3,2,matcha110
990,16894714,MilkaDVP,"2026-09-15 06:20:52",2411.9,2,gerbertradmirovich
991,16880856,jinxingweilai,"2026-09-13 08:11:37",2411.2,2,jinxingweilai
992,16818313,"haonan zhengh","2026-09-15 02:59:09",2411.1,2,haonanzhengh
993,16895927,logicorix,"2026-09-15 09:30:21",2411.1,2,logicorix
994,16683808,RuggedBones,"2026-09-15 11:17:27",2411.0,2,ruggedbones
995,16626093,"Pilkwang Kim","2026-09-15 13:05:50",2409.6,2,pilkwang
996,16658109,edward1503,"2026-09-15 05:50:25",2409.2,2,nguynnc
997,16894457,kento2002,"2026-09-15 10:03:31",2408.6,1,kento2002
998,16699165,lime0001,"2026-09-15 07:44:54",2408.3,2,lime0001
999,16821967,"Nakul Maurya","2026-09-15 13:51:57",2408.1,2,nakulmaurya
1000,16732857,Rojiomote,"2026-09-16 15:51:39",2407.1,2,rojiomote
1001,16844233,y3uanm,"2026-09-16 01:54:16",2407.0,2,"delta47x,lunpaixo,y3uanm"
1002,16737650,sime_saba,"2026-09-14 16:16:06",2406.7,2,watarukawashima
1003,16883907,lll,"2026-09-16 05:40:11",2406.6,2,lghlgh001
1004,16668262,spbforce,"2026-09-15 11:45:58",2406.1,2,spbforce
1005,16634580,akmr,"2026-09-15 19:57:40",2405.9,2,akimaru
1006,16775686,"Max Podd","2026-09-15 01:35:42",2405.6,2,maxpodd
1007,16642036,enddl22,"2026-09-15 01:49:52",2404.0,2,enddl22
1008,16623515,"Apple Joy","2026-09-15 09:06:18",2403.3,2,fishcat37
1009,16658946,theredbluepill,"2026-09-15 06:21:01",2403.1,2,poonszesen
1010,16879253,Bldr2,"2026-09-15 11:03:28",2402.7,2,alphalin2010
1011,16667880,DOPEなNOUFU耕すHOPE👨‍🌾,"2026-09-16 13:48:32",2401.8,2,"shin9915,syamoji141chan"
1012,16714159,Lonnie,"2026-09-16 17:40:20",2401.3,2,lonnieqin
1013,16846069,"Bryce Muhlnickel","2026-09-14 03:27:19",2401.3,2,tokenjunkielabs
1014,16632006,"Adwait Tagalpallewar","2026-09-15 20:25:29",2400.7,2,adwaittagalpallewar
1015,16736124,GIN,"2026-09-15 09:46:02",2400.4,2,runjinzhang
1016,16622531,"musya lyusya team","2026-09-15 17:44:15",2400.2,2,vswz2nqp
1017,16725856,"Abhi Datta","2026-09-16 15:01:03",2400.2,2,abhidatta87
1018,16754823,"tiki tiki tiki","2026-09-16 18:21:29",2398.5,2,slangitup
1019,16881005,"Donald Trump","2026-09-16 05:33:01",2397.8,2,"seanmtk,sinfonia8838"
1020,16622925,"Btaji Crew","2026-09-16 14:36:17",2397.0,2,"qasminumber,zelza0"
1021,16641536,"Michael Timbs","2026-09-16 12:12:57",2396.9,2,michaeltimbs
1022,16774250,"C R Suthikshn Kumar","2026-09-15 03:57:30",2395.9,2,crsuthikshnkumar
1023,16880975,"Shenyu Ma","2026-09-16 03:00:06",2395.5,2,shenyuma
1024,16673370,JeovaAnderson,"2026-09-16 20:25:23",2395.1,2,jeovaanderson
1025,16896033,omnifluxor,"2026-09-15 09:40:03",2394.6,2,omnifluxor
1026,16809874,もたざる,"2026-09-16 15:58:00",2394.5,2,havenox
1027,16693965,ra5anchor,"2026-09-13 00:28:29",2394.0,2,junmitsui
1028,16667774,"Ziad EL ARARI","2026-09-14 16:26:56",2392.5,2,ziadelarari
1029,16865070,carlos-tagosaku,"2026-09-16 03:08:48",2392.1,2,sousugiyama
1030,16665402,PrasadChopade213,"2026-09-14 12:39:13",2391.8,2,prasadchopade213
1031,16685634,"Syed Asad Ali","2026-09-16 10:10:22",2391.8,2,syed3000
1032,16706897,"Akshay Mathur","2026-09-16 15:10:36",2391.2,2,akshaymathur777
1033,16866373,kolesnikovia,"2026-09-15 08:12:45",2391.1,2,kolesnikovia
1034,16759632,"Rifqi Haikal","2026-09-16 18:34:23",2390.5,2,rifqihaikal
1035,16652212,"Варим сельский самогон","2026-09-15 15:32:16",2390.1,2,asimandia
1036,16639625,"Dr Chandrasen Pandey","2026-09-15 05:18:23",2389.6,2,devchandra
1037,16784943,"Ian lin","2026-09-16 16:11:42",2389.4,2,ianlin310707
1038,16884104,Arsgorynich,"2026-09-16 08:24:59",2388.8,2,arsgorynich
1039,16622420,RuiFSPinto,"2026-09-15 07:17:39",2387.8,2,ruifspinto
1040,16623637,kuro0315,"2026-09-16 22:48:51",2387.7,2,skuro0315
1041,16733766,Paarthpowa,"2026-09-16 06:55:44",2383.9,2,paarthpowa
1042,16751358,Cristiano,"2026-09-16 07:44:15",2383.3,2,zhuangbility
1043,16762769,"Jacques Buis","2026-09-15 18:35:01",2382.2,2,jacquesbuis
1044,16878353,"Hongbin Gu","2026-09-16 02:18:10",2382.1,2,guhongbin
1045,16637987,Xander,"2026-09-16 23:36:17",2382.1,2,"badboiriri,canqiang,xiuyang88"
1046,16901894,"Michael Reid","2026-09-16 23:31:21",2381.8,2,michaelreid2025
1047,16767960,"Yuvraj Bhati","2026-09-14 23:24:32",2381.6,2,avioon
1048,16782520,Durian,"2026-09-14 10:09:19",2381.6,2,rainyjin
1049,16848970,massi0411,"2026-09-14 18:01:59",2380.9,2,massi0411
1050,16662318,"Bardia Bahadori","2026-09-16 15:01:42",2379.5,2,bardiabahadori
1051,16675493,"Ryotaro Minato","2026-09-14 23:15:01",2379.1,2,ryotarominato
1052,16739018,"Zhou Songyu","2026-09-16 17:03:44",2378.2,2,zhousongyu
1053,16839422,Serendipity,"2026-09-15 09:21:43",2378.2,2,stringyixuxi
1054,16709068,Vib,"2026-09-14 21:51:49",2377.5,2,viblal
1055,16663247,Ak,"2026-09-14 20:13:17",2377.3,2,abisheksrivastav
1056,16653127,"Talim Aushakhman","2026-09-15 17:29:46",2376.6,2,talimaushakhman
1057,16730881,hank0123,"2026-09-16 07:00:04",2375.0,2,hank0123
1058,16710428,"Mansi Aggarwal","2026-09-16 13:00:01",2374.1,2,mansiaggarwal88
1059,16823116,一路向北,"2026-09-15 04:39:49",2372.1,2,chronoscop
1060,16892318,"fumiya utsuno","2026-09-16 17:22:31",2371.9,2,fumiya326
1061,16623381,cocoaAI,"2026-09-15 22:42:45",2371.5,2,cocoaai
1062,16655582,"Yang Jinneng","2026-09-16 02:03:24",2370.8,2,adurey
1063,16679393,"Anvith Pothula","2026-09-15 02:04:34",2370.0,2,anvithpothula
1064,16622349,"Mengfei Li","2026-09-16 22:37:50",2369.9,2,meli19
1065,16622509,Ali,"2026-09-15 14:37:17",2369.5,2,asalhi
1066,16712134,cf696666,"2026-09-16 07:09:09",2369.0,2,cf33333
1067,16758905,"Iwa Iwa","2026-09-14 18:07:41",2368.8,2,iwaiwa
1068,16665416,"zeyu lau","2026-09-16 17:34:13",2365.6,2,zeyulau
1069,16797543,Tarang222,"2026-09-13 18:36:05",2365.1,2,tarang222
1070,16820607,PeriwinkleBlueOvO,"2026-09-16 13:47:01",2364.1,2,"PeriwinkleBlueOvO,wenqiangao1"
1071,16666365,yiyu0716,"2026-09-16 19:08:09",2363.7,2,yiyu0716
1072,16668430,"john inan","2026-09-16 12:48:38",2362.5,2,johninan
1073,16777137,Bernardus,"2026-09-16 20:07:52",2362.4,2,bernubritz
1074,16632119,nickyl,"2026-09-15 23:33:30",2361.7,2,nickyjliang
1075,16795844,Azamaro,"2026-09-16 02:59:48",2360.9,2,azamaro
1076,16747839,"Ich Schmid","2026-09-15 11:10:51",2360.1,2,ichschmid
1077,16769836,weense,"2026-09-16 12:23:32",2359.5,2,weense
1078,16632743,"Krizsó Gergely","2026-09-15 18:35:33",2359.0,2,lucifer19
1079,16768065,"Gradient Grazing","2026-09-13 09:13:08",2356.6,2,adamhusein
1080,16891791,judy12345.0316,"2026-09-15 05:38:38",2356.0,2,judy123450316
1081,16693976,rererenore,"2026-09-16 22:16:52",2355.4,2,rererenore
1082,16896267,HendraDanuSaputraChauwito,"2026-09-16 12:37:41",2354.5,2,usilisme
1083,16742159,mimi！,"2026-09-16 05:57:58",2353.7,2,"morongzhu,we111135"
1084,16739019,quzhihang,"2026-09-14 06:41:16",2352.6,2,quzhihang
1085,16751140,onick_man,"2026-09-16 21:58:10",2351.9,2,ftakahas
1086,16889004,SkOnTheRocks,"2026-09-15 11:43:43",2351.8,2,skontherocks
1087,16717787,Bull,"2026-09-16 16:48:17",2351.0,2,welshonionman
1088,16693439,"Ankit Hemant Lade","2026-09-15 17:53:47",2350.7,2,"ankitlade12,jsaikrishna"
1089,16698294,"John Doe","2026-09-16 00:26:33",2350.2,2,johndoe90843
1090,16806882,"Friedhelm Winter","2026-09-15 04:31:47",2349.1,2,friedhelmwinter
1091,16752019,"Kaipeng Zheng","2026-09-16 13:00:23",2348.6,2,kaipengzheng
1092,16716078,既然巅峰留不住，那就重走来时路,"2026-09-14 09:41:36",2347.9,2,"jenzenhuang,luwyeb,wafflebear,wenjiewangdev"
1093,16848532,peppersaltman,"2026-09-14 14:49:11",2346.7,2,peppersaltman
1094,16731074,UmutUygurr,"2026-09-15 06:55:20",2346.4,2,"dilahbaheci,umuttuygurr"
1095,16697266,"Top 1 🏆","2026-09-16 16:09:13",2345.1,2,"fahankaudeer,solirus,syntaxprnv,udhaykumarsujeebun"
1096,16759578,Randy,"2026-09-14 14:06:54",2343.8,2,rvndyerwin
1097,16862582,StephaneB7899,"2026-09-14 02:34:17",2343.2,2,stephaneb7899
1098,16665637,Luvsh81,"2026-09-15 14:36:39",2342.5,2,luvsh81
1099,16717440,那个男人,"2026-09-15 18:07:04",2342.4,2,muran169633
1100,16634493,xixi,"2026-09-15 16:40:52",2341.3,2,huangcarry26
1101,16854176,吃白饭的大肥鱼,"2026-09-11 19:23:18",2341.0,2,"deepios,tanpowasd"
1102,16730728,"Le Trong Hieu","2026-09-16 07:00:07",2337.1,2,backtracking
1103,16694346,ywwywww,"2026-09-14 07:52:56",2336.4,2,ywywww
1104,16859034,wayg9odysseus,"2026-09-16 15:09:24",2336.3,2,wayg9odysseus
1105,16851147,Saifuddin,"2026-09-16 10:02:10",2336.1,2,syehsyoh
1106,16724366,"YASH JAIN","2026-09-16 20:06:10",2336.1,2,yashjain911
1107,16880773,最强扫地僧,"2026-09-15 12:52:15",2335.7,2,yyx466005036
1108,16706892,Ko,"2026-09-13 08:01:21",2335.4,2,syurenuko
1109,16681601,Hanaro,"2026-09-16 12:33:14",2334.4,2,lucas040
1110,16698308,"Gemini IS ALL YOU NEED","2026-09-16 23:23:54",2332.9,2,"jacqueszhelinzhang,yuan800"
1111,16891432,porzlck,"2026-09-16 13:08:21",2332.3,2,orzlck
1112,16755099,"Aleksandr Ulianin","2026-09-14 12:05:33",2331.3,2,aleksandrulianin
1113,16664836,"Adnan Zaman","2026-09-15 15:31:52",2330.9,2,adnanzamanniloy
1114,16710140,Lynxx,"2026-09-15 05:35:54",2330.4,2,lynnsakurai
1115,16761875,eugenn,"2026-09-15 15:07:39",2330.0,2,eugennekhai
1116,16798724,"junfan shen","2026-09-16 12:37:41",2329.8,2,junfanshen
1117,16640388,SANNNNN,"2026-09-14 20:26:03",2329.8,2,zuhairsan
1118,16810299,spencersi123,"2026-09-17 00:01:14",2329.3,2,spencersi123
1119,16852766,MCZK,"2026-09-15 00:49:38",2328.2,2,hitoshimochizuki
1120,16762957,邪悪な暁山瑞希、ジャガイモを量産してフライドポテト市場を独占,"2026-09-16 15:26:59",2327.6,2,yinzimike
1121,16731799,"Ansh The Farmer 👩‍🌾","2026-09-15 19:05:59",2327.4,2,affection
1122,16905643,yngd99,"2026-09-16 12:32:42",2327.2,1,yngd99
1123,16710466,"Charles Backman on LinkedIn","2026-09-14 14:14:42",2325.1,2,charlesbackman
1124,16889522,nyayassist,"2026-09-16 10:57:19",2324.6,2,"gauravnagotanekar,raneyash"
1125,16847812,"Superman king","2026-09-16 15:42:05",2323.5,2,supermanking
1126,16732670,minoneru,"2026-09-16 12:15:32",2321.5,2,kotaminoshima
1127,16725947,SamarthRawat18,"2026-09-16 22:56:53",2319.9,2,samarthrawat18
1128,16621153,"Addison Howard (ineligible)","2026-09-16 23:36:54",2319.8,2,addisonhoward
1129,16731186,Naru041104,"2026-09-16 08:15:49",2317.7,2,naru041104
1130,16681405,"Yusuke Hayashi","2026-09-14 10:10:00",2317.3,2,yhay81
1131,16732763,"Raihan Ramadistra","2026-09-14 12:05:13",2316.2,2,raihanramadistra
1132,16783021,"TAN TIANYE","2026-09-13 03:04:35",2314.3,2,tantianye
1133,16802442,"Rabia Eda Yılmaz","2026-09-15 19:10:02",2314.1,2,truthisneverlinear
1134,16907576,"Dat Nguyen Viet","2026-09-16 16:39:59",2313.2,2,datnguyenviet
1135,16710499,sukeke,"2026-09-15 04:28:10",2311.6,2,sukeke
1136,16731911,"liu bo","2026-09-16 05:07:29",2310.8,2,liuboo45586
1137,16885944,"Дмитрий Герасимов","2026-09-14 14:56:51",2310.6,2,domager72
1138,16793474,"Liu Classmate","2026-09-16 14:49:22",2309.1,2,"lilya98,liuclassmate,yuxuanzhao1203"
1139,16843904,wadia,"2026-09-16 15:13:02",2308.8,2,yeshawang
1140,16760241,"Collin Christensen","2026-09-14 21:20:02",2308.4,2,cchristens
1141,16738487,"Andrey Shpigar","2026-09-13 20:57:51",2307.7,2,andreyshpigar
1142,16659679,Civitasmass,"2026-09-16 18:47:00",2307.3,2,godhand
1143,16734435,Economist,"2026-09-16 15:51:23",2304.6,2,jtheyogi
1144,16668260,"Yangle Ma","2026-09-16 15:55:55",2303.8,2,yanglema
1145,16768385,neibyr,"2026-09-16 13:56:46",2303.1,2,neibyr
1146,16807380,"D × MirAI","2026-09-16 12:56:08",2301.4,2,kmnkmn
1147,16806328,"Takamichi Toda","2026-09-16 15:20:25",2301.0,2,takamichitoda
1148,16665134,edteoh,"2026-09-16 08:43:18",2300.8,2,edteoh
1149,16884844,Happyfarm,"2026-09-14 10:51:11",2300.8,2,zhengweibin1026
1150,16805980,Kifine,"2026-09-14 08:38:12",2300.3,2,liaoyingxi
1151,16866398,feles99,"2026-09-15 05:50:23",2299.6,2,feles99
1152,16701728,"katya barzova","2026-09-15 17:04:24",2298.8,2,"harlenka,nipah1,sigmaborov"
1153,16688568,Sophie555,"2026-09-14 20:14:28",2298.4,2,sophie555
1154,16732292,takaygiiiiiiii,"2026-09-16 02:25:14",2296.9,2,takaygiiiiiiii
1155,16795134,"jiawei li","2026-09-15 15:23:28",2295.9,2,jiaweiaaa
1156,16708296,LUCKY2,"2026-09-16 23:23:11",2295.8,2,carolezountangni
1157,16676063,"Kembang Melon","2026-09-15 07:47:20",2295.3,2,wajawaja
1158,16904305,"YICHEN PAN","2026-09-16 18:39:53",2295.3,2,sakanamango
1159,16736435,Dieter,"2026-09-16 16:29:08",2295.2,2,"arc144,christofhenkel,crodoc"
1160,16658221,"Roshan Roy","2026-09-16 15:32:06",2294.2,2,"adhilvt,mohamedarifj,roshanroy333"
1161,16799769,manyuA,"2026-09-16 11:25:45",2294.0,2,"forheuristiclifeksh,manyua,realhonest"
1162,16845907,yt0914,"2026-09-16 17:50:44",2293.6,2,yt0914
1163,16643693,"Kerem çelik","2026-09-16 23:24:15",2293.2,2,keremelik
1164,16861256,lizh2025,"2026-09-16 15:02:06",2292.6,2,lizh2025
1165,16690353,b13902103_yuhung94,"2026-09-16 02:20:35",2292.5,2,yuhung94
1166,16707303,meTeam,"2026-09-15 23:10:32",2292.2,2,aaronzribi
1167,16729192,1m0ke,"2026-09-15 05:49:13",2291.0,2,smokelate
1168,16658203,Lan_Sky,"2026-09-16 10:48:06",2288.6,2,lansky6
1169,16757987,maverick_ss_26,"2026-09-15 13:01:20",2288.1,2,maverickss26
1170,16663485,"Jacob Alstrup","2026-09-16 17:27:55",2287.6,2,jacobalstrup
1171,16884892,AQiDA19,"2026-09-14 02:32:26",2286.4,2,aqida19
1172,16845713,"qweq asd","2026-09-14 04:09:52",2285.7,2,qweqasd
1173,16755203,TY0912,"2026-09-15 14:32:06",2283.6,2,samejimatink0
1174,16858208,linhaiy,"2026-09-16 12:35:21",2281.7,2,linhaiy
1175,16891965,artem3605,"2026-09-16 15:23:34",2280.5,2,artem3605
1176,16682032,"Satkar sarvankar","2026-09-14 14:56:57",2280.4,2,satkar003
1177,16652214,Zhenrui.Weng,"2026-09-16 11:03:43",2279.2,2,zhenruiweng
1178,16665077,"Mohit Babel","2026-09-16 20:56:26",2279.1,2,mohitbabel
1179,16666571,"Zhengxu Yu","2026-09-16 10:51:26",2278.6,2,zhengxuyu
1180,16843838,"Alapati Ramakrishna","2026-09-16 14:44:25",2278.3,2,alapatiramakrishna
1181,16840447,"Suliman Tadros","2026-09-15 06:10:13",2275.3,2,sulimantadros
1182,16644565,Suda,"2026-09-16 22:55:52",2274.4,2,"chaneyma,deryawang"
1183,16655505,Debmalya,"2026-09-15 18:13:10",2273.8,2,debmalya84
1184,16849125,"OBSTACLE DEVELOPER","2026-09-16 16:21:51",2273.3,2,obstacledeveloper
1185,16684704,LIQUIDHORSE,"2026-09-14 17:57:58",2273.1,1,liquidhorse
1186,16677855,Mehrdad_LU,"2026-09-16 19:21:44",2272.9,2,mehrdadal2023
1187,16716012,LaiCxm,"2026-09-16 11:54:16",2271.5,2,laicxm
1188,16621799,"Artem The Farmer 🍅","2026-09-15 18:42:23",2271.0,2,veshkinartem
1189,16801351,デワンシュ,"2026-09-15 08:10:28",2271.0,2,shade012
1190,16758817,Ruwawa,"2026-09-15 14:26:15",2269.8,2,ruwawa
1191,16655478,Bruce,"2026-09-15 09:14:46",2269.5,2,bruceqdu
1192,16757320,Jingxiang,"2026-09-12 22:11:32",2269.3,2,jingxiango
1193,16881350,xwl_tree,"2026-09-16 03:12:35",2269.0,2,xwltree
1194,16623643,LiXingtao,"2026-09-15 14:27:49",2267.1,2,lixingtao123
1195,16655758,patience,"2026-09-15 14:38:52",2267.0,2,"weirdocurry,wenjunkai124"
1196,16724801,Noir,"2026-09-16 16:29:25",2266.6,2,nuitnoir
1197,16840921,evolved,"2026-09-15 05:03:46",2264.5,2,algunion
1198,16848208,"Takuto Inoue","2026-09-14 10:56:35",2263.7,2,takutoinoue
1199,16742139,ALLAI,"2026-09-16 14:08:25",2262.5,2,glorysing
1200,16797457,Aamod06,"2026-09-14 12:57:57",2261.6,2,aamod06
1201,16658382,vladee,"2026-09-14 14:49:46",2259.1,2,vladee
1202,16694149,maxout,"2026-09-14 14:11:27",2258.9,2,"aadijoshi19,kavyabhand"
1203,16836787,KSKBL,"2026-09-15 14:20:52",2258.3,2,"length1001,trafalgar1234"
1204,16893046,"Sumitro Palit","2026-09-16 19:54:04",2258.3,2,ortimusprime
1205,16866971,"Riad Hossain","2026-09-15 03:54:39",2258.2,2,riadhhossain
1206,16623812,"SeshuRaju 🧘‍♂️","2026-09-14 09:02:29",2256.8,2,seshurajup
1207,16806728,"Neural Knight","2026-09-16 17:53:23",2254.8,2,"chinmaymnaik,sivasainath06"
1208,16857607,inny,"2026-09-16 08:49:08",2254.7,2,innycc
1209,16658909,junesdata,"2026-09-16 15:14:49",2254.4,2,junesdata
1210,16761418,"Piggy Piggy","2026-09-14 23:37:49",2253.4,2,txgg123
1211,16632021,istinetz,"2026-09-15 19:06:06",2253.4,2,istinetz
1212,16761744,"Daiki Takahashi","2026-09-14 17:28:41",2252.9,2,daikitakahashi
1213,16808111,"Oliver #2","2026-09-14 14:31:51",2252.9,2,wangzn0410
1214,16810275,Adam,"2026-09-14 19:06:06",2252.1,2,potonglantie93
1215,16621075,"Octavi Grau","2026-09-14 09:18:48",2251.5,2,octaviograu
1216,16887142,backsider,"2026-09-16 09:34:44",2251.5,2,backsider
1217,16674932,kokinnwakashuu,"2026-09-14 21:28:32",2251.4,2,kokinnwakashuu
1218,16639969,"Sheep Are All You need","2026-09-14 20:22:10",2250.9,2,aliyelbekov
1219,16886298,amosokello451,"2026-09-16 22:46:45",2250.2,2,amosokello451
1220,16627799,"navazsh fathi","2026-09-16 13:25:35",2250.1,2,navazshfathi
1221,16728160,Ozi,"2026-09-14 18:37:07",2250.1,2,muhammaduzair21
1222,16806219,"Yiwei Pu","2026-09-15 05:55:06",2249.9,2,"lvyihan1210,raven20010261,yiweipu"
1223,16633552,Unkn0wn,"2026-09-14 12:00:42",2249.2,2,"harnadshilpa,nagendraadisesha"
1224,16892272,"Leo #3","2026-09-14 15:44:18",2248.0,1,leo123321
1225,16709468,"Andrey Chankin","2026-09-14 20:23:56",2247.1,2,bluepill
1226,16760515,"Kazuo Watanabe","2026-09-14 12:06:35",2246.5,2,watanabekazuo
1227,16691001,"Mahmoud Abdelshafy","2026-09-14 20:08:03",2245.8,2,mahmoudabdshafy
1228,16746599,Borrun,"2026-09-14 09:56:38",2245.7,2,borrun
1229,16854477,"Marc Maldonado Lorca","2026-09-15 12:31:41",2245.6,2,marcmaldonado
1230,16888303,Satuker,"2026-09-16 12:45:01",2245.3,2,filipgaliski
1231,16740644,Terence0914,"2026-09-14 03:00:31",2245.3,2,terence0914
1232,16811251,poijio,"2026-09-16 17:31:10",2244.9,2,poijio
1233,16895926,Zengr1,"2026-09-16 16:55:12",2244.9,2,zengr1
1234,16679827,Juanky_too,"2026-09-16 18:06:16",2244.9,2,juankytoo
1235,16623524,"Marcus Vinicius","2026-09-15 23:10:38",2243.7,2,marcux777
1236,16692956,VanKoha,"2026-09-16 15:18:17",2243.6,2,kohasama
1237,16890503,KevinYongxin,"2026-09-14 08:52:18",2243.6,1,yongxinkwan
1238,16657796,"parv goyal2","2026-09-16 02:50:54",2242.5,2,parvgoyal2
1239,16697540,"Jared Floersch","2026-09-16 05:09:23",2241.7,2,jaredfloersch
1240,16893291,"We Want... A Shrubbery!","2026-09-16 23:34:39",2241.7,2,timlongii
1241,16630312,beijijun,"2026-09-14 12:04:11",2241.7,2,beijijun
1242,16752740,BorisV,"2026-09-14 02:13:08",2241.0,2,bvoskresenskii
1243,16682514,"Pavel Pavlov","2026-09-14 18:14:33",2241.0,2,akakii
1244,16668152,ksew364,"2026-09-16 10:32:36",2240.2,2,ksew364
1245,16701685,shawloong,"2026-09-16 04:15:59",2239.6,2,shawloong
1246,16655610,GPTatoes,"2026-09-14 11:08:07",2238.9,2,"angran,kaixuanosmas"
1247,16682885,风沙星辰,"2026-09-14 12:50:15",2238.1,2,"duoliya,linyeping,sereinovov,wangying2026"
1248,16806376,pardival,"2026-09-14 12:32:08",2238.0,2,pardival
1249,16654742,"Aastik Rajan15","2026-09-14 11:58:25",2238.0,2,aastikrajan15
1250,16858986,kam,"2026-09-14 04:55:10",2237.9,2,kotakambayashi
1251,16845023,zhtmgxr,"2026-09-16 22:24:51",2237.4,2,zhtmgxr
1252,16715828,samg,"2026-09-14 12:28:48",2237.4,2,samgreen2046
1253,16791924,magu1234,"2026-09-14 08:15:32",2236.0,2,magu1234
1254,16641372,ShoaibSSM,"2026-09-14 11:41:29",2235.4,2,"naveenlx111249971939,shoaibssm"
1255,16829239,tomfng,"2026-09-16 16:56:33",2234.7,2,tomfng
1256,16806475,sohma,"2026-09-14 07:36:46",2234.2,2,hi210278
1257,16735353,我是刘大聪,"2026-09-14 16:55:50",2233.4,2,smartorz
1258,16719884,ykhnkf,"2026-09-15 13:03:05",2232.5,2,ykhnkf
1259,16780062,Kousuke55,"2026-09-16 04:13:50",2232.0,2,kousuke555
1260,16885735,keith,"2026-09-14 12:51:25",2230.1,2,kamatt
1261,16669490,hinemos,"2026-09-16 21:39:33",2229.7,2,hinemos
1262,16810595,dauriel,"2026-09-15 10:59:13",2229.6,2,dauriel
1263,16701074,"One Policy to Rule Them All","2026-09-14 14:41:04",2229.6,2,qujiahui
1264,16634432,KARGI,"2026-09-15 07:37:23",2228.0,2,learningkin
1265,16858418,"Nguyễn Công Tuấn","2026-09-14 03:11:27",2227.0,2,nctuan
1266,16769849,"Shuwen(Shawn) Ge","2026-09-14 07:22:11",2226.8,2,shuwenshawnge
1267,16881681,失忆的海_,"2026-09-14 15:15:18",2226.8,2,shiyidehai
1268,16728321,Rohitt_94,"2026-09-14 11:49:40",2226.3,1,rohitt94
1269,16709504,U023,"2026-09-14 16:44:14",2225.9,2,ryutek
1270,16850509,LS,"2026-09-16 03:05:26",2225.2,2,shannanl
1271,16671133,Kazeneko,"2026-09-14 22:39:30",2225.1,2,kazeneko77
1272,16828191,wanghongwei111,"2026-09-14 13:07:32",2225.1,2,wanghongwei111
1273,16729413,KharinTymofii,"2026-09-14 01:32:08",2224.5,2,kharintymofii
1274,16706227,"Wise Fancy","2026-09-15 02:27:45",2223.5,2,wisefancy
1275,16740892,"yuki matsumori","2026-09-14 12:39:44",2221.9,2,yukimatsumori
1276,16893402,tedo,"2026-09-15 00:05:46",2221.8,2,takuroedo
1277,16661073,PyJa,"2026-09-16 17:50:06",2221.3,2,pixiux
1278,16654704,mandgeee,"2026-09-16 20:06:13",2221.1,2,mandgeee
1279,16675344,PP_Azalearn,"2026-09-16 02:42:50",2219.9,2,"androidss,keitookamoto,pptakehirokawada"
1280,16670504,Shirabe,"2026-09-16 22:40:38",2218.3,2,carlmakt
1281,16858464,Taisei_Tsuneki,"2026-09-14 07:09:25",2218.0,1,taiseitsuneki
1282,16709304,"Aleksey SCHUKIN","2026-09-15 19:08:54",2217.1,2,alekseyschukin
1283,16806053,hisatarosu,"2026-09-14 06:31:29",2216.5,2,tomako4390
1284,16651804,"Bocen Li","2026-09-14 03:52:29",2216.1,2,bocenli
1285,16688787,Fih,"2026-09-16 12:46:18",2216.0,2,vencerlanz09
1286,16880558,"Georgi Kanev","2026-09-14 14:42:31",2215.6,2,georgikanev
1287,16867120,"DaoHe Liu","2026-09-14 07:13:16",2215.0,2,daoheliu
1288,16796133,NoMoreThan20Words,"2026-09-15 00:19:25",2214.9,2,nomorethan20words
1289,16721248,"Raef Guizani","2026-09-16 08:32:44",2214.8,2,raefguizani
1290,16770715,"Vicens Gaitan","2026-09-14 10:21:10",2214.8,2,vicensgaitan
1291,16642128,"MAC SAHO","2026-09-15 22:37:56",2214.6,2,macsaho
1292,16753974,"David Goldrajch","2026-09-14 20:19:50",2214.0,2,elie2003
1293,16632294,"Rajan Nagarajan","2026-09-14 09:44:54",2214.0,2,narajan
1294,16835029,先过我的Gemini,"2026-09-14 10:21:24",2213.8,2,gutssss
1295,16625050,"how to place pokemon","2026-09-15 18:51:24",2213.5,2,ktverdov
1296,16811799,"Yuanchen Huang","2026-09-14 13:45:54",2213.4,2,geokocha
1297,16630752,motemen,"2026-09-13 07:56:37",2212.1,2,motemen
1298,16741672,张菠,"2026-09-14 17:04:57",2211.8,2,ysqdababa
1299,16825002,RAVEN,"2026-09-14 07:59:17",2211.5,2,silverlxt
1300,16758381,"Yang Kuang Ou","2026-09-15 04:53:24",2211.4,2,yangkuangou
1301,16726816,"Games Jadley","2026-09-15 15:45:31",2211.2,2,gamesjadley
1302,16624109,"Nguyễn Thế Minh Đức","2026-09-15 01:01:29",2211.2,2,nguynthminhc
1303,16681893,morality0707,"2026-09-16 07:57:43",2211.0,2,morality0707
1304,16882140,"jiang luo1021","2026-09-15 17:40:38",2210.8,2,jiangluo1021
1305,16730720,broccoli,"2026-09-14 11:13:32",2210.4,2,norihori0917
1306,16630129,"Yi Lu","2026-09-16 01:54:33",2209.8,2,liqiu0224
1307,16655844,MAFIN,"2026-09-14 12:37:15",2208.9,2,moneyman91
1308,16863335,"Bright Choice AI","2026-09-16 12:37:51",2208.6,2,brightchoiceai
1309,16775350,"Sourabh Nirwanevht","2026-09-16 18:04:24",2207.9,2,sourabhnirwanevht
1310,16891334,"Ruslan Akhmetov","2026-09-14 12:21:55",2207.7,1,ecolla999
1311,16746275,LittleScottyy,"2026-09-15 14:03:24",2207.7,2,fongwaiyong
1312,16703045,ReCurSiON,"2026-09-14 17:05:11",2207.4,2,ashok205
1313,16838362,"Yixuan Yang","2026-09-14 17:56:55",2206.4,2,easoney
1314,16779110,mark,"2026-09-14 11:03:23",2205.9,2,mark
1315,16839638,keeplooking,"2026-09-16 04:50:00",2205.9,2,keeplooking
1316,16810030,fukumayo,"2026-09-15 01:22:56",2205.6,2,fukumayouta
1317,16841910,"Lucky bara","2026-09-14 02:44:27",2205.2,2,luckybara
1318,16623805,"Howon Kang","2026-09-17 00:00:27",2203.9,2,howonkang
1319,16775684,ketterking,"2026-09-16 19:01:29",2203.4,2,"ketterwang,wwppyywwww"
1320,16785523,Doranap,"2026-09-15 05:49:19",2202.3,2,doranap
1321,16772808,lucataco,"2026-09-15 13:58:51",2202.2,2,lucataco
1322,16623128,AdamJonesJohnson,"2026-09-16 23:27:38",2201.9,2,adamjonesjohnson
1323,16630797,"Seok, Jeongeum","2026-09-16 12:52:31",2201.6,2,seokjeongeum
1324,16713335,"Muhammad Imran","2026-09-14 09:42:21",2200.6,2,muhammadimranchitral
1325,16696743,"wennan cao","2026-09-16 03:25:21",2200.2,2,wennancao
1326,16802410,"Aleksandr  Larko","2026-09-14 02:42:42",2199.8,2,alexxanderlarko
1327,16635504,"Datta Dhebe","2026-09-12 22:41:11",2198.1,2,dattadhebe
1328,16744914,"El Mehdi EL JAIR","2026-09-13 11:45:42",2197.7,2,elmehdieljair
1329,16720316,"Hưng Trần","2026-09-16 10:27:05",2197.1,2,hungtrabiz
1330,16848588,"vibe coders","2026-09-16 21:33:38",2196.7,2,"caando,sheryllynntan"
1331,16683529,"Yanis Belami","2026-09-16 22:47:07",2196.7,2,yanisbelami
1332,16888261,"Andreas meling","2026-09-16 12:36:56",2194.7,2,andreasmeling
1333,16903902,wanghaozhi,"2026-09-16 14:24:32",2193.2,2,wanghaozhi
1334,16843303,inori315,"2026-09-14 13:31:27",2193.0,2,inori315
1335,16627888,atl132,"2026-09-16 15:19:14",2192.5,2,atl132
1336,16842093,aether74,"2026-09-14 06:18:50",2191.5,2,aether74
1337,16766498,HNUST,"2026-09-15 06:44:18",2191.3,2,"aloemoon,castianhans"
1338,16667766,vasujain7,"2026-09-14 17:44:19",2190.8,2,vasujain7
1339,16833013,"Tariq Alyami","2026-09-16 17:30:44",2190.7,2,tariqalyami
1340,16845695,"Nam Lê Phương","2026-09-14 06:56:08",2190.5,2,pearpn25
1341,16665129,Doom,"2026-09-14 10:41:34",2190.2,2,"mr6436,sanskaarundale"
1342,16685548,"Erfan Eshratifar","2026-09-15 23:57:38",2189.0,2,erfaneshrati
1343,16705523,"Brian Chua","2026-09-15 11:35:40",2187.2,2,chuazhengweibrian
1344,16731577,RYnerv,"2026-09-14 11:33:32",2187.1,2,rynerv
1345,16850683,cooked,"2026-09-15 21:49:16",2186.1,2,"jentopia,toasty3302,xenonminer"
1346,16660488,tehyoni,"2026-09-14 15:15:31",2184.6,2,"gooberdambi,sidcat,suaeng,tehyoni"
1347,16840005,"Qiyao XU","2026-09-16 06:23:59",2184.4,2,qiyaoxu
1348,16794207,AlekseiProvorov,"2026-09-14 00:57:23",2183.7,2,leoprovorov
1349,16711376,"Arman Tuganbaev","2026-09-16 17:24:19",2181.7,2,armantuganbaev
1350,16850995,"KOSUKE MATSUDA","2026-09-16 14:30:14",2181.6,2,kosukematsuda
1351,16895147,"DL Julius","2026-09-17 00:02:16",2181.5,2,dljulius
1352,16664392,AdamHsieh,"2026-09-16 09:11:36",2181.0,2,adamhsieh
1353,16683288,HuaLQin,"2026-09-16 05:48:51",2180.9,2,hualqin
1354,16635745,DataRockstar,"2026-09-14 16:52:38",2179.6,2,"amaropeter,jvlegend"
1355,16848622,"KUO JEN WEI","2026-09-15 18:04:43",2179.0,2,"kuojenwei,kuyiting"
1356,16698999,Odyssey,"2026-09-14 03:03:37",2178.7,2,a1spirit
1357,16780455,wadigongren,"2026-09-15 00:44:59",2178.6,2,wadigongren
1358,16663166,Rey4Dan,"2026-09-16 22:11:16",2178.2,2,rey4dan
1359,16730357,"My second life","2026-09-16 13:28:38",2177.5,2,"giovannibaldon,jjinho,pavelsavchenkov,ttyn4519"
1360,16871053,Ni123456&,"2026-09-15 06:46:11",2177.4,2,bingdongni
1361,16897501,"I'm Fine.","2026-09-16 02:51:36",2176.2,2,zkheart
1362,16627600,"NiA Farms","2026-09-15 06:17:22",2175.5,2,"adriaft,natliablascoandreo"
1363,16879166,NoDash,"2026-09-15 02:56:39",2174.2,2,nodash
1364,16630380,JM,"2026-09-16 18:27:33",2172.8,2,julianmukaj
1365,16659771,DieByTheSword,"2026-09-16 08:53:03",2172.2,2,przemysawstroiws
1366,16730065,Blu3s,"2026-09-16 21:56:25",2171.8,2,"atteincueo,ausrine"
1367,16723427,"Nikita Biryukov","2026-09-14 07:00:48",2171.5,2,bnikita
1368,16743639,Hanserong,"2026-09-12 13:08:37",2171.0,2,"ronghedragon,rufus666"
1369,16769059,Gabriel,"2026-09-16 23:18:50",2170.6,2,"shawsebastian,tvtdddd"
1370,16783642,base_camp_2002,"2026-09-15 06:57:18",2169.8,2,basecamp2002
1371,16861885,"Олег Бабков","2026-09-14 10:39:35",2169.5,2,jabberwock78
1372,16639550,"HIDEYO CHIBA","2026-09-16 18:40:55",2169.1,2,hideyochiba
1373,16634312,"Linh Le","2026-09-15 06:58:37",2168.1,2,linhlethuy
1374,16649314,"Yuka,Ota","2026-09-14 08:17:18",2166.2,2,yukaika
1375,16732129,"payne yam","2026-09-16 02:55:15",2165.7,2,payneyam
1376,16840857,Meteor,"2026-09-16 12:59:19",2165.4,2,meteorkid
1377,16640933,"Bhanu prasad","2026-09-15 12:11:34",2165.4,2,restlesseagle
1378,16864870,JR,"2026-09-14 16:38:01",2165.0,2,jurijsruko
1379,16735744,老乡,"2026-09-14 02:54:38",2163.9,2,hboyang
1380,16794527,linyifangzhenshuai,"2026-09-16 01:17:26",2162.8,2,linyifangzhenshuai
1381,16843042,"Frost Cerberus","2026-09-14 05:21:03",2162.6,2,frostcerberus
1382,16790432,"Field General","2026-09-16 12:45:59",2162.1,2,kevinarvai
1383,16746372,"Meerub Atiq","2026-09-16 07:20:45",2162.1,2,meerubatiq
1384,16654697,KawattaTaido,"2026-09-16 14:00:26",2160.9,2,kawattataido
1385,16744842,juisajdiasd,"2026-09-13 08:18:35",2159.3,2,juisajdiasd
1386,16682210,Boiled-Sweet-Potato,"2026-09-14 04:16:32",2159.2,2,boiledsweetpotato
1387,16698661,"Albert Wang","2026-09-16 23:14:53",2158.8,2,mianwang1024
1388,16849780,"Juan Leiva","2026-09-13 23:36:08",2157.6,2,juank333
1389,16630784,"🚜 Sub-Par Seedlings","2026-09-15 16:54:05",2156.9,2,"dwellement0baser,michaellist,oneupkiwi,wilhelmberghammer"
1390,16689154,CrossEngineered,"2026-09-15 19:02:29",2156.7,2,"danyalsahin1,gkenurk"
1391,16753925,"Tyler Durden","2026-09-15 08:06:49",2155.8,2,jeedimetlacharan213
1392,16673013,TTT,"2026-09-14 02:00:51",2155.1,2,tadahiroasami
1393,16672121,"Tiger bonbon","2026-09-14 03:41:59",2153.6,2,fujiwarayuto
1394,16688159,"aildar &  slopernak & bobot","2026-09-16 23:23:39",2153.4,2,"eldarkhisamutdinov,mernak,vladimirbagmanov"
1395,16696960,pi-500.phys,"2026-09-13 16:46:21",2152.1,1,pi500phys
1396,16805244,nari,"2026-09-16 12:28:48",2151.5,2,shoheiyoshinari
1397,16658426,RIVEN23,"2026-09-15 04:02:51",2150.6,2,riven5
1398,16662914,"Apollo's cattles","2026-09-16 19:28:52",2150.6,2,"icr007,kennethlie16,romanrozen"
1399,16743546,"Simon Dorcas","2026-09-15 12:32:31",2149.5,2,simondorcas
1400,16802843,Dream,"2026-09-16 02:45:24",2149.4,2,"jamesl8,tzeweilim"
1401,16622422,ss,"2026-09-13 14:59:56",2148.5,2,forest2026
1402,16674948,habe.sq,"2026-09-15 13:31:54",2147.1,2,habesq
1403,16622937,"Sheep 🐑","2026-09-16 04:54:37",2146.1,2,kabilrh
1404,16823957,"kiki yi2","2026-09-16 04:13:24",2144.6,2,kikiyi2
1405,16730334,"Have a nice trip in USST","2026-09-16 03:30:59",2144.1,2,"eugeneyeung,grace7523,tuskig,wzh20050212"
1406,16632493,"oni chan arigato","2026-09-13 23:01:31",2143.7,2,"kindasomethin,nabidnur"
1407,16863212,"Jayanth Koppala","2026-09-16 09:33:49",2143.3,2,jayanthkoppala
1408,16634246,just_calculate,"2026-09-15 09:57:32",2142.7,2,justcalculate
1409,16733016,Quillbolt,"2026-09-16 16:38:45",2142.1,2,tunminhhunh
1410,16666784,"Michał Łapiński","2026-09-14 17:41:53",2141.2,2,michaapiski
1411,16699856,yukio,"2026-09-13 23:40:07",2141.2,2,yukioseki
1412,16888260,"Ndabenhle Ngema","2026-09-16 19:25:48",2141.1,2,ndabenhlengema
1413,16908425,"Tagir Eminov","2026-09-16 22:57:32",2140.5,2,tagireminov
1414,16843582,isk54_34,"2026-09-15 15:04:59",2139.4,2,isk5434
1415,16730495,joinus,"2026-09-15 08:34:22",2138.9,2,joinus2003
1416,16662492,"Lester Leong","2026-09-14 15:20:15",2138.0,2,lesterleong
1417,16837554,Quickpanda,"2026-09-16 10:46:09",2135.8,2,quickpanda
1418,16897870,妮选择遗忘的,"2026-09-16 15:49:01",2134.7,2,yk120951
1419,16845165,Tanuki_boosting,"2026-09-13 12:41:51",2134.4,2,miyamotodaiya
1420,16646970,juewang1p,"2026-09-14 03:15:01",2134.2,2,juewang1p
1421,16671376,Lebxgue.,"2026-09-13 08:26:45",2131.8,2,yukieja
1422,16629308,Sutee,"2026-09-16 17:43:12",2131.1,2,lszlst
1423,16674295,"Nguyễn Minh Hiếu","2026-09-15 08:01:41",2131.1,2,endermage
1424,16736265,"Marko Rupnik","2026-09-12 21:03:29",2131.0,2,markorupnik
1425,16862912,"Nicolas Krusche","2026-09-15 00:03:10",2130.8,2,nicolaskrusche
1426,16681744,team_fn,"2026-09-16 20:24:19",2130.7,2,fjklmn
1427,16697898,"Yin Li","2026-09-13 12:57:24",2130.3,2,kevin250304
1428,16853540,WUZB,"2026-09-14 16:34:29",2129.7,2,wzhengbiao
1429,16872754,kitano0104,"2026-09-16 01:56:33",2125.0,2,kitano0104
1430,16791369,dataix,"2026-09-13 19:36:42",2124.7,2,codymachody
1431,16732422,"Aizat Kashapov","2026-09-15 08:49:45",2124.5,2,liderpartiii
1432,16697139,Stocks152,"2026-09-16 07:10:49",2123.8,2,stocks152
1433,16669632,"Kenneth Alonso","2026-09-13 18:49:10",2123.7,2,kennethalonso
1434,16633853,"funny farm","2026-09-14 12:31:58",2123.0,2,"alannasibullin,alexandrutkov"
1435,16658677,大山,"2026-09-16 11:46:17",2122.6,2,mapodoufu
1436,16886979,"Ivan Toropin","2026-09-13 21:21:17",2122.2,2,ivantoropin
1437,16764301,"Quýt đây đừng sợ","2026-09-16 11:30:16",2121.9,2,ponschannel
1438,16685014,"Vishal Kishore","2026-09-14 02:35:37",2121.4,2,kishorevishal
1439,16863498,Jackmama-nolfwin,"2026-09-13 04:36:37",2121.1,2,nolfwin
1440,16847706,takumina,"2026-09-13 23:45:40",2120.2,2,takuminakamatsu
1441,16695664,Bantam,"2026-09-15 07:20:58",2119.6,2,bantam
1442,16705830,"Grim Reaper","2026-09-16 07:37:11",2119.4,2,fathomable
1443,16654027,shiv,"2026-09-14 15:18:51",2119.0,2,shivaurora
1444,16655631,"Djamila Benchikh","2026-09-15 22:20:15",2118.2,2,djamilabenchikh
1445,16711398," Fable 5.1","2026-09-16 14:54:11",2116.9,2,chenxizhao21
1446,16780279,"N Divij","2026-09-12 18:30:06",2116.1,2,divijio
1447,16632757,taopy2,"2026-09-16 08:34:40",2116.0,2,taopy2
1448,16854072,r13721,"2026-09-13 13:57:13",2115.6,2,r13721
1449,16796241,"pavan rajr","2026-09-16 20:42:02",2115.6,2,pavanrajr
1450,16809200,v0m0v,"2026-09-13 12:09:18",2114.7,2,maguchiya
1451,16674878,KirillKlem,"2026-09-13 18:19:27",2113.0,2,kirillklem
1452,16659555,"Joseph Adamski","2026-09-16 10:31:59",2112.9,2,josephadamski91
1453,16731501,"Shiv Satyam","2026-09-13 22:14:15",2111.9,2,shivsatyam
1454,16822002,shiokoh,"2026-09-13 16:02:35",2111.6,2,shiokoh
1455,16623530,khursani,"2026-09-16 21:10:01",2110.5,2,khursani8
1456,16885455,"Ali Azizi","2026-09-15 10:38:52",2107.3,2,aliazizi1
1457,16779519,"Xiangsong Tian","2026-09-14 02:30:18",2106.9,2,xiangsongtian25
1458,16661708,"Stanley Honkpehedji","2026-09-16 14:42:01",2105.3,2,stanleyhonkpehedji
1459,16669123,"Alex #2","2026-09-14 04:10:26",2104.3,2,alxdfy
1460,16633773,copasta,"2026-09-13 06:16:43",2104.0,2,copasta
1461,16686155,梁圣的恩情还不完,"2026-09-14 14:08:46",2103.6,2,yyyyhhhhwww
1462,16743342,"Артём Свинобоев","2026-09-13 11:38:29",2103.2,2,ssstelmah
1463,16621625,"Alexander Chesnokov","2026-09-16 19:20:43",2102.7,2,alexanderchesnokov
1464,16669650,motono0223,"2026-09-14 15:16:56",2101.5,2,motono0223
1465,16814375,"Yuta Eiki","2026-09-16 04:16:51",2098.9,2,wildauk
1466,16655500,"Zhao Liying","2026-09-13 11:25:50",2098.6,2,yeohzhonghanervin
1467,16659081,"JALKARNA GAUTAM","2026-09-13 14:45:43",2098.6,2,jalkarnagautam
1468,16736856,misaki,"2026-09-14 13:34:34",2098.3,2,"dicenull,iroharyo,jinnsou0219,misakima"
1469,16806146,"Factual Explorer","2026-09-12 20:05:48",2098.2,2,factualexplorer
1470,16780995,"Silver Surfer","2026-09-13 15:19:13",2097.7,2,hausch11
1471,16675866,DanilChil,"2026-09-15 19:30:24",2096.8,2,danilchil
1472,16775803,Robson,"2026-09-16 23:09:28",2095.8,2,robsonsan
1473,16779564,oycr,"2026-09-13 09:54:19",2094.2,2,"oyxiaobai159,wdt124"
1474,16707990,Snorlax,"2026-09-16 10:11:53",2093.5,2,pku1400010735
1475,16672709,"RS Turley","2026-09-16 03:21:16",2090.9,2,rturley
1476,16731926,"Pardheev Krishna","2026-09-12 12:08:13",2090.8,2,"anandkumar0901,ayushjiwatramani,nidhibsh,nitindatanylatics,pardheev"
1477,16660209,"Whyme Labs","2026-09-16 08:13:30",2090.2,2,whymelabs
1478,16879879,wulawulacong,"2026-09-15 14:07:26",2090.2,2,wulawulacong
1479,16875464,tllswelp,"2026-09-13 11:07:16",2089.4,2,tllswelp
1480,16881882,Fl,"2026-09-14 21:42:24",2088.1,2,flagon
1481,16693092,"Andrei Dzis","2026-09-13 15:00:30",2088.0,2,dzisandy
1482,16777836,キムチ納豆,"2026-09-13 07:07:18",2086.9,1,ccchikuwa
1483,16632327,midnq,"2026-09-16 08:06:06",2086.7,2,midnqly
1484,16757392,Winter01,"2026-09-16 12:33:38",2085.4,2,wei111111
1485,16809721,siren2345,"2026-09-13 09:59:42",2084.9,2,siren2345
1486,16740431,yuikag,"2026-09-16 02:50:40",2084.7,2,yuikag
1487,16884417,"malcolm tan","2026-09-13 11:26:47",2084.5,2,malcolmtan
1488,16783740,ZiYiMing,"2026-09-16 03:54:41",2084.4,2,ziyiming
1489,16660255,"Revanth Tambisetty","2026-09-15 04:13:11",2084.2,2,revanthtambisetty
1490,16866868,mr_children_0617,"2026-09-14 13:01:56",2083.6,2,mrchildren0617
1491,16881121,Annsatz,"2026-09-14 14:59:00",2083.3,2,ansatzkong
1492,16670384,"Gordeev Max","2026-09-16 14:43:41",2082.8,2,gordeevmax
1493,16659395,HyperX,"2026-09-15 11:53:22",2082.7,2,"diversedharun,harishinkaggle"
1494,16887631,"Wills Cui","2026-09-16 03:37:59",2082.6,2,willscui
1495,16881755,MudassarPAPI,"2026-09-14 08:59:06",2082.4,2,mudassarpapi
1496,16861637,薄荷喵呜,"2026-09-12 09:39:16",2081.9,2,bohemiao
1497,16669604,"Abhijit Pise","2026-09-13 21:25:57",2081.8,2,abhijitpise
1498,16630418,butterchicken,"2026-09-13 12:29:23",2080.8,2,"ritanshuprasad,sriramlingavel01"
1499,16698136,"David Estevez","2026-09-16 22:41:15",2080.4,2,destbreso
1500,16693942,"Lisan al-Gaib","2026-09-16 14:06:04",2080.1,2,azrihasin
1501,16668564,"Rikito Kanda","2026-09-14 13:01:57",2079.9,2,rikitokanda
1502,16798602,uns.t,"2026-09-13 11:57:33",2079.7,2,franksunp
1503,16730223,Ojaswy,"2026-09-13 13:43:36",2079.7,2,ojaswy
1504,16716533,wiffany,"2026-09-13 11:23:08",2079.6,2,wiffany
1505,16786595,"dbvz sbsbs","2026-09-12 08:37:55",2079.5,2,dbvzsbsbs
1506,16639168,Sergey,"2026-09-13 08:22:45",2079.3,2,sergeymikhailovn
1507,16866457,"Qian Jinjin","2026-09-14 05:20:42",2078.9,2,q20020006073
1508,16840588,Q.Ai,"2026-09-13 19:36:27",2078.0,2,"alperennbaran,hseyinemre134"
1509,16794630,"Yuchuan Ding","2026-09-14 04:55:24",2077.8,2,yuchuanding
1510,16655098,"Brotron Carbide","2026-09-13 03:38:35",2076.8,2,brotroncarbide
1511,16697893,"YWehbe / ADIA Lab","2026-09-16 11:16:27",2076.4,2,youssefwehbe
1512,16881631,"Arjun Sharma","2026-09-12 14:47:32",2075.6,2,arjundsharma
1513,16811900,"Brejesh Balakrishnan","2026-09-13 05:20:59",2075.4,2,brejeshbalakrishnan
1514,16635872,"Evgeniya Dmitrieva","2026-09-13 13:12:14",2074.1,2,evgeniyadm
1515,16740161,r2singh,"2026-09-13 19:26:20",2073.5,2,ratnaraj
1516,16805918,"kaito ide 31","2026-09-15 15:29:06",2073.3,2,kaitoide31
1517,16674586,"Stanislav Ilin","2026-09-15 13:33:30",2072.9,2,stanislavilin2026ai
1518,16855071,Janvi_ch,"2026-09-13 18:22:18",2072.8,2,janvich
1519,16839458,"Agent 0","2026-09-14 00:51:00",2072.1,2,agent0
1520,16854439,"Yosef Zoabi","2026-09-13 21:05:15",2071.8,2,yosefzoabi
1521,16885734,zylvento,"2026-09-13 10:02:37",2071.5,2,"lorvexa,zylvento"
1522,16745006,UjjwalPardeshi,"2026-09-13 10:31:33",2070.0,2,ujjwalpardeshi
1523,16624969,tf,"2026-09-15 13:20:28",2069.5,2,tfukuhara
1524,16622376,fmind,"2026-09-16 17:26:06",2069.2,2,freaxmind
1525,16862614,"Andrew Bunn","2026-09-16 22:30:39",2068.8,2,andrewbunn
1526,16652272,"nadhir hasan","2026-09-13 14:07:09",2068.5,2,nadhirhasan
1527,16707383,"codex is all you need","2026-09-13 01:26:48",2068.0,2,chizhu2018
1528,16842747,314?,"2026-09-13 19:26:50",2067.5,2,elshahed
1529,16778627,LXZ538,"2026-09-13 12:58:52",2067.3,2,lxz538
1530,16730015,suzu10,"2026-09-16 23:42:41",2067.1,2,suzu10
1531,16688294,"high frequency farming","2026-09-16 22:56:59",2065.1,2,"gunhcolab,hweowe,markslavin"
1532,16772460,"Дмитрий Онин","2026-09-14 05:22:31",2064.8,2,rejo1ce
1533,16684641,t.me/aetheranime,"2026-09-13 10:22:28",2064.0,2,yfrite
1534,16623603,"Renji Starfall","2026-09-13 14:14:01",2061.5,2,renjistarfall
1535,16655682,"Azamat Sadikov","2026-09-16 23:07:23",2061.3,2,azamatsadikov
1536,16875849,"Yaotong Niu","2026-09-15 13:37:34",2060.7,2,yaotongniu
1537,16855214,"Kazumi Sakamaki","2026-09-15 12:20:09",2060.3,2,hatimitusiropp
1538,16641171,"Sadettin Şamil Verdil","2026-09-16 14:45:16",2060.3,2,sadettinamilverdil
1539,16810141,"Sijie Ma","2026-09-13 14:22:49",2060.2,2,"dimashitong112,sijiema"
1540,16884861,Sky,"2026-09-13 07:20:40",2059.3,2,dhaksheshwarm
1541,16807802,嘴爷,"2026-09-14 02:14:43",2059.2,2,zui0711
1542,16622820,"Sergey Nefedov","2026-09-13 18:00:39",2058.8,2,sergionefedov
1543,16709236,rick11224,"2026-09-13 16:37:58",2058.2,2,rick11224
1544,16792410,"Taewoong Kim","2026-09-16 11:42:22",2058.1,2,aleaiest
1545,16630803,"Mirza Milan Farabi","2026-09-13 21:59:25",2057.9,2,mirzamilanfarabi
1546,16848479,nilochan,"2026-09-17 00:01:18",2057.7,2,nilochan
1547,16791254,player123,"2026-09-16 15:20:19",2057.3,2,prashantbhattarai093
1548,16875653,xuzenkun,"2026-09-16 13:47:37",2056.9,2,xuzenkun
1549,16751828,hatry,"2026-09-16 06:53:35",2056.6,2,toseihatori
1550,16884368,LaManbo,"2026-09-13 10:51:44",2055.8,2,encizhang
1551,16715216,Colin,"2026-09-15 12:36:41",2055.6,2,umcolin
1552,16882280,K_daisuke,"2026-09-12 18:32:38",2055.5,1,kawakamidaisuke
1553,16718745,"Vishwamitra Mishra","2026-09-16 22:05:49",2055.4,2,vishwa007
1554,16722295,"Yuya Shintani","2026-09-12 22:06:53",2051.6,2,uplus26e7
1555,16663614,Nevska,"2026-09-15 21:00:10",2050.8,2,nevska
1556,16768104,"Ivan Aleksandrov","2026-09-17 00:00:42",2048.7,2,ivanblch
1557,16659103,Arin,"2026-09-13 10:58:50",2048.7,2,skarin
1558,16884932,torvile,"2026-09-13 05:54:14",2047.6,2,torvile
1559,16635351,AAAMIKASA,"2026-09-13 22:13:23",2047.3,2,aaamikasa
1560,16731940,xxxxyt,"2026-09-16 13:44:09",2046.8,2,"shengqinxi,xmxgxcs,xxxxyt"
1561,16629873,UncleWKTK,"2026-09-13 05:24:28",2046.3,2,unclewktk
1562,16879027,XMHHHH,"2026-09-14 09:12:04",2045.7,2,jkkhhoo
1563,16691670,wangbin.dev,"2026-09-16 15:38:57",2045.5,2,wangbindev
1564,16885704,tavrico,"2026-09-13 09:52:55",2045.2,2,tavrico
1565,16807538,Asterope,"2026-09-16 01:49:58",2043.6,2,jianlee0
1566,16657587,PxlPau,"2026-09-13 00:34:27",2041.9,2,studybeetutoring
1567,16841799,珍珠,"2026-09-14 16:49:56",2041.6,2,luochen6
1568,16677337,"xi luo","2026-09-17 00:02:34",2041.0,2,xiluo00
1569,16870485,agentic,"2026-09-16 19:21:30",2039.9,2,"audiuphile,mark5221,sidchevvan"
1570,16659942,"Abdoulaye DIAW","2026-09-16 09:58:46",2038.1,2,abdoulayediaw25
1571,16796235,"Keside Onyeocha","2026-09-15 22:23:58",2037.2,2,kesideonyeocha
1572,16690500,Mr.NoT_GaMeR,"2026-09-15 14:51:43",2036.7,2,joshdilipkumarpatel
1573,16641751,Hikari_30,"2026-09-13 12:17:18",2036.3,2,hikari30
1574,16665084,"Wei Han","2026-09-16 16:12:05",2035.4,2,weihan87
1575,16732878,modelcollapse,"2026-09-13 10:23:31",2034.9,2,modelcollapse
1576,16641816,"Toshiki Honda","2026-09-16 15:03:37",2033.4,2,toshikihonda
1577,16653311,"Stanislav Tsepa","2026-09-14 03:15:26",2033.3,2,mrtsepa
1578,16811313,Ta_____ko,"2026-09-15 23:48:50",2033.0,2,tako1249
1579,16884822,reziavon,"2026-09-13 05:38:11",2032.3,2,reziavon
1580,16877997,Mirlan,"2026-09-13 07:44:53",2031.8,2,zmtrxq
1581,16797154,"Elvern Neylmav Tanny","2026-09-13 23:37:07",2030.3,2,elvernneylmavtanny
1582,16673870,"Yuxiao Wang","2026-09-16 16:03:55",2029.5,2,yuxiaowangx
1583,16865854,lancerhim,"2026-09-14 04:18:21",2028.4,2,lancerhim
1584,16623988,"Charismatic Pizza Party🍕","2026-09-13 06:01:29",2025.8,2,debugendless
1585,16864988,"jiangling wang","2026-09-13 10:59:00",2025.2,1,jianglingwang
1586,16885807,S3unburst,"2026-09-13 10:25:40",2025.1,2,s3unburst
1587,16672136,chupaletas,"2026-09-16 15:39:42",2021.9,2,urvesh
1588,16638781,itsuki-data,"2026-09-13 09:38:58",2021.7,2,itsuki89
1589,16664239,VK_Kaggriculture..StartCompet,"2026-09-13 12:49:08",2020.5,2,venkatkumar001
1590,16770149,rikutokuwayama,"2026-09-13 05:31:48",2020.1,2,rikutokuwayama
1591,16878707,"Shiva Somasundaram Balaji","2026-09-13 05:58:09",2019.3,2,shivasomasundaramb
1592,16723988,yuyinghuang,"2026-09-13 07:00:33",2019.2,2,yuyinghuang
1593,16731415,BOB,"2026-09-16 23:46:45",2019.2,2,hotpotbro
1594,16743852,"Giovanni Giorgio","2026-09-13 01:19:55",2019.0,2,"alexandermlad,erikpymay"
1595,16634873,shin0000,"2026-09-13 02:40:02",2019.0,2,shin0000
1596,16715066,akahane,"2026-09-16 21:06:58",2018.5,2,shuheiakahane
1597,16689430,"Terry Luo","2026-09-10 12:28:44",2017.0,2,eimhluo1764
1598,16885770,"Rahul Jangra","2026-09-13 10:13:19",2016.6,1,leonado10000
1599,16622032,"Raunak Dey","2026-09-13 13:46:33",2016.3,2,raunakdey07
1600,16752277,YKuma,"2026-09-14 14:08:15",2015.8,2,ykumazaki
1601,16743055,栗ご飯,"2026-09-13 00:58:59",2015.2,2,criticalpath1903
1602,16844518,"Haroon Rasheed","2026-09-15 09:03:17",2014.9,2,haroonnsgb
1603,16660485,"Colin Gaffney","2026-09-14 04:29:28",2014.9,2,colingaffney1
1604,16755808,"Van-Phuc Huynh","2026-09-12 21:02:10",2013.3,2,hvanphucs112
1605,16847311,WangYilin_henuAI,"2026-09-14 12:14:10",2012.1,2,"hyhyyh,violin1,xiaoming1238952"
1606,16823251,"Khaled Yousef","2026-09-15 07:19:47",2011.9,2,recochet96
1607,16798317,"Baran Akyıldız","2026-09-13 19:07:13",2011.6,2,baranakyldz
1608,16660041,"Hoàng Quốc Việt ","2026-09-13 04:56:59",2009.0,2,viethwang3i
1609,16877685,"Felipe Figueiredo","2026-09-13 08:16:59",2008.3,2,felipefigueiredo02
1610,16732478,Ken_Ken_Pa,"2026-09-13 09:05:26",2007.7,2,kenkenpa
1611,16726461,mocatti,"2026-09-16 11:40:20",2007.6,2,mocatti
1612,16871327,"Anh Bui","2026-09-16 03:43:02",2006.8,2,bibanh
1613,16861198,Eggplanck,"2026-09-13 01:33:47",2006.6,2,gyozzza
1614,16738852,ZJUwlm,"2026-09-13 08:15:00",2005.3,2,zjuwlm
1615,16855088,Re:dorf,"2026-09-15 12:44:10",2004.6,2,reydorf
1616,16641138,"Bharath Varma","2026-09-16 11:29:27",2004.0,2,bharath111l
1617,16748559,GodofThunder2407,"2026-09-13 06:18:15",2003.8,2,godofthunder2407
1618,16810954,BayramAnnakov,"2026-09-12 21:44:51",2003.2,2,bayramannakov
1619,16872207,"Tèo Búng","2026-09-16 05:10:05",2002.9,2,teobung
1620,16857641,ZengHL,"2026-09-13 07:35:36",2002.1,2,marshjff
1621,16716558,"Evan Tobias","2026-09-16 13:13:31",2001.2,2,evantobias
1622,16875733,Fronta,"2026-09-13 06:47:59",2000.9,2,mirichima
1623,16839754,"Lauresowe 3D","2026-09-12 10:00:06",2000.4,2,lauresowe3d
1624,16860547,stargazer7c,"2026-09-12 06:31:25",1999.7,2,stargazer7c
1625,16697461,Agricroporation,"2026-09-14 14:32:23",1999.6,2,"algionightly,kroissant7,officialabhinavsingh"
1626,16681049,"SiLin “Can SiLin” Can","2026-09-13 05:44:26",1999.5,2,"k3rn3l,silincansilincan"
1627,16852049,Tremble,"2026-09-14 01:05:06",1999.2,2,junsongzhang
1628,16796223,"Bohan Shao","2026-09-14 03:22:54",1997.6,2,bohanshao
1629,16806014,"weihao huang2004","2026-09-15 02:06:07",1997.6,2,weihaohuang2004
1630,16733748,"Ashutosh Agarwal","2026-09-15 07:49:32",1995.7,2,ashutoshagarwal088
1631,16673230,saitamad,"2026-09-16 04:03:47",1995.4,2,saitamad
1632,16884902,yovrini,"2026-09-13 05:49:06",1991.6,2,yovrini
1633,16762302,OxFFFs,"2026-09-16 15:14:21",1991.4,2,oxfffs
1634,16867601,tadashikato,"2026-09-12 12:11:44",1990.9,2,tadashikato
1635,16622245,"Vlas Veles","2026-09-12 08:04:18",1989.7,2,vlasveles
1636,16749352,"Ian Virchenko","2026-09-14 10:23:15",1989.6,2,yvainr
1637,16624040,kumk,"2026-09-12 14:20:59",1988.3,2,kknagoya
1638,16684128,NIklitaCheporev,"2026-09-12 22:36:50",1988.1,2,niklitacheporev
1639,16678080,"Timothy Adeyemi","2026-09-15 13:06:38",1987.6,2,timothyadeyemi
1640,16764546,Thirst,"2026-09-15 13:07:32",1985.7,2,wahidakram
1641,16731270,"Arthurs Torres24","2026-09-16 17:03:48",1985.1,2,arthurstorres24
1642,16689863,yukichi0403,"2026-09-15 12:39:45",1985.0,2,yukitake93
1643,16732727,brightest66,"2026-09-12 13:00:57",1984.1,2,brightest66
1644,16744573,"Oleksandr Kovalchuk","2026-09-13 12:55:29",1981.9,2,oleksandrkovalchuk
1645,16855992,"Vanshika #2","2026-09-13 04:14:46",1981.8,2,crystalbaby
1646,16748866,masayoshi,"2026-09-13 15:44:29",1981.4,2,masayoshi64
1647,16630274,yutoAb,"2026-09-16 11:07:02",1981.1,2,yutoab
1648,16898500,"M Noxon","2026-09-16 22:29:17",1981.0,2,mnoxon
1649,16749435,SGY2512,"2026-09-14 14:08:53",1980.9,2,sgy2512
1650,16730344,lvisdd,"2026-09-13 13:33:00",1979.0,2,lvisdd
1651,16663252,"MD Concepcion","2026-09-16 13:36:16",1977.9,2,mikedconcepcion
1652,16862390,huytngo,"2026-09-13 02:44:09",1975.5,2,huytngo
1653,16875618,"Joel P. Joseph","2026-09-16 13:33:52",1973.7,2,joelpjoseph
1654,16708546,"Blue Rain","2026-09-12 04:15:32",1972.8,2,bluefeather386
1655,16698206,"Bark at the Barnyard","2026-09-14 15:22:45",1970.8,2,mming0430
1656,16661570,"sissoko cheick","2026-09-16 17:19:19",1970.6,2,sissokocheick
1657,16747069,l'rug,"2026-09-12 11:01:00",1970.6,2,sdfsfsfsdf
1658,16682892,"Alvaro Llamojha","2026-09-16 08:37:03",1970.4,2,alvarollamojha
1659,16751411,"lamb Liu","2026-09-12 08:13:29",1970.2,2,liuxiaohua72
1660,16725287,NoahRyan,"2026-09-13 10:37:32",1970.1,2,beginner080
1661,16881818,gradfield21,"2026-09-12 15:44:29",1969.6,2,gradfield21
1662,16709463,MKhlystun,"2026-09-14 23:09:29",1969.6,2,mkhlystun
1663,16735094,RngRng,"2026-09-15 14:09:37",1969.4,2,rngrng
1664,16730142,static,"2026-09-12 07:01:49",1969.2,2,huangshunhao
1665,16881237,"Chunlai Li","2026-09-12 13:58:51",1968.0,2,lichunlai123
1666,16700211,miya,"2026-09-16 09:26:29",1967.9,2,miyamuratakeki
1667,16822706,"YUE WU","2026-09-12 20:16:36",1967.9,2,yuewuacademic
1668,16790005,"Rohit Kumar Sahoo","2026-09-13 03:54:07",1967.6,2,rohit4118
1669,16728114,yu9824,"2026-09-15 21:41:20",1966.7,2,yu9824
1670,16726287,BBaRRel.,"2026-09-12 16:01:24",1966.6,2,yujinkk0609
1671,16668789,qaq7864,"2026-09-12 10:01:49",1966.5,1,qaq7864
1672,16705417,fuxi,"2026-09-16 13:37:50",1965.6,2,"padyue,pytorch5009asd"
1673,16635233,"Szymon Kłapiński","2026-09-12 10:11:30",1964.6,2,szymonkapiski
1674,16833095,"ADARSH DWIVEDI","2026-09-15 04:17:03",1964.4,2,adarshcod
1675,16644643,today,"2026-09-12 14:43:58",1964.3,2,today55
1676,16806080,銅メダルくれくれくれくれくれくれくれくれくれくれくれくれくれ,"2026-09-16 16:36:06",1964.1,2,konbu17
1677,16732055,DASH村,"2026-09-12 07:00:29",1963.6,2,sobameshi
1678,16623716,"tetsuya & yuanzhe & guoqi","2026-09-16 15:43:21",1962.0,2,"guoqingu,tetsuya3510,yuanzhezhou"
1679,16635340,"zhuo wamg","2026-09-14 15:05:30",1961.7,2,zhuowamg
1680,16684954,"Suneeth reddy","2026-09-11 18:38:08",1961.6,2,suneethreddy
1681,16771703,"Moomin and his farm","2026-09-12 07:03:58",1961.4,2,ataraxyyeah
1682,16669461,"suzy su","2026-09-12 12:38:38",1960.6,2,suzysu997
1683,16881585,Venqira,"2026-09-12 14:31:19",1960.4,2,venqira
1684,16737041,presucc,"2026-09-13 04:13:37",1960.2,2,presucc
1685,16623897,satoooh,"2026-09-12 05:04:15",1959.6,2,satoooh
1686,16858414,wantOchange,"2026-09-13 01:00:32",1959.6,2,wantochange
1687,16773041,walawala,"2026-09-12 15:14:30",1959.3,2,lixin73
1688,16756965,gchauhan,"2026-09-15 06:57:02",1959.3,2,gchauhan
1689,16623390,KodamaSec,"2026-09-16 18:42:12",1958.6,2,dfhgfdghfdhg
1690,16876869,MAGGR,"2026-09-12 18:42:26",1958.3,2,manojmandal
1691,16881783,novasync88,"2026-09-12 15:27:48",1958.1,2,novasync88
1692,16633950,"Matt Motoki","2026-09-12 04:35:41",1956.7,2,mmotoki
1693,16881521,Juniperss,"2026-09-12 14:16:09",1956.4,2,juniperss
1694,16724298,Orig_lab,"2026-09-11 12:30:00",1956.0,2,chengxixixi
1695,16886066,latentb,"2026-09-13 11:55:55",1955.9,2,latentb
1696,16790931,100rabh,"2026-09-12 16:42:27",1955.3,2,saurabhkumar234
1697,16632593,skomuro,"2026-09-13 03:09:56",1954.0,2,skomuro
1698,16882304,"Lokesh Prajapat","2026-09-12 18:20:47",1953.6,1,lokesh0252
1699,16760990,naren_v,"2026-09-14 03:26:45",1953.6,2,varuthakari
1700,16641169,boatlee,"2026-09-12 18:02:28",1952.7,2,boatlee
1701,16641309,klog,"2026-09-12 04:48:32",1951.7,2,mhrzmmhrzm
1702,16651695,"Abnormal Guys","2026-09-12 08:30:28",1951.2,2,"gwey1025,koushikrudra"
1703,16881613,refluxor,"2026-09-12 14:44:46",1950.3,2,refluxor
1704,16633173,"Saulo Quiñones Góngora","2026-09-16 15:42:02",1950.1,2,sauloquionesgngora
1705,16669191,"Mohammed Nomaan","2026-09-12 18:28:13",1950.0,2,nomaanz
1706,16668215,renta.k,"2026-09-16 12:17:59",1949.6,2,renta0426
1707,16638804,"Anhad Mahajan","2026-09-15 14:14:57",1949.5,2,anhadmahajan06
1708,16866014,htsbrer,"2026-09-12 02:53:05",1948.8,2,ht5brer
1709,16881267,"juu meng","2026-09-13 07:07:40",1948.3,2,juumeng
1710,16853894,"Ilya Usmanov","2026-09-11 15:10:58",1947.6,2,ilyausmanov
1711,16654076,"Son Pham","2026-09-15 19:33:54",1947.5,2,sonphamorg
1712,16671767,Kaileh57,"2026-09-12 20:58:24",1947.3,2,kaileh57
1713,16674385,"qr farm","2026-09-12 13:59:48",1946.7,2,qrz1201
1714,16672456,hangglider5,"2026-09-12 05:16:44",1946.2,2,hangglider5
1715,16744837,JuliaGastellu,"2026-09-14 17:54:44",1945.8,2,juliagastellu
1716,16640873,"Takumu Hata","2026-09-12 21:16:03",1945.3,2,takumuhata
1717,16623746,Juyong,"2026-09-16 18:47:14",1945.0,2,kimdoong
1718,16730578,BostonKaggle,"2026-09-16 14:00:55",1944.6,2,"isthereanycode,lynnkim0"
1719,16624080,yuuuki1111,"2026-09-15 00:03:02",1944.3,2,yuuuki1111
1720,16830984,lizhengui,"2026-09-13 06:34:44",1942.7,2,lizhengui
1721,16841440,CornFormer,"2026-09-15 19:43:05",1942.7,2,linyangtian
1722,16870033,"wbcrypto abrams","2026-09-12 23:33:05",1942.6,2,wbcryptoabrams
1723,16663513,DLTLM,"2026-09-12 08:40:13",1942.5,2,"debayank2024,laveshjadon,laxmikantaroy,moumitaaaaaa,tarunraii"
1724,16854939,nusrati,"2026-09-12 07:49:37",1941.7,2,nusrati
1725,16750575,Gronk,"2026-09-15 06:45:58",1941.4,2,jianyicai
1726,16807373,"junxing peng","2026-09-11 00:31:12",1940.7,2,junxingpeng
1727,16869555,"Karthik Nambiar","2026-09-15 07:13:16",1940.5,2,karthiknambiar387239
1728,16697185,"Prince Special","2026-09-15 19:19:49",1939.9,2,temitayogbolahan
1729,16675512,Corgi-Samoyed,"2026-09-16 23:18:03",1937.2,2,corgisamoyed
1730,16842293,"WANG HONGXIANG","2026-09-14 03:46:38",1933.6,2,wanghongxiang
1731,16705318,arminhej96,"2026-09-16 07:54:46",1933.5,2,arminhej96
1732,16709967,Matsu,"2026-09-14 07:44:33",1931.9,2,matsuzawahayato
1733,16838589,iCO,"2026-09-16 22:13:45",1931.7,2,takashimaeda
1734,16684402,vn1111,"2026-09-11 16:22:10",1931.1,2,vn1111
1735,16783173,"Michael Shihong Zhang","2026-09-13 05:39:27",1930.6,2,"excelexx,festyve"
1736,16678609,quantcrypto3,"2026-09-15 13:53:25",1930.4,2,quantcrypto3
1737,16654379,"Sebastian Mateus","2026-09-12 11:45:52",1930.3,2,sebastianmateus
1738,16744983,Gappy,"2026-09-16 07:16:43",1928.6,2,takahirohigasa
1739,16730236,加麻不加辣,"2026-09-12 17:19:01",1928.5,2,"shiyuanhe123,zihaokang"
1740,16660250,Moshel,"2026-09-12 23:06:43",1928.4,2,moshel
1741,16693557,"Ifeoluwa Adewumi","2026-09-16 05:14:17",1927.5,2,ifeadewumi
1742,16665641,"Alexander Shahramanyan","2026-09-16 06:55:41",1925.5,2,alexshah
1743,16766401,"Gobi Elangovan","2026-09-14 15:38:14",1925.1,2,gobielangovan
1744,16669038,"Nabeel Shar","2026-09-13 09:17:32",1924.2,2,nabeelshar
1745,16887858,"Oleg Zholobov","2026-09-14 04:11:36",1924.1,1,olegzholobov
1746,16832226,"DI27 RF","2026-09-13 02:34:01",1924.0,2,di27rf
1747,16839489,Q1du,"2026-09-12 10:12:02",1923.6,2,zjecust
1748,16794090,Euphor_M,"2026-09-14 19:04:28",1923.0,2,euphor
1749,16698281,Neural,"2026-09-16 23:44:38",1922.6,2,kevinkoza
1750,16659957,LeFarmers,"2026-09-13 03:46:06",1922.0,2,"jaydonjp,kuantumknight"
1751,16868001,"Young MacDonald","2026-09-16 05:02:39",1921.2,2,natert
1752,16674831,"nk for work","2026-09-16 13:27:33",1920.1,2,nkforwork
1753,16745138,yok,"2026-09-16 23:00:10",1920.0,2,yokoinaba
1754,16700510,"Shadow Recon","2026-09-16 09:12:43",1919.4,2,gaurav065
1755,16885090,higuuu,"2026-09-16 14:23:10",1918.8,2,higuuu
1756,16835641,baojidehuangmao,"2026-09-13 13:38:08",1918.7,2,"brittneylewis2,innocentdzzz"
1757,16841108,"Sean Peppers","2026-09-15 14:38:35",1917.5,2,gagepeppers
1758,16731194,"Neglected Turtle","2026-09-14 10:40:18",1916.6,2,pleaselike
1759,16685763,"koren sabag","2026-09-16 19:53:19",1915.8,2,korensabag
1760,16859157,"David Mensah-Gbekor","2026-09-16 19:05:35",1915.7,2,ravdave
1761,16725996,MatheusPSorancoDeCarvalho,"2026-09-16 21:35:26",1914.1,2,matheussoranco
1762,16631421,cg,"2026-09-16 16:24:22",1913.5,2,chaitanyagarg2
1763,16862944,Luchsus,"2026-09-14 23:29:16",1913.0,2,jansteindlstarlinger
1764,16861278,"Michael Pershin","2026-09-16 12:22:16",1908.4,2,michaelpershin
1765,16676034,"Songyot P","2026-09-12 14:57:32",1906.1,2,songyotpi
1766,16730076,SJY321,"2026-09-14 14:44:02",1905.8,2,sjy321
1767,16862806,kitsada,"2026-09-11 06:58:01",1905.3,2,wangwaen
1768,16761693,nhatvo,"2026-09-13 23:36:42",1905.1,2,nhatvo
1769,16802486,SHICHIES,"2026-09-14 17:53:39",1905.0,2,shichies
1770,16717536,c0nrad,"2026-09-16 23:02:38",1904.8,2,stuartlarsen
1771,16878458,"Sho Saga","2026-09-16 12:22:55",1903.6,2,shosaga
1772,16655383,MtN,"2026-09-16 23:00:55",1902.8,2,mariotrsn
1773,16802575,saeNeko,"2026-09-12 01:37:10",1902.6,2,sae20gorilla
1774,16713281,SirShifu,"2026-09-10 22:19:52",1902.0,2,sirshifu
1775,16689183,Hawksartelier,"2026-09-12 15:10:55",1901.6,2,satyapb2002
1776,16632240,Deepseek的恩情还不完,"2026-09-13 17:54:20",1901.1,2,"iwanys,pedianeko,realybin"
1777,16714161,Slirche,"2026-09-13 10:56:33",1899.6,2,slirche
1778,16722818,"Mukesh R","2026-09-14 09:13:30",1898.6,2,mukeshr06
1779,16784401,east,"2026-09-13 07:27:38",1898.6,2,eastxe
1780,16859690,Molood,"2026-09-10 20:30:43",1898.4,2,molooda
1781,16784516,pejipej,"2026-09-16 19:51:06",1898.4,2,pejmaneghbali
1782,16684401,WQAAAA,"2026-09-12 03:28:35",1898.0,2,wqaaaa
1783,16623371,MoZayed,"2026-09-13 19:28:49",1896.9,2,mohamedzayedahmed
1784,16843864,IkeKodd,"2026-09-15 16:02:24",1895.0,2,"ikekodd,pinluk"
1785,16774141,Radiance,"2026-09-12 10:39:19",1893.8,2,"evelyn3976,wangyi01"
1786,16728262,wakawakayu,"2026-09-14 12:00:12",1893.7,2,wakawakayu
1787,16775571,Gaurav06520,"2026-09-15 12:38:42",1893.6,2,gaurav06520
1788,16714365,meryol,"2026-09-14 23:27:25",1893.4,2,meryol
1789,16844770,Richard,"2026-09-15 02:27:34",1890.3,2,richardwg
1790,16630331,"Mohamed El-Nageeb","2026-09-14 23:31:06",1890.3,2,thelastsmilodon
1791,16732945,"Aru Ohta","2026-09-16 22:22:20",1890.0,2,aruohta
1792,16854842,ijiiok,"2026-09-11 09:11:10",1889.4,2,ijiiok
1793,16772204,"Hamam Ahmed","2026-09-16 17:10:41",1888.5,2,hamamelsanousi
1794,16847763,MartinZiserman,"2026-09-11 23:53:37",1888.0,2,zarmii
1795,16756153,"🪏Harvest Moon","2026-09-15 13:44:38",1887.6,2,"bbrage,bobmyersthesecond,wguesdon,yutomuroshima"
1796,16797105,"Rahul vats","2026-09-16 15:22:04",1886.6,2,rahulvats20
1797,16845258,Squirrel,"2026-09-14 14:33:17",1885.5,2,bunnykeeper
1798,16690447,Supermercado,"2026-09-12 11:14:33",1884.7,2,ryotaaaaaa
1799,16834038,"Akio Furutsuka","2026-09-12 06:46:33",1884.5,2,akiofurutsuka
1800,16624979,"Mohamed abdelrazik","2026-09-10 05:10:39",1883.7,2,mohamed3abdelrazik
1801,16866968,HXS-CF13,"2026-09-16 04:22:16",1882.7,2,hxscf13
1802,16774075,"Mohammad Yaser Hussain","2026-09-13 17:55:29",1882.3,2,mohammadyaserhussain
1803,16696099,moss,"2026-09-13 09:31:52",1882.3,2,kenyashimizu
1804,16663929,"Erman Man","2026-09-12 02:05:39",1881.4,2,ermanman
1805,16793895,"Moh Notif","2026-09-14 19:34:16",1881.4,2,mohnotif
1806,16868685,"Kotaro Simizu","2026-09-11 20:39:54",1878.8,2,"kotarosimizu,mahiro1214"
1807,16854815,marching_zzz,"2026-09-16 16:26:14",1875.7,2,marchingzzz
1808,16854521,koumiyata,"2026-09-16 22:43:47",1874.7,2,koumiyata
1809,16672128,Cliffton,"2026-09-16 05:50:31",1873.9,2,rieltzx
1810,16717289,JackChenghao,"2026-09-12 10:09:51",1872.8,2,jackchenghao
1811,16693488,HarvestZero,"2026-09-16 16:57:02",1871.9,2,bernardboatey
1812,16794309,"Sanyam Jain","2026-09-14 15:58:22",1871.4,2,sjain03
1813,16808822,-lingluo-,"2026-09-14 01:44:32",1871.3,2,lingluoo
1814,16735741,TERMINUS,"2026-09-12 11:24:45",1870.8,2,gdreallygoodman
1815,16671292,Yuyajk,"2026-09-13 03:35:26",1870.5,2,yuyajk
1816,16731983,Gracie,"2026-09-14 14:40:35",1870.3,2,gracie428
1817,16745419,elren,"2026-09-14 09:34:15",1869.7,2,elrensmin
1818,16749034,digitalChaos,"2026-09-12 18:15:34",1869.4,2,digitalchaos666
1819,16712329,"Andrej Carpenter","2026-09-16 06:47:14",1868.4,2,andrejcarpenter
1820,16674451,NycteacoBa,"2026-09-14 00:50:27",1867.2,2,nycteaowl
1821,16623385,yurunougyou!,"2026-09-10 12:25:26",1867.1,2,isakatsuyoshi
1822,16674174,"Ramesh Arvind","2026-09-11 07:09:42",1866.3,2,rameshln
1823,16682318,Bibek,"2026-09-13 20:49:12",1866.0,2,bibek777
1824,16657657,ArnabKarmakar,"2026-09-15 00:05:11",1866.0,2,arnabkarmakar
1825,16717572,kiyomiya-k,"2026-09-11 15:48:24",1865.1,2,kiyomiyak
1826,16887476,"Memory Engineer","2026-09-16 03:37:17",1865.0,2,salazarslytherin
1827,16696738,rekhasri,"2026-09-16 02:36:40",1864.6,2,rekhasri
1828,16797847,"levski shampion","2026-09-12 23:19:08",1864.0,2,mariomalev
1829,16798152,"A secretive person","2026-09-16 14:07:30",1863.9,2,asecretiveperson
1830,16669935,"Roman Svet","2026-09-16 17:54:10",1862.9,2,romansvet
1831,16655150,"Benjamin H Pepper","2026-09-16 18:55:03",1861.0,2,bhpepper
1832,16756765,DharmParmar,"2026-09-15 19:43:53",1860.5,2,dharmparmar
1833,16757417,otter_0714,"2026-09-14 08:41:00",1860.1,2,otter0714
1834,16865564,Manat,"2026-09-15 14:42:11",1858.8,2,manatoshoji03
1835,16875671,"Nikolay Shaulsky","2026-09-15 07:15:53",1858.5,2,nikolayshaulsky
1836,16876344,Hyunwoo_Park,"2026-09-16 21:44:16",1856.4,2,uts3125014010829
1837,16692725,"Zhen Li","2026-09-12 10:05:10",1856.1,2,zhenlisak
1838,16677568,yarneo,"2026-09-16 10:07:53",1854.7,2,yarneo
1839,16674839,"hongqian miao","2026-09-11 11:49:44",1854.4,2,hongqianmiao
1840,16641116,SearchingForWife,"2026-09-16 10:03:56",1853.7,2,darksteeldragon
1841,16730446,photunix,"2026-09-14 23:06:36",1853.2,2,photunix
1842,16853849,emreaydin,"2026-09-16 10:55:31",1851.8,2,aydinemre
1843,16858196,"Cường Dược Sĩ","2026-09-14 06:19:02",1851.6,2,cngdcs
1844,16755705,"Semyon Epanov","2026-09-11 17:22:57",1851.4,2,semyonepanov
1845,16640780,"drezna ultra","2026-09-16 22:10:28",1851.0,2,notakes
1846,16885509,HAL,"2026-09-14 07:58:55",1850.7,1,"asunalin,ljimmy2005007"
1847,16757064,"coke lu","2026-09-16 07:17:49",1850.5,2,cokelu
1848,16659419,"Chahat Mehra","2026-09-16 17:07:56",1850.2,2,chahatmehra
1849,16689186,NCK,"2026-09-12 04:31:04",1849.8,2,drnchaitanyakumar
1850,16881857,Pheonix,"2026-09-14 09:54:26",1848.9,2,vikasg1711
1851,16678618,"Manu Nicholas Jacob","2026-09-12 02:13:33",1848.5,2,manunicholasjacob
1852,16661462,"Dania Amer","2026-09-11 21:30:53",1847.0,2,dania35
1853,16676085,"Giordano Dolenz","2026-09-11 17:20:50",1846.8,2,giordanodolenz
1854,16717756,Dominick,"2026-09-15 05:25:13",1846.7,2,kcinimod
1855,16659160,"Dmitry Bardonov","2026-09-13 05:47:46",1846.6,2,bdesim
1856,16717794,souldrive,"2026-09-13 13:18:14",1846.6,2,souldrive
1857,16792799,Kohecchi,"2026-09-15 16:17:53",1846.1,1,kohecchi
1858,16885599,Suiban,"2026-09-16 05:30:06",1845.3,2,suiban410219
1859,16848297,chacha260,"2026-09-15 06:26:24",1844.9,2,chacha260
1860,16712863,ominteam,"2026-09-16 11:40:51",1844.1,2,"luantony,suruikk"
1861,16683567,supr3mum,"2026-09-10 11:14:21",1843.5,2,friklez
1862,16825815,linchenge,"2026-09-15 13:09:57",1843.3,2,linchenge
1863,16664761,"Udit Jain #2","2026-09-12 00:14:14",1842.9,2,iamudit
1864,16760523,"Joseph Ayanda","2026-09-15 20:34:26",1842.8,2,josephayanda
1865,16743528,shfyyds12138,"2026-09-14 14:38:15",1842.7,2,junwenzhu1314
1866,16865168,"Maksym Bilychenko","2026-09-11 19:39:18",1842.7,2,mbilichenko
1867,16740034,BSCode,"2026-09-14 02:27:32",1841.7,2,bscode
1868,16755049,gamesu7107,"2026-09-12 18:24:15",1841.3,2,gamesu7107
1869,16621515,"Alexander Gremyakov","2026-09-11 17:04:25",1840.9,2,alexandergremyakov
1870,16728084,iwance,"2026-09-13 10:55:14",1840.4,2,iwance
1871,16735066,"Saber #2","2026-09-11 16:26:08",1840.1,2,yzheng21
1872,16756510,tongmian1314,"2026-09-13 15:22:02",1838.3,2,tongmian1314
1873,16808396,Dr_F,"2026-09-12 02:20:48",1837.7,2,algebraictopology
1874,16707915,MGöksu,"2026-09-12 16:05:38",1837.7,2,mgoksu
1875,16848765,XJHya233,"2026-09-13 11:56:26",1837.6,2,xjhya233
1876,16862840,"Ammar Aziz","2026-09-12 11:11:53",1836.7,2,cabtainamamr
1877,16775473,LuanHengYu,"2026-09-16 19:27:30",1836.7,2,apexml
1878,16851853,tryagain123,"2026-09-16 02:03:57",1836.6,2,lanqingsong123
1879,16728076,uuu,"2026-09-13 09:12:31",1836.3,2,vovafinogenov
1880,16658700,"szlachetny snieg","2026-09-12 03:40:24",1835.5,2,takayukiimoto
1881,16743356,"Azat Akhtyamov","2026-09-16 10:40:11",1833.6,2,azakhtyamov
1882,16736985,Colt,"2026-09-12 11:39:11",1832.9,2,nht1990
1883,16791977,JeremyLIU858,"2026-09-17 00:00:10",1831.8,2,jeremyliu1997
1884,16880407,kimuraaa,"2026-09-16 23:12:03",1827.3,2,kimuraaa
1885,16662735,"Kurian George","2026-09-11 17:16:25",1825.9,2,kuriangeorge
1886,16849377,try,"2026-09-12 20:23:11",1825.0,2,weishanshan033
1887,16744503,"Jun AKita","2026-09-12 04:12:19",1825.0,2,junakita
1888,16728910,Thai,"2026-09-11 06:38:31",1823.4,2,hnthai
1889,16848952,tubotu,"2026-09-11 14:47:08",1821.2,2,tubotu
1890,16708791,atsu0905,"2026-09-11 15:08:36",1819.5,2,atsu0905
1891,16697395,darktetradgod,"2026-09-14 15:35:29",1818.2,2,darktetradgod
1892,16772119,Workybara.ai,"2026-09-12 03:16:14",1818.0,2,workybaraai
1893,16768603,Kinance,"2026-09-11 13:09:29",1817.4,2,kinance
1894,16673524,"Zikai Chen","2026-09-13 04:29:53",1817.1,2,kyrie1102kai
1895,16845382,Alpha_Ashwin007,"2026-09-12 18:36:30",1814.9,2,alphaashwin007
1896,16691270,"Piyal Chowdhury","2026-09-16 23:20:11",1812.3,2,piyalchowdhury
1897,16665841,"Mohit Rao","2026-09-14 05:22:15",1812.1,2,vmohitrao
1898,16751152,"Andrew Reed","2026-09-10 03:42:42",1811.3,2,andrewreed
1899,16762019,yukino,"2026-09-10 02:43:41",1810.6,2,"jifengjianhao666,mqingcs"
1900,16658248,Aaweg,"2026-09-14 13:09:46",1810.2,2,aawegbhaladhare
1901,16880960,Kiriesh,"2026-09-16 18:45:37",1808.4,2,kiriesh
1902,16658801,"Thuc Nguyen Dang 111","2026-09-13 05:21:36",1808.1,2,thucnguyendang111
1903,16730676,ActiveMusyoku,"2026-09-15 09:40:07",1808.1,2,"daiki0381,kohei0okazaki,noriyukimori,ryonatori,seipon"
1904,16710464,ns0329,"2026-09-12 06:56:56",1806.5,2,ns0329
1905,16730810,mgoto51004,"2026-09-12 16:07:18",1805.4,2,mgoto51004
1906,16771870,"kumi cho","2026-09-10 10:07:29",1804.9,2,kumicho
1907,16669911,"Batuhan Ustun","2026-09-16 19:22:10",1804.4,2,batustun
1908,16654914,Nozprod,"2026-09-11 14:55:33",1801.3,2,nozprod
1909,16876040,hgh404,"2026-09-14 19:04:44",1801.0,2,"gamejoker,hgh1024"
1910,16621610,NMarkS,"2026-09-13 18:16:06",1800.8,2,nmarks
1911,16716431,m&m,"2026-09-16 23:32:16",1800.5,2,ntrlmt
1912,16852208,"LONG NT123","2026-09-15 13:54:10",1800.3,2,longnt123
1913,16855665,"Yash Yadav","2026-09-13 06:58:11",1800.2,2,yash2072005
1914,16885561,goodpjw2008,"2026-09-16 23:52:22",1799.9,2,goodpjw2008
1915,16793340,bee_lx_xl,"2026-09-11 20:51:28",1795.5,2,beelxxl
1916,16729765,"Caio Ruiz","2026-09-16 22:54:13",1795.3,2,chvruiz
1917,16693050,Shoko,"2026-09-16 22:19:31",1794.9,2,abreyton
1918,16746191,たがやす,"2026-09-12 11:53:17",1794.9,2,drktti
1919,16647324,GG-bond,"2026-09-16 03:25:04",1794.8,2,wyhwyh123
1920,16654669,"Jordi Corbilla","2026-09-13 22:27:34",1794.2,2,jordicorbilla
1921,16698560,"Seungjun Lee","2026-09-13 01:49:19",1794.2,2,seungjunleeofficial
1922,16867005,cryptvector2,"2026-09-11 13:22:09",1793.0,2,cryptvector2
1923,16808020,"Pulkit Arora 🇮🇳","2026-09-11 09:15:58",1793.0,2,pulkittarora
1924,16781506,un0o7,"2026-09-11 13:10:36",1791.7,2,hjhsdsdww
1925,16632735,"No Free Lunch, Only Melons","2026-09-11 13:47:28",1791.6,2,kawaharataishi
1926,16688313,"Gnosys Labs","2026-09-11 18:26:07",1791.2,2,gnosyslabs
1927,16636756,"K.THARUN KUMAR","2026-09-13 08:49:11",1790.9,2,tharunkumar369
1928,16766640,watana,"2026-09-11 13:12:40",1790.5,2,yukiwat
1929,16701612,Kiki,"2026-09-11 06:43:31",1790.4,2,rouiou
1930,16861723,"Landon Hershberger","2026-09-15 22:04:40",1790.4,2,landonhershberger
1931,16799598,RameshG888,"2026-09-11 08:42:57",1789.1,2,ramesh888
1932,16665294,"Thái Văn Tài","2026-09-16 03:52:16",1788.3,2,thivnti
1933,16784992,Prasad.tgs,"2026-09-15 12:38:06",1786.3,2,sivaprasadnaidu
1934,16741178,guruguru000,"2026-09-11 04:31:49",1786.2,2,guruguru000
1935,16629699,radiant-allomancer,"2026-09-11 00:50:02",1785.9,2,radiantallomancer
1936,16774712,icelemon2004,"2026-09-11 04:25:32",1785.4,2,"guanghuchen,icelemon2004,mustard64"
1937,16883478,Aggri_goon,"2026-09-16 10:48:29",1785.1,2,ryonagakubo
1938,16704818,probably6767,"2026-09-16 21:21:04",1784.8,2,probably6767
1939,16639731,williamrawling,"2026-09-15 05:48:17",1784.4,2,williamrawling
1940,16699455,vijaikm,"2026-09-16 17:57:36",1784.1,2,vijaikm
1941,16630142,zawawannko,"2026-09-11 08:03:32",1783.7,2,zawawannko
1942,16730673,"John Doge","2026-09-09 20:50:30",1783.5,2,spacedoge
1943,16843384,"Anatoly Lyutov","2026-09-11 11:54:44",1783.3,2,anatolylyutov
1944,16735837,yaki-imo,"2026-09-11 04:35:42",1782.9,2,taichiakiyama
1945,16722849,"Dhruv Bansal","2026-09-10 22:03:08",1781.0,2,dhruvb2028
1946,16814701,e0970145,"2026-09-10 11:43:21",1779.8,2,maxxtucker
1947,16659295,snaykey,"2026-09-15 08:14:47",1779.3,2,snaykey
1948,16675960,"Audric LOKO","2026-09-15 10:02:22",1777.8,2,audricloko
1949,16752250,"Takahiro Katsumata (tkatsuma)","2026-09-15 03:38:30",1777.7,2,alextfkd
1950,16621063,Broskis,"2026-09-11 03:19:55",1777.5,2,"aikyatansinha,r1cksync,vamshikrishnaemmadi"
1951,16868219,"Karim Hamada","2026-09-10 18:14:34",1777.1,1,karimhamada
1952,16731839,mamematcha,"2026-09-12 16:29:27",1776.7,2,mamematcha
1953,16627194,GzmCR632,"2026-09-11 07:01:14",1776.5,2,gzmcr632
1954,16668056,"Quantum Farm","2026-09-14 11:11:03",1774.7,2,"anselem7,divineokwueze,nnanyereuzoma"
1955,16707036,"Just a Farmer","2026-09-11 02:07:31",1773.7,2,gunianxue
1956,16857624,flatton,"2026-09-16 23:02:27",1773.2,2,tomokifujihara
1957,16790603,xinbao,"2026-09-11 15:50:54",1772.8,2,zww123456
1958,16755911,"Paarth Patel","2026-09-11 04:20:20",1771.8,2,martis10
1959,16659540,"Goua Henri","2026-09-13 21:07:08",1771.6,2,gouahenri
1960,16850105,Pantheon,"2026-09-14 07:40:15",1771.3,2,skyenxt
1961,16758767,"Mikhail Karchevskiy","2026-09-16 17:48:13",1770.4,2,suvalex
1962,16740420,Laplacenvmv,"2026-09-09 07:42:28",1770.1,2,laplacenvmv
1963,16748487,Hiters,"2026-09-11 00:54:16",1770.1,2,mikehongsz
1964,16792013,"Alec Polansky","2026-09-10 01:58:49",1770.0,2,alecpolansky
1965,16867327,Zorvella,"2026-09-11 03:16:36",1769.5,2,zorvella
1966,16669594,euorrl,"2026-09-14 03:07:02",1769.5,2,euorrl
1967,16710469,Qimra1729,"2026-09-11 08:09:04",1769.1,2,qimra1729
1968,16811605,"Ryu Sonoda","2026-09-13 06:31:50",1768.1,2,ryusonoda
1969,16842384,"Muhammad Mirza Darma Putra","2026-09-13 04:39:08",1767.7,2,mirzadarma
1970,16879360,"Neural Subscribed Operator","2026-09-12 06:55:46",1767.7,1,nacl3084
1971,16634716,Eusebius,"2026-09-11 14:18:58",1766.1,2,protuberanzen2000
1972,16669843,"hikaru kitagawa","2026-09-11 12:53:08",1765.9,2,hikarukitagawa
1973,16857987,fujia,"2026-09-16 15:16:10",1765.9,2,fujiasama
1974,16770055,"san yin26","2026-09-15 08:14:39",1765.2,2,"amadeusan,sanyin26"
1975,16867641,"Yuki TASHIRO","2026-09-10 17:17:04",1764.7,2,yukitashiro
1976,16654511,"Syed Shayan Ali Shah","2026-09-14 06:59:51",1764.5,2,dsshayan
1977,16826999,donaldxu,"2026-09-11 00:13:46",1764.3,2,abc1705
1978,16635509,simmons1025,"2026-09-10 15:26:38",1763.9,2,simmons1025
1979,16641956,SixGODD,"2026-09-16 08:37:53",1762.0,2,sixgodd
1980,16764089,UtaAzu,"2026-09-11 02:21:40",1760.9,2,utaazu
1981,16775010,"Alexey Kuznetsov","2026-09-15 08:08:45",1760.8,2,legtarrr
1982,16670715,i3,"2026-09-15 04:45:40",1760.5,2,ishijima
1983,16802578,Yuuki4543,"2026-09-11 06:18:16",1759.8,2,yuuki4543
1984,16630015,星之海,"2026-09-13 08:50:50",1759.4,2,web3cainiao
1985,16761293,cha7ura,"2026-09-16 18:02:09",1759.1,2,cha7ura
1986,16660735,"Bassel Elbahnasy","2026-09-16 17:16:56",1758.9,2,basselashraf
1987,16849053,z7777,"2026-09-10 14:16:42",1758.2,2,songqizhou
1988,16871705,Bertholdt,"2026-09-12 06:30:07",1758.0,2,bertholdt
1989,16758232,mech_39,"2026-09-10 21:20:57",1757.4,2,mech39
1990,16741932,"Michael Chen","2026-09-11 05:38:12",1757.3,2,fuqiangchen
1991,16858157,osteo,"2026-09-11 01:33:23",1757.0,2,logstwo
1992,16630984,TakamaruEX,"2026-09-14 08:20:46",1756.5,2,takamaruex
1993,16838625,kyohei2106,"2026-09-11 05:14:43",1756.0,2,kyohei2106
1994,16659920,vkhydras,"2026-09-11 12:12:10",1755.7,2,vickimar
1995,16659464,"Héctor Valverde","2026-09-12 18:14:21",1755.6,2,hvpareja
1996,16841595,Jaso1024,"2026-09-10 01:44:10",1755.3,2,jaso1024
1997,16686918,JustinLee,"2026-09-16 20:40:08",1752.0,2,justin2061
1998,16663808,"Fae Gaze","2026-09-10 20:30:29",1751.4,2,achievement
1999,16664487,houlidai-jiekiulai,"2026-09-11 06:28:55",1750.9,2,houlidaijiekiulai
2000,16707547,Lin,"2026-09-10 17:03:51",1750.4,2,linjianrong
2001,16789950,"Zachary Zhang","2026-09-09 05:37:03",1750.3,2,zacharyzhang16
2002,16865554,"parker tan","2026-09-16 12:23:57",1749.4,2,parkertan
2003,16810306,"Asy Mortenson","2026-09-16 17:27:33",1748.9,2,asymortenson
2004,16645203,easonyanyan,"2026-09-14 05:52:18",1748.6,2,easonyanyan
2005,16671659,Jiang,"2026-09-11 08:12:46",1748.4,2,jncq2006
2006,16843892,luxinyayaya,"2026-09-15 03:23:21",1748.0,2,luxinyayaya
2007,16632527,"GIVE ME A JOB","2026-09-10 09:35:11",1747.9,2,tarokogawa
2008,16810587,"Avineesh Arora","2026-09-16 12:37:39",1747.9,2,avndope
2009,16907406,herok0809,"2026-09-16 16:49:09",1747.4,2,herok0809
2010,16722888,GarrieD,"2026-09-12 14:53:50",1747.1,2,garried
2011,16729130,KoshinM,"2026-09-12 02:07:32",1747.0,2,koshinm
2012,16623980,Nikita,"2026-09-14 10:05:57",1744.8,2,ivanovnikitawork
2013,16842828,"Smiley Flour","2026-09-13 17:53:03",1744.6,2,"ddlinh212,nguyenvlm"
2014,16860566,黄旭伟aaaabbs,"2026-09-10 02:08:34",1743.8,2,aaaabbs
2015,16750448,"Ansh Agarwal","2026-09-11 07:59:45",1742.4,2,anshagarwal2616
2016,16630779,Jimmer,"2026-09-15 22:39:45",1741.3,2,przemysawonr
2017,16698726,加油,"2026-09-14 12:25:38",1741.2,2,honeeyl
2018,16843522,clouds111,"2026-09-10 09:00:49",1740.3,2,clouds111
2019,16639263,Yam,"2026-09-10 15:44:54",1739.7,2,minyam
2020,16854573,"这是 AI 的胜利","2026-09-10 09:15:16",1737.9,2,iaptainmy
2021,16864072,"Matvey Skovordin","2026-09-10 04:24:07",1737.0,1,kickassnumberone
2022,16730675,Platycerium,"2026-09-11 17:27:51",1734.2,2,soutasakurai
2023,16847370,"Suleyman Yollyyev","2026-09-16 08:06:00",1733.7,2,suleyman71
2024,16843617,Jenny124685,"2026-09-15 05:22:11",1733.6,2,jenny124685
2025,16826555,AioRaito,"2026-09-16 05:29:03",1732.3,2,aioraito
2026,16897719,"Muhammad Aashir Irshad","2026-09-16 23:14:15",1731.5,2,muhammadaashirirshad
2027,16806206,"Yuan Yongth","2026-09-16 12:35:26",1731.4,2,"sunnylzheng,yuanyongth"
2028,16769435,"Nguyễn Mạnh","2026-09-16 10:45:29",1731.3,2,nguyenmanh97
2029,16689488,"Ming Fong","2026-09-10 02:48:20",1730.7,2,evilpegasus
2030,16631115,prvsiyan,"2026-09-15 12:16:07",1730.3,2,prvsiyan
2031,16643554,"Arnie Jimenez","2026-09-16 16:50:18",1730.1,2,arniejimenez
2032,16759508,george-nigmatulin,"2026-09-15 08:38:22",1730.0,2,georgenigmatulin
2033,16662618,"Soledad Santiago","2026-09-13 21:59:18",1729.3,2,soledadsantiago
2034,16745761,mitomeat823,"2026-09-13 01:31:29",1728.3,2,mitomeat823
2035,16719364,Yeh!AIGame,"2026-09-15 03:22:13",1727.6,2,"luluyeh,yehshibang"
2036,16810111,"Saket Singh","2026-09-16 09:03:37",1727.5,2,saketsingh9728
2037,16857932,"Ahmed Ansari","2026-09-16 11:57:46",1726.1,2,ahmed1ansari
2038,16641884,Blacklions.,"2026-09-16 14:30:13",1726.0,2,blacklions
2039,16849766,"Uncle Scooge","2026-09-11 13:27:24",1725.8,2,"guzzbr,pascalcoimbra"
2040,16699741,Tom3,"2026-09-15 09:24:39",1725.3,2,tomohiroaz
2041,16844845,"Dinesh Amalathasan","2026-09-15 19:55:18",1725.2,2,amaldinesh
2042,16668622,"Michael McGrain","2026-09-10 10:38:27",1724.7,2,michaelmcgrain
2043,16866424,"gmmm mmod2","2026-09-11 07:38:54",1724.1,2,gmmmmmod2
2044,16779957,养了一群扫福瑞,"2026-09-09 12:13:36",1724.0,2,whq0q7
2045,16890052,Code4life,"2026-09-15 16:46:33",1723.9,2,"huylngcgia,taovietducofficial"
2046,16628875,TakahiroHon,"2026-09-15 05:56:59",1723.6,2,takahirohon
2047,16862084,weiooocnnnnnn,"2026-09-15 11:52:22",1723.0,2,weiooocn
2048,16814378,"Jay Prrajapati","2026-09-09 13:53:13",1722.8,2,jayprrajapati
2049,16859585,momo,"2026-09-10 03:06:37",1721.8,2,fyenneyenn
2050,16786341,"Farmula One","2026-09-16 15:00:05",1721.7,2,"joesland,mer4yyy,ricaaaovo,zhangxingzhe"
2051,16755650,"kazuki morikawa","2026-09-10 12:56:10",1721.1,2,kazukimorikawa
2052,16635062,DL,"2026-09-10 04:16:38",1720.1,2,distiller
2053,16714474,"Glenn Dalbey","2026-09-09 23:44:37",1719.7,2,glenndalbey
2054,16862183,Smackaveli,"2026-09-12 16:16:22",1719.3,2,spoutop
2055,16847304,"eryue shisi","2026-09-14 02:41:20",1719.1,2,eryueshisi
2056,16767929,Timbydude,"2026-09-14 19:41:18",1719.1,2,timbydude
2057,16653078,pk210495,"2026-09-13 10:56:29",1718.2,2,pk210495
2058,16840617,RyotaroAbe,"2026-09-10 14:03:06",1716.8,2,ryotaro45123
2059,16674961,"Ilya & Yurnero","2026-09-09 10:20:15",1715.4,2,"samson8,test7845"
2060,16802745,"Fuat Çakıcı","2026-09-16 11:56:18",1714.4,2,fuatcakiicii
2061,16863501,ATC,"2026-09-10 01:05:59",1713.8,1,t6ccc2
2062,16659286,shane18,"2026-09-16 10:54:33",1712.0,2,shane18
2063,16886357,"Sun Jaden","2026-09-13 21:34:56",1710.3,2,sunjaden
2064,16736874,mhiro2,"2026-09-16 23:08:29",1710.0,2,mhiro2
2065,16857732,bzczz123,"2026-09-15 13:14:49",1709.8,2,bzczz123
2066,16720797,"Vibe Farmer","2026-09-11 02:14:27",1709.2,2,pulakkantibhowmick
2067,16841335,abondrn,"2026-09-15 16:55:55",1709.0,2,abondrn
2068,16746796,kaguramena,"2026-09-10 07:13:17",1708.9,2,kaguramena
2069,16808526,iheng88,"2026-09-13 08:16:41",1708.4,2,iheng88
2070,16775781,"I am GroOth","2026-09-16 14:20:53",1707.9,2,gideonoba
2071,16770842,yatakeuc,"2026-09-16 13:03:31",1707.8,2,yatakeuc
2072,16790527,Yuta,"2026-09-10 08:33:55",1707.4,2,yutaecon
2073,16853132,masa0219,"2026-09-16 18:04:52",1705.7,1,masa0219
2074,16652764,hikahika,"2026-09-11 13:31:34",1705.7,2,naganohikaru
2075,16831028,"氷見 和","2026-09-10 12:04:15",1705.3,2,himihimi
2076,16728238,ubcict232,"2026-09-10 16:19:32",1704.8,2,ubcict232
2077,16661667,"Wufang Hong","2026-09-10 07:14:27",1704.2,2,wufanghong
2078,16764349,Solo,"2026-09-12 22:58:37",1703.0,2,solosolo
2079,16733789,fylgde,"2026-09-16 23:20:36",1702.8,2,fylgde
2080,16848850,Lazyman,"2026-09-16 09:01:19",1702.2,2,lazyman
2081,16865917,"Yihao Wei","2026-09-13 10:07:46",1702.0,2,yihaowei
2082,16664490,llllllc666,"2026-09-16 09:05:35",1700.2,2,llllllc666
2083,16792542,RB25det,"2026-09-16 15:23:32",1700.1,2,rb25det
2084,16622835,"Max Manushin","2026-09-11 01:04:29",1700.0,2,innerf1re
2085,16676739,"Jonathan Zheng Jiahao","2026-09-10 02:53:21",1697.1,2,jonathanzhengjiahao
2086,16623298,Mikhail_Komkin,"2026-09-09 21:21:30",1696.6,2,mikhailkomkin
2087,16775242,"Timothee Henry","2026-09-14 14:23:11",1695.9,2,timhenry
2088,16691084,"Ke Ma Ke","2026-09-13 09:01:36",1694.3,2,kemake
2089,16867407,Lanqira,"2026-09-11 03:08:56",1693.8,2,lanqira
2090,16852728,"Ryuto Yoda","2026-09-09 11:05:09",1693.4,2,ryutoyoda
2091,16664788,rian,"2026-09-09 17:32:52",1690.4,2,rian55
2092,16769885,kurushun,"2026-09-10 02:10:21",1689.1,2,kurushun
2093,16729186,Virtute,"2026-09-16 06:25:56",1688.7,2,nameless001
2094,16857491,cherish_zhang,"2026-09-15 08:41:38",1688.7,2,cherishzhang
2095,16832866,bgaoi2,"2026-09-09 15:09:29",1688.4,2,bgaoi2
2096,16740361,"Suba S","2026-09-12 02:56:32",1688.3,2,jupiter79
2097,16668610,Sian,"2026-09-12 01:13:24",1688.3,2,arki13
2098,16634519,"Darshan Makwana","2026-09-10 10:17:03",1687.6,2,ellipticaloranges
2099,16730735,YUK,"2026-09-14 18:00:10",1687.4,2,yu0307
2100,16866946,truxivan,"2026-09-10 13:46:58",1686.6,1,truxivan
2101,16670229,Munshi-PremChand,"2026-09-11 13:26:53",1686.3,2,munshipremchand
2102,16665233,"Akash Deep","2026-09-13 19:50:04",1686.0,2,akashdeepo
2103,16852910,omoch1,"2026-09-16 16:17:28",1685.6,2,agecom
2104,16691451,Nakano,"2026-09-16 15:40:34",1684.9,2,spicatom0914
2105,16811496,Marie,"2026-09-13 07:59:58",1684.4,2,mariashatrova
2106,16739578,"Pietro Valocchi","2026-09-15 06:34:30",1684.4,2,pietrovalocchi
2107,16866567,Variiiiiii,"2026-09-11 10:09:24",1683.2,2,variiiiiii
2108,16845112,"Robert Baburin","2026-09-16 08:14:05",1682.8,2,robertbaburin
2109,16855156,"Lior Toledano","2026-09-15 18:15:51",1682.6,2,liortoledano
2110,16865693,Eda,"2026-09-10 09:12:31",1682.2,1,edagram
2111,16623309,zyvren,"2026-09-11 15:14:31",1681.8,2,"nusratahmmedmaisha,sharif485"
2112,16736079,Maxy5illion,"2026-09-10 11:10:08",1681.8,2,maxy5illion
2113,16670276,"Egor Trushin","2026-09-10 08:19:32",1681.7,2,egortrushin
2114,16857861,Satua,"2026-09-11 06:36:26",1680.7,2,satyasrinivasanandh
2115,16627581,AidenSong123,"2026-09-12 14:15:30",1680.4,2,aidensong123
2116,16722378,waticson,"2026-09-10 14:10:56",1679.9,2,yutodennou
2117,16738822,shakedamo0w0,"2026-09-10 03:38:12",1679.7,2,shakedamo0w0
2118,16690805,"Alejandro Ayestaran","2026-09-10 01:37:21",1679.7,2,alejandroayestaran
2119,16720696,Ankit0017,"2026-09-09 14:57:00",1679.4,2,ankit0017
2120,16712007,"Dipin Kothavoor","2026-09-14 13:54:52",1679.2,2,dipinkothavoor
2121,16682867,sneaky6767,"2026-09-16 21:20:56",1677.4,2,sneaky6767
2122,16630833,"Savan Javia","2026-09-10 10:01:49",1676.3,2,savanjaviya
2123,16621500,"Reinforcement Larping","2026-09-10 12:02:23",1675.8,2,egortkachenko
2124,16678061,"Sushanth Tiruvaipati","2026-09-10 06:11:22",1674.8,2,sushanthtiruvaipati
2125,16896774,EPHEMORIA,"2026-09-16 09:01:18",1674.3,2,ephemoria
2126,16756477,Ender,"2026-09-10 11:10:27",1674.1,2,eamonnkashyap
2127,16658732,Olympus,"2026-09-12 11:44:20",1672.7,2,jiseungwoo
2128,16644702,cracker_1_war,"2026-09-10 07:18:48",1672.5,2,cracker1war
2129,16717549,"Adejumo Boluwatife","2026-09-11 19:09:23",1671.0,2,adejumoboluwatife
2130,16809263,"Bertan Pank","2026-09-09 18:58:46",1670.7,2,bertanpank
2131,16838312,macaron,"2026-09-09 16:09:18",1669.2,2,hayatotech
2132,16855492,"Matin Urdu","2026-09-10 19:57:23",1668.5,2,matinurdu
2133,16635195,my,"2026-09-09 14:55:09",1668.2,2,ryyymy
2134,16698134,Hossein,"2026-09-11 02:29:53",1668.1,2,tomi85
2135,16669089,YujieXing10,"2026-09-16 12:05:00",1667.8,2,yujiexing10
2136,16876071,NITISH5236GOEL,"2026-09-14 10:44:08",1667.7,2,nitish5236goel
2137,16671088,jasonstillchasin,"2026-09-16 21:21:00",1667.2,2,jasonstillchasin
2138,16854869,Ibar-Aki,"2026-09-09 14:34:06",1666.7,2,akicolor
2139,16866996,"Marina Afanas'eva","2026-09-10 14:36:18",1666.5,1,proamari
2140,16661846,"Jeffrey Pike","2026-09-09 16:05:56",1666.1,2,jeffreypikeai
2141,16732696,naniwazu,"2026-09-09 17:15:52",1666.0,2,naniwazu
2142,16870600,"Huayu Wen","2026-09-11 14:17:55",1665.8,2,huayuwen
2143,16857977,namopanda,"2026-09-09 15:41:49",1665.5,2,namopanda
2144,16625082,真的懒,"2026-09-16 04:56:07",1665.3,2,gtccc9
2145,16659670,MeeMee,"2026-09-10 07:07:22",1664.2,2,yagi46
2146,16667080,King-damon,"2026-09-16 17:08:17",1663.3,2,kingdamon
2147,16839821,"Stepan Pankratov","2026-09-09 14:47:50",1663.1,2,infam62
2148,16657671,CyberRacoon,"2026-09-15 10:38:45",1663.0,2,racoontw
2149,16677423,songling,"2026-09-12 13:10:57",1662.9,2,"lvbingrong,oralia"
2150,16709501,Galaxantic,"2026-09-09 06:02:29",1662.5,2,neel21yt
2151,16809842,"zg l1218","2026-09-16 04:21:03",1662.2,2,zgl1218
2152,16757123,"Sripad Modali","2026-09-16 14:48:11",1661.6,2,sripadmodali
2153,16857939,"Le Duy Dong","2026-09-10 16:11:23",1661.2,1,lduynglduyng
2154,16839834,nouvya,"2026-09-10 15:48:43",1661.1,2,nouvya
2155,16658149,X,"2026-09-13 06:37:44",1661.0,2,lohithhb
2156,16750843,jammings,"2026-09-09 13:11:04",1659.1,2,jammings
2157,16809445,takusemba,"2026-09-09 14:50:14",1657.9,2,takusembba
2158,16880437,doublek,"2026-09-16 14:20:16",1657.7,2,doublek
2159,16707994,"Ayush Gupta #2","2026-09-16 15:43:48",1657.0,2,desmond6101
2160,16640991,sometimeafter,"2026-09-09 17:35:05",1657.0,2,xinyeee
2161,16656312,"retiring to farm","2026-09-10 15:50:14",1656.7,2,"avnermlim,belati,hilariusjeremy,matthewpramana,nicholasarditirta"
2162,16732409,kawhi0.0,"2026-09-10 03:44:50",1656.5,2,kawhi00
2163,16682843,underline12311,"2026-09-09 13:17:13",1656.3,2,underline12311
2164,16791873,Sanjay,"2026-09-15 13:12:27",1655.9,2,sanjay6727
2165,16860118,Hironobukawaguchi,"2026-09-09 11:53:30",1655.6,2,hironobukawaguchi
2166,16743648,Hei_shao,"2026-09-12 18:48:52",1655.1,2,heishao
2167,16806006,2,"2026-09-16 09:59:01",1654.7,2,smallvv
2168,16677596,Sere1n,"2026-09-11 15:08:02",1654.7,2,chacc0
2169,16677217,Panos,"2026-09-15 12:44:36",1653.8,2,panosc
2170,16860663,久保兼,"2026-09-09 12:50:27",1653.5,1,kuboken
2171,16641230,"An V1","2026-09-12 01:03:30",1653.2,2,barakuga
2172,16623592,Jack,"2026-09-16 18:36:50",1653.1,2,jackvd
2173,16633793,adakoda,"2026-09-09 11:55:49",1653.0,2,adakoda
2174,16755654,oQo,"2026-09-09 15:03:16",1652.5,2,oqoxodk6
2175,16654109,"Mohamed Amine Aichaoui","2026-09-09 23:50:05",1651.7,2,mohamedamineaichaoui
2176,16861998,bobodict,"2026-09-09 17:26:50",1650.7,2,bobodict
2177,16782708,lcx666,"2026-09-10 12:33:05",1650.2,1,chengxinliang
2178,16674367,"zongze Yan","2026-09-14 11:54:16",1648.9,2,aaayan
2179,16814716,edder0798,"2026-09-12 07:57:25",1648.7,2,"edder0798,wangxi608"
2180,16847247,月之光面,"2026-09-16 06:32:21",1648.4,2,cxcxcxcx
2181,16660987,AdrianWang2003,"2026-09-09 09:32:53",1648.0,2,"adrianwang2003,benlou04"
2182,16848217,"Yang Bai","2026-09-10 05:49:28",1647.9,2,jackelysia
2183,16775474,ERS,"2026-09-10 05:09:16",1647.9,2,shingo257
2184,16625219,MJVinay,"2026-09-12 15:54:42",1647.5,2,mallajayanthvinay
2185,16681100,Chiranjith,"2026-09-09 09:06:26",1647.3,2,chiranjithdharma
2186,16734914,bharat,"2026-09-16 22:24:49",1646.5,2,bharatmohan
2187,16809194,Ajanraj,"2026-09-16 19:15:24",1646.4,2,ajanraj25
2188,16855111,PixelPuff,"2026-09-11 18:38:03",1646.3,2,krishpatel290895
2189,16661648,"Vân Nguyễn","2026-09-15 14:45:09",1646.1,2,vunnguyen
2190,16860907,kuengo,"2026-09-09 13:38:33",1646.1,1,kuengo
2191,16759501,BaconT,"2026-09-09 11:20:50",1645.9,2,bacont
2192,16644818,chudddc,"2026-09-09 13:57:18",1645.8,1,chudddc
2193,16784485,betterme,"2026-09-09 15:54:54",1645.8,2,betterme12345
2194,16652451,JackGong,"2026-09-10 07:21:38",1645.1,2,jackgong
2195,16623399,Kendamarron,"2026-09-13 16:11:54",1645.1,2,kazuhirokuriyama
2196,16810308,Congy,"2026-09-10 05:36:35",1644.9,2,congyingma
2197,16855868,PapaSoda,"2026-09-10 17:45:16",1644.5,2,papasoda
2198,16844456,Touk00,"2026-09-13 04:20:04",1644.2,2,touk00
2199,16669441,"Chirag Desai","2026-09-12 04:07:31",1643.2,2,cid007
2200,16632516,"Jiachen Li","2026-09-09 11:29:38",1643.1,2,llccqq624
2201,16632612,Farmville,"2026-09-09 16:13:55",1643.0,2,rafaelfigueiredo13
2202,16764386,Troy_xx,"2026-09-09 09:11:26",1642.9,2,troyxx
2203,16789509,"Yang Wei Hao","2026-09-09 13:02:55",1642.4,2,aichangeworld
2204,16625798,grifth,"2026-09-09 08:20:58",1641.1,2,grifth
2205,16841960,WessonZ,"2026-09-10 02:11:20",1641.0,2,wessonz
2206,16672997,"Francesco Montone","2026-09-11 10:56:31",1640.3,2,francescomontone
2207,16778334,"Onkar Belure","2026-09-09 16:22:19",1640.2,2,onkarbelure
2208,16810499,佐藤滉太,"2026-09-09 16:00:43",1640.1,2,s1300200
2209,16860164,Ry_Sa,"2026-09-09 11:29:06",1640.1,2,ryqsaq
2210,16769967,"Bill Fan","2026-09-10 07:01:01",1639.8,2,billfan88
2211,16859409,wia'ma,"2026-09-09 09:08:21",1639.7,1,wangyiqicy
2212,16862155,"Kydyrbek Kozykorpesh","2026-09-09 17:34:41",1639.6,2,kozykappa
2213,16634082,"Mikey Marszewski","2026-09-11 02:26:39",1639.4,2,mikeymarszewski
2214,16640264,DhanaLakshmiMalla,"2026-09-09 15:01:45",1639.3,2,dhanalakshmimalla
2215,16758893,"Sercan Yeşilöz","2026-09-09 12:34:34",1638.6,2,sercanyesiloz
2216,16731630,SatoshiN04,"2026-09-15 14:47:46",1638.5,2,satoshinakamura04
2217,16854090,"Kaichi Morimoto","2026-09-09 11:22:01",1638.5,2,kaichimorimoto
2218,16741321,"S. B.","2026-09-13 20:36:38",1638.0,2,aughra
2219,16845531,"Suzuki Yuto - W","2026-09-16 06:14:18",1637.5,2,hoshinoyumemi
2220,16786092,Shiru2,"2026-09-09 19:34:32",1637.4,2,shiru2
2221,16682753,"Cam-Luan Truong","2026-09-09 07:09:09",1637.0,2,luantruong
2222,16634104,FarmGoose,"2026-09-10 09:10:47",1636.3,2,yizhanglou
2223,16623580,matsu997,"2026-09-09 17:35:42",1636.1,2,mastu997
2224,16799045,qq牧场,"2026-09-16 09:49:38",1635.7,2,"goodchen145,sir2026,zhaosir2026"
2225,16774674,"Perminov Matvey","2026-09-09 09:54:55",1635.5,2,mperminiov
2226,16862056,konchu2,"2026-09-10 11:32:13",1635.0,2,konchu2
2227,16899240,"Abel Mendez","2026-09-16 16:43:01",1635.0,2,abelmendez
2228,16854616,"Dd National","2026-09-12 13:29:04",1634.9,2,ddnational
2229,16670020,nanare,"2026-09-16 16:43:03",1634.8,2,nanaresudo
2230,16736838,アナコンダ,"2026-09-09 13:48:32",1634.6,2,"ei1333,unosss"
2231,16791712,"xiang W","2026-09-08 14:24:56",1634.0,2,"dekonsu,xiangwaaaaa"
2232,16624303,seven,"2026-09-09 09:18:12",1633.8,2,morikawatakeshi
2233,16731836,"Theo Venturian","2026-09-11 18:03:45",1633.8,2,theodorraulventurian
2234,16863538,e-toppo,"2026-09-10 01:15:27",1633.6,1,masatomatsui
2235,16623608,"Dmitry Larko","2026-09-08 23:05:52",1632.6,2,dmitrylarko
2236,16730719,Xiaowenhao404,"2026-09-15 13:05:39",1631.8,2,xiaowenhao404
2237,16769277,卡心农场,"2026-09-16 14:24:10",1631.1,2,"hkd2333,hsiaosuan"
2238,16761173,"Shinzo Takayama","2026-09-11 19:55:50",1631.1,2,shinzotakayama
2239,16685047,Yvonne.,"2026-09-12 08:17:01",1630.8,2,zdawer250
2240,16861903,iwa,"2026-09-13 05:12:38",1630.6,2,ichiko
2241,16766796,panda__MB__maximus,"2026-09-09 09:32:32",1630.3,2,tanishmohokar09
2242,16623708,"Chekhlov Dmitrii","2026-09-09 08:48:18",1629.9,2,zoli800
2243,16724755,K.nosaka,"2026-09-10 12:07:13",1628.5,2,kenseinosaka
2244,16806879,tetsuro731,"2026-09-09 11:46:20",1628.3,2,tetsuro731
2245,16669686,"Mert Bayraktar","2026-09-12 18:44:44",1628.0,2,mertbayraktar
2246,16759626,"Ghazaros Barseghyan","2026-09-16 11:06:52",1627.5,2,ghazarosbarseghyan91
2247,16625214,Malla,"2026-09-09 15:00:57",1627.3,2,mallaphalguni
2248,16741639,kirito83,"2026-09-12 13:25:22",1627.3,2,lishsh83
2249,16861083,Shoto,"2026-09-09 15:14:42",1627.2,1,bloodymonday
2250,16840564,starlovelmj,"2026-09-09 02:16:02",1626.9,2,starlovelmj
2251,16858113,wli889661,"2026-09-09 13:38:01",1626.8,2,wli889661
2252,16734667,sadanamaru,"2026-09-10 12:22:11",1625.6,2,sadanamaru
2253,16789990,SA,"2026-09-16 23:31:50",1625.6,2,soheiarisaka
2254,16862298,"Varadaraj Borkar","2026-09-13 13:12:11",1625.2,2,varadarajborkar
2255,16743033,Nagahama,"2026-09-09 14:57:53",1624.5,2,kazukinagahama
2256,16860160,"Kohei #2","2026-09-09 11:20:08",1623.8,1,confirm
2257,16655474,Focus,"2026-09-09 12:04:51",1623.6,2,overvalueawareness
2258,16734803,guoziyi123456,"2026-09-09 09:31:56",1622.7,2,"ax1lec,guoziyi123456,linhexlu,xuanzhechen"
2259,16854935,이순신,"2026-09-16 14:35:43",1622.7,2,tenkojun
2260,16640701,momoon,"2026-09-15 04:05:16",1621.7,2,nomuraryota
2261,16779171,Xunden,"2026-09-09 13:35:24",1620.6,2,xunden
2262,16664132,kojingbo,"2026-09-12 15:49:01",1620.2,2,kojingbo
2263,16870447,"louie lau","2026-09-11 08:22:30",1619.8,1,louielau
2264,16849330,"Ian Wang","2026-09-16 17:45:54",1619.2,2,ianwang1204
2265,16654403,"Skibidi Six Seven","2026-09-08 14:20:24",1619.2,2,iam4722202468
2266,16860708,"Nav N","2026-09-10 07:47:42",1619.1,2,navidata
2267,16763418,overwhelmer,"2026-09-16 17:39:13",1619.0,2,overwhelmer
2268,16858828,BlueSky_sora,"2026-09-16 05:31:22",1618.9,2,blueskysora
2269,16752082,"Tian hao Qing Nano7ko","2026-09-09 05:51:47",1618.3,2,tianhaoqingnano7ko
2270,16811247,"Luca Mussino","2026-09-10 20:53:58",1617.7,2,lucamussino
2271,16659843,"Amer Alkhalili","2026-09-14 14:16:24",1617.2,2,ameralkhalili
2272,16731686,SaiKushal185,"2026-09-10 09:14:13",1617.0,2,saikushal185
2273,16843047,liyuting,"2026-09-10 07:27:21",1616.8,2,lytqwq
2274,16859804,seele,"2026-09-09 10:20:41",1616.3,1,seele1917
2275,16860251,"Fabian Henning","2026-09-09 11:37:30",1616.0,1,crustacean
2276,16771337,titako0000,"2026-09-10 09:00:19",1615.9,2,titako0000
2277,16773064,"Sonu Yadav","2026-09-16 20:48:50",1614.2,2,sonuyadav710
2278,16767052,KaitoKusumoto,"2026-09-10 12:30:18",1614.2,2,kaitokusumoto
2279,16881694,Novardion,"2026-09-13 11:28:43",1614.1,2,novardion
2280,16853498,MaksKhan,"2026-09-08 15:32:14",1613.5,2,makskhan
2281,16801797,Tv,"2026-09-13 03:11:19",1613.2,2,linyeah
2282,16669256,Shivam_2212,"2026-09-11 00:46:20",1612.4,2,shivam2212
2283,16661701,premjampuram,"2026-09-09 11:13:52",1611.3,2,"aasthasinha9,anji2705,premjampuram,sheetallodhi"
2284,16860559,"Sara Lark","2026-09-12 13:36:51",1609.0,2,saralark
2285,16774884,assssstnuar,"2026-09-16 16:08:18",1603.0,2,assssstnuar
2286,16886174,ZZDW_,"2026-09-16 10:44:00",1601.7,2,"fufustory,hashak,linjunren1016,mushroom1763,yamaer"
2287,16676278,"Om Sangwan","2026-09-15 02:58:53",1601.7,2,omsangwan
2288,16880278,jiayi2627,"2026-09-16 18:10:08",1600.0,2,jiayi2627
2289,16758629,karinkaito,"2026-09-16 01:08:30",1598.9,2,karinkaito
2290,16668998,WarRusher,"2026-09-15 18:27:32",1598.6,2,warrusher
2291,16827290,"Dhruvik Chauhan","2026-09-08 17:25:24",1597.9,2,dangptdawg
2292,16754882,vvs,"2026-09-10 14:35:58",1596.9,2,marvelworld
2293,16785321,HaoChi,"2026-09-08 23:38:40",1594.8,2,"lishi321,moxi21"
2294,16829834,Luxuer,"2026-09-09 08:54:11",1593.1,1,luxuer
2295,16844344,Hyt9797,"2026-09-09 08:19:53",1592.0,2,hyt9797
2296,16673131,"Arfin Mustofa","2026-09-09 08:39:19",1591.9,2,arfinmustofa
2297,16764228,"Kaixi Zha","2026-09-13 10:29:16",1591.9,2,"huadutry,kaixizha"
2298,16754567,"Ashraf 1232","2026-09-16 12:41:19",1591.8,2,ashraf1232
2299,16801457," Banned My Account","2026-09-09 08:59:24",1590.9,2,subaru486
2300,16732530,可抽奖的冰棒,"2026-09-16 22:43:34",1590.8,2,daniel1547
2301,16810813,Scorn100,"2026-09-09 17:11:13",1590.4,2,scorn100
2302,16753710,tax_free,"2026-09-10 17:08:47",1590.4,2,taxfreepython
2303,16719090,CHSTO,"2026-09-12 21:35:49",1590.3,2,haotianqi
2304,16857973,guochangZhang,"2026-09-09 04:24:41",1590.0,1,guochangzhang
2305,16738759,YJR,"2026-09-09 07:24:30",1588.9,2,misakamikoto66
2306,16679098,"KIRTAN RUPESHBHAI BHOJANI","2026-09-09 13:20:27",1588.6,2,kitran17
2307,16679694,"Yaro Perventsev","2026-09-16 19:27:28",1586.7,2,yaroslavperventsev
2308,16671596,Sibato,"2026-09-14 12:05:17",1586.1,2,sibato
2309,16633445,Wal8800,"2026-09-10 06:30:12",1586.1,2,wal8800
2310,16794730,Fanch,"2026-09-08 08:29:22",1585.3,2,fanch123
2311,16854541,yangyiqing6,"2026-09-15 06:14:21",1584.5,2,yangyiqing6
2312,16717901,"Ahmed Hazem Abdeltawab","2026-09-11 12:10:58",1584.5,2,ahmedhazem23
2313,16634156,"Hiroyasu Okuno","2026-09-13 07:32:33",1584.4,2,hiroyasuokuno
2314,16663851,"Harshith revuru","2026-09-13 00:08:12",1583.2,2,harshithrevuru
2315,16765484,smsxgz,"2026-09-08 19:09:03",1582.7,2,smsxgz
2316,16786496,"Lê Quang Cảnh","2026-09-12 05:44:25",1582.4,2,zhincez
2317,16757253,ZEE,"2026-09-16 18:25:15",1582.3,2,randyzhang666
2318,16644578,"Team Name","2026-09-09 03:57:14",1582.1,2,baytree1238
2319,16774823,fan2goa1,"2026-09-09 07:23:33",1581.7,2,zfun0926
2320,16656776,ShaoCharles,"2026-09-09 14:16:17",1581.6,2,shaocharles
2321,16842242,"Scott Kirila","2026-09-08 09:09:58",1581.5,2,scottkirila
2322,16855268,"Jiayi Du","2026-09-08 16:10:56",1581.5,2,jahyee
2323,16624026,"Russell Kirk","2026-09-14 00:02:44",1581.3,2,russcore
2324,16669826,Jesse,"2026-09-12 07:51:27",1580.5,2,jesneuman
2325,16851664,koucha,"2026-09-10 10:18:30",1580.5,2,momotakaaoki
2326,16808840,Devansh3007,"2026-09-10 05:02:13",1580.3,2,devansh3007
2327,16844672,"sleeping king","2026-09-09 02:11:59",1579.7,2,sleepingking
2328,16758709,dk07dk,"2026-09-12 07:13:48",1578.6,2,dk07dk
2329,16656382,Aevion-Labs,"2026-09-09 03:03:51",1577.7,2,aevionlabs
2330,16657276,"Пётр П","2026-09-16 00:07:59",1577.6,2,petrinvest
2331,16880953,IAMNAMNAM,"2026-09-16 18:14:09",1577.0,2,iamnamnam
2332,16856437,"Roshan S. Chauhan","2026-09-14 09:33:55",1576.9,2,vrosenta
2333,16690019,Around30,"2026-09-15 14:02:49",1576.4,2,"cyanspring,masahiromatsuda,sutesute000012"
2334,16677847,ShiviWhivi,"2026-09-08 21:01:40",1576.2,2,blackpearls1
2335,16711752,"Atakan Aldemir","2026-09-16 17:23:50",1575.9,2,atakanaldemir
2336,16786139,Trezerg,"2026-09-09 03:22:46",1575.9,2,progtrollwarrior16
2337,16710546,"Russlan Ramdowar","2026-09-09 05:03:58",1575.9,2,russlan
2338,16621687,ropeadope,"2026-09-08 10:44:47",1575.4,2,silkross
2339,16659465,AravindLochan,"2026-09-08 10:00:39",1574.8,2,aravindlochan
2340,16771010,42X,"2026-09-09 13:43:36",1574.7,2,infcyx
2341,16711317,"yf D","2026-09-16 12:38:37",1574.3,2,dengvitruviano
2342,16794758,wppepi,"2026-09-09 03:06:09",1574.3,2,"foxsuzuran,malossov,wppepi"
2343,16784691,"Here i come","2026-09-16 10:29:57",1574.3,2,emrekuruba
2344,16823467,"Riki Uchida","2026-09-08 13:04:02",1574.2,2,rikiuchida
2345,16811571,"Daniel Guo","2026-09-08 07:16:12",1573.5,2,denialguo
2346,16715729,Ajay_Rao_43,"2026-09-09 05:25:11",1573.0,2,ajayrao43
2347,16661325,"Max Fofanov","2026-09-16 14:48:43",1572.6,2,maxfofanov
2348,16795704,haodada001,"2026-09-10 01:49:03",1572.5,2,haodada001
2349,16779254,MaxZhuCHN,"2026-09-15 03:39:04",1572.4,2,maxzhuchn
2350,16656806,"Arshad Shemil k","2026-09-09 08:33:09",1572.2,2,arshadshemilk
2351,16709126,"Jamie Nojek","2026-09-16 22:55:09",1572.1,2,jamienojek
2352,16796901,hanhan761,"2026-09-10 05:31:28",1571.6,2,"hanhan761,kiivii,noice12138,xiaobai0417"
2353,16735628,perrodawn,"2026-09-13 03:57:27",1571.5,2,perrodawn
2354,16843203,"Liyi xin jie","2026-09-08 08:39:56",1571.2,2,liyixinjie
2355,16679810,"Patrick Joël MAIRLOT-MBEZELE","2026-09-10 17:54:50",1570.7,2,pigenesis75
2356,16816196,"Bianco Chiu","2026-09-16 05:57:39",1570.7,2,biancochiu
2357,16848095,"Risha Apps","2026-09-08 15:41:31",1570.3,2,rishaapps
2358,16641713,"ronsen sun","2026-09-11 08:01:06",1569.8,2,ronsensun
2359,16844132,Tamasaki217,"2026-09-07 14:15:02",1569.3,2,tamadesu217
2360,16706265,questiondlmarks,"2026-09-10 06:09:35",1569.1,2,questiondlmarks
2361,16664760,SN,"2026-09-16 06:11:22",1568.8,2,spirosnianiaras
2362,16706410,lixiaoxin25,"2026-09-14 06:54:28",1568.3,2,lixiaoxin25
2363,16840550,henriquejsza,"2026-09-10 13:50:41",1568.3,2,henriquejsza
2364,16663498,"Braxton Dyer","2026-09-16 14:21:43",1568.2,2,braxtondyer
2365,16841313,"Daniel Harkin","2026-09-09 18:24:13",1567.2,2,danielharkin
2366,16671012,"Sean Zhang","2026-09-16 01:44:36",1566.8,2,seanzhang2445
2367,16713457,"Poor farmer","2026-09-08 08:45:03",1566.2,2,trnhip
2368,16822395,"Vladimir Galatenko","2026-09-16 01:02:25",1566.1,2,vladimirgalatenko
2369,16793427,wuwuwu,"2026-09-08 00:12:46",1565.9,2,wu1570
2370,16756698,savoelh,"2026-09-07 19:39:38",1564.9,2,savoelh
2371,16779388,"Mohammad Alnajdawi","2026-09-09 11:27:03",1564.0,2,mohammadalnajdawi
2372,16700846,"Vaibhav Patel","2026-09-16 08:09:33",1564.0,2,vaibhavpatel
2373,16838766,"Justin Gao","2026-09-08 08:27:29",1563.6,2,justingao
2374,16852605,VTH,"2026-09-08 06:35:01",1563.1,2,storm2501
2375,16653805,mohsen2050,"2026-09-14 18:25:43",1562.6,2,mohsen2050
2376,16639570,"Vishesh Banna","2026-09-08 13:07:51",1562.5,2,visheshbanna
2377,16841565,"dar Zaa","2026-09-08 18:04:18",1562.3,2,darzaa
2378,16732352,ORiginators,"2026-09-09 10:47:23",1561.7,2,"sachinpandey721,sunritpal"
2379,16706576,王一凡,"2026-09-11 07:28:35",1561.5,2,"liuziyang1016,mikakohinata68"
2380,16842645,zard599,"2026-09-08 16:17:52",1561.5,2,zard599
2381,16763001,Eb3lss,"2026-09-09 11:08:19",1561.2,2,eb3lss
2382,16798989,"Harvest Sun","2026-09-08 07:23:57",1561.0,2,zaoooo29
2383,16677342,Fedor,"2026-09-16 17:41:11",1560.9,2,fedorchuprakov
2384,16688130,"Lujia Liang","2026-09-16 21:00:32",1559.1,2,lujialiang123
2385,16743846,"Hemanth Raja Guttikonda","2026-09-11 09:41:59",1559.1,2,"hemanthrajg,poojithakatta18"
2386,16840862,HaoKwok,"2026-09-09 03:50:41",1559.1,2,haokwok2002
2387,16842044,StackOverflowed512,"2026-09-07 17:53:32",1559.0,2,stackoverflowed512
2388,16699246,"Labh Khatke","2026-09-11 15:53:22",1558.2,2,labhkhatke
2389,16808631,ALkkGame,"2026-09-14 15:16:47",1558.0,2,alkkgame
2390,16840536,"Philip Snyder","2026-09-08 05:18:07",1558.0,2,darkhorsecodes
2391,16635747,"Jeki Wan Taufik","2026-09-08 15:14:33",1558.0,2,jek1wantaufik
2392,16658665,ChandramouliNagasundaram,"2026-09-16 14:25:30",1557.8,2,"enginegeneral,mouliindian"
2393,16847189,lonelygolem,"2026-09-09 21:03:51",1554.8,2,rocinantt
2394,16843635,"Просто Человек","2026-09-08 18:03:16",1554.6,2,gomunkul
2395,16663748,Calmracer,"2026-09-08 16:17:56",1553.9,2,ethanhall123
2396,16764605,"Bandito Gangesterito","2026-09-08 17:51:50",1552.6,2,"mrtrueteller,restovrator"
2397,16721382,"Milan Leonard","2026-09-12 07:20:12",1552.0,2,milanleonard
2398,16835851,ruizhichen,"2026-09-08 09:10:02",1551.6,2,ruizhichen
2399,16855035,"rock paper scissors","2026-09-08 15:03:00",1551.6,1,downbythesallygarden
2400,16763897,BackFiring,"2026-09-13 09:41:16",1551.4,2,backfiring
2401,16748941,"Farmer Shuang","2026-09-08 11:49:03",1551.3,2,shuangxue
2402,16806018,トゲアリトゲナシトゲトゲ,"2026-09-16 14:35:06",1550.9,2,togearitogenasi
2403,16673328,"Preetham Prasanna","2026-09-13 10:13:18",1550.6,2,preethamprasanna
2404,16841077,melowdramtic,"2026-09-10 02:31:53",1550.6,2,melowdramtic
2405,16815985,leemc95,"2026-09-08 21:31:33",1550.4,2,leemc95
2406,16695242,"Utkarsh Prakash Srivastava","2026-09-08 15:55:37",1550.4,2,utkarshps
2407,16659961,faahh,"2026-09-07 16:48:31",1549.6,2,shivam98saini
2408,16773964,trung,"2026-09-16 06:16:32",1549.2,2,trung2006
2409,16846391,"here we go","2026-09-09 05:28:41",1548.1,2,j1aliangx
2410,16903793,"Zhongkai Shangguan","2026-09-16 02:14:50",1545.2,1,leonshangguan
2411,16810104,HemanthRaju311,"2026-09-09 13:07:35",1544.9,2,hemanthraju311
2412,16842482,Wodo888,"2026-09-15 14:04:44",1544.8,2,wodo888
2413,16658300,"Thành Toàn Vương","2026-09-08 14:14:22",1544.7,2,thnhtonvng
2414,16832971,"Scott Willis","2026-09-07 17:02:44",1544.6,2,scottgwillis
2415,16672241,dupakdungking,"2026-09-15 13:32:04",1543.8,2,primarizki
2416,16806556,KyryloBakumenko,"2026-09-16 17:04:06",1543.8,2,kyrylobakumenko
2417,16811072,Rafael,"2026-09-08 12:43:08",1543.0,2,rafaeldsjhkas
2418,16740464,"Jorrawar Grewal","2026-09-08 00:43:17",1542.8,2,jorrawargrewal
2419,16669269,"yash bhaskar","2026-09-10 15:11:51",1542.2,2,yash9439
2420,16700501,Konno,"2026-09-08 02:40:46",1541.7,2,nearfield1234
2421,16766171,Jonaid,"2026-09-10 22:22:27",1540.9,2,jonaidshianifar
2422,16843221,refine123,"2026-09-08 08:06:29",1540.7,2,refine123
2423,16663175,Anaconda,"2026-09-09 02:32:50",1540.2,2,anaconda
2424,16723967,dk2lone,"2026-09-07 20:04:25",1540.2,2,dk2lone
2425,16822519,Lunospital,"2026-09-09 11:50:29",1539.5,2,lunospital
2426,16842066,Atomo333,"2026-09-08 10:35:55",1538.8,2,atomo333
2427,16688450,SpiralTip,"2026-09-14 04:11:41",1537.8,2,spiraltip
2428,16632377,"Legend Brothers","2026-09-07 18:16:02",1537.5,2,"holeguma,shunhirota"
2429,16664619,"Trupen Patel","2026-09-08 15:52:17",1537.4,2,trupenpatel
2430,16659328,"Muhammed Ashiq Abdul Khader","2026-09-08 05:54:02",1536.9,2,ashiqabdulkhader
2431,16650824,Orsted_hitogmi,"2026-09-16 07:59:15",1535.5,2,orstedhitogmi
2432,16777406,"Toheeb Ogunade","2026-09-08 22:46:05",1535.5,2,toheebogunade
2433,16668647,"THIRUPATHI KANNAN K","2026-09-07 14:59:51",1534.3,2,thirupathikannank
2434,16849883,"Rifa Tamanna","2026-09-07 22:07:04",1534.1,2,rifatamanna1109
2435,16655109,"Tia He","2026-09-10 00:54:40",1533.6,2,altheahe
2436,16736120,"Ricky #2","2026-09-08 02:47:36",1532.9,2,rickyds97
2437,16849295,"Israa Saede","2026-09-07 17:30:03",1532.8,1,esraaalsaeede
2438,16730473,Kyohei,"2026-09-08 00:42:18",1531.4,2,kyohei3
2439,16663999,"Colton Martin","2026-09-14 15:46:31",1530.9,2,coltonmartinnn
2440,16848686,"xiang156 xu","2026-09-08 03:23:16",1530.4,2,xiang156xu
2441,16680524,Nealdarkdarkdark,"2026-09-08 04:36:02",1529.9,2,wklyb1
2442,16696997,coolin666,"2026-09-09 00:39:53",1529.4,2,coolin666
2443,16718823,"Rafael Molina Castaño","2026-09-12 20:45:02",1528.6,2,rafaelmolinacastano
2444,16759699,"Mason Cao","2026-09-09 06:09:46",1528.0,2,mzcao7
2445,16731776,ASH,"2026-09-08 06:37:07",1527.8,2,pentannnn
2446,16736542,YuRuiZe,"2026-09-06 10:16:45",1527.8,2,ruoyuruize
2447,16763200,"Alexander Nord","2026-09-07 18:04:42",1527.7,2,"alexandernord123,pizza987"
2448,16846677,涵哥,"2026-09-08 11:48:44",1527.3,2,jinfanhahaha1
2449,16672858,Lyesterday,"2026-09-07 10:14:39",1527.3,2,ilyas93
2450,16621165,"xisheng feng","2026-09-16 14:27:15",1527.2,2,xishengfeng
2451,16842967,yoshiki116,"2026-09-11 05:05:19",1526.1,2,yoshiki116
2452,16838560,Aphrodite,"2026-09-08 03:03:11",1525.3,2,aphrodite874
2453,16845083,"Restu Anggoro Kasih","2026-09-07 12:44:58",1524.5,1,restuanggorokasih
2454,16852377,"Zhong Lyu","2026-09-08 05:20:05",1524.4,2,zhonglyu
2455,16728959,"no pain no gain","2026-09-11 09:19:44",1523.8,2,ilyayurov2000
2456,16777107,Pipiripipap,"2026-09-09 10:03:38",1523.5,2,yohalf
2457,16854416,"Artemiy Shirokov","2026-09-08 12:53:33",1523.0,1,tema7707
2458,16726431,Manav,"2026-09-07 14:42:18",1521.6,2,manavsangwan
2459,16777961,qiwaki,"2026-09-07 15:23:00",1521.5,2,resonayu
2460,16634128,ZechHuang,"2026-09-09 08:22:39",1521.3,2,zechhuang
2461,16841113,Andy,"2026-09-07 01:22:11",1521.1,2,andrewmedran0
2462,16845965,Oldplaykid,"2026-09-15 23:22:17",1520.9,2,"tonf3195,zerethon"
2463,16735252,LagrangianLocomotive,"2026-09-11 04:51:51",1520.9,2,lagrangianlocomotive
2464,16623466,len8487,"2026-09-08 04:47:16",1520.7,2,len8487
2465,16652631,"Panagiotis Anagnostou","2026-09-11 10:00:25",1520.6,2,panosanag
2466,16850198,"Daiki Yasui","2026-09-09 17:54:55",1520.5,1,daikiyasui
2467,16809097,volumatic,"2026-09-10 11:00:51",1520.4,2,"kkeevviinn666,volumatic"
2468,16623877,Chikuwabu,"2026-09-08 14:36:45",1520.4,2,prgckwb
2469,16741997,hikarinosenshi,"2026-09-08 00:50:58",1520.1,2,hikarinosensh1
2470,16832231,lst1923,"2026-09-11 16:06:58",1519.9,2,lst1923
2471,16672549,"ReinFARMent Learning?","2026-09-11 03:38:53",1519.0,2,arksey
2472,16658474,huyimin517517,"2026-09-16 14:44:58",1518.5,2,"huyimin517517,touyouzhaji,wumingshi2006,zxinzzzz"
2473,16791163,woldy,"2026-09-16 14:57:23",1518.3,2,woldywei
2474,16706696,AimeeChen1,"2026-09-15 05:48:25",1517.6,2,aimeechen1
2475,16796014,keith70,"2026-09-08 07:18:36",1517.5,2,keith70
2476,16696231,"Oleg Smirnov","2026-09-08 07:17:12",1516.8,2,smirnolegov
2477,16624645,"Closed Loop","2026-09-16 19:43:42",1516.8,2,hobbisttech
2478,16681007,AkiraOnojp,"2026-09-08 18:48:33",1516.6,2,akiraonojp
2479,16670879,"old macdonald","2026-09-07 16:11:15",1516.3,2,djschmit
2480,16771080,"Ricky Shao","2026-09-07 17:16:14",1516.1,2,rickyshao
2481,16657341,raccoonForest,"2026-09-08 06:45:18",1515.5,2,gkanamoto
2482,16744342,"glupez ","2026-09-13 19:15:15",1515.4,2,glupez
2483,16671425,"Gajenddra Raj","2026-09-11 01:18:29",1515.2,2,gajenddra
2484,16623378,"nvidia fan","2026-09-03 20:35:53",1514.0,2,outwrest
2485,16898040,王ruizhe,"2026-09-16 08:30:13",1513.6,2,ruizhe28
2486,16734979,NiuLAI,"2026-09-09 01:19:57",1513.3,2,"chunsingyu,chunyinhui,jaminmei"
2487,16671504,Agentmaster,"2026-09-16 15:21:27",1513.0,2,"kinjaza,shawnno"
2488,16749520,"Andrey Tikhomirov","2026-09-04 16:24:32",1512.8,2,andreytikhomirov
2489,16741516,"Anh Tu","2026-09-16 14:00:13",1512.8,2,natcs98
2490,16759913,"Peter Cnudde","2026-09-07 20:08:25",1512.8,2,petercnudde
2491,16768043,"Cropy and Paste","2026-09-13 17:56:08",1512.7,2,tfriedel
2492,16680290,prospers,"2026-09-08 05:37:42",1512.1,2,prospers
2493,16743582,ShunkiKyoya,"2026-09-16 23:13:49",1510.6,2,shunkikyoya
2494,16748511,HarshPandey-yt-auto,"2026-09-16 08:20:00",1510.6,2,harshpandeyytauto
2495,16728109,"Sidharth Hulyalkar","2026-09-11 06:16:26",1510.3,2,sidharthhulyalkar21
2496,16793755,"Juank Suarez","2026-09-14 02:45:41",1510.1,2,juanksuarez
2497,16656810,IskanderAkhmetov,"2026-09-13 18:28:30",1509.7,2,iskander2017
2498,16847289,"Hengxiang Yu","2026-09-09 13:29:09",1509.4,2,hengxiangyu
2499,16717253,Sybery_AI,"2026-09-13 19:51:41",1508.0,2,syberyai
2500,16749576,heralces,"2026-09-10 20:20:39",1507.7,2,heralces
2501,16774941,Samvrcai,"2026-09-16 22:56:19",1507.5,2,samvrcai
2502,16845280,"Samuel Watson","2026-09-11 07:06:59",1506.2,2,scwatson
2503,16692432,"Les 2 oies","2026-09-15 05:09:12",1505.4,2,"sanarceate,youyoucrf"
2504,16654042,B.Pushpanjali,"2026-09-11 14:13:52",1505.0,2,"bpushpanjali,vinithwade"
2505,16870780,"John Gates","2026-09-16 05:43:38",1504.1,1,johngates
2506,16675897,"KANG ZHIPENG","2026-09-16 01:26:34",1504.0,2,kangzhipeng
2507,16723955,chunsuri,"2026-09-07 08:10:47",1503.0,2,chunsuri
2508,16725851,hetspookjee,"2026-09-07 21:54:39",1502.9,2,hetspookjee
2509,16686444,"Syakirin Pahimi","2026-09-06 16:21:15",1502.2,2,syakirinpahimi
2510,16726559,william,"2026-09-05 02:03:48",1502.0,2,hiricodev
2511,16790472,"Manurupan M","2026-09-16 18:53:18",1501.5,2,manurupanm
2512,16698489,"JIUZHOU CHAN","2026-09-11 15:44:18",1501.0,2,jiuzhouchan
2513,16845510,bugkeeper,"2026-09-08 06:24:57",1500.9,2,bugkeeper
2514,16733111,qihuaz,"2026-09-13 06:35:14",1497.0,2,qihuaz
2515,16851712,VelloNChiru,"2026-09-15 12:38:53",1495.6,2,janelawrence
2516,16663759,🔥🦫📿🗽,"2026-09-07 19:59:55",1495.6,2,datafad
2517,16727350,"T Hansda","2026-09-08 09:22:20",1495.3,2,hansda
2518,16741563,"Paul Pawletta","2026-09-15 09:16:16",1495.0,2,paulpawletta
2519,16628765,"Kota Iizuka","2026-09-15 14:50:49",1494.9,2,kotaiizuka
2520,16754974,BurntPotato,"2026-09-09 00:06:54",1494.4,2,burntpotato
2521,16791999,"Dashi Tsybikzhapov","2026-09-10 09:40:51",1494.1,2,dashitsybikzhapov
2522,16693272,ush,"2026-09-10 07:22:13",1493.7,2,kusuha
2523,16728229,twomoon,"2026-09-08 05:22:46",1493.6,2,twomoon036
2524,16671607,"Chanhyuk Han","2026-09-10 06:13:12",1493.4,2,chanhyukhan
2525,16622898,"sbol ball","2026-09-09 22:13:42",1492.6,2,"linearbasis,maksimkostritsya"
2526,16845193,Kaan111,"2026-09-16 17:47:47",1490.6,2,kaan111
2527,16708880,yotsutose,"2026-09-10 10:18:49",1490.6,2,yotsutose
2528,16862895,"Quinn Brighton","2026-09-12 00:01:22",1490.3,2,quinnbrighton
2529,16663681,Kometa,"2026-09-07 13:46:54",1488.8,2,petarknezevic1
2530,16696999,"HD h Joratos","2026-09-16 17:52:01",1487.9,2,hdhjoratos
2531,16847096,Jackylw,"2026-09-16 05:52:41",1487.5,2,jackylw
2532,16641099,sieru-copan,"2026-09-05 16:17:32",1487.3,2,sierucopan
2533,16644480,"Umut Keltek","2026-09-07 20:47:32",1487.1,2,umutkeltek
2534,16669926,Jince,"2026-09-06 21:25:00",1486.5,2,jincesaju
2535,16797251,"Nguyễn Mạnh Niên","2026-09-06 11:29:31",1485.6,2,jacobrichard312
2536,16805940,Foxure,"2026-09-12 01:51:33",1485.2,2,foxure
2537,16866086,"Table Feng","2026-09-15 15:22:21",1483.9,2,tablefeng
2538,16730375,Floth,"2026-09-07 15:14:58",1483.7,2,suwat513
2539,16688281,"Luke Stafford","2026-09-15 20:07:13",1483.7,2,luketstafford
2540,16687716,"Joshua Fernando","2026-09-16 12:51:45",1483.5,2,joshuafernandoj
2541,16739537,"Bina Salama","2026-09-14 00:25:30",1482.5,2,binasalama
2542,16667020,SCLim2022080004,"2026-09-06 22:26:21",1482.4,2,sclim2022080004
2543,16817923,"Adhiraj Jagtap","2026-09-16 09:48:50",1480.6,2,adhirajjagtap
2544,16830390,"Hajime Kumami","2026-09-07 00:06:54",1480.3,2,hajimekumami
2545,16715358,wuy1hao,"2026-09-07 10:23:01",1480.0,2,wuy1hao
2546,16824014,"Kotaro Kikuchi","2026-09-07 10:57:06",1479.2,2,kotaro1129
2547,16666393,saikyo,"2026-09-07 02:04:55",1478.3,2,kyosaikyo
2548,16736404,¡olé!,"2026-09-08 04:30:34",1477.6,2,hjx1024
2549,16840452,pan6628,"2026-09-10 04:38:21",1477.4,2,pan6628
2550,16707562,Snipine,"2026-09-08 01:17:09",1477.3,2,boluosnow
2551,16660020,"Gaddam Shiva Teja","2026-09-14 23:48:42",1476.7,2,shivateja005
2552,16810490,katlun,"2026-09-13 03:25:31",1476.5,2,"hoyin1212,katlun"
2553,16765207,Cathy,"2026-09-10 01:48:38",1476.3,2,cathyyou
2554,16765834,Oakzen,"2026-09-15 04:51:50",1475.5,2,gyx517120273
2555,16797036,tksfjn,"2026-09-12 04:06:53",1475.1,2,tks3210
2556,16732666,"Stefano Blando","2026-09-11 13:47:33",1474.5,2,stefanoblando
2557,16686424,"Thần Thoại","2026-09-08 16:58:05",1474.3,2,thanthoai
2558,16660137,Densike,"2026-09-09 17:32:51",1474.1,2,densike
2559,16704613,alexbstl,"2026-09-14 01:43:31",1474.1,2,alexbstl
2560,16644160,"Saravana Rajan B","2026-09-07 15:04:38",1473.8,2,saravanarajanb
2561,16645596,Kosakunin,"2026-09-07 15:14:03",1473.6,2,yugoawawa
2562,16799362,"James Weatherhead","2026-09-06 21:45:45",1473.5,2,jamesweatherhead
2563,16667922,JungHwan,"2026-09-06 00:05:59",1472.9,2,najunghwan
2564,16844769,phi,"2026-09-09 18:19:54",1472.7,2,fahisplr
2565,16637241,M4nd4l0r14n,"2026-09-07 21:50:19",1472.0,2,thiagobcunha
2566,16642662,CdeTilly,"2026-09-12 22:09:47",1471.9,2,cdetilly
2567,16840338,"Shoma Arakawa","2026-09-12 08:55:21",1471.6,2,shomaarakawa
2568,16823782,yuyutech(Genuine),"2026-09-08 04:32:19",1469.8,2,yuyutechgenuine
2569,16644452,Durlabh_Jha,"2026-09-16 08:29:45",1469.0,2,durlabhjha
2570,16806809,air,"2026-09-06 09:54:14",1468.7,2,air041001
2571,16870585,ba,"2026-09-11 08:25:46",1468.3,2,yusukebaba
2572,16638994,wpl,"2026-09-06 19:44:50",1468.2,2,peilwang
2573,16653927,"Fernando GH H","2026-09-05 20:04:42",1467.7,2,fernandoghh2
2574,16843173,"Hansen Zhong","2026-09-06 15:51:46",1467.2,2,onegameonedream
2575,16848929,"Nikoo Yu","2026-09-15 05:06:17",1466.9,2,nikooyu
2576,16819030,sunyuxiang136,"2026-09-16 14:44:21",1466.4,2,"hqy0619,orangetailfish,sunyuxiang136,tshen12"
2577,16689366,"Cuong Le","2026-09-06 15:24:57",1466.3,2,ad1999
2578,16623806,黒田彩人,"2026-09-07 21:37:20",1466.3,2,ayato0705
2579,16765151,htnhtn,"2026-09-11 07:12:37",1465.6,2,htnhtn
2580,16738298,tomo0608,"2026-09-06 10:46:22",1464.8,2,tomo0608
2581,16661970,"BOB'S ROOM","2026-09-09 12:30:24",1464.5,2,"bobpop123447,datasutudent"
2582,16748527,Tsubasa_00,"2026-09-10 00:22:27",1464.4,2,tsubasa00
2583,16845063,"Gaston Zarate","2026-09-15 14:42:36",1464.3,2,gastonz195
2584,16664969,subsubsubagent,"2026-09-08 14:01:20",1464.2,2,"estrellasss,kingsley31,smithshine,wuliaoluis"
2585,16639800,"Yong Ming-Jia","2026-09-15 06:14:00",1462.7,2,ymingj
2586,16730247,DOM-VASCONCELOS,"2026-09-13 10:03:51",1462.7,2,domcreator
2587,16639871,"Aura Farming","2026-09-04 05:50:38",1462.3,2,gauthieravite
2588,16659711,williams,"2026-09-06 23:23:25",1462.1,2,williams
2589,16749061,"Wang H2O","2026-09-16 16:07:22",1461.2,2,wangh2o
2590,16838898,"Minh Trịnh","2026-09-06 13:38:05",1459.0,2,minhtrinh2002
2591,16802719,uta_ccc,"2026-09-06 07:15:44",1458.4,2,utaccc
2592,16794753,"Yan #2","2026-09-08 16:45:43",1457.7,2,diskya
2593,16634336,"Arko Bera","2026-09-08 19:08:41",1457.4,2,cartoonistbeard
2594,16814637,random_numb,"2026-09-11 05:08:06",1457.2,2,randomnumb
2595,16640785,"syouya tobita","2026-09-16 17:43:22",1457.2,2,syouyatobita
2596,16838807,"tony boakye","2026-09-08 11:41:30",1456.2,2,tonyboakye
2597,16755229,theearthcheng,"2026-09-06 07:09:16",1456.1,2,theearthcheng
2598,16842187,"rongkai bao","2026-09-06 05:34:57",1456.1,2,rongkaibao
2599,16832556,"Harshit Raj #2","2026-09-10 16:45:16",1455.2,2,harshitraj2123221
2600,16731822,Senn88,"2026-09-08 13:54:19",1454.8,2,senn88
2601,16836633,Yukino487,"2026-09-16 14:46:22",1454.4,2,yukino487
2602,16758839,"Yusuf Murtaza","2026-09-06 10:23:21",1453.9,2,yusufmurtaza01
2603,16841542,Smmyth,"2026-09-06 22:18:52",1453.3,2,smmyth
2604,16779942,"YueKai Yu","2026-09-07 01:12:38",1453.0,2,yuekaiyu
2605,16724993,Bonkoturyu,"2026-09-10 07:59:12",1452.8,2,bonkoturyu
2606,16864422,"William Li","2026-09-16 03:58:13",1452.7,2,w1ll1am10
2607,16727103,sword3522,"2026-09-15 03:27:54",1452.5,2,"qinyanqiu,sword3522"
2608,16661768,"Lợi Trần Bảo","2026-09-13 19:43:53",1452.2,2,litrnbo
2609,16793083,"🐚seek inspiration🐚","2026-09-13 13:05:06",1451.7,2,kurupical
2610,16672315,CemBas,"2026-09-12 03:39:40",1451.6,2,cembas
2611,16758982,Boredom,"2026-09-08 01:50:36",1451.6,2,cudacoding
2612,16747408,すずき,"2026-09-11 04:23:39",1450.8,2,shumpeace
2613,16667998,Speril,"2026-09-11 03:51:03",1449.2,2,speril
2614,16854744,"Rostislav Epifanov","2026-09-10 12:14:58",1448.7,2,rostepifanov
2615,16633688,Ryo,"2026-09-06 06:44:25",1448.6,2,ryosukekurakami
2616,16684250,"Alexander Sokolov","2026-09-06 12:33:49",1447.6,2,cheeec0
2617,16839937,"Haoxuan Wang","2026-09-16 06:26:58",1447.4,2,haoxuanwang12366
2618,16792927,EnricRovira,"2026-09-12 21:58:31",1446.4,2,enric1296
2619,16669666,RhoenSprudel,"2026-09-11 19:08:43",1446.1,2,rhoensprudel
2620,16842001,"Lin Jing","2026-09-11 11:14:13",1446.0,2,linjingmax
2621,16783517,"dongdong zhang","2026-09-07 03:22:34",1446.0,2,mcdongdongzhang
2622,16757635,"Sridip Basu","2026-09-05 15:36:55",1445.6,2,sridipbasu
2623,16683952,"Maksimov Evgeniy","2026-09-04 01:23:59",1444.9,2,maxevg
2624,16805509,"Adel Zebiche","2026-09-06 17:28:28",1444.9,2,adelzebiche
2625,16707057,tamo,"2026-09-06 07:44:38",1444.8,2,ryotakasuya
2626,16803592,"Bishal Lamichhane","2026-09-16 13:33:25",1444.1,2,bishallamichhane44
2627,16712751,haruo_tensai,"2026-09-10 04:33:24",1443.9,2,haruotensai
2628,16818508,"Napster Y","2026-09-06 08:55:35",1443.4,2,napstery
2629,16671520,sci-shi,"2026-09-07 10:17:00",1443.1,2,scishi
2630,16764476,daviddnd,"2026-09-15 07:40:48",1442.9,2,daviddnd
2631,16853941,"Baha Enes Ören","2026-09-08 14:52:10",1442.3,2,bahaenesren
2632,16743484,"薄和叶 Lv.INF","2026-09-03 14:24:47",1442.3,2,lumine01
2633,16689748,cheesytoasts,"2026-09-05 17:01:10",1441.7,2,cheesinnn
2634,16830000,"Danilo Lapegna","2026-09-06 12:57:50",1441.4,2,danilolapegna
2635,16905243,ka4869,"2026-09-16 23:15:36",1441.0,2,ka4869
2636,16738820,"Ying Li","2026-09-14 15:06:54",1440.1,2,lyee919
2637,16715383,"Leo Lilley","2026-09-09 03:36:39",1438.6,2,leolilley
2638,16727536,lelelove1225,"2026-09-06 12:58:48",1438.1,2,lelelove1225
2639,16764342,malone001,"2026-09-11 08:18:49",1437.8,2,malone001
2640,16792123,coder2403,"2026-09-12 17:08:38",1436.6,1,coder2403
2641,16725081,ZhouYongqi,"2026-09-06 14:55:06",1436.3,2,xy0v0zhang
2642,16843986,"Young Jim","2026-09-07 00:05:04",1435.9,2,youngjim
2643,16848220,ggmljs,"2026-09-10 05:10:42",1435.7,2,ggmljs
2644,16810472,YuanKing77,"2026-09-06 03:11:18",1435.4,2,yuanking77
2645,16808905,"Yusaku Muroya","2026-09-07 10:35:52",1435.4,2,ymuroya47
2646,16842817,darcy132,"2026-09-06 13:16:34",1434.4,2,darcy132
2647,16697205,"Gould Research","2026-09-08 17:19:28",1434.3,2,"georgeking1,gouldh,gradybos,shanemullahy"
2648,16759849,kkanayj,"2026-09-16 11:11:18",1434.2,2,kkanayj
2649,16824564,"piu ATI","2026-09-06 10:02:27",1433.3,2,piuati
2650,16745949,"Miaohua Zhang","2026-09-15 05:48:03",1432.8,2,miaohuazhang
2651,16843555,sol12378,"2026-09-07 02:34:09",1432.8,1,sol12378
2652,16639369,"Kyuhwan Cho","2026-09-06 10:32:53",1432.4,2,octoarden
2653,16730484,Esperanza,"2026-09-10 00:42:17",1432.3,2,deanpixton
2654,16857923,Haruki.O,"2026-09-12 08:23:32",1432.1,2,ho0707
2655,16677107,gagacrow,"2026-09-07 16:11:58",1431.9,2,gagacrow
2656,16635108,"cabbage corp","2026-09-16 07:21:55",1431.5,2,"kagglercs,phoenix0501"
2657,16688587,yamashu,"2026-09-16 23:09:46",1431.2,2,yamashuuu
2658,16640878,"Krishna Yadu","2026-09-06 08:18:51",1430.6,1,krishnayadav456wrsty
2659,16657637,"Ronnie Atuhaire","2026-09-15 14:11:38",1430.4,2,ronnieatuhaire
2660,16888093,"Alejandro Izaguirre","2026-09-16 18:19:44",1430.3,2,alejandroizag
2661,16749342,crasal,"2026-09-16 17:34:41",1428.9,2,crasal
2662,16719578,blueblue222,"2026-09-11 04:36:53",1428.3,2,blueblue222
2663,16675684,washamba_bots,"2026-09-13 07:38:38",1428.0,2,"billygmwangi,futurecentaur,peterkibetspidey,stephanenjoki"
2664,16782564,"Chris Tu","2026-09-04 05:14:36",1427.6,2,christu831004
2665,16669715,housssaamos,"2026-09-06 19:42:41",1426.4,2,housssaamos
2666,16839429,"Igor Aranovsky","2026-09-08 08:55:51",1426.4,2,igoraranovsky
2667,16700767,Love&AGI,"2026-09-08 19:50:42",1426.2,2,roniuhle
2668,16845366,cdaden,"2026-09-08 06:00:19",1425.5,2,cdaden
2669,16796600,skyShenzi5822,"2026-09-08 08:06:25",1424.0,2,skyshenzi
2670,16884338,"Emmet Banker","2026-09-16 14:25:26",1423.6,2,emmetbanker
2671,16802630,takotakosan,"2026-09-09 03:10:10",1422.9,2,takotakosan
2672,16722995,July,"2026-09-10 10:42:05",1422.2,2,julyzseven
2673,16644255,Rister,"2026-09-04 00:05:35",1420.9,2,"rister101,stharundhatri"
2674,16657198,Eldritch,"2026-09-10 15:14:36",1420.2,2,thefool00
2675,16712258,Yizhou,"2026-09-06 02:15:23",1420.0,2,yaphellee
2676,16838588,"Nadeem Ishikawa","2026-09-08 23:04:10",1418.4,2,nadeemishikawa
2677,16841276,EmmaL09,"2026-09-09 22:09:29",1416.7,2,emmal09
2678,16779321,HarryP12,"2026-09-11 16:45:35",1416.7,2,harryp12
2679,16654463,Mark,"2026-09-04 19:38:01",1416.2,2,robotmf
2680,16783328,AggriTrader,"2026-09-15 13:56:09",1415.9,2,leoluo
2681,16727147,"Alan Smith","2026-09-09 11:26:14",1415.7,2,acorncupcake
2682,16669856,StrugglerK,"2026-09-13 20:18:13",1415.1,2,muhammedkaanlker
2683,16683435,CoorDi,"2026-09-08 02:13:42",1413.8,2,bxy0125
2684,16726889,stnick,"2026-09-05 19:13:36",1412.8,2,stnick
2685,16666296,A.P.R.I.L,"2026-09-12 16:42:30",1412.4,2,puneeth333
2686,16860587,"Mayo Mafia","2026-09-14 12:41:03",1411.4,2,vasujain12344
2687,16637031,"and more","2026-09-16 23:49:37",1411.1,2,kym2022
2688,16707639,Fujinawa,"2026-09-15 12:14:48",1410.2,2,wasshoiwasshoi
2689,16750314,Captainuknow,"2026-09-14 07:39:43",1410.2,2,captainuknow
2690,16842273,2424,"2026-09-08 14:29:16",1409.8,2,takutonishi
2691,16627906,"Tergel Munkhbat","2026-09-16 12:25:53",1409.3,2,tergelmunkhbat
2692,16822414,Yassinovich,"2026-09-06 12:50:02",1408.3,2,yassinovich
2693,16743392,tellurium_rrr,"2026-09-16 22:06:23",1408.2,2,telluriumrrr
2694,16663626,"yvn kaggriculture","2026-09-06 19:03:22",1407.3,2,"garnikdavtyan,mikayelgr"
2695,16775190,bianfu,"2026-09-16 20:13:45",1407.3,2,bianfu
2696,16790652,"Pengchao Zheng","2026-09-06 07:45:17",1406.5,2,"mengyihu,pengchaozheng"
2697,16662121,One-For-All,"2026-09-03 23:10:22",1406.3,2,indarkarhana
2698,16654068,"Renoir Vieira","2026-09-05 17:42:47",1406.2,2,renoirvieira0
2699,16697411,VynoDePal,"2026-09-15 22:15:07",1403.8,2,kvynodjo
2700,16800076,xinwang,"2026-09-07 05:13:34",1403.7,2,xxxtetantion
2701,16661034,"Devesh Mehta","2026-09-16 12:32:14",1403.2,2,deveshmehtaaie
2702,16652750,"Bahadir Selim Bakla ","2026-09-15 14:37:30",1403.1,2,bahadirselimbakla
2703,16625339,kazusw,"2026-09-16 13:10:09",1402.9,2,kazusw
2704,16669148,"Syed Muhammad Gillani","2026-09-03 19:55:34",1402.3,2,syedmuhammadgillani
2705,16664293,"Adam Lloyd","2026-09-05 07:12:04",1402.1,2,alloyd256
2706,16806587,"Dear Shark","2026-09-16 10:20:12",1401.9,2,dearshark
2707,16863391,"Yifu and only Yifu","2026-09-16 23:23:06",1401.6,2,yifuandonlyyifu
2708,16718138,Haalandspring,"2026-09-04 22:46:54",1401.3,2,haalandspring
2709,16798694,돌,"2026-09-09 15:36:01",1400.9,2,nintendojoa
2710,16826561,"ANJAN B","2026-09-13 15:34:02",1400.5,2,anjan4646
2711,16667964,Shuiys,"2026-09-05 18:41:46",1400.4,2,ysshui
2712,16777894,"Matthew Neba","2026-09-06 21:37:08",1400.3,2,matthewneba
2713,16790585,wzyxp_123,"2026-09-16 17:24:02",1399.5,2,cloudssdut
2714,16672033,"Mohan Prasath P","2026-09-07 09:39:23",1399.1,2,mohanprasath21
2715,16695931,"Kers Aoyagi","2026-09-05 19:24:41",1398.7,2,kersaoyagi
2716,16795131,XuanxuChem,"2026-09-11 13:18:00",1398.3,2,zhaonoah
2717,16654332,"Borys Tymchenko","2026-09-06 13:18:48",1398.3,2,spsancti
2718,16836457,Andrew9603,"2026-09-06 12:28:37",1397.7,2,benxvyan
2719,16671454,Shadow,"2026-09-11 19:35:02",1397.2,2,uziahmd
2720,16839343,"SAURABH VISHWAKARMA","2026-09-15 17:13:31",1397.1,2,surabhv21
2721,16796840,ezalbxx,"2026-09-10 04:09:31",1397.0,2,ezalbxx
2722,16654791,"Dev Rath","2026-09-10 16:32:18",1396.9,2,devbratrath
2723,16838953,HHHyyds,"2026-09-05 12:31:34",1396.3,2,hhhyyds
2724,16771397,its_mrz,"2026-09-07 17:48:52",1396.2,2,itsmrz
2725,16811890,Bobbbbbbbbx,"2026-09-03 15:25:01",1396.0,2,bobbbbbbbbx
2726,16891588,Krtecek,"2026-09-14 19:39:14",1395.7,1,krtecek
2727,16790359,"laoma fighting","2026-09-07 05:30:45",1395.7,2,laomafighting
2728,16725195,易研学社,"2026-09-06 07:27:43",1395.7,2,"chency17,fengwann,mingyingxin,sjojasdq,tbtbbb"
2729,16810859,"Michael Silverblatt","2026-09-06 12:39:49",1394.8,2,msilverblatt
2730,16816445,"Danila Lebedev","2026-09-08 13:54:33",1394.7,2,danilalebedev
2731,16784056,"anh nông dân may mắn","2026-09-15 01:47:35",1394.6,2,nguyen1tri
2732,16661533,wangyuou,"2026-09-04 16:40:16",1393.2,2,wangyuou
2733,16676321,"tao wu11","2026-09-06 08:52:36",1392.7,2,"taowu11,xujchill"
2734,16683488,"Ripudaman Parmar","2026-09-14 19:40:39",1392.4,2,"ktkgpt,ripudamanparmar"
2735,16780141,"One Zero001","2026-09-03 08:43:16",1392.3,2,onezero001
2736,16750364,Tangruichen,"2026-09-13 20:00:08",1392.1,2,device666kunkun
2737,16804549,Feidudu,"2026-09-04 15:51:54",1391.8,2,zenanshao
2738,16663649,"Akhil Chinta","2026-09-16 19:57:14",1391.7,2,akhilchinta1505
2739,16662204,SM_30,"2026-09-05 15:45:06",1391.5,2,sagarmane104
2740,16655912,sssskilo,"2026-09-10 09:15:28",1391.4,2,wellkilo
2741,16762926,"Ricky RTG","2026-09-04 05:29:17",1391.0,2,rickyrtg
2742,16732433,syuuuuu,"2026-09-06 12:53:05",1390.6,2,syuuuuukun
2743,16822602,haru0707,"2026-09-04 08:37:59",1390.3,2,"haru0707,kiduna"
2744,16739419,danilka200300,"2026-09-06 12:33:53",1389.8,2,daniilsergeevda
2745,16635065,T88,"2026-09-07 09:02:57",1388.8,2,t88take
2746,16660220,tomo11111,"2026-09-05 23:47:27",1388.5,2,tomo11111
2747,16803141,"Verdant Meridian","2026-09-08 14:13:17",1387.9,2,xinweizhang003
2748,16817077,"Dinesh kumar Thiyagarajan","2026-09-11 08:55:04",1387.9,2,dineshkumar0705
2749,16805340,"Md. Rafiul Islam","2026-09-15 12:36:12",1387.3,2,rafiulislamrafi
2750,16765763,latter0206,"2026-09-06 07:00:54",1387.2,2,shoheiyamanaka
2751,16655311,"Plant City Planter","2026-09-02 19:03:12",1387.1,2,michaellombard
2752,16707702,"anton leyn","2026-09-08 16:30:11",1386.6,2,antonleyn
2753,16805370,"Gaiar Baimuratov","2026-09-04 16:33:11",1385.2,2,baimuratov
2754,16801995,"XD tsui","2026-09-03 20:41:03",1384.7,2,xdtsui
2755,16815841,"Sunshine through fog","2026-09-15 05:48:01",1384.0,2,sunshinethroughfog
2756,16796574,cununn,"2026-09-04 18:08:46",1383.7,2,w007425y
2757,16838305,"Zhiyan Chen","2026-09-05 09:20:32",1383.6,2,zenosga
2758,16660281,"xiy lin","2026-09-08 12:05:25",1383.3,2,xiylin
2759,16623630,noobanot,"2026-09-03 12:05:20",1382.6,2,noobanot
2760,16662176,"jorge fabian avila","2026-09-04 21:59:02",1382.4,2,jorgefabianavila
2761,16678462,"Eric Han Wang","2026-09-06 00:10:04",1382.1,2,ericwang03
2762,16660046,"Ikki Katsuyama","2026-09-06 15:46:09",1381.3,2,kacchanwriting
2763,16838520,"Niu Yuanfang","2026-09-07 07:50:24",1381.0,2,niuyuanfang
2764,16626979,"An - x","2026-09-12 15:08:43",1380.9,2,myotterspace
2765,16775506,"lin qiy","2026-09-05 13:32:19",1380.5,2,linqiy
2766,16624253,DTrieu,"2026-09-05 13:09:24",1379.4,2,hodinhtrieu
2767,16745351,ChrisXie,"2026-09-08 02:14:19",1379.2,2,chrisstan
2768,16630548,"YJ Wee 2807","2026-09-08 08:37:02",1378.9,2,yjwee2807
2769,16782954,"Team Dajiang","2026-09-05 03:10:18",1378.8,2,"jihuaye,toolazyhhh123"
2770,16845426,"Erlik Khan","2026-09-13 23:03:03",1378.2,2,erlikkhan
2771,16822109,Meticulousss,"2026-09-10 16:32:31",1377.2,2,meticulousss
2772,16621481,"zero waste","2026-09-05 14:22:46",1377.2,2,chinnaphatkhun
2773,16858618,NaokaK,"2026-09-09 06:58:14",1377.0,1,naokak
2774,16631400,JZ,"2026-09-13 01:30:26",1375.7,2,zhoujiachen
2775,16644287,"Ryo Hasegawa","2026-09-08 16:54:03",1374.0,2,ryohasegawa926
2776,16706898,Simiyon,"2026-09-08 15:35:12",1373.8,2,blackscythe123
2777,16805882,nmdcddwzml,"2026-09-10 11:46:04",1373.7,2,mujian63
2778,16655654,Cacinie,"2026-09-14 01:14:33",1373.7,2,cacinie
2779,16799554,dengddd,"2026-09-03 15:30:23",1373.2,2,dengdgq
2780,16695229,X1a0Ch3n,"2026-09-04 16:14:07",1373.1,2,xiaochen20236673
2781,16796484,"Ryutaro Tsujii","2026-09-04 00:07:32",1372.8,2,ryutarotsujii
2782,16734813,"Johan BONILLA MENDIETA","2026-09-05 15:23:38",1372.7,2,johanbonillamendieta
2783,16778388,"straw hats","2026-09-05 07:07:33",1371.6,2,rushikeshgaonkar
2784,16639746,"Kyle Wang","2026-09-04 15:12:00",1371.6,2,ky1ewan9
2785,16741819,"Paritosh Kumar Tripathi","2026-09-06 11:51:20",1371.3,2,paritoshtripathi5
2786,16622567,"Georgy Mamarin","2026-09-16 04:25:26",1371.3,2,georgymamarin
2787,16825772,liujieyou,"2026-09-14 12:01:35",1370.6,2,liujieyou
2788,16811433,"Bx LLLLLLLL","2026-09-05 21:54:10",1370.5,2,bxllllllll
2789,16786126,"Max Bloom","2026-09-16 19:07:33",1370.2,2,maxbloom
2790,16810060,galileo680,"2026-09-05 23:45:08",1370.1,2,keter333
2791,16654490,"Furious Monk","2026-09-16 07:39:44",1370.0,2,furiousmonk
2792,16802039,"Anna Currie","2026-09-04 10:24:33",1368.6,2,hcnfgxsghvbkhbty
2793,16772109,Yashvs56,"2026-09-04 08:45:23",1368.3,2,yashvs56
2794,16789561,"Rohan Kishibe","2026-09-16 06:58:20",1368.0,2,anbianluban1
2795,16841097,"Arsonist Duck","2026-09-16 22:52:11",1368.0,1,herbertthebird
2796,16660444,"Сергей Мизин","2026-09-12 08:30:25",1367.4,2,seeergo
2797,16622934,"Ümit Anık","2026-09-05 13:54:40",1367.1,2,mitank
2798,16631215,"Hira Norm","2026-09-05 00:18:00",1366.7,2,hiranorm
2799,16634149,"Hozuma ITOBAYASHI","2026-09-12 10:50:17",1366.1,2,hozumaitobayashi
2800,16683199,"Filippo Gombac","2026-09-02 17:16:47",1365.9,2,filippogombac
2801,16661702,"Chattso-GPT (Yasuhito Yanagisawa)","2026-09-05 09:33:14",1365.4,2,yasuhitoyanagisawa
2802,16781110,yqz,"2026-09-04 17:57:19",1365.3,2,yuqizheng
2803,16702429,iamlonely,"2026-09-08 16:27:53",1364.9,2,iamlonely
2804,16674720,"Prathmesh Lagdive","2026-09-09 10:44:33",1364.3,2,"aglavevaibhav,prathmeshlagdive,shriyashkurud"
2805,16750726,prince22466,"2026-09-15 15:37:55",1363.8,2,prince22466
2806,16806535,"zhangzhuang li","2026-09-03 18:31:12",1363.6,2,zhangzhuangli
2807,16839548,"Александр Прохоров","2026-09-08 12:30:54",1363.5,2,obbwd12
2808,16655766,前衛,"2026-09-04 01:21:20",1363.2,2,"atharvranjan,shreyasgandhe,siddharth9077"
2809,16662810,HarshitSama,"2026-09-15 19:22:03",1363.2,2,harshitsama
2810,16786255,OceFFFF,"2026-09-15 06:46:43",1362.9,2,oceanfujimoto
2811,16672040,"Tom Yim","2026-09-07 04:31:34",1362.9,2,tomyim
2812,16855857,tchufers,"2026-09-16 17:16:36",1361.9,2,viniciusraupp
2813,16808433,thenokol,"2026-09-07 12:26:33",1361.5,2,thenokol
2814,16783521,xiannaix,"2026-09-04 09:28:00",1361.1,2,xiannaix
2815,16657449,Timass,"2026-09-03 07:28:02",1360.6,2,timmass2
2816,16841827,"pohang milk collector","2026-09-10 07:05:12",1360.4,2,"duckhun,idearendil"
2817,16713291,Lperalt,"2026-09-14 08:27:47",1360.4,2,lucianobastidas
2818,16893831,"Sasan Nazari","2026-09-16 00:07:26",1360.3,2,sasannazari
2819,16765327,master_ssx,"2026-09-04 20:02:23",1360.1,2,masterssx
2820,16809249,Moro,"2026-09-06 02:48:13",1359.7,2,moromoromoro
2821,16673250,Prashant,"2026-09-04 16:46:37",1359.6,2,"kajalsinghrajpoot,prashantxo"
2822,16772090,"SHIVAJI SHAIK","2026-09-14 13:12:51",1358.9,2,shivajishaik
2823,16734290,CodeAMANSA,"2026-09-09 14:52:52",1358.9,2,bcollazo
2824,16890190,isaev_semyon,"2026-09-14 21:21:55",1358.5,2,isaevsemyon
2825,16659210,HASHP100D,"2026-09-05 11:23:41",1358.0,2,hashp100d
2826,16741683,"Lance Wu","2026-09-05 02:17:10",1357.0,2,lancewu722
2827,16742470,AK,"2026-09-06 07:57:50",1356.9,2,aman1391
2828,16717186,"Roumak Das","2026-09-04 03:41:55",1356.8,2,roumak77
2829,16713540,Anruan,"2026-09-05 16:45:53",1355.7,2,xiaowanshen
2830,16793656,王子铖,"2026-09-04 12:26:08",1355.3,2,aurantium
2831,16743788,"Emmanuel Lo","2026-09-04 13:07:50",1355.0,2,emmanuello
2832,16721237,phoenixai0,"2026-09-08 14:15:57",1354.4,2,phoenixultra
2833,16633850,Pascal,"2026-09-05 04:01:56",1354.4,2,pascalledesma
2834,16658287,ArturoSirvent,"2026-09-12 05:20:34",1354.0,2,arturosirvent
2835,16839209,yuuuu.T,"2026-09-06 02:01:37",1353.8,2,yuuuut
2836,16659430,"John Keith Weber","2026-09-06 16:32:54",1353.6,2,johnkeithweber
2837,16730707,"James Michael","2026-09-04 14:12:29",1353.2,2,ingenio
2838,16773607,sky1,"2026-09-04 13:54:00",1352.9,2,skyk1jn
2839,16732221,ringbearer,"2026-09-03 21:56:31",1352.8,2,mehmetbarankrat
2840,16846525,Dwaslaop,"2026-09-13 13:24:30",1352.2,2,"dwaslaop,haorunjia"
2841,16851444,"Vũ Tuấn","2026-09-16 04:05:20",1351.4,2,vtunksdlvnj6
2842,16794696,"Paul Bryan Elefante","2026-09-08 00:39:10",1351.4,2,heuljax
2843,16799797,"Zimin Zhong","2026-09-05 15:40:17",1351.0,2,zhongzinmin
2844,16657904,xfhdh1,"2026-09-06 09:51:45",1350.7,2,xfhdh1
2845,16749205,"Wish Coding Guy","2026-09-02 10:33:15",1350.0,2,tommycyd
2846,16659776,"Ben Hamilton","2026-09-08 23:36:18",1350.0,2,kineticaxisstudio
2847,16811637,mohui666,"2026-09-03 09:21:41",1349.4,2,mohui666
2848,16824069,"Phương Nguyễn Việt","2026-09-04 03:52:08",1348.9,1,phngnguynvit
2849,16795982,Vordax,"2026-09-03 18:17:12",1348.2,2,vordax
2850,16802752,hako22,"2026-09-05 13:11:51",1347.8,2,hako22
2851,16715205,GCarnovale,"2026-09-15 00:08:31",1347.3,2,gcarno
2852,16654995,"Artem Voronov","2026-09-14 11:14:51",1346.9,2,artemyvoronov
2853,16738810,mararaa,"2026-09-04 10:21:18",1345.5,2,mararaa
2854,16755414,Danzzzl,"2026-09-05 16:14:12",1344.5,2,okunevda
2855,16824101,"Bala Murugan AIML","2026-09-04 02:20:12",1343.4,1,balamuruganaiml
2856,16634239,"Radhakrishnan Guhan","2026-09-05 19:54:20",1343.1,2,rmsgrk
2857,16714134,"Raul Tinajero","2026-09-04 01:14:06",1342.5,2,raultinajeroo
2858,16721805,kavunidze,"2026-09-03 11:04:48",1341.7,2,kartu72
2859,16786357,guoyihui,"2026-09-05 05:53:59",1341.5,1,guoyihui
2860,16639520,"Cary Jin","2026-09-05 22:54:44",1341.5,2,strigiformes
2861,16773069,Grant,"2026-09-05 10:49:32",1341.0,2,leolin05
2862,16869870,"Electric Weasle","2026-09-13 15:27:16",1340.9,2,electricweasle
2863,16654266,古德拜吃,"2026-09-03 11:26:52",1340.5,2,nosaewang
2864,16773039,zyiqun,"2026-09-04 06:12:36",1338.8,2,zyiqun
2865,16750273,"Nil Lic","2026-09-14 16:44:57",1338.8,2,nillic
2866,16730834,TomoyaM,"2026-09-10 00:00:39",1338.7,2,tomoyamiyaake
2867,16820988,人畜无害,"2026-09-05 05:01:40",1338.2,2,slowmo19
2868,16773020,HyperNeonByte,"2026-09-06 15:43:03",1337.9,2,hyperneonbyte
2869,16626462,mango,"2026-09-04 01:11:13",1337.8,2,mango789
2870,16645705,wataru420,"2026-09-13 14:41:56",1337.7,2,wataru420
2871,16734447,"Ali Bauyrzhan","2026-09-13 13:12:11",1337.5,2,alibauyrzhan
2872,16657395,"Uchechukwu Ajuzieogu","2026-09-03 14:10:11",1337.3,2,uchechukwuajuzieogu
2873,16851959,Darren0724,"2026-09-11 12:15:26",1337.1,2,darren0724
2874,16808178,qianyuatkaggle,"2026-09-08 00:37:32",1336.0,2,qianyuatkaggle
2875,16790658,lxymmd,"2026-09-10 07:59:16",1335.8,2,lxymmd
2876,16771785,"Mencius silverio MENSAH","2026-09-16 16:59:06",1334.6,2,menciussilverio
2877,16657228,"Vladimir Babin","2026-09-15 04:59:07",1334.6,2,vovababin
2878,16718649,"Zakaria Aala","2026-09-05 19:32:26",1334.4,2,zlordgrim
2879,16725793,Krilin,"2026-09-03 18:41:48",1334.3,2,krilin
2880,16747577,"Nolan BONHOMME","2026-09-03 13:22:05",1334.3,2,nolanbonhomme
2881,16841667,Zwxiang123,"2026-09-06 01:27:21",1334.2,1,zwxiang123
2882,16682283,"RL is all you need","2026-09-08 13:59:11",1334.1,2,"bpmf577,junzhejiao,jwj1342,liaodid,mrschang"
2883,16797393,lingmingzi,"2026-09-05 04:36:26",1333.2,2,lingmingzi
2884,16760490,"nir afek","2026-08-30 21:08:22",1333.2,2,nirafek
2885,16879199,遠藤裕人,"2026-09-16 19:39:29",1332.9,2,back2525
2886,16771558,"Vitalie Cervinschi","2026-09-01 00:08:11",1332.8,2,vitaliecervinschi
2887,16665700,张广麒,"2026-08-31 08:41:33",1331.1,2,zzggqq
2888,16734199,Iliamna,"2026-09-06 20:44:33",1330.6,2,decotoj
2889,16697923,"Vincent Debout","2026-09-12 22:24:00",1329.1,2,vdebout
2890,16775076,hiros,"2026-09-03 04:15:51",1329.0,2,hiroshige1
2891,16752104,WYSSR1225,"2026-09-06 01:09:01",1328.9,2,wyssr1225
2892,16729092,"ayman elamin","2026-09-09 12:02:46",1328.8,2,aymanelamin
2893,16820116,cotora2121,"2026-09-05 17:42:49",1328.3,2,cotora2121
2894,16679812,"Xiang Li","2026-09-07 00:00:24",1328.3,2,xianglipee
2895,16639771,"DK Armada","2026-09-06 06:33:12",1327.9,2,dkarmada
2896,16797063,Nianhua1,"2026-09-05 03:35:11",1326.6,2,nianhua1
2897,16674102,没落者,"2026-09-05 11:02:50",1325.7,2,needless090
2898,16735253,银龙,"2026-09-07 07:00:02",1325.0,2,boyanyanbo
2899,16848645,"Chee Keong Sim","2026-09-10 14:59:11",1324.3,2,cheekeongsim
2900,16728103,Immutable,"2026-09-06 21:33:16",1323.8,1,dishcleaner
2901,16828244,AGSaturn,"2026-09-06 19:42:52",1322.3,2,polyuhst
2902,16623480,xmaster6y,"2026-09-08 18:26:54",1322.2,2,xmaster6y
2903,16761324,WLYYYo,"2026-09-14 03:11:51",1320.6,2,wlyyyo
2904,16716475,"dong & shen","2026-09-03 04:47:45",1320.3,2,"dongcookies,muyouqian4"
2905,16688642,"Natalia Mawyin","2026-09-05 11:08:38",1320.3,2,nmawyin
2906,16654715,"Aqib Raza","2026-09-02 19:21:26",1320.1,2,aqibrazadev
2907,16803930,"Farrukh Ismoilov","2026-09-02 11:30:29",1319.1,2,fismoilo
2908,16632214,roomer,"2026-09-05 03:55:23",1318.5,2,"matsuphy,mqme526,yasunamiura"
2909,16670948,wally0593,"2026-09-02 08:31:29",1318.1,2,wally0593
2910,16659215,"Zhizhou Sha","2026-08-31 12:43:52",1318.0,2,zhizhousha
2911,16794740,"Alexander R Luz","2026-09-11 16:15:45",1318.0,2,alexanderrluz
2912,16799934,auhulu,"2026-09-03 12:11:03",1317.9,2,auhulu
2913,16736050,SuperZero11,"2026-09-10 07:44:19",1317.5,2,anandaverma
2914,16654752,Agrofitting,"2026-09-12 18:17:22",1317.3,2,"evvfebruary,vinch97"
2915,16663827,magoemu,"2026-09-03 22:08:53",1316.8,2,magoemu
2916,16756902,"Matt Palmer","2026-09-06 04:17:51",1316.3,2,palmsey
2917,16753646,"[Deleted] 7d100524-25e6-4751-98db-b4fdce26a5ee","2026-09-02 14:22:45",1316.3,2,del=effabded1aa6d176
2918,16730049,"r2d2 Dasari","2026-09-07 02:53:56",1316.1,2,r2d2dasari
2919,16818589,"Rachmat S. Haryadi","2026-09-10 16:48:09",1315.9,2,rachmatsharyadi
2920,16721688,"Hi Im Ryo","2026-09-04 15:05:22",1315.5,2,loto610
2921,16632231,"Samrish B","2026-09-05 18:17:55",1315.2,2,samrishb
2922,16675739,"Jithendra Maddala","2026-09-12 05:12:26",1314.7,2,jithendramaddala
2923,16786158,"Yi-Chia Chen","2026-09-05 14:14:40",1314.5,1,threerabbits
2924,16699586,"Linda Liu","2026-09-16 10:57:29",1314.3,2,lpoint
2925,16866689,snehitha,"2026-09-16 07:46:47",1312.9,2,andapallysnehitha
2926,16679987,"Said Mohamed Omary","2026-09-09 21:02:21",1312.5,2,saidmohamedomary
2927,16737937,xamad,"2026-09-01 13:19:27",1312.1,2,giannicerrato
2928,16694016,"Prajwal M","2026-09-02 16:15:52",1310.8,2,estrick
2929,16686827,Kronki,"2026-09-05 12:24:58",1310.1,2,kronki
2930,16763767,"Carson Zhang","2026-09-13 10:53:55",1309.5,2,zmcddn
2931,16728996,autowin,"2026-09-05 16:20:27",1309.5,2,atharvjairath
2932,16871907,"Junya _318","2026-09-14 04:15:18",1309.4,2,junya318
2933,16783124,Logorhythms,"2026-09-11 12:28:36",1309.1,2,mohammadsaidulislam
2934,16779451,kibuna,"2026-09-16 20:24:08",1309.1,2,kibuna
2935,16783459,LKQ669,"2026-09-02 14:33:50",1308.3,2,lkq669
2936,16893007,thegoatman7,"2026-09-16 23:31:45",1308.2,2,thegoatman7
2937,16839975,AlexHan,"2026-09-05 13:16:50",1307.3,1,gksgusrb1212
2938,16682195,celefefwefwe1,"2026-09-02 16:48:52",1307.3,2,celefefwefwe1
2939,16798174,"Jan Bartos","2026-09-07 22:28:55",1307.2,2,janbartos
2940,16697877,"Sky kun","2026-09-13 22:36:13",1306.9,2,skykun
2941,16734822,Zcy,"2026-08-30 15:01:54",1306.0,2,laura831
2942,16774727,"Dannya AbdulHadi","2026-09-04 11:48:50",1306.0,2,dannyaabdulhadi
2943,16682932,"Iulian Curte","2026-09-13 10:07:59",1305.1,2,iuliancurte
2944,16668157,"vineet dairashri","2026-09-13 17:23:11",1305.1,2,vineetdairashri
2945,16795798,"Refrain 1","2026-09-01 09:36:19",1304.8,2,"chisatoy,refrain1"
2946,16638019,Randynho,"2026-09-15 16:13:30",1304.6,2,randynho
2947,16659467,AlexMoura2026,"2026-09-16 20:32:34",1304.3,2,alexmoura2023
2948,16657594,"Wojciech Krasowski","2026-09-02 20:37:04",1304.2,2,ci3l4k
2949,16775286,DanilAbdullin,"2026-09-02 05:42:51",1302.8,2,danilabdullin
2950,16747036,Illusion,"2026-09-04 13:34:36",1302.0,2,briankimtaikab
2951,16621831,"Tsung-Yeh, Hsieh","2026-09-09 18:31:09",1301.4,2,"tsungyehhsieh,xinyuloong"
2952,16768323,thuvuduy16,"2026-08-31 18:59:54",1300.9,2,thuvuduy16
2953,16727544,"Mostafa H","2026-09-01 10:03:53",1300.3,2,mostafahaghiri68
2954,16737237,"Ayodeji Adesegun","2026-09-02 12:09:57",1300.0,2,ayodejiadesegun
2955,16714057,"T0m0t0m0 W","2026-08-30 07:55:00",1300.0,2,t0m0t0m0w
2956,16719083,"Justin Mai 16","2026-09-07 22:30:10",1299.6,2,justinmai16
2957,16666188,"XueFeng Chen","2026-09-13 00:35:39",1299.0,2,chxfmcs
2958,16742825,"Ritwik Raha","2026-09-05 00:03:10",1298.9,2,ritzraha
2959,16906728,"Konstantin Zhar","2026-09-17 00:02:32",1298.8,2,zharkd
2960,16808352,Rheinmetall,"2026-09-11 14:27:52",1298.8,2,rheinmetall
2961,16658830,"Farhat Pachisa","2026-09-01 12:21:28",1298.5,2,farhatpachisa
2962,16791943,tamref,"2026-09-05 02:59:16",1298.2,2,tamreff3290
2963,16686513,Vipul_Kumar75476,"2026-09-15 00:17:28",1297.6,2,vipulkumar75476
2964,16793478,noisyislands,"2026-09-16 20:23:56",1297.4,2,noisyislands
2965,16693382,Sandrone,"2026-09-07 15:57:25",1297.3,2,luvgoelo
2966,16810802,"Musa Khan","2026-09-03 16:40:12",1297.2,1,lazer999
2967,16732574,AlcoholCat,"2026-09-10 14:34:25",1297.2,2,alcoholcat
2968,16806394,Flowers,"2026-09-02 04:03:16",1296.9,1,"guyueyuan,oliver34,wu12138test"
2969,16771605,Psyrax,"2026-09-14 14:54:38",1296.2,2,psyrax012
2970,16713543,"Rustam Bazarbayev","2026-09-14 07:26:24",1295.9,2,rustambazarbayev
2971,16768143,KingDellaFarm,"2026-09-02 12:49:02",1295.2,2,"alessandrodestasi,disteroas"
2972,16660477,SeaGoat,"2026-09-16 20:48:30",1294.9,2,vbandaru
2973,16779831,地里偷偷尿尿,"2026-09-06 14:21:55",1294.3,2,jjsdfd22
2974,16659627,"Lam Dang","2026-09-14 15:27:04",1294.0,2,lamdang
2975,16721980,pend_ts19,"2026-09-03 03:03:36",1292.9,2,pendts19
2976,16665311,"huayang sun","2026-09-05 06:20:01",1292.5,2,okami001
2977,16754112,"rhythm master","2026-09-02 02:01:23",1292.4,2,"lukaswong,nairurga,zaynedong"
2978,16668532,"Nir Aberman","2026-09-14 11:01:18",1292.0,2,niraberman
2979,16779652,cheezyp,"2026-08-31 06:26:25",1291.9,2,cheezyp
2980,16677252,カワシギ,"2026-09-03 05:11:27",1291.9,2,kawashigi
2981,16658618,"philip georgiev","2026-09-16 22:47:37",1291.8,2,philipgeorgiev
2982,16770089,ouga,"2026-09-16 00:10:18",1291.2,2,ouga1shizawa
2983,16743191,"Ryoya Kochiyma","2026-09-05 13:28:19",1291.1,2,"kazutotakekuma,ryoyakochiyma"
2984,16668162,AlejandroAlvarez,"2026-09-11 10:49:13",1290.8,2,theworm
2985,16768016,JohnBlake,"2026-09-16 22:00:20",1290.8,2,jaybeeja
2986,16706442,tipstar0125,"2026-09-05 11:50:46",1290.5,2,dragonty
2987,16793344,zyichi,"2026-09-02 06:41:30",1290.3,2,zyichi
2988,16779598,RiverStead,"2026-09-11 12:27:06",1290.2,2,riverstead
2989,16732484,tanzaku,"2026-09-06 07:58:50",1290.1,2,tanzaku
2990,16885684,LiYiTingTom,"2026-09-16 02:56:34",1289.1,2,liyitingtom
2991,16665191,JoJa,"2026-09-15 02:30:59",1288.9,2,"mojyou,noahzx"
2992,16793106,"Пал Лаич","2026-08-30 12:45:34",1288.8,1,skypunkaudiowalker
2993,16656659,"James Y","2026-08-31 09:51:47",1288.1,2,redoctopusk
2994,16651792,LX,"2026-09-02 10:29:49",1288.0,2,sunnylx
2995,16716867,"Kevin Gemilang","2026-09-16 20:37:33",1287.2,2,kevingemilang
2996,16675351,-Beterraba,"2026-09-05 18:45:27",1286.6,2,"afonsoo,miguelottoni"
2997,16742232,"Prema Ananda","2026-09-16 12:55:50",1286.3,2,premaananda108
2998,16623691,KevlarZanderChi,"2026-08-31 17:19:02",1286.3,2,kevlarzanderchi
2999,16623890,"rapika rosalia","2026-09-01 17:40:24",1285.2,2,rapikarosalia
3000,16661393,"razab Bawa","2026-09-06 12:43:30",1285.0,2,razabbawa
3001,16654196,"Aryaman Chokhani","2026-08-31 06:30:01",1285.0,2,"aryamanchokhani,pranrocky"
3002,16785924,Abhinav_26104,"2026-08-31 15:17:41",1285.0,2,abhinav26104
3003,16657825,MilanJoshi,"2026-09-01 12:04:31",1284.9,2,mlnjsh
3004,16634426,ertu,"2026-09-05 01:22:50",1284.8,2,ozertuu
3005,16717113,"Dovydas Ruokis","2026-09-11 19:58:21",1284.7,2,dovydasruokis
3006,16748187,"Violet Notes","2026-09-09 13:20:38",1284.5,2,dominicjamil
3007,16626203,"Manish Kumar Maurya","2026-09-13 13:29:42",1283.9,2,manishkumarmaurya11
3008,16805609,Gleb,"2026-09-01 22:11:48",1283.8,1,korelin
3009,16770979,"Paulo Martins","2026-09-16 15:35:30",1283.2,2,paulomartins87
3010,16843970,dharana77,"2026-09-13 03:41:27",1282.9,2,ylee4574
3011,16795391,MECHINE,"2026-09-01 03:05:47",1282.8,2,nainglinwai
3012,16655169,Musliadi,"2026-08-31 05:51:39",1282.5,2,timscientia
3013,16689266,"Oleksandr Dudnev","2026-09-09 06:14:10",1281.9,2,dantist
3014,16686483,"all in kaggle","2026-09-16 11:50:41",1281.8,2,leonstew
3015,16761641,Diavolo,"2026-09-05 09:31:08",1281.6,2,jeanmarcbah
3016,16771456,"Tianrun Liao","2026-09-14 16:08:41",1279.8,2,tianrunliao1
3017,16725410,LE4VES,"2026-09-08 09:27:15",1279.8,2,le4ves
3018,16635663,"Pascal Pfeiffer","2026-08-31 08:47:35",1279.1,2,ilu000
3019,16655633,johnny,"2026-08-31 04:55:56",1278.7,2,jonykarki
3020,16777138,"Anna Pakhaliuk","2026-09-16 12:24:12",1277.6,2,annapakhaliuk
3021,16696762,SOSyuki,"2026-08-31 15:37:09",1277.6,2,sosyuki
3022,16732813,Soomana1z,"2026-09-08 17:20:16",1277.3,2,soshionodera
3023,16877958,"Igor Buinyi","2026-09-11 23:06:07",1277.3,1,buinyi
3024,16764068,"Chika Komari","2026-09-02 11:18:48",1277.2,2,gothamjocker
3025,16718956,hassan,"2026-09-01 16:14:25",1276.7,2,hasankhhan
3026,16628456,kiro,"2026-09-08 06:39:53",1276.6,2,kirosamurai
3027,16838821,小等等,"2026-09-16 07:41:23",1275.2,2,atwelve
3028,16732507,iwashhh,"2026-09-15 21:37:27",1275.0,2,yuinokogawa
3029,16664609,Re2lawd,"2026-08-31 05:42:43",1274.7,2,re2lawd
3030,16658962,"Fabian Friedland","2026-09-01 02:35:18",1274.5,2,fabotelli
3031,16658409,AlexMasip,"2026-09-03 15:37:32",1273.6,2,alexmasip
3032,16795041,"Denis Revenko","2026-09-01 13:02:36",1273.1,2,denizzko
3033,16660121,10pi,"2026-09-02 01:21:07",1272.9,2,meredith10pi
3034,16701638,"John Stupid","2026-08-30 09:28:55",1272.9,2,bryxosmmm
3035,16794841,thisArmin,"2026-08-31 04:29:30",1272.6,1,thisarmin
3036,16778792,"Karthik #2","2026-09-02 17:15:47",1272.2,2,karg14
3037,16734225,"Vijay athithya ","2026-09-02 07:06:29",1272.0,2,vijay09
3038,16694186,souju00,"2026-09-14 10:52:51",1270.2,2,souju00
3039,16757418,Janus,"2026-09-04 11:49:23",1270.1,2,khaled1alhasan
3040,16709872,"Tim McGarvey","2026-09-16 06:13:42",1269.8,2,timmcgarvey
3041,16623856,aowhite,"2026-09-03 06:12:31",1268.8,2,brandnewyork
3042,16716613,Arvin,"2026-09-08 01:18:15",1268.6,2,chesterx
3043,16822745,Jetpack,"2026-09-16 16:56:46",1267.4,2,"m1ngch1,victorye04"
3044,16798544,esprit,"2026-08-31 23:47:56",1267.3,1,takuji
3045,16622919,Waffle,"2026-09-03 00:25:52",1267.0,2,waffle3z
3046,16757704,Faustine,"2026-09-10 12:37:00",1266.5,2,faustine649
3047,16661304,"Jonathan Roy","2026-09-14 17:05:57",1266.4,2,jonathanroy7
3048,16771457,"HK Fama","2026-09-05 17:51:47",1266.3,2,kenho211
3049,16652912,"Kyle Ellard","2026-09-04 11:51:13",1266.2,2,kyleellard
3050,16733839,"Fabian Ruiz","2026-09-14 19:58:16",1265.7,2,fabianruiz3
3051,16793287,"Kim Jinseo","2026-08-30 13:47:02",1265.5,2,kimjinseo1
3052,16662696,"Cengizhan Tümer","2026-08-31 20:54:21",1265.4,2,cengizhantmer
3053,16775443,NoName,"2026-09-04 23:49:43",1264.5,2,thesonalsingh
3054,16756633,TheDanKing,"2026-08-31 05:49:23",1264.2,2,thedanking
3055,16655381,"Varshith K","2026-09-10 22:42:07",1264.1,2,var3604
3056,16806048,duck_raccooon,"2026-09-02 15:03:04",1263.9,2,duckraccooon
3057,16791752,bayachay,"2026-09-13 02:26:18",1263.8,2,bayachay
3058,16740851,Zefirrr,"2026-09-01 16:46:15",1263.6,2,zefirrrr
3059,16670527,"Balram Gupta","2026-09-16 21:40:59",1263.2,2,"akankshaparab,bg28898"
3060,16667724,"Masashi Onda","2026-09-02 12:43:58",1263.0,2,masashionda
3061,16821542,"Hıdır BozkurtT","2026-09-15 16:56:04",1262.7,2,hdrbozkurtt
3062,16760158,"apple farmer","2026-08-30 01:15:01",1262.6,2,gustavoknudsen
3063,16626655,"Surya milenial","2026-08-30 08:21:22",1262.1,2,suryamilenial
3064,16785753,"Mizero Lucky Gall","2026-09-03 17:36:59",1262.1,2,mizeroluckygall
3065,16655686,Kyle,"2026-09-01 13:47:44",1261.6,2,kylezhouzhou
3066,16725564,NoPlanB,"2026-09-06 17:23:08",1261.6,2,kduncanrobertson
3067,16669810,CREART,"2026-08-29 16:06:18",1261.6,2,gustardust
3068,16741551,"Vedant Tiwari","2026-09-02 20:48:05",1261.3,2,vedant7312
3069,16841061,"Artin yzn","2026-09-09 12:20:47",1261.0,2,artinyzn
3070,16641183,"Team Name Pending","2026-08-30 15:18:19",1260.1,2,"abdaathaillahhadyan,oliverspiby"
3071,16766941,"S Kim","2026-09-10 22:16:57",1257.3,2,sunnyk92
3072,16653260,"Kadouci Abdelhak","2026-08-29 00:16:50",1254.8,2,kadouciabdelhak
3073,16811502,"Avi Porath","2026-09-14 04:33:01",1254.5,2,aviporath
3074,16757384,straw_Yu,"2026-09-09 01:41:11",1254.5,2,strawyu
3075,16780317,jrcjrcjrc,"2026-09-04 06:03:51",1253.0,2,jrcjrcjrc
3076,16639979,naphthalene,"2026-09-01 10:40:26",1252.8,2,"aaa0342,leehyungjoon,minjek,trv449"
3077,16654585,"David Pedersen","2026-09-16 22:44:48",1251.7,2,semalytics
3078,16765154,dreamcxy,"2026-08-31 03:54:16",1251.3,2,dreamcxy
3079,16702590,"Aashka Kapadia","2026-09-16 16:17:23",1250.8,2,aashka
3080,16773170,"yy li","2026-08-28 07:05:37",1250.7,2,yangyili11
3081,16662222,MinerUNLEASHED,"2026-08-24 16:28:40",1250.7,2,minerunleashed
3082,16692744,"VAIBHAV RASTOGI 90","2026-09-03 23:43:33",1248.8,2,vaibhavrastogi90
3083,16622627,"Erik van de Ven","2026-09-07 13:01:31",1248.5,2,erikvdven
3084,16747306,"Yasasvi Josyula","2026-09-14 08:34:44",1248.2,2,yasasvijosyula
3085,16770299,"أحمد فهد الربيش","2026-08-25 09:55:13",1248.0,2,ghr111
3086,16813899,blueshine,"2026-09-10 10:13:48",1247.8,2,minagawateru
3087,16756630,Shreyas,"2026-08-30 09:58:08",1247.7,2,shreyasdongre25
3088,16633132,"Kaggledew Valley 🏆","2026-09-16 17:34:39",1247.5,2,yanzhou06
3089,16667147,"Daksh Bhalala","2026-08-26 06:41:04",1247.2,2,dakshbhalala
3090,16706523,"Aussie lover","2026-09-04 06:20:53",1246.8,2,aussielover
3091,16778072,oonumberone,"2026-08-30 02:54:33",1246.6,2,oonumberone
3092,16637458,OlivierS,"2026-09-09 03:41:58",1246.5,2,oliviers
3093,16753125,"Rudransh Singh Rathore","2026-08-26 03:10:23",1246.4,2,rudranshsinghrathore
3094,16729906,"Krzysztof Madziar","2026-08-28 05:05:13",1246.4,2,krzysztofmadziar
3095,16790233,"prateek chandra","2026-08-30 15:55:55",1245.5,2,prateekchandra7005
3096,16641982,ZotAZaw3,"2026-08-28 09:43:47",1245.2,2,zotazaw3
3097,16760509,"gnanadeepika karanam","2026-08-29 03:35:25",1245.1,2,gnanadeepikakaranam
3098,16760656,CharTFboy,"2026-08-24 09:19:37",1244.2,2,chartfboy
3099,16779067,fishwg,"2026-09-16 16:10:53",1244.1,2,fishwg
3100,16654526,"Jin Niu","2026-08-26 18:25:33",1243.5,2,gufanmingmie
3101,16759250,"Harsh Jain","2026-08-28 06:55:29",1243.5,2,harshjain123
3102,16770927,kaptaan45,"2026-08-28 08:06:32",1242.9,2,kaptaan45
3103,16841026,"Max Power","2026-09-15 19:32:00",1242.6,2,markbarney
3104,16764431,"William Diment","2026-09-14 07:50:42",1242.5,2,williamdiment
3105,16775771,"Ewia Tng","2026-09-09 04:57:46",1242.4,2,ewiatng
3106,16748647,"Adar Cohen","2026-08-24 21:27:43",1242.2,2,adarcohen
3107,16707453,"Kaan Dınız","2026-08-28 09:11:10",1240.9,2,kaandnz
3108,16823626,Korokke3,"2026-09-13 14:08:54",1240.7,2,korokke3
3109,16634153,AnpAn_Men,"2026-08-29 19:47:31",1240.0,2,anpanmen
3110,16749257,rsraki,"2026-09-16 02:29:31",1239.9,2,rsraki
3111,16771361,"It's Ratcha","2026-09-07 18:59:25",1239.5,2,itsratcha
3112,16738279,zhangshuosc,"2026-08-26 05:11:57",1238.9,2,zhangshuosc
3113,16784611,sardarkhanyadav,"2026-08-28 16:45:33",1238.5,2,sardarkhanyadav
3114,16790391,"Kevin Cao","2026-08-29 13:38:03",1238.5,1,kevincao2
3115,16768676,Doit,"2026-08-25 02:09:47",1238.5,1,aifccnb
3116,16783630,"fan yanbing","2026-08-30 11:33:12",1238.1,2,jackpudding
3117,16856449,Sting,"2026-09-16 17:12:20",1238.0,2,sarlnovax
3118,16759058,Miz,"2026-09-14 11:17:56",1238.0,2,ryota040
3119,16748382,shiiin9,"2026-08-29 15:30:13",1237.4,2,shiiin9
3120,16778019,Mr.Frundles,"2026-09-03 02:21:58",1236.5,2,watehell
3121,16730705,chris,"2026-09-15 22:10:29",1235.2,2,chris62
3122,16764738,Lucasty,"2026-08-25 07:04:36",1235.2,2,lucaswty
3123,16745416,yamato035073,"2026-08-30 22:24:34",1234.3,2,yamato035073
3124,16746632,tingyu516,"2026-08-24 06:05:33",1234.3,2,tingyu516
3125,16732586,Juniex,"2026-09-09 22:25:54",1234.0,2,juniex
3126,16791549,"Eugenio Schiavoni","2026-08-31 19:14:40",1233.9,2,eugeniokukes
3127,16753515,"Yosif EL-Rammaal","2026-08-25 16:57:09",1233.6,2,yosifelrammaal
3128,16762139,AltriaE,"2026-08-25 15:27:52",1232.7,2,altriae
3129,16761788,"Corenthin Buffard","2026-08-26 13:16:28",1232.7,2,cbuffard
3130,16758279,"GO HIROSHIMA 2","2026-08-29 02:51:47",1232.6,2,gohiroshima2
3131,16860049,Himanshu,"2026-09-15 12:12:33",1232.6,2,himanshuffbfujbf
3132,16770998,ket,"2026-08-31 22:14:53",1232.6,2,kentken
3133,16686583,techtech69,"2026-09-07 15:53:30",1232.3,2,techtech69
3134,16672468,ComposeMage,"2026-09-08 01:51:40",1232.2,2,composemage
3135,16774475,LoveB4Sunrise,"2026-09-01 04:42:09",1231.7,2,demacia1314
3136,16755244,SZU蓝心,"2026-09-01 11:50:45",1231.3,2,jiazhanliu
3137,16670999,Maksonch1k,"2026-08-28 23:01:42",1230.6,2,maksonch1k
3138,16771843,"Surekha Ramireddy","2026-09-01 15:34:18",1230.3,2,surekharamireddy
3139,16692443,xmkevin2004,"2026-09-08 15:10:46",1230.3,2,xmkevin2004
3140,16778808,"Candace Dudleson","2026-08-31 23:19:12",1230.2,2,candacedudleson
3141,16727214,"Jaivardhan Raahi","2026-09-04 05:49:08",1229.9,2,jaivardhanraahi
3142,16733708,RyanHo,"2026-08-29 03:59:12",1229.4,2,ryanrx
3143,16852043,"pig da","2026-09-08 05:32:31",1229.4,2,qijunjie
3144,16729225,"Aayush Sigdel","2026-09-03 15:47:50",1229.1,2,aayushsigdel
3145,16671476,"Mingkang YAN","2026-08-26 08:13:57",1228.8,2,mingkangyan
3146,16709115,"PARK HYUNSIK","2026-08-26 01:51:31",1228.0,2,hyunsikpark
3147,16744905,"Nator X","2026-08-26 22:15:29",1227.9,2,natorx
3148,16621497,"Victor @ Tufa Labs","2026-08-26 20:41:50",1227.9,2,vmerckle
3149,16770397,Ryu,"2026-09-03 20:15:16",1227.9,2,bexultanashenov
3150,16762537,Controlvector,"2026-08-25 08:28:11",1227.7,2,"controlvector,yxdu01"
3151,16670569,Ezzzzzekki,"2026-09-12 15:40:36",1227.6,2,abdullahelzeki
3152,16854250,"Jenil Emp","2026-09-15 13:36:48",1227.3,2,jenilemp
3153,16689274,Anyeson,"2026-08-30 09:24:43",1226.9,2,anyeson
3154,16654373,thwaitsusa2,"2026-09-16 23:30:07",1226.8,2,thwaitsusa2
3155,16630516,"Seb (allegedly)","2026-09-09 09:22:48",1226.7,2,sebmallia
3156,16838843,"qiu ji123","2026-09-12 02:58:46",1225.8,2,qiuji123
3157,16734699,PangMinShih,"2026-08-28 08:39:27",1225.3,2,shihbonbon
3158,16738626,李BCDEFGA,"2026-08-25 06:55:39",1225.1,2,bcdefga
3159,16670883,G*Sim,"2026-08-28 07:55:59",1224.6,2,guillaumesimiand
3160,16796980,ChenyuBaii,"2026-09-11 09:56:01",1224.1,2,chenyubaii
3161,16753194,"Saicharan Ramineni","2026-08-26 19:33:02",1223.0,2,godlydonuts
3162,16782193,nal_nh906,"2026-09-02 01:42:32",1222.9,2,hhan09
3163,16662651,CoatiAI,"2026-09-16 11:06:40",1222.5,2,gjhordan
3164,16802775," SonSheungmin","2026-09-03 06:55:03",1222.5,2,sonsheungmin
3165,16627472,CloverFarm,"2026-09-08 13:23:55",1222.2,2,ljs2546
3166,16737057,Wiz,"2026-08-24 03:15:13",1222.0,2,williamzhou001
3167,16774410,"Rishabh Roy","2026-08-26 09:01:38",1221.8,1,rishabhr0y
3168,16691247,"Aneesh Rao","2026-08-27 17:11:07",1221.6,2,sidrao2006
3169,16769116,qiuqiu,"2026-09-11 13:33:23",1220.6,2,qiuqiuh
3170,16668756,"Clark Kitchen","2026-09-09 00:54:50",1220.5,2,clarkkitchen
3171,16793261,Von_Feynman,"2026-08-30 13:35:43",1220.4,1,terrenceluo1017
3172,16765313,Hosuke,"2026-09-01 04:19:31",1220.1,1,hosuke
3173,16672202,HealthStone,"2026-08-29 21:04:07",1219.8,2,healthstone
3174,16842071,buddyY26,"2026-09-07 13:06:08",1219.6,2,buddyy26
3175,16685450,Nadeem,"2026-08-25 09:21:14",1219.6,2,nadeembinshajahan
3176,16704603,Tmaxxer,"2026-08-28 14:45:38",1219.3,2,tmaxxer
3177,16752733,zjukop1,"2026-08-25 03:29:28",1218.5,2,zjukop1
3178,16755921,"Natnael Yerga","2026-08-24 16:43:22",1218.5,2,natnaelyerga
3179,16774129,"Chen Audrey","2026-09-04 13:38:19",1218.1,2,chenaudrey
3180,16745499,"lurs lurs","2026-08-29 02:02:15",1217.7,2,lurslurs
3181,16838736,"kauan cassiano","2026-09-05 06:42:48",1217.5,1,kauancassiano
3182,16848207,vlad,"2026-09-15 11:56:09",1217.1,2,khizanov
3183,16712714,MiMi,"2026-08-31 08:39:16",1217.0,2,"frank0921,rickytsou"
3184,16684994,"Katasonov Evgeny","2026-08-30 01:39:34",1216.9,2,katasonoveugene
3185,16751899,peggy,"2026-09-06 07:54:57",1216.5,2,refrigerator21
3186,16693663,"YoungCheol Son","2026-08-27 00:51:34",1214.7,2,sonyc5720
3187,16729554,"JingSong Yang","2026-08-28 05:33:55",1214.7,2,jingsongyang
3188,16689569,JovanaLab,"2026-08-27 22:43:51",1214.6,2,"choonesenlu,joxitsai"
3189,16740392,"Amey Thakur","2026-08-25 12:01:41",1214.5,2,ameythakur20
3190,16733932,"Jasper Turnidge","2026-08-24 06:36:23",1214.5,2,jasperturnidge
3191,16664537,"Lenin Goud","2026-08-27 01:07:37",1214.3,2,leningoud
3192,16728774,あなまか,"2026-09-12 13:08:44",1214.2,2,arakish
3193,16853131,"Awesome Egg","2026-09-10 07:27:41",1214.1,2,newegg
3194,16782984,crinoid,"2026-09-02 10:59:06",1213.9,2,takemi
3195,16778489,dataWr3cker,"2026-08-28 20:40:52",1213.1,2,gourabr0y555
3196,16664683,"Halapeño Farms","2026-09-14 00:35:12",1212.5,2,haladaj
3197,16698340,"Yanxi Jiang","2026-08-26 03:24:55",1212.1,2,yanxijiang
3198,16675777,"Ml BOY","2026-09-07 18:15:38",1211.9,2,mlboy1
3199,16863344,masat,"2026-09-09 23:46:30",1211.3,1,masatttt
3200,16669403,mrgrishninsb,"2026-09-13 13:22:10",1209.7,2,mrgrishninsb
3201,16800775,SunSeeker染汐,"2026-09-01 16:47:33",1209.5,2,sunseekerrx
3202,16844154,シュークリーム,"2026-09-07 03:31:45",1209.2,2,syucream
3203,16758791,"qw yi123","2026-09-10 08:06:11",1209.0,2,qwyi123
3204,16781550,Lumberjacks,"2026-09-13 15:34:54",1208.7,2,jamesmcgarryiv
3205,16700771,"Disuru Coba Ama Jaki","2026-08-31 09:50:50",1208.6,2,reiiihel
3206,16807054,"JSU xiaopoche","2026-09-03 06:35:02",1207.7,1,xhmuvw
3207,16769028,"Rishabh Yadav","2026-09-02 08:49:36",1207.4,2,riishabhhh
3208,16660601,"Rabbiya affan","2026-09-07 07:36:58",1207.2,2,rabbiyaaffan
3209,16666468,"J Penman","2026-09-09 07:04:10",1207.1,2,jpenman
3210,16890654,"Niloofar Y.","2026-09-16 22:36:09",1207.1,2,niloofaryoonesi
3211,16904440,"Orion on earth","2026-09-16 10:08:55",1206.6,2,oriononearth
3212,16901814,pengurei,"2026-09-17 00:00:57",1206.6,2,pengurei
3213,16748000,"Rohit Raj Singh","2026-09-15 13:50:22",1205.8,2,rohitrajsingh555
3214,16763551,"PRASHANT SHUKLA91","2026-09-16 06:48:58",1205.2,2,prashantshukla91
3215,16665753,"Mansour A. S. Ataa","2026-08-26 10:28:34",1204.9,2,profmansoor
3216,16655255,MalelizarazoP,"2026-08-26 13:34:53",1204.5,2,malelizarazop
3217,16778358,"Lê Nguyễn Việt Cường","2026-08-28 03:46:51",1204.2,2,lengvietcuong
3218,16712432,hengck23,"2026-08-25 17:58:30",1203.0,2,hengck23
3219,16666165,ChrisLeiteScha,"2026-08-24 15:20:36",1202.6,2,chrisleitescha
3220,16748907,EdwardHwang@123,"2026-08-24 15:32:00",1202.2,2,edwardhwang123
3221,16725304,"Alexandru A","2026-08-29 07:34:25",1202.2,2,alexandrua01
3222,16761019,"yiwen hou","2026-08-25 14:48:43",1200.1,2,hevenhina
3223,16630711,"Aleks Lviv","2026-08-30 11:46:50",1199.9,2,alekslviv
3224,16726547,"Ezra Kho","2026-08-28 04:04:46",1198.7,2,ezrakho
3225,16693193,"Efrain Garay","2026-09-04 20:55:13",1198.4,2,efraingaray7
3226,16745312,"Alexie Huynh","2026-08-22 08:27:27",1198.3,1,alexiehuynh
3227,16722731,"E&M Pioneer","2026-08-30 11:18:55",1198.2,2,hzq2004
3228,16782227,"chen yue li","2026-09-03 01:34:30",1197.3,2,yueelc
3229,16716081,"dunky su","2026-08-23 06:36:50",1196.5,2,dunkysu
3230,16906626,"Hee Jun Yi","2026-09-16 14:04:09",1196.2,2,junyihjy
3231,16899030,CardPilotLab,"2026-09-16 07:47:41",1195.6,2,EldieEnfiel
3232,16688907,青烟,"2026-08-24 12:39:28",1195.6,2,"imagine4391,mortal4416"
3233,16738895,SangGold,"2026-09-13 09:18:56",1195.1,2,sanggold
3234,16741826,StackKnight,"2026-08-28 02:12:12",1194.9,2,stackknight
3235,16768955,Hunedjekdsfkd,"2026-08-25 03:56:30",1194.7,1,hunedjekdsfkd
3236,16752121,adhsdrtjh,"2026-08-23 15:02:25",1194.6,2,adhsdrtjh
3237,16675655,TrebolNoir_,"2026-09-01 12:59:42",1193.7,2,trebolnoir
3238,16635681,"Shubham Phapale","2026-09-05 12:46:36",1193.7,2,shubhamphapale
3239,16848720,嘎达嘎达,"2026-09-08 07:39:07",1193.5,1,eggyeggygggy
3240,16742267,chandora,"2026-09-08 11:13:06",1193.4,2,chandora
3241,16674310,"Ayaz Ahmed Kazi","2026-08-29 18:49:13",1193.4,2,ayazahmedkazi
3242,16769082,"Little Xi","2026-08-26 03:31:32",1193.0,2,littlexi0
3243,16832186,"Noah Öksüz","2026-09-15 13:38:56",1192.8,2,noahksz
3244,16679004,"Kevin Zhao","2026-09-11 08:58:50",1192.5,2,kevinzhao666
3245,16763437,"⸻AgentZZ ⸻","2026-08-23 20:47:44",1192.2,1,agentzz
3246,16742228,"bangqun ZHAO","2026-08-27 05:20:56",1192.0,2,bangqunzhao
3247,16879133,xiepengo,"2026-09-13 14:05:18",1191.5,2,xiepengo
3248,16670659,saumyagupta12,"2026-09-07 11:24:23",1191.3,2,saumyagupta12
3249,16706185,"Bab Kek","2026-08-25 21:04:53",1190.9,2,babkek
3250,16660492,"Deven Bagul","2026-08-29 11:56:30",1190.8,2,devenbagul
3251,16764206,yanjixiang,"2026-08-25 11:37:34",1190.7,2,yanjixiang
3252,16665337,BHackers,"2026-08-26 17:13:11",1190.5,2,clarencepagaduan
3253,16716549,notoverkil,"2026-08-28 08:16:38",1189.6,2,notoverkil
3254,16679245,"Krzysztof Gonia","2026-09-16 12:06:43",1189.5,2,krzysztofgonia
3255,16847725,SOLUCIENCE,"2026-09-10 08:06:08",1189.2,2,solucience
3256,16630323,kaggricultureomnidimensionalut,"2026-08-28 10:51:28",1187.8,2,kumarandatascientist
3257,16727529,윤영일,"2026-09-10 14:44:20",1187.7,2,iongil
3258,16666195,"Yihan Guo","2026-08-28 08:44:06",1187.6,2,yihanguo
3259,16738657,Mactorr,"2026-09-02 22:44:15",1187.3,2,mactorr
3260,16763274,vinceybb,"2026-09-10 23:56:06",1186.0,2,vinceybb
3261,16657553,graceyunliu,"2026-09-16 02:43:23",1185.8,2,graceyunliu
3262,16763813,Sydney,"2026-09-10 21:54:55",1185.4,2,n3yan7
3263,16748933,Lixrixy,"2026-08-26 06:11:03",1185.3,2,lixrixy
3264,16725432,Ezra,"2026-09-10 21:42:30",1184.9,2,ezberch
3265,16662819,THeLAB,"2026-08-17 18:55:16",1184.7,2,feuorme
3266,16861578,Markura,"2026-09-14 11:07:06",1184.5,2,markura
3267,16844148,Ethereal49,"2026-09-11 04:17:57",1183.1,2,ethereal49
3268,16664379,N_Matsumoto24,"2026-09-02 08:17:44",1182.8,2,nmatsumoto24
3269,16716930,"Direc M","2026-08-31 04:54:06",1182.5,2,direcm
3270,16674447,"Nathan Thor","2026-09-15 15:17:28",1182.3,2,devofpie
3271,16768047,アメリカ農業研究会,"2026-09-16 14:56:30",1182.1,2,flnkhome
3272,16759705,2nod,"2026-08-23 03:42:04",1182.0,2,tsunoten
3273,16677577,"Harsha Vardhan Konisa","2026-09-13 17:33:53",1181.8,2,harshavardhankonisa
3274,16840001,agheieff,"2026-09-05 13:16:29",1181.6,1,agheieff
3275,16758634,Ernnnn4u,"2026-08-24 17:00:46",1181.3,2,ernnnn4u
3276,16779780,SiVitr2fDrXS.2N,"2026-08-30 15:06:17",1181.2,2,sivitr2fdrxs2n
3277,16724228,LSS0334,"2026-08-26 00:15:54",1181.1,2,lss0334
3278,16737843,"Muhammad Shoaib Memon","2026-08-23 19:52:52",1180.5,2,muhammadshoaibmemon
3279,16753831,zhangjiaweii,"2026-09-04 07:26:21",1180.4,2,zhangjiaweii
3280,16673881,"Sebastian Johansson","2026-09-15 08:15:02",1180.3,2,sebbejohansson
3281,16664002,"Guilherme Zanini de Sá","2026-09-15 20:30:14",1180.2,2,guilhermezaninides
3282,16658280,"Hemanth Reddy Katta","2026-09-14 22:15:43",1180.1,2,hemanthreddykatta
3283,16623736,Garigariyong,"2026-09-01 04:31:17",1180.0,2,garigariyong
3284,16709246,"Tariku Mehdi","2026-09-03 00:25:56",1179.5,2,tarikumehdi
3285,16703315,"Ryan Triplett","2026-09-16 22:54:43",1179.1,2,ryantriplett
3286,16795086,Leroll,"2026-09-01 01:54:12",1178.5,2,leroll
3287,16762940,"Davide Andreolli","2026-09-06 09:20:28",1178.5,2,davideandreolli
3288,16825340,xiaoBOSS97,"2026-09-15 10:21:05",1177.9,2,xiaoboss97
3289,16659972,"Pelamovic ","2026-08-25 18:03:34",1177.9,2,pelamovic
3290,16771994,"Jaden Tang","2026-09-15 09:28:23",1177.8,2,"aayanshah,jadentang17"
3291,16692038,CodeHacker,"2026-09-15 14:53:16",1177.8,2,junhanzangai
3292,16806346,"Mike chen666","2026-09-12 07:04:00",1177.5,2,"mikechen666,tiffanyjade"
3293,16845582,"Julio Cesar Filho","2026-09-08 06:10:03",1177.4,2,juliocesarfilho
3294,16759075,"Michael Day","2026-08-24 10:38:52",1176.8,2,michaelday99
3295,16711608,"Thomas Greissler","2026-08-24 00:01:46",1176.8,2,thomasg22202020
3296,16732446,"Nuri DUDAK","2026-08-29 09:00:59",1176.4,2,nuridudak
3297,16726011,"Dawid Fleischer","2026-08-25 18:37:25",1176.2,2,dawidfleischer
3298,16749466,"The Wolf of Wheat Street","2026-09-16 23:35:18",1175.7,2,"lijuantang19,yuemengzheng01"
3299,16707193,"radji kraim","2026-08-26 11:53:17",1175.6,2,radjikraim
3300,16664477,"The T-MAN","2026-08-26 18:51:40",1175.0,2,otmaneelmahda
3301,16726994,bird,"2026-08-23 05:00:19",1174.7,2,whitebird
3302,16691154,UnknownRobi,"2026-08-31 22:50:27",1174.7,2,canrobichaud
3303,16793229,"Waseem Mushtaq","2026-08-30 13:38:14",1174.4,1,waseemmushtaq045
3304,16844277,"Akash Chanran","2026-09-09 16:48:32",1174.1,2,"akashchanran,shruti9345"
3305,16830753,"youyi li","2026-09-06 02:50:01",1172.9,2,liyouyi
3306,16753618,mushichou4,"2026-08-22 10:20:51",1172.7,2,mushichou4
3307,16746112,"Jonathan Martschinke","2026-08-24 08:52:51",1172.7,2,jonathanmartschinke
3308,16870452,SakuraSSS,"2026-09-16 21:04:25",1172.4,2,sakurasss
3309,16822583,"TA ME CHEM","2026-09-13 09:26:11",1172.1,1,tamechem
3310,16740159,CY,"2026-09-05 09:33:08",1172.0,2,aimeny
3311,16675704,reeemii,"2026-08-26 08:51:15",1171.8,2,reeemii
3312,16780130,与君作田,"2026-08-29 14:01:35",1171.8,2,zhaoxi1244
3313,16658245,ziliangCok,"2026-08-28 16:08:13",1171.4,2,ziliangcok
3314,16769795,"Edi Marian","2026-08-25 11:01:09",1171.1,2,edimarian
3315,16766320,vp_mass,"2026-08-25 20:19:08",1170.9,2,vpmass
3316,16661772,R3ddrag0n,"2026-09-02 19:43:09",1170.6,2,r3ddrag0n
3317,16786013,sakarush,"2026-09-02 13:17:42",1170.5,2,sakarush
3318,16639796,rmizuta,"2026-08-28 15:07:43",1170.4,2,rmizuta
3319,16666054,Ani,"2026-09-04 21:33:20",1170.3,2,anirudhk333
3320,16763706,断罪の孤高の神・大宇宙草莓覇皇,"2026-09-16 19:17:33",1170.1,2,qilejiang76
3321,16764545,ArX,"2026-08-24 09:44:45",1170.0,2,arx1993
3322,16757566,"Ankit Kumar","2026-08-23 12:03:53",1169.2,2,imankit57
3323,16661362,BEETRiX🦋,"2026-08-11 14:42:28",1168.6,2,johannaleighdeley
3324,16732792,amaotone,"2026-08-20 14:27:36",1168.0,2,amaotone
3325,16828844,"SHOUHEI IKEDA","2026-09-06 23:29:56",1167.7,2,shouheiikeda
3326,16841296,Flesymevoli,"2026-09-06 08:49:58",1167.6,2,flesymevoli
3327,16846297,"Zihan Ni","2026-09-07 08:06:53",1167.3,2,lunangai
3328,16664232,"Eddy Despradel","2026-09-01 23:58:35",1166.8,2,eddydespradel
3329,16670297,"Gebreab K. Zewdie","2026-08-26 00:22:15",1166.8,2,gzewdie
3330,16732851,chenry2003,"2026-08-24 02:27:53",1166.7,2,chenry2003
3331,16739898,"solo levelling","2026-08-18 21:08:16",1166.7,2,munibmemon
3332,16738745,"Anh Quân","2026-08-24 13:41:30",1166.3,2,qunanh
3333,16654091,webmaking,"2026-08-19 05:28:56",1166.0,2,webmaking
3334,16872073,"Positive Quark","2026-09-14 23:35:41",1165.9,2,quarkliu
3335,16735341,Ryui68925,"2026-08-24 16:22:30",1165.0,2,ryui68925
3336,16767625,"Saurabh Yadav","2026-08-24 17:56:22",1164.8,1,saurabhyadav1305
3337,16723991,"James Holland","2026-08-17 01:40:17",1164.7,2,jkhollandjr
3338,16635029,"Oleg Melnik","2026-09-16 12:12:06",1163.9,2,olegmelnik
3339,16738721,"Luan Kunyu","2026-09-04 07:05:21",1163.6,2,luankunyu
3340,16758152,MiguelLFCG,"2026-08-30 11:20:49",1163.6,2,miguellfcg
3341,16730706,flaty,"2026-09-06 07:05:52",1163.6,2,flat831
3342,16683193,Paami,"2026-08-24 01:21:00",1163.5,2,coldpaami
3343,16870771,wangxt1,"2026-09-11 06:19:14",1163.4,2,wangxt1
3344,16784133,"HASNAIN HAIDER","2026-09-01 17:02:27",1163.4,2,techzero
3345,16708965,"Witold Dziurdz","2026-08-23 16:33:47",1163.0,2,witolddziurdz
3346,16727784,Baen,"2026-08-24 06:44:33",1162.8,2,cairh22
3347,16655718,eveyxy,"2026-09-05 08:58:28",1162.3,2,eveyxy
3348,16658983,"Titi Huang","2026-09-13 08:28:29",1162.0,2,titihuang
3349,16736250,Yizhi,"2026-08-31 06:03:48",1161.5,2,yizhitao
3350,16726281,rperez04,"2026-08-22 23:15:13",1161.0,2,rperez04
3351,16675161,iVl44d,"2026-08-19 22:50:26",1160.7,2,ivl44d
3352,16885137,"Manjunadh Padarthi","2026-09-15 00:13:06",1160.6,2,manjunadhpadarthi
3353,16621741,"Andrey Naymushin","2026-08-24 09:46:41",1160.1,2,andrewsokolovsky
3354,16707749,Yuzu,"2026-09-04 10:22:41",1159.0,2,yuzuoctopus
3355,16769769,"Artur Shafiev","2026-08-29 05:29:31",1158.8,2,arturshafiev
3356,16740399,"Lynn Pigott","2026-08-24 03:32:08",1158.0,2,lynnpigott
3357,16794205,"kiwi apple","2026-09-01 18:56:25",1157.5,2,kiwiapple
3358,16736138,Anand,"2026-08-21 06:00:12",1157.2,2,gazzal
3359,16664566,"Lormann ","2026-08-23 06:24:29",1157.2,2,lormann
3360,16685342,"Kanth Da","2026-09-09 14:24:45",1157.0,2,"kanthda,riteeshreddybysani"
3361,16754560,Kam,"2026-08-21 14:02:39",1157.0,1,kamting
3362,16870431,"Adam Brink","2026-09-11 11:09:17",1156.2,2,adambrink
3363,16729640,"Наталья Скляр","2026-08-21 18:11:07",1156.1,2,natsklyar
3364,16654021,"Swachhith B","2026-08-24 08:40:04",1155.5,2,swachhithb
3365,16779275,XuetingWang,"2026-09-01 08:50:53",1155.2,2,snoopy262
3366,16663767,"Tommy Mancino","2026-08-31 23:03:57",1155.1,2,tommymancino
3367,16709824,pizzahut,"2026-09-12 18:24:15",1155.0,2,csalazoltntams
3368,16657623,Restart:),"2026-08-20 08:35:50",1154.5,2,wayne127
3369,16667843,"durgesh dere","2026-08-21 16:10:13",1154.2,2,durgeshdere08
3370,16696098,Valmorlee,"2026-08-23 19:40:07",1154.1,2,valmorlee
3371,16805171,Mario,"2026-09-16 19:39:20",1153.7,2,mwalkiew
3372,16778417,"TANG BUDU 19SD195","2026-09-06 21:01:57",1152.8,2,tangbudu19sd195
3373,16662949,"Will English","2026-08-18 17:13:22",1152.1,2,dubascudes
3374,16666665,Team-Veraxion,"2026-08-31 08:24:24",1151.8,2,"anuragvelekat,ayushiitomar,faizmemon,hariharigandikota"
3375,16875537,HeIIo.Darkness,"2026-09-13 23:22:12",1151.8,2,heiiodarkness
3376,16675610,"Srikar Medisetti","2026-08-30 12:06:25",1151.7,2,deathaunter
3377,16886319,novacryptic,"2026-09-13 12:37:51",1151.3,2,novacryptic
3378,16743216,xerkey,"2026-09-08 13:52:41",1150.5,2,xerkey
3379,16677592,keniii,"2026-08-25 00:29:31",1150.3,2,kartheeswaran28
3380,16638177,stpete_ishii,"2026-08-30 05:35:41",1150.1,2,stpeteishii
3381,16778410,"uriel villegas govea","2026-08-28 00:25:47",1149.2,2,urielvillegasgovea
3382,16713007,"Jerry Hwa","2026-08-23 12:20:13",1149.1,2,"jerryhwa,richarrdyu"
3383,16805870,"Ngo Trung","2026-09-12 17:12:53",1148.4,2,trungngotdt
3384,16732104,sizumita,"2026-09-12 01:21:14",1148.4,2,sizumita
3385,16735232,"Johnson Chishimba","2026-09-03 04:13:50",1148.3,2,johnsonchishimba
3386,16666578,STRAF,"2026-08-23 23:07:25",1148.2,2,nikosstraf
3387,16725441,lemon1219,"2026-08-21 15:37:35",1147.8,2,lemon1219
3388,16675486,"SALAH ELDIN ELNABARAWY","2026-08-18 21:17:22",1147.7,2,salaheldinelnabarawy
3389,16763444,"crazy achiever","2026-08-28 18:51:13",1147.3,2,crazyachiever
3390,16689601,"Prathmesh Adsod","2026-08-18 03:55:13",1147.0,2,prathmeshadsod
3391,16712943,"Cesar Marcondes","2026-09-04 13:20:02",1146.0,2,cmarcond
3392,16709214,"Ariel Suntasig","2026-08-17 19:46:09",1146.0,2,arielsuntasig2001
3393,16839557,Superspork,"2026-09-08 03:25:46",1146.0,1,superspork
3394,16771277,zhaowenyi7,"2026-08-31 09:18:04",1145.8,2,zhaowenyi7
3395,16744127,Faiz,"2026-08-21 20:33:33",1145.6,2,souraditya26
3396,16743904,minamoto,"2026-08-25 16:53:16",1145.5,2,usermina
3397,16654662,"2/3 rounded to two decimals","2026-08-22 00:36:50",1145.3,2,rnold2
3398,16721453,"Random Mambo","2026-09-01 09:41:19",1145.3,2,beaten67
3399,16738145,綿鍋だよん,"2026-09-16 16:34:12",1144.9,2,potrue
3400,16755071,"Varun Rao","2026-08-26 18:46:59",1144.9,2,varunraosfanlkan
3401,16732654,Goated_Farmers,"2026-08-23 17:09:50",1144.8,2,"mugundhjb,srinathduvvuri"
3402,16715244,uri_kkyhr,"2026-08-15 04:53:37",1143.7,2,urikkyhr
3403,16720841,liuhc1017,"2026-09-14 12:24:08",1143.5,2,liuhc1017
3404,16709930,llRX,"2026-09-11 09:07:58",1143.2,2,"bankkobe,leojeel,ruikaihong"
3405,16739488,Restodecoca,"2026-08-19 16:42:34",1143.0,2,restodecoca
3406,16692272,Ddere008,"2026-08-21 18:43:56",1142.7,2,ddere008
3407,16736969,"york li13","2026-08-19 01:07:02",1142.4,2,yorkli13
3408,16765215,"arlenjim ","2026-08-24 19:32:48",1142.4,2,arlenjim
3409,16632777,"Alexandrine Cakpo","2026-08-20 10:20:22",1142.3,2,alexandrinecakpo
3410,16742048,SuperGiantLam,"2026-08-25 02:08:17",1140.8,2,zptpsz
3411,16665214,Epiphany_Thu,"2026-08-21 12:06:53",1140.2,2,epiphanythu
3412,16675905,HydFarms,"2026-08-30 11:22:11",1140.1,2,"kumaramar,ronithjaju,shiveshcgatech,vidhishah115"
3413,16743016,"MD Zeeshan","2026-08-20 18:13:32",1139.7,2,makrovh
3414,16710389,GuerillaMoon,"2026-08-19 22:33:46",1139.5,2,guerillamoon
3415,16757903,"Om Singh","2026-08-27 07:05:06",1139.4,1,spoilyfrog
3416,16725335,"Chris #2","2026-08-29 15:32:47",1138.8,2,kagglecompetechris
3417,16738899,Grayden_Lee,"2026-08-21 11:42:07",1138.3,2,haozelii
3418,16656394,"Pushkar K.G","2026-08-18 09:29:08",1138.1,2,dejokz
3419,16685074,"Emir Can","2026-08-30 20:16:36",1138.1,2,aerospacer
3420,16730462,"Xiang Tang","2026-08-28 15:11:51",1137.9,2,flyonthewater
3421,16714498,Zubekanov,"2026-08-18 01:14:49",1137.7,2,zubekanov
3422,16691506,Dipak_ISM,"2026-08-29 13:07:18",1137.5,2,dipakism
3423,16730320,Rosebuddychomp,"2026-09-12 07:54:11",1137.4,2,rishabhshetye
3424,16752018,三浦桂基,"2026-08-30 04:00:30",1137.2,2,keikipc
3425,16700068,"My Little Pony","2026-08-17 13:41:17",1137.0,1,"buxiangzaoqi66,juliezhang131,yaoyilv"
3426,16701633,"Jacob Davis","2026-08-23 15:06:50",1136.7,2,jacobtdavis
3427,16634093,gezi,"2026-09-09 08:07:03",1136.5,2,goldenlock
3428,16724452,Jay,"2026-08-20 00:34:34",1136.4,2,jayshimada
3429,16637329,Rucbic,"2026-08-19 17:32:21",1136.3,2,rucbic
3430,16754086,Beenvvv,"2026-08-25 05:57:29",1136.2,2,beenvvv
3431,16729691,YinuoChen271,"2026-08-17 15:42:51",1136.2,2,yinuochen271
3432,16882868,"Yash Mohan","2026-09-12 20:42:05",1136.1,1,yashm917
3433,16712535,"Benjamin Beaujard","2026-08-18 11:03:03",1136.0,2,benjaminbeaujard
3434,16685160,Yura,"2026-08-17 07:27:50",1135.9,2,yuratrubitsyn
3435,16664762,"John Marinton","2026-09-09 06:09:18",1135.6,2,marintonjohn
3436,16633222,maxingkong733,"2026-08-18 23:32:58",1135.4,2,maxingkong733
3437,16733297,sohasoha42,"2026-08-18 17:50:51",1135.2,2,sohasoha42
3438,16709203,Ayush_Patel,"2026-08-25 03:34:12",1135.1,2,ayushpatel1305
3439,16665352,"Paul Nassiri","2026-08-22 20:15:33",1135.1,2,laszlolevray
3440,16712185,"Vishal Khomane","2026-09-02 15:32:38",1134.5,2,vishal567
3441,16716697,"Habil Tobi","2026-08-28 20:57:52",1134.3,2,habiltobi
3442,16774237,"Dennis SH Lai","2026-08-30 17:21:31",1134.1,2,dshihlai
3443,16651672,"Xiaolei Lian","2026-08-19 03:18:04",1133.1,2,xiaoleilian
3444,16664573,AdhithyaRokhith,"2026-08-22 20:34:38",1132.4,2,adhithyarokhith
3445,16715579,Uvais,"2026-08-24 00:58:56",1132.2,2,joshuaedwinjacobv24f
3446,16690308,"Fatima Sarhan","2026-09-15 16:52:37",1132.0,2,fatimasarhan
3447,16722319,"༺ANIS YT༻","2026-08-19 13:08:47",1131.4,2,anisyt
3448,16728067,"Chenzhao Li","2026-08-18 08:04:21",1130.9,2,heartquest
3449,16628664,"Anton Tikhonov","2026-08-17 16:05:18",1130.6,2,itwastony
3450,16756750,Charu,"2026-08-22 00:45:03",1130.6,2,charu13a
3451,16630839,steubk,"2026-08-21 21:55:39",1130.5,2,steubk
3452,16632476,"Назар Коваль","2026-09-10 09:02:44",1130.4,2,miickey
3453,16655877,"Harish K","2026-08-25 19:09:49",1130.3,2,harishk2209
3454,16730688,zy,"2026-08-27 07:25:40",1130.0,2,justforwin
3455,16724353,PrathamGupta,"2026-08-17 02:04:38",1129.9,2,prathamguptaaaaaaa
3456,16653379,"Asakawa Ruriko","2026-08-30 00:31:08",1129.4,2,asakawaruriko
3457,16691946,"Hassan Algizani","2026-08-13 20:20:09",1129.4,2,hassanalgizani
3458,16727191,"Alexander Kokshenin","2026-08-20 02:08:15",1129.4,2,kokshenin
3459,16724584,"Jinx JK","2026-08-18 09:08:26",1129.3,2,jinxjk
3460,16662940,"The Coder Geek Squad Leader","2026-08-17 09:23:58",1129.3,2,soulemaneisissifou
3461,16646679,tong00,"2026-08-17 12:02:11",1128.8,2,tong00
3462,16721079,"six seven swag","2026-08-23 09:08:28",1128.6,2,polinababiichuk
3463,16719536,"Mandy Lin","2026-08-14 03:18:29",1128.2,2,ydnamlin
3464,16625856,takai380,"2026-09-01 02:34:05",1127.9,2,takai380
3465,16621355,Raiden.B,"2026-09-15 17:53:51",1127.6,2,raidenb
3466,16651939,"Yogesh Jadhav","2026-08-24 05:50:52",1127.0,2,dynamo14324
3467,16661352,"Porch Goose","2026-08-21 02:52:24",1126.7,2,jaclyndeem
3468,16665543,"Charan Manthena","2026-09-06 08:59:20",1126.5,2,charanmanthena
3469,16735582,"Tumaini Makena","2026-08-18 06:01:09",1126.4,1,tumainimakena
3470,16782196,"jingyang tu","2026-09-01 01:49:08",1126.3,2,jingyangtu
3471,16697922,TingyuanLi277,"2026-08-21 03:39:03",1126.2,2,tingyuanli277
3472,16635668,"Mirza Yasir Abdullah Baig","2026-08-21 14:13:17",1126.0,2,myab07
3473,16680065,Vishodhan,"2026-08-14 23:46:15",1125.8,2,vishodhan
3474,16664120,SaiDuttaAbhishekDash,"2026-08-21 20:30:01",1125.6,2,saiduttaabhishekdash
3475,16729054,"Shantanu Kesarkar","2026-08-27 05:50:23",1125.4,2,shantanukesarkar
3476,16841536,"Berkay Hasret","2026-09-07 00:29:45",1125.2,2,berkayhasret
3477,16699772,MrAnalyst,"2026-09-05 10:43:49",1125.1,2,mranalyst
3478,16632164,"Tim Shini","2026-08-30 18:04:29",1124.9,2,timshini
3479,16713267,"yq l68135","2026-08-21 21:35:52",1124.7,2,yql68135
3480,16741131,"Adarsh Balanolla","2026-08-23 19:09:08",1124.5,2,adarshreddyb
3481,16709295,"Isaac Owomugisha","2026-08-20 16:22:52",1124.4,2,cmplxxyttmt
3482,16728914,d0gied,"2026-08-17 15:12:08",1124.2,2,d0gied
3483,16725403,tabetai28,"2026-08-18 14:38:57",1124.0,2,taichiabewaseda
3484,16675807,cubreto,"2026-08-26 15:00:34",1124.0,2,cubreto
3485,16668721,"Efe Can Celiksoy","2026-08-13 22:00:41",1123.8,2,efecnc
3486,16715319,ocha_heaven,"2026-08-19 13:10:14",1123.8,2,ochaheaven
3487,16701362,"Papa Annan","2026-08-20 21:26:39",1123.7,2,papaannan
3488,16722112,nyori,"2026-08-18 10:35:38",1123.4,2,nyoriworks
3489,16743124,"Leo's Demiurge","2026-09-08 15:06:04",1123.4,2,jelurge
3490,16653129,"Prashanth Reddy Biyyani","2026-08-20 13:53:37",1123.1,2,"prashanthbiyyani,shivagurrala,sumu1526"
3491,16663445,"ali dzaki","2026-09-13 14:59:25",1122.7,2,alidzaki
3492,16732381,Raphdraft,"2026-09-03 01:11:34",1122.6,2,raphdraft
3493,16633096,anvai_agents,"2026-08-20 05:50:45",1122.5,2,"anandgaikwad7781,vaidehidhamnikar"
3494,16675503,"Jeff Marc E. Cadet","2026-08-30 17:56:07",1122.1,2,jeffmarcecadet
3495,16665927,"bhavya shah","2026-08-17 11:06:22",1122.1,2,bhavyashah007
3496,16666939,20237208_黄奕恺,"2026-08-22 12:53:27",1121.8,2,mrhuangyy
3497,16673234,MACvengers,"2026-08-19 16:34:04",1121.6,2,"astrojaswanthkumar,ikpikp"
3498,16651833,"Hồ Khánh Duy","2026-08-14 17:52:23",1121.1,2,hkhnhduy
3499,16715506,"Moo Point","2026-08-17 21:44:26",1120.9,2,"gnarlycow,tianmeiwang"
3500,16690970,"Raoul Biagioni","2026-08-22 06:37:40",1120.8,2,raoulbiagioni
3501,16625241,"Mutoy Choi","2026-09-01 07:42:20",1120.7,2,mutoy1
3502,16623368,"Evgeniy Veselkov","2026-08-18 05:26:04",1120.7,2,evgeniyveselkov
3503,16721070,LiuChen1350,"2026-08-26 05:30:30",1120.2,2,liuchen1350
3504,16623152,"agentic warriors","2026-08-21 08:59:44",1119.4,2,"ibadia,isabellawoo01"
3505,16790548,"Francesco Del Sesto","2026-08-31 10:47:27",1119.2,2,francescodelsesto
3506,16738278,yansf677,"2026-09-01 12:24:29",1117.9,2,yansf677
3507,16662051,"Salem Ali","2026-08-26 07:57:33",1117.4,2,salemali7
3508,16713743,oliver,"2026-09-10 18:03:43",1117.4,2,ollibolli
3509,16663240,"Rilen T. L.","2026-08-18 13:45:46",1117.2,2,"jairosilvabastos,rilentl"
3510,16770884,VegetabledogNeo,"2026-08-31 01:23:25",1117.1,2,vegetabledogneo
3511,16750457,"Adrian Ricardo da Silva","2026-08-25 11:21:43",1116.8,2,adrianricardodasilva
3512,16729273,"Munib Ur Rehman Memon","2026-08-24 20:48:08",1116.8,2,muniburrehmanmemon
3513,16759652,Fnoa,"2026-08-23 12:26:39",1116.2,2,trasibulo
3514,16701868,AJ,"2026-09-09 20:53:34",1116.0,2,abduljabbarcalica
3515,16732685,Tanmay,"2026-08-23 18:16:07",1115.1,2,blankkz
3516,16621163,john,"2026-08-16 14:06:25",1115.1,2,jaejohn
3517,16720720,道海孤舟,"2026-08-21 06:59:41",1115.0,2,unseenanch
3518,16821420,Sight,"2026-09-16 22:51:27",1114.9,2,"cai12341234,jingwenxu85"
3519,16736685,kentaro_kato,"2026-09-12 13:34:11",1114.9,2,kentarokato
3520,16725342,little_d1d1,"2026-08-16 04:24:39",1114.8,2,littled1d1
3521,16764422,"ong bee","2026-09-09 02:25:57",1114.3,2,ongbee
3522,16658931,"somewhere after","2026-08-19 08:16:29",1114.2,2,amaterasuuuuu
3523,16693934,evnchn,"2026-08-23 15:41:50",1113.8,2,evnchn
3524,16638375,"Tran H Hoang","2026-08-14 17:01:27",1113.2,2,tranhhoang
3525,16634172,"Mario Cicala","2026-09-05 03:06:37",1112.8,2,mariocicala
3526,16689697,Kmart0112,"2026-09-15 13:52:01",1112.7,2,kmart0112
3527,16760295,"Luke Hurt","2026-08-24 01:03:42",1112.6,2,lukehurt
3528,16701897,"Alejandro Lavandeira Casais","2026-08-14 12:56:12",1112.2,2,alejandrolavandeira
3529,16670791,Hugelidus,"2026-08-25 03:43:18",1112.2,2,hugelidus
3530,16765953,"Muhammad Ahmed","2026-08-26 13:46:48",1112.0,2,muhammad4hmed
3531,16687068,digiliwigili,"2026-08-22 12:49:07",1112.0,2,kukchyievervin
3532,16678172,"Eishkaran Singh","2026-08-19 19:12:02",1111.8,2,eishkaran
3533,16664128,"Michael Todd Overdorf","2026-08-17 00:32:51",1111.7,2,michaeltoddoverdorf
3534,16643125,"CARLOS CAADA ROSTRO","2026-08-21 19:23:34",1111.5,2,carloscaadarostro
3535,16674684,next-best-agent,"2026-08-17 15:28:53",1111.5,2,"minhduy13ly,tdtu981"
3536,16724351,"Luxshan Thavarasa","2026-08-24 09:58:38",1110.9,2,luxluxshan
3537,16661509,JSON_Voorhees,"2026-09-03 00:14:35",1110.6,2,michaelgreenhut
3538,16716991,XristosFilip,"2026-08-18 16:43:34",1110.6,2,xristosfilip
3539,16660268,"Sébastien Mametz (Pixs)","2026-08-14 09:08:39",1110.4,2,sbastienmametzpixs
3540,16728901,dqvide,"2026-08-17 19:53:39",1110.1,2,dqvide
3541,16698223,"Feng Jiahui","2026-08-18 08:35:04",1110.1,2,junipersky
3542,16623470,rurumi,"2026-09-02 05:21:15",1110.0,2,rurururumi
3543,16682471,Soumya2003,"2026-08-25 17:58:29",1109.9,2,soumya2003uyvv755
3544,16655195,Pirhosseinlou,"2026-08-24 18:17:43",1109.5,2,pirhosseinlou
3545,16690612,"Mina Gayid","2026-08-16 12:59:16",1109.5,2,minagayid
3546,16667324,"Muhammed selim Bilic","2026-08-26 17:02:17",1109.4,2,muhammedselimbilic
3547,16660233,ko9ma,"2026-09-08 08:42:33",1109.2,2,kohojung
3548,16656399,CROW,"2026-08-14 04:59:30",1108.9,2,"aaayangxh,hanifnoerrofiq"
3549,16722120,nekoha,"2026-08-15 15:01:16",1108.0,2,nekoha
3550,16721383,"Emon xu","2026-08-21 16:14:05",1107.9,2,emon0xuyym
3551,16739363,kulukkuluu,"2026-09-16 18:56:17",1105.9,2,kulukkuluu
3552,16668700,"Pranshu Ghori","2026-08-17 22:02:35",1105.9,2,pranshughori
3553,16733576,"Ojas Aklecha","2026-08-17 18:34:02",1105.0,2,ojasaklecha
3554,16708185,XiaoYan12,"2026-09-13 17:57:28",1104.9,2,xiaoyan12
3555,16719414,SahilKumarTolani,"2026-09-10 16:16:07",1104.5,2,sahilkumartolani
3556,16724060,"Mạnh Linh Hoàng","2026-08-15 15:54:52",1104.2,2,manhlinh1501
3557,16655501,Savko,"2026-08-21 00:33:21",1104.1,2,savchenko
3558,16639250,"Hamed Seyed-allaei","2026-08-21 19:11:09",1103.6,2,pinocchio
3559,16692639,"Bharat Kumar0925","2026-09-04 19:52:25",1103.4,2,bharatkumar0925
3560,16726071,"PDF ULTRA","2026-08-20 19:36:33",1102.1,2,"alengevorgyan,gab0yan"
3561,16723941,teraSurfer40141,"2026-08-16 01:16:49",1101.9,2,r00tt00r
3562,16737561,"Raj Aryan Singh","2026-08-18 11:50:54",1101.8,2,kratos14raj
3563,16656931,pns,"2026-08-15 09:45:46",1101.4,2,"nikhilkasyap07,premsivasai,saranboddu"
3564,16654548,DataSluts,"2026-08-28 07:00:12",1101.4,2,"rahulmedida,siddarthnayak50,sivasu07"
3565,16698576,monnu,"2026-08-19 05:55:01",1101.0,1,fuumin621
3566,16726064,"sana slama","2026-08-15 17:01:13",1100.8,1,sanaslamamm
3567,16670118,"Álvaro Benítez","2026-08-29 15:46:04",1100.8,2,lvarobentezlvarez
3568,16672003,carlscamt,"2026-08-14 17:19:42",1100.5,2,carlscamt
3569,16698930,MrKiwi,"2026-08-19 09:34:31",1100.5,2,mrkiwi
3570,16841647,patitod,"2026-09-06 01:22:09",1100.5,2,anasofaescobar
3571,16842194,threnox,"2026-09-16 15:41:48",1100.5,2,threnox
3572,16705907,Adrià,"2026-09-11 10:14:39",1100.4,2,adriamb3
3573,16734492,Orynx,"2026-08-19 08:01:33",1100.4,2,"inderj1,jayveersingh6"
3574,16710128,"KeHao Liu","2026-08-14 01:52:29",1100.4,2,kehaoliu
3575,16659763,clarkzhang1031,"2026-08-13 12:27:10",1099.8,2,"clarkzhang1031,huafeihuang"
3576,16731432,sieradni,"2026-09-01 06:12:00",1099.7,2,sieradni
3577,16623445,"Hasin Raihan Dhrubo","2026-08-16 09:28:12",1099.7,1,hasinraihandhrubo
3578,16725346,sokoranohimazin,"2026-08-18 19:39:07",1099.5,2,sokoranohimazin
3579,16665336,"maoyuan ma","2026-08-18 11:41:09",1099.4,2,maoyuanma
3580,16709529,alhlbx5,"2026-09-03 22:48:54",1099.2,2,alhlbx5
3581,16678872,ibrahim,"2026-08-17 19:30:32",1099.1,2,skyfish77
3582,16678346,"Farhan Abid","2026-08-16 08:41:15",1099.0,2,farhanabidtech786
3583,16710141,htatsumi,"2026-08-15 01:07:11",1098.7,1,tatsumihasebe
3584,16729372,"Gaspard Plt","2026-08-17 21:58:55",1098.5,2,gaspardplt
3585,16707561,"Nick Rom111","2026-09-16 23:56:48",1098.5,2,nickrom111
3586,16636094,Hax2456,"2026-08-15 10:05:01",1098.5,2,hax2456
3587,16635317,"KAKA Minishijie","2026-08-26 04:36:55",1098.4,2,kakaminishijie
3588,16632262,Milkomeda,"2026-08-19 13:45:02",1098.1,2,milkomeda74583
3589,16756557,"Marius Heuser","2026-08-24 21:41:31",1097.9,2,mariusheuser
3590,16634166,Yuki.O,"2026-08-19 01:38:42",1097.8,2,yukiohkawa
3591,16708624,"Aboubacar HEMA","2026-08-19 14:24:02",1097.3,2,"aboubacarhema,marcmare,wilfredkouadjo"
3592,16719262,sadjeen00,"2026-08-14 02:15:50",1097.1,1,sadjeen00
3593,16674683,"Ali Esam","2026-09-11 17:00:03",1096.6,2,zyxsu0
3594,16622242,"Robert Koval","2026-08-15 07:02:17",1096.5,2,robertkoval
3595,16759625,gkg223,"2026-09-03 19:17:02",1096.0,2,gkg223
3596,16716698,gisgisgis,"2026-08-15 05:35:47",1096.0,2,gisgisgis
3597,16672530,GUGUGAGA,"2026-08-14 04:33:54",1095.3,2,"ruiyangzhang23,taoguo079"
3598,16659123,sd,"2026-08-18 17:46:56",1095.2,2,siddharthadevkota
3599,16720088,"Oiti Roy","2026-08-14 06:26:04",1095.2,1,oitiroy
3600,16771780,Trichoderma,"2026-09-06 04:58:38",1094.9,2,brunoescalhao
3601,16694091,"Nan Leng","2026-08-23 07:41:41",1094.6,2,nleng66ca
3602,16739298,"ricardo assaad","2026-08-18 19:03:22",1094.1,2,ricardoassaad
3603,16708226,asi1024,"2026-08-16 13:14:53",1094.1,2,asi1024
3604,16697458,"Lissandra Kruse Fuganti","2026-09-01 15:19:00",1094.1,2,lissandrakruse
3605,16699745,"Norbert Szolnoki","2026-08-18 11:39:55",1093.7,2,norbertszolnoki
3606,16744355,"Sameera T","2026-08-22 10:13:47",1093.7,2,sameeramaq
3607,16726660,"Prime Leo","2026-08-23 14:21:53",1093.6,2,primeleo
3608,16691976,"Harini Panigrahi","2026-08-14 16:57:32",1093.5,1,harinipanigrahi
3609,16863329,"Alvaro Mendizabal","2026-09-16 22:28:08",1093.2,2,alvaromendizabal
3610,16659614,"Heikki Leskelä","2026-08-22 16:35:42",1092.8,2,heikkileskela
3611,16727842,"Iadh Jarray","2026-08-17 13:45:11",1092.4,2,iadhjarray
3612,16658150,Gravity-x73d,"2026-08-17 09:16:29",1092.2,2,gravityx73d
3613,16703300,"Fahd EL ANSARI","2026-08-15 23:47:17",1091.9,2,fahdelansari
3614,16724947,teacherli0,"2026-08-16 03:09:09",1091.7,2,teacherli0
3615,16666057,StopPlantingStartGameTheorying,"2026-09-08 07:53:27",1091.7,2,mymelodyenjoyer
3616,16722986,"Abhiram 9803","2026-08-15 18:43:09",1091.1,2,abhiram9803
3617,16713155,AdarshAleti,"2026-08-18 05:39:57",1090.9,2,adarsh1077
3618,16632201,neurlog,"2026-09-16 14:08:00",1090.9,2,neurlog
3619,16679560,LEET,"2026-08-15 00:45:52",1090.6,2,soufianelasfar
3620,16682557,"Soumalya Mandal","2026-08-14 14:57:29",1090.4,2,mrcyberhunter
3621,16653890,YUKRUB,"2026-09-11 08:55:14",1090.3,2,yukrub
3622,16727090,"Deep Blue Pasture","2026-08-17 02:28:34",1090.2,2,shamanah
3623,16671694,evananann,"2026-08-19 07:46:36",1090.1,2,evananann
3624,16691987,0xalgos,"2026-08-17 09:35:28",1090.0,2,anandvashishtha5362
3625,16712459,松原琉喜,"2026-08-14 14:54:47",1089.7,2,ryuki12kyo
3626,16631595,CuteClaw,"2026-08-14 01:25:52",1089.4,2,bloodmoonwq
3627,16724262,"Obu obu","2026-08-15 10:48:05",1089.1,2,obuobu
3628,16663818,"Mike Mordetsky","2026-08-18 11:49:58",1089.0,2,mikemordetsky
3629,16639732,"Junbeom Lee23","2026-08-15 02:45:23",1089.0,2,junbeomlee23
3630,16663590,"Jakub Dolének","2026-08-13 13:08:32",1087.0,2,dolenek
3631,16683813,WangQrkkk,"2026-08-17 06:54:07",1087.0,2,wangqrkkk
3632,16698884,VVVoyager,"2026-08-14 03:55:10",1086.3,2,"haoxuanshan,hengnui"
3633,16694710,ponsuk,"2026-08-17 19:01:09",1086.3,2,ponsuk
3634,16644877,lu_fish,"2026-08-16 14:13:53",1086.2,2,thefish114514
3635,16743790,"yuji y","2026-08-28 10:53:06",1086.0,2,yujiyyy
3636,16694138,Alex,"2026-09-01 18:56:13",1085.7,2,alex789
3637,16655368,"Mohammed Maqsood L","2026-08-19 10:40:17",1085.6,2,mohammedmaqsoodl
3638,16721947,groots,"2026-08-16 06:32:40",1085.5,2,muhammadismail433
3639,16748421,lulzx,"2026-08-20 17:52:11",1085.1,2,lulzxy
3640,16697936,"Sami Cakiral","2026-08-15 19:43:40",1085.1,2,samicakiral
3641,16671424,cicen1139,"2026-08-22 09:37:51",1084.0,2,cicen1139
3642,16661784,"XU XUXIANG","2026-08-27 12:57:06",1083.9,2,"mikeaaaa14,xuxuxiang"
3643,16744043,Take,"2026-08-23 14:17:27",1083.7,2,takeuchidaisuke2001
3644,16715628,Dian,"2026-08-17 01:57:33",1083.6,2,clas233
3645,16750344,Vaasu0501,"2026-08-28 16:49:39",1083.3,2,vaasu0501
3646,16718572,MLarpers,"2026-08-22 14:06:48",1083.1,2,"koteikachannel,mrhornetik"
3647,16667787,"Daryl Brach","2026-08-17 09:41:51",1082.9,2,dbrach
3648,16651623,"Sarvesh Talele","2026-08-28 05:18:58",1082.3,2,sarveshtalele
3649,16735075,"Ronchen Luo","2026-08-18 04:29:47",1082.1,2,ronchenluo
3650,16667734,SuroRitch,"2026-08-15 16:23:52",1081.9,2,suroritch
3651,16621219,"Inna Campo","2026-08-15 09:08:23",1081.5,2,innacampo
3652,16727379,"Nicholas Chua","2026-08-20 16:28:44",1081.4,2,nickckb
3653,16841344,"Abdoul Ahad Diop","2026-09-10 20:22:54",1081.4,2,abdoulahaddiop
3654,16713127,Felis,"2026-08-25 20:07:16",1081.3,2,ilyaafanasenko
3655,16705499,byncpy,"2026-08-17 17:18:47",1081.2,1,jinliangbi
3656,16719100,"Abhiraj Singh","2026-08-14 12:02:33",1080.7,2,cyberdrago
3657,16890232,"Yihan Guo #2","2026-09-15 13:23:15",1079.5,2,kagglebushswill
3658,16677945,"Quân Trần","2026-08-25 06:43:39",1079.4,2,wuntrn
3659,16651088,ych~sun,"2026-09-11 13:06:05",1079.2,2,ychsun
3660,16724795,yangqi1234,"2026-08-23 08:26:23",1079.1,2,yangqi1234
3661,16656519,"Chris Laska","2026-08-25 19:45:39",1078.7,2,chrislaska
3662,16696607,"Manish modak","2026-08-16 07:37:54",1078.4,2,manishmodak
3663,16709339,"Mohammad Javad Dianat","2026-09-08 12:14:33",1078.2,2,dianatofficial
3664,16656584,Spintronic,"2026-08-19 15:24:17",1077.7,2,spintronic
3665,16623370,kenmatsu4,"2026-08-14 09:03:08",1077.5,2,kenmatsu4
3666,16715024,"Ömer Özbek","2026-08-22 13:50:34",1077.5,2,omerozb
3667,16842806,"Yan Tao Tang","2026-09-07 10:41:41",1077.5,2,yantaotang
3668,16651402,"Mille Initiate","2026-08-31 04:04:11",1077.5,2,milleinitiate
3669,16690113,m0chi1216,"2026-08-16 15:07:24",1077.3,2,m0chi1216
3670,16683865,Shin7jp,"2026-08-14 09:51:13",1076.9,2,shin7jp
3671,16722303,JohannPongratz,"2026-09-10 08:07:38",1076.6,2,johannpongratz
3672,16634238,SoWwe,"2026-08-29 18:17:46",1076.1,2,sowwe4
3673,16702691,"Zengyi Mei","2026-08-28 17:01:51",1076.0,2,sfkmzy
3674,16724109,"small fry in the underworld","2026-09-11 05:51:16",1075.9,2,wwwwhitley
3675,16634143,"manual player","2026-08-14 00:41:13",1075.9,2,prospal
3676,16680967,Tyooughtul,"2026-08-16 00:58:06",1075.3,2,yooughtul
3677,16664860,ANUJPUROHIT18,"2026-09-01 05:03:07",1074.9,2,anujpurohit05
3678,16707598,Kamazarashi,"2026-08-18 05:40:15",1074.8,2,kamazarashi
3679,16698214,Juandix,"2026-08-18 03:35:51",1074.5,2,juandix
3680,16657803,"Arya Mazloomi","2026-08-14 00:17:11",1074.5,2,aryamazloomi
3681,16713178,Funno,"2026-08-19 17:32:54",1074.4,2,yes711
3682,16695093,"Ryota Murai","2026-08-27 15:28:04",1074.2,2,rmuraix
3683,16695615,Celinao,"2026-08-14 08:02:47",1074.2,2,celinao
3684,16748246,"Eric S","2026-08-26 12:50:54",1073.7,2,ericsangberg
3685,16856021,PSI,"2026-09-08 19:26:40",1073.5,1,vinayak121
3686,16622367,mg,"2026-08-23 17:49:21",1073.0,2,"egorkashpar,sashaboriskin,smooky"
3687,16876853,PUN,"2026-09-16 18:51:19",1072.9,2,pshikk
3688,16668069,jackhsia,"2026-08-23 15:56:13",1072.7,2,jackhsia
3689,16821267,1417,"2026-09-11 13:14:32",1072.5,2,"dongyuhao,liuyihang026,yejialin"
3690,16691830,"Nikita Lugovoy","2026-08-15 03:39:17",1071.8,2,nikital7
3691,16644145,"Mehdi Azouz","2026-09-07 11:22:07",1071.6,2,mehdiazouz
3692,16685850,K,"2026-08-14 06:37:41",1071.5,2,kolci017
3693,16781170,"Ulugbek Salohiddinov","2026-08-28 02:38:15",1071.3,2,ulugbeksalohiddinov
3694,16718947,"Dani Ortega","2026-08-25 07:07:35",1070.6,2,daniortega99
3695,16722330,"Jean-Louis Roy","2026-08-31 07:44:08",1070.3,2,jeanjean111
3696,16770648,"Yoshitaka Nozaki","2026-08-26 00:38:06",1070.2,1,yoshitakanozaki
3697,16672199,Vachan,"2026-08-20 07:33:48",1069.6,2,vachanpadival
3698,16695691,neural-canvas,"2026-08-12 20:46:37",1069.5,2,mrsanap
3699,16697689,"Pavel Pakhmutov","2026-08-12 23:11:23",1069.3,2,pavelpakhmutov
3700,16665125,"David Schindler15","2026-08-14 04:58:39",1069.1,2,"davidschindler15,mz3207"
3701,16702547,Dean0016,"2026-08-13 17:56:10",1068.7,2,dean0016
3702,16729488,"Bala vighnesh Reddy","2026-09-08 07:38:03",1068.2,2,balavighneshreddy
3703,16695695,"Siva Kumar","2026-09-16 15:19:02",1067.3,2,sivapnlr80
3704,16719238,"Rômulo Siqueira","2026-08-20 00:15:16",1067.2,2,romulosiqueira
3705,16728723,"Ronith Rashmikara","2026-08-18 03:28:52",1067.1,2,ronithrr
3706,16649313,"Jiajun HAN","2026-08-14 07:13:57",1066.9,2,jiajun1
3707,16802892,YUYA,"2026-09-06 08:34:05",1066.7,2,yuyaizumikawa
3708,16691524,"Martim Nascimento","2026-09-05 15:54:47",1066.4,2,martimnascimento
3709,16719002,eus,"2026-09-14 15:53:57",1065.8,2,eusdotdev
3710,16763978,"Swayam Gode","2026-09-07 16:15:33",1065.6,2,swayamgode2
3711,16714902,HunterBlue,"2026-08-13 18:54:47",1065.0,2,marianacodebase
3712,16749347,Shibungi,"2026-09-01 06:52:21",1064.7,2,shibungi
3713,16783537,JustinybGao,"2026-09-10 00:22:50",1064.7,2,justinybgao
3714,16727019,uitsnf,"2026-08-23 15:45:22",1064.6,2,uitsnf
3715,16749618,Fon1as,"2026-08-21 09:36:42",1064.0,2,fon1as
3716,16675088,"Andrei Chulkov","2026-08-15 19:43:12",1063.6,2,andreichulkov
3717,16756415,"Mihai Balan","2026-08-31 06:39:25",1063.6,2,mihaibalan
3718,16771677,"hedy huangyuheng","2026-08-27 02:13:28",1063.6,2,hedyhuangyuheng
3719,16770785,Brahim,"2026-09-08 09:20:24",1063.3,2,brahimdriss
3720,16729421,Oblivix,"2026-09-02 04:16:25",1063.0,2,"aradhyatiwariii,oblivix"
3721,16729828,spunkrock,"2026-08-16 20:08:06",1062.7,1,spunkrock
3722,16719006,bouiboui,"2026-08-20 18:55:02",1062.3,2,bouiboui
3723,16691702,kss,"2026-08-13 19:30:20",1061.8,2,l0glikelihood
3724,16634691,bot-farmer,"2026-08-19 06:16:19",1061.6,2,shauryam25
3725,16657610,"H Bharath","2026-08-31 18:54:57",1061.5,2,hbharath
3726,16735238,DHKim0324,"2026-08-25 08:49:34",1060.9,2,dhkim0324
3727,16672243,"Fazil Putra","2026-08-14 01:24:17",1060.7,2,fazilputra
3728,16672653,Cultuurstelsel,"2026-08-13 16:59:47",1060.6,2,ryuorlandotamin
3729,16892791,trinitynusca31,"2026-09-16 20:31:18",1060.5,1,trinitynusca31
3730,16745294,"Ahmed Ehab Fathi","2026-09-05 01:27:13",1060.1,2,ahmedehabfathi
3731,16696631,"saya akan lawan!","2026-08-21 18:42:23",1059.9,2,nurhadibudhy
3732,16840694,"cory cozy","2026-09-06 11:48:38",1059.4,2,corycozy
3733,16759813,tyf_scu,"2026-08-23 17:11:18",1059.3,2,tyfscu
3734,16623226,"Hafida Belayd","2026-09-05 17:12:33",1059.3,2,hafidabelayd
3735,16670755,"Amine zeDDouk","2026-08-18 09:37:41",1058.7,2,aminezeddouk
3736,16725354,"Swaroop piduguralla","2026-08-19 14:23:28",1058.5,2,pnsaimanitejaswaroop
3737,16664164,"Elzandi Irfan Zikra","2026-08-15 15:53:21",1057.7,2,"dyahayuretnoningsih2,zangetsufuin"
3738,16725642,"Arav Sharma","2026-08-17 03:51:14",1057.7,2,aravsharma26
3739,16710094,winwinwin,"2026-09-03 13:22:51",1055.9,2,"ouyangruize,teecemackenieo"
3740,16666884,"Antonio Stanciu","2026-08-15 14:33:52",1055.9,2,stanciuantonio
3741,16630315,janson,"2026-08-19 10:54:37",1055.2,2,johnjanson
3742,16655335,Justus,"2026-08-19 14:18:38",1055.2,2,justus0
3743,16717792,han10086,"2026-08-13 15:05:21",1054.9,2,han10086
3744,16732428,"Darren Amadeus Martin","2026-08-19 00:48:02",1054.8,2,darrenamadeusmartin
3745,16710587,durgasai,"2026-09-01 13:14:36",1054.5,2,dsainvg
3746,16679688,"Sathwik Chinthakayala","2026-09-15 13:53:57",1053.7,2,sathwikchinthakayala
3747,16750477,"Tapabrata Biswas","2026-08-25 13:11:13",1053.0,2,"dumbakaash,ishanhira"
3748,16634650,UnfriendlyAI,"2026-08-24 11:44:47",1052.8,2,unfriendlyai
3749,16624896,"Akmal Azzam o'g'li","2026-08-18 06:03:51",1052.6,1,akmalmir
3750,16628295,qwertykeypadapple,"2026-08-13 19:05:04",1052.4,2,qwertykeypadapple
3751,16622939,"Kamal Das","2026-08-27 12:47:13",1052.3,2,kmldas
3752,16679443,albu,"2026-08-15 19:22:12",1052.2,2,albuslaev
3753,16830837,"Damilare Olayemi","2026-09-08 08:35:23",1051.6,2,damilareolayemi
3754,16687596,AjPrem,"2026-09-14 02:49:09",1050.9,2,"ajprem,jefferysingh,neelcasula"
3755,16680931,"Rattan Singh","2026-08-16 04:23:37",1050.0,2,rattans
3756,16803651,gyujinst,"2026-09-05 01:44:38",1049.9,2,gyujinst
3757,16697223,"Azizii Gill","2026-09-09 21:27:12",1049.8,2,aziziigill
3758,16726232,"sayed rafi","2026-08-18 21:13:00",1048.9,2,sayedrafi
3759,16740320,NguyenAn27,"2026-08-20 00:46:32",1048.5,2,nguyenan27
3760,16701969,旧楚狂人,"2026-08-15 14:20:59",1048.2,2,jiuchukuangren
3761,16658081,ando,"2026-08-20 01:52:23",1047.8,2,andoshunsuke
3762,16688368,"Lam Vo","2026-08-15 16:39:23",1047.7,2,nhatlam
3763,16665596,chunhu666,"2026-08-30 07:05:40",1047.0,2,chunhu666
3764,16710421,SZ_00_zyz,"2026-08-20 02:54:53",1046.8,2,sz00zyz
3765,16640368,"Nkosi Ndwandwe","2026-09-06 05:03:26",1046.5,2,nkosindwandwe
3766,16727745,auouer,"2026-08-16 08:20:31",1046.2,2,"auouer,guriken,hkamna,insightfulthinking"
3767,16662041,"Sarah Ng","2026-09-15 09:01:35",1045.0,2,thunguyen1510
3768,16785505,"Rishiraj Acharya","2026-09-08 04:26:42",1044.9,2,rishirajacharya
3769,16669897,"Tahsan Ferdous","2026-08-14 19:30:09",1044.6,2,tahsanferdous
3770,16692851,ichnixhelle,"2026-08-12 22:20:24",1044.5,2,ichnixhelle
3771,16722902,"Grigorii IU","2026-08-22 01:54:09",1044.3,2,grigorii220
3772,16655179,"I Need an Internship","2026-08-15 02:39:23",1044.0,2,dimasibnumuthi
3773,16664759,OrGanAIc,"2026-08-14 22:58:18",1044.0,2,arghyaranjandas
3774,16714980,Chenaters,"2026-08-16 08:41:10",1043.9,2,chenaters
3775,16632788,"Bright O.H.","2026-08-23 03:45:36",1043.9,2,brightoh
3776,16770952,"Satyajeet Kumar","2026-08-25 20:42:40",1043.8,2,m4rcuseryx
3777,16654381,"Dmitry Belan","2026-08-30 17:16:29",1043.6,2,dimong4
3778,16689447,"Ivan Berrutto","2026-08-13 04:14:38",1042.8,2,ivanberrutto
3779,16793535,Pink,"2026-09-15 08:44:32",1042.5,2,farjanaafrinswarna
3780,16649108,"Steve AVOMO","2026-08-17 03:12:41",1042.3,2,aurelsteve77
3781,16766905,Antigone_duckduck,"2026-08-24 16:38:37",1042.2,2,antigonexzh
3782,16674479,"Alan Rosston","2026-08-14 08:20:49",1041.4,2,alanrosston
3783,16663694,"Dimitri ZABRE","2026-08-12 21:00:12",1041.2,2,dimitrizabre
3784,16732754,ikeuchy,"2026-08-29 04:10:41",1041.0,2,ikeuchy
3785,16666018,"H vv sathwik","2026-08-26 06:49:10",1040.9,2,hvvsathwik
3786,16704589,"Lobato MBA IA Big Data","2026-09-16 00:02:11",1040.8,2,lobatombaiabigdata
3787,16718937,62326368,"2026-09-11 22:58:43",1040.8,2,mooniim
3788,16721259,Qsj,"2026-08-28 09:20:10",1040.6,2,qiaoshiji
3789,16740700,"Vyas Senthilkumar","2026-08-19 04:26:42",1040.1,2,vyassenthilkumar
3790,16770282,colt,"2026-08-25 09:55:29",1040.0,1,xiaomaguo
3791,16712888,Vux,"2026-08-20 14:32:16",1039.7,2,weiyu85
3792,16700737,HechtJP,"2026-08-13 11:12:06",1039.5,2,hechtjp
3793,16775386,kaggler,"2026-08-31 09:29:41",1039.3,1,deepkim
3794,16692548,"Rockstar Farmer","2026-08-19 05:15:37",1039.2,2,yuhaili
3795,16665919,"Labmem Tang","2026-08-31 03:06:37",1038.8,2,labmemtang
3796,16775412,"moo moo","2026-09-08 15:54:28",1038.7,2,"amrof122,yassinamr11"
3797,16638823,YDDDDDD999,"2026-09-06 18:22:40",1038.3,2,ydddddd999
3798,16641288,nakagawaren0805,"2026-09-12 10:35:10",1038.1,2,nakagawaren0805
3799,16663284,"Aman Prakash","2026-08-12 20:58:28",1038.0,2,amanprakash777
3800,16698256,Mint,"2026-08-17 18:39:08",1037.6,2,rorandangerous
3801,16728272,"Daris Dzakwan Hoesien","2026-08-16 10:48:22",1037.4,1,darisdzakwanhoesien2
3802,16779007,"Teoh jia sheng","2026-09-16 14:45:22",1037.2,2,"nathanael19,teohjiasheng"
3803,16713771,bndang,"2026-09-16 21:27:11",1037.2,2,bndang
3804,16655688,"Ryan Shan","2026-08-13 02:43:38",1036.7,2,codegold
3805,16629292,"Syed Saad Hasan Emad","2026-08-17 06:14:38",1036.7,1,syedsaadhasanemad
3806,16807038,mitsuki,"2026-09-12 01:22:28",1036.6,2,mk00000
3807,16768022,"Miles Oberting","2026-08-31 23:48:39",1036.5,2,milesoberting
3808,16632444,"Issac “Izreal” Davis","2026-08-13 20:42:03",1036.3,2,issacizrealdavis
3809,16738825,RishabhSpark,"2026-08-28 05:11:27",1036.1,2,rishabhspark
3810,16732462,"Aji Samudra","2026-08-24 09:05:21",1036.0,2,ajisamudra
3811,16765065,"Rohith T R","2026-08-26 13:28:38",1035.6,2,rohithtrgod
3812,16766982,"Sir Dona ","2026-08-25 15:54:46",1035.1,2,sirdona
3813,16726115,helloworld311,"2026-08-17 05:52:20",1034.9,2,helloworld311
3814,16786603,"Shutong Hou","2026-09-16 12:03:54",1034.4,2,praxel123
3815,16696983,"JKM Ventures","2026-08-17 22:58:03",1034.4,2,jeffreydrew
3816,16664334,"Satishvaran Ragu","2026-08-28 03:07:19",1034.0,2,satishvaranragu
3817,16725242,chinchilla,"2026-08-19 10:53:07",1033.7,2,tgwstr
3818,16663992,小陈同学,"2026-08-18 07:26:54",1033.3,1,czastu
3819,16705176,"Ruslan Raupov","2026-08-20 09:10:24",1033.2,2,ruslanraupoff
3820,16759864,exaucedossou,"2026-08-22 17:56:40",1033.0,2,exaucdossou
3821,16772993,"dirty farmers","2026-08-26 06:33:12",1032.5,2,jamesgui2007
3822,16778206,yuanlao153,"2026-08-28 15:00:04",1032.2,2,yuanlao153
3823,16723132,Bridgeport,"2026-08-21 20:25:32",1031.8,2,bridgeport
3824,16659314,Sandeep063,"2026-08-25 12:44:22",1031.5,2,sandeep063
3825,16894541,"Deepak Mahajan","2026-09-16 11:38:32",1031.4,2,xdipzz
3826,16750317,"ELhamdaoui AM","2026-08-30 19:29:43",1031.2,2,elhamdaouiabdelmajid
3827,16698439,"Pournami Prakash","2026-09-12 20:17:14",1031.1,2,pprakas
3828,16639230,Rylan,"2026-08-15 13:15:45",1030.6,2,"liuruihan333,wangxiaodundun"
3829,16663969,"Aarush Kute","2026-08-19 22:06:48",1030.5,2,aarushkute
3830,16688153,"Panchajanya Banerjee (Pancham)","2026-08-16 20:28:27",1030.3,2,delayedkarma
3831,16731751,"Nikita Pudovkin","2026-08-17 09:15:54",1029.9,1,nickpudovkin
3832,16717630,Amer,"2026-08-13 21:23:41",1028.9,2,amerhu
3833,16675831,"Thayaparan Kumarakuru","2026-09-15 09:17:55",1028.6,2,"kavishkasubashana,mrkala,thayaparankumarakuru"
3834,16650372,Greed,"2026-08-12 17:18:47",1028.5,2,greedshen
3835,16663229,kakuteki,"2026-08-28 04:08:43",1028.0,2,kakuteki
3836,16753985,"Narenthira Balaji","2026-08-21 10:54:17",1027.2,1,narenthirabalaji
3837,16761849,viber3221,"2026-08-24 13:38:59",1027.0,2,viber3221
3838,16715187,maker2026,"2026-09-09 00:38:59",1027.0,2,maker2026
3839,16773559,"Abhishek Mahto","2026-08-26 06:40:07",1026.9,1,abhishek3115
3840,16655632,"Dmitry Kozlov","2026-08-28 10:06:54",1026.7,2,dkozlov
3841,16841176,"Bruce Cole","2026-09-09 00:39:28",1026.7,2,brucecole
3842,16656990,"NALLA SUMANG","2026-08-30 03:15:46",1026.4,2,sumangnalla
3843,16770832,"Harish Yadav","2026-08-27 06:18:09",1026.4,2,harishyadav0506
3844,16623020,Muhandro,"2026-08-20 16:29:57",1026.0,2,muhandro
3845,16623791,rakumo,"2026-08-19 23:46:04",1025.7,2,sirakumo
3846,16728460,oh-Artistburger-AHA-TastyMeat!,"2026-08-16 11:54:46",1025.3,1,akikukeo1
3847,16781516,"Hongbin Guokaggle","2026-08-29 04:16:00",1025.0,2,hongbinguokaggle
3848,16691012,"Sanzhar Almasuly","2026-08-29 07:28:34",1024.8,2,sanzharalmasuly
3849,16839110,0x3f,"2026-09-16 12:47:20",1024.7,2,zhangbowen1005
3850,16740103,Adjakou,"2026-08-24 07:31:02",1024.3,2,adjakou
3851,16623749,Tejas,"2026-08-17 09:52:29",1024.2,2,tejuuss
3852,16677832,"Maryam Tahir","2026-08-25 15:07:42",1023.9,2,maryamtahir09
3853,16729227,Marjao,"2026-08-16 16:49:12",1023.8,2,muniburrehman2020
3854,16735102,"Zhiqi Liu","2026-08-31 02:57:12",1023.2,2,crazyqiqi
3855,16698069,k_4821,"2026-09-08 15:11:16",1022.6,2,edgarondoodevilclub
3856,16662615,"Anurag irawit","2026-09-01 14:16:49",1022.5,2,anuragirawit
3857,16655559,"Fajri Yanuar Shiddiq Juanda","2026-08-13 01:40:20",1021.5,2,fajriyanuar
3858,16729874,"Shane Schisler","2026-09-15 20:11:48",1021.2,2,seschis
3859,16748717,mt,"2026-08-20 13:09:12",1021.1,1,mtanakaslgfreak
3860,16729484,"Sankalp Nagineni","2026-08-16 17:35:31",1021.1,2,sankalpnagineni
3861,16765526,"Kotala Kishan Reddy","2026-08-24 08:56:22",1020.8,1,kotalakishanreddy
3862,16768647,vaultguard,"2026-09-14 21:08:32",1020.1,2,vaultguard
3863,16655305,"Junior Sohou","2026-08-14 00:15:42",1020.0,2,juniorsohou
3864,16755278,Kaz,"2026-09-04 15:27:28",1020.0,2,kazuyago
3865,16658803,"Rahul Jiwane","2026-08-21 06:19:57",1020.0,2,rahuljiwane
3866,16714058,"Ahmet Erdem Pamuk","2026-08-12 18:59:18",1019.9,2,ahmeterdempamuk
3867,16709462,"KK #2","2026-08-14 09:06:37",1019.7,2,kk2909
3868,16803602,ihiratch,"2026-09-06 15:57:56",1019.6,2,ihiratch
3869,16743737,"Joanna C.","2026-08-20 23:07:09",1019.4,2,joannaciesielski
3870,16633709,"kitory Yeah やきとり","2026-08-15 22:30:08",1019.4,2,kitoryyeah
3871,16730903,noynkmr,"2026-08-25 05:47:01",1019.2,1,noynkmr
3872,16711910,"Artem Zapara","2026-08-18 16:48:51",1019.2,2,artemzapara
3873,16766840,"Andrey ","2026-08-24 14:27:38",1018.6,1,anti1111
3874,16634654,unknown,"2026-08-13 02:11:22",1018.1,2,abdullahshafi2021
3875,16710661,"Pengyi Peng1","2026-09-03 05:48:27",1017.3,2,pengyipeng1
3876,16633414,"sagar tripathy","2026-08-13 15:57:56",1017.2,2,sagar8trip
3877,16623753,HZM,"2026-09-11 04:34:07",1016.7,2,leehann
3878,16878968,"Dale Zhong","2026-09-16 09:05:12",1015.3,2,dalezhong
3879,16668788,ConnieCodes,"2026-08-17 13:40:25",1015.2,2,conniecodes
3880,16662023,"Vikas Kumar","2026-09-08 17:17:57",1015.1,2,vikshit104
3881,16689389,Chukunder,"2026-09-15 17:24:45",1015.1,2,"farbricated,sarikajivrajika"
3882,16685626,"Livingstone Selassie","2026-08-16 00:26:50",1014.9,2,"hackerx019,livingstoneselassie"
3883,16726870,"Svanik Kolli","2026-08-16 00:11:14",1014.3,1,svanikkolli
3884,16785100,5386,"2026-09-10 11:08:04",1013.4,2,"ismktkaggle,rairai314,satosis"
3885,16743741,Arooran,"2026-08-24 13:37:47",1013.0,2,arooransivakarunai
3886,16699610,"Sneha ","2026-08-17 01:00:34",1012.6,2,kharya3
3887,16774228,"Anggit Maulana Abdi","2026-08-28 14:37:01",1012.4,2,anggitmaulanaabdi
3888,16722619,vlavlalva,"2026-09-04 21:48:26",1012.0,2,cppcph
3889,16693962,"Changyuan Chen","2026-08-17 14:18:21",1011.9,2,changyuanchenmit
3890,16625611,"Karl Smile","2026-08-28 16:42:46",1011.8,2,karlsmile
3891,16769866,"Suzuki Riki","2026-08-25 12:11:09",1011.5,2,suzukiriki
3892,16749251,HawkOsm,"2026-09-03 16:33:13",1011.3,2,hawkosm
3893,16634824,yuki16,"2026-08-27 02:55:04",1011.2,2,yuki16
3894,16747161,wqlun06,"2026-09-07 06:55:24",1011.1,2,wqlun06
3895,16636909,"wking edewd","2026-08-21 11:21:57",1011.0,1,wkingedewd
3896,16640552,"rupsa roy","2026-09-05 06:45:34",1011.0,2,rupsarroy
3897,16622251,"Moroz Roman","2026-08-20 06:22:05",1010.5,2,crissyro
3898,16851557,SunaoCool,"2026-09-11 04:15:13",1010.5,2,yoshikinishita
3899,16700995,"Maram Ali","2026-08-15 09:13:15",1009.9,2,msama01
3900,16772450,"Muneeba Badar","2026-08-25 21:19:13",1009.7,2,muneebabadar
3901,16756399,"old Ryne Mac had a farm","2026-08-21 19:44:11",1008.3,1,rynemac
3902,16661423,"Rishavendra Sharma","2026-08-31 08:38:23",1008.3,2,rishavendrasharma
3903,16709793,"Victor Hotz","2026-08-13 18:48:06",1007.2,2,victorhotz
3904,16809122,"federico battello","2026-09-10 15:05:02",1006.6,2,federicobattello
3905,16667839,Viet-Tien,"2026-08-22 19:46:21",1006.4,2,tiena2cva
3906,16665050,"Praneeth Palugula","2026-08-14 06:28:56",1004.6,2,praneethpalugula
3907,16733547,"Mark Grayson","2026-08-17 18:53:21",1004.2,2,flyingsinclair
3908,16789587,"José Luis","2026-09-08 06:49:13",1003.8,2,joseluissz
3909,16671821,donglee,"2026-08-13 09:13:09",1003.6,1,dongleeovo
3910,16734578,"Pascal Andreas","2026-08-26 17:42:14",1003.4,2,pascalandreas
3911,16764850,"cy zhang","2026-08-27 11:08:45",1003.3,2,zcy20051117
3912,16734450,"Ian Teigen","2026-08-18 00:04:38",1003.3,2,ianteigen
3913,16663352,"Avnish Sharma","2026-08-31 14:42:23",1002.9,2,kewlaz
3914,16651052,lty,"2026-08-18 02:33:01",1002.8,2,linwei9
3915,16701759,xycai,"2026-08-14 17:23:35",1002.7,2,xycaipku
3916,16666853,"Bisola Olasehinde","2026-08-31 13:08:21",1002.6,1,bizzyvinci
3917,16714059,Yentür,"2026-08-12 18:47:44",1002.2,1,meryentr
3918,16653955,"tanmay singhal","2026-08-29 12:00:53",1002.1,2,anexperiencedidiot
3919,16748330,Okan,"2026-08-21 11:15:17",1000.9,2,okanzkaya
3920,16624651,"Zihao Zeng","2026-09-04 12:46:45",1000.8,2,zihaozeng0021
3921,16690020,shantaitichu,"2026-08-17 09:40:30",1000.1,2,shantaitichu
3922,16735125,mtskggle,"2026-08-22 04:50:43",999.4,2,matsusakaggle
3923,16726948,Stitch,"2026-09-16 14:18:56",999.0,2,mitsuaccessjam
3924,16731243,"[Deleted] dab36be1-9992-4710-95f4-39a9f7a2cd3c","2026-08-24 15:13:27",998.6,2,del=fd92954ed0c92f1a
3925,16696561,"Ali Ramazanov","2026-09-09 06:53:42",998.4,2,aliramazanov
3926,16763120,"Shivam Singh #2","2026-08-23 16:56:35",997.5,1,shivamsingh17072001
3927,16697024,"Jiri Prudky","2026-09-06 06:00:57",997.2,2,jiprud
3928,16889392,Prit_44421,"2026-09-14 11:29:09",996.9,2,prit44421
3929,16729650,"Tapiwa Makandigona - Zimbabwe21","2026-08-31 11:36:48",995.8,2,mukanya1994
3930,16744658,Shree85,"2026-09-16 21:16:48",995.3,2,shree85
3931,16657494,Trex,"2026-08-12 14:00:14",995.2,2,trexzone
3932,16811576,Zi,"2026-09-03 01:52:15",994.3,1,kaigaokaigao
3933,16770302,stardxx,"2026-08-26 02:21:35",993.8,2,stardxx
3934,16633580,Vinymo,"2026-08-23 15:32:23",993.0,2,vinymo
3935,16624682,FrederikZ,"2026-09-02 10:17:51",992.8,1,zkirederf
3936,16724533,"Yusei Ito","2026-08-22 19:18:19",992.8,2,yuseiito
3937,16714162,MarvinTMB,"2026-09-13 23:07:41",992.4,2,marvintmb
3938,16773266,newbyy,"2026-08-26 05:21:47",992.3,1,newbyy
3939,16635600,"Divyansh Kumar","2026-09-16 05:35:11",992.2,2,"divyanshkumar3,vivekjeetpatel"
3940,16726512,shash,"2026-08-15 19:41:18",991.5,1,zshashz
3941,16831372,"Hazel caviar","2026-09-05 08:07:40",991.3,2,hazelcaviar
3942,16668049,"Masayoshi Kurihara","2026-08-14 06:20:21",991.2,2,masayoshikurihara
3943,16699722,Dicere,"2026-08-13 08:00:17",991.0,2,thedark735
3944,16697249,"Sudharsana Rajasekaran","2026-08-13 06:25:58",990.9,2,sudhan03
3945,16743136,unhappy,"2026-09-16 14:03:29",990.7,2,chenyahui123
3946,16803913,"SUJIB BARMAN","2026-09-01 16:42:07",990.5,1,cardata
3947,16656807,Yoganjaneyulu,"2026-08-13 09:20:17",990.5,2,yoganjaneyulu
3948,16751267,Guojun1,"2026-08-21 01:57:23",990.0,1,guojun1
3949,16658014,Bharath,"2026-09-15 16:20:04",990.0,2,pes2ug23cs121
3950,16808914,slfmmm,"2026-09-02 11:50:26",989.0,1,slfmmm
3951,16748524,TongY26,"2026-08-21 08:33:16",988.5,2,tongy26
3952,16675780,susutem,"2026-08-21 04:03:32",988.1,2,susutem
3953,16667729,"Daniel Wu","2026-08-15 14:35:27",988.1,2,danielwuu
3954,16627995,"Fire Bird","2026-08-11 20:36:45",987.9,2,xuanleekaggle
3955,16660711,ricardo,"2026-08-15 22:34:26",987.9,2,magania
3956,16660333,"Deanos Crew","2026-08-11 13:10:19",987.7,2,jamescole0101
3957,16745092,zakihiro,"2026-08-21 07:59:39",987.5,2,zakihiro
3958,16697675,"Isaac Grossman","2026-08-30 23:21:35",987.5,2,kingisaac
3959,16703099,GansPiro,"2026-08-13 18:34:26",987.4,2,ganspiro
3960,16665838,wenbodai,"2026-09-01 12:41:51",987.1,2,wenbodai
3961,16691714,"Wesley Juraschek","2026-08-19 06:07:37",986.2,2,wesleyjuraschek1
3962,16878026,yamazaking,"2026-09-12 14:00:29",985.8,2,zacky21
3963,16763383,"Alexandru Sitaru","2026-08-25 07:05:06",985.7,2,sitaru
3964,16667052,"Dandan Li","2026-08-15 18:07:17",985.0,2,clcll532x
3965,16664217,Shushantw,"2026-09-09 03:07:56",985.0,2,shushantw
3966,16635973,"Code by Nadiia","2026-08-31 13:09:44",984.7,2,codebynadiia
3967,16738467,EnriFermi,"2026-08-26 23:51:18",984.5,2,enrifermi
3968,16656948,"alexander kern","2026-08-24 18:02:17",984.2,2,alexanderkern
3969,16695964,"JiMing Feng","2026-08-17 10:56:45",984.2,2,jimingfeng
3970,16857894,"Ludwig Agurto Contador","2026-09-12 22:35:55",983.8,2,ludwigagurtocontador
3971,16624824,GoofyGenius,"2026-09-09 16:05:59",982.7,2,goofygenius
3972,16681749,"rohith vinice","2026-08-11 23:55:16",982.6,2,rohithvinice
3973,16709744,"Emre Bayram","2026-08-14 09:04:57",982.1,2,emrebayram
3974,16693058,"Yuvraj singh","2026-08-13 14:03:24",982.1,2,yuvrajsingh789
3975,16696887,kt-Kitayama,"2026-09-01 13:23:49",980.9,2,ktkitayama
3976,16674649,寿!,"2026-08-12 06:45:37",980.8,1,taka3776toshi
3977,16802535,"To be happy","2026-09-01 11:08:41",980.8,1,yaokaixinya123
3978,16663241,"Kris Adamatzky","2026-08-13 09:49:19",980.1,2,krisadamatzky
3979,16656731,"Muhammad Ali","2026-08-14 06:47:06",979.9,2,sardaralimaqsood
3980,16860288,"VIKASH YADAV","2026-09-14 12:39:46",977.5,2,vikashyadav05
3981,16657857,hust_xll,"2026-08-12 05:38:12",975.9,2,hustxll
3982,16663313,onlysmrtsumx,"2026-08-12 01:29:30",975.8,2,onlysmrtsumx
3983,16761728,"Vybhav Nath C A","2026-08-30 12:19:48",975.7,2,shadowfax2000
3984,16632146,Haker_Sam,"2026-08-27 10:45:31",975.4,1,hakersam
3985,16712577,"nattapon nakakong","2026-09-04 07:57:35",975.2,2,nattaponnakakhong
3986,16670433,"Mohammad Osamah Atif","2026-08-19 08:46:32",974.3,2,osamatif
3987,16672448,"Crisis Liu","2026-09-16 16:55:48",974.2,2,crisisliu
3988,16692090,sans,"2026-08-12 03:14:55",974.1,2,sans6262q
3989,16673110,"Sri Jayavel K","2026-08-20 08:18:31",971.6,2,srijayavelk
3990,16665702,"Aman Gupta","2026-09-08 16:26:19",971.4,2,amangupta0014
3991,16716468,"Sakhawat Hossen","2026-08-15 03:28:07",971.1,2,sakhawathossen
3992,16770777,"Oscar Legoupil","2026-09-09 15:43:18",970.2,2,oscarlegoupil
3993,16645712,"Changye Li","2026-08-24 06:23:33",969.1,2,antoinegg1
3994,16682936,"Latifa Riziki","2026-08-12 09:38:13",968.4,2,latifariziki
3995,16655826,KKY,"2026-09-15 01:12:26",968.2,2,evilpsycho42
3996,16623533,xthixsl_ml,"2026-09-15 17:32:27",968.1,2,xthistle999
3997,16633178,"Cow Boy","2026-09-16 14:11:05",967.9,2,shanzhong8
3998,16889423,ShinChua,"2026-09-14 12:50:22",967.5,1,shinchua
3999,16705441,CooperJiang,"2026-08-13 06:57:44",967.4,2,gingersna
4000,16655952,"Tianfu Wang (王天夫)","2026-08-12 15:08:12",966.9,2,wangtf96
4001,16655128,"Somasundar V","2026-09-08 20:24:00",966.8,2,somasundarv
4002,16767431,Nine1Eight,"2026-08-24 16:51:12",966.7,1,wethepeople918
4003,16684163,MohamedFD,"2026-08-13 12:32:47",966.4,2,mohamedfd
4004,16672374,"kelly waldeck","2026-08-11 21:07:30",965.4,2,kellywaldeck
4005,16692138,"Bishwa Thakur","2026-09-05 09:15:47",965.2,2,bishwathakur
4006,16680690,MYOUCER,"2026-09-01 01:20:04",965.0,2,myoucer
4007,16660371,"José Luis Gómezz","2026-08-13 01:37:42",964.9,2,josluisgmezz
4008,16700314,Giallar,"2026-08-14 16:45:53",964.7,2,andreykrotkikh
4009,16662846,"Kerem Ercin","2026-08-27 05:44:23",964.4,2,keremercin
4010,16622034,"Aryan Yadav","2026-08-15 18:49:17",964.1,2,simplexcomplex
4011,16699659,"Dimas Pasha Akrilian","2026-09-01 01:59:59",964.1,2,dimaspashaakrilian
4012,16693159,"Zonglin Han","2026-08-13 17:10:08",963.5,2,zonglinhan
4013,16749153,"Arnav Mishra","2026-09-12 05:10:43",963.3,2,arnavmishra02
4014,16708573,Benser,"2026-08-15 14:41:24",963.2,2,benser
4015,16692103,HaniJezo,"2026-08-11 20:32:40",962.7,1,hanijezo
4016,16692164,Abdulrahman.su10,"2026-08-11 20:35:39",962.2,1,abdulrahmansu10
4017,16743165,"Chiachii Liang","2026-09-16 13:07:38",962.1,2,chiachiiliang
4018,16701573,"Haggai Musoda","2026-08-17 20:04:00",961.4,2,haggismusoda
4019,16687594,"Andrew Markley","2026-08-13 01:19:04",960.9,2,andrewmarkley1
4020,16663820,taka,"2026-09-16 22:06:10",960.4,2,takaakiishi
4021,16687724,Yijue1,"2026-08-11 02:15:05",960.1,2,yijue1
4022,16786082,"Noberto Frota","2026-08-29 00:40:42",960.1,1,nobertofrota
4023,16678638,Loshtradz,"2026-08-26 18:40:35",959.8,2,loshtradz
4024,16692110,"Ahmed Khudair","2026-08-11 22:33:06",959.3,1,ahmedkhudair121
4025,16781276,"Nikita Greben","2026-09-07 10:55:01",958.9,2,justnik77
4026,16655715,Chin,"2026-08-12 06:20:32",958.9,2,qinyukun
4027,16684075,"Tianfang Li","2026-08-13 14:20:13",958.8,2,tianfangli1
4028,16724779,"Gavin Cao","2026-08-16 09:00:53",958.8,2,gavinxgcao
4029,16683441,Eura73,"2026-08-21 08:07:47",958.7,2,eura73
4030,16710672,"Yasemin Koç","2026-08-14 05:52:52",958.7,2,yaseminmkoc
4031,16702774,FilipJ,"2026-08-16 18:34:05",958.6,2,filipjarmua
4032,16662166,duy,"2026-08-31 08:50:51",958.2,2,hduynguyen
4033,16679767,Salut!,"2026-08-12 21:56:55",958.0,2,denismekhanikov
4034,16689952,"Lazarus Ogero","2026-08-11 16:44:08",957.9,2,lazarusogero
4035,16640058,"Justin CH123","2026-08-11 09:15:28",957.2,2,justinch123
4036,16652904,TonightIsOver,"2026-09-07 04:41:27",956.7,2,tonightisover
4037,16676043,"Tejash Rai","2026-08-14 07:16:01",956.5,2,tejashrai
4038,16663919,hnhyhj,"2026-08-13 04:05:56",956.2,2,hnhyhj
4039,16701221,"Othman Istaiteh","2026-08-10 13:25:38",955.9,2,istatieh
4040,16732690,なーでぃー牧場,"2026-09-16 16:12:23",955.4,2,nadyresearcher
4041,16700116,Goldian,"2026-08-21 16:13:40",955.0,2,goldian
4042,16695501,brocade,"2026-08-15 00:01:12",955.0,2,brocade
4043,16695608,"Elie Elias","2026-09-12 11:11:33",954.7,2,elieelias
4044,16896283,"WENBO ZHANG","2026-09-16 08:18:39",954.5,1,wenbozhang2026
4045,16688136,"Armanzhan Ayan","2026-08-11 16:49:36",953.5,2,armanzhanayan
4046,16633006,Kaiser,"2026-09-01 06:36:38",952.7,1,kaiserm
4047,16693886,spellstriker,"2026-08-12 22:03:20",952.2,2,spellstriker
4048,16705584,"Adil Munawar","2026-08-29 21:18:33",951.9,2,adilmunawar
4049,16891008,"Golubev Alexander","2026-09-16 08:33:56",951.9,2,golubevalexander
4050,16688436,Zuu3scode,"2026-08-12 15:19:16",951.6,2,zuu3scode
4051,16708333,"Phạm Vương","2026-08-11 16:17:10",950.7,2,vuongphamqq
4052,16669643,"Athenix Kaggriculture","2026-08-24 18:23:54",950.6,2,sdafdsfsdfgdsg
4053,16627400,"Krasnov Daniil","2026-08-11 06:04:48",950.4,2,daniilkrasnovvv
4054,16667233,EdGy2k,"2026-08-10 10:41:12",950.4,2,edgy2k
4055,16644891,yankang_XZK,"2026-09-02 18:29:53",949.7,2,yankang233
4056,16660678,"Chaitanya Sonaje","2026-08-11 13:30:49",949.5,2,chaitanya205
4057,16695376,Garv88,"2026-08-13 12:19:20",949.4,2,garv88
4058,16684012,ceh,"2026-08-16 04:58:18",949.4,2,emilhessman
4059,16632579,ZZfancy,"2026-08-11 12:04:42",949.0,2,zzfancy
4060,16636004,"Ragunath Ravi","2026-08-11 10:59:07",949.0,2,ragunathravi
4061,16676356,"Wander waal","2026-08-11 02:48:56",948.8,2,wanderwaal
4062,16706315,"Desert Fox88","2026-08-11 12:02:03",947.8,2,desertfox88
4063,16681275,"CUG HeQiao","2026-08-12 09:06:14",946.9,2,cugheqiao
4064,16767528,"Umut Toygar Göz","2026-08-30 13:01:54",946.9,2,umuttoygargoz
4065,16805763,"Masaya Kawamata","2026-09-04 03:39:48",946.7,2,masayakawamata
4066,16695176,"Zakaria Settar","2026-08-16 21:52:31",946.7,2,zakariasettar
4067,16691591,"Dheeraj Kumar #3","2026-08-12 04:05:32",946.5,2,kdheeraz
4068,16689770,"Abdillah Sagif","2026-08-11 10:11:23",946.1,2,abdillahsagif
4069,16632675,"Baran Kucuk","2026-08-11 15:09:58",945.6,2,barankucuk
4070,16673097,"Sonu Kushwaha","2026-09-01 11:10:15",943.8,2,sonukushwaha124
4071,16709473,"Selahattin Günter","2026-08-23 14:07:42",943.6,2,selahattingnter
4072,16823736,"Logan Seitz","2026-09-09 15:07:29",943.6,2,loganseitz26
4073,16823751,"Tyler Knecht","2026-09-16 04:05:11",943.2,2,tknecht
4074,16684947,Hoaquason,"2026-09-04 08:54:54",942.6,2,"datnguyen0102,mibombaclat"
4075,16640683,Jason-Oh,"2026-09-16 18:15:07",942.3,2,dossantoss
4076,16690567,"Falih Kaleel","2026-09-13 12:54:08",942.2,2,alphajet185
4077,16709300,炫酷的小克里斯,"2026-08-19 15:54:28",941.8,2,tinfufans
4078,16698942,"PRADHAN RS","2026-08-13 18:06:58",941.8,2,pradhanrs
4079,16681620,wanwanuil,"2026-08-13 12:43:19",941.6,2,wanwanuil
4080,16697021,Vaishnavi22052006,"2026-08-11 18:43:08",941.4,2,vaishnavi22052006
4081,16692490,"Enes Coşkun","2026-08-11 05:37:38",941.3,2,enscskn
4082,16651331,"Mohamed Saeed","2026-08-11 18:58:08",941.2,2,m0sm71
4083,16671666,showtree,"2026-09-02 01:53:55",940.9,2,showtree
4084,16707993,"Sangita Bannore","2026-08-11 14:33:47",940.8,1,sangitabannore
4085,16824010,yuxingyizhou,"2026-09-16 14:09:46",940.6,2,yuxingyizhou
4086,16621735,VN-Orion,"2026-08-21 11:42:27",940.6,2,fastthanh78
4087,16661983,"Victor's Team","2026-08-12 12:05:19",940.5,2,"dlordsjustified,jezrealmomoh,joludare,victorokpe"
4088,16774700,たたたた,"2026-09-16 05:24:29",940.2,2,tatatata1111
4089,16660037,shehai.lrs,"2026-08-11 13:37:32",939.8,2,shehailrs
4090,16737113,"Sergei Myshianov","2026-08-20 03:24:23",939.4,2,sergeimyshianov
4091,16712651,riicon,"2026-09-13 14:18:39",939.4,2,risakashiwabara
4092,16676154,"Tuan Tran","2026-08-10 16:29:40",939.1,2,thtuan
4093,16656181,Vishwa,"2026-08-11 05:46:58",939.0,2,rv1922
4094,16809277,"Shuntaro Tanaka","2026-09-11 01:01:20",939.0,2,shuntarotanaka
4095,16659692,"Hùng Nguyễn Huy (Hiirooo)","2026-08-11 03:47:45",938.6,2,hngnguynhuy
4096,16650485,nasu726,"2026-08-13 13:51:20",938.5,2,nasu726
4097,16793134,sawasawasawa,"2026-09-07 09:06:57",938.1,2,yukisawamura
4098,16709069,"James Mcquay","2026-08-14 18:05:40",938.1,2,jamesmcquay
4099,16745059,mekduy,"2026-08-29 11:42:07",937.3,2,mekduy
4100,16665058,"Llin Ding","2026-09-01 05:38:32",937.1,2,llinding
4101,16780558,hxrdxk,"2026-08-29 18:36:48",936.9,2,hxrdxk
4102,16681848,Haraguchi-T,"2026-09-01 09:03:21",936.7,2,haraguchit
4103,16705370,TS2333,"2026-08-11 03:40:40",936.6,2,ts2333
4104,16666410,"Binil George","2026-08-12 10:40:43",936.2,2,binilg
4105,16704622,ray,"2026-08-11 16:30:13",936.0,2,rayenezanned
4106,16679371,ΛYMΞNRH,"2026-08-11 06:43:55",935.7,2,aymnrh
4107,16624625,"Harsha Vardhan","2026-08-10 07:33:35",935.2,2,harshacode101
4108,16808116,WWAWW,"2026-09-15 03:47:37",935.1,2,masatowaragai
4109,16697142,Kujaomega,"2026-08-10 22:13:02",934.8,1,kujaomega
4110,16696769,"maximo lorenzo y losada","2026-08-12 13:07:35",934.8,2,maximolorenzoylosada
4111,16659662,MOHSIN525,"2026-09-01 15:43:49",934.8,2,mohsin525
4112,16625615,"Mobeen Fatima","2026-08-28 16:47:17",934.8,2,mobeenfatimah
4113,16669778,UknesIruka,"2026-08-11 11:13:46",934.7,2,uknesiruka
4114,16767164,"yuhan wu","2026-08-26 09:37:53",934.0,2,yuhanwu487
4115,16662213,"Yang Zong-Yu phD","2026-09-04 17:15:32",933.9,2,yangzongyuphd
4116,16707584,sadatch,"2026-08-13 05:18:28",933.7,2,sadatch
4117,16704027,"Alan Cai","2026-08-10 22:36:40",933.0,1,alancai27
4118,16635280,"Narendra Sirvi","2026-08-12 06:43:07",932.7,2,narendras78
4119,16675582,DavidX,"2026-08-11 06:05:18",932.6,2,davidasx
4120,16652849,Hejunhui,"2026-08-16 14:15:29",932.6,2,website98
4121,16702482,"Carlos Navarro","2026-08-14 05:26:26",932.4,2,navarr0
4122,16687824,"André Dkw","2026-08-10 17:17:25",932.2,2,andrdkw
4123,16668334,Suavemango,"2026-08-12 05:18:03",932.2,2,suavemango
4124,16666733,"Alberto MV","2026-08-10 23:06:33",932.1,2,albertomv
4125,16760247,kriskur123,"2026-09-15 14:23:38",931.8,2,kriskur123
4126,16806886,dreamtear,"2026-09-02 05:55:56",931.8,1,mohanzeng
4127,16701466,"HELIOS reasonning","2026-08-11 22:38:55",930.9,2,heliosreasonning
4128,16685743,"Alex Oranov","2026-08-28 19:30:54",930.8,2,aoranov
4129,16656691,"Sahaj Deep Singh","2026-08-12 01:39:36",929.8,2,sahajdeepsingh9877
4130,16804961,explise,"2026-09-02 08:13:03",928.9,2,explise
4131,16756925,"Dread Development","2026-09-05 11:38:51",928.2,2,"dreaddevelopment,seanornberg"
4132,16660331,A.K.NITHIN,"2026-08-12 12:07:32",928.0,2,aknithin
4133,16639476,耶✌,"2026-08-30 19:52:36",928.0,1,qifeihhh666
4134,16717665,"Christoffer Thimsen","2026-09-16 13:16:10",927.6,2,lowasitgoes
4135,16706283,haogood666,"2026-08-11 08:25:40",927.5,1,haogood666
4136,16691275,"Muhiminul Islam   Mahim","2026-08-12 10:04:35",927.3,2,muhiminulislammahim
4137,16677723,"Trip Meiners","2026-08-11 19:26:55",927.0,2,tripmeiners
4138,16793275,"Biao Cao","2026-08-30 13:44:48",926.8,1,biaocao398
4139,16659803,nRuaif,"2026-08-22 02:47:10",926.5,2,phngdoan
4140,16624088,Pomiro,"2026-08-11 04:41:24",926.4,2,pomiro
4141,16652741,"Sergi Bas","2026-09-15 07:11:51",926.2,2,sergibas
4142,16730449,"Shinichiro Yoshida","2026-09-08 00:32:56",925.4,2,sysd00
4143,16700630,apoyusiken,"2026-08-12 06:10:52",925.2,2,umutarpay
4144,16662653,"Jordan Schaeffer","2026-09-09 01:49:11",924.6,2,jordanmschaeffer
4145,16669494,"Abdullah Razi","2026-09-03 18:39:36",923.9,2,abdullahroninrazi
4146,16633886,mudesteven,"2026-08-16 02:54:25",923.8,2,fastlight2007
4147,16768644,Momoko,"2026-08-25 03:22:50",923.7,1,yangmengyuanmomoko
4148,16682303,"Kapadiya Nirav Kumar","2026-08-18 06:24:30",923.2,2,kapadiyaniravkumar
4149,16692457,t2better,"2026-08-12 11:56:41",923.1,2,t2better
4150,16660479,"Lakhindar Pal","2026-08-31 13:26:49",922.9,1,lakhindarpal
4151,16738705,"Atilla Y","2026-09-12 06:51:34",922.9,2,atillay
4152,16679519,"Петьо Лазаров","2026-08-10 22:30:35",922.2,2,pesosz
4153,16695137,"Samantha Nicole Bracamonte","2026-08-12 00:35:56",921.9,2,snrbracamonte
4154,16790115,Starumi,"2026-08-31 00:39:22",921.6,2,starumi
4155,16729863,Monkeyzl,"2026-08-22 20:02:21",921.5,2,monkeyzl
4156,16733121,saturnliu,"2026-09-10 17:20:24",921.2,2,saturnliu
4157,16725680,henri66,"2026-08-15 21:09:47",921.0,2,henri665
4158,16736429,Rudra278,"2026-08-18 12:07:42",921.0,1,rudra278
4159,16736816,LLE,"2026-08-22 16:50:40",920.2,2,"rajaditya01,saiash"
4160,16635238,"Tai Tien Ta","2026-09-03 03:25:55",920.2,2,tittin
4161,16688265,"Kyle #2","2026-08-11 01:51:35",919.8,2,georgeturbo
4162,16659890,"Cu Spoon","2026-08-25 22:02:11",919.3,2,cuspoon
4163,16739181,yamu_duck,"2026-09-12 15:02:56",919.1,2,crazyleg11
4164,16817309,"TeddyDog Lovely","2026-09-03 10:44:15",918.7,2,teddydoglovely
4165,16737482,Lindicaphxag,"2026-08-27 03:41:59",918.6,2,oblivicore
4166,16830784,栀蓝thy,"2026-09-15 10:03:44",917.1,2,tianhaoyuan86
4167,16688808,"Niranjan Nakkala","2026-08-11 12:26:14",916.7,1,niranjanmudhiraj
4168,16711204,"harden james","2026-08-12 08:00:14",916.6,1,ffusername
4169,16654122,"Peter Thompson","2026-08-10 17:59:36",916.5,2,mightytreefolk
4170,16875777,YinboLiu,"2026-09-16 15:55:43",916.5,2,yinboliu
4171,16746507,Ushimaru,"2026-08-21 09:01:51",916.3,2,behindkun
4172,16696608,beanbamboozled,"2026-08-10 10:45:19",915.3,2,beanbamboozled
4173,16653153,Gbining,"2026-08-09 12:21:06",914.7,2,gbining
4174,16661093,"INDRAJIT SWAIN","2026-08-15 13:23:37",914.5,2,indrajitswain
4175,16666632,to1_10i,"2026-08-19 20:27:42",914.2,2,to110i
4176,16839972,"Yusuf Lee","2026-09-05 15:16:20",914.2,1,yusuflee
4177,16719551,JamesYip7,"2026-08-20 10:24:50",914.2,2,jamesyip7
4178,16674881,"Saisree Dhanasekaran","2026-08-20 08:09:07",913.8,2,saisreedhanasekaran
4179,16695903,cerensukaramese,"2026-08-14 09:18:05",913.7,2,cerensukaramese
4180,16908623,"Frank Yang","2026-09-16 23:15:39",912.9,2,ffy208
4181,16672075,"Kameron Green","2026-08-11 05:49:32",912.9,2,hgenix20
4182,16828106,AG,"2026-09-16 08:23:59",912.5,2,lacroix7771
4183,16660594,XIAODOUZI,"2026-08-17 12:06:50",911.0,2,xiaodouzi666
4184,16656316,"Richard Tang","2026-08-11 01:09:34",910.8,2,richardgtang
4185,16640869,taijunhao,"2026-08-12 10:26:30",910.7,2,taijunhao
4186,16657091,raw2clean,"2026-08-12 08:12:12",910.1,2,raw2clean
4187,16644378,"hicham bedrani","2026-08-28 11:33:17",909.8,2,hichambedrani
4188,16731924,CuddleYokai,"2026-08-19 10:57:11",909.7,2,cuddleyokai
4189,16653262,"tianwen zhang1","2026-08-08 16:21:18",909.5,2,tianwenzhang1
4190,16758244,yumizu,"2026-09-15 00:47:05",909.0,2,yumizzzz
4191,16654322,"Debatreya Biswas","2026-08-10 02:02:38",908.8,2,debatreyabiswas
4192,16687935,"Sardak Pavel","2026-08-24 11:51:58",908.6,1,bebra3222
4193,16713031,"Nahid Hossain Redom","2026-08-13 15:38:30",907.8,2,nahidhossainredom
4194,16728955,"Chris Murphy","2026-09-07 23:33:26",907.8,2,mur418
4195,16657429,"xiao cat q","2026-08-12 01:41:13",906.3,2,xiaocatq
4196,16672579,"Udbhaw Anand","2026-08-22 13:15:18",905.9,2,udbhawanand
4197,16706004,Divyansh,"2026-08-25 16:38:00",905.5,2,sehgaldivyansh
4198,16643233,"Marco DG","2026-08-11 06:20:14",905.2,2,marcodg
4199,16722500,"Mike Murunov","2026-08-16 15:18:17",904.5,2,mikhailmurunov
4200,16726422,"Praveen Kumar","2026-08-29 11:25:55",904.4,2,pankajrepswal
4201,16729800,"Alchemical Retard.","2026-08-20 07:28:07",904.0,2,alchemicalretard
4202,16631777,KiKi,"2026-09-03 04:27:02",903.9,2,kingkiller2164
4203,16666282,"Bang sion","2026-08-22 10:06:06",903.8,2,bangsioni
4204,16784719,"Ayush Shekhar","2026-09-07 13:23:45",903.4,2,ayushshekhar56
4205,16658044,"Roshan Singh","2026-08-22 08:47:57",902.9,2,roshanavadheshsingh
4206,16675752,"Simon Rüba","2026-08-10 14:23:16",902.5,2,simonrba
4207,16780967,"black hole sun","2026-09-01 02:25:21",901.9,2,danielefiorino
4208,16671837,"Ronald K Wilson ","2026-08-28 13:09:38",900.8,2,ronaldkwilson
4209,16674744,"Burhan Ul Tayyab","2026-08-10 10:55:43",900.2,2,babychick
4210,16664481,"Siddhu Jaykay","2026-08-12 14:02:29",900.1,2,siddhujaykay
4211,16692678,Nerozud,"2026-09-10 07:36:41",900.0,2,"lorerubiano22,nerozud"
4212,16638998,"khalid harouach","2026-09-02 14:19:04",899.7,2,khalidharouach
4213,16655693,DePie,"2026-08-10 08:01:37",899.7,2,phucthaiv02
4214,16705192,"John Ogah","2026-08-16 03:54:21",899.1,2,johnogah
4215,16667994,"Zhian Wei","2026-09-11 06:57:54",897.5,2,zh1anwe1
4216,16684852,後藤将斗,"2026-08-24 14:51:20",897.4,2,masato09
4217,16670202,"Elizabeth Park","2026-08-09 20:33:17",896.5,2,elizabethpark
4218,16667731,"Agent 33","2026-08-28 13:20:28",896.0,2,agent33
4219,16761975,lixiuqixiaoke,"2026-08-26 09:59:11",895.9,2,lixiuqixiaoke
4220,16665500,"Madan kumar","2026-08-13 17:31:57",895.6,2,winklemad
4221,16696852,MYGEMER,"2026-08-09 15:43:13",895.2,1,mygemer
4222,16655210,Amon,"2026-08-16 06:09:04",894.9,2,kingaemon
4223,16660911,"Animesh Ratna","2026-08-23 22:01:35",894.3,2,animeshratna
4224,16684639,Bru3ll,"2026-08-09 15:50:45",894.1,2,bru3ll
4225,16662712,"Roman Stupin","2026-08-27 23:52:01",893.7,2,rcnegby
4226,16661249,Yaohui,"2026-08-26 14:59:02",893.7,2,yaohui85
4227,16732140,Miaa1526,"2026-08-24 08:58:42",893.4,2,miaa1526
4228,16658487,radozaprazny,"2026-09-12 14:09:06",893.3,2,radozaprazny
4229,16696644,"Franklin T","2026-09-13 07:17:43",892.3,2,franklin0410
4230,16850522,WayneCheng,"2026-09-08 08:07:59",892.2,2,taffy1883
4231,16676275,Scorpi,"2026-08-12 01:34:25",891.7,2,scorpi
4232,16732679,argon,"2026-08-19 08:32:47",891.5,2,argonlabs
4233,16699784,nianyu,"2026-08-10 09:46:32",890.5,2,nianyuc
4234,16888634,RegL2,"2026-09-16 04:26:04",890.4,2,regularl2
4235,16702909,SG4265,"2026-09-07 21:14:54",890.4,2,sg4265
4236,16659618,"Jeevan Jolly","2026-08-13 13:51:52",889.9,2,jeevanjolly
4237,16639496,"Sai Teja Bandaru","2026-08-11 14:51:49",889.8,2,saitejabandaruin
4238,16689471,wenjinyang,"2026-08-11 13:32:09",889.7,2,wenjinyang
4239,16749776,DataLover,"2026-08-20 16:34:37",889.2,1,paulknidler
4240,16631101,"Muneeb ul Hassan","2026-08-10 09:56:41",888.9,2,muneeb2405
4241,16668758,"Aman Vishwakarma","2026-08-09 17:33:00",888.9,2,amanvishwakarma01
4242,16659610,gareeb,"2026-08-10 15:46:50",888.7,2,"arjund29,saqlainsqx,yashawl194"
4243,16660395,ljx59141421,"2026-08-12 01:27:08",888.7,2,ljx59141421
4244,16667124,"Chaotic Era","2026-08-12 01:26:13",888.4,2,sani84
4245,16676025,"Csaba József","2026-08-31 19:31:00",887.2,2,"jcsaba,peterkiss4"
4246,16694744,XiaoZhiren,"2026-08-10 13:03:56",886.9,2,"ruikangan,xiaozhiren"
4247,16833052,"we lose some 🏆","2026-09-10 16:11:54",885.8,2,sayangoswami
4248,16683036,"Ritesh Thawkar","2026-08-14 08:34:08",885.8,2,riteshthawkar
4249,16840819,clammpon,"2026-09-15 15:09:27",885.6,2,clammpon
4250,16815105,"Saurav Chaudhari","2026-09-03 08:46:53",885.2,2,saur3x
4251,16664409,"Kathi Munishwar","2026-08-09 03:37:05",884.6,1,kathimunishwar
4252,16639236,"Dhavan Shah","2026-08-12 18:20:38",884.6,2,dhavanshah99
4253,16663928,Auxileon,"2026-08-09 16:20:13",884.5,2,auxileon
4254,16726173,"Aman Bihari","2026-08-23 12:51:05",884.4,2,amanbihari
4255,16905921,关注塔菲喵,"2026-09-16 16:11:46",884.3,2,zuberi05
4256,16658746,marinxbt,"2026-09-11 14:18:24",883.9,2,marinxbt
4257,16685828,Ztr0,"2026-08-09 05:53:10",883.7,2,y1amadeus
4258,16854347,"Arul Gandhi","2026-09-12 10:19:13",883.7,2,arulgandhi
4259,16670545,"Mouad AIT HA","2026-08-18 20:03:55",883.6,2,mo0103
4260,16692970,LakoMoor,"2026-08-09 17:43:25",882.9,2,lakomoor
4261,16635518,"ROFIQUL ALAM SHEHAB","2026-08-09 11:49:00",882.8,2,rofiqulalamshehab
4262,16724895,russ,"2026-08-19 08:55:30",882.2,2,mdevian
4263,16664179,animelonerboy,"2026-08-09 15:52:55",881.9,2,adambasa5
4264,16624485,"Nishant Dahal","2026-08-10 02:24:42",881.6,2,nishantdahal
4265,16655323,roma,"2026-08-09 19:49:51",881.4,2,mnroma
4266,16738461,monnosuke,"2026-09-14 11:11:21",881.3,2,shiomi1012
4267,16845420,"Terrance Luangrath","2026-09-08 05:41:53",880.9,2,tksluangrath
4268,16635330,tekatoncat,"2026-08-16 23:42:10",880.4,2,tekatoncat
4269,16683982,Kenny,"2026-08-16 19:43:13",880.4,2,kmonar
4270,16762837,Nagamatsur,"2026-09-16 02:57:03",879.8,2,rihitonagamatsu
4271,16845514,"Long Fang","2026-09-16 18:06:15",879.4,2,fanglong
4272,16623461,MightyK,"2026-08-09 05:36:23",879.4,2,anhhkhoi
4273,16692883,coolguy,"2026-08-08 20:56:21",879.1,1,vihangpagare334
4274,16693374,"Henfry De Los Santos","2026-08-12 11:43:51",878.1,2,henfrydelossantos
4275,16904529,"Zhihao Weng","2026-09-16 10:39:35",878.1,2,zhihaoweng
4276,16662718,xlnt,"2026-08-22 12:37:49",877.7,2,"princebisht,xlnt404"
4277,16762494,西松大祐,"2026-09-16 02:57:48",877.5,2,wep212
4278,16713590,"Александр Арутюнян","2026-08-13 05:20:18",877.2,2,alexarut17
4279,16891841,thx123456121,"2026-09-16 14:18:33",876.5,2,thx123456121
4280,16847456,waHAHA,"2026-09-07 09:53:07",876.2,1,wangshen1994
4281,16657598,"Arun Mallikarjuna","2026-08-10 04:29:14",876.2,2,arunmallikarjuna
4282,16674353,"Lakshmanan R","2026-09-02 06:32:53",875.9,2,lakshmanankumar02
4283,16870350,praneethb7,"2026-09-11 08:50:53",875.8,1,praneethbudati
4284,16660430,"Hassaan Ibrahim","2026-08-10 12:45:55",875.8,2,hassaanibrahim
4285,16688579,"Long Hu","2026-08-09 09:41:04",875.6,1,longhul
4286,16663584,"Deployable LLMs","2026-09-16 21:32:57",875.5,2,"lucasveronese,planetoidleser,sinhakprat"
4287,16854059,"Gökmen KÜÇÜKAYDIN","2026-09-14 12:15:01",875.2,2,gkmenkkaydin
4288,16904566,Athnnna,"2026-09-16 06:13:31",875.1,2,athnnna
4289,16698467,"Ra'uf Fauzan Rambe","2026-08-10 04:29:13",874.7,2,rauffauzanrambe
4290,16807134,"Chaowei Liang","2026-09-09 01:53:25",874.6,2,chaoweiliang
4291,16756592,"Abdalrahman Eissa","2026-08-23 23:43:11",873.9,2,abdalrahmaneissa
4292,16675305,"Justin Sabu Sebastian","2026-08-22 23:19:57",873.2,2,justinsabusebastian
4293,16645078,"A Aswanth Raj","2026-08-09 08:57:36",873.2,2,aaswanthraj
4294,16694065,zhangwei02,"2026-08-30 09:29:12",873.1,2,zhangwei02
4295,16683909,"Krzysztof ""Chris"" Karaszewski","2026-08-14 08:41:11",872.5,2,futureofworkchannel
4296,16746592,Harvester,"2026-08-21 13:57:05",872.4,2,yudhis16
4297,16659585,"Anas Riaz","2026-08-08 20:20:23",872.1,2,anasriaz
4298,16698735,Larfii,"2026-08-21 18:01:02",872.0,2,larfii
4299,16709905,Rospel,"2026-09-15 04:52:59",872.0,2,rospel
4300,16623034,"Vlad Kochetov","2026-08-10 21:43:51",871.7,2,vladkochetov07
4301,16658875,"Noah Bishop","2026-08-10 09:56:34",871.7,2,noahbishop1
4302,16669711,"Anton Shaniuk","2026-08-09 12:46:11",871.5,2,antonshaniuk
4303,16622487,"Sam kramer_1028","2026-08-18 09:40:58",871.2,2,samkramer1028
4304,16884814,"Stcey Cong","2026-09-16 04:26:45",871.1,2,loopide
4305,16904666,"Feng ZhouQi","2026-09-16 06:30:23",869.1,2,fengzq777
4306,16705440,Lannuo,"2026-09-16 07:15:49",869.0,2,lannuo
4307,16898290,"Ryan Jonathan Valencia","2026-09-16 17:08:02",869.0,2,ryanjonathanvalencia
4308,16672371,Loren-wen,"2026-08-09 13:23:49",869.0,2,wofusituerte
4309,16760101,"Big Moo","2026-08-25 00:52:06",868.7,2,abdullahramadan1
4310,16904394,Sylvia47,"2026-09-16 09:15:30",868.3,2,sylvia47
4311,16665976,"Daksh Goyal","2026-08-08 20:36:06",868.2,2,dakshgoyal387
4312,16630372,Q.qlmmm,"2026-08-24 18:25:02",868.1,2,qlammi
4313,16656296,Fususu,"2026-09-05 04:32:44",868.0,2,phuongncn
4314,16789865,AgroByte-dev,"2026-09-02 14:39:25",867.7,2,ylyasyylkybayev
4315,16660653,kanchana's,"2026-09-15 17:34:54",867.6,2,"saikanchana,yuvarajkanchana"
4316,16663780,"Hamza Kanice","2026-08-09 00:08:11",866.9,2,hamzakanice
4317,16695799,Vaycheslav,"2026-09-13 14:04:41",866.6,2,vaycheslav
4318,16661899,AAI,"2026-08-09 14:23:08",866.3,2,aiolapo
4319,16661707,"Rudolf HOUNLETE","2026-08-09 11:41:08",866.2,2,queystanle
4320,16644150,"J.M.Mubasshir Rahman","2026-08-09 17:15:01",866.1,2,jmmubasshirrahman
4321,16866974,"Haoyang David Dong","2026-09-15 02:51:03",865.9,2,haoyangdaviddong
4322,16671314,"Robot Farm","2026-08-29 16:54:23",865.9,2,codearranger
4323,16811703,"Han Wang","2026-09-16 06:09:22",865.7,2,hanwang666
4324,16676038,"Adyanth M","2026-08-09 05:12:40",865.6,2,adyanthm
4325,16671372,"Meet Sabhaya","2026-08-08 06:02:13",865.6,2,meetsabhaya
4326,16679347,"Youssef EL MSIYAH","2026-08-09 12:07:55",865.3,2,youssefelmsiyah
4327,16660385,"Jose Santiago Echevarria","2026-08-25 12:02:45",865.0,2,jmsechevarria
4328,16641535,Tutti,"2026-09-06 15:16:23",864.6,2,malk271828
4329,16722341,"Pham Huu Bao Chung","2026-09-16 08:57:18",864.5,2,phamhuubaochung
4330,16859006,"king huang","2026-09-16 08:08:29",864.4,2,kinghuang123
4331,16888071,lawjkj,"2026-09-16 01:23:23",863.7,2,lawjkj
4332,16672980,"Thomas Prinz","2026-08-09 13:57:51",863.5,2,xardiphotography
4333,16695182,"Ali Haydar Özdağ","2026-08-10 14:29:59",863.5,2,ahoirg
4334,16711725,meatori-nu,"2026-09-05 13:40:48",863.3,2,meatorinu
4335,16672660,"Straw Hat","2026-08-11 06:14:47",862.4,2,"anuragugargol,tanishafagare114"
4336,16623189,"Aditya Mishra","2026-08-09 03:42:06",862.3,2,adityamishranika
4337,16720234,Aditya109,"2026-09-08 05:20:00",862.2,2,"aditya109,tathagattyger"
4338,16667245,"KAIWALYA RAUT","2026-08-09 09:04:25",861.6,2,kaiwalyaatulraut
4339,16639645,RamenBoy,"2026-09-08 14:38:35",861.3,2,ramenboyjapan
4340,16799997,Yitao111,"2026-09-16 09:31:01",860.8,2,yitao111
4341,16847300,"Lam PayGi","2026-09-08 02:02:17",860.6,2,lampaygi
4342,16655497,cszf_first,"2026-08-09 02:06:46",860.2,2,cszffirst
4343,16698071,nixotrix,"2026-09-07 21:16:50",860.0,2,nixotrix
4344,16732008,"Phoebe Lin","2026-09-05 01:05:06",859.9,2,phoebe0511
4345,16660101,Zarathustra,"2026-08-12 02:48:18",859.7,2,rezkyadytama
4346,16841868,彭文龙,"2026-09-14 02:41:28",859.7,2,pengwenlong
4347,16692469,neoistheone,"2026-08-08 18:38:13",859.5,1,neoistheone
4348,16857505,"DL Loz","2026-09-11 00:43:18",859.4,2,dllogic
4349,16885336,"Hanya Zhang","2026-09-16 04:43:29",859.3,2,hanyazhang
4350,16663668,"╰┈➤ˎˊ˗ www.sleepyai.org","2026-08-08 23:49:32",858.9,2,tahsinarafat
4351,16652827,"Rob C","2026-08-14 03:04:30",858.6,2,robertcheah
4352,16840254,"Alexander Liu","2026-09-13 19:21:39",858.1,2,alexanderzhiyuanliu
4353,16857762,zetaex,"2026-09-13 02:32:06",858.0,2,"cvcost,fluxdev,lossvis,zetaex"
4354,16830079,"Quan Vu","2026-09-04 11:35:57",857.9,2,quan0095
4355,16848546,"TaoMark Tao","2026-09-16 07:11:06",857.8,2,taomarktao
4356,16680646,Naym0425,"2026-08-14 04:20:36",857.6,2,naym0425
4357,16857636,"Adura Sia","2026-09-13 02:24:43",857.6,2,"bitsmini,corebase,llmrun,opsneo"
4358,16685116,huanghaoyu7280,"2026-09-11 10:00:17",856.8,2,huanghaoyu7280
4359,16665935,eternitywinner,"2026-08-08 14:41:53",856.5,2,eternitywinner
4360,16653984,"Howard Lyu","2026-08-08 18:35:00",856.2,2,howardlyu
4361,16857723,"Denise Mo","2026-09-13 02:30:07",856.0,2,"clipcode,daskrank,maskgen,nnmerge,opscfg"
4362,16724233,"Rafal Porwol","2026-09-16 16:48:33",855.0,2,rafalporwol
4363,16694317,"PRITIKA SA","2026-08-09 07:17:19",854.7,2,pritikasa
4364,16679683,Aberrchan,"2026-08-08 17:44:32",854.2,2,aberrchan
4365,16728633,draven,"2026-09-12 07:35:01",854.1,2,ustchx
4366,16888654,"Martin Lau","2026-09-15 05:50:26",853.8,2,modelkit
4367,16879949,"Du Yutong","2026-09-14 14:30:25",853.6,2,duyutong6
4368,16884782,"Julia Tsin","2026-09-16 04:24:28",853.0,2,tokenrank
4369,16672629,"Alex Boyd","2026-09-06 15:37:19",852.9,2,alexrayboyd
4370,16671174,Alexandre008,"2026-08-09 12:29:49",852.2,2,alexandre008
4371,16846958,"Constantin Craciun","2026-09-16 12:41:39",852.0,2,constantincraciun
4372,16857685,"waves wang","2026-09-13 02:25:51",851.3,2,"cliwave,cyberpsi,hyperacc"
4373,16904592,YuanQinYi,"2026-09-16 06:18:46",851.0,2,yuanqinyi
4374,16857488,THFuller,"2026-09-10 03:13:42",850.6,2,neoist
4375,16661100,"Muhammad Junaid","2026-09-06 21:24:50",850.5,2,junaid512
4376,16684568,"[ODS] waniz","2026-08-08 11:04:42",850.4,1,wanizz
4377,16661739,"Spandan Mhapsekar","2026-08-08 10:39:41",850.4,2,spandanmhapsekar
4378,16669930,"Ilya Klimanov","2026-08-25 13:30:13",850.2,2,ilyaklimanov
4379,16664242,"Alex Lee","2026-08-11 03:43:12",849.5,2,aiexanderr
4380,16658278,"Malcolm Durosaye","2026-08-18 20:59:51",848.1,2,malcolm95
4381,16623485,XtraLearning,"2026-08-09 17:10:36",848.0,2,xcessivesmash
4382,16878695,"Yang Lv","2026-09-15 13:56:56",848.0,2,lvyang199888
4383,16661132,"Jia Chen","2026-09-10 20:04:02",847.3,2,jiachenjasper
4384,16736559,"Team Rot-Weiß","2026-08-19 13:22:35",847.2,2,moritzpaal
4385,16734498,kazuhiro3381,"2026-09-12 14:08:42",847.0,2,kazuhiro3381
4386,16734490,Tomeiser,"2026-09-15 23:43:23",846.8,2,tomeiser
4387,16884751,PSTE,"2026-09-15 05:47:16",846.7,2,pychat
4388,16792989,ALKRIS,"2026-08-31 14:35:26",846.7,2,wasimjbuh
4389,16667219,"Komil Parmar","2026-08-08 10:00:55",846.5,2,komilparmar
4390,16662592,"Vladislav Yushkevich","2026-08-09 14:54:24",846.4,2,"crazyflyingsheep,vladislavyushkevich"
4391,16847663,Kanny912,"2026-09-13 02:43:55",846.3,2,kanny912
4392,16667091,"Nico Feiler","2026-08-07 14:27:47",846.1,2,nicofeiler
4393,16655567,Heisnotanimposter,"2026-09-04 07:23:21",846.0,2,test013
4394,16633043,"Ryan Adams","2026-09-08 23:48:54",845.8,2,ryanadamsai
4395,16690897,"Ashok Kumar Garain","2026-08-08 13:26:11",845.7,1,ashokkumargarain
4396,16672247,"Movie Watch2022","2026-08-18 19:48:12",844.9,2,moviewatch2022
4397,16660259,Marcus,"2026-08-08 17:23:34",844.9,2,marcuseno
4398,16685358,"Nuno Ferreira","2026-08-07 13:48:37",844.7,1,ngcferreira
4399,16661754,edwinis,"2026-09-16 20:49:20",844.6,2,edwinis
4400,16694751,im_justmatthew,"2026-08-10 11:27:00",844.5,2,imjustmatthew
4401,16639125,"Caio Coelho","2026-08-09 15:38:12",844.2,2,caio41
4402,16884836,"Brooks Shun","2026-09-16 04:30:33",844.0,2,mapmicro
4403,16688898,"Sanskar Omar","2026-08-09 11:10:44",843.7,2,sanskaromar7
4404,16777134,Tom&Jerry,"2026-09-16 23:47:24",843.7,2,tomjerry101
4405,16888618,"balen zhen","2026-09-15 05:48:06",843.6,2,idcode
4406,16845557,lh123463,"2026-09-16 06:13:40",843.6,2,lh123463
4407,16663569,XYZ,"2026-09-06 00:11:35",842.8,2,h249748fkv7lyhik897
4408,16832686,DongShangYu,"2026-09-16 04:56:40",842.4,2,dongshangyu
4409,16891579,"chengxuan yang","2026-09-16 23:07:24",841.7,2,chengxuanyang
4410,16660613,今日洗澡明日香,"2026-08-07 09:58:49",841.2,2,"jasperkag,ryjiang,timmengzh,yningc"
4411,16675753,Khafidin,"2026-08-12 05:16:26",839.7,2,khafidin
4412,16666358,"GAYATHRI SALINI","2026-08-07 07:55:26",839.7,2,gayathrisalini09
4413,16679848,Nikola010,"2026-08-13 16:29:19",839.2,2,nikola010
4414,16640332,"ning gu","2026-08-21 00:01:22",839.1,2,morninggu
4415,16625472,"luna is free！","2026-08-29 16:39:51",838.9,2,simingtan
4416,16686843,"Juraj Zelman","2026-08-09 08:40:09",838.4,2,jurajzelman
4417,16663457,Furqan102102,"2026-08-09 12:02:35",838.2,2,furqan102102
4418,16666625,"Nguyen Ngoc Thien","2026-08-07 16:12:04",838.1,2,ngocthienai
4419,16673002,xubenzheng,"2026-08-07 15:40:31",838.0,2,xubenzheng
4420,16670406,"jessica jennifer","2026-08-20 15:55:41",838.0,2,jessicajennifer
4421,16663369,csteeve,"2026-08-07 18:44:37",837.8,2,csteeve
4422,16660537,Furina,"2026-08-08 13:52:01",837.5,2,cjlcjlcjl
4423,16677399,lyts,"2026-09-13 19:17:03",837.4,2,lytsyyds
4424,16665230,"Jack Burley","2026-09-04 21:01:15",837.4,2,jackburley
4425,16630249,"Aymar Avohoueme","2026-08-20 10:22:33",837.2,2,aymaravohoueme
4426,16654626,bgsszsa,"2026-08-07 12:01:33",836.1,2,bgsszsa
4427,16795676,cold_star,"2026-09-04 03:54:22",836.1,1,a406161167
4428,16666826,"Simone di costanzo","2026-08-07 19:38:11",835.9,2,simonedicostanzo
4429,16720913,Candidates,"2026-08-23 17:18:05",835.9,2,"ulyanovmmm,vladimirarchipov"
4430,16890366,lachesism,"2026-09-15 16:55:27",834.4,2,lachesism
4431,16659958,brainpick,"2026-08-24 21:54:50",834.1,2,prathvirajpalekar
4432,16644552,Keanan,"2026-08-08 11:35:17",833.5,2,citerne
4433,16681226,"tingting shen","2026-08-10 09:24:23",833.3,2,tingtingshen99
4434,16692677,"Ashish Dubey","2026-08-10 06:17:34",832.9,2,ashish124536
4435,16835621,"Atharv Santosh","2026-09-05 02:49:27",832.3,1,atharvsantosh
4436,16673179,"Muhammad Faraz Aftab","2026-08-09 10:18:58",832.2,2,muhammadfarazaftab
4437,16857621,"yunwen shen","2026-09-12 01:24:42",832.2,2,"cudastack,dlbyte,dsbeta"
4438,16662161,"Touhidul Alam Seyam","2026-08-10 12:39:51",831.8,2,seyamalam
4439,16881928,"Saad Khan","2026-09-14 09:24:07",831.1,1,saadlohani
4440,16687463,"Manolo Chow","2026-08-09 22:56:20",831.0,2,manolochow
4441,16670361,"Saud Saudesen","2026-08-15 22:16:42",830.5,2,saudsaudesen
4442,16681480,"Kevin Nguyen","2026-08-14 18:16:29",830.3,2,haidangnguyen1802
4443,16639583,typeIIIfairy,"2026-09-10 10:11:22",830.2,2,typeiiifairy
4444,16668034,ggggalaxy,"2026-08-28 04:56:40",830.0,2,ggggalaxy
4445,16664827,"Jose Miguel Diez de la L","2026-08-07 16:08:49",830.0,2,josemigueldiez
4446,16655156,"Pranjal Ranjan","2026-08-06 23:58:43",829.8,2,pranjalranjan299
4447,16671844,I2nfinit3y,"2026-08-07 02:27:10",829.8,2,i2nfinit3y
4448,16657989,"vishnu gopal P","2026-08-08 12:27:56",829.6,2,vishnugp
4449,16683439,Goober,"2026-08-10 19:46:41",829.4,2,kongzhisyuen
4450,16666946,pwxc00,"2026-09-08 20:49:33",828.6,2,alert04
4451,16854523,"Mingsi Guo","2026-09-16 12:01:04",828.5,2,mingsiguo
4452,16866155,gomamonaka,"2026-09-12 10:10:10",828.1,2,gomamonaka
4453,16653117,"li jiaqi77","2026-08-07 05:32:06",827.6,2,lijiaqi77
4454,16827859,"Ishraq Tanvir","2026-09-04 08:38:08",827.5,2,ishraqtanvir
4455,16684762,X-xuhui,"2026-08-08 10:07:58",827.4,2,xxuhui
4456,16658499,Grifun,"2026-08-09 03:24:51",827.2,2,msingatullin
4457,16702674,"Varun S G","2026-08-25 12:24:45",827.2,2,warun7
4458,16633276,"Nolan Liang","2026-08-09 03:26:47",827.0,2,iamlkn
4459,16670040,galaxyhunter,"2026-08-17 19:22:06",826.3,2,pkharkwal
4460,16639606,Peach2587,"2026-08-12 03:19:13",826.0,2,momokayoshioka
4461,16658789,Zhanpeng.W,"2026-08-08 10:05:26",825.9,2,zhanpengw
4462,16880045,"Underground Farmers","2026-09-13 13:04:19",825.8,2,xavierwi
4463,16664666,"Rheal Thomas","2026-08-21 19:29:44",825.6,2,rhealthomas
4464,16683852,"Abhiram Anil","2026-08-08 06:26:11",824.1,2,abhiramanil
4465,16640582,Attension_Seeker,"2026-08-10 06:57:51",823.9,2,aisipu
4466,16681986,"Chirantan Bhardwaj","2026-08-07 10:07:52",823.5,1,chirantanbhardwaj
4467,16665529,Venneth,"2026-08-08 12:32:20",823.3,2,venneth
4468,16664283,"Nguyễn Hữu Công","2026-08-07 05:24:48",823.2,2,nguynhucng
4469,16675027,namanbnsl,"2026-08-06 13:02:52",822.8,2,namanbnsl
4470,16669608,"Jesy Lu","2026-08-13 16:21:53",822.3,2,jesylu
4471,16671403,"Alex Karpowicz","2026-08-08 18:36:52",821.1,2,alexkarpowicz
4472,16634174,phibkro,"2026-08-07 03:10:52",821.1,2,phibkro
4473,16731259,"Manvik singh rathore","2026-08-30 17:18:55",820.3,2,manviksinghrathore
4474,16680075,I_luv_magick,"2026-08-07 09:50:30",820.3,2,iluvmagick
4475,16677675,"Roman Mironov","2026-08-06 17:30:28",820.2,1,helloromiro
4476,16658717,"Aditya Kapadia","2026-08-06 14:32:16",820.1,2,adityakapadia2003
4477,16742806,"Oğuz Karabulut","2026-09-11 07:47:41",820.1,2,ouzkarabulut
4478,16624003,weedfarmer,"2026-08-08 05:34:16",820.1,2,aleksanderhan
4479,16758431,"Mathews Jere","2026-08-26 18:10:25",820.0,2,mathewjere
4480,16690889,"B A S E L #","2026-08-08 14:47:22",819.8,2,basselll
4481,16670065,"Artyom Sayapin","2026-08-18 23:40:18",819.4,2,spielmeister
4482,16655763,"Diogo Sena","2026-08-22 17:08:45",819.3,2,diogodmsena
4483,16630441,"yjhv buddies","2026-08-07 09:50:05",818.5,2,bender1123123
4484,16858849,"Mark Diamond","2026-09-13 22:11:38",817.6,2,ponkle
4485,16665561,LuoXingda,"2026-08-07 08:22:42",817.5,2,luoxingda
4486,16744809,"Ruben Romero Fernández-Monge","2026-08-25 18:00:39",817.4,2,salieri7
4487,16760841,KIsXcl,"2026-08-24 14:34:11",817.1,2,kisxcl
4488,16665256,zhoujqi,"2026-08-06 18:31:31",817.0,2,zhoujqi
4489,16631665,"jatan sanghvi","2026-09-07 14:03:17",816.7,2,jatansanghvi
4490,16666686,yolo,"2026-08-08 12:08:38",816.6,2,avin55
4491,16655076,"Tita Kongolo","2026-08-08 09:08:57",816.6,2,titakongolo
4492,16667479,"Leon Christians","2026-09-13 17:12:37",816.5,2,leonchristians
4493,16659820,Accayo14,"2026-08-06 14:20:30",816.5,2,accayo14
4494,16670378,"Ari Carter","2026-08-08 23:18:02",816.3,2,aricarter
4495,16669273,Parag,"2026-08-07 02:10:29",816.3,2,paragkale
4496,16659525,"Dang Khoa Nguyen","2026-08-17 09:51:16",816.2,2,khoadangnguye
4497,16671515,ziheng,"2026-08-07 09:47:38",816.1,2,zihengedie
4498,16667714,ZhexinJiang,"2026-08-06 11:26:30",816.1,1,zhexinjiang
4499,16670117,"Raj Aryan","2026-08-07 18:15:04",815.9,2,rajaryan2503
4500,16669971,"Luka Philip","2026-08-08 16:09:32",815.5,2,lukaphilip
4501,16689084,Tam1m,"2026-08-29 09:56:39",815.3,2,booleanwolf
4502,16678506,SireeshLimbu,"2026-08-08 08:39:43",815.2,2,sireesh
4503,16656118,Mutte1904,"2026-08-07 05:03:56",815.1,2,mutte1904
4504,16783131,Hawkeye,"2026-09-03 07:15:17",814.3,2,pragneshbagary
4505,16678930,"Just a moroccan","2026-08-09 13:45:12",814.0,2,zbidaamine
4506,16635781,wacata,"2026-08-19 14:53:05",813.3,2,wacata
4507,16668995,"MD.Firoj Khondokar","2026-08-06 11:05:13",813.1,2,mdfirojkhondokar
4508,16665015,"laiba razzaq10","2026-08-07 14:21:49",812.9,2,laibarazzaq10
4509,16643193,"Shoroogh Ahmadi","2026-08-13 10:36:43",812.8,2,shorooghahmadi
4510,16659000,xjlgg123,"2026-08-08 12:35:10",812.6,2,xjlgg123
4511,16742442,"Anton Dugin","2026-08-21 09:51:07",812.5,2,antondugin
4512,16637919,NoOneAhead,"2026-08-07 05:12:50",812.2,2,jerrlu
4513,16685990,VictorAndrew,"2026-09-05 22:20:04",812.1,2,vicktvr
4514,16670221,fle3n,"2026-08-08 19:48:37",812.1,2,fleongg
4515,16668029,Timbo615,"2026-08-07 11:56:21",812.0,2,timbo615
4516,16732667,Doug,"2026-08-26 23:26:49",812.0,2,dougsgrott
4517,16719793,dhuruvapriyan,"2026-08-14 16:06:42",812.0,2,dhuruvapriyan
4518,16635612,Julian,"2026-09-13 07:06:19",811.8,2,mob404
4519,16621802,fgwiebfaoish,"2026-08-13 12:21:54",811.4,2,fgwiebfaoish
4520,16680408,mochogo,"2026-08-07 05:42:33",811.3,1,mochogo
4521,16729165,コーラ,"2026-08-23 07:30:40",811.3,2,cola0912
4522,16753826,"Jai Mata Di","2026-08-31 10:09:11",811.1,2,mrigshira
4523,16634468,"Kun Zhang","2026-09-01 11:38:47",810.7,2,beicicc
4524,16866097,"Pradeep Kumar Mahato","2026-09-16 14:21:29",810.6,2,pradeepkr12
4525,16705242,"Chonghao Peng","2026-09-04 21:45:52",809.6,2,chonghaopeng
4526,16753850,"Ahmad Ali","2026-09-09 17:58:10",809.6,2,ahmadali1243534
4527,16690829,JeremyH43,"2026-08-16 00:06:30",809.1,2,jeremyh43
4528,16762722,"Bruno Romero García","2026-08-31 20:24:32",809.0,2,brunoromerogarca
4529,16665169,"Rahul Barakoti ITM","2026-08-07 10:58:30",808.5,2,rahulbarakotiitm
4530,16658025,"Dennis Gioche","2026-08-06 09:08:34",807.9,2,dennisgioche
4531,16654623,"Asher Goldstein","2026-08-09 17:54:27",807.3,2,ashergoldsteincd21
4532,16670058,"Dahoui Alex Armel ","2026-08-07 01:02:07",807.1,2,dahouialexarmel
4533,16677188,Nicooni,"2026-08-06 16:35:01",807.1,1,nicooni
4534,16663591,"Joseph Franck","2026-08-25 10:07:56",807.1,2,josephfranck
4535,16654832,mohit,"2026-08-07 00:01:08",807.0,2,mohitvarred
4536,16653208,FabienDaniel,"2026-08-07 10:17:38",806.9,2,fabiendaniel
4537,16841816,JasonDTao,"2026-09-14 06:38:01",806.8,2,jasondtao
4538,16676280,agniii,"2026-08-06 17:05:08",806.6,2,agniii
4539,16764419,"Leo #2","2026-08-30 08:17:12",806.5,1,nanlihao
4540,16658670,EveryJust,"2026-08-07 08:33:35",806.4,2,"everyjust,zfc666wsnd"
4541,16670807,mannogun,"2026-09-04 23:15:49",806.0,2,arcanejumper
4542,16625013,sash,"2026-08-05 01:00:10",805.7,2,sash2104
4543,16655423,"Roland Luethy","2026-09-10 15:48:38",805.7,2,rluethy
4544,16656347,OctahedronBB,"2026-08-07 00:52:27",805.3,2,octahedronbb
4545,16664775,DoubleZs,"2026-08-06 02:55:02",805.1,2,zhang051018
4546,16660120,gktdgktdgktd,"2026-08-07 07:50:45",804.2,2,gktdgktdgktd
4547,16673604,"Jiman Kwon","2026-08-21 17:23:47",803.9,2,jimankwon
4548,16656941,"Winter Lamb","2026-09-09 08:07:56",803.6,2,fabiansyahcahyo
4549,16797785,"Vivek Verma","2026-08-31 20:36:45",803.6,2,cosmicescape
4550,16642579,"Desyat IO","2026-08-09 17:31:59",803.2,2,desyatio
4551,16652900,cjen07,"2026-08-07 23:33:05",803.2,2,cjen07
4552,16625908,trantrikien239,"2026-08-06 04:32:29",802.8,2,trantrikien239
4553,16662730,Operator-X,"2026-08-08 10:06:04",802.8,2,"jpexee,lavlinjaisonme23b250"
4554,16677240,"Jeevan Malla","2026-08-07 07:37:46",802.4,2,jeevanmalla
4555,16722487,Zotar,"2026-09-16 22:16:35",802.2,2,chunhinma
4556,16660091,bcTiann,"2026-08-06 05:55:54",802.1,2,bctiann
4557,16869317,Pikachuexeallen,"2026-09-12 19:46:36",802.0,2,pikachuexeallen
4558,16622788,Fitzcarraldo,"2026-08-07 14:17:24",801.3,2,ivankuc
4559,16668545,Ronty00,"2026-08-06 08:24:07",801.1,2,ronty00
4560,16802341,"Yousef Turk","2026-09-08 04:00:16",801.0,2,yousefturk
4561,16639043,"saroj bono","2026-08-28 18:42:55",800.9,2,sarojbono197
4562,16660555,"Nguyễn Nhật Thanh","2026-08-07 03:45:29",800.9,2,nguynnhtthanhhhhh
4563,16823948,"Alexey Stepanov","2026-09-04 21:57:25",800.8,2,alexey0508
4564,16676283,jnurik,"2026-08-07 17:24:01",800.8,2,nurdauletmoldik
4565,16657861,"Liao Zixu","2026-08-25 04:28:34",800.7,2,liaozixu
4566,16757741,"Malte Bories","2026-08-25 20:08:35",800.6,2,maltebories
4567,16782792,"[Deleted] bdc3c175-811b-438f-9c3a-c2d9c80c106a","2026-08-29 07:16:45",800.0,2,del=e8b93c44cf962f9e
4568,16665353,Sakshamm2587,"2026-08-17 16:50:43",800.0,2,sakshamm2587
4569,16658384,UwU,"2026-08-10 04:20:44",799.9,2,sewitz
4570,16766274,"Satwato Dey","2026-09-14 17:03:25",799.9,2,satwato
4571,16698538,"Haozhe Wang 2022","2026-08-24 00:50:02",799.7,2,haozhewang2022
4572,16665898,chengsongtao,"2026-08-23 00:12:59",799.7,2,cheng618
4573,16653855,"Klgv Klgv","2026-08-06 11:54:38",799.7,2,klgvklgv
4574,16732022,Mosamosa,"2026-09-03 00:42:06",799.5,1,mosamosa
4575,16656393,"Faris Abqari","2026-08-07 00:15:25",799.3,2,farisabqari11
4576,16737702,"kaneko takafumi","2026-09-14 03:24:07",799.3,2,kanekotakafumi
4577,16745450,GusNicho,"2026-08-24 03:30:55",799.2,2,pineapplepencil
4578,16635890,Poojan,"2026-08-06 09:44:47",799.2,2,poojankumartandel
4579,16670671,"TAUIL Abd Elilah","2026-08-11 01:17:39",799.1,2,tauilabdelilah
4580,16676677,"Clark Stéphane","2026-08-07 18:58:45",798.9,2,clarkstphane
4581,16687135,"Kavya Bhandari","2026-08-22 17:20:43",798.9,2,kavyabhandari1998
4582,16639280,"Faruk Çiftler","2026-08-09 11:27:46",798.8,2,abdullahfaruk
4583,16659727,shuaiqiyang,"2026-09-16 01:16:36",798.5,2,shuaiqiyang
4584,16664368,"Ujjwal Reddy","2026-08-10 19:43:26",798.3,2,ujjwalreddyks
4585,16657957,"Mounika Kommireddy","2026-08-08 07:57:32",797.5,2,mounikakommireddy
4586,16669518,Galagala,"2026-08-07 18:35:59",797.5,2,b12705059
4587,16682336,"Çınar Efe Yetişen (Student)","2026-08-19 08:29:20",797.3,2,narefeyetienstudent
4588,16630758,"Keshav Joshi","2026-08-20 18:53:37",796.3,2,keshavjoshi22
4589,16669491,"Parakh Sharma","2026-08-06 10:59:33",796.0,2,parakh20
4590,16729472,"Boris Pletenev","2026-08-16 17:23:56",796.0,1,borispletenev
4591,16678288,"Speedrun retirement","2026-08-30 18:59:23",795.7,2,"josephkimanikamau,nanducode"
4592,16681065,SYC,"2026-08-07 03:22:25",795.6,1,yichengs
4593,16654486,alijs,"2026-08-06 14:27:22",795.0,2,alijs1
4594,16841445,Challo,"2026-09-16 17:47:15",795.0,2,germantardioperez
4595,16657942,"Gokul Prasath","2026-08-04 23:38:18",794.8,2,beastgokul
4596,16671407,JBro13,"2026-08-07 02:29:02",794.4,2,jbro13
4597,16632446,"Abdul Wahab Khan","2026-08-06 04:53:37",794.4,1,abdulwahab2321
4598,16683764,bf01,"2026-08-21 21:19:05",794.3,2,jalperov
4599,16667547,"miaoqing long","2026-08-06 03:31:43",794.2,2,miaoqinglong
4600,16665431,"Monojit Nandy","2026-08-06 11:50:38",794.2,2,vedarthmn
4601,16792568,李秉叡（ntumlnoob）,"2026-09-13 19:19:44",793.7,2,ntumlnoob
4602,16735488,"arhaan rai","2026-09-01 19:18:46",793.6,2,arhaanrai
4603,16624977,Avikumar93801,"2026-08-11 05:55:19",793.5,2,avikumar93801
4604,16652986,"Justin Kimlim","2026-08-26 03:12:37",793.2,2,justinkimlim
4605,16666242,"Lalwani Palash","2026-08-08 07:45:46",793.1,2,lalwanipalash
4606,16892314,"Akshay #3","2026-09-16 00:25:37",792.9,2,akshay1301
4607,16663052,gh,"2026-09-13 21:30:08",792.8,2,grzegorz
4608,16664819,"SUBHASRI  S","2026-08-23 04:02:41",792.6,2,subhasri2007
4609,16742362,"AMANI DD","2026-08-23 08:02:47",792.5,2,dkonan
4610,16702796,Yavuz.YILMAZ,"2026-09-07 12:22:45",792.4,2,yvztpe
4611,16762634,"Clement Ling","2026-09-11 08:49:26",792.2,2,clementling
4612,16886420,infoproje,"2026-09-13 12:58:25",792.0,2,infoproje
4613,16655353,"Pablo Montenegro","2026-08-09 02:13:47",791.9,2,pablomontalb
4614,16854074,yudai_000111,"2026-09-16 05:29:15",791.5,2,yudai000111
4615,16660361,"Abhishek Sharma","2026-08-26 10:21:10",791.3,2,abhisheksharma425
4616,16658709,"Kaggler Albafica","2026-08-06 10:05:39",791.2,2,kaggleralan
4617,16770912,IsonaEi,"2026-08-26 12:48:48",790.9,1,isonaei
4618,16663899,"Abdelrahman Aboegela","2026-08-05 13:54:26",790.8,2,abdelrahmanaboegela
4619,16794125,"Xero Scythe","2026-09-02 18:57:39",790.4,2,xeroscythe
4620,16838800,"LEE Dailun","2026-09-09 13:59:27",790.3,2,peterccll
4621,16734312,truebelief,"2026-09-09 00:11:41",789.9,2,truebelief
4622,16659045,Rai1,"2026-08-08 11:53:28",789.8,2,rai2003
4623,16660824,"Stitch Clarity","2026-08-04 15:27:53",789.8,2,stevenanctil
4624,16623665,Giba,"2026-08-05 22:44:41",789.3,2,titericz
4625,16661410,tmxdlr,"2026-08-05 12:40:54",789.1,2,tmxdlr
4626,16634078,"yoho kumedayo","2026-08-15 12:48:29",789.1,2,dorachinyastyle
4627,16664360,"Rohan L","2026-09-06 04:08:41",788.8,2,rohanlopes
4628,16656345,sunchang71,"2026-08-05 14:05:13",788.3,2,sunchang71
4629,16672520,"Nah I'd win","2026-08-07 08:09:12",788.2,2,asutriy
4630,16651613,"Devin Zhou","2026-08-05 02:27:36",788.1,2,devinzhou
4631,16669542,Agzam,"2026-08-06 05:09:43",788.0,2,mazgag
4632,16734511,"Marcin Salaterski","2026-09-16 23:18:31",787.7,2,marcinsalaterski
4633,16664518,senxichong,"2026-08-13 04:28:32",787.3,2,senxichong
4634,16896810,Xcution,"2026-09-16 18:23:35",787.1,2,gghhjjkk
4635,16732722,Kusanagi,"2026-08-24 21:52:54",787.1,1,kusanagiap
4636,16802695,"Taras Sam","2026-09-07 17:36:00",787.0,2,tarassam
4637,16654726,"James Mancillas","2026-08-07 15:46:12",786.9,2,jamesmancillas
4638,16699080,"Karthikeya Thatipamula","2026-09-12 04:52:19",786.6,2,karthikeya18
4639,16668668,"George Byne","2026-08-25 10:10:36",786.4,2,georgebyne
4640,16666609,"visit palja.co","2026-08-15 03:34:49",786.2,2,sselrats
4641,16679237,"Danilo Sepúlveda","2026-08-06 21:26:28",786.0,1,daniloseplveda
4642,16623798,RuiKimura4,"2026-08-27 00:30:45",786.0,2,ruikimura4
4643,16668357,"B.Pardha Manoj Reddy","2026-08-24 16:57:25",785.9,2,pardhamanojreddy
4644,16632250,"Mesut Gözdemir","2026-08-05 17:54:14",785.9,2,gfkfu123
4645,16638909,mbscgi,"2026-08-04 22:48:03",785.7,2,mbscgi
4646,16653939,"Amr Yasser","2026-08-06 17:56:07",785.6,2,amryasswe
4647,16641326,IY,"2026-08-05 19:27:31",785.6,2,irotrader
4648,16819277,"Enshi Zhang","2026-09-05 16:26:29",785.6,2,enshizhang31
4649,16664890,ideal_m99,"2026-09-14 04:48:27",785.5,2,idealm99
4650,16666301,"James Felipe","2026-09-03 05:42:24",785.2,2,jamesfelipe
4651,16655530,AlivRick,"2026-08-05 16:18:54",784.8,2,alivrick
4652,16711556,"Avvy Lavoienne","2026-08-18 04:44:16",784.5,2,avvylavoienne
4653,16678250,"RMS Danaraj","2026-09-08 19:52:43",784.1,2,salorajan
4654,16664300,"swajay nandanwade","2026-08-05 04:57:10",784.0,2,swajaynandanwade
4655,16679155,jeziorop,"2026-08-06 20:34:53",783.8,1,jeziorop
4656,16674550,"Jebastin Nadar","2026-08-06 10:09:16",783.5,2,samfc10
4657,16867277,"Oriol Hinojo","2026-09-15 11:10:15",783.5,2,oriolhinojocomellas
4658,16718916,"ROBERT SSEBAMBULIDDE","2026-08-14 19:21:24",783.4,2,robertssebambulidde
4659,16677774,"Abdulatif Mahgoub","2026-08-28 13:26:27",782.8,2,abdulatifmahgoub
4660,16653199,Koba,"2026-09-16 23:53:48",782.7,2,zone0906
4661,16839782,"mou chen111","2026-09-05 15:00:04",782.5,2,mouchen111
4662,16684470,"Soumi Ghosh","2026-08-11 10:59:07",782.3,2,soumighosh911
4663,16875632,HexTex,"2026-09-12 04:34:49",782.1,2,hexlab
4664,16642154,Burkina_team_mate,"2026-08-06 15:30:54",782.1,2,"belemkalilou,tedjosegregorybere"
4665,16796145,Qian,"2026-09-01 15:04:00",781.7,2,"aurelianz,qianyuchaoni"
4666,16669400,"Martin Konôpka","2026-08-06 12:16:13",781.7,2,rumburakk
4667,16664170,SpookyHippo,"2026-08-06 02:44:29",781.5,2,spookyhippo
4668,16660470,"Oğuz Kaan Mavice","2026-08-28 09:39:58",781.5,2,oguzkaanmavice
4669,16635679,WUHAOZHE618,"2026-08-15 04:08:45",781.4,2,wuhaozhe618
4670,16662496,KhalidKhan,"2026-08-05 05:31:07",781.3,2,feedfeed
4671,16661019,lmq,"2026-08-04 14:47:23",781.1,2,lmminhquang
4672,16695556,"Prajwal Dongre","2026-08-12 08:53:42",781.1,2,prajwaldongre
4673,16772626,"Dr. Mikholae Hutchinson","2026-09-05 19:48:53",781.1,2,drmikholaehutchinson
4674,16656171,ishu,"2026-08-04 03:27:45",780.9,2,ishhverma
4675,16668039,NotEnoughTokens,"2026-08-06 13:04:52",780.9,2,"adofai,jonghyun7777,taglink"
4676,16790145,"Casper du Jardin Kejser","2026-09-04 09:12:34",780.7,2,casperdujardinkejser
4677,16664400,Boruiyang21,"2026-08-05 14:56:03",780.7,2,boruiyang21
4678,16670765,"tensor choko","2026-08-05 23:03:23",780.6,1,tensorchoko
4679,16765743,page0526,"2026-08-26 02:08:11",780.5,2,page0526
4680,16753820,sbite0138,"2026-09-10 14:12:17",780.1,2,sbite0138
4681,16729515,"Emmanuel Tolani","2026-08-29 15:03:36",780.0,2,emmanueltolani
4682,16654271,"Sophie and Yanna","2026-08-19 17:08:47",780.0,2,"morty3500,sophanie"
4683,16675203,HK,"2026-08-06 11:38:05",779.9,1,hizurukonishi
4684,16673155,"Babar Khilji","2026-08-06 15:55:26",779.8,2,babarkhilji
4685,16632138,kaggle_bbgg,"2026-08-05 11:59:35",779.4,2,kagglebbgg
4686,16693164,nuggettttt,"2026-08-09 02:14:22",778.6,2,nuggettttt
4687,16656503,"Thiago Munhoz da Nóbrega","2026-08-04 20:47:37",778.6,2,thiagommtmn
4688,16641093,"Satish ","2026-08-20 04:18:42",778.5,2,satishkommanaboina
4689,16694399,"Sujith Kumar Sashikanth","2026-08-10 00:01:32",778.5,2,sujithsashi
4690,16848841,Spacejam,"2026-09-07 16:15:52",778.4,1,spacejam1221
4691,16866109,AAA-建材批发旭哥,"2026-09-12 03:44:40",778.4,2,aaawenxu
4692,16652560,"Ahmed Samir","2026-08-03 12:15:01",778.3,2,ahmedsamir1598
4693,16677965,felipe9695,"2026-08-12 21:23:05",778.2,1,felipe9695
4694,16668329,HakimTaoufik,"2026-08-18 13:06:18",778.2,2,hakimtaoufik
4695,16654209,"Nirav Mehta 1612","2026-08-10 15:41:47",778.1,2,niravmehta1612
4696,16663273,"Mason Frias","2026-08-06 22:57:08",777.9,2,masonfrias
4697,16642207,"Nerijus Areska","2026-08-04 00:01:32",777.9,2,nerijusareska
4698,16666147,"Khalid Bin Hethlain","2026-09-15 20:43:36",777.8,2,khalidbinhethlain
4699,16658616,"Amitesh Chaudhary","2026-08-11 10:04:02",777.8,2,amiteshchaudhary
4700,16637519,Temprao,"2026-08-03 12:16:43",777.6,1,maruimono928
4701,16623236,"Yonatan Nemtsov","2026-08-06 00:28:01",777.5,2,yonatannemtsov
4702,16726025,"Yanrun Chen","2026-09-07 12:15:23",777.4,2,yrchen98
4703,16668060,"Spiros Skarmoutsos","2026-08-08 12:48:07",777.2,2,spirosskarmoutsos
4704,16658723,"Waleed Alkhateeb","2026-08-05 13:31:44",777.1,2,waleedalkhateeb
4705,16667606,Manifolds1,"2026-08-06 16:36:46",777.0,2,ptrakuldit
4706,16630964,LEEKANG,"2026-08-03 14:10:21",776.9,2,poby7722
4707,16666163,"Muthuraman Raman 7","2026-08-06 05:25:09",776.9,2,muthuramanraman7
4708,16624600,ariacat,"2026-08-06 07:16:44",776.8,2,ariacat
4709,16698822,JJN8825,"2026-09-16 14:59:41",776.8,2,jjn8825
4710,16662872,"Artem Garbart","2026-08-05 09:41:29",776.7,2,artyomgarbart
4711,16751999,"Poorna Sai Dumpa","2026-08-25 01:03:04",776.7,2,poornasaidumpa
4712,16644774,lungjyuanz,"2026-08-07 01:03:20",776.6,2,lungjyuanz
4713,16699699,rudykane,"2026-08-11 16:06:34",776.3,2,rudykane
4714,16698045,"Vikhas S G","2026-09-07 06:12:25",776.3,2,vikhassg
4715,16631016,木下陽平,"2026-08-06 14:52:20",776.3,2,yoheikaggle
4716,16653958,seowoohyeon,"2026-08-06 11:48:06",775.9,2,seowoohyeon
4717,16665399,"Shivam Shrivastava","2026-08-13 15:32:37",775.8,2,shivamshrivastava180
4718,16797134,Yooho0,"2026-09-07 16:25:05",775.5,2,yooho0
4719,16659761,cheng-han,"2026-08-06 08:16:10",775.4,2,neoshie
4720,16627023,Farrmer,"2026-08-05 08:02:35",775.1,2,noahfarr
4721,16656009,"Steven Liu","2026-08-31 06:25:02",775.0,2,thornkey
4722,16639471,CaminoLSY,"2026-08-05 01:22:09",774.6,2,lsy37521
4723,16716522,"Lavanya Bacche","2026-08-17 08:43:40",774.5,1,lavanyabacche
4724,16670304,"Daniel Tomaro1","2026-08-09 03:03:06",774.2,2,danieltomaro1
4725,16657077,_LT_zyc,"2026-08-05 01:01:42",774.1,1,zyczyc
4726,16656444,"christopher athans crow","2026-08-05 00:08:13",774.1,2,cchrisaa
4727,16793461,"Muhammad Hokimiyon","2026-09-13 14:49:54",774.0,2,muhammadhokimiyon
4728,16658684,"Takayuki Michishita","2026-09-13 11:00:03",774.0,2,takayukimichishita
4729,16659715,masb,"2026-09-16 15:38:19",774.0,2,affansaied
4730,16667205,"Andrew Lee","2026-08-06 11:16:52",774.0,1,andrewlee23023
4731,16658213,"Ahmet Abdullah Gültekin","2026-09-16 00:20:04",773.5,2,abdullahgultekin
4732,16655534,"Charles Mills","2026-08-06 16:40:27",773.0,2,charlesqmills
4733,16659883,"Ahmad Hfdx5","2026-08-05 03:33:48",772.9,2,ahmadhfdx5
4734,16663407,Denis,"2026-08-11 17:42:21",772.7,2,matsiusheuski
4735,16702509,KošičanSVK,"2026-08-17 18:04:22",772.5,2,ryanstoner
4736,16662568,RaghavMundhra1,"2026-09-09 04:47:38",772.5,2,raghavmundhra1
4737,16655493,TheDigitalCK,"2026-08-07 12:31:58",772.4,2,thedigitalck
4738,16621709,smlcr,"2026-08-04 19:35:19",772.4,2,simulacri
4739,16632708,__Taichicchi__,"2026-09-16 23:31:38",772.3,2,hutch1221
4740,16634022,"Cihan Atak","2026-08-02 16:00:43",772.3,2,cihanatak
4741,16767453,IterumVici,"2026-09-06 19:28:10",772.3,2,iterumvici
4742,16745264,wpang,"2026-09-15 23:02:06",772.2,2,wangshu
4743,16634213,kkunizaw,"2026-08-03 20:47:58",772.1,2,kkunizaw
4744,16652896,"R^2 negative","2026-08-04 23:14:38",772.0,2,rktqwe
4745,16661229,Gena,"2026-08-04 15:18:42",772.0,2,gdonchyts
4746,16658173,Tamizharuvi,"2026-09-14 08:27:27",771.8,2,tamizh1
4747,16758174,REBEL_K,"2026-08-27 18:30:45",771.6,2,rebelk
4748,16659093,YangGod,"2026-09-09 03:31:29",771.4,2,yanggod
4749,16695555,S4K50M,"2026-08-12 14:39:41",771.4,2,setiasaksham
4750,16656420,"Aditya Raj #2","2026-08-18 16:37:49",771.3,2,optimus2005
4751,16654081,"Aleksei Ponomarev","2026-08-06 00:43:57",771.2,2,alekseiponomarev
4752,16669282,sky233,"2026-08-06 17:06:04",771.1,2,sky233
4753,16656308,"Srishanth Sriramula","2026-08-08 09:02:13",771.0,2,srishanthsriramula
4754,16652630,stars_w,"2026-08-25 17:13:04",770.9,2,starsw
4755,16673682,MJ.LIU.T,"2026-08-06 08:14:05",770.8,1,mjliut
4756,16631261,Monster,"2026-08-04 15:46:32",770.6,2,tmtngtrng
4757,16632686,strike,"2026-08-06 06:21:38",770.6,2,nicolia
4758,16727696,Milkman,"2026-08-19 15:05:17",770.5,2,talhasahi
4759,16659217,Dynamic_fire07,"2026-08-05 18:51:51",770.3,2,"dynamicfire07,tryingmybest123"
4760,16662946,uzair,"2026-08-04 18:40:46",770.1,2,quantumcurator
4761,16663096,Agola_dasacic,"2026-08-04 20:07:50",770.0,2,mnu303
4762,16657094,irynavs,"2026-08-13 13:23:56",769.5,2,irynavs
4763,16657817,"rohith sai midigudla","2026-08-05 12:36:40",768.9,2,rohithsaimidigudla
4764,16665764,"izh yng","2026-08-21 06:16:21",768.6,2,izhyng
4765,16644390,"Manan Gupta","2026-08-05 17:08:32",768.6,2,obirdy
4766,16656337,"Prashant Kikani","2026-08-04 04:03:37",768.6,1,prashantkikani
4767,16744640,"Marcin Skalski","2026-09-01 18:25:08",768.4,2,marcinskalski
4768,16679144,つるげーねふ,"2026-09-14 13:59:04",768.4,2,atom7666
4769,16660853,"lxh unbound","2026-08-05 00:02:02",768.1,2,lxhunbound
4770,16623540,TheDuck,"2026-08-22 15:50:49",767.9,2,jaxroth
4771,16650018,EiMengLove,"2026-08-05 10:27:31",767.7,2,konicty
4772,16686707,"Sébastien henry","2026-09-14 14:32:56",767.7,2,sebmontreal
4773,16624073,SoftRL,"2026-09-15 12:22:42",767.3,2,"maruichi01,ppocharl,puws06,tatsukisato,unikina"
4774,16653122,Wei_Chance,"2026-08-23 10:25:14",767.2,2,bystanderq
4775,16690050,PersistentLife,"2026-08-08 17:16:17",767.1,2,persistentlife
4776,16653085,"haoran huang430","2026-08-06 02:37:22",767.1,2,haoranhuang430
4777,16792155,abc,"2026-09-03 06:45:13",766.9,2,"datqg0,quangnguyn132"
4778,16654235,"Mwanza Wambua","2026-08-06 10:16:13",766.9,2,mwanzawambua
4779,16806251,"Seok Jun Kim","2026-09-08 07:51:16",766.8,2,sjk1225
4780,16663213,"Takahiro Someya","2026-08-10 22:03:09",766.8,2,takahirosomeya
4781,16666900,sooflee,"2026-08-12 14:19:50",766.8,2,sooflee
4782,16905685,xiewenwei29,"2026-09-16 18:35:47",766.5,2,xiewenwei29
4783,16634752,"Praise the SHOVEL","2026-08-03 16:16:28",766.5,2,barnobarno
4784,16807875,meghana,"2026-09-10 23:44:54",766.4,2,meghana284
4785,16658571,"Yusuke Sato","2026-08-27 03:06:42",766.2,2,wanko123
4786,16663099,"Md. Abdullah Al Mamun","2026-08-05 02:16:43",766.1,2,mamun18
4787,16706993,Celibistrial,"2026-09-03 20:28:20",766.0,2,celibistrial
4788,16678965,MrGS,"2026-08-09 01:18:09",765.9,2,gabrielsderhll
4789,16672264,iiTz_AK,"2026-08-15 12:18:44",765.9,2,iitzak
4790,16731990,Karl0106,"2026-09-15 05:17:32",765.8,2,karl0106
4791,16811628,"Roger Yang","2026-09-08 03:12:08",765.7,2,rogerjyang
4792,16633083,bsenst,"2026-08-07 12:38:47",765.3,2,bnzn261029
4793,16729564,"Eirik Tveiten","2026-08-19 13:04:02",765.2,2,eiriktveiten
4794,16786115,"Andy Phan","2026-09-07 01:10:28",765.2,2,andyphan
4795,16660819,nya654nya,"2026-09-14 08:30:21",764.9,2,nya654nya
4796,16715255,"xiaocai liu","2026-09-13 19:19:43",764.4,2,xiaocailiu
4797,16655712,"Smart Manoj","2026-08-04 01:55:13",764.4,2,smartmanoj
4798,16700265,Reesav,"2026-08-10 14:15:06",764.3,2,reez08
4799,16661532,"Fedor Baart","2026-08-05 12:34:21",764.2,1,fedorbaart
4800,16748741,"pt ptao","2026-08-26 12:50:45",763.7,2,ptptao
4801,16713463,"Dillen Perumal","2026-08-29 16:39:37",763.3,2,dxllen
4802,16657294,"Ragul M","2026-08-04 07:08:51",763.0,2,ragul7002
4803,16658562,mashBrian254,"2026-08-04 10:48:33",762.3,2,mash1990
4804,16650396,RaymondZhao0304,"2026-08-04 00:39:30",762.2,2,raymondzhao0304
4805,16875907,"Yash Mathur","2026-09-12 09:53:56",761.9,2,yashmathur03102001
4806,16789903,"Netanel Keidar","2026-09-16 21:03:07",761.8,2,netanelkeidar
4807,16669227,"Tom Dufresne","2026-08-07 11:17:39",761.7,2,tadufre
4808,16655396,Tesla1AC,"2026-08-08 08:18:09",761.7,2,mathornton
4809,16885059,"Bhaskar #2","2026-09-14 19:08:31",761.7,2,itikelabhaskar
4810,16764081,"Demir Durbakayım","2026-08-29 21:21:56",761.3,2,sixcode
4811,16643922,Konstantin03,"2026-09-07 17:03:30",760.9,2,konstantin03
4812,16628727,dominyellow,"2026-08-04 11:44:21",760.7,2,dominyellow
4813,16644861,"kanzaler ensemble","2026-08-11 14:30:36",760.7,2,kanzalerensemble
4814,16661010,"Dante Dyches-Chandler","2026-08-05 04:36:09",760.5,2,dantedycheschandler
4815,16738506,"Rok Sechs","2026-09-16 21:43:58",760.5,2,rokshimiz
4816,16664565,"Wayne Chou","2026-08-05 12:30:14",760.3,2,ambientz
4817,16677752,"Senya Ka","2026-08-08 19:16:00",760.3,2,m1greatcool
4818,16759171,"Leonid Kozinkin","2026-09-11 12:35:53",760.0,2,leon7archer
4819,16656304,"Gururaj Athani","2026-09-12 02:26:55",759.6,2,gururajathani
4820,16623448,HoJoonYun,"2026-08-09 13:43:43",759.4,2,hojoonyun
4821,16702430,"ZeLong Leo","2026-09-09 11:41:24",759.1,2,zelongleo
4822,16802675,manishcs076,"2026-09-16 21:13:06",759.0,2,manishcs076
4823,16643095,ckyasb,"2026-08-05 14:39:42",758.9,2,ckyasb
4824,16666245,"Cagatay Morcicek","2026-08-13 06:53:40",758.8,2,thisismylabs
4825,16659033,"Farzana Shaju","2026-08-05 07:18:29",758.7,2,"farzanashaju,shaikhharisjamal"
4826,16903852,maoxin123,"2026-09-16 12:55:37",758.6,2,maoxin123
4827,16659996,Schwifty,"2026-08-12 20:01:01",758.6,2,schwiftyc137
4828,16658265,kraken,"2026-09-05 15:23:26",758.2,2,krn0209
4829,16659565,Tekin24,"2026-08-13 21:25:21",757.9,2,tekin24
4830,16818086,wwewwt,"2026-09-08 05:44:07",757.8,2,wwewwt
4831,16770724,Louras,"2026-08-26 09:49:05",757.7,2,louras
4832,16655828,ack07,"2026-08-06 04:52:07",757.6,2,its07amit10
4833,16798334,"Gabriel othávio","2026-09-02 22:08:55",757.3,2,gabrielothvio
4834,16805598,"I'm just trying out here QQ","2026-09-02 22:31:17",757.1,2,zadatt
4835,16660939,"Quenux Studio","2026-09-03 17:07:26",756.9,2,dieguis1976
4836,16655294,Mobzya,"2026-08-26 23:11:15",756.9,2,mobzya
4837,16637797,"Xiangchen Li","2026-08-04 09:47:59",756.4,2,xiangchenli07
4838,16661376,"YERMES AMINE","2026-08-04 14:13:45",756.3,1,yermes
4839,16632055,Bugra0,"2026-08-03 22:44:42",756.1,2,bugra0
4840,16635159,Abdulsamad,"2026-08-06 11:48:04",755.9,2,abdulsamadjod1234
4841,16636148,SanggeunParrk,"2026-08-05 04:04:32",755.7,2,sanggeunparrk
4842,16774787,wpk1122,"2026-08-29 01:54:49",755.3,2,wpk1122
4843,16688884,"As Wasti","2026-08-14 01:34:26",755.0,2,aswasti
4844,16654153,"Mateus Cruz, Msc.","2026-08-03 17:44:02",754.6,1,matteuscruz
4845,16665293,"ADITYA BEECHA","2026-08-10 05:16:38",754.6,2,bechaaditya
4846,16740633,zhangtingyu11,"2026-08-20 04:34:32",754.3,2,zhangtingyu11
4847,16758889,bomboclat,"2026-08-30 08:52:08",754.3,2,sstprk
4848,16622482,"Veniamin Nelin","2026-08-04 19:40:18",754.2,2,veniaminnelin
4849,16806635,digimagi,"2026-09-02 05:47:57",753.7,1,digimagi
4850,16622760,yunus_bayram_kagle,"2026-08-04 07:49:00",753.6,2,yunusbayramkagle
4851,16651180,yangyefd,"2026-08-03 08:42:57",753.3,1,yangyefd
4852,16622015,"Ioannis M","2026-08-06 08:12:21",753.0,2,imeintanis
4853,16670099,"Jon Snyder","2026-08-06 00:27:21",752.8,2,snyderj1515
4854,16623932,"Axel Ahmer","2026-09-07 15:54:12",752.7,2,blondie1
4855,16830531,"Nikos Chatzinikolaou","2026-09-16 09:35:52",752.6,2,nikoschatzinikolaou
4856,16635680,starclan,"2026-08-14 17:50:55",752.6,2,starclan
4857,16897094,Ryota-Di,"2026-09-16 13:26:11",752.4,2,ryota6230
4858,16664291,"William Dennis","2026-08-11 07:57:27",752.1,2,williamdennis
4859,16658264,XiweiZhou,"2026-09-06 23:35:58",751.8,2,xiweizhou
4860,16622940,"Enrico Ambrosio","2026-08-06 19:56:30",751.7,2,enricoambrosio
4861,16639241,"Alissa King","2026-08-04 05:05:30",751.7,2,alissaking
4862,16825081,huohuaya,"2026-09-09 06:09:50",751.6,2,huohuaya
4863,16644882,"SAMOILOV MIKHAIL","2026-08-03 02:10:04",751.4,1,samoilovmikhail
4864,16659676,Light,"2026-08-05 03:07:39",751.2,2,aadarshashrestha007
4865,16654946,AliLucky,"2026-08-05 15:07:59",751.0,2,alilucky
4866,16660376,"Ahmed Sedky 0100","2026-08-06 20:56:37",750.8,1,ahmedsedky0100
4867,16655603,"Veeranuch Leelalai","2026-08-11 12:55:29",750.5,2,veeranuchleelalai
4868,16658852,"Chhaya Awasthi","2026-08-04 09:37:05",750.4,2,chhayaawasthi
4869,16630760,dkzmn,"2026-09-04 08:59:03",750.3,2,dmkzmn
4870,16891179,feng222666888,"2026-09-15 02:59:51",750.2,2,feng222666888
4871,16667503,Yuzuki,"2026-08-05 12:19:45",750.1,1,yuzukiohya
4872,16807575,Rf28,"2026-09-03 10:29:55",749.9,2,rehyyy
4873,16679861,Pandabueno,"2026-08-12 15:51:48",749.5,2,ronaldomonzn
4874,16667730,"Surya Vijjeswarapu","2026-09-03 18:49:07",749.3,2,suryavijjeswarapu
4875,16641489,suminshim,"2026-08-03 06:24:39",748.8,2,suminshim
4876,16894603,"Riyan Ahasan Araf","2026-09-16 02:11:59",748.6,2,riyanahasanaraf
4877,16849443,"Abhishek Kumar Gupta","2026-09-08 17:27:49",748.6,2,guptabhishekumar
4878,16671622,"Isaac Diaz Lopez","2026-09-15 04:59:43",748.2,2,isaacdiazlopez
4879,16665994,Rakhansyah,"2026-08-25 13:08:20",747.8,2,rakhansyah
4880,16850098,"Bob Gerry","2026-09-09 05:35:31",747.4,2,bobgerry
4881,16654006,"Harish Dhanarajan","2026-08-03 17:23:50",746.9,1,harishdhanarajan
4882,16663178,Sm00thiecodes,"2026-08-07 11:00:29",746.3,2,sm00thiecodes
4883,16661670,sansm1,"2026-08-04 16:54:59",746.3,2,sansm1
4884,16625663,sota1111,"2026-09-03 01:43:41",746.2,2,sota1111
4885,16847548,"Abhinav Sai Podugu","2026-09-10 06:59:09",746.1,2,abhinavsaipodugu
4886,16809515,"Александр Трифонов","2026-09-12 20:13:15",745.9,2,cybrvibe
4887,16632426,Santhana,"2026-09-16 16:16:53",745.9,2,santhanalekshmic
4888,16655596,Bela,"2026-08-04 01:18:06",745.6,1,istribaik
4889,16662094,"moncef elm","2026-09-05 21:39:39",744.6,2,moncefelm
4890,16661685,"Lê Ngọc Lâm","2026-08-13 15:29:40",744.1,2,lengoclam
4891,16818689,Takashi,"2026-09-12 10:43:09",744.1,2,takashi1
4892,16663515,HamsterSashka,"2026-08-20 14:40:55",744.1,2,hamstersashka
4893,16654419,kreiack,"2026-08-09 23:47:00",743.9,2,kreiack
4894,16632536,"Aleksander Sachuk","2026-08-02 21:33:27",743.8,2,alexsssachuk
4895,16699045,"Abu Kayyisah Basyid","2026-09-16 16:54:43",743.7,2,abukayyisahbasyid
4896,16775250,Junrong,"2026-08-30 00:00:13",743.7,2,fjhgjf
4897,16769419,dylanaki,"2026-09-05 15:08:18",743.4,2,dylanaki
4898,16680239,"Marinto Richee J","2026-08-12 08:21:02",743.4,2,marintoricheej
4899,16659435,Zerabyte_X,"2026-08-04 09:52:16",743.2,1,zerabytex
4900,16739551,arao,"2026-08-28 21:24:55",742.7,2,anjanarao
4901,16629983,Amundsen,"2026-08-05 06:51:46",742.6,2,amundsen
4902,16630111,jannchie,"2026-08-04 19:09:17",742.5,2,jannchie
4903,16644221,"Guzha Panashe H","2026-08-22 15:34:41",742.5,2,guzhapanasheh
4904,16884517,"Fizie Fulumaka","2026-09-14 07:46:31",742.3,2,fiziefulumaka
4905,16693903,"Alief Randiansyah","2026-08-09 09:37:39",742.3,1,"aliefrandiansyah,salsaaghnia"
4906,16668923,"duy tran","2026-08-10 18:38:49",742.3,2,duytran23
4907,16717448,getalife();,"2026-09-03 06:03:38",742.2,2,"byteknight28,dhairyapandya24,rounakagrwl"
4908,16668633,peien5,"2026-08-06 14:44:47",742.0,2,peien5
4909,16898165,"Mahmoud Nasser","2026-09-16 16:32:03",742.0,2,lomnafsk
4910,16775125,weimean,"2026-09-15 18:22:18",741.9,2,gtwm98
4911,16726769,"Ci Zhu","2026-09-09 04:10:37",741.4,2,zhuci1993
4912,16664439,"Tony T","2026-09-10 12:16:04",740.8,2,thekke
4913,16658261,"Manan Khanna","2026-08-04 07:41:27",740.8,1,manankhanna0
4914,16838956,"Michael Brown","2026-09-13 10:11:57",740.6,2,michaelbrown4343
4915,16656170,"Chakrabhuana V  Deva","2026-08-05 06:54:50",740.6,2,chakrabhuanavdeva
4916,16876275,"JOP OK","2026-09-12 12:06:55",740.6,2,fuveo24
4917,16730199,kawanot,"2026-08-24 09:15:18",740.5,2,kawano
4918,16835371,"Eli Ziv","2026-09-06 00:11:52",740.5,2,eliziv027
4919,16623646,"Minal kharat123","2026-09-16 04:54:01",740.5,2,minalkharat123
4920,16623542,Stardrop,"2026-09-04 05:44:53",740.4,1,wscmisx
4921,16719451,"Syed Toubur","2026-09-16 06:33:37",739.4,2,syedtoubur
4922,16634036,"Emanuel Lázaro","2026-08-02 14:55:30",739.1,2,emanuellcs
4923,16623389,"Mominul Islam Hemal","2026-08-02 11:23:03",739.0,2,mominulislamhemal
4924,16662904,Bharathms1902,"2026-08-08 11:41:54",738.7,2,bharathms1902
4925,16652339,"Mohamed Amine Rebhi","2026-08-03 16:03:07",738.7,2,mohamedaminerebhi
4926,16663187,"Teddy McBride","2026-08-07 03:59:53",738.6,2,tedcr100
4927,16734321,SubratP85,"2026-08-25 21:03:35",738.3,2,subratp85
4928,16881685,"Vladislav Mlechko","2026-09-12 16:41:48",738.2,1,vladislavmlechko
4929,16672672,Koiiiiiopen,"2026-08-08 06:25:21",737.9,2,koiiiiiopen
4930,16879185,"xuhang ren","2026-09-16 07:34:34",737.8,2,xuhangren
4931,16656934,"Aleks Kolesnik","2026-09-14 19:02:46",737.7,2,aleksandrkolesnik
4932,16655588,"The Devil's World 678","2026-08-07 10:39:23",737.5,2,thedevilsworld678
4933,16654705,"Abu Saleh","2026-09-09 17:01:47",737.4,2,salehjunior
4934,16896006,jrw208,"2026-09-15 09:37:51",736.6,1,jrw208
4935,16718579,"Nazariy Karpov","2026-08-18 07:28:29",736.4,2,nazariykarpov
4936,16697736,"Daniel Correa","2026-09-15 12:55:14",736.3,2,dcorrea1
4937,16755495,"Leo Udah","2026-09-16 19:27:39",736.0,2,leoudah
4938,16709136,ryanocm,"2026-08-13 15:08:49",736.0,2,ryanong
4939,16688868,AlbanMaurel7,"2026-08-14 01:34:07",736.0,2,albanmaurel7
4940,16770454,"Nawaf Almutairi","2026-09-12 19:23:12",735.9,2,nawafbalmutairi
4941,16721639,"Ankit Sain","2026-08-25 01:14:02",735.8,2,thisankitsain
4942,16747914,"Token's Expired","2026-08-22 16:25:39",735.6,2,"adeebshekh,akratisingh0101,shaankapoor21"
4943,16706738,Moriarty,"2026-09-08 17:43:23",735.5,2,mikhailkachalin
4944,16662749,Jordan,"2026-09-16 04:18:07",735.4,2,extergeist
4945,16763829,"Shane Thivaharraja","2026-09-16 03:10:00",735.1,2,shanethivaharraja
4946,16637489,"Gopal Krishna Gundumalla","2026-08-02 12:39:17",735.0,2,gopalkrishnag
4947,16774682,"Tatsuhito Yoshikawa","2026-09-04 02:14:45",735.0,2,tatsuhitoyoshikawa
4948,16823938,"Santanu Banerjee","2026-09-13 07:05:31",734.9,2,santanubanerjee9
4949,16633808,mmath2,"2026-08-07 10:52:38",734.7,2,mmath2
4950,16663200,BONES,"2026-08-31 06:05:00",734.6,2,tusharkumar23321032
4951,16632694,8ct10nz,"2026-08-04 12:02:49",734.4,2,act10nz
4952,16622312,"Malak Reda","2026-08-03 09:02:41",734.1,2,malak457
4953,16662633,"Shekhar Suman","2026-08-15 19:17:49",734.1,2,shekharvc
4954,16748462,"Jiwon Lee","2026-09-16 15:19:45",734.1,2,jibong7600
4955,16763865,SydneyC666,"2026-08-26 08:50:40",733.8,2,sydneyc666
4956,16655339,harmo-miu,"2026-08-23 05:57:37",733.4,2,harmomiu
4957,16709800,nubx,"2026-08-20 17:12:04",733.1,2,manrajjitsidhu
4958,16862461,"Guilherme Volpe","2026-09-16 22:37:57",732.8,2,guivolpe
4959,16661353,mithi,"2026-08-11 20:04:07",732.7,2,singhaleo
4960,16749524,zzholo,"2026-09-06 00:16:17",732.5,1,zzholo
4961,16676054,"Vladislav Konstantinov","2026-08-08 09:33:35",732.4,2,vladkonstantinov
4962,16658097,Sujay,"2026-09-08 14:00:15",732.3,2,sujayprodduturi
4963,16644566,"Guangjian Dong","2026-08-02 23:59:18",732.0,1,guangjiandong
4964,16843436,ktaery,"2026-09-13 11:24:48",731.8,2,ktaery
4965,16664653,Adir,"2026-08-26 00:49:46",731.6,2,adiradam
4966,16846490,MazharShaikh,"2026-09-12 04:53:27",731.4,2,mazharshaikh
4967,16730326,atsushi11o7,"2026-09-16 11:24:22",730.9,2,atsushi11o7
4968,16806003,"Hazqeel Afyq","2026-09-08 07:26:33",730.9,2,hazqeelafyqathaillah
4969,16675452,Vladislav,"2026-08-12 13:58:35",730.7,2,simmeringoverstep
4970,16658252,"Krishnan CS","2026-08-20 05:28:14",730.7,2,krishnanchathadi
4971,16736314,"wuret henr","2026-08-20 09:10:48",730.4,2,wurethenr
4972,16678370,"Chenhao Wang","2026-08-07 06:37:46",730.3,1,wangles
4973,16639567,YassY_The_AlchemYst,"2026-08-11 15:07:03",730.2,2,yassineelhallaoui
4974,16667058,"Lê Quốc Duy","2026-08-08 01:03:08",730.0,2,lqucduy
4975,16664221,Anish,"2026-08-14 00:53:48",729.8,2,anishmunje
4976,16659874,"ding yumeng","2026-08-26 11:59:06",729.5,2,dingyumeng
4977,16678666,"Rudranarayan Pradhan","2026-08-09 12:28:32",729.5,2,itzrnp
4978,16668361,NinhNguyen,"2026-09-12 12:55:39",728.9,2,ninhnt110695
4979,16650701,"Oliver Wang","2026-08-03 16:17:36",728.7,2,oliverwang15
4980,16623732,A.S.TENSHU,"2026-08-17 16:25:35",728.6,2,kirvk013
4981,16640811,cyberia,"2026-08-02 09:12:23",728.6,1,cyberia
4982,16644185,"Mimic Mohsin","2026-08-02 18:38:46",728.5,1,mimicmohsin
4983,16893654,"Arhaan Aggarwal","2026-09-16 21:50:37",727.1,2,arhaanaggarwal2
4984,16779063,"Yendrew Y","2026-09-16 13:13:13",727.0,2,yendrewy
4985,16703203,"Hamza Shafik ","2026-08-17 23:48:06",726.6,2,hamzashafik12
4986,16682353,"counter puncher","2026-09-16 13:38:14",726.5,2,ahmadabdoumalickdiop
4987,16631978,"batuhan kalem","2026-08-02 22:12:00",726.0,2,batuhankalem
4988,16730180,zshandy,"2026-09-08 04:57:54",725.7,2,zshandy
4989,16638651,Emre,"2026-09-16 21:59:41",725.7,2,emre690
4990,16671980,601918_กิตติพงศ์,"2026-08-08 08:28:12",725.6,2,bluexg5502
4991,16644415,Ztrk,"2026-09-03 17:04:24",725.6,2,ztrk123
4992,16643692,Samsay24,"2026-08-02 17:22:45",725.2,1,samsay23
4993,16844092,Johana01,"2026-09-15 08:10:42",725.2,2,johana01
4994,16682908,"Masha Mashallah","2026-09-12 09:32:09",725.1,2,mashamashallah
4995,16652334,"Aldibek [dsmlkz]","2026-08-27 19:33:18",724.8,2,aldibek
4996,16767709,"Mike Anderson","2026-09-16 13:08:39",724.4,2,manderson240
4997,16692569,"Mark Kirwan","2026-08-26 08:05:16",724.2,2,markkirwan1990
4998,16658048,"Joel jaison 391","2026-08-05 02:31:57",723.7,2,joeljaison391
4999,16882001,"Satyam Pote","2026-09-13 00:00:04",723.3,2,satyampote
5000,16798401,"Hunter Mimaroglu","2026-09-02 22:00:37",723.2,2,huntermimaroglu
5001,16707034,"Muhammed Ali Kul","2026-09-15 14:52:53",723.2,2,muhammedalikul
5002,16876706,"zijun zhang","2026-09-11 17:47:11",723.1,1,kongmu0503
5003,16670424,"Josep Audenis","2026-08-11 17:52:07",722.7,2,josepaudenis
5004,16832844,aliREZA,"2026-09-12 01:16:34",722.6,2,afazlik1
5005,16646360,"Asrith Singampalli","2026-08-03 08:46:59",722.5,2,asrithsingampalli
5006,16758383,"Tong Jing Yen","2026-09-03 20:42:50",722.5,2,tongjingyen
5007,16775353,"YK Pan","2026-09-14 11:19:52",722.1,2,vansher
5008,16770972,"Victoria Makarskaia","2026-08-27 12:28:53",722.1,2,victoriamakarskaia
5009,16664249,"Rohan Jain","2026-08-17 20:26:14",722.0,2,rohanjain2312
5010,16639719,JASONSLIMWONG,"2026-08-02 08:11:22",721.9,2,jasonslimwong
5011,16793626,"KO LIH HAN","2026-09-11 01:29:18",721.6,2,kolihhan
5012,16677514,mayoristaNLP,"2026-08-09 16:33:23",721.4,2,mayoristanlp
5013,16764445,sukesuke012,"2026-09-03 01:40:16",721.3,2,sukesuke012
5014,16755398,takataok_42,"2026-09-16 14:02:03",721.2,2,takataok42
5015,16883264,"João Felipe Aguiar","2026-09-13 15:32:14",720.8,2,joofelipeaguiar
5016,16678044,BJFC,"2026-08-16 09:15:05",720.8,2,"harshithharithsa,svsumanth"
5017,16662984,"Mark Schatza","2026-09-16 20:37:11",720.5,2,markschatza
5018,16880938,nousername22,"2026-09-14 18:33:21",720.2,2,nousername22
5019,16667516,Rosastella,"2026-08-05 16:00:48",720.2,2,rosastella
5020,16775210,"Daniel LPD","2026-09-10 14:44:52",719.4,2,daniellpd
5021,16672035,diet1236364,"2026-08-09 23:37:45",718.9,2,kosuke123
5022,16659125,"Meet Parekh","2026-08-19 10:31:09",718.8,2,meetparekh1
5023,16663933,AnshV1,"2026-08-06 03:03:35",718.5,2,anshv1
5024,16738239,"Yaseen Shah7897","2026-09-08 05:57:15",718.5,2,yaseenshah7897
5025,16726093,CocoTeam,"2026-08-18 14:22:45",718.1,2,"albaasca,ceemeese"
5026,16626217,"Stanislav Chistyakov","2026-08-05 18:52:47",717.9,2,chistyakov
5027,16698596,ymok,"2026-09-12 02:00:52",717.7,2,iromao
5028,16815017,Humanitis,"2026-09-16 18:08:37",717.6,2,humanitis
5029,16672095,"Friaseus ","2026-09-16 22:04:36",717.3,2,friaseus
5030,16632571,"nishchal jain","2026-08-03 07:27:14",716.6,2,nishchaljainds
5031,16639473,"Jeff Borschowa","2026-08-02 00:39:11",716.6,2,jeffborschowa
5032,16692954,"Adam Nhan","2026-08-16 19:10:48",716.5,2,asnhan
5033,16663444,Thomas,"2026-08-11 04:21:42",716.2,2,tartieret
5034,16845284,KD0G22,"2026-09-07 20:07:47",716.1,2,kd0g22
5035,16657887,"Yermak Petro","2026-09-16 10:48:05",715.9,2,yermakpetro
5036,16758298,"Jack p","2026-08-30 07:36:22",715.8,2,jtv199
5037,16635848,KartoplyanePure,"2026-08-31 20:43:34",715.4,2,"danylotovp,wizardmp"
5038,16665301,EricYang03,"2026-08-13 15:49:11",715.1,2,ericyang03
5039,16662375,"Yunusa Hussein Adeiza","2026-08-14 22:12:49",714.9,2,yunusahusseinadeiza
5040,16640877,Yorix.um,"2026-08-02 13:31:28",714.8,1,yorixum
5041,16623969,"Akira Imae","2026-09-16 14:39:24",714.4,2,imaeakira
5042,16670842,Cole,"2026-08-15 19:50:43",714.3,2,colechristensen
5043,16719065,"Aldo Rizona","2026-08-17 15:32:26",714.3,2,aldorizona
5044,16855147,Kao0207,"2026-09-12 12:32:12",714.1,2,kao0207
5045,16658569,"Danu A.","2026-08-05 13:12:09",712.9,2,eu1234
5046,16773966,"Ronel Abraham Mathew","2026-08-26 16:05:26",712.3,2,ronelm
5047,16670759,"Lemmes Yad","2026-08-09 04:37:37",712.3,2,"austinsemmel,jonallday"
5048,16907246,VROPEXT,"2026-09-16 18:46:53",712.1,2,vropext
5049,16659749,"Kavsik YVS","2026-08-22 19:30:45",711.9,2,kavsiku0512
5050,16802598,zxcqqe,"2026-09-12 10:56:15",711.7,2,anonimniygeniy
5051,16634876,MakiMakiAi,"2026-08-02 07:52:40",711.7,2,makimakiai
5052,16655187,cmxu,"2026-08-05 05:31:07",711.7,2,cmxu77
5053,16663356,Farm-ops,"2026-08-06 23:27:37",711.6,2,"dakotavannauker,tsho01"
5054,16636105,"Md. Mehedi Hasan","2026-08-01 14:03:03",711.5,2,mehedi052
5055,16852559,永井こうたろう,"2026-09-09 04:01:11",711.4,2,kotakota914
5056,16664103,izack2666,"2026-08-07 14:41:10",711.3,2,izack2666
5057,16665654,"Anurag H H","2026-09-10 15:05:26",711.3,2,anur4ghh
5058,16639810,gytdrop,"2026-08-14 12:47:28",710.9,2,"kartikeyrajbhar,shaikaktharali"
5059,16760087,Slizzle,"2026-08-30 04:37:40",710.8,2,sloan98
5060,16657419,"Saivedant Hava","2026-08-05 06:36:39",710.7,2,saivedanthava
5061,16762719,"Ahmet Bilginoglu","2026-09-02 20:34:49",710.3,2,ahmetbilginoglu
5062,16662138,"Luan He","2026-09-05 21:53:24",710.2,2,luanhe
5063,16876448,"Max Harvestappen","2026-09-15 16:35:36",710.0,2,ryosukefujita
5064,16759229,"Samuel Kurabachew","2026-08-28 22:17:20",709.7,2,samuelkurabachew
5065,16670365,"Konstantin Alekseev","2026-08-10 10:58:09",709.6,2,alekskst
5066,16656167,"Minh Quang Do","2026-09-11 04:05:53",708.9,2,mrfreddy0209
5067,16661585,"Fully Liquidated","2026-09-01 01:57:16",708.7,2,kriskilgroe
5068,16663659,"Omer Rehman","2026-09-02 11:05:02",708.3,2,omerrehman97
5069,16716089,wuzixiao,"2026-09-08 03:36:02",708.3,2,wuzixiao
5070,16718202,"Abhi Kumar Agrawal","2026-08-18 09:52:24",708.1,2,abhikumaragrawal
5071,16654491,"Amedeo Biolatti","2026-09-08 16:50:15",708.0,2,abiolatti
5072,16797025,"Jonathan Glinton","2026-09-11 17:11:01",707.5,2,jonathanglinton
5073,16786485,"Sam Jenkins","2026-09-01 03:50:16",707.4,2,samjenkinsuk
5074,16652984,hxaxd,"2026-08-05 15:09:49",706.9,2,hxaxdcs
5075,16641068,"Rahul Ray","2026-08-05 14:27:07",706.8,2,rahulray5
5076,16715399,"Julia Chien","2026-09-05 08:21:06",706.8,2,juliachien
5077,16882077,telep,"2026-09-14 15:31:04",706.7,2,vitaliypyvovar1
5078,16728204,Meshwa,"2026-09-04 11:17:12",706.6,2,meshwapatel4287
5079,16758204,kkKaan,"2026-08-24 07:56:58",706.5,2,kkkaan
5080,16756176,"Unsh Rawal","2026-09-06 20:29:16",705.4,2,unshrawal
5081,16635418,ocean240812,"2026-09-16 17:51:10",705.3,2,ocean240812
5082,16887820,"Radosław Czajkowski","2026-09-16 16:26:35",705.2,2,radoslaw
5083,16838855,"Sze Yu Sim","2026-09-09 01:37:05",705.2,2,szeyusim
5084,16674532,"shoaib khan","2026-08-08 01:57:11",705.2,2,manifoldinfo
5085,16691481,"Aditi Salvi","2026-08-18 15:24:53",704.9,2,aditisalvi04
5086,16731443,"Arjun Vinod","2026-08-21 01:00:30",704.9,2,arjun0014
5087,16862913,MLEDV,"2026-09-11 18:13:10",704.6,2,edwardvaines
5088,16635049,rooklift,"2026-08-16 06:27:36",704.4,2,rooklift
5089,16725150,"Nicolae Drabcinski","2026-09-01 11:45:51",704.1,2,nickdrabcinski
5090,16718039,Uman_n3l,"2026-08-31 14:40:32",704.0,2,umann3l
5091,16822523,bvgr,"2026-09-15 19:17:50",703.6,2,vbeeram
5092,16639330,"Dead Signal Works","2026-08-02 12:40:32",703.5,2,brooklynhalmstad
5093,16658272,"Yash Katiyar","2026-08-08 20:17:05",703.5,2,yashkatiyar409
5094,16674543,"Sujal Agarwal2301","2026-08-09 13:37:43",703.3,2,sujalagarwal2301
5095,16823144,"AARAV JADAV","2026-09-10 03:30:21",702.2,2,aaravjadav
5096,16637340,the_vinci_coder,"2026-08-03 16:27:16",702.2,2,lokijt
5097,16726617,"Chase Lebarv","2026-08-19 01:07:58",701.7,2,chaselebarv
5098,16840735,"Heavy Drivers 2.0","2026-09-16 22:40:25",701.5,2,"cranjuice,pgggggggggggg,sudhanvaed25b055"
5099,16698366,Fateyongheng,"2026-08-17 15:08:58",701.5,2,fateyongheng
5100,16724522,"stathis maurog","2026-08-26 07:01:48",700.0,2,stathismaurog
5101,16663343,"Abdullah M. Haque","2026-09-13 18:41:14",699.9,2,abdullahmhaque
5102,16881370,"xianhao Lin6077","2026-09-15 12:39:40",699.8,2,xianhaolin6077
5103,16735298,Watary0927,"2026-08-22 23:25:11",699.7,2,watary0927
5104,16718539,"Divyansh Agrawal","2026-08-14 06:58:46",699.6,2,spartan1925
5105,16809371,"Aashir Noman","2026-09-09 18:30:04",699.6,2,aashirnoman
5106,16669466,"vuppuluri sriramsubhash","2026-08-06 08:42:50",699.3,2,vuppulurisriram
5107,16697844,Noobykiller16,"2026-08-15 06:08:27",699.1,2,noobykiller16
5108,16849153,"Zackary Loevseth","2026-09-08 06:14:48",699.1,2,zackaryloevseth
5109,16635177,Zacchaeus,"2026-08-07 07:04:15",699.0,2,zacchaeus
5110,16702932,kyconf,"2026-09-12 14:10:46",698.8,2,kyconf
5111,16668021,"bali rasem","2026-08-07 16:15:13",698.7,2,balirasem
5112,16799024,Becegatto,"2026-09-08 00:14:41",698.7,2,viniciussignorelli
5113,16815488,"crothety liu","2026-09-05 06:27:35",698.6,2,crothetyliu
5114,16807281,sansh0u0,"2026-09-04 02:16:09",698.5,2,sansh0u0
5115,16671217,"Akshay V","2026-08-21 04:01:22",698.3,2,akshayv1001
5116,16692350,"Emerson Suarez","2026-08-16 05:09:13",698.2,2,jericksystem32
5117,16656709,"Anh-Vu Mai-Nguyen","2026-09-16 22:22:40",698.2,2,mainguyenanhvu
5118,16666452,"victor souza","2026-08-09 17:07:51",698.1,2,victorcaio
5119,16675873,"Zhu Liang","2026-09-13 03:08:44",697.5,2,paradite
5120,16639973,akky,"2026-08-03 15:39:41",697.2,2,tellxxx
5121,16656379,"Jay Gautam","2026-08-12 12:19:40",696.8,2,jaygautam007
5122,16640619,"Sơn Nguyễn","2026-08-28 08:19:19",696.8,2,sonnguyen10
5123,16882072,"Ahmed Isa Zaweel","2026-09-13 09:57:29",696.7,2,ahmedisazaweel
5124,16635421,"Lennart Haupts","2026-09-16 16:38:19",696.5,2,lennarthaupts
5125,16688929,"Kangqiao LIU","2026-08-18 07:44:55",696.2,2,kangqiaoliu
5126,16698007,"Juanma Serrano","2026-08-23 15:49:31",696.0,2,juanmaserrano
5127,16639223,"SIDHAARTH SHREE","2026-08-19 15:03:55",695.7,2,sidhaarthshree
5128,16673477,ArtFix,"2026-08-11 00:51:09",695.1,2,artfix
5129,16692895,Manuf,"2026-09-16 13:30:19",695.0,2,manuelferromorales
5130,16660548,"Viraj Bakshi","2026-08-08 18:50:11",694.6,2,virajbakshi
5131,16716300,"Julian Kerignard","2026-09-07 10:12:31",694.3,2,juliankerignard
5132,16763886,"Jackson Sauls","2026-09-04 22:59:51",693.9,2,jacksonsauls
5133,16662050,HandsOffMyBigMelons,"2026-08-13 22:00:12",693.8,2,scrattle
5134,16853417,"Aditya Prasetyo Budiarso","2026-09-11 11:59:34",693.7,2,artsodeva
5135,16667762,KucingGanteng,"2026-09-12 20:04:37",693.7,2,dhiyaussalam
5136,16708369,JairSanchez151270,"2026-08-11 16:30:55",693.7,2,jairsanchez151270
5137,16635127,"Sergey Bryansky","2026-08-26 20:39:37",693.5,2,sggpls
5138,16881453,"fahim magsi","2026-09-13 15:18:43",693.4,2,fahimmagsi
5139,16715251,SoraGinko,"2026-08-28 18:52:17",693.4,2,terrywuu
5140,16856888,"Md Mehrab Hossain Opi","2026-09-10 07:16:45",692.9,2,iamopi
5141,16710621,(´･_･`),"2026-08-16 07:14:53",692.7,2,tanakh
5142,16665816,Vikas1306,"2026-08-10 05:53:19",692.7,2,vikas1306
5143,16636725,shichi,"2026-08-11 12:47:35",692.6,2,shichi
5144,16757447,soyukke,"2026-09-13 17:38:12",692.4,2,soyukke
5145,16673346,gabrielep09,"2026-08-11 01:52:41",692.3,2,gabrielep09
5146,16674324,"luca fregona","2026-08-08 13:37:49",692.0,2,lucafregona
5147,16883641,"Benedek Brandschott","2026-09-15 14:35:05",691.7,1,benedekbrandschott
5148,16666391,"Harshpreet Singh","2026-08-06 10:32:51",691.5,2,harshpreet931
5149,16759443,"Ayman machhidan","2026-09-12 22:15:45",691.4,2,aymanmachhidan
5150,16872204,"Nguyễn Trần Thanh Bình","2026-09-14 07:30:35",691.4,2,nguyntrnthanhbnh
5151,16641141,"Yuri Barbashov","2026-09-15 20:20:49",691.0,2,yuribarbashov
5152,16792512,ckd999,"2026-09-06 19:15:19",690.9,2,ckd999
5153,16634582,"Tarun Chaudhary","2026-08-12 06:36:33",690.4,2,tarunchdev
5154,16684710,"Pratik Singh","2026-08-11 11:34:48",690.4,2,pratikks11
5155,16641348,wata,"2026-09-16 11:53:32",690.1,2,iwatahiroki
5156,16822111,hikarimaru,"2026-09-10 14:07:36",689.7,2,hikarimaru
5157,16662338,jaepyeocho,"2026-09-13 11:39:37",689.5,2,jaepyeocho
5158,16899300,"Yassine Chritt","2026-09-16 15:46:57",689.1,2,yassinechritt
5159,16665120,nobody,"2026-08-13 14:48:45",689.0,2,rajesh1729
5160,16733131,Rad,"2026-09-16 15:33:50",689.0,2,vnt174
5161,16728069,Taisei7,"2026-09-09 06:27:49",688.8,2,taisei7
5162,16717414,"Akshit Sivaraman","2026-08-13 14:43:40",688.8,2,akshitsivaraman
5163,16675997,"Rintaro Moriwaki","2026-09-16 16:03:10",688.7,2,rintaromoriwaki
5164,16688429,"Omrani Rabah","2026-08-11 22:19:21",688.6,2,omranirabah
5165,16875690,jwboost,"2026-09-16 04:31:31",688.4,2,kiritocui
5166,16696724,arkmid,"2026-09-09 13:11:46",688.3,2,arkmid
5167,16661467,sh_sub97,"2026-08-12 15:20:25",688.3,2,shsub97
5168,16685069,derek_kuang0213,"2026-08-22 10:33:21",688.2,2,derekkuang0213
5169,16804027,ceir-ceir,"2026-09-03 19:11:09",688.1,2,ceirceir
5170,16632950,"Adil Khabibullin","2026-08-04 15:54:11",688.0,2,adilkhabibullin
5171,16743617,Dancing_Chaos,"2026-08-31 15:42:35",687.9,2,"bailynlove4ever,ripplecddc"
5172,16658083,"Gunjan Solanki","2026-09-03 10:39:28",687.8,2,blackhatv1
5173,16658050,"changwei shi","2026-08-18 02:45:47",687.8,2,changweishi
5174,16655142,"Stanislav Kuznetsov","2026-09-03 12:58:20",687.7,2,drtduck
5175,16654193,fvong,"2026-09-04 07:15:22",687.6,2,fvong35963
5176,16705345,"DEMON JI","2026-08-14 15:02:11",687.5,2,demonji04
5177,16635796,MugaBros,"2026-08-04 05:27:02",687.3,2,"drrocktotpalkonwarh,monjyotid"
5178,16860813,hirayuki,"2026-09-16 00:40:02",687.0,2,hirayukis
5179,16669330,"Panagiotis Charalabopoulos","2026-08-26 18:49:46",686.7,2,panagiotischaral
5180,16659174,Soulwood,"2026-09-06 04:56:32",686.5,2,soulwood
5181,16684436,Simon-the-sorcerer,"2026-09-15 21:17:42",686.2,2,simonwiller
5182,16675661,June_mk,"2026-09-06 00:08:47",685.5,2,jungoto
5183,16676308,DC,"2026-08-19 17:34:02",685.4,2,choudahchiun
5184,16712567,PatWid,"2026-08-18 17:17:20",685.2,2,patwid
5185,16655062,KKS,"2026-08-08 07:36:03",684.6,2,sachisgod
5186,16823204,"Adilson Eduardo Tostes Carmo","2026-09-16 22:20:25",684.5,2,eduardotostess
5187,16675952,bazinga,"2026-09-11 19:09:21",684.2,2,stephanhahn16
5188,16863492,"Andrew Kalita","2026-09-10 03:32:25",684.0,2,andrewkalita
5189,16818110,Kactus,"2026-09-16 00:15:43",684.0,2,kactus
5190,16755568,KHuShIMaHajan,"2026-08-21 18:55:05",683.8,2,bymista4578
5191,16823942,"jiajun chi","2026-09-06 04:18:22",683.5,2,jiajunchi
5192,16664828,Leon,"2026-08-09 09:00:09",683.4,2,leonmyl
5193,16719081,数学の山田,"2026-09-15 10:28:05",683.3,2,b612sum1
5194,16763977,"Jong Park","2026-08-26 09:21:40",683.2,2,papercat318
5195,16665984,hepialidae,"2026-08-10 16:05:19",683.0,2,hepialidae
5196,16723241,TrinhDung16,"2026-08-15 16:23:32",682.3,2,trinhdung16
5197,16905608,ChrisVas123,"2026-09-16 09:44:56",681.5,2,chrisvas123
5198,16741188,"Adarsh Samanu","2026-08-20 00:01:33",681.2,2,adarshsamanu
5199,16819872,"Shi Van","2026-09-03 16:50:46",680.6,1,shivanufo
5200,16662486,"KOTHAPALLI DILEEP","2026-08-10 12:06:14",680.6,2,kothapallidileep
5201,16657397,"QSS Technosoft AI Team","2026-08-05 07:47:00",680.4,2,"kunalthedev,nishantkumarabes,prathamydvv,prishagdev,shreyakchakraborty"
5202,16623645,"ayutin tin","2026-08-14 07:48:31",680.3,2,ayutintin
5203,16845664,fabio5050,"2026-09-16 04:04:27",680.2,2,fabio5050
5204,16659294,"Muhammad Rafzan","2026-09-05 18:30:44",679.8,2,revianalfariz
5205,16679079,"cedric stephan ","2026-08-25 20:39:15",679.7,2,cedricstephan
5206,16849778,"Kim Minh","2026-09-15 09:05:40",679.3,2,hanming14
5207,16638667,"Sarvesh Nikas","2026-08-13 06:50:00",679.3,2,sarveshnikas
5208,16777222,"José Daniel Ara","2026-08-27 00:12:53",679.2,2,josdanielara
5209,16709950,"Ryan Myers","2026-09-16 07:50:55",678.8,2,ryanmyers03
5210,16663678,"Fabiano Adelino","2026-08-24 23:45:56",678.5,2,fabianoadelino
5211,16832185,"Andrew Chistyakov","2026-09-07 18:28:23",678.2,2,andrewchist
5212,16696267,"yu lesui","2026-08-10 05:41:40",678.2,2,yulesui
5213,16678773,"Steve Probst","2026-09-09 01:51:39",678.1,2,steveprobst
5214,16664241,payoon,"2026-08-07 08:24:05",677.7,2,payoon1234
5215,16678246,"Mark Holloway","2026-09-05 22:23:35",677.6,2,markholloway
5216,16669392,cobrapigeon,"2026-08-20 18:43:25",677.4,2,cobrapigeon
5217,16780969,"Ewa Suknarowska","2026-08-30 15:53:25",677.4,2,ewasuknarowska
5218,16675475,"Andrey Aristov","2026-08-10 22:02:24",677.3,2,andreyaristov
5219,16624277,"D S S Kumar","2026-08-10 03:22:55",676.8,2,satrusskumar
5220,16784960,i-yuki23,"2026-08-30 01:13:11",676.8,2,iyuki23
5221,16633923,JackyFan123,"2026-08-01 15:22:04",676.6,2,jackyfan123
5222,16770154,Florian,"2026-09-11 07:52:00",676.2,2,ftusek
5223,16653222,StevenYuan7788,"2026-08-17 17:38:44",676.1,2,stevenyuan7788
5224,16668123,B0RN2BL0W0UT,"2026-09-03 12:36:43",675.7,2,kadenmansur
5225,16687808,GorillaGhost,"2026-08-13 23:23:10",675.7,2,gorillaghost
5226,16623555,yindujuxi,"2026-08-01 10:11:35",675.6,2,yindujuxi123
5227,16664154,dwdwdwsdedwd,"2026-08-11 06:29:24",675.4,2,dwdwdwsdedwd
5228,16702270,"Jonas Jaku","2026-09-09 06:37:15",675.3,2,jonasjaku
5229,16713877,FunnyBishop,"2026-08-16 03:19:24",674.8,2,funnybishop
5230,16663784,Aniketh2k7,"2026-08-10 06:02:02",674.7,2,aniketh2k7
5231,16670420,"Mihir Argulkar","2026-08-07 20:03:15",674.6,2,mihirargulkar
5232,16690852,"Naveen Venu Bagadi","2026-08-30 04:38:13",674.4,2,naveenvenubagadi
5233,16659529,"Sanchit Jain","2026-09-16 22:48:29",674.4,2,sanchit1609
5234,16666341,"Ege Güvener","2026-09-11 17:20:35",674.3,2,egegvener
5235,16657095,"Prashant Kumar","2026-08-20 12:59:11",674.3,2,praskr
5236,16841397,"Petro Tarnavskyi","2026-09-06 12:36:05",673.8,2,petrotarnavskyi
5237,16832555,"Yanxi Teng","2026-09-16 18:46:46",673.7,2,yanxiteng
5238,16661943,"Cow Wizard","2026-08-14 02:14:58",673.6,2,cowwizard321
5239,16668168,"Ashutosh Ghodasara","2026-08-10 12:23:21",673.6,2,"asce09,attiraina,hashlord"
5240,16892727,Pi,"2026-09-16 14:20:30",673.5,2,liemdt
5241,16724355,hansama.qht,"2026-09-12 14:43:55",673.5,2,hansamaqht
5242,16694779,JacobKooi,"2026-08-10 09:16:35",673.3,2,jacobkooi
5243,16655217,"Jiawei Zhao","2026-09-14 12:29:39",673.1,2,c789a123
5244,16630741,mrk,"2026-08-05 09:49:44",673.0,2,matsubaratakuji
5245,16719745,"Masih Pemula Beneran","2026-08-31 02:14:53",672.8,2,mikhaeldhika
5246,16694269,Aftxb,"2026-08-11 14:58:08",672.8,2,aftxb07
5247,16665395,"bachi idriss","2026-08-10 15:23:30",672.6,2,bachiidriss
5248,16709481,"Gerbilles Saucières","2026-08-22 10:38:44",672.2,2,"benjaminhrt30,volbox1902"
5249,16798268,KAEOS,"2026-09-06 20:09:49",672.1,2,hitesh221
5250,16767802,"Luis Fernando Faria","2026-08-31 20:57:29",671.9,2,luisfernandofaria
5251,16777746,"Daniel Bandy","2026-08-29 02:04:01",671.7,2,goddangitboby
5252,16738994,"Hem Viramgama","2026-08-21 00:34:48",671.5,2,hemviramgama
5253,16657332,"Amit Malakar","2026-09-16 16:39:28",671.4,2,amitmalakarjoy
5254,16741892,astro,"2026-08-20 20:49:49",671.2,2,mayursamrutwar
5255,16772673,"Alejandro Rendon B.","2026-09-09 23:15:52",671.2,2,alejandrorendonblan
5256,16898276,SergioMoras,"2026-09-16 19:36:28",671.2,2,sergiomoras
5257,16863974,suteno,"2026-09-16 08:05:20",671.1,2,sutekikano
5258,16739640,TeamBanzaiSL,"2026-08-27 17:13:26",670.6,2,teambanzaisl
5259,16630559,khan,"2026-08-02 12:18:56",670.4,2,khansolov
5260,16741660,Dhruv_Goyal990,"2026-09-03 16:20:31",670.4,2,"dhruvgoyal990,prathameshbelavagi"
5261,16731516,Sumit0694,"2026-09-15 21:17:01",669.8,2,sumit0694
5262,16696208,"kazwzn S","2026-09-16 09:56:52",669.8,2,kazwzns
5263,16746380,JKong,"2026-08-22 01:40:01",669.8,2,kmt2001
5264,16734712,"Jamshid Ganiev","2026-08-19 06:03:31",669.7,2,jamshidganiev
5265,16736632,Leo,"2026-09-15 02:33:58",669.4,2,huangkx666
5266,16664149,"Bushel Seed","2026-08-12 17:10:56",669.4,2,"dmyung,nicholasmschwartz"
5267,16739128,"Praneeth Paikray","2026-09-07 11:18:26",669.3,2,paiky1995
5268,16759623,"zhenglu wen","2026-08-26 06:24:09",669.3,2,zhengluwen
5269,16658430,bruyantq,"2026-09-13 08:10:44",669.2,2,bruyantq
5270,16759162,sgsuh,"2026-09-13 13:24:02",669.1,2,seukgyo
5271,16804094,faheem,"2026-09-16 16:06:24",668.9,2,faheemkhaskheli9
5272,16750175,"Quentin Pr","2026-08-27 18:08:14",668.9,2,quentinpr
5273,16664024,"Juan David Bolanos","2026-08-13 17:06:00",668.5,2,juandavidbolanos
5274,16640461,"Shigeru Kondou","2026-09-09 06:21:23",668.5,2,shigerukondou
5275,16668298,"Riki Garcia","2026-08-26 15:36:14",668.5,2,rikigarcia
5276,16639679,"Felix Allistar","2026-09-10 22:59:01",668.3,2,felixallistar
5277,16656072,Vespidae,"2026-08-14 03:30:03",668.1,2,ianapis
5278,16636454,epigene,"2026-08-02 10:14:52",668.1,2,nadhu59648
5279,16699578,kakanekoka,"2026-09-04 17:45:15",668.1,2,kakanekoka
5280,16659974,"anthony sinchi","2026-08-18 00:01:08",668.1,2,anthonysinchi
5281,16664219,JosephGuhlin,"2026-08-10 08:46:16",668.0,2,jguhlin
5282,16665517,"RUEI-HSIANG. CHANG","2026-08-17 15:23:55",667.9,2,rueihsiangchang
5283,16687883,CherylStoned,"2026-08-11 22:53:28",667.5,2,cherylstoned
5284,16637898,"Marek Nurzynski","2026-08-01 16:06:46",667.4,1,marek3000
5285,16633175,"Umut Kıvanç Sipahioğlu","2026-08-04 15:51:56",667.4,2,umutkvansipahiolu
5286,16684957,"Lucas Ferreira","2026-08-11 18:20:43",667.1,2,lucasdeoferreira
5287,16756113,"George Megre","2026-09-16 07:04:00",666.7,2,georgemegre
5288,16737986,"Edris Yawar #2","2026-09-05 09:32:08",666.5,2,edrisyawar
5289,16654456,"Tristan Peng","2026-08-09 17:00:48",666.4,2,tristanpeng
5290,16687925,BillDoser,"2026-09-11 21:54:35",666.4,2,billdoser
5291,16658602,aldoktvns,"2026-08-04 15:51:08",666.4,2,alrette
5292,16660955,"Nihal l.suvarna","2026-09-16 18:04:44",666.4,2,nihallsuvarna
5293,16654743,"Jaume Batlle i Ferrer","2026-09-16 22:55:22",666.2,2,jaumebatlleiferrer
5294,16630519,"Mehmet Özer","2026-08-01 16:51:55",666.2,2,ozermehmet
5295,16695822,"Ahmad Elawady","2026-08-18 20:06:59",665.7,2,aielawady
5296,16658377,Masaya,"2026-09-04 15:10:14",665.7,2,irrohas
5297,16672103,"fred mahinay","2026-08-24 23:34:48",665.6,2,fredmahinay
5298,16740404,BarrelAged,"2026-09-13 11:27:04",665.4,2,johnhosack
5299,16712321,"Elias Schecke","2026-09-11 15:00:14",665.2,2,eliasschecke
5300,16656274,googunmo,"2026-08-08 01:13:58",665.1,2,googunmo
5301,16677402,"Hıdır Demir","2026-09-10 22:35:54",665.0,2,hdrdmr
5302,16755681,nic001,"2026-08-28 08:06:19",664.8,2,mimamura
5303,16690988,"Aditya Bharadwaj","2026-08-20 10:02:32",664.4,2,adityabharadwaj26
5304,16876021,"Jeff Law #2","2026-09-16 20:33:05",664.2,2,jlaw99
5305,16636954,"Jeff Horon","2026-09-13 16:30:41",664.0,2,jeffhoron
5306,16798478,"Vinicius Pupin","2026-09-02 21:29:51",663.6,2,viniciuspupin
5307,16708189,Facouse,"2026-08-11 16:09:17",663.6,2,facouse
5308,16727219,"Chukka Venugopalam","2026-09-16 16:40:02",663.5,2,chukkavenugopalam
5309,16663238,"Francesco Zaccaria","2026-08-21 07:28:57",663.3,2,francescozaccaria
5310,16679295,Mk26,"2026-09-04 13:52:05",663.0,2,"manishk26,mans31"
5311,16701036,"Tiandong Wang","2026-08-19 11:45:32",662.9,1,condone
5312,16655744,"Ademola Arigbabuwo","2026-09-03 21:44:49",662.9,2,princedemo
5313,16888546,"Skskj Sskm","2026-09-16 03:06:12",662.7,2,skskjsskm
5314,16668868,tawashi,"2026-08-13 06:51:45",662.4,2,tawashi
5315,16884815,"Idrees Asghar","2026-09-16 17:39:46",662.2,2,adiladil1275
5316,16668748,"Harrison Interactive","2026-09-16 21:37:29",662.2,2,nosiru
5317,16667874,Vidushiii,"2026-08-10 12:25:42",662.0,2,vidushianand09
5318,16657646,mountainbob,"2026-09-14 06:30:19",661.8,2,shongpakmanoon
5319,16664804,ryanovovo,"2026-08-05 18:02:38",661.8,2,ryanovovo
5320,16670214,"Louis @ tradeInsight.ai","2026-08-21 15:18:11",661.7,2,louisquart
5321,16847275,"Giovanni Marco Dall'Olio","2026-09-09 20:43:20",661.6,2,dalloliogm
5322,16809762,"Ryan Wong","2026-09-04 14:47:39",661.6,2,taggatle
5323,16871483,prapproved,"2026-09-15 10:16:55",661.6,2,prapproved
5324,16654855,"Pedro Rezende Gomes","2026-08-06 00:41:30",660.9,2,pedrorzgomes
5325,16693137,"Ich Benavides","2026-09-06 18:24:52",660.8,2,jabeichbenavides123
5326,16860088,Lockers,"2026-09-09 11:32:59",660.7,1,lockers123
5327,16724002,Yahia717,"2026-08-20 20:48:31",660.6,2,yahia717
5328,16669561,"Nikunj Pahwa","2026-08-15 20:04:36",660.6,2,nikunjpahwa
5329,16729859,wintermute,"2026-09-02 19:15:07",660.3,2,siraev
5330,16811210,"Matt Dowis","2026-09-04 14:41:36",660.2,2,mattdowis
5331,16776928,aiexpert1120,"2026-09-01 16:48:18",659.7,2,aiexpert1120
5332,16672493,ChloeeeeY,"2026-08-23 06:17:03",659.7,2,chloeeeey
5333,16840576,kfsky,"2026-09-08 05:50:25",659.5,2,kengofujii
5334,16663361,protoLabs.studio,"2026-08-06 18:39:50",659.4,2,protolabsstudio
5335,16691580,"Toni Blanco","2026-08-11 13:10:45",658.8,2,toniblanco
5336,16656501,"Thái Phạm Công","2026-08-05 03:59:47",658.7,2,thaipc
5337,16885575,"Kotaro Imamura","2026-09-13 23:53:16",658.5,1,kotaroimamura
5338,16695662,"Ollie Lowe2","2026-08-16 16:47:01",658.3,2,ollielowe2
5339,16738538,ZHANG_WuHua,"2026-08-18 16:21:19",658.2,2,zhangwuhua
5340,16656162,Marisyn,"2026-08-18 18:19:19",658.2,2,marisyn
5341,16635004,"jacob OKOTH O","2026-08-02 05:57:05",657.9,1,jacobokotho
5342,16810807,Cordiz,"2026-09-03 22:42:51",657.7,2,cordiz
5343,16780019,"hamza khokhar890","2026-09-07 18:49:09",657.6,2,hamzakhokhar890
5344,16670834,romin_123,"2026-08-14 01:25:19",657.5,2,romin123
5345,16633240,Igor,"2026-09-13 10:46:09",656.6,2,igor14497
5346,16699415,"Dohwan Kwak","2026-08-31 01:05:28",656.5,2,dohwankwak
5347,16799014,"Vaibhav singh kaira","2026-09-12 04:49:54",656.2,2,vaibhavsinghkaira
5348,16657570,"Guruprasad Parasnis","2026-08-10 12:04:57",656.1,2,guruprasadparasnis
5349,16661225,"Menelik Zafir","2026-09-16 18:18:38",656.1,2,monibeefudgekins
5350,16630501,"Haris Ahmed","2026-08-14 10:08:51",656.0,2,harisahmedgenai
5351,16633928,ghostiee11,"2026-08-01 01:33:25",655.7,1,ghostiee11
5352,16639492,"Vishnu R Mohan","2026-08-08 20:36:19",655.6,2,vishnurmohan
5353,16668269,"Rashi Jain07","2026-08-05 17:46:37",655.5,1,rashijain07
5354,16635670,"Mr.S hanakosan","2026-08-09 00:31:34",655.4,2,earlgreytea15
5355,16726941,CJ103CJ,"2026-08-23 12:52:07",655.4,2,cj103cj
5356,16668089,Goller,"2026-08-26 15:05:53",654.9,2,goller
5357,16854582,BlackWizard00,"2026-09-08 15:32:36",654.9,2,blackwizard00
5358,16649344,BeyondAnalytics,"2026-08-28 12:00:36",654.7,2,radumarinion
5359,16631353,"Shivam Shinde","2026-08-01 15:29:24",654.2,2,shindeshivam
5360,16687788,skalermo,"2026-08-26 15:57:41",654.1,2,skalermo
5361,16769767,bruhbruh,"2026-08-28 08:51:26",653.9,2,nguyendinhbach69
5362,16893361,lemonjuice2312,"2026-09-15 23:28:20",653.9,2,lemonjuice2312
5363,16851573,NaNomin,"2026-09-08 01:55:42",653.9,1,nanomin
5364,16664709,kai,"2026-08-18 23:29:11",653.7,2,sungwo101
5365,16747390,SawadaTsurumai,"2026-08-24 09:48:07",653.7,2,sawadatsurumai
5366,16760439,XLX,"2026-09-06 03:20:58",653.5,2,lonelygleaner
5367,16668720,"etienne duplessix","2026-08-10 22:48:53",653.2,2,etienneduplessix
5368,16633466,"Aarush pandey","2026-08-25 19:17:14",653.0,2,aarushpandey
5369,16665942,"Satvik R Shetty","2026-08-09 03:59:52",652.8,2,satvikrshetty
5370,16841747,"Carlos Bósquez","2026-09-14 06:10:46",652.8,2,carlosbsquez
5371,16699838,"Harry Taylor","2026-08-21 10:38:18",652.5,2,harryphysics
5372,16675888,"Rob Gonzalez","2026-08-08 14:58:43",652.2,2,robg475
5373,16781447,"Cody Schrank","2026-08-31 04:38:57",652.1,2,codyschrank
5374,16680342,Game_khó_vkl,"2026-08-13 19:28:01",652.0,2,maruusha
5375,16666204,"David Nana Kofi Ofosu-Arko","2026-08-05 11:04:42",651.8,2,davidnanak
5376,16738805,"Sergey Panasenko","2026-08-31 23:14:50",651.8,2,spanasenko
5377,16665042,Neo_0x3f,"2026-08-10 21:36:56",651.0,2,neo0x3f
5378,16905517,Marti,"2026-09-16 09:41:45",650.7,2,marticn
5379,16699091,Umkaaa,"2026-09-15 14:04:55",650.6,2,umkaaa
5380,16857130,"Joao Araujo","2026-09-09 01:11:50",650.3,2,jhcaextra
5381,16654267,maniginam,"2026-09-17 00:00:08",650.3,2,maniginam
5382,16622993,"Yaroslav Tanko","2026-08-18 04:34:12",650.0,2,yaroslavtanko
5383,16761227,Ciel_ing,"2026-08-23 10:03:29",649.9,2,cieling
5384,16631090,yoikoarmor,"2026-08-09 07:01:44",649.6,2,yoikoarmor
5385,16631573,uesi,"2026-08-01 12:04:04",649.3,1,uemura687
5386,16669489,"Yichi Zhang","2026-08-28 19:31:07",649.3,2,yichizhang12
5387,16731260,"Jeel Gajera","2026-08-18 07:44:44",649.1,2,jeelog
5388,16650160,nori8774,"2026-08-10 06:26:21",649.1,2,norimasayamamoto
5389,16658043,"Tran Huy Hoang1312","2026-08-05 01:58:39",648.9,2,tranhuyhoang1312
5390,16633269,op_star_platinum,"2026-08-09 17:52:52",648.7,2,opstarplatinum
5391,16655340,LGarcia10,"2026-08-17 13:17:31",648.4,2,leonardogarcia10
5392,16797969,probability,"2026-09-07 09:44:49",648.2,2,probabilitywavepeak
5393,16679887,ScriptRed,"2026-08-09 00:36:30",648.1,2,scriptred
5394,16635055,chch,"2026-09-16 00:51:55",647.8,2,chchentw
5395,16665342,Prothos,"2026-08-23 13:44:29",647.8,2,vjuenemann
5396,16664112,"Ethan Hung","2026-08-08 21:44:57",647.4,2,chinesegorilla99
5397,16734672,"Artom  Wade","2026-09-15 19:44:17",647.3,2,artomwade
5398,16633772,ayuma,"2026-08-03 06:01:01",647.2,2,onthoze
5399,16723528,"Singaraj B","2026-09-05 15:33:26",647.0,2,singarajb
5400,16657290,lol-hiker,"2026-09-08 07:32:03",647.0,2,lolhiker
5401,16733961,"Julia Fredo","2026-09-16 23:43:26",647.0,2,juliafredo
5402,16718133,KaranjeetSingh1110,"2026-09-16 15:31:45",646.9,2,karanjeetsingh1110
5403,16686787,"Lars Kammeijer","2026-08-07 21:31:11",646.8,2,larskammeijer
5404,16663736,"Life Is Roblox","2026-08-17 18:58:37",646.8,2,alexlisenko
5405,16667258,"Firman Imam","2026-08-09 02:36:56",646.3,2,piririp
5406,16766888,"Alex #4","2026-08-24 14:42:19",646.2,1,alxndrvara
5407,16750036,"Kiệt Lưu","2026-09-05 03:41:19",645.9,2,jaxyss
5408,16707037,"Cedoque BAGBONON","2026-09-16 20:44:10",645.8,2,cedbag
5409,16688108,Special_octo20,"2026-09-14 19:16:13",645.7,2,specialocto20
5410,16846149,"Arnav Salkade","2026-09-07 15:00:23",645.6,2,arnavsalkade
5411,16660805,"Ramon van Dijk","2026-08-05 05:48:21",645.6,2,ramonvandijk
5412,16656013,Asuran,"2026-09-04 04:43:56",645.5,2,zkasuran
5413,16664457,yaohongfu,"2026-08-10 12:30:43",645.3,2,yhfwww
5414,16888900,"Koh Endru","2026-09-15 10:02:13",645.1,2,kohendru
5415,16786043,Palimpsesto,"2026-09-08 23:44:50",644.8,2,denzelfuentes
5416,16763838,"L. Barriga","2026-09-09 10:57:18",644.7,2,lbarriga
5417,16756972,"Đức Hải Hà","2026-09-16 17:14:33",644.6,2,tankinguyen
5418,16662191,"Daniele Rufo","2026-09-16 06:22:08",644.5,2,danielerufo
5419,16846968,kfous,"2026-09-15 22:40:25",644.4,2,kfousekis
5420,16666833,DenisKoronchik,"2026-09-14 21:19:27",644.4,2,deniskoronchik
5421,16759351,"Shinsaku Haruta","2026-09-12 23:43:26",644.3,2,shinsakuharuta
5422,16879477,liuzewen123,"2026-09-16 13:31:55",644.1,2,liuzewen123
5423,16658224,"Daniel Gallardo Gómez","2026-08-07 08:17:24",644.0,2,danielgallardogmez
5424,16645297,Mark_RowSet,"2026-08-09 05:25:39",643.7,2,markrowset
5425,16640816,pawaraman,"2026-08-02 19:46:52",643.6,2,pawaraman
5426,16861544,"Hiroyuki Fujimaki","2026-09-16 01:50:12",643.5,2,hiroyukifujimaki
5427,16772678,SuppliLion,"2026-09-02 21:44:21",643.5,2,supplilion
5428,16784154,JoshJML,"2026-09-03 05:39:26",643.4,2,joshjml
5429,16653828,Boltuzamaki,"2026-08-23 18:40:37",643.3,2,boltuzamaki
5430,16656912,"Sami Ali","2026-08-07 00:48:33",643.1,2,mrsamiali
5431,16624506,zhongtian,"2026-09-16 10:49:30",643.0,2,kmtbang
5432,16848956,hkassimi,"2026-09-16 16:25:40",642.7,2,hkassimi
5433,16656107,Aotokitsuruya,"2026-09-02 14:35:20",642.7,2,elct9620
5434,16890238,remi_hr,"2026-09-15 09:06:15",642.4,2,remihrf
5435,16660310,KOLONEX.NET,"2026-08-10 12:40:46",642.2,2,danielandresmiranda
5436,16748979,"Venkata Madhu Sai D ","2026-08-21 19:49:08",642.1,1,venkatamadhusaid
5437,16659817,"Viet Anh Ngo ","2026-08-31 09:41:08",642.1,2,vietngogm
5438,16692401,"Abdurehman Iqbal","2026-08-14 09:13:08",642.0,2,abdurehmaniqbal
5439,16767934,"taha berk","2026-08-26 15:21:51",641.7,2,tahaberkterekli
5440,16695633,"Kiran Kumar","2026-09-12 16:57:52",641.7,2,iamrkk
5441,16623886,onepunch999,"2026-08-01 07:30:37",641.4,2,onepunch999
5442,16839427,kooooozh,"2026-09-16 11:35:57",641.3,1,grigoriykozhemyakin
5443,16664884,Abhijeetgg,"2026-08-12 08:53:50",641.1,2,abhijeetgg
5444,16663884,DevilQ,"2026-08-23 22:08:52",640.8,2,"parhamesm,samuelescarfone12"
5445,16638031,vlad101,"2026-08-21 15:10:27",640.3,2,vlad101
5446,16745972,yamy893,"2026-08-22 02:14:20",640.3,2,yamy893
5447,16705348,"Howard lin","2026-08-20 23:01:36",640.2,2,howardlin007
5448,16898049,"Alua Аkhmetkali","2026-09-16 17:44:04",639.9,2,alua01
5449,16780484,"Edmond Kirsch","2026-09-01 17:30:28",639.5,2,edmondkirsch
5450,16742073,"nguyễn huệ anh","2026-09-15 15:55:00",639.5,2,akapatu
5451,16781242,"Bobby Clare","2026-09-03 17:04:16",639.3,2,bobbyclare
5452,16854414,handsomeHBS,"2026-09-13 16:07:19",639.2,2,handsomehbs
5453,16865424,lost,"2026-09-16 13:00:55",639.2,2,fluorescencexe
5454,16768466,BenJung,"2026-09-16 09:44:23",638.8,2,"benjung2512,hyeonglvl,hyeonho028,limjoonsoo"
5455,16832474,"Isaac D. Hérnandez G.","2026-09-15 23:52:34",638.4,2,isaacdhrnandezg
5456,16777065,"dani yemane","2026-09-16 20:22:16",638.1,2,daniyemane
5457,16791960,Boladi,"2026-09-10 00:53:38",637.8,2,boladi
5458,16692994,turneja,"2026-08-08 23:50:13",637.3,2,turneja
5459,16793385,"Rishav Utkarsh","2026-09-14 16:28:41",637.2,2,rishavutkarsh
5460,16669052,"Md. Asif Hossain","2026-09-16 19:57:29",637.2,2,sabuktagin
5461,16746151,"Nicolas Gomasjaya","2026-08-26 16:57:08",637.1,2,nicolasgomasjaya
5462,16790257,"Shivam Kushwaha","2026-08-30 11:55:08",637.0,2,shivamk21
5463,16808956,"Denis Zerov","2026-09-03 10:59:46",636.6,2,dinoden
5464,16721960,"Lê Khang","2026-08-18 19:42:43",636.5,1,kobtdatten
5465,16699488,"Kelvin Lai","2026-09-16 09:47:14",636.5,2,kelvin84hk
5466,16752324,"yunchuan liu","2026-09-06 22:21:06",636.4,2,hoteye
5467,16662015,"ryan panda","2026-09-09 22:46:56",636.3,2,hollowpurple
5468,16795070,"HKUST Random","2026-09-11 03:37:34",636.3,2,siulungfan
5469,16685938,"Gautier Fauchart","2026-08-12 05:57:21",636.2,2,gautierfauchart
5470,16750447,Morpheus0303003,"2026-08-24 16:58:42",636.0,2,morpheus0303003
5471,16661529,"AL Najafi","2026-08-08 03:39:39",635.8,2,alnajafi
5472,16658660,"Leo Lai","2026-08-13 08:14:45",635.6,2,junweilai
5473,16744133,"levr hang","2026-09-08 16:39:27",635.5,1,levrhang
5474,16661650,"Docker container","2026-08-15 18:52:39",635.3,2,yossefaymanzedan
5475,16712410,aysfshn,"2026-09-09 15:09:08",635.3,2,aysfshn
5476,16793892,cjc0013,"2026-08-31 18:27:50",635.3,2,cjc0013
5477,16662128,BenPalmer59,"2026-08-11 19:16:24",635.2,2,benpalmer59
5478,16738700,"Bugra Cinar","2026-08-19 07:51:58",635.2,2,bugracnr
5479,16654746,"Michael Mullen","2026-08-06 11:08:31",634.8,2,mmullen200
5480,16668211,"Alejandro Hernández Mairal","2026-09-03 13:28:29",634.4,2,alherma7
5481,16712870,"Jose Gibson","2026-08-13 20:09:11",633.9,2,josegibson
5482,16642846,"Leonid Zaporozhets","2026-08-02 20:03:13",633.6,2,leonidzaporozhets
5483,16664159,"james nazareth","2026-08-19 02:13:23",633.6,2,jamesnazareth
5484,16692750,"Hoya need job","2026-09-14 21:58:28",633.2,2,pranavwankhade
5485,16677105,"Chaitanya Yadav","2026-08-16 10:36:07",633.2,2,xhaitanya
5486,16655013,"Adrian Martinez 1111","2026-08-12 00:52:14",633.0,2,adrianmartinez1111
5487,16632266,"(ノ◡ <)","2026-09-09 07:15:13",633.0,2,nawfeelrahman1124444
5488,16699292,"Siddharth Kumar Gopal","2026-08-14 16:35:03",632.6,2,siddharthkumargopal
5489,16639970,Gowtham2962s,"2026-09-14 09:20:56",632.5,2,gowtham2962s
5490,16880672,"Bennett Hellman","2026-09-16 13:21:21",632.3,2,bennetthellman
5491,16801855,KooDol,"2026-09-15 20:11:34",632.2,2,koodol
5492,16659828,"Lebansty Valan","2026-08-21 14:14:56",632.2,2,lebanstyvalan
5493,16755111,ingemarieke,"2026-08-21 15:04:53",631.9,1,ingemarieke
5494,16888646,tinaztepec,"2026-09-15 02:23:38",631.6,2,tinaztepec
5495,16727241,Yogesh2850,"2026-08-17 09:55:08",631.0,2,yogesh2850
5496,16725010,jenninglim,"2026-08-23 08:38:47",630.8,2,jenningl
5497,16655411,フナコシ,"2026-08-20 13:47:26",630.5,2,kokifunakoshi
5498,16730028,"Ken Qian","2026-08-17 03:10:15",630.3,2,kenqian
5499,16648215,"Terrence Chuwe","2026-08-03 13:32:15",630.2,2,terrencechuwe
5500,16826098,Nomushin,"2026-09-11 13:22:26",630.1,2,nomushin
5501,16803726,Yaromir_Ko,"2026-09-08 13:25:00",630.0,2,ronanndex
5502,16748955,micchy,"2026-09-13 04:59:51",629.8,2,micchy326
5503,16689033,arman1o1,"2026-09-01 05:01:27",629.7,2,arman1o1
5504,16864558,"Henghan Dong","2026-09-14 03:42:19",629.7,2,henghandong
5505,16656460,dlutwzh,"2026-08-08 06:48:33",629.6,2,dlutwzh
5506,16692896,"Guy Lev","2026-08-20 19:18:52",629.3,2,sarthobi
5507,16629844,IsaacJinyu,"2026-08-01 15:39:55",629.2,2,isaacjinyu
5508,16641893,"Kashyapsinh gohil","2026-09-16 14:03:09",629.0,2,kashyapsinhgohil
5509,16651593,"huanxian chen","2026-08-11 11:13:05",628.9,2,huanxiachen
5510,16623836,awarse,"2026-09-04 09:06:23",628.9,2,awarse
5511,16845009,"Nyasha Gandah","2026-09-15 06:20:21",628.9,2,nyashagandah
5512,16892257,ShadowMist01,"2026-09-16 10:00:40",628.8,2,shadowmist01
5513,16660090,"Kaggriculture @ Farmageddon","2026-09-06 06:28:47",628.8,2,gary08phillios
5514,16741121,"Vignesh Nehru","2026-09-14 11:32:38",628.7,2,vigneshnehru
5515,16698034,Anatoliy_Fomin,"2026-08-12 12:57:18",628.4,2,anatoliyfomin
5516,16670615,Ahornsirup,"2026-09-06 21:03:14",628.3,2,ahornsirup
5517,16723729,"Lucas Cimiano","2026-08-29 17:21:55",627.9,2,lucascimiano
5518,16752362,"Shashank Jangid (G25AIT2100)","2026-09-11 16:15:05",627.8,2,shashankjangid
5519,16705328,"Ester Arias","2026-09-16 22:32:07",627.5,2,esterarias
5520,16686715,"Adrien Secondaire","2026-08-08 15:54:58",627.4,2,adriensecondaire
5521,16733763,Gaurav,"2026-09-04 00:54:37",627.4,2,gauravahlawat
5522,16657547,"Pranav Thota","2026-09-16 09:23:22",627.4,2,pranavthota
5523,16636808,"Kaito Ichikawa","2026-09-15 09:17:40",627.3,2,kaitoichikawa
5524,16658655,HbjaHbja,"2026-08-12 12:18:51",626.7,2,hbjahbja
5525,16748603,qianzhonhao,"2026-09-03 08:20:45",626.7,2,qianzhonhao
5526,16727059,ksankeerth1,"2026-09-03 02:28:22",626.6,2,ksankeerth1
5527,16677701,"Coşkun Bağrıaçık","2026-08-10 00:02:25",626.5,2,cbagriacik
5528,16757614,"Eduardo Molina","2026-09-06 04:04:22",626.3,2,eduardomolinaai
5529,16660491,"Ryan Hancock","2026-08-08 09:56:54",626.3,2,rychanfox
5530,16665759,"Shawn Zhang","2026-08-21 10:18:20",626.0,2,shawnzhang0318
5531,16786437,"Kiran Narayana K","2026-08-30 06:45:20",625.9,2,kirannarayanak
5532,16809158,"Kaito Sada","2026-09-08 05:17:26",625.5,2,kaitosada
5533,16764149,"Manish Rai","2026-09-06 20:01:53",625.3,2,magiuscain
5534,16756564,"Nicolas Defossé","2026-08-25 21:10:58",625.3,2,nicolasdefoss
5535,16747180,KaiKogure,"2026-09-03 12:46:04",625.2,1,kaikogure
5536,16755344,"Alizen James","2026-08-23 18:34:30",624.8,2,alizenjames
5537,16667514,"Kakarott 10","2026-08-06 09:05:43",624.7,2,kakarott10
5538,16745109,deflexor,"2026-08-27 21:35:07",624.7,2,deflexor050
5539,16655199,"Alexander Ulrich","2026-08-12 19:44:20",624.7,2,alexanderulrich01
5540,16655595,ashsah,"2026-08-31 08:37:35",624.5,2,ashsah
5541,16632994,primal,"2026-08-12 16:02:29",624.2,2,primalhost
5542,16763113,sowhatwillwelearn,"2026-09-01 11:03:47",623.9,2,sowhatwillwelearn
5543,16899050,SerenaLsr,"2026-09-16 03:35:02",623.8,2,serenalsr
5544,16711567,"Finn Brooks","2026-08-15 04:40:11",623.1,2,finnbr
5545,16687390,"Mark Calvert","2026-08-08 09:51:55",623.1,2,markycalvert
5546,16725913,StarStone_233,"2026-08-16 07:22:12",623.1,2,starstone233
5547,16665476,"Zhanghao Chen69","2026-08-19 12:42:33",623.1,2,zhanghaochen69
5548,16655044,"Darius Kolycius","2026-08-04 09:49:01",623.0,2,dariuskolycius
5549,16668711,"David Leati","2026-08-28 00:47:39",622.5,2,davidleati
5550,16673109,"Surya Bhattiprol","2026-09-15 15:48:38",621.9,2,suryabhattiprol01
5551,16655140,Efthimios,"2026-09-04 08:28:52",621.9,2,efthimiosfousekis
5552,16687714,nabilux,"2026-08-09 13:27:11",621.9,2,eminesnabil
5553,16759265,AI老爸,"2026-09-06 15:42:27",621.7,2,tsengchienchih
5554,16655578,"Ahmed Merie","2026-08-13 00:11:40",621.5,2,aa7767
5555,16622338,github/shepsci/kaggle-skill,"2026-08-24 17:22:49",621.4,2,shepscientific
5556,16671646,Luche,"2026-08-08 04:23:32",621.3,2,henrylucky
5557,16690869,"Yudai Hayashi","2026-08-23 09:14:30",621.2,2,yuhaya9
5558,16682815,"Saiyam Bharara","2026-08-19 15:03:06",621.2,2,saiyambharara
5559,16855646,Seshu,"2026-09-09 14:49:33",621.0,2,seshuthota
5560,16799391,"Mehdi El M.","2026-09-07 14:08:22",621.0,2,mehdielm
5561,16766732,"Maziyar Abyari","2026-09-16 22:34:02",620.8,2,maziyarabyari
5562,16677178,"YOUSSEF FAID","2026-08-11 21:10:38",620.7,2,yousseffaid
5563,16808242,keowpwpwkeo,"2026-09-07 18:23:50",620.6,2,keowpwpwkeo
5564,16677597,InformaBook2,"2026-09-10 05:38:23",620.6,2,informabook2
5565,16663922,MoongladeAI,"2026-09-14 03:49:11",620.5,2,moongladeai
5566,16841559,dal7,"2026-09-09 04:32:12",620.4,2,purelyconceptual
5567,16623644,Accer_sz,"2026-08-02 00:27:32",620.2,2,accersz
5568,16714208,TirumalaMarri,"2026-08-29 00:04:15",620.2,2,mtreddy
5569,16759427,Dhruv,"2026-08-23 12:20:16",620.2,2,dtalati1
5570,16703310,"israel ntumba","2026-09-14 17:42:47",620.0,2,israelntumba
5571,16774890,SkoopSkoop,"2026-08-31 16:08:04",620.0,2,skoopskoop
5572,16706456,"Michael van Mill","2026-08-12 09:58:40",620.0,2,michaelvanmill
5573,16666099,"Marcben James Samuel","2026-08-18 06:42:43",619.8,2,marcbenjamessamuel
5574,16869617,"Denis Chernyshov","2026-09-11 23:20:28",619.3,2,denischernyshov
5575,16716941,林木子吖,"2026-08-24 09:28:59",619.2,2,linmuzi0108
5576,16696895,BrokeFarm,"2026-09-16 20:46:27",618.7,1,brucec
5577,16719696,"Spencer Farrand","2026-08-17 18:40:28",618.6,2,spencerfarrand
5578,16743382,"Pavan Rangisetti","2026-09-15 03:42:00",618.5,2,pavanrangisetti
5579,16666084,"Andaç Demirdelen","2026-08-09 19:18:08",618.4,2,andacdemirdelen
5580,16797395,"LCNN JJ","2026-09-06 02:27:37",618.4,2,supremebeast08
5581,16843082,"Mohmed Hafez","2026-09-16 05:30:02",618.1,2,mohmedatya
5582,16655663,"Farmland Destroyer","2026-08-19 13:43:22",617.9,2,minghaopang
5583,16668354,"ashraf saiyed","2026-08-13 13:44:31",617.8,2,ashrafsaiyed58
5584,16702713,"Rob Sartin","2026-09-16 02:02:11",617.7,2,robsartin
5585,16660345,"Aadhithya Ramesh","2026-08-06 08:49:10",617.7,2,aadhithyaramesh
5586,16806165,"Kaige Wei","2026-09-10 12:05:49",617.4,2,kaigewei0403
5587,16795923,KaluzaKlein,"2026-09-14 10:50:35",617.4,2,kaluzaklein
5588,16697261,nbauerle,"2026-08-14 15:10:38",617.3,2,nbauerle
5589,16679018,"Kushpreet Singh","2026-09-03 23:23:41",617.3,2,kush639
5590,16899024,"Whoopie Wanja","2026-09-16 23:11:30",617.2,2,"nickazaria,woupyie"
5591,16734595,"Abhimanyu Singh","2026-08-20 12:52:38",617.0,2,abhimanyusingh170702
5592,16692857,AbeLincoln1865,"2026-08-11 00:10:16",616.9,2,abelincoln1865
5593,16663963,M0h4m3d-Byte,"2026-09-16 05:39:58",616.8,2,dev3mohamed
5594,16677366,Gmmastermind,"2026-08-07 01:19:13",616.7,2,gmmastermind
5595,16664003,"Nakul Rajpal","2026-08-05 06:29:24",616.6,2,nakulrajpal
5596,16855755,"Jack Yap","2026-09-10 19:43:36",616.6,2,jackyap
5597,16672687,Liz,"2026-09-13 12:37:57",616.4,2,lizgarcia3
5598,16657172,Honkazu,"2026-08-28 16:55:46",616.4,2,janposlusny
5599,16706455,"John Andrei Martinez","2026-08-18 18:55:04",616.3,2,johnandreimartinez
5600,16789898,"Trung Phạm Đức","2026-09-09 04:00:19",616.2,2,arscil
5601,16663998,"Harith Al-Ani","2026-08-24 00:09:54",616.2,2,abo3losh
5602,16891689,"Jiawei Xi","2026-09-14 19:46:39",616.2,2,jiaweixi56
5603,16793189,"Akash Mohan Chaudhary","2026-09-01 18:29:57",616.1,2,akashmohanchaudhary
5604,16730288,matsurih,"2026-09-15 00:53:06",615.9,2,matsurihime
5605,16853993,"Christie Lam","2026-09-16 03:13:27",615.9,2,christielam
5606,16633379,"Artem Prokhorov","2026-07-31 20:53:32",615.8,1,catfield123
5607,16664790,"soumic 1088","2026-08-19 08:34:34",615.2,2,soumic1088
5608,16660005,DreamX5678,"2026-08-06 07:55:06",615.2,2,dreamx5678
5609,16767632,"robin baldeo","2026-08-28 17:02:49",615.1,2,robinbaldeo
5610,16724202,"Sooriya Senthilkumar","2026-08-23 05:25:47",614.6,2,sooriyasenthilkumar
5611,16708824,"Tanaka Chiromo","2026-08-20 11:12:22",614.5,2,tanakachiromo
5612,16663656,"Andrii Kavetskyi","2026-08-20 21:48:20",614.4,2,andriykavetsky
5613,16684886,HTHub,"2026-08-08 00:12:47",614.3,2,adegokesaidi
5614,16742239,"Benny Joseph","2026-09-16 18:14:17",614.1,2,pbennyjoseph
5615,16755548,"Manuel Ramos","2026-08-27 19:06:26",613.6,2,aizpask13
5616,16651661,"Quyền Thịnh","2026-08-07 06:27:45",613.5,2,quynthnh
5617,16859900,ZZZ234234234,"2026-09-16 09:39:48",613.5,2,zzz234234234
5618,16771001,"0x1369 T-Farm","2026-08-31 04:38:04",613.1,2,xcryst
5619,16665990,daffaharil,"2026-08-11 07:56:55",613.0,2,"daffaharil,farhansiddiq"
5620,16797356,"Thalía Cantero","2026-09-15 15:41:27",613.0,2,thalicantero
5621,16661898,Farfadet,"2026-08-12 06:04:18",612.8,2,farfadet
5622,16699140,St.Valentine,"2026-08-18 09:49:04",612.8,2,stvalentin3
5623,16882160,"John Doe #2","2026-09-12 18:04:56",612.7,1,realgrape
5624,16775652,"Dat Dinh","2026-09-14 02:48:43",612.7,2,dathbdinh
5625,16699689,"David Sedláček","2026-08-10 08:38:38",612.6,2,sibicek
5626,16739449,SelvapriyankaRam,"2026-08-24 18:44:21",612.5,2,selvapriyankaram
5627,16685785,KSAI,"2026-09-07 14:42:54",612.5,2,kishan2112004
5628,16654351,"Manish Kumar","2026-08-04 07:45:22",612.3,2,manishkumarphd2000
5629,16793489,hendracos,"2026-09-02 03:10:03",612.1,2,hendracos
5630,16714100,SuperMercat,"2026-09-09 15:13:08",612.0,2,supermercat
5631,16655629,Mai_Konare,"2026-08-17 06:20:49",611.9,2,maikonare
5632,16728195,"6 GOD","2026-08-21 15:50:28",611.6,2,tertospacko
5633,16733873,"Shirish Chinchanikar","2026-08-30 15:53:12",611.5,2,"codemastersj,shirishchinchanikar"
5634,16658019,ไอติวบ้านปังมาเอาแช้มมมม,"2026-08-08 18:43:05",611.5,2,tewnabhat
5635,16671940,LJazya,"2026-09-05 02:54:37",611.5,2,jihanelek
5636,16634204,"m-toshi desu","2026-08-01 06:20:37",611.3,2,mtoshidesu
5637,16668819,"ahmedou sidi med","2026-08-19 00:05:55",611.3,2,ahmedousidimed
5638,16624888,okome_niigata,"2026-08-06 06:47:17",611.3,2,okomeniigata
5639,16660319,fahimMK,"2026-09-16 11:58:28",610.7,2,fahimmk
5640,16663909,HDPark,"2026-08-17 04:48:41",610.6,2,hdpark
5641,16811935,"Bhargavaram Gajula","2026-09-05 18:08:56",610.1,2,bhargavaramgajula007
5642,16675832,"Dean Shalev","2026-08-09 04:12:47",610.0,2,deanshalev
5643,16755091,Charlie,"2026-09-05 22:45:41",609.8,2,zephyrlennox
5644,16745571,"Yifan Xie","2026-09-03 13:55:15",609.8,2,yifanxie
5645,16665932,"Fabian Birringer","2026-08-21 18:31:41",609.8,2,fabianbirringer
5646,16775770,"Ashish Kumar","2026-08-27 17:18:58",609.6,1,whoashish115
5647,16715473,cmrfrd,"2026-08-14 04:58:15",609.3,2,thecmrfrd
5648,16689919,"Koren Ben Ezra","2026-08-08 17:49:55",608.9,2,korenbenezra
5649,16749236,"Michael Müller","2026-09-07 15:57:15",608.8,2,michaelmller
5650,16724747,"Md.Mahfujul Karim","2026-09-16 06:13:31",608.6,2,mdmahfujulkarim
5651,16657104,"Bashar Gamal","2026-09-15 05:51:30",608.5,2,bashargamal
5652,16789914,AkikJana,"2026-09-07 16:37:53",608.3,2,firewaterair
5653,16657347,"Hibiki M","2026-08-20 15:30:40",608.1,2,hibikibrise
5654,16670356,"Dziriyin wa9il","2026-08-25 19:56:56",608.1,2,"akumanomu,alioualaeddine"
5655,16717952,Aydar,"2026-08-29 21:28:35",608.1,2,aydara
5656,16830678,Voodoo_m88,"2026-09-11 05:21:29",607.7,2,voodoom88
5657,16787200,"HayDay Protestors","2026-09-13 04:26:26",607.6,2,"aaronjoshuaemmanuel,anjulasankalpa,chamathjayashanka,ghostd,prabhashanmadurawala"
5658,16666648,"Sriram Reddy19","2026-08-06 08:40:07",607.5,2,sriramreddy19
5659,16739167,Yeyuqing0913,"2026-09-07 00:36:15",607.3,2,yeyuqing0913
5660,16854339,"ML Underdogs","2026-09-16 14:05:43",607.2,2,mdjubairhasan
5661,16868576,DarkhanShakhan,"2026-09-15 20:17:01",607.1,2,darkhan1991
5662,16662120,"Harpal Gujral","2026-08-25 18:07:07",607.0,2,harpalgujral
5663,16674950,Davide,"2026-09-03 09:22:38",607.0,2,quanttony
5664,16724364,Sh4ron,"2026-09-11 15:48:11",606.9,2,sh4ron
5665,16791701,"Tired Dad Data","2026-09-12 21:37:23",606.8,2,alexmaggard
5666,16658042,"Giampietro Pregnolato","2026-08-13 09:17:36",606.6,2,giampietropregnolato
5667,16861102,walnut11,"2026-09-13 17:18:24",606.1,2,walnut11
5668,16665154,"Omkar Pawar","2026-08-23 12:22:56",606.1,2,omkarrr7
5669,16738261,"Samuel Moreira","2026-08-24 14:11:40",606.0,2,samuelmoreira420
5670,16738653,"Julien Trocmé","2026-08-24 12:48:49",605.7,2,julientrocm
5671,16700546,"Nightshade Family","2026-09-07 13:24:48",605.7,2,"gihanchamod17,vishmithasamarakoon"
5672,16659598,kudston,"2026-09-15 18:38:11",605.5,2,kudston
5673,16689398,Reesh,"2026-08-11 08:55:10",605.2,2,rishileung
5674,16691398,"Time to Win","2026-09-03 04:36:52",605.1,2,yatharthdurgapal
5675,16654761,"Mohammed Mukthar","2026-08-05 02:06:15",605.1,2,mohammedmukthar9
5676,16716365,Murphy,"2026-08-21 14:00:29",604.8,2,taeyounglimdt
5677,16671438,"Aot Chanthorn","2026-08-15 16:16:25",604.6,2,aotchanthorn
5678,16697941,"Raphael Coelho","2026-08-16 15:24:28",604.5,2,raphaelrrcoelho
5679,16854535,Dragon,"2026-09-09 16:48:11",604.4,2,dragon116rus
5680,16732529,"lixinglong ye","2026-09-09 07:46:16",604.2,2,lixinglongye
5681,16687548,"Shubham Tibrewal","2026-08-22 12:21:02",604.2,2,researchai2026
5682,16770674,"Arpit Jain","2026-09-02 11:44:36",604.2,2,arpitjain5
5683,16823681,Yielder,"2026-09-10 16:59:40",604.2,2,georgepapasideris
5684,16870596,juicyorange,"2026-09-15 03:55:26",604.0,2,billychau1
5685,16718838,"josh mathers","2026-08-14 09:26:33",603.9,2,joshmathers
5686,16660600,"Beria Kalpelbe","2026-08-07 13:46:47",603.9,2,beriakalpelbe
5687,16904651,chenpengyu603,"2026-09-16 06:20:22",603.7,1,chenpengyu603
5688,16730461,"Mubin Shaikh","2026-08-19 06:09:17",603.6,2,shaikhmubin
5689,16671942,"JIVRAJ SINGH","2026-09-05 02:33:23",603.4,2,jivrajsingh
5690,16702411,"Aryuemaan Chowdhury","2026-08-21 07:05:31",603.3,1,aryuemaanchowdhury
5691,16694610,Kshitiz2002,"2026-08-11 15:44:41",603.3,2,kshitiz2002
5692,16833040,"Vadim Demchuk","2026-09-05 06:07:54",603.0,2,vadimdemchuk
5693,16796625,Nepsirhc,"2026-09-12 11:15:35",602.9,2,nepsirhc
5694,16667500,jiannebab,"2026-08-14 14:29:12",602.9,2,jiannebab
5695,16795256,"N Nelson","2026-09-05 14:29:25",602.5,2,napoliyannelson
5696,16717850,"HeeGwan Lee","2026-09-06 11:51:49",602.5,2,heegwanlee
5697,16726080,"Arda Yasar","2026-08-19 06:02:10",602.4,2,ardayasar
5698,16623213,zulfikar.khalwaniev,"2026-08-23 09:08:56",602.3,1,khalwaniev
5699,16665692,Straw_hats,"2026-09-01 07:40:19",602.2,2,"charanno,tvigneshreddy"
5700,16731616,"Mohamed Aashik 24","2026-09-14 19:24:28",602.1,2,mohamedaashik24
5701,16854776,aruuu,"2026-09-10 14:11:51",601.9,2,arruuu
5702,16871409,"Aleksandr Isakov","2026-09-16 23:58:58",601.9,2,aleksandrisakov
5703,16742149,"Ankith Savio","2026-09-16 10:17:23",601.6,2,weedoo
5704,16683282,ayushk_empire,"2026-08-14 11:50:15",601.6,2,ayushkempire
5705,16880694,yuxian6666,"2026-09-15 14:46:10",601.4,2,yuxian6666
5706,16654328,"QQ Farm","2026-08-28 12:59:12",601.3,2,"huiiyu,titirmt"
5707,16777228,"Zach Locke","2026-09-10 00:22:02",601.3,2,zachlocke
5708,16904550,ukiyois,"2026-09-16 19:54:20",601.2,1,ukiyois
5709,16688175,aarav221w,"2026-08-25 23:40:16",600.7,2,aarav221w
5710,16686222,"Nika Chaduneli","2026-08-10 01:21:09",600.7,2,nikachaduneli
5711,16735408,"Evan S","2026-08-18 20:06:05",600.5,2,evansc123
5712,16694064,RRK0123,"2026-08-17 05:30:52",600.5,2,rrk0123
5713,16668817,"Sean ODonnell","2026-08-08 03:27:47",600.4,2,sjean11
5714,16730577,"Team Rocket’s Orbital Farm","2026-09-11 05:56:54",600.4,2,koheitsutsumi
5715,16732537,Rapha,"2026-08-27 12:08:17",600.3,2,raphaabels
5716,16906666,"selam ya","2026-09-16 23:56:38",600.0,2,selamya
5717,16857404,gachichan,"2026-09-16 23:58:47",600.0,2,gachichan
5718,16833063,"Fidel Escalona","2026-09-16 23:59:55",600.0,2,fbescalo
5719,16768100,Nathael,"2026-09-17 00:00:39",600.0,2,nathaeldias
5720,16678534,"Filip Strzałka","2026-09-17 00:01:46",600.0,2,snufkin77
5721,16848992,"Lee Shit Hoo","2026-09-17 00:01:37",600.0,2,leeshithoo
5722,16908263,Paing,"2026-09-17 00:01:15",600.0,2,painghtetsw
5723,16735624,"Marc Rippee","2026-08-24 05:03:34",599.8,2,marcrippee
5724,16654454,"Haoxiang Li","2026-09-06 09:24:47",599.8,2,haoxiangli789
5725,16675708,"Mahder Tesfaye Abebe","2026-08-08 08:46:36",599.7,2,mahdertesfayeabebe
5726,16673151,skyblue01,"2026-08-27 07:56:10",599.5,2,skyblue01
5727,16898651,Kitsune0o,"2026-09-16 10:29:17",599.4,2,theodaimones888
5728,16675457,"Ramana Prabhu Sana","2026-09-15 21:13:41",599.4,2,ramanaprabhusana
5729,16870247,mxt1022,"2026-09-14 07:00:29",599.4,2,unlome
5730,16663210,"Marco Nasuelli","2026-09-13 15:58:07",599.3,2,marconasuelli
5731,16884028,"Jayden Y","2026-09-16 11:10:51",599.0,2,jy0810
5732,16713249,"vedant patnala","2026-08-27 22:38:03",598.8,2,vedantpatnala
5733,16793680,prajval_p,"2026-09-01 01:03:39",598.6,2,prajvalp
5734,16895374,JerryWang19,"2026-09-15 08:09:57",598.4,1,jerrywang19
5735,16659367,"Tayyab Aamir","2026-08-06 10:59:49",598.4,2,duketi
5736,16664096,"Charles Coonce","2026-09-08 02:26:37",598.2,2,charlescoonce
5737,16663708,"Imran Ahamed","2026-08-29 22:00:50",598.1,2,immu4989
5738,16657016,"MD. AS-AID RAHMAN","2026-08-26 15:57:49",598.1,2,mdasaidrahman
5739,16670698,"Tamerlan Dadashov","2026-08-09 10:36:12",598.1,2,tamerlandadashov
5740,16665471,"Dennis Navamani","2026-08-25 11:10:08",597.9,2,dennisnavamani
5741,16808696,마짱MAZZANG,"2026-09-04 09:41:16",597.8,2,mazzang
5742,16655039,"Andrew Yip","2026-08-06 20:14:49",597.7,2,yipcma
5743,16725871,"Patrice Santiago","2026-09-03 22:19:56",597.6,2,patricesantiago
5744,16732048,jiangletian,"2026-08-24 03:20:40",597.6,2,jiangletian
5745,16810497,Garuda,"2026-09-07 06:32:01",597.5,2,santhoshreddypasnoor
5746,16811603,hundun,"2026-09-04 09:48:18",596.8,2,zhongh4oyang
5747,16796445,"Md Aminul Islam","2026-09-15 22:43:37",596.5,2,aminulabir
5748,16653534,"Mohamed Amine Ettaki","2026-09-14 20:52:45",596.5,2,amine159
5749,16892496,"Alif Mahmud 1993","2026-09-15 16:35:27",596.5,2,alifmahmud1993
5750,16848416,"Mayank Bhatia","2026-09-07 15:09:19",596.5,2,mikemayankb
5751,16654099,"Bhupin Thapa magar","2026-08-10 09:22:06",596.4,2,vupeenthapamagar
5752,16664041,"an Expired Engineer","2026-08-17 12:02:21",596.4,2,sanggusti
5753,16689391,"Tejas Rajput","2026-08-08 17:21:18",596.4,2,tejasrajput123
5754,16700785,"VIVEK JAMI","2026-08-19 13:57:57",596.4,2,vivekjami
5755,16630837,"Vishal Sharma","2026-08-05 18:24:44",596.3,2,vishal40182
5756,16757280,"manos papagiannidis","2026-09-09 08:30:46",596.3,2,manospapagiannidis
5757,16709318,"Jana Hagen","2026-08-26 18:00:16",596.2,2,janahagen
5758,16770891,"Oleg Shatov","2026-09-05 16:34:56",596.1,2,bishkek
5759,16667565,BeeDeeR,"2026-09-10 22:42:41",596.0,2,beedeer
5760,16658937,SebastianQbiak,"2026-08-05 06:20:18",595.9,2,sebastianqbiak
5761,16655521,"Hemadri Rajyaguru","2026-08-04 02:12:55",595.8,2,hemadrirajyaguru
5762,16661318,"Zeel Kadvani","2026-08-25 11:17:53",595.5,2,zeelkadvani
5763,16673359,hasshi7965,"2026-09-06 10:05:10",595.3,2,hasshi7965
5764,16655027,"Artem Zenkevich","2026-08-16 13:09:58",595.2,2,artemzen
5765,16704569,"Lorenzo Grattarola","2026-08-16 22:24:15",595.1,2,lorenzograttarola
5766,16635377,het2554,"2026-09-13 07:55:05",595.1,2,crazy2554
5767,16732504,"porsche zheng","2026-08-18 08:19:41",595.0,2,porschezheng
5768,16658106,"Devam juthani","2026-08-05 08:18:14",594.7,2,devamjuthani
5769,16711868,"Mark Cooper","2026-08-16 13:09:02",594.7,2,markjcooper
5770,16730030,"Jared Wilder","2026-08-17 14:23:15",594.5,2,jaredwilder
5771,16665894,"Pedro Wu","2026-09-03 03:40:31",594.3,2,pedropei
5772,16634316,"Cao Tùng Lâm","2026-09-01 07:16:08",594.2,2,liamislazy
5773,16880648,"Akash Pattani","2026-09-12 18:30:07",594.2,2,akashpattani
5774,16671421,"Gryffin Wang","2026-08-08 23:08:40",594.2,2,gryffindoraf
5775,16837934,"Osman ILICA","2026-09-09 02:30:19",594.0,2,osmanilica
5776,16775001,"Maarij Aqeel","2026-08-26 14:48:03",594.0,2,maarijaqeel
5777,16782993,hayashida,"2026-09-07 14:01:36",593.9,2,daichihayashi
5778,16640504,"Recep Öztürk","2026-08-26 11:19:31",593.6,2,rcpztrrk1
5779,16844875,GBWK,"2026-09-12 20:01:23",593.6,2,gabmaury
5780,16704924,jdx,"2026-09-13 17:32:32",593.6,2,jdsemrau
5781,16755529,"Rafea Almejrab2025","2026-08-29 16:06:34",593.5,2,rafeaalmejrab2025
5782,16659951,"CHRISTOPHER CRILLY","2026-09-11 12:23:20",593.5,2,christophercrilly
5783,16735476,"Matthew Liew","2026-08-18 08:02:11",593.5,2,matthewliew
5784,16655449,tcvieira,"2026-08-06 18:20:34",593.1,2,tcvieira
5785,16713236,kingofeverything,"2026-09-08 06:20:42",593.0,2,"kingofeverything,skyyyang"
5786,16659341,Aryan88097,"2026-08-05 17:26:57",592.9,2,aryan88097
5787,16671237,"Jose Alejandro Rivera Jaramillo","2026-08-07 18:13:13",592.8,2,alejandroriveraj
5788,16722366,"Aki Lit","2026-08-14 23:24:20",592.8,2,akilit
5789,16664731,UT,"2026-08-21 15:24:42",592.6,2,"sabapunch,wasshan"
5790,16681149,Lee14k,"2026-08-19 17:00:35",592.6,2,lee14k
5791,16701034,notnorm,"2026-08-11 10:31:23",592.3,1,notnorm
5792,16659663,Chintakrinda_Naveen,"2026-09-16 07:35:34",592.3,2,naveen998
5793,16669595,evanca,"2026-08-08 12:27:56",592.2,2,evanca
5794,16678157,"Ayush Kumawat","2026-08-14 13:10:02",592.2,2,ayushkumawat21
5795,16728799,JulianHahn28,"2026-08-17 21:26:57",591.9,2,julianhahn28
5796,16760604,"Thananut Phiboonbanakit","2026-08-25 14:04:44",591.7,2,tphiboonbanakit
5797,16692995,RafaMartinaitis,"2026-08-22 11:50:10",591.7,2,rafaelmartinaitis
5798,16672370,"Yash Barhanpurkar","2026-09-10 17:36:18",591.6,2,yashbarhanpurkar
5799,16668648,"Mason R. Brito","2026-09-10 16:58:25",591.2,2,masonrbrito
5800,16676360,"Chris Kang","2026-08-17 10:07:49",590.9,2,rukawa917
5801,16757211,dacho,"2026-09-16 00:25:14",590.9,2,slothcafe
5802,16775749,Yurikada,"2026-09-03 11:13:54",590.9,2,yosukeinada
5803,16825667,"Lê Minh Dương","2026-09-08 05:45:07",590.7,2,minhduonq
5804,16658686,"Alpesh Kumar","2026-08-08 06:12:31",590.6,2,alpeshkumar
5805,16657871,Lucienne,"2026-08-05 03:13:59",590.6,2,yangnianan
5806,16738336,"Guo Xuehan","2026-09-02 05:44:05",590.2,2,zmllls
5807,16665060,Pipeweed,"2026-08-27 18:14:40",589.8,2,pipeweed56
5808,16664134,"Pelayo Fernández","2026-08-07 10:36:48",589.7,2,pelayofdez
5809,16722502,Abyss,"2026-08-27 11:26:49",589.6,2,sahiltks
5810,16752899,"Nicolò Alberti","2026-08-23 09:16:36",589.6,2,nicolalberti
5811,16635021,RiLi,"2026-09-16 11:29:36",589.5,2,hisatosenda
5812,16664267,"Alan T. Andrea","2026-08-09 03:22:40",589.2,2,alantandrea
5813,16853582,"Qiao Ke","2026-09-09 09:44:44",589.2,1,bridgekk
5814,16635746,"jeon hyeon woo","2026-08-13 15:32:43",589.1,2,jeonhyeonwoo
5815,16639408,Invictus,"2026-08-11 22:44:04",589.1,2,nicho256
5816,16881624,RetrainMap,"2026-09-12 20:08:45",588.9,2,retrainmap
5817,16897403,"Abel Markose","2026-09-16 17:24:22",588.7,2,abelmarkose
5818,16793802,"Andrew Lam","2026-09-01 09:07:56",588.6,2,andrewlam23
5819,16667818,AjayVarma555,"2026-08-09 15:14:45",588.4,2,ajayvarma555
5820,16660540,Minikotey,"2026-08-16 15:34:40",588.3,2,juliapatarishina
5821,16675074,ahiokk,"2026-08-07 07:58:44",588.3,2,ahiokk
5822,16729531,alfphafarm,"2026-08-19 19:09:48",588.3,2,vudattumaniteja
5823,16691164,"Krishna Saathwik","2026-08-13 13:50:40",588.2,2,krishnasaathwik
5824,16864562,otaniyu,"2026-09-15 00:53:18",588.2,2,otaniyu
5825,16777740,hoangnnh67,"2026-08-28 22:12:22",588.0,2,hoangnnh67
5826,16763088,mason.jr,"2026-08-25 04:29:36",588.0,2,haophanzx
5827,16691518,"Sander Ee","2026-08-09 12:03:09",587.9,2,sanderee
5828,16774333,"Nazim Shoikot","2026-09-03 11:20:20",587.9,2,nazimshoikot71
5829,16660138,"Sanchit Handa","2026-09-12 18:45:23",587.9,2,"harmanjotsingh8,sanchithanda182006"
5830,16844527,"Suyog Gund","2026-09-12 18:30:05",587.8,2,suyoggund
5831,16652635,panacea9320,"2026-08-05 10:45:06",587.8,2,panacea9320
5832,16825999,"Atsushi Yoshikawa","2026-09-07 02:06:13",587.7,2,atsushiyoshikawa
5833,16728220,Naki,"2026-09-08 11:50:44",587.6,2,nanakiohashi
5834,16785687,"AP SEM F STUDENTS","2026-08-31 03:52:37",587.5,2,"advaithn0518,rohanjeyavel,shrivatsamurugan,stitchsages"
5835,16717614,Dhanyashree1028,"2026-08-16 15:00:37",587.3,2,dhanyashree1028
5836,16738235,tenfish,"2026-09-12 11:48:01",587.2,2,"oygdri,takatoyoshikawa"
5837,16744239,"Diogo Gomes ","2026-08-25 09:39:28",587.1,2,diogogomes
5838,16693988,"Pranav Gupta","2026-08-18 03:51:41",587.0,2,kumbhakarann
5839,16681660,"Parham Ghazanfari","2026-08-07 20:18:18",586.8,1,parhamghazanfari
5840,16670070,"Kirill Molostov","2026-08-31 12:18:26",586.7,2,kirillmolostov
5841,16669165,"IT Neko","2026-08-14 13:17:33",586.7,2,"nirvaanaa,zhexuanyecust"
5842,16661210,vizyourdata,"2026-08-07 11:05:08",586.5,2,vizyourdata
5843,16702118,"cemal özdeniz","2026-08-10 20:27:17",586.3,2,cemalzdeniz
5844,16686613,Zubatch,"2026-08-15 20:11:39",586.2,2,zubatch
5845,16851079,"Nathaniel Marshall","2026-09-08 02:04:22",586.1,2,nm4rshall
5846,16890772,tcipin-egor,"2026-09-14 12:21:54",586.0,2,egorich51
5847,16659418,"Fonge Bertin","2026-08-06 09:26:33",586.0,2,fongebertin
5848,16697526,"Jurgen Sinjari","2026-08-10 21:21:26",585.9,2,jurgensinjari
5849,16632510,shi_koyo,"2026-08-04 08:58:56",585.8,2,shikoyo
5850,16895824,"Dhruv lele","2026-09-16 07:58:58",585.6,2,dhruvlele
5851,16654943,"Alexis Selorm Gbeckor - Kove","2026-08-10 11:44:58",585.5,2,advancedbeginner
5852,16700441,"Houssem RIAHI","2026-08-27 14:54:09",585.5,2,houssemriahi
5853,16769793,"Shivam Batra","2026-08-26 14:21:49",585.5,2,shivam744
5854,16758316,"Roy Lo TW","2026-09-16 12:50:17",585.4,2,roylotw
5855,16645431,Amin,"2026-08-08 22:05:02",585.3,2,aminvafaei
5856,16744752,"Dean Johnson","2026-08-27 10:26:20",585.2,2,deanjohnson202
5857,16669597,农业农村部,"2026-08-10 19:11:08",585.0,2,"bingzhenghan,hrwan1,krasuszl"
5858,16659138,allenbcy,"2026-09-10 14:41:18",584.4,2,allenbcy
5859,16641130,LitvinKA,"2026-08-04 18:09:01",584.4,2,litvinka
5860,16733046,Afordancja,"2026-08-24 18:22:42",584.1,2,afordancja
5861,16704437,babybuffalo,"2026-08-25 16:11:16",584.1,2,babybuffalo
5862,16712902,"Ethan Benjamin Cole","2026-08-13 12:19:26",583.8,2,ethanbenjamincole
5863,16756677,"Pyzh Vladislav","2026-08-24 10:19:44",583.7,2,pyzhvladislav
5864,16732725,MackTen,"2026-08-19 08:14:01",583.5,2,mackten
5865,16694134,"Sophia Leng","2026-08-24 20:04:10",583.0,1,sophialeng9
5866,16670708,"Mohammad Usman Sajid","2026-09-03 18:26:11",583.0,2,mohammadusmansajid
5867,16662421,"Aparna Mantha","2026-08-06 17:23:34",582.7,2,aparnam91
5868,16862124,"Lei Yang23","2026-09-16 18:09:55",582.6,2,leiyang23
5869,16707767,"Lai Eu Wen","2026-08-16 16:47:50",582.5,2,laieuwen
5870,16743815,"Asanka Pradeep","2026-08-23 14:32:46",582.4,2,asanakapr
5871,16848263,Xenongas,"2026-09-08 14:23:14",582.3,2,xenongas1
5872,16863952,"Kuei-Hsien Chu","2026-09-10 06:14:39",582.3,2,formosa21
5873,16795997,"Boyu Wan","2026-09-04 04:58:57",582.2,2,pupudan
5874,16791027,"Ryan Cheung","2026-09-07 04:46:47",582.1,2,doggychip
5875,16693949,"Eric Worrall","2026-09-12 08:06:03",582.1,2,ericworrall
5876,16664313,CompilingCoder,"2026-08-06 09:38:17",582.0,2,compilingcoder
5877,16697681,"Mahfujur Rahman Rakib","2026-08-10 05:14:21",581.8,2,mahfujurrahmanrakib
5878,16851330,umar,"2026-09-16 03:04:16",581.7,2,umar4md
5879,16793913,"Vrushal Patil","2026-09-06 11:13:36",581.6,2,vrushalpatil
5880,16732003,"HAO jia liu","2026-08-18 09:58:05",580.9,2,haojialiu
5881,16726873,@F,"2026-08-16 01:43:22",580.8,1,atefbouzid
5882,16696916,Sundar,"2026-08-11 13:04:59",580.6,2,vsundar17697
5883,16657798,"Ian Kim","2026-08-06 05:07:10",580.5,2,ianpkim
5884,16731009,"Joseph Paris","2026-08-24 05:32:21",580.4,2,josephkparis
5885,16658009,"Lando Wang","2026-08-05 02:18:17",580.4,2,landowang
5886,16774524,ShinYingChua,"2026-09-13 15:35:15",580.3,2,shinyingchua
5887,16696421,"Koyashiki Mao","2026-08-11 06:40:19",580.2,2,koyashikimao
5888,16846845,Shunsuke,"2026-09-07 15:25:38",580.1,2,shunsukeisono
5889,16762010,"Ivan Piaternev","2026-09-15 08:14:40",579.7,2,iamvanya
5890,16697800,DR_Mkelvo,"2026-08-09 20:42:15",579.7,1,drmkelvo
5891,16756131,"Emre Atilgan","2026-08-24 20:20:06",579.6,2,emreatilgan
5892,16621407,Kh0a,"2026-09-15 06:55:26",579.6,2,llkh0a
5893,16792449,SKYisSKYisSKY,"2026-08-31 04:16:07",579.5,2,skyisskyissky
5894,16847801,"Joachim Oliver Mampouya","2026-09-08 14:54:14",579.1,2,olivermam
5895,16726839,syunsuke,"2026-08-21 23:12:13",579.0,2,syunsuke1024
5896,16779539,"Dmitri Bugakov","2026-08-27 16:34:42",578.8,2,dmitrybugakov
5897,16637776,MarvelousXun,"2026-08-03 09:33:38",578.8,2,marvelousxun
5898,16660295,Pentos,"2026-08-10 00:06:56",578.6,2,nishiumi
5899,16650930,"Govind Sharma","2026-08-24 09:25:23",578.6,2,govindsarswat
5900,16749764,Aquaflame,"2026-09-11 16:41:58",578.4,2,aquaflame
5901,16644508,"Vandana Pathania","2026-08-22 21:59:37",578.3,2,vandanapathania
5902,16671680,"Joe Hall","2026-08-10 19:02:30",578.2,2,halljr
5903,16774843,"Assylkhan Kerey","2026-08-30 03:16:54",578.2,2,n0nlyy
5904,16654640,"Halil Akbas","2026-08-28 00:32:12",578.1,2,halilbrahimakbas
5905,16843755,oguzok,"2026-09-16 21:00:40",578.1,2,oguzok
5906,16809136,"Xander Lee","2026-09-04 13:56:48",577.9,2,xndlee
5907,16702993,PLM,"2026-08-30 13:58:34",577.9,2,"ileabogdan,popu23,razvaniga,rvaurs"
5908,16674841,"Syna Bedi","2026-08-15 09:57:28",577.8,2,synabedi
5909,16736636,torch,"2026-08-18 10:35:29",577.8,2,rhtsingh
5910,16655527,"Saurabh Kumar","2026-08-06 08:14:52",577.7,2,sk25oct
5911,16735517,"Philipp k-s","2026-09-13 19:12:05",577.6,2,philippkeussenstrau
5912,16711928,Leraaaa,"2026-08-18 20:01:52",577.6,2,leraaaa
5913,16639705,"Yuta Tomimasu","2026-08-07 13:02:39",577.5,2,yutatomimasu
5914,16664348,"Rocket Zech","2026-08-29 08:23:04",577.5,2,isaactunglaw
5915,16690338,dvv_ram,"2026-08-13 00:11:18",577.4,2,ddvram
5916,16781377,AgriMind,"2026-09-16 15:04:07",577.4,2,slimaneguermat
5917,16731447,"Rúben Martins","2026-08-19 20:55:42",577.4,2,rubenmartins10
5918,16691552,"Koshtubh Singh Parihar","2026-08-09 03:19:39",577.3,2,koshtubhsinghparihar
5919,16624941,"KO Ho Tin","2026-08-10 03:33:47",577.2,2,b14ckc4tmr
5920,16763287,Sathishkumartheta,"2026-08-25 18:53:26",577.2,2,sathishkumartheta
5921,16800950,"Mani Kanta Kalluru","2026-09-09 17:17:20",577.1,2,manikantakalluru
5922,16823853,Zerbytheboss,"2026-09-06 22:03:05",576.9,2,zerbytheboss
5923,16639867,vibecoder,"2026-08-08 05:34:55",576.9,2,kunal808
5924,16760226,"Erich Hofstötter","2026-08-24 15:49:06",576.9,2,erichhofsttter
5925,16676254,"Lazy Lagoon","2026-09-13 08:36:31",576.8,2,"mokshoswal137,taniyasankhe"
5926,16670313,HamzZZzzZZa,"2026-08-06 22:01:28",576.7,2,memesalot
5927,16671256,"Navid Zaman","2026-09-08 13:58:31",576.6,2,navidzaman01
5928,16771283,taroyan-vamos,"2026-09-08 15:31:54",576.4,2,taroyanvamos
5929,16744898,"Tore Erdmann","2026-09-13 14:18:13",576.3,2,toreerdmann
5930,16667630,Sparsh389,"2026-08-06 15:46:09",576.3,2,sparsh389
5931,16904690,"yuya #2","2026-09-16 13:53:55",576.1,2,pineandtree
5932,16724904,"Carlos Eduardo De Paula Arantes","2026-08-15 15:48:43",576.1,2,carloseduardo1753
5933,16839030,minedmap,"2026-09-07 20:19:52",576.0,2,minedmap
5934,16731996,Chloe,"2026-08-18 02:58:05",575.7,2,chenchloehaimo
5935,16872064,"Jimmy Erickson","2026-09-13 19:43:54",575.6,2,jimmyerickson
5936,16655272,"Artur Sakhiullin","2026-08-09 14:27:52",575.5,2,artursakhiullin
5937,16657794,"Aromal vK","2026-08-06 15:35:11",575.4,2,aromalvk
5938,16625047,BOBQWERA,"2026-08-02 06:34:18",575.4,2,bobqwera
5939,16668439,Lugas024,"2026-08-08 05:33:51",575.3,2,lugas024
5940,16890342,Bin.Han,"2026-09-16 04:06:06",574.8,2,binhan0514
5941,16655426,engin_zhou,"2026-08-05 15:21:18",574.6,2,enginzhou
5942,16657401,korpo,"2026-08-25 20:18:13",574.5,2,krisko
5943,16669396,Fleo98,"2026-08-10 15:43:34",574.4,2,fleo98
5944,16621657,"Nikita Batuev","2026-09-12 12:20:41",574.4,2,batuevnikita
5945,16724819,Dwij12,"2026-08-20 18:28:01",574.3,2,dwij12
5946,16730104,BartHeart,"2026-08-20 18:58:23",574.3,2,bartheart
5947,16661564,yang20251228,"2026-09-02 03:40:29",574.2,2,yang20251228
5948,16690736,omarkami007,"2026-08-11 18:40:45",574.1,2,omarkami007
5949,16707078,"Loïc & Zach","2026-08-24 20:25:24",574.0,2,"locmmeteau,zachariedubus"
5950,16688220,Aadi,"2026-08-24 23:10:37",573.9,2,aadicv
5951,16732307,"Shobha Vashishtha","2026-08-17 12:32:07",573.7,1,shobhavashishtha
5952,16732357,"Thales Augusto Leite de Souza","2026-08-23 23:43:38",573.7,2,thalestals
5953,16828050,stephenlau,"2026-09-14 02:56:25",573.6,2,stephenlu0422
5954,16844385,"Michael Leo Tan","2026-09-08 02:56:03",573.5,2,michaelleotan
5955,16621811,"Shaun Andrade","2026-08-01 00:44:42",573.5,2,shaunandrade
5956,16756388,"Sam Scott","2026-08-22 22:04:06",573.5,2,shepard5
5957,16814805,Muzhi11,"2026-09-15 03:20:43",573.3,2,muzhi11
5958,16717245,bernard558,"2026-08-24 22:18:16",573.0,2,bernard558
5959,16866643,"Yan Slabodich","2026-09-15 08:02:34",572.9,2,yanskij
5960,16846408,"Arpit Gole","2026-09-16 02:21:23",572.9,2,connecttoarpitgole
5961,16655651,"Kevin Cho","2026-09-14 16:40:58",572.7,2,chokevinjs
5962,16676534,AlphaBound,"2026-08-25 05:26:32",572.5,2,somsubhrometya
5963,16664119,FSzekut,"2026-08-07 00:03:04",572.4,2,fszekut
5964,16676155,"Adam Carnaffan","2026-08-07 16:48:03",572.2,2,adamcarnaffan
5965,16729202,Sven,"2026-08-27 21:55:40",572.2,2,sventleman
5966,16664415,"Imerson Krysthio","2026-08-12 05:37:03",572.0,2,imersonk
5967,16855052,pk954061458,"2026-09-14 10:37:54",571.9,2,pk954061458
5968,16706192,rustlers42,"2026-09-02 15:24:05",571.9,2,"lkshrsch,powerofcreation"
5969,16682876,"Kartik Garg","2026-08-09 05:21:34",571.9,2,kartikgarg97
5970,16736261,"Saptanshu Samal","2026-08-22 12:02:42",571.4,2,saptanshusamal
5971,16784420,renyxin,"2026-09-04 06:35:37",571.4,2,renyxin
5972,16708907,"[Deleted] 84526ff4-3aed-4b4b-a45f-a4486f01cb7b","2026-08-13 20:01:55",571.3,2,del=34c747d6ee8d2bd7
5973,16662293,"Alejandro Fonda","2026-09-15 17:04:56",571.3,2,alejandrofonda
5974,16706413,"Song Research","2026-08-18 00:39:36",571.2,2,sangbong91
5975,16738640,"Tjay Burger","2026-08-18 17:35:39",571.2,2,tjayburger
5976,16682915,"igeo kK","2026-09-12 23:10:17",571.0,2,igeokk
5977,16690940,NKryst,"2026-08-29 10:57:18",570.9,2,nkryst
5978,16744534,"Leonardo Custode","2026-09-11 09:16:04",570.9,2,leocus
5979,16720788,Anson,"2026-09-05 19:45:48",570.7,2,anson0496
5980,16765031,"Allen JL Li","2026-08-27 06:12:23",570.7,2,allenjlli
5981,16905027,"xiaomeng lin","2026-09-16 08:03:14",570.6,1,xiaomenglin
5982,16762994,AdvancedRising,"2026-09-13 14:54:28",570.5,2,advancedrising
5983,16657807,"Ragav Rida","2026-08-07 16:22:34",570.4,2,ragavrida
5984,16670544,"William Rients","2026-08-06 00:01:02",570.4,2,williamrients
5985,16826099,"Aykut Çağlar","2026-09-15 16:08:32",570.4,2,aykutcaglar
5986,16726684,"William Lee","2026-08-19 15:35:28",570.4,2,notyouravgwilly
5987,16673333,"Dimas Renggana","2026-08-06 23:40:39",570.3,2,dimasrenggana
5988,16845593,matsudaatom,"2026-09-07 14:44:59",570.3,2,matsudaatom
5989,16669545,"Rishabh Gupta","2026-08-06 18:19:04",570.3,2,rishabhguptajs
5990,16747345,"Alex #3","2026-09-15 12:31:03",570.2,2,alexb99
5991,16877886,"Mohamed el.harery","2026-09-16 00:51:49",570.2,2,mohamedelharery
5992,16674504,"Arunabh Gupta","2026-08-18 11:10:33",569.5,2,"arunabhsgupt4,eggsysy"
5993,16697704,"Leonid Matetskiy","2026-08-09 21:39:06",569.3,2,leonidmatetskiy
5994,16669393,"ÖMER FARUK YILMAZ","2026-08-07 19:54:59",569.2,2,ofyzero
5995,16673191,juliye,"2026-08-10 03:49:13",569.1,2,juliye
5996,16660670,"Chirag Bhatnagar","2026-08-31 09:21:45",568.8,2,chiragbhatn
5997,16684674,"Ch Muhammad Umer ","2026-08-11 08:11:36",568.7,2,chmuhammadumer
5998,16671420,"Chengchen Duan","2026-08-17 15:25:09",568.7,2,chengchenduan
5999,16789550,foundtion,"2026-08-30 13:19:22",568.5,2,foundtion
6000,16750864,Ymori,"2026-09-16 03:14:11",568.5,2,yasunorim
6001,16665622,one,"2026-08-11 04:10:11",568.4,2,richardsplayground
6002,16738777,"Balwinder Singh1235","2026-08-20 10:21:34",568.0,2,balwindersingh1235
6003,16663766,"Anup Gautam","2026-08-08 01:29:10",568.0,2,anupanda
6004,16656792,"Gnanaprakash R","2026-08-28 15:05:38",567.9,2,gnanaprakashr
6005,16858087,"Mohd Aasim Ansari","2026-09-16 21:35:42",567.6,1,aasim2003
6006,16673712,"Alejandro Betato","2026-08-16 10:48:24",567.6,2,alejandrobetato
6007,16675585,"Jacob Joy","2026-08-11 12:13:06",567.4,2,jac0b1
6008,16696526,"Reda HEDDAD","2026-09-05 21:17:22",567.4,2,redaheddad
6009,16714894,"Mitsuaki Inoue","2026-09-15 11:41:23",567.2,2,mitsuakiinoue
6010,16652173,"Shardul Gharat","2026-08-06 10:07:36",567.1,2,shardulgharat
6011,16675066,Opticulture,"2026-08-16 12:19:48",567.1,2,"bajibaburowthu,ponnuripavankumar,radhakrishnadoredla,veereshkumar1219"
6012,16792329,"Kumkum Barot","2026-09-16 18:04:00",567.1,2,kumkumbarot02062003
6013,16656690,"Sushant Kumar (xWF)","2026-08-06 04:44:38",567.0,2,sushantkumarxwf
6014,16806260,"Kotaro Furuno","2026-09-03 14:36:00",567.0,2,kotarofuruno
6015,16797699,"Dylan Moraes","2026-09-16 15:56:28",566.8,1,dylanmoraes
6016,16718363,"Jarbas Camurça","2026-08-28 11:15:44",566.8,2,pjarbas
6017,16730740," opus5🏆","2026-08-19 09:58:24",566.5,2,yinpinggao
6018,16793452,"Ghazaros Ghazaros","2026-09-12 00:26:59",566.2,2,ghazarosghazaros
6019,16749104,danielx119,"2026-08-20 16:36:00",566.1,2,danielx119
6020,16728743,Miki_Nuummiu,"2026-09-16 20:54:12",566.0,2,mikinuummiu
6021,16663232,"Marco Mangan","2026-09-06 21:20:24",566.0,2,masmangan
6022,16761451,gulag,"2026-08-24 03:39:54",566.0,2,moglin
6023,16794491,"Sushant Pargaonkar","2026-09-02 02:59:45",565.9,2,sushantpargaonkar
6024,16678602,"hassan manour","2026-08-07 12:52:23",565.8,1,hassanmanour
6025,16885464,"Javier Hernáez","2026-09-16 15:22:08",565.7,2,javierhernaez
6026,16704864,ksj00610,"2026-08-12 08:47:16",565.6,2,ksj00610
6027,16848633,umizora,"2026-09-08 13:34:47",565.5,2,yoiisohira
6028,16657105,"Mathijs Deelen","2026-08-05 01:16:34",565.4,2,mathijsdeelen
6029,16623071,"Santiago Maniches","2026-09-06 06:32:55",565.4,2,santmani
6030,16780513,"Hugo JOBÉ","2026-08-27 20:51:09",565.3,2,hugojob
6031,16621616,insuperabilehart,"2026-09-16 18:56:39",565.0,2,insuperabile
6032,16668175,el_dedalus,"2026-08-06 14:48:01",564.9,2,eldedalus
6033,16661066,"André Kuster","2026-08-06 00:54:20",564.9,2,andrkuster
6034,16740534,"Gao Wenjiang","2026-09-02 09:48:37",564.9,2,gaowenjiang
6035,16827864,"Tùng Dương Bùi","2026-09-04 14:31:54",564.8,2,tdbui1209
6036,16703129,"Pratik Vadher","2026-08-10 21:08:27",564.8,1,pratikvadher
6037,16632504,"[Deleted] c2f6c5d5-ecb1-4f92-95d7-7c9f0fd3474f","2026-07-31 16:04:32",564.7,1,ryota517
6038,16665133,"Abhishek Dubey","2026-08-10 13:28:57",564.5,2,abhishekdubey911
6039,16658775,"Vincent Pan","2026-08-29 12:55:20",564.5,2,"judithhong,vincentpan2005"
6040,16886640,holyholy,"2026-09-15 21:35:33",564.5,2,holy5contents
6041,16742172,"Felisitas Mellania","2026-09-11 06:39:04",564.1,2,felisitasmellania
6042,16743438,嘎嘎滴辣晒,"2026-08-24 09:30:32",564.1,2,yuhangzhang0621
6043,16787010,"Samir Patel","2026-09-04 02:59:28",564.1,2,mesamirpatel
6044,16700885,"Malala Ramaha","2026-08-29 07:29:11",564.0,2,malalaramaha
6045,16718366,RATriculture,"2026-08-28 19:15:28",563.9,2,tarasshchur
6046,16686743,charmander,"2026-09-11 15:44:15",563.6,2,rahuladhi
6047,16710512,FishWotou,"2026-08-19 04:45:40",563.6,2,fishwotou
6048,16640845,"tang yangzhou","2026-08-04 21:36:09",563.5,1,tangyangzhou
6049,16677303,"Chase Martyn","2026-08-19 02:05:12",563.4,2,chasemartyn
6050,16727376,"Roko Torbarina","2026-08-18 18:31:57",563.3,2,rokotorbarina
6051,16663864,RamónLópez,"2026-09-16 14:24:19",563.3,2,lopeznomar
6052,16662103,"Saravana Thiagarajan K","2026-08-05 21:43:42",563.3,2,saravanatk1984
6053,16756029,EndCreeper,"2026-09-15 20:01:32",563.3,2,endcreeper
6054,16658477,"chathura prasadh9817","2026-08-06 07:18:04",563.2,2,chathuraprasadh9817
6055,16658779,"Richard G Atkinson","2026-08-05 00:29:59",563.2,2,richardgatkinson
6056,16715225,"Someswararao Tellakula","2026-08-17 01:15:37",563.1,2,someshtellakula
6057,16727009,B05801037,"2026-08-18 02:28:48",563.1,2,peteropop
6058,16699711,"maxscender ","2026-08-13 14:03:35",563.1,2,maxscender
6059,16887280,"ronger zhu","2026-09-16 18:50:19",562.9,2,rongerzhu
6060,16662057,DeokJin,"2026-08-05 04:01:38",562.9,2,deokjin
6061,16736111,hexingwei33,"2026-09-01 02:08:11",562.9,2,hexingwei33
6062,16777056,"Seb boulba","2026-08-27 21:03:26",562.8,2,sebboulba
6063,16680297,"Ajay Singh","2026-08-08 04:33:24",562.2,2,ajaysinghg
6064,16637499,Yuchen20,"2026-09-02 19:10:43",561.9,2,yuchen2066
6065,16673923,"Gabriele Giacometti","2026-09-10 12:15:50",561.9,2,gabrielegiacometti
6066,16718445,"Hamza Elmorjani","2026-08-15 12:16:55",561.8,2,hamzaelmorjani03
6067,16760190,"Florian Tigoulet","2026-08-24 12:37:14",561.8,2,floriantigoulet
6068,16762206,"mohammad khanjani2026","2026-09-06 05:17:52",561.7,2,mohammadkhanjani2026
6069,16863015,"Carlos Jaime","2026-09-14 05:18:14",561.6,2,cjaime708
6070,16730231,chandler14362,"2026-08-29 03:04:49",561.5,2,chandler14362
6071,16657265,"Hemant Kumar","2026-08-05 15:17:20",561.5,2,hemantrajputt
6072,16662313,"Maximus Sambucetti","2026-08-09 15:36:46",561.3,2,maximussambucetti
6073,16716632,shini47,"2026-08-22 20:30:17",560.9,2,shini47
6074,16666483,"Salih Erdem Kaymak","2026-08-08 17:32:38",560.8,2,saliherdemkaymak
6075,16717742,"Ghawwjsb Vsjsjsbs","2026-08-13 22:32:49",560.5,2,ghawwjsbvsjsjsbs
6076,16669397,"Abed Kibbe","2026-09-13 06:09:10",560.5,2,abedkibbe
6077,16767800,awee,"2026-09-07 19:34:52",560.4,2,aweertw
6078,16750614,"Shivansh Chaudhary","2026-09-05 06:17:27",560.3,2,shivanshchoo
6079,16670596,prabalsingh_23,"2026-08-26 02:33:14",560.3,2,prabalsingh23
6080,16674540,"Pratik Priyanshu","2026-08-07 18:28:12",560.1,2,pratikpriyanshu5
6081,16702820,"Plorek ","2026-08-28 11:28:11",559.9,2,plorek
6082,16671364,"Mike Riggs","2026-08-09 03:22:55",559.9,2,riggsasi
6083,16733910,davidsmith42,"2026-08-19 23:59:03",559.7,2,ananthvydianath42
6084,16666328,"Dornus !","2026-08-05 21:53:19",559.7,2,dornus
6085,16659446,zhaozy233,"2026-08-15 16:51:36",559.7,2,zhaozy233
6086,16670274,"dankwa wadie","2026-09-01 08:45:40",559.7,2,dankwawadie
6087,16621523,"Victor Orihuel","2026-08-18 05:40:18",559.5,2,victororihuel
6088,16675264,"Alon Bar Koter","2026-08-06 16:16:43",559.4,2,alonbarkoter
6089,16642994,"Danila Galkin","2026-08-13 19:22:17",559.4,2,danilagalkin
6090,16720143,"AMAN PANDEY","2026-08-16 13:57:00",559.4,2,amanapofficial
6091,16658031,BSam79,"2026-09-12 09:12:39",559.3,2,bsam79
6092,16691938,"PRASHANT SUTHAR11","2026-08-10 09:46:05",559.3,2,prashantsuthar11
6093,16660850,"Khoa Le","2026-08-05 13:23:55",559.3,2,bryanle2025
6094,16731729,"Sumit Bopche","2026-08-21 15:53:56",559.3,2,sumitbopche
6095,16630524,"Omprakash Patra","2026-09-16 11:15:20",559.1,2,omprakashpy
6096,16841858,"Aadit Agrawal","2026-09-08 07:23:56",559.1,2,aaditagrawal
6097,16675461,mins0_0,"2026-08-30 07:50:53",559.0,2,mins00
6098,16623745,chunluran,"2026-08-27 06:55:55",559.0,2,chunluran
6099,16669028,"Atishay Kasliwal","2026-08-11 17:54:59",559.0,2,atishaykasliwal
6100,16665462,ZSZ,"2026-08-12 13:55:00",558.4,2,zsuzsanna2
6101,16667143,"Noct-Tech zombie","2026-08-06 13:46:51",558.4,2,jo3thaboss
6102,16752665,"Dominik Toric","2026-09-14 17:20:14",558.4,2,dominiktoric
6103,16687448,"Israel Burns","2026-08-12 08:41:38",558.3,2,israelburns
6104,16673981,"Aarya Jadhav","2026-09-14 08:12:58",558.1,2,aaryajadhav0310
6105,16678633,"Tanishq Tayade","2026-09-14 21:39:04",558.0,2,tanishqtayade
6106,16709885,"Manuel Pérez","2026-08-14 01:54:02",557.9,2,manuelperezzz
6107,16773779,"Daichi Tanaka","2026-08-31 03:38:48",557.7,2,daichit64
6108,16844670,"Zheng haoling","2026-09-07 04:22:40",557.6,2,zhenghaoling
6109,16664142,"The Studio 1","2026-08-16 23:04:06",557.0,2,landonsheatsley
6110,16714592,"Carey Casile","2026-08-14 18:34:16",557.0,2,ccasile
6111,16666249,Kawa_pt,"2026-09-08 22:24:25",556.9,2,kawapt
6112,16885591,Orange,"2026-09-13 11:30:58",556.9,2,orangecoppers
6113,16702481,"Scott G","2026-08-13 15:19:02",556.7,2,verifiedscott
6114,16658738,Aman,"2026-08-05 11:12:10",556.6,2,amank95amank95
6115,16743001,Nikhilasree,"2026-09-03 11:33:45",556.4,2,nikhilasree2003
6116,16664750,"shubham kumar","2026-09-13 16:24:23",556.3,2,shubzk17
6117,16672463,"Muzammil Baloch","2026-08-07 12:45:39",556.2,2,muzammilbaloch
6118,16793150,Comet19,"2026-08-31 10:53:04",556.1,2,comet19
6119,16840437,nick.ai007,"2026-09-10 06:36:01",556.1,2,nickai007
6120,16844334,lsnm,"2026-09-07 15:02:17",555.9,2,eliasnema
6121,16715711,"Shawon Biswas","2026-08-19 10:42:24",555.8,2,shawonbiswas11
6122,16633934,Alexy,"2026-08-25 04:40:02",555.8,2,alexycactus
6123,16669408,"Josaphat Adjele","2026-08-31 17:26:56",555.7,2,josaphatadjele
6124,16631772,yuki,"2026-08-03 17:39:58",555.7,2,yururoi
6125,16782187,"Margo Kim","2026-08-28 19:15:18",555.6,2,margokim
6126,16686912,@mldsdev,"2026-08-13 02:07:44",555.6,2,lan1mel
6127,16865454,"Zhihuan Xue","2026-09-16 11:16:53",555.5,2,xuantianfengwu
6128,16759246,wangfeifei_si,"2026-08-26 14:27:19",555.2,2,wangfeifeisi
6129,16738456,"Pritul Raut","2026-08-21 08:45:04",555.2,2,pritulraut
6130,16683918,Thuytien,"2026-08-07 17:20:33",555.1,2,thuytien200529
6131,16660360,"Joey Gonzales","2026-08-05 00:00:47",555.0,2,joeygonzales
6132,16841589,加藤正樹,"2026-09-06 01:59:11",554.9,2,masaki9920
6133,16640077,larry54321zhao,"2026-09-09 08:48:32",554.9,2,larry54321zhao
6134,16666988,"Sarthak Vedant Mohanty","2026-08-08 00:10:11",554.6,2,sarthakvedantmohanty
6135,16685652,LeonDuue,"2026-09-01 06:55:54",554.4,2,leonduue
6136,16655571,yuken,"2026-08-07 13:27:53",554.4,2,yukenai
6137,16638645,ChrisDavis,"2026-08-03 23:29:34",554.3,2,alpacas
6138,16708625,"Lê Văn Pháp","2026-08-29 03:15:56",554.3,2,"linhsarah,lvnphp"
6139,16871854,"Tanvi Parsam","2026-09-13 16:07:41",554.3,2,tanviparsam
6140,16669479,"Shifa Salsabiila","2026-08-09 02:56:11",554.3,1,shifasalsabiila
6141,16795284,"Kostas Tsolis","2026-09-14 09:14:56",554.2,2,tkostas
6142,16682076,"Igor Riegel","2026-09-02 14:49:12",554.2,2,igormriegel
6143,16840480,jignesh13,"2026-09-16 19:33:04",554.2,2,jignesh13
6144,16748774,"hakan ulucan","2026-08-25 19:19:11",554.1,2,hakanulucan
6145,16671779,"Syed Jawad","2026-09-06 12:12:28",554.0,2,syedjawad11
6146,16738923,Quantum,"2026-08-29 01:40:45",553.8,2,jawadxhassan
6147,16712746,itsraininnnn,"2026-08-12 16:38:56",553.7,1,itsraininnnn
6148,16656871,"Pedro Henrique","2026-08-07 03:37:29",553.6,2,pedrohets
6149,16845161,"Abate etienne","2026-09-08 00:28:04",553.6,2,abateetienne
6150,16691271,"Ashler Herrick","2026-08-09 14:54:33",553.5,1,ashlerjohnherrick
6151,16762831,026,"2026-09-07 00:58:19",553.4,2,thahaarsh
6152,16667794,knadithyavr,"2026-08-13 12:24:05",553.3,2,knadithyavr
6153,16673266,Preet,"2026-08-14 05:57:17",553.1,2,hpkaur34
6154,16627751,lzeee,"2026-08-10 14:06:38",553.1,2,shzgong
6155,16664143,"Lucas Henrique Mateo","2026-08-21 19:10:52",552.9,2,lucashmateo
6156,16688366,yokoikazumasa,"2026-08-08 19:25:58",552.8,1,yokoikazumasa
6157,16697346,"sayyid mogaka","2026-08-10 21:37:36",552.7,2,sayyidmogaka
6158,16709494,"Aditya Dushara","2026-09-10 22:24:55",552.6,2,adityadushara
6159,16750751,AarizKh,"2026-09-09 16:28:15",552.6,2,aarizkh
6160,16679364,VicD,"2026-08-14 20:16:52",552.6,2,durandv
6161,16676259,Th_Gbay,"2026-08-19 20:42:35",552.5,2,thgbay
6162,16723045,"Albert Einstein F Muritiba","2026-09-16 16:29:48",552.5,2,spideryzarc
6163,16671092,"tomohito shimura","2026-09-16 10:55:08",552.5,2,tomohitoshimura
6164,16667346,Artwenty-six,"2026-09-15 14:55:14",552.4,2,rezakautsarinsani
6165,16692680,"Marc-Luca ","2026-08-11 12:02:15",552.4,2,marcluca
6166,16622938,"Farmville Redux","2026-08-03 18:58:04",552.2,2,daveconnor
6167,16715495,Yashi003,"2026-08-24 04:44:40",552.1,2,yashi003
6168,16736368,tora,"2026-08-19 06:54:47",552.0,1,toranosukenoda
6169,16659309,irisV11,"2026-08-18 05:23:01",552.0,2,irisv11
6170,16717817,"Nick Stoddart","2026-08-14 05:15:23",551.9,2,nickstoddart
6171,16687604,Harrislrobinson,"2026-08-11 00:25:10",551.8,2,harrislrobinson
6172,16671648,"[Deleted] 05e6ae2c-c72f-4044-b02f-dc74277e34ab","2026-08-09 07:21:22",551.8,2,del=871ca06d8c734ede
6173,16621354,pengshy,"2026-08-06 04:54:01",551.8,2,dm15336142
6174,16656883,KK,"2026-08-05 10:27:15",551.8,2,kkonzyb
6175,16732609,"Filippo Paninforni","2026-08-19 18:30:22",551.7,2,filippopaninforni
6176,16632118,nk,"2026-09-11 09:55:01",551.4,2,nagatakengo
6177,16857823,"Hà Công Nga ","2026-09-10 02:49:42",551.4,2,hcngnga
6178,16685618,"Krupa Vardhan","2026-08-28 09:24:21",551.4,2,krupavardhan
6179,16775237,"Haruki Iwase","2026-09-12 14:38:17",551.2,2,harukiiwase
6180,16718565,Frankyface,"2026-08-13 18:54:37",551.2,1,frankyface
6181,16731887,"hoo aam","2026-08-21 05:37:16",550.9,2,hooaam
6182,16710521,"Natpaphon Nukhunthod","2026-08-17 03:37:15",550.8,2,natpaphonnukhunthod
6183,16678644,"Kanik Aggarwal","2026-08-13 19:01:16",550.7,2,roronoazoro200
6184,16634790,"Steven Lui","2026-08-03 12:22:08",550.6,2,stevenlui
6185,16756858,"Rushi A.","2026-08-23 18:54:03",550.5,2,rushia
6186,16666597,Ramkumar4240,"2026-08-10 12:19:20",550.5,2,ramkumar4240
6187,16658074,"Qui Ngx","2026-08-05 05:57:15",550.1,2,quingx
6188,16635145,"Isaac Menard","2026-08-05 21:11:36",549.9,2,isaacmenard
6189,16661550,SeriouS_K,"2026-09-05 08:25:29",549.8,1,serious101
6190,16654890,"Josh Hipps","2026-08-06 14:16:49",549.8,2,joshuahipps
6191,16660419,"Kai-Shih Chiu","2026-08-06 12:54:22",549.7,2,kaishihchiu
6192,16659025,"Mohammed Naseef","2026-08-05 09:01:20",549.6,2,mohammednaseef
6193,16658151,"Nguyễn Phúc Gia Bảo","2026-08-06 15:15:07",549.6,2,kevincrazy678
6194,16773320,kaka,"2026-09-11 12:48:23",549.6,2,kakawin
6195,16727961,"Ebenezer Olumeyan","2026-08-22 15:54:00",549.2,2,eolumeyan
6196,16796810,JosephErikRibeiro,"2026-09-02 20:21:08",549.1,2,josepherikribeiro
6197,16692450,duckypants,"2026-08-23 20:36:59",549.0,2,duckypants
6198,16886832,"Ayush Patel","2026-09-13 16:25:18",548.7,2,ayushpatel02
6199,16688646,lakranitesh,"2026-08-08 12:49:18",548.7,2,lakranitesh
6200,16690152,"The Ceris","2026-08-16 11:49:31",548.6,2,amedeopachera
6201,16854398,"VALERIY MIKHALEV","2026-09-08 16:27:24",548.5,2,valeriymikhalev
6202,16808750,ssssying,"2026-09-11 14:41:53",548.5,2,ssssying
6203,16688134,"Marc Dakuginow","2026-08-13 01:40:44",548.2,2,marcdakuginow
6204,16660364,dadandsats,"2026-08-14 11:41:04",548.2,2,continuingdev
6205,16659181,Hongjie04,"2026-08-05 04:07:04",548.0,2,hongjie04
6206,16668022,"Lady and tech","2026-08-19 04:08:50",547.9,2,ladyandtech
6207,16722028,"Aw Ming Xuan","2026-08-16 09:24:48",547.8,2,awmingxuan
6208,16768178,Scarttish,"2026-08-26 22:44:26",547.6,2,scarttish
6209,16723037,"Red Cat","2026-09-10 19:23:50",547.6,2,severl
6210,16686655,"Emir Baki Demirci","2026-08-14 22:43:55",547.5,2,emirbakidemirci
6211,16660173,"PAULO HENRIQUE DE LIMA","2026-08-06 02:42:20",547.4,1,paulohenriquedelima
6212,16696460,"Enzo 7mlk","2026-09-16 15:19:51",547.4,2,enzo7mlk
6213,16655424,Fayche,"2026-08-10 16:50:28",547.3,2,fayche
6214,16662875,Jimmy,"2026-09-16 15:30:46",547.3,2,jiyo4476
6215,16664605,"Nathaniel Shou","2026-08-05 17:51:47",547.3,2,nathanielshou
6216,16729157,HahaTaco,"2026-09-12 17:33:16",547.2,2,hahataco
6217,16715897,shettynaisha,"2026-09-06 17:28:58",547.1,2,shettynaisha
6218,16644456,Agbe,"2026-09-16 23:43:27",546.9,1,timmecom
6219,16795609,2023314806_이승민,"2026-09-04 10:21:31",546.9,2,sminleeee
6220,16740662,宣城市机械电子职业技术学院,"2026-09-15 02:05:22",546.8,2,chenzhengy
6221,16811259,"Aaryan Agarwal","2026-09-03 20:21:00",546.8,1,aaryanagarwal
6222,16846010,muelsyse111,"2026-09-07 07:52:55",546.6,1,muelsyse111
6223,16795624,"Shashwat Khare","2026-09-02 01:46:54",546.5,2,shshwtkhr
6224,16890221,"Kalebu Makombe","2026-09-14 10:07:31",546.3,2,kalebuomakombe
6225,16630773,"An Hoang Vo","2026-09-05 14:49:25",546.1,2,anhoangvo
6226,16778145,TW_益民_li,"2026-09-03 12:28:49",546.0,2,liyimintw
6227,16777150,Eduardo2c,"2026-09-06 14:23:04",545.9,2,eduardo2c
6228,16664370,"Joel Arias","2026-08-06 17:29:01",545.9,1,j4rias
6229,16731013,"Abimael Firstana","2026-09-11 06:55:02",545.8,2,abimaelfirstana
6230,16756987,"Joseph Paggeot","2026-08-24 04:32:57",545.7,2,josephpaggeot
6231,16741766,lrik00,"2026-09-15 13:27:32",545.5,2,lrik00
6232,16676613,LCZ1996,"2026-08-29 02:02:59",545.5,2,lcz1996
6233,16663093,"Akul Sareen","2026-08-21 23:49:50",545.4,2,akulsareen
6234,16677585,Pan,"2026-08-07 13:54:22",545.3,2,mehdiacho
6235,16660119,"Dhruva Das","2026-08-05 17:05:52",545.2,2,dhruva77
6236,16740840,"Huchen Jiang","2026-09-02 09:18:47",544.6,2,huchenjiang
6237,16764330,"Koral Kulacoglu","2026-08-26 04:51:33",544.5,2,koralkulacoglu
6238,16719172,"Victor Carriço","2026-08-24 03:35:14",544.4,2,kronossaurus
6239,16730649,Mink,"2026-09-13 19:27:02",544.3,2,"mahendransaeyohnn,mysterious5577"
6240,16660214,ytddsyt1214,"2026-08-09 12:32:06",544.1,2,ytddsyt1214
6241,16661832,"Roberto Garcia","2026-08-08 15:09:39",544.1,2,robertogarciada
6242,16659645,Drakus_Julia,"2026-08-09 02:15:20",544.0,2,drakus74
6243,16685349,Onelux,"2026-08-13 12:58:31",544.0,2,leehomhuang
6244,16773402,齐乐,"2026-08-28 05:52:43",544.0,2,qile200107
6245,16674076,rigsutra,"2026-09-12 16:57:45",543.8,2,rigsutra
6246,16623302,"Raffi Ardhi Naufal","2026-07-31 18:31:57",543.7,1,raffiardhi
6247,16676320,"Khôi Trần","2026-08-29 14:14:57",543.7,2,khoitrn
6248,16662741,"Abhiraj Govind","2026-08-04 18:01:16",543.6,1,abhirajgovind
6249,16654596,"khusham sheth","2026-08-13 05:28:55",543.6,2,khushamsheth
6250,16884148,mengxc410,"2026-09-16 15:52:39",543.5,2,mengxc410
6251,16701795,Proshian,"2026-08-11 00:01:04",543.3,2,proshian
6252,16845760,Alyosha85,"2026-09-07 05:42:01",542.9,2,alyosha85
6253,16669470,"ASDM HUB","2026-08-12 20:13:20",542.8,2,jesushechavarria
6254,16658327,pocari1,"2026-08-19 07:17:28",542.7,2,pocari1
6255,16842527,ko_fusion_JPN,"2026-09-16 07:37:33",542.6,2,kofusionjpn
6256,16700207,"S. Mujtaba Hussain","2026-09-16 06:45:01",542.4,2,smujtabahussain
6257,16757407,"Dylan Bailes","2026-08-26 07:11:56",542.2,2,dylanbailes
6258,16774134,kokdonbaq,"2026-08-30 14:07:52",542.1,2,darkhan14
6259,16659507,"Lokesh Lalan","2026-08-26 08:51:50",542.0,2,lokeshlalan
6260,16784599,"Lisa Hines","2026-09-03 15:09:08",541.8,2,lisamhines
6261,16658820,"Jonathan Ashenaf1","2026-08-11 16:59:20",541.8,2,jonathanashenaf1
6262,16648589,"Yilan Zhu","2026-08-05 11:23:23",541.8,2,yilanzhu
6263,16740646,"Darren Chung","2026-08-25 18:00:27",541.8,2,chungdarren
6264,16723737,HaruhiroKazami,"2026-08-21 16:12:04",541.6,2,haruhirokazami
6265,16726687,"Rohin Kethipally","2026-09-14 22:41:28",541.5,2,rohinkethipally
6266,16665046,"Srish Jana","2026-08-06 18:12:59",541.5,2,srishjana
6267,16705480,Mint120,"2026-08-19 05:49:10",541.3,2,mint120
6268,16658702,sherlockwatson007,"2026-08-29 08:48:53",541.1,2,sherlockwatson007
6269,16663677,"Aghazie David","2026-08-07 00:32:14",541.0,2,aghaziedavid
6270,16798918,"Toan Nguyen Mau","2026-09-07 08:39:35",541.0,2,toannguyenmau
6271,16864314,marwar22,"2026-09-10 14:10:20",540.8,1,marwar22
6272,16747163,"Sarthak Patel","2026-08-21 06:36:26",540.8,2,sarthakpatel2028
6273,16740709,"Abimael Firstana #2","2026-09-11 07:19:13",540.7,2,abimaelfirstana99
6274,16843633,"Arbnor Grubi","2026-09-13 02:32:30",540.6,2,protocool
6275,16685582,Wasaanyi,"2026-08-18 09:21:30",540.4,2,"cnakakeeto,wasaanyi"
6276,16786450,fujii,"2026-09-15 14:01:51",540.3,2,kojisoemi
6277,16712921,"Come Back","2026-08-20 00:45:45",540.2,2,amirhosseinltf
6278,16673034,"Milos Vlainic","2026-09-15 09:35:57",540.2,2,wlakinsson
6279,16693207,"Vamshi Guntupalli","2026-08-11 22:40:36",540.2,2,vamshiguntupalli
6280,16659896,TedT,"2026-08-11 19:36:14",540.2,2,fdsaur
6281,16717716,"Диас Издибаев","2026-08-15 05:32:14",540.1,2,diasiz1
6282,16823519,GarciasN,"2026-09-07 18:43:18",539.9,2,garciasn
6283,16669118,"yunus yavuz","2026-08-05 21:51:21",539.7,2,yunusyvz
6284,16870486,"Sincere Bailey","2026-09-14 12:26:18",539.5,2,sincerebailey
6285,16725938,"Ben Cheng","2026-09-05 16:03:36",539.3,2,benczb
6286,16677231,"Ahmed Bootaan","2026-08-06 18:08:52",538.9,2,ahmedbootaan
6287,16663437,inversion,"2026-08-04 20:44:41",538.9,1,inversion
6288,16700484,白井孝太郎,"2026-08-15 01:08:02",538.8,2,kotaroshirai
6289,16663188,"Ethan Feng","2026-08-05 22:09:38",538.6,2,xenon111231
6290,16872190,"Zephyr Pong","2026-09-11 11:07:15",538.6,2,zephyrpong
6291,16784966,oouiaa,"2026-09-03 21:53:59",538.6,2,tomofumihata
6292,16666055,Axit,"2026-08-06 10:16:15",538.4,2,axitslab
6293,16862188,KJ007123,"2026-09-10 07:02:20",538.2,2,kj007123
6294,16743282,"Srivishnu Charan","2026-09-03 14:06:54",538.2,2,srivishnucharan
6295,16623112,Tians12,"2026-08-09 19:10:24",538.0,2,tiansang12
6296,16692246,"Pamod Jayaneth","2026-09-08 05:13:09",537.9,2,pamodjayaneth
6297,16709880,"Javier Pérez Robles","2026-08-15 02:21:07",537.9,2,javierprezrobles
6298,16705183,"Tong Jiakai","2026-08-14 08:23:26",537.9,2,tongjiakai
6299,16725847,"Shel Horta","2026-08-18 04:29:55",537.7,2,shelhorta
6300,16674599,"Luka Duvanov","2026-08-19 22:03:46",537.6,2,nekkon
6301,16781545,"Jake Lin","2026-09-04 01:41:22",537.5,2,jakelinai
6302,16664266,"Ian Chung","2026-08-07 23:32:55",537.4,2,iannnnn012345
6303,16661099,TheSven,"2026-08-06 17:05:25",537.4,2,thesven
6304,16749038,Seuz,"2026-08-29 18:40:14",537.2,2,kohdawei
6305,16658290,rrishavrraj,"2026-09-04 10:35:19",537.2,2,"rrishavrraj,shubhamkumar9812"
6306,16774317,A_yuki,"2026-08-28 23:42:10",536.9,2,yukiys
6307,16720714,"Lithole Munangiwa","2026-08-19 11:23:49",536.9,2,litholemunangiwa
6308,16740248,KK_nut,"2026-08-25 03:26:52",536.3,2,k0k0nut
6309,16740894,BetOnMe,"2026-08-19 14:40:02",536.2,2,betonme
6310,16660270,Ziel_Lux,"2026-09-13 11:18:14",536.1,2,nahbilafaith
6311,16659813,"Uday Kumar R","2026-08-13 09:47:39",536.0,2,udaykumarramineni
6312,16664841,vohi01,"2026-09-06 09:53:46",536.0,2,vohi01
6313,16752153,zhao569,"2026-09-14 08:30:39",535.8,2,zhao569
6314,16897821,bjthomas,"2026-09-16 14:31:37",535.8,2,bjthomas
6315,16696163,"Romain Durand","2026-08-17 19:00:46",535.7,2,romaindurand1607
6316,16658973,"not today","2026-08-05 05:57:14",535.7,2,cemhan44
6317,16666614,"Arjun Annamalai","2026-08-18 09:23:28",535.5,2,arjunannamalai
6318,16753887,"Hong Tang","2026-08-24 21:41:20",535.3,1,hongtang15
6319,16658718,"Duong Bao Duy","2026-09-15 13:31:45",535.3,2,duongbaoduy
6320,16761751,KrishnaKumar_AIML,"2026-09-02 14:38:24",535.2,2,krishnakumarcsr
6321,16870864,"Overfitting Is All You Need","2026-09-15 12:07:03",534.9,2,ryylll
6322,16692637,"Blox Amaze","2026-08-09 09:47:42",534.7,2,bloxamaze
6323,16686149,"Luc Mantoux","2026-08-09 20:25:33",534.7,2,lucmantoux
6324,16790206,"bogdan chirkov","2026-09-15 13:46:30",534.5,2,bogdannchirkovv
6325,16683309,"Zealous Sebastian","2026-08-09 12:45:32",534.4,2,zealoussebastian
6326,16664706,olivbhxf,"2026-08-06 07:10:34",534.4,2,olivbhxf
6327,16735475,SunjaeLee02,"2026-08-19 08:12:41",534.4,2,sunjaelee02
6328,16696020,"Hugo Voisin","2026-08-11 16:08:06",534.4,2,hugovoisin
6329,16823067,Francisco,"2026-09-10 18:00:57",534.3,2,cheneblanc
6330,16655630,askBillyWhatMamaDid,"2026-08-28 02:06:18",534.2,2,askbillywhatmamadid
6331,16742059,dafei2025,"2026-09-03 09:19:34",534.1,2,dafei2025
6332,16657654,TemperaryT,"2026-09-10 12:34:25",534.1,2,temperaryt
6333,16845696,Huskkky,"2026-09-07 03:47:13",534.1,2,huskkky
6334,16655075,"Félix Rodríguez Roble","2026-08-04 09:16:25",534.0,2,flixrodrguezroble
6335,16767932,"Mark #3","2026-09-15 19:22:42",533.7,2,markdjadchenko
6336,16718042,"Muddassir Shah","2026-09-02 21:49:44",533.6,2,wisemanseed
6337,16702359,"Ethan Pl","2026-08-11 19:43:21",533.6,2,ethanpl
6338,16679771,Coolgolf,"2026-09-02 13:56:54",533.5,2,coolgolf
6339,16897955,Diganta,"2026-09-15 18:15:03",533.5,2,digantabhattacharya
6340,16853288,ypl0lpy,"2026-09-09 07:56:50",533.3,2,ypl0lpy
6341,16831074,BiNar,"2026-09-15 19:13:24",533.3,2,durbinar
6342,16802663,ipefix,"2026-09-01 17:34:35",533.3,2,nmsis91
6343,16771171,Manfucci,"2026-09-12 14:08:47",533.3,2,manfucci
6344,16667025,"Anjitha Mekkayil Anand ","2026-08-28 05:59:46",533.1,2,anjithamekkayilanand
6345,16639244,"Romone Dunlop","2026-08-11 10:19:49",533.1,2,romonedunlop
6346,16672078,vietlinhh02,"2026-08-08 07:46:53",532.8,2,vietlinhh02
6347,16662201,"Saumitra Verma","2026-08-04 18:28:36",532.8,2,saumitraverma
6348,16623316,"Ondrew Zudin","2026-08-06 23:08:41",532.6,2,ondrewzudin
6349,16883234,Cpleasance,"2026-09-14 00:24:24",532.6,2,cpleasance
6350,16855185,ArdiaNova,"2026-09-16 13:42:20",532.4,2,ardianova
6351,16786461,"Caleb Bredlow","2026-09-07 04:17:50",532.3,2,calebbredlow
6352,16691807,lbs-vadar,"2026-08-26 18:29:57",532.3,2,lbsvadar
6353,16660035,NoNamedeo,"2026-08-27 14:20:15",531.9,1,nonamedeo
6354,16691007,"Nhật Khoa Phạm","2026-08-14 16:15:43",531.6,2,pnk123456
6355,16697730,JCN2365,"2026-08-13 18:06:35",531.4,2,jcn2365
6356,16655899,"Dominic Tedrow","2026-08-17 20:37:28",531.3,2,dominictedrow
6357,16686150,"Aek KunKub","2026-08-14 05:21:43",531.3,2,aekkunkub
6358,16662751,ZeD,"2026-08-06 10:11:24",531.3,2,hussamcheema
6359,16684024,"Work From Home 3.0","2026-08-14 12:33:30",531.3,2,"direct1,gongyiqian,jovansee,maxtankialok,n00bcak"
6360,16657400,indrapurnama,"2026-08-08 05:42:05",531.2,2,indr0008
6361,16661507,Siddharth1984,"2026-08-06 13:39:22",531.1,2,siddharth1984
6362,16680108,dentalsoup,"2026-08-07 09:03:47",531.1,2,afinemonkey
6363,16708230,"jose manuel Tinajero","2026-08-25 15:02:46",531.1,2,josemanueltinajero
6364,16679671,Ash0666,"2026-08-09 19:28:52",531.1,2,ash0666
6365,16730105,"Leonardo Palis","2026-08-17 03:35:05",530.9,2,leonardopalis
6366,16631919,"Ghinwa Allaoui","2026-08-04 16:27:17",530.9,1,ghinwaallaoui
6367,16760352,"Romain Bomba","2026-08-24 01:27:23",530.8,2,romainbomba
6368,16829729,NoobMaster69,"2026-09-06 09:12:58",530.7,2,thelegend007
6369,16654085,"Bill Xu","2026-09-07 05:10:56",530.6,2,billll
6370,16668678,"Madhur Sabherwal","2026-08-14 02:47:14",530.5,2,madhur321
6371,16661927,JHCodeQuest,"2026-08-25 11:36:46",530.5,2,josephkhassan
6372,16651167,ArmanVardanyan07,"2026-08-03 22:43:13",530.3,2,armanvardanyan07
6373,16666709,JSQL,"2026-09-02 18:52:37",530.3,2,jeffreyschott
6374,16659444,"ANKIT AGARWAL","2026-09-14 04:47:23",530.2,2,ankwall223
6375,16894110,寒月千逸,"2026-09-16 00:29:00",530.0,2,"hanyueqianyi,leeyang1,sakurahg"
6376,16632100,"Mohit Shirke","2026-08-07 17:55:11",529.9,2,orcivion
6377,16666652,"Mohamed Fanni","2026-08-17 00:51:38",529.8,2,"arachid,mohamedfanni,soukaynamokhtari"
6378,16722252,pwdh2026,"2026-08-14 22:16:22",529.6,2,pwdh2026
6379,16664652,QuasarHeart,"2026-09-04 14:00:05",529.6,2,quasarheart
6380,16670218,"What is Coding?","2026-08-07 01:47:17",529.5,2,matthewshvarts
6381,16677360,"Jatin Chawla","2026-08-08 13:45:06",529.5,2,jatin221
6382,16736579,rk777848,"2026-08-25 03:00:28",529.5,2,rk777848
6383,16662060,"Richard Valino","2026-08-06 16:03:36",529.4,2,richardvalino
6384,16685800,"Sumit Ridhal","2026-09-05 11:44:15",529.4,2,sumitridhal
6385,16734901,Breaking1800,"2026-09-08 20:16:46",529.3,2,breaking1800
6386,16698292,"Dallas Manning","2026-08-17 14:29:53",529.3,2,dallasmanning
6387,16652952,lackmind,"2026-09-04 18:46:11",529.3,2,lackmind
6388,16698103,JJ,"2026-09-02 09:46:15",529.3,2,jianjinchen
6389,16665224,tyz123456,"2026-09-16 01:40:31",529.1,2,tyz123456
6390,16728863,Irabala,"2026-09-16 17:40:36",528.8,2,irabala1
6391,16753353,"Aayush Kumar","2026-08-29 16:26:46",528.8,2,devaayushkumar
6392,16692644,"Achille Gohin","2026-08-10 00:26:26",528.7,2,achillegohin
6393,16657981,"Arijit Kar","2026-08-18 11:05:52",528.6,2,demonicak
6394,16663777,"Mortis Beans","2026-08-24 05:27:44",528.5,2,mortisbeans
6395,16779813,zitihc,"2026-08-29 14:18:49",528.5,2,zitihc
6396,16724842,"Mikaela Gkolemi","2026-08-21 19:04:38",528.4,2,mikaelagkolemi
6397,16647438,"Aderian Setiawan","2026-09-16 09:23:33",528.3,2,aderiannovito
6398,16631480,"Kumar Abhijeet","2026-07-31 13:29:40",528.3,1,krabhijeet
6399,16629002,Alpro,"2026-09-08 23:32:24",528.2,2,"dogaakal,egekemalkaraca"
6400,16761589,"Eren -","2026-08-27 08:48:44",528.2,2,erenozyurek
6401,16730749,"Đông Hà","2026-09-03 03:04:06",528.1,2,phapsucongu
6402,16814952,"Ngọc Huyền","2026-09-15 03:55:18",528.1,2,ngchuynss
6403,16661596,t@got@go,"2026-08-10 06:24:24",528.1,2,kamdaanahessod
6404,16848498,KeiroS,"2026-09-11 07:59:01",528.0,2,keiros
6405,16674106,Jaikrishna@007,"2026-09-16 18:04:56",528.0,2,"dineshak07,jaikrishna007"
6406,16833476,"Richard Pagan","2026-09-05 03:01:54",527.9,1,richardpagan
6407,16778947,mart3104,"2026-09-05 15:31:43",527.8,2,mart3104
6408,16706985,Valmrnch,"2026-08-24 07:57:56",527.7,2,valmrnch
6409,16676663,"This cat is called Fumi","2026-08-11 18:21:43",527.4,2,qwer556617123
6410,16667872,"Pralay Ghosh","2026-09-06 10:12:25",527.4,2,pralayghosh83
6411,16720760,ysteh05,"2026-08-15 05:14:53",527.2,2,ysteh05
6412,16770440,"Tegar Putrayas Dentatama","2026-08-29 06:33:59",527.1,2,tegarputrayasd
6413,16641009,"Marius Kirschner","2026-08-03 08:41:47",527.1,2,mariuskirschner
6414,16673324,Amaranta,"2026-09-10 18:38:18",527.0,2,ulyanovantonamaranta
6415,16786140,valgrinderror,"2026-09-16 01:37:51",527.0,2,valgrinderror
6416,16896566,Bleriot11,"2026-09-15 15:08:27",526.9,2,bleriot11
6417,16743823,"Zeyu Huang_summer","2026-09-14 15:40:41",526.9,2,zeyuhuangsummer
6418,16713033,Contact-Nade,"2026-09-10 07:44:18",526.8,2,"masanammedha,rayofc"
6419,16745655,巴啦啦能量,"2026-09-08 01:30:14",526.7,2,wsh10086
6420,16661858,"Lukas Lee e","2026-08-18 00:58:12",526.6,2,lukasleee
6421,16658160,yunquer,"2026-08-17 07:18:53",526.4,2,yunquer
6422,16635744,XDang13,"2026-09-01 00:50:40",526.3,2,xdang13
6423,16656317,"Manu Rahi","2026-08-06 16:43:55",526.1,2,manurathi
6424,16806084,"DSDgsdgs SDgsdfgs","2026-09-03 05:19:11",525.9,1,dsdgsdgssdgsdfgs
6425,16764600,"Tanmay Shingavi","2026-09-03 05:43:57",525.6,2,decodingafterlife
6426,16656913,"Inna Davidov","2026-08-20 04:43:47",525.5,2,innadav
6427,16630163,"SEREENA JERRY","2026-08-06 08:59:17",525.3,2,serenajerry
6428,16661432,"Ange Adantchede","2026-09-14 09:00:26",525.3,2,angeadantchede
6429,16767754,"Dr. T","2026-09-13 08:01:21",525.2,2,davinor
6430,16698164,"Ruizhang Zhi","2026-09-14 23:05:38",525.2,2,ruizhangzhi
6431,16632253,nasuuuuun,"2026-08-04 13:30:11",525.1,2,hikarumatsuzaki
6432,16890976,zyh222,"2026-09-15 00:04:04",525.0,2,zyh222
6433,16670719,SimoImane,"2026-08-05 23:36:09",524.9,2,simoimane
6434,16669699,nikesh23,"2026-08-08 01:52:56",524.8,2,nikesh23
6435,16861492,Adi_271,"2026-09-10 09:47:25",524.6,2,adi271
6436,16663551,"Germinator G-1000","2026-09-15 21:52:40",524.6,1,sinkingpoint
6437,16717601,"Mariem Fersi","2026-08-24 23:22:14",524.6,2,"mariemfersi,yassinebrahem2"
6438,16768939,"Pratham Sonawane","2026-08-30 17:37:23",524.5,2,prathamsonawane1
6439,16845148,"nasa Furiy","2026-09-07 08:24:40",524.4,2,nasafuriy
6440,16701454,"André-Marie BEHANZIN","2026-09-15 11:42:17",524.3,2,andremariebehanzin
6441,16828705,"liama liama","2026-09-04 16:37:52",524.2,2,liamaliama
6442,16890133,Adsterr,"2026-09-14 20:06:19",524.0,1,adsterr
6443,16794797,zzzyan10,"2026-09-15 09:43:17",523.5,2,zzzyan10
6444,16701250,T00bii,"2026-08-11 16:11:06",523.4,1,t00bii
6445,16656470,Glimmeron,"2026-08-12 02:01:48",523.3,2,rishabhraushan
6446,16711812,"zhan renyi","2026-08-31 05:24:39",523.1,2,zhanrenyi
6447,16862225,"Dmitriy Ershov","2026-09-09 19:38:26",522.9,2,bejeweled
6448,16868761,TboneBrown,"2026-09-11 17:14:42",522.7,2,tbonebrown
6449,16691310,"Ganesh ","2026-09-16 21:40:18",522.7,2,hotshot1798
6450,16714363,guohaowen,"2026-08-13 14:25:48",522.5,2,guohaowen1910
6451,16665511,phoenix_merk,"2026-08-05 09:46:25",522.4,2,phoenixmerk
6452,16796509,"Taha Alselwi","2026-09-10 22:26:26",522.2,2,tahaalselwii
6453,16665080,"RAVI KUMAR696996","2026-08-05 06:14:29",522.0,2,ravikumar696996
6454,16633577,Boxy,"2026-08-15 18:55:40",522.0,2,boxyml
6455,16672333,"Giovanny Rodríguez","2026-08-20 12:23:08",521.9,2,giovannyrodrguez
6456,16635481,Jamaisvu,"2026-08-20 15:39:29",521.9,2,jamaisvu
6457,16888433,SINKO1,"2026-09-16 10:35:39",521.8,2,sinko1
6458,16654970,"Maycon Coutinho","2026-08-27 21:28:32",521.7,2,coutinhomaycon
6459,16867745,"Carlos Uño Magne","2026-09-13 15:09:49",521.7,2,carlosuomagne
6460,16693738,"Sonu Jha","2026-08-14 20:32:37",521.5,2,sonujha090
6461,16656410,Sam,"2026-08-14 01:58:04",521.4,2,beartrader
6462,16680562,devsloppy,"2026-08-10 20:02:19",521.4,2,twu1738
6463,16875818,Mateollqw,"2026-09-12 22:08:38",521.3,2,mateollqw
6464,16887642,"Dimitrios Giannoulis","2026-09-14 12:38:24",521.0,2,plagiagia
6465,16668509,HarryZ,"2026-09-13 04:29:04",520.9,2,mzhumzhu
6466,16783713,Gale,"2026-09-05 02:29:43",520.9,2,na1vel
6467,16783367,hezhiqian,"2026-09-16 04:31:36",520.9,2,hezhiqian
6468,16720049,"aditya emmadishetty","2026-08-14 13:20:54",520.9,2,adityaemmadishetty
6469,16672657,"Lochan Naik","2026-08-07 08:41:44",520.7,2,lochannaik
6470,16763351,shutong114,"2026-08-24 15:17:06",520.6,2,shutong114
6471,16665281,"[Deleted] 899172b8-e148-4564-ba8c-c46356105ab8","2026-08-05 09:55:11",520.4,2,del=cd7e9a4014b872ef
6472,16777132,"Soham Dave","2026-08-27 14:51:01",520.4,2,sohamdave19
6473,16865918,yh00722,"2026-09-14 04:52:38",520.2,2,yh00722
6474,16707159,"Toua Innocent TIA","2026-08-17 16:28:36",520.2,2,centino
6475,16723125,"Shubham Dhapola","2026-08-16 13:35:23",520.0,2,shubhamdhapola24
6476,16688383,plong2101,"2026-08-18 06:21:34",520.0,2,plong2101
6477,16661950,moonmelonpizza,"2026-08-09 12:25:23",519.9,2,moonmelonpizza
6478,16693797,"Riyaz Ur Rehman","2026-08-17 02:21:15",519.8,2,riyazurrehman
6479,16724847,"guangchen lu","2026-09-10 03:34:37",519.8,2,guangchenlu
6480,16728137,mchicen,"2026-08-20 16:48:10",519.6,2,"iyaiji,mchicen"
6481,16662043,"Hengcong Zhu","2026-08-05 14:46:24",519.3,2,hengcongzhu
6482,16670779,"Aditya Dube","2026-08-06 01:41:24",519.2,2,dubeaditya
6483,16666371,jiten_topiwala,"2026-08-08 16:51:13",519.0,2,jitentopiwala
6484,16664140,Sxwat,"2026-08-23 01:13:13",519.0,2,aybatov
6485,16654485,"Mahbub Alam","2026-08-04 02:08:23",518.9,2,mahbubalam214
6486,16886765,LZWang,"2026-09-13 22:00:47",518.9,2,wlzwlz
6487,16735702,opflare,"2026-09-04 23:47:49",518.8,2,opflare1144user
6488,16705415,"Mauro Najera","2026-08-11 05:30:13",518.7,2,mauronajera
6489,16718295,doinggyu,"2026-08-18 12:56:58",518.7,2,doinggyu
6490,16889822,CornReform,"2026-09-16 03:17:43",518.6,2,cornreform
6491,16682707,"AJAY KUMAR","2026-08-07 19:13:08",518.4,2,worldsslayer
6492,16657601,Simon,"2026-08-05 15:59:44",518.4,2,benten10
6493,16657674,Warriors,"2026-08-29 14:12:29",518.2,2,"karthikreddykarri,kovvurisaimohanreddy,vikramadityaabhiram"
6494,16664116,"Bogdan Sburlea","2026-09-09 22:48:41",518.1,2,bogdan1405
6495,16668154,JuanEspana,"2026-08-09 11:38:32",518.0,2,juanespana
6496,16631981,"Karen Letir","2026-08-10 09:21:51",518.0,2,karenletir
6497,16664913,"ABHISHEK KUMAR","2026-08-17 04:20:56",518.0,2,abhishek6545
6498,16668612,"raffael prem","2026-08-06 08:02:13",517.6,2,raffaelprem
6499,16755781,NaveenManwani,"2026-08-28 05:37:31",517.5,2,naveenmanwani
6500,16784417,"Dallas Odem","2026-08-29 13:14:30",517.4,2,dallasodem
6501,16907592,may2223,"2026-09-16 16:41:33",517.3,1,may2223
6502,16679958,Bum_Fy_Mz,"2026-08-13 20:31:44",517.3,2,bumfymz
6503,16674714,"Kaaleedass Manoharan","2026-08-31 19:07:47",517.2,2,kaaleedassmanoharan
6504,16721814,"DOAMBA Jean Edouard Odilon","2026-08-24 14:48:43",517.1,2,doamba
6505,16701761,BalaVignesh,"2026-08-11 17:04:37",516.9,2,balavignesh
6506,16705363,"Matt Hall","2026-08-16 01:44:32",516.8,2,matthall0
6507,16656431,"Venetta Smithen","2026-08-20 02:19:45",516.6,2,venettasmithen
6508,16765380,jslee_homeofson,"2026-08-25 13:10:22",516.5,2,jsleehomeofson
6509,16725123,"Pham Quang Nghia","2026-08-22 15:00:51",516.4,2,phamquangnghia
6510,16759112,songxin,"2026-09-04 05:01:15",516.4,2,likewaterandwind
6511,16661934,"Viacheslav Kasatkin","2026-08-10 10:48:25",516.4,2,viacheslavkasatkin
6512,16687330,"Mehmet Ensar Çetin","2026-09-06 06:20:19",516.4,2,mehmetensaretin
6513,16685028,"serene ng","2026-08-13 14:53:37",516.4,2,sereneng
6514,16805275,"Women or something","2026-09-12 04:22:27",516.2,2,"appalachianmounta1n,reneeschmidt"
6515,16657681,"Prince Raj","2026-08-11 22:49:02",515.9,2,princerajmdb
6516,16687538,aefinityaiinc,"2026-08-27 20:59:35",515.8,2,aefinityaiinc
6517,16887274,Shakeel,"2026-09-14 09:55:20",515.8,2,shakeel787
6518,16665257,"Ken Li","2026-08-09 12:59:32",515.5,2,kenliwt
6519,16668562,"Anthony LOISEAU","2026-08-06 16:07:52",515.4,2,anthonyloiseau
6520,16756561,"Eren Tekin","2026-09-14 23:41:50",515.4,2,erennntkn
6521,16749371,"Renisa Assyifa Putri","2026-08-21 05:24:07",515.4,1,renisaassyifaputri
6522,16775131,"Re Son","2026-08-27 14:29:31",515.1,2,lemelson
6523,16809677,"Phong Khổng Hoàng","2026-09-12 12:30:45",515.1,2,phongkhonghong
6524,16639814,"Nikhil Krishna A","2026-09-07 07:37:56",515.1,2,techmasternikhil
6525,16674308,"Ayush Roy","2026-08-06 20:28:57",515.1,2,ayushroy39
6526,16674943,feyZERO,"2026-08-16 10:48:50",514.9,2,faezamora
6527,16818405,MickyDot,"2026-09-08 08:16:06",514.9,2,mickydot
6528,16655072,Sonuaswar1,"2026-08-04 07:33:47",514.9,2,sonuaswar1
6529,16726854,"Tâm La Thành","2026-08-27 08:55:02",514.8,2,tmlathnh
6530,16693045,"Huseyin Battal","2026-08-09 05:41:25",514.8,2,huseyinbattal
6531,16718338,"Oladimeji Adeyemi","2026-08-17 15:33:50",514.5,2,adeyemioladimeji
6532,16899234,vimes1984,"2026-09-16 18:43:27",513.9,2,vimes1984
6533,16889078,"Md Waquar Ahmad","2026-09-16 02:52:56",513.8,2,mohdwaquarahmad
6534,16660462,"Vishwanath N Iyer","2026-08-07 07:22:17",513.6,2,vishwanathniyer
6535,16894008,"Marcus Jamieson","2026-09-16 08:19:11",513.3,2,marcusjamieson
6536,16666637,"Uttam Limbani","2026-08-07 13:41:14",513.2,2,uttamlimbani
6537,16685570,"Micah Fernando","2026-08-07 19:46:31",513.1,2,micahfernando
6538,16733785,"Stuart Gilbert","2026-08-30 01:52:41",513.0,2,stuartgilbert
6539,16692168,"Kinshuk Aggarwal","2026-08-09 04:23:32",512.7,1,kinshukaggarwal
6540,16633069,"Nur Srijan","2026-08-06 12:55:34",512.7,2,nursrijan
6541,16656641,AndrewEly8,"2026-08-05 00:56:32",512.6,2,andrewely8
6542,16744572,DivyanshAgg,"2026-08-31 19:30:49",512.6,2,divyanshagg
6543,16729914,Christina,"2026-09-14 11:16:46",512.6,2,geekycb
6544,16769648,"Alok Kumar","2026-08-28 18:04:50",512.5,2,shadowserpent
6545,16700661,"Aakash Kavuru","2026-08-12 05:13:05",512.4,2,aakashkavuru
6546,16678083,"Abdeljalil Idalahaj","2026-09-05 04:28:08",512.3,2,abdeljalilidalahaj
6547,16846143,germanyum,"2026-09-13 14:32:05",512.3,2,germanyum
6548,16852342,"Minh Đăng Lê","2026-09-08 17:30:17",512.2,2,minhngle
6549,16627463,dnish,"2026-08-05 07:37:16",512.0,2,dnishio
6550,16729510,ARM,"2026-09-08 13:01:17",512.0,2,"midhun4126,mrohithjohn"
6551,16810343,"Aleksandr Borodin","2026-09-02 20:29:06",512.0,2,aleksandrbor
6552,16884997,"Le Huy Tuong","2026-09-16 05:38:54",511.9,2,lehuytuong
6553,16726445,"James Patounas","2026-08-19 08:37:06",511.9,2,jamespatounas
6554,16735251,AlviH47,"2026-08-19 14:25:48",511.8,2,alvih47
6555,16628487,"Koichi HIRAOKA","2026-08-01 08:42:40",511.6,2,koichihiraoka
6556,16682984,"Rishikesh Bharat Koli","2026-08-08 04:18:06",511.3,2,rishikeshbharatkoli
6557,16630903,"Hrushikesh Pawar","2026-08-09 14:44:37",511.2,2,hrushikeshpawar
6558,16693033,AgriBot,"2026-08-13 23:53:10",511.0,2,prcieuxcomlan
6559,16658344,SOONHANKWON,"2026-08-28 02:00:59",511.0,2,soonabletv
6560,16664608,sid,"2026-08-07 18:18:04",510.9,2,sidshastri04
6561,16679096,WilliamXylean,"2026-09-16 16:40:09",510.7,2,williamxylean
6562,16789996,"Chen Jiaqi","2026-09-02 15:48:25",510.6,2,elaemchen
6563,16804924,"Kevin L.","2026-09-09 07:04:46",510.6,2,zorgis
6564,16811414,Y-Kitaro,"2026-09-12 14:00:39",510.4,2,yhataktaro
6565,16656689,"Vansh Gupta","2026-08-11 08:56:56",510.4,2,vanshrl9ine
6566,16717671,Jeremy,"2026-09-13 19:58:00",510.3,2,lukeenness
6567,16779152,"taijiu int","2026-09-04 22:22:20",510.1,2,taijiuint
6568,16907699,"zhirong ye","2026-09-16 18:42:32",509.9,1,zhirongye
6569,16668461,SobanAli,"2026-08-19 15:49:03",509.9,2,soban256
6570,16661443,"STEPHEN ASANTE OPOKU","2026-08-04 16:45:41",509.9,1,stephenasanteopoku
6571,16715769,Ethereallll1,"2026-08-14 15:21:12",509.8,2,ethereallll1
6572,16661402,"Abin Biju","2026-08-11 18:00:35",509.8,2,abinbiju1
6573,16895340,Prakhareshwar,"2026-09-16 14:36:42",509.8,2,prakharpathak12
6574,16778579,"Jiajia Zhang","2026-08-29 18:19:12",509.8,2,jiajiazhang01
6575,16632368,"Yuelin Bai","2026-08-03 08:15:12",509.7,2,paralym
6576,16645446,gogo98415,"2026-08-29 06:04:15",509.6,2,gogo98415
6577,16672473,goldfish,"2026-08-13 03:34:21",509.6,2,dolgfish
6578,16672105,"Natural Stupidity","2026-08-10 19:39:53",509.6,2,"parthb21,sujaygolla"
6579,16726211,RepeatAfterMe,"2026-08-17 08:21:41",509.4,2,bekirsciftler
6580,16724395,"Hampton Yeh","2026-08-22 04:07:32",509.4,2,hamptonyeh
6581,16658627,"Osman Can ÇETLENBİK","2026-08-05 15:25:30",509.2,2,osmancancet
6582,16691466,"Jeeta Nandi ","2026-09-04 09:23:34",509.2,2,jeetanandi
6583,16675477,"Joanne Yun","2026-08-07 13:40:53",509.1,2,joannejyun
6584,16660081,fakyyy,"2026-08-09 11:19:15",509.1,2,manideepreddyakula
6585,16623006,"Aaradhy Singhvi","2026-09-08 12:48:10",509.0,2,aaradhysinghvi
6586,16761657,Picu,"2026-08-23 10:42:49",508.9,2,rumoschilling
6587,16699756,"zhang xin","2026-09-13 16:58:12",508.7,2,zhangxin300
6588,16659261,PromptEngineer48,"2026-08-04 16:44:46",508.6,2,promptengineer48
6589,16798775,Lissabon,"2026-09-07 03:36:41",508.5,2,lissabon
6590,16793080,"Lonan Syayf","2026-08-31 19:44:09",508.5,2,lonansyayf
6591,16661397,"T. Scharf","2026-08-05 02:54:36",508.4,2,scharf
6592,16811685,benhur0905,"2026-09-15 07:00:49",508.3,2,benhur0905
6593,16730713,"Michael Mueller","2026-09-15 14:48:49",508.2,1,michaelmueller26
6594,16804827,"Bala Baskar","2026-09-11 04:14:06",508.2,2,balabaskar
6595,16702281,"Dhruv Patel #2","2026-08-10 21:25:08",507.9,2,dhruvpatel1972
6596,16752191,"Wenxuan Ye","2026-09-04 07:10:28",507.8,2,akomwins
6597,16644577,"Arthur Merritt","2026-08-04 07:11:11",507.7,2,jarthuph
6598,16888050,"Ayoub Fliless","2026-09-14 17:56:12",507.6,2,ayoubfliless
6599,16694171,"guanran wang","2026-08-11 05:57:12",507.2,2,guanranwang
6600,16737362,"moushun chen","2026-08-20 06:45:46",507.2,2,moushunchen
6601,16701779,"Chaoqi Luo","2026-08-15 16:42:19",507.2,2,chaoqiluo7
6602,16733948,novodude,"2026-09-06 18:41:26",507.2,2,novomont
6603,16707986,Pones_kaggle,"2026-09-01 22:08:32",507.1,2,pyd966
6604,16761979,"Chaitany Patel","2026-09-16 16:22:19",507.0,2,chaitanypatel
6605,16663618,Anthaus,"2026-08-09 17:06:35",506.9,2,anthaus
6606,16745065,MrEvidentYew,"2026-08-24 18:36:02",506.8,2,mrevidentyew
6607,16719742,"Varun Dave","2026-08-31 22:56:07",506.8,2,"pranavtrivedi02,varundave95"
6608,16724269,lava,"2026-09-11 11:22:13",506.7,2,fanxiaozhen
6609,16705661,"Toshiki Touda","2026-08-13 06:51:05",506.7,2,toshikitouda
6610,16744610,"Safiullah Baig","2026-08-20 13:16:58",506.6,1,safm1rza
6611,16793889,zhzz,"2026-09-01 11:28:52",506.5,2,ucsdzhengzeng
6612,16896490,"Yiman Gao","2026-09-16 13:00:34",506.5,2,yimangao
6613,16630335,"Solve Langseth","2026-08-05 06:48:57",506.3,2,solvelangseth
6614,16772455,dextrecity,"2026-08-30 11:37:56",506.3,2,"dextrecity,leo0pa"
6615,16660089,ChristosGrigoras,"2026-08-07 22:41:49",506.2,2,cgrigoras
6616,16793465,"Farming Sols","2026-09-03 23:40:36",506.2,2,rishitreddypalle
6617,16673214,Boiga7,"2026-08-06 14:03:53",506.2,2,lewiselliot
6618,16726913,"T T‗Worker","2026-08-22 11:08:14",506.1,2,ttworker
6619,16794598,"Andrew Yu","2026-09-02 04:51:57",506.1,1,andnyu
6620,16724470,"Mahdi Rafati","2026-08-24 15:32:51",506.0,2,mahdirafati
6621,16687293,"Aurelie Jodelle Kemme","2026-08-20 00:25:43",505.9,2,"audreydemafo,aureliejodellekemme"
6622,16649077,"Yifan Yang 135","2026-08-11 06:22:40",505.7,2,yifanyang135
6623,16632105,"shreyas sangalad","2026-08-02 12:01:08",505.6,2,spoortisangalad
6624,16780592,sergey,"2026-08-27 19:09:25",505.5,2,sadsdfsdf
6625,16662722,"Ajeet Jain","2026-08-07 06:32:10",505.3,2,jainajeet29
6626,16661682,"Rishi Gupta","2026-08-05 07:46:38",505.1,2,rishigupta07
6627,16661930,zzangsunghyeon,"2026-08-08 16:22:21",504.5,2,zzangsunghyeon
6628,16623938,flashthunder,"2026-09-14 08:04:09",504.5,2,thunderflash
6629,16774958,"Charles Wuytack","2026-08-27 14:58:07",504.4,2,charleswuytack
6630,16664502,"Alejandro Morales","2026-08-10 01:05:59",504.3,2,langley96
6631,16891695,yuruihito,"2026-09-16 14:04:22",504.1,2,yuruihito
6632,16705149,"Allen Chun","2026-08-15 04:59:05",504.1,2,allenchun
6633,16707865,"bb aa","2026-09-10 15:39:17",503.9,2,bbaa233
6634,16893233,"Garrick Lai","2026-09-15 08:44:07",503.6,2,garricklai
6635,16733644,Gavilán,"2026-08-23 19:41:22",503.6,2,gaviln
6636,16762427,Raj_craj,"2026-08-30 20:27:00",503.6,2,rajcraj
6637,16775214,"Sambhav R","2026-08-27 15:34:44",503.6,2,sambhavr
6638,16636973,"Ali Ali G","2026-08-03 18:36:40",503.2,2,alialig
6639,16843316,"Felipe Chiarini","2026-09-12 12:03:15",503.1,2,felipechiarini
6640,16653118,"Elmira Yekani","2026-08-18 17:05:20",502.9,2,elmirayekani
6641,16665865,"Agrippa Beaulieu","2026-08-08 19:09:28",502.9,2,agrippabeaulieu
6642,16791550,Team21,"2026-09-08 12:53:38",502.6,2,"fchen121,muktharam"
6643,16668324,"Alden Jenish S","2026-08-06 14:02:09",502.6,2,aldenjenishs
6644,16778703,kamaras,"2026-08-30 11:58:07",502.6,2,kamaras
6645,16773195,"Pham Nguyen Thanh Huy","2026-08-27 05:25:55",502.3,2,huyphmnguyenthanh
6646,16699207,"Bipin Rimal","2026-08-10 07:45:21",502.3,2,bipinrimal314
6647,16810019,M&S,"2026-09-02 17:19:11",502.2,2,"martinhma,yishusheng"
6648,16722561,Asia214,"2026-08-30 02:26:16",502.0,2,asia214
6649,16726044,"Lena Traczuk","2026-08-22 12:03:58",501.9,2,lenatraczuk
6650,16755101,"Thomas van der Meer","2026-08-26 11:19:19",501.8,2,tvdermeer
6651,16688662,"Faz Forward","2026-08-08 09:03:10",501.6,2,fazforward
6652,16774035,"Shengfeng Wang","2026-08-26 07:28:46",501.6,1,shengfengwang
6653,16858250,"ayush kumar","2026-09-14 10:35:32",501.5,2,ayushkumar1610
6654,16656797,"رحيم محمد","2026-08-04 20:05:45",501.2,2,darkmaxedwe
6655,16662995,"carlos mario de oro aguado","2026-08-06 21:08:28",501.1,2,cdeoroaguado
6656,16756900,Kome_Sh,"2026-08-30 13:40:56",501.0,2,komeshun
6657,16758970,"Jason Wong","2026-09-16 16:00:15",501.0,2,jsin27
6658,16769170,"Hardik Savaliya211","2026-08-25 11:07:10",500.9,2,hardiksavaliya211
6659,16798512,"Yuichiro Kinoshita","2026-09-16 23:31:37",500.7,2,yuichirokinoshita
6660,16623824,zhangende02,"2026-08-01 01:15:21",500.6,2,zhangende02
6661,16725483,PQ_Marz,"2026-08-15 16:25:50",500.6,2,pqmarz
6662,16706143,Adityaupadhyay0805,"2026-08-20 04:28:06",500.4,1,adityaupadhyay0805
6663,16692480,"Khalis Murfid","2026-08-24 07:03:02",500.3,2,khalismurfid
6664,16656143,"Debanshu Mallick","2026-09-10 13:27:19",500.2,2,debanshumallickiisc
6665,16689908,Hyun777,"2026-08-14 01:11:17",500.0,2,hyun777
6666,16709487,Kohei,"2026-08-19 20:54:42",500.0,2,kshintani
6667,16764751,"Abhishek Parmar","2026-08-26 04:06:39",500.0,2,abhisheknparmar
6668,16694146,"JIlong Zhou","2026-08-26 15:04:38",499.8,2,acemaker
6669,16765488,chenyinheng30,"2026-09-06 14:26:22",499.7,2,chenyinheng30
6670,16880843,"Triều Đinh Hải","2026-09-12 19:41:11",499.6,2,triuinhhi
6671,16694314,"Ali Abbas Baig","2026-08-28 19:55:16",499.4,2,aliabbasbaig
6672,16667101,SundharSteyn,"2026-08-27 02:41:04",499.4,2,sundharsteyn
6673,16662715,"Great Okwuma","2026-08-17 00:10:46",499.4,2,greatokwuma2
6674,16719857,"Howey do it","2026-08-14 23:06:06",499.3,2,ronincoppins
6675,16641948,JustForFun,"2026-08-18 08:00:36",499.1,2,thangphung215
6676,16655069,"Jason Harrison","2026-08-05 20:56:59",499.1,2,jasonharrisonco
6677,16668606,"Hasith Kulathilaka","2026-08-31 19:09:39",498.9,2,hasithkulathilaka
6678,16664252,"Huy Hoang","2026-08-15 03:59:40",498.9,2,themeend
6679,16678613,iBooNDK,"2026-08-09 19:03:37",498.8,2,iboondk
6680,16630520,dimitris_x94,"2026-08-23 21:10:57",498.8,2,dimitrisx94
6681,16693233,"Noah Wheeler","2026-09-16 02:28:07",498.8,2,nwheeler806
6682,16809985,"ADOLE Edache","2026-09-15 09:00:43",498.1,2,adoleedache
6683,16654174,"Dharmeswar Basumatary","2026-09-09 11:09:15",498.1,2,dharmeswarbasumatary
6684,16668589,"Gleb Naumkin","2026-08-05 22:46:26",498.0,1,glebnaumkin
6685,16809022,CheeseFunction,"2026-09-05 06:58:36",498.0,2,cheesefunction
6686,16762168,Lewbei,"2026-09-10 04:58:43",497.9,2,lewbei
6687,16664251,zzy123123,"2026-08-08 09:22:51",497.9,2,zzy123123
6688,16696703,Farmer,"2026-09-13 05:32:22",497.8,2,alekseic
6689,16717018,"Urvashi Bansal","2026-08-17 09:12:29",497.8,2,urvashibansal123
6690,16765688,jihunai,"2026-08-26 23:15:54",497.7,2,jihunai
6691,16689372,"Kiran Yerpude","2026-08-12 05:39:43",497.6,2,kiranyerpude
6692,16715126,준환,"2026-09-10 11:28:25",497.5,2,paulguilbert
6693,16842936,"Sreejit Pradhan","2026-09-12 19:11:37",497.4,2,sreejitpradhan
6694,16771340,pang,"2026-09-05 16:41:51",497.3,2,pangwenfeng
6695,16751058,"Henrique Loyola ","2026-08-21 05:29:59",497.2,2,henriqueloyola
6696,16819549,APEX101,"2026-09-06 06:16:51",497.1,2,"akshitasrivastava1,irongm"
6697,16851553,Sentinel,"2026-09-12 19:35:06",497.1,2,atlasar
6698,16844262,"S Aishvarya","2026-09-15 16:46:13",497.0,2,saishvarya
6699,16640399,Hubbahub,"2026-08-04 20:40:39",496.8,2,hubbahub
6700,16728318,T3jas06,"2026-08-22 19:45:13",496.8,2,t3jas06
6701,16697448,"Mykola Mazniuk","2026-08-15 17:57:39",496.7,1,mykolamazniuk
6702,16686109,"Triple Tensor","2026-08-17 08:24:26",496.7,2,"adinathjagtap777,pds178,prajwalzolage05"
6703,16818158,Noza,"2026-09-16 04:36:09",496.6,2,harukanozato
6704,16895121,Timmmmmmmy,"2026-09-16 21:01:52",496.6,2,"molic1,timmmmmmmy"
6705,16759381,"Subhan Hussain","2026-08-26 10:37:25",496.6,2,subhanhussain0205
6706,16722109,Navneet,"2026-08-14 14:02:35",496.6,2,zxcdfg
6707,16663040,"BARBARA GASKINS","2026-08-12 01:08:47",496.6,2,barbaragaskins
6708,16641622,datajanko,"2026-08-22 07:40:54",496.4,2,jankoch
6709,16661576,"Yash Jumde","2026-08-15 20:09:59",496.4,2,yashjumde
6710,16686972,"Ankit Maurya","2026-08-23 07:05:44",496.4,2,"ankitmaurya16,rudraprasadsah"
6711,16651042,Mira_332,"2026-08-27 04:58:29",496.3,2,ichiiohno
6712,16655600,"VYSHAKH G NAIR","2026-08-04 21:31:24",496.2,2,vyshakhgnair
6713,16636719,"Naman Durve","2026-09-12 16:14:56",496.1,2,namancdurve
6714,16756812,"Alex Amirkhanyan","2026-08-24 05:51:16",496.1,2,aleksamirkhanyan
6715,16890884,"Michael Swartz","2026-09-14 17:50:04",495.9,2,michaelbruwerswartz
6716,16662643,Mohit_Singh,"2026-09-12 18:36:14",495.7,2,mohitsingh955
6717,16675060,"Xinger Gao","2026-08-31 08:52:07",495.4,2,xingergao
6718,16840641,"Yukar Fu","2026-09-16 00:29:30",495.4,2,yukarfu
6719,16649421,Eltormtace,"2026-08-14 04:35:15",495.3,2,eltormtace
6720,16729152,Antoine,"2026-08-17 10:12:04",495.2,2,a11t01n3
6721,16658115,SantaClaws,"2026-08-10 14:50:31",495.0,2,vovikdrg
6722,16662647,"Ruben Maya","2026-08-18 20:55:57",494.9,2,rubenmaya
6723,16639577,Haitaks,"2026-08-16 09:42:16",494.7,2,haitaks
6724,16661460,Lucky,"2026-09-03 07:49:58",494.7,2,tmiya0107
6725,16656573,"Ashiq Firoz","2026-08-17 18:20:11",494.7,2,ashiqfiroz
6726,16741053,"Bui Minh Thanh","2026-09-07 18:50:23",494.6,2,buiminhthanh
6727,16858984,Katherine_2002,"2026-09-16 07:08:48",494.5,2,katherine2002
6728,16706277,"ratat Zheng","2026-08-12 10:25:38",494.2,2,ratatzheng
6729,16688296,"Michael Pollind","2026-08-28 13:30:32",493.9,2,mpollind
6730,16715942,_@HimShukla23,"2026-08-18 03:57:15",493.9,2,himshukla23
6731,16701046,"Thanakorn Kaewwiang","2026-08-14 17:13:39",493.8,2,deweytng
6732,16716531,tebenia,"2026-08-16 08:06:58",493.8,2,tebenia
6733,16876700,"Omar Mukhtar","2026-09-16 22:37:10",493.6,2,omarmukhtar3
6734,16665364,"Shien Zhang","2026-08-06 06:50:46",493.6,1,shienzhang
6735,16768079,Sohee087,"2026-08-24 20:21:01",493.5,1,sohee087
6736,16729081,"Venkata Y","2026-08-19 00:45:13",493.5,2,venkatayerrapothu
6737,16826447,"Absara viswanathan","2026-09-07 06:16:20",493.5,2,viswanathanabsara
6738,16625216,"Emre Can","2026-08-01 17:05:51",493.3,2,seicatsu
6739,16663707,DotBix,"2026-08-12 21:45:54",493.3,2,dotbix
6740,16741243,"Yasin Mert Şahin","2026-09-16 13:46:24",493.1,2,ymertsahin
6741,16670986,"Anas Erami","2026-08-08 01:38:43",493.1,2,anaserami
6742,16884418,xuechengzou,"2026-09-13 12:22:43",493.0,2,xuechengzouinkaggle
6743,16737532,lsystudyhard,"2026-08-22 12:16:47",492.7,2,lsystudyhard
6744,16659183,"Leonard Yaw Mensah","2026-08-05 02:22:25",492.7,2,leonardyawmensah
6745,16713218,"Julien Baumgartner","2026-08-14 08:36:27",492.7,2,julienbaumgartner
6746,16695102,whitelok,"2026-08-11 12:54:41",492.6,2,whitelok
6747,16719257,"Alexander Morozov","2026-08-14 23:53:53",492.5,2,scanhex
6748,16637649,cameronezrajones579,"2026-08-15 15:49:12",492.2,2,cameronezrajones579
6749,16668137,"Thomas De Sousa","2026-08-06 06:34:48",491.9,2,thomasdesousa
6750,16851860,"Senih Bayankulu","2026-09-08 03:13:24",491.9,2,senihbayankulu
6751,16685722,"Jiahan Cao","2026-08-12 09:01:22",491.9,2,jiahancao
6752,16867680,Asuka,"2026-09-11 05:45:46",491.8,2,asuka0langley0soryu
6753,16671602,"Nithin Nambi","2026-08-07 00:09:31",491.8,2,nitthewit
6754,16693003,ShirrleyChen,"2026-08-15 12:54:58",491.8,2,shirrleychen
6755,16760480,yat0i811,"2026-09-13 14:13:59",491.7,2,yat0i811
6756,16726155,miyawakiayaka,"2026-08-15 18:50:10",491.6,2,kanatakon
6757,16697568,"Sergey Fedorov","2026-08-20 21:25:34",491.4,1,bd01ar
6758,16743494,"ROHAN Exploit","2026-09-08 11:13:08",491.4,2,rohanexploit
6759,16765194,henry,"2026-08-24 13:39:29",491.2,2,zchenry
6760,16695400,"Karam Khasawneh","2026-08-10 20:29:16",491.2,2,karamkhasawneh
6761,16653809,acbabc123,"2026-08-04 13:53:53",491.0,2,acbabc123
6762,16663327,Gnr8tr,"2026-08-13 14:16:44",491.0,2,wilburjpereira
6763,16867132,"Dilara Adıgüzel","2026-09-15 20:05:39",490.9,2,dilaraadgzel
6764,16638883,LeiYang,"2026-08-03 15:04:07",490.9,2,leiyangcq
6765,16654885,"Jason Kong","2026-08-04 06:52:19",490.7,2,jasonkongie
6766,16832891,"Kana Kuroyanagi","2026-09-15 03:41:44",490.6,2,kanakuroyanagi
6767,16683934,"Teja Madala","2026-08-10 14:46:07",490.5,2,tejamadala
6768,16645870,"Barathan Aslan","2026-08-03 08:21:55",490.4,2,barathanaslan
6769,16668698,Addie,"2026-08-08 05:21:08",490.3,1,addie999
6770,16664211,"Ben Wilson","2026-08-06 23:57:29",490.3,2,crispyryse
6771,16883048,"Amit Gunjan","2026-09-16 07:05:20",490.2,2,daydreamerthinks
6772,16798074,"Akkapop Prasompon","2026-09-09 12:17:36",490.2,2,akkapopprasompon
6773,16792069,"Yen Hung1021","2026-09-03 16:09:33",490.1,2,yenhung1021
6774,16886012,smartkdy7,"2026-09-13 11:37:51",490.0,1,smartkdy7
6775,16666071,"Arda Yıldız","2026-08-20 09:33:54",489.5,2,xreina8
6776,16767147,"Hacker Trinity","2026-09-09 12:20:12",489.5,2,hackertrinity
6777,16842246,montplusa,"2026-09-16 12:45:08",489.4,2,montplusa
6778,16875460,"Safa Nasrin","2026-09-15 11:02:37",489.2,2,safanasri
6779,16658925,CYBWithFlourish,"2026-08-06 15:56:28",489.1,2,cybwithflourish
6780,16663368,"Laurence Dale","2026-08-12 18:00:07",489.1,2,laurencedale
6781,16721940,DarkLayer,"2026-08-22 02:07:13",489.1,2,nnpaopao
6782,16880689,yasmine0809,"2026-09-12 16:19:37",488.9,2,yasmine0809
6783,16661323,mzyktkhs,"2026-08-10 13:21:59",488.9,2,mzyktkhs
6784,16644053,Rafiozoo,"2026-08-03 19:26:40",488.3,2,rafiozoo
6785,16645302,LuCcc,"2026-08-03 09:45:35",488.2,2,luuuuccccc
6786,16670651,Echare,"2026-09-15 23:28:38",488.2,1,echare
6787,16668108,"Suresh Chandra Mangena","2026-08-11 09:32:31",488.0,2,sureshchandramangena
6788,16654312,Xmeeeee,"2026-08-05 00:11:29",487.9,2,xmeeeee
6789,16760191,"Kushal Shiva1","2026-08-26 20:19:36",487.8,1,kushalshiva1
6790,16762154,lli,"2026-09-07 19:04:26",487.4,2,colesuoseue
6791,16657528,"Symekah Shadrack Basweti","2026-08-05 10:17:09",487.2,2,symekah99
6792,16725955,"Aditya Pandey","2026-08-17 00:10:10",487.1,2,adipandey777
6793,16654347,"aarav maheshwari1","2026-08-26 05:57:03",486.9,2,aaravmaheshwari1
6794,16680799,zixma13,"2026-08-25 13:12:44",486.9,2,zixma13
6795,16666716,"Fanis Alexakis","2026-08-17 11:59:15",486.6,2,fanisalexakis
6796,16797029,phospholipid,"2026-09-16 05:06:13",486.6,2,phospholipid0614
6797,16690698,posty_melek,"2026-08-15 05:06:40",486.6,2,srisaraswati
6798,16683837,"Blessed Ngorima","2026-08-18 09:40:53",486.3,2,blessedngorima
6799,16767585,Hyena,"2026-08-25 22:17:26",486.1,1,hemant0
6800,16728014,Alpha223,"2026-09-05 15:51:24",486.0,2,alpha223
6801,16892006,"Leul Hailemichael","2026-09-16 21:00:15",485.8,2,leulhailemichael
6802,16625434,"Chirapathleo Saelim","2026-09-08 08:40:06",485.7,2,chirapathleosaelim
6803,16657383,"Shih Hua Chou","2026-08-18 03:51:08",485.3,2,shihhuachou
6804,16758526,"sudo give_me_the_prize","2026-08-24 16:34:02",485.3,2,ibrahimab2
6805,16809898,wodDAOdun,"2026-09-14 07:14:35",485.2,2,kylaucode
6806,16687942,"Arya Arun","2026-08-16 08:52:26",485.1,2,aryaarun07
6807,16885828,U-Bex,"2026-09-16 05:30:55",485.1,2,shuichiurabe
6808,16681509,"Kethan Sai","2026-09-16 08:10:22",485.1,2,kethansaikoneru
6809,16883962,"Ilakk manoharan","2026-09-16 22:00:29",485.0,2,ilakkmanoharan
6810,16712488,"Vansh Bhura","2026-08-12 14:23:18",484.9,2,vanshbhura
6811,16857747,shaoxw,"2026-09-15 08:33:39",484.9,2,shaoxw
6812,16662938,CarlitrosParra,"2026-08-05 21:34:52",484.8,2,carlitrosparra
6813,16871722,agenlu,"2026-09-16 09:13:57",484.7,2,agenlu
6814,16627324,"Attack on Kaggle","2026-08-06 13:27:22",484.7,2,user19394494
6815,16635406,ykuroka,"2026-09-12 19:59:56",484.7,2,ykuroka
6816,16682386,"Charbel Nehme","2026-09-09 06:36:54",484.6,2,charbelnehme
6817,16843921,Ruijiehe1213,"2026-09-13 03:40:30",484.5,2,ruijiehe1213
6818,16661287,"Jacob Hanlon","2026-08-11 13:59:58",484.4,2,jacobhanlon
6819,16862497,DefiAudit,"2026-09-16 11:40:29",484.4,2,defiaudit
6820,16678154,"Hashim Far","2026-08-08 04:20:32",484.4,2,hashimfar
6821,16663822,BhavyaSaini001,"2026-08-29 23:10:34",484.3,2,bhavyasaini001
6822,16688873,cancel,"2026-08-18 06:50:33",484.1,1,rugaru
6823,16825996,"Alex Li","2026-09-04 08:02:19",483.9,2,alexli1998
6824,16883859,"Carlos Daniel Polanco","2026-09-15 22:48:08",483.8,2,carlospolanco00
6825,16723583,"varun chindage","2026-09-05 14:52:13",483.8,2,stormy420
6826,16783677,"Đặng Anh Thịnh","2026-08-28 08:31:12",483.6,1,nganhthnh
6827,16623263,ASHML,"2026-07-30 23:28:50",483.5,2,ashml
6828,16797002,ZhixinLuo,"2026-09-01 14:16:09",483.4,2,zhixinluo
6829,16847740,FarmAre,"2026-09-07 17:31:01",483.3,2,abishekak
6830,16659681,"Aditya Seth","2026-09-04 13:12:36",483.3,2,adityaseth777
6831,16763898,"Tarık Sarıcı","2026-08-24 09:54:31",483.1,2,ssarici
6832,16709918,GUI666,"2026-08-26 16:17:40",482.9,2,gui666
6833,16644410,"Swaroop Kallakuri","2026-08-04 15:40:29",482.6,2,ksjpswaroop
6834,16626105,sasaki,"2026-08-24 02:34:55",482.6,2,rsasaki
6835,16840130,tkm_ktn,"2026-09-05 15:48:40",482.5,2,takumikotani
6836,16637894,"Leonardo Domingues","2026-09-06 10:38:08",482.5,2,leonardodomingues
6837,16875601,forwardidear,"2026-09-13 02:46:39",482.5,2,forwardidear
6838,16675686,"PRERIT MAURYA","2026-08-14 06:37:51",482.3,2,preritmaurya
6839,16689881,"yuki #2","2026-09-16 13:37:24",482.2,2,hosikusa
6840,16676803,"Josue Villao","2026-08-14 05:20:13",482.0,2,josuevillao
6841,16668068,"Neural Harvest","2026-08-27 19:23:44",481.9,2,meghashyampawar
6842,16794499,smileMAN13912339850,"2026-09-07 10:01:07",481.9,2,smileman13912339850
6843,16838929,Charlesm85,"2026-09-06 05:56:26",481.8,2,charlesm85
6844,16757806,Richardwe,"2026-09-08 08:43:12",481.6,1,richardwe
6845,16731636,関西人,"2026-08-24 06:23:14",481.6,2,m1333666888
6846,16749271,"Shoki Suzuki","2026-09-01 13:48:43",481.5,2,shokisuzuki
6847,16736951,giacomovin,"2026-08-25 20:14:52",481.2,2,giacomovin
6848,16657093,"sixer srinath","2026-08-26 10:48:12",481.1,2,srinath2495
6849,16658476,"goksel yesiller","2026-08-04 11:07:53",481.1,2,gokselyesiller
6850,16674605,Versilogic,"2026-08-16 07:54:48",481.0,2,versilogic
6851,16672798,yaphanqiii,"2026-08-27 07:55:23",480.8,2,yaphanqiii
6852,16665424,taaaaanq,"2026-08-17 14:23:35",480.7,1,"chuayaplong,flashtigro,huayu05,taaaaanq"
6853,16654984,"Guseinov Elvin","2026-08-08 21:44:00",480.7,2,guseinovelvin
6854,16621367,Numari,"2026-07-31 16:30:01",480.7,2,numaritaisei
6855,16681637,nasu01,"2026-08-07 10:14:10",480.6,2,nasu01
6856,16773194,NgNhan3110,"2026-08-27 09:36:17",480.5,2,ngnhan3110
6857,16631547,"Chong Xuan Ng","2026-08-08 15:38:52",480.3,2,chongxuanng
6858,16887058,"Michael Eberhard","2026-09-15 20:29:09",480.3,2,michaebe
6859,16657664,"Nguyễn Anh Kiệt 28","2026-08-06 04:17:40",480.3,2,nguynanhkit28
6860,16657929,Robert-zwr,"2026-08-05 11:15:48",480.2,1,robertzwr
6861,16681924,WEcoS,"2026-08-10 04:32:03",480.2,2,aungkhainghtun
6862,16883044,"Muhammad Olamide","2026-09-16 10:59:44",480.2,2,muhammadolamide
6863,16665374,UmangDobhal03,"2026-08-06 03:46:29",480.2,2,umangdobhal03
6864,16659505,"Duleeka Mevan","2026-08-06 09:32:46",480.2,2,duleekamevan
6865,16667078,dprinzensteiner,"2026-08-05 14:06:26",480.0,2,dprinzensteiner
6866,16662690,"Pablo Gomez Perez","2026-09-04 16:45:32",479.9,2,pablogp
6867,16627313,"Zafer Liu","2026-08-03 05:13:39",479.9,2,zaferliu
6868,16699707,"Afana Khalit putra","2026-08-11 08:57:25",479.6,2,afanakhalitputra
6869,16676497,"Non-veg plants","2026-08-07 09:54:00",479.6,2,mohammadshadabshaikh
6870,16882021,"lucas honoratodesouza","2026-09-14 05:21:58",479.5,2,lucashonoratodesouza
6871,16809943,"A Rook","2026-09-03 19:06:08",479.5,2,rookcastle
6872,16655881,"Zhuoran Zhao","2026-08-07 16:50:04",479.3,2,yearcakes
6873,16660060,AnkitGoyal,"2026-08-05 15:33:29",479.0,2,goyalankit
6874,16700080,Kaushik,"2026-08-10 11:11:18",478.9,2,kgarumugam
6875,16704597,"Wallace Switzer","2026-08-12 01:09:49",478.9,2,wallaceswitzer
6876,16693925,"Francisco Corredor","2026-09-06 23:00:40",478.9,2,franciscocorredor
6877,16691628,"Gavin Walsh (N1DGE11)","2026-08-08 16:07:24",478.8,2,gavinwalshn1dge11
6878,16891652,Cristian034,"2026-09-16 18:55:46",478.7,2,cristian034
6879,16889005,Dino,"2026-09-16 06:12:53",478.5,2,ngohongthai
6880,16687648,"RSJ CorneR","2026-08-08 10:57:54",478.2,2,rsjcorner
6881,16885547,L0k1xd,"2026-09-13 10:04:10",478.2,2,l0k1xd
6882,16771972,"Vansh Ahlawat","2026-09-10 12:17:19",478.0,2,vansh5126
6883,16861019,CloriTeam,"2026-09-09 15:34:28",477.9,2,lorenzocomis
6884,16627009,c0sm1c,"2026-08-01 11:06:14",477.9,1,tanghao111
6885,16766803,"Kanishk Sharma","2026-09-01 23:52:42",477.8,2,kan1shq198
6886,16653429,mktdev,"2026-08-10 12:19:54",477.1,2,mktdev
6887,16653049,"Umut Doruk Öztürk","2026-09-02 09:52:16",477.1,2,umutdorukztrk
6888,16711823,Abi_e,"2026-09-07 09:47:37",477.0,2,abidjacquelineanadi
6889,16838981,"Adil Shamim","2026-09-09 13:55:52",477.0,2,adilshamim8
6890,16645841,Lucien,"2026-09-12 08:12:20",476.9,2,lucienhu6775765
6891,16663622,sammuq1,"2026-08-10 23:56:19",476.9,2,sammuq1
6892,16732200,"Louis WhoEat","2026-08-24 12:02:40",476.6,2,louiswhoeat
6893,16709512,Rustamdurdyyev,"2026-08-31 19:59:56",476.4,2,rustamdurdyyev
6894,16687237,Khalibryler,"2026-08-11 09:17:03",476.4,2,khalibryler
6895,16774849,RiyadhLakadimu123,"2026-08-31 19:51:17",476.0,2,riyadhlakadimu123
6896,16785352,"joão Vitor","2026-09-05 20:19:12",475.8,2,jaov30718
6897,16625149,Rubylicious,"2026-07-31 07:53:00",475.7,2,labibahalya
6898,16621437,AdamBelniak,"2026-08-03 18:15:21",475.7,2,adamos581
6899,16892144,"Ruichen Yin","2026-09-16 23:39:22",475.7,2,superaier
6900,16724984,anish711,"2026-08-22 17:54:18",475.6,2,anish711
6901,16621402,Maxim,"2026-08-13 07:01:03",475.6,2,ektarr
6902,16718828,"Tejas Nisar","2026-08-23 17:04:45",475.6,2,tejasnisar
6903,16692618,"Ali Zakaee","2026-08-09 10:13:02",475.6,1,itheequalizer
6904,16663267,"Sravya Isukapatla","2026-08-11 10:14:54",475.2,2,sravyaisukapatla
6905,16738218,kiyo,"2026-09-10 13:01:37",475.1,2,kiyohiro
6906,16786101,Cai0Emanuel,"2026-08-29 01:11:51",475.0,1,cai0emanuel
6907,16692263,"ADITYA CHAVAN","2026-08-09 17:44:15",474.8,2,adityasnr7
6908,16661382,CBenaventte,"2026-09-02 13:35:27",474.6,2,cbenaventte
6909,16668813,zhaowang,"2026-08-06 05:19:52",474.5,2,zhaowangwang
6910,16661233,"Uriel Johnson","2026-08-05 08:45:24",474.5,2,urieljohnson
6911,16667722,Radhouen911,"2026-08-06 21:37:37",474.5,2,radhouen911
6912,16695692,Saadii2279,"2026-08-11 16:44:39",474.3,2,saadii2279
6913,16664205,"shr Wei","2026-09-03 06:00:47",474.3,2,shrwei
6914,16665436,Aeternum,"2026-08-15 18:31:32",474.1,2,"donbinoy2004,surajkumarks"
6915,16749272,giraffeneck,"2026-09-16 16:25:45",474.1,2,yamajin
6916,16675916,Lorenzo176ITA,"2026-08-14 11:02:15",474.0,2,"alessiopap,lorenzo176ita"
6917,16696716,MatiasMG,"2026-09-16 20:07:15",474.0,2,matiasmgonzalez
6918,16827224,"[HSE Lyceum ML] zaepupno","2026-09-07 13:08:53",473.8,2,daniilgoryushin
6919,16718517,"Jessica Yin","2026-08-17 00:10:31",473.8,2,jeqyin
6920,16811454,"Zakaria Taouil","2026-09-07 16:11:13",473.7,2,ztaouil
6921,16785010,"Victor Wangles","2026-08-28 16:01:17",473.7,1,victorwangles
6922,16665184,woorym,"2026-08-10 03:04:12",473.6,2,woorym
6923,16636333,xiaoyang66,"2026-08-17 13:35:28",473.6,2,kennethhao8
6924,16707951,K_ChanHo,"2026-09-14 16:07:04",473.6,2,kchanho
6925,16768578,"Patrick Lzz","2026-08-25 02:56:30",473.3,2,patricklzz
6926,16745980,"Arif Amijoyo","2026-08-30 07:54:40",473.3,2,arifamijoyo
6927,16847224,peiyingtok,"2026-09-16 14:11:20",473.2,2,"cwy0904,jasonchao89,jaspersooks,makomek,peiyingtok"
6928,16776824,"Manuel Santiago Atencio","2026-09-09 21:24:06",473.2,2,manuelsatencio
6929,16855836,"Srinivasan Raghavan","2026-09-08 18:07:38",473.2,1,srinivasan1812
6930,16722819,Anna,"2026-08-21 15:01:26",473.1,2,annatmp
6931,16780097,"wei chang","2026-09-13 00:42:40",473.1,2,wayne0404
6932,16623198,"Chris D'Mello (ineligible)","2026-07-31 17:32:46",473.0,1,cdmello
6933,16657201,ShayML,"2026-08-08 09:02:05",472.9,2,shayml
6934,16705276,layr0,"2026-08-14 00:53:11",472.8,2,layr0dotdev
6935,16665949,Rbda,"2026-08-06 14:18:03",472.7,2,brazvan
6936,16708348,"Edilaine Arceno","2026-09-11 02:43:41",472.7,2,edilainearceno
6937,16661154,"gronky goobers","2026-08-15 14:39:05",472.6,2,"viktoriusontop,yoshisurjuise"
6938,16730870,"Jiang Ryan","2026-09-03 03:37:12",472.6,2,jiangryan
6939,16664506,"Jonatan Asketorp","2026-08-23 02:57:42",472.5,2,weft169aston
6940,16802580,WarlockCode,"2026-09-03 14:07:58",472.5,2,maktub83
6941,16668185,"Swayam Chavan","2026-08-09 01:12:23",472.5,2,swamboy
6942,16687959,"Destin Nedjou","2026-08-27 05:45:33",472.1,2,destinnedjou
6943,16755394,"Ruben Lucas","2026-08-21 21:50:16",472.1,2,rubenlucas
6944,16907268,"Ilya Fedorov","2026-09-16 16:35:35",472.0,2,sorrow321
6945,16657502,Jasmeen,"2026-08-16 08:59:05",471.9,2,jasmeen0207
6946,16654974,"ACd Rooy","2026-08-11 06:35:28",471.8,2,acdrooy
6947,16773043,"Petani Baik","2026-09-03 00:56:35",471.8,2,durrahandri
6948,16654394,sserges,"2026-08-08 20:46:14",471.5,2,sserges
6949,16727920,"Youssef Yacoup","2026-09-04 16:50:53",471.4,2,youssefyacoup
6950,16764151,Jpadilla987@gmail.com,"2026-08-25 21:00:27",471.3,2,jpadilla987gmailcom
6951,16701871,"Raj Nandan","2026-08-10 15:13:30",471.3,1,imrajnandan
6952,16654458,"Likith Narakala","2026-09-10 20:27:03",471.3,2,likith17052004
6953,16728845,"Mohamed Kaleel","2026-08-22 16:12:58",471.2,2,mdkaleel
6954,16684031,"Phillip Kamundia","2026-08-14 20:35:15",471.1,2,phillipkamundia
6955,16662111,"Mood Vikram","2026-09-05 23:15:35",471.0,2,"moodvikram,sidhantchauhan"
6956,16674612,"Muhammad Dhiaz Rafilianza","2026-08-22 05:48:04",470.8,2,dhiazr
6957,16661449,"Samarjeet Singh","2026-08-23 04:32:19",470.8,2,samarjeet010
6958,16780783,priscilamaria5363,"2026-08-28 15:10:15",470.7,2,priscilamaria5363
6959,16772803,"Linneu Holanda","2026-09-11 00:03:53",470.7,2,linneuholanda
6960,16714488,"HusseinNadem Nadem","2026-08-26 01:53:13",470.6,2,husseinnademnadem
6961,16747670,"Luis Molina","2026-08-26 07:40:36",470.5,2,micuentadecasa
6962,16657312,"baolood herid","2026-08-06 13:13:48",470.4,2,baoloodherid
6963,16765310,"Aria Muse","2026-09-04 06:00:22",470.4,2,ariamuse
6964,16661105,"Vignesh Murugan","2026-08-04 19:57:46",470.4,2,vigneshv1cky
6965,16879532,kiwamizamurai,"2026-09-14 20:27:53",470.0,2,kiwamizamurai
6966,16662790,"Derek Earnhart","2026-08-04 18:04:01",469.8,1,derekearnhart
6967,16693795,kurt,"2026-08-30 15:22:47",469.6,2,syarht
6968,16646318,"I wanna Die","2026-09-06 16:25:14",469.4,2,chrisopherjoshy
6969,16796273,"Kiplangat Vincent","2026-09-14 11:08:50",469.3,2,balvins
6970,16778886,"Sandeep Das","2026-08-31 09:48:37",469.3,2,sandypos
6971,16739711,SBC,"2026-08-20 10:16:10",469.2,2,"anusasaha2406,harshkumar3014,rahulmaity"
6972,16715456,"wilson LUNG","2026-08-17 23:54:10",469.2,2,wilsonlung
6973,16793145,KarlNUrban,"2026-09-05 12:19:50",469.2,2,karlnurban
6974,16681778,kzeus@003,"2026-08-12 05:12:15",469.1,2,kzeus003
6975,16775236,hohohoZzZ,"2026-09-16 16:14:37",468.9,2,hohohozzz
6976,16675468,"atakan akgün","2026-08-13 15:32:32",468.5,2,atakanakg
6977,16876859,Broncat,"2026-09-15 02:27:28",468.4,2,broncat
6978,16625808,"Etsushi Yamamoto","2026-08-09 16:50:41",468.4,2,etsushiyamamoto
6979,16728414,"Pedro Caycho","2026-08-16 12:40:26",468.2,1,pjcc1123
6980,16676205,"Alhassan Fedawy","2026-08-14 17:15:07",468.2,2,alhassanfedawy
6981,16858543,"Fakhar Mustafa","2026-09-10 05:07:39",468.2,2,fakhar90
6982,16757204,hhcjj,"2026-08-22 06:42:32",468.0,2,hhcjjkk
6983,16757135,Agrihand,"2026-09-02 15:00:23",467.9,2,mayur756
6984,16664352,"Shreyash Asati","2026-08-06 10:40:56",467.9,1,shreyashasati
6985,16674266,HamYad,"2026-08-06 18:19:46",467.9,2,hamyadlab
6986,16659919,"SILVISTON EMMANUEL","2026-08-06 06:51:55",467.9,2,silvistonemmanuel
6987,16728933,dOvOb,"2026-09-08 14:51:10",467.6,2,waytosleep
6988,16880707,Joy_22@1,"2026-09-15 16:30:49",467.6,2,joy221
6989,16661360,"Jasper Jiss","2026-08-13 18:45:37",467.3,2,jasperjiss
6990,16664558,"Praneeth Annapureddy","2026-08-05 04:52:45",467.3,2,praneethannapureddy
6991,16809168,"Shaun the Sheep ","2026-09-15 18:03:48",467.1,2,badlandsram
6992,16844010,"Nori Miya","2026-09-06 15:17:38",466.7,2,norimiya
6993,16786264,"THISHA S","2026-09-06 06:53:09",466.6,2,thishas
6994,16755677,"Rutwik Kumar M","2026-08-26 16:31:00",466.6,2,rutwikkumarm
6995,16661628,PradipBanerjee,"2026-08-05 21:03:11",466.5,2,pradipbanerjee
6996,16729214,kisamaki0815,"2026-08-28 01:21:57",466.4,2,kisamaki0815
6997,16849108,raypratik,"2026-09-16 17:55:26",466.3,2,raypratik
6998,16757366,"Sean Connolly","2026-09-05 04:10:21",466.2,2,seanconnolly
6999,16784731,Alfred,"2026-09-06 13:27:19",466.1,2,holleyalfred
7000,16698287,"Ethan J. Schauder","2026-08-12 18:21:50",465.9,2,ethanjschauder
7001,16628268,toxic_2499,"2026-09-14 13:39:02",465.8,2,toxic2499
7002,16667517,"Recep Barkın Topcu","2026-08-31 05:30:02",465.8,2,recepbarkntopcu
7003,16745574,"Yadunandan Raman","2026-08-22 12:20:06",465.6,2,yadunandanraman
7004,16686093,"Muhammad Usman Butt","2026-08-07 22:00:04",465.6,2,debugdemon
7005,16668267,Saran,"2026-08-27 14:18:05",465.5,2,saran2
7006,16795877,"Marco Polo","2026-09-16 00:02:55",465.3,2,zhesong1
7007,16654401,ChronoForensics,"2026-08-08 17:26:11",465.3,2,ryanwollmuth
7008,16728821,"Alen Maria Nirmal","2026-08-17 21:51:03",465.1,1,alenmarianirmal
7009,16655415,"Ivan Jarp","2026-08-29 17:07:03",465.0,2,ivanjarp
7010,16677524,"Phúc Phạm","2026-08-07 20:16:24",465.0,2,phucpham77
7011,16660531,greySnow,"2026-09-10 23:39:09",464.7,2,shlomoron
7012,16660330,wangyikai,"2026-08-09 07:59:45",464.7,2,wangyik
7013,16791617,"Neil Li","2026-08-30 00:10:32",464.6,1,neilliroub
7014,16843511,"JiaHui Ni ","2026-09-13 14:59:35",464.0,2,jiahuini
7015,16705510,"Palak Choudhary","2026-08-11 07:12:44",463.9,2,palak2564
7016,16776777,cerceanit,"2026-08-29 14:51:48",463.8,1,uaisamangeldi
7017,16651872,Evgen21,"2026-08-05 14:03:50",463.5,2,evgen21
7018,16732513,Taogege,"2026-09-08 08:02:16",463.4,2,"liyiyiyi6,taogege520"
7019,16889017,Bigwh3el,"2026-09-16 02:06:14",463.4,2,bigwh3el
7020,16750666,"Mitali Yadav","2026-09-16 19:03:35",463.3,2,mitaliyadav18
7021,16723490,"Panashe Arthur Mhonde","2026-08-22 11:41:19",463.3,2,panashearthurmhonde
7022,16719521,xarquin,"2026-08-25 03:16:23",463.2,2,xarquin
7023,16646286,"C Aravindhan","2026-08-04 05:03:22",463.0,2,caravindhan
7024,16907326,"julien gaza","2026-09-16 16:11:18",462.9,2,juliengaza
7025,16799224,"Tian Yan666","2026-09-03 14:48:42",462.9,2,tianyan666
7026,16632855,Shreyash_Automation,"2026-08-21 00:06:49",462.7,2,shreyashautomation
7027,16664044,IntentionalSayshara,"2026-09-05 14:45:02",462.6,2,jaelle
7028,16690221,"HISOKY DEV","2026-08-10 09:42:03",462.6,2,omarfahid
7029,16903680,"marwan na","2026-09-16 04:05:18",462.6,2,marwanna
7030,16706790,"Stas Chereshkevich","2026-08-19 12:23:33",462.5,2,staschereshkevich
7031,16671033,"Alexandr Shustikov","2026-09-13 17:39:27",462.4,2,alexandrshustikov
7032,16841679,Chafuuu,"2026-09-09 16:26:02",462.4,2,chafuuu
7033,16655080,"Mohamed Judi","2026-09-07 19:18:31",462.4,2,mhjudi
7034,16640965,jidaoluckey,"2026-08-08 07:10:45",462.1,2,jidaoluckey
7035,16735206,"Shiyal Kishan","2026-08-20 04:01:28",462.0,2,shiyalkishan01
7036,16713179,"Enise Zengin","2026-09-15 02:53:02",462.0,2,enisezengin
7037,16725065,"Maxim Smirnov","2026-08-15 13:21:05",462.0,2,smirnoffmg
7038,16743015,"Sword's Frost","2026-09-04 00:53:30",461.8,2,alexwilliam7
7039,16634060,"Chí Thành Đỗ","2026-08-02 05:11:58",461.8,2,chithanhdeptrai
7040,16623271,"William Morley","2026-07-31 10:09:16",461.8,2,williamkmorley
7041,16799023,"Alkava Ind","2026-09-15 09:02:44",461.5,2,alkavaind
7042,16752081,"Ahmad Dehaini","2026-08-30 06:04:54",461.1,2,ahmaddehaini
7043,16677166,Spectrobot,"2026-08-08 11:11:46",461.1,2,spectrobot
7044,16877297,"Aaryan Gole","2026-09-15 09:37:08",461.1,2,aaryangole
7045,16692128,gibocx,"2026-08-10 18:10:34",460.9,2,gibocx
7046,16699633,Nafmo,"2026-08-11 17:10:53",460.8,2,nafmo2
7047,16662133,"Ding Lifeng","2026-08-29 08:20:49",460.4,2,dinglifeng
7048,16640516,"Alfandi Hassan","2026-08-08 03:41:33",460.2,2,alfandihassan
7049,16838619,HeroGod,"2026-09-05 12:25:27",460.2,2,herogod
7050,16724556,"Yixiang Wu","2026-08-28 03:34:55",460.0,1,yixiang964
7051,16696271,"Neeta Sanjay Gajabi","2026-08-09 14:48:42",459.9,2,neeta2574
7052,16633097,"Matheus Bonjour Laviola da Silva","2026-08-02 11:08:21",459.6,2,matheusbonjour
7053,16660420,tipofyzik,"2026-09-05 14:34:30",459.4,2,tipofyzik
7054,16660697,"Dannis Wong11","2026-09-09 10:07:46",459.3,2,danniswong11
7055,16694330,"Jack Way","2026-08-10 11:48:42",459.3,2,jackway05
7056,16670634,"Narayan Sharan","2026-09-12 06:55:27",459.2,2,narayansharan
7057,16660990,"Bunny Tang","2026-09-10 14:33:23",459.2,2,tanghung64
7058,16660455,"Alex Kapend","2026-08-05 08:42:26",459.1,2,alexkapend
7059,16726441,Enrique.rfm,"2026-09-14 16:40:46",459.0,2,enriquerfm
7060,16838460,"Yash Vardhan","2026-09-08 07:39:50",458.9,2,poruskapil1
7061,16881479,GG,"2026-09-13 11:27:34",458.8,2,ggroth
7062,16623712,Dapp,"2026-08-03 23:09:19",458.7,2,lgloria
7063,16659520,"Play Code","2026-08-05 14:28:00",458.6,2,codenya
7064,16641501,Sonal,"2026-08-08 22:07:46",458.5,2,sonalm13
7065,16707331,"Simon Ziegs","2026-08-23 22:54:11",458.5,2,simonziegs
7066,16660343,"Mert Olgun899","2026-08-05 13:05:07",458.4,2,mertolgun899
7067,16656568,"FARIATHTHEEN F","2026-08-04 11:44:49",458.2,2,fariaththeenf
7068,16859368,"Emmanuel King Christopher","2026-09-09 23:31:24",458.1,1,emmanuelkingchris
7069,16755159,"Kay Gijzen","2026-08-23 11:51:31",458.0,2,kaygijzen
7070,16681655,"Tae seong Gim","2026-08-14 14:14:10",458.0,2,taeseonggim
7071,16891504,"Taha N Kaya","2026-09-14 14:03:21",457.9,1,tahankaya
7072,16666924,esis_ai,"2026-09-16 15:26:26",457.8,2,alexesn
7073,16659414,TTGP_TEAM,"2026-08-06 15:33:09",457.6,2,phttrntrnggia
7074,16659658,"Tim Wong","2026-08-06 02:02:30",457.5,2,wai0186
7075,16645936,"Abhy Rejikumar","2026-08-22 19:26:23",457.4,1,abhyrejikumar
7076,16748500,stimmie,"2026-08-30 16:11:56",457.4,2,stimmie
7077,16716002,"Preethi Gnanaprakasam","2026-08-14 09:10:46",457.3,2,preethignanaprakasam
7078,16697396,"Collective Win","2026-08-18 05:10:12",457.2,2,collectivewin
7079,16768456,清水一希,"2026-08-25 00:47:38",457.1,1,kazukishimizu0427
7080,16701367,CryptoQuant1992,"2026-08-11 13:04:12",457.1,2,cryptoquant1992
7081,16687602,"jithin manoj","2026-08-12 13:00:23",457.0,2,jithingmanoj
7082,16725957,"Ayman Tarig Mohammedosman Elgadi","2026-08-24 02:57:16",457.0,2,aymantarig17
7083,16735177,shilpa.rpns,"2026-08-22 04:57:10",456.9,2,shilparpns
7084,16663871,"Iyed Djebbi","2026-08-07 09:25:07",456.8,2,iyeddjebbi
7085,16728549,Karatelb,"2026-08-16 17:45:59",456.8,2,karatelb
7086,16700596,"Markel Iru","2026-08-13 15:52:53",456.5,2,markeliru
7087,16804902,"aitahmed amina","2026-09-08 16:15:15",456.0,2,aitahmedamina
7088,16871538,freesoso,"2026-09-15 13:11:39",455.8,2,freesoso
7089,16667601,"Audrius Molis","2026-08-27 19:30:39",455.8,2,vienas
7090,16785568,"Sneha Bhargava4","2026-09-16 17:56:17",455.6,2,snehabhargava4
7091,16729522,all-coder,"2026-08-16 17:55:08",455.2,2,allcoder
7092,16695521,"Chen Ken","2026-09-07 16:32:18",455.2,2,nuty
7093,16664327,"Maged Hegazy","2026-08-06 13:13:28",455.1,2,magedhegazy
7094,16729996,"Michael Roust","2026-08-18 16:09:56",455.1,2,michaelroust
7095,16683390,Christopher34,"2026-08-08 00:20:59",454.9,2,christopher34
7096,16872182,yxxchh,"2026-09-11 13:18:38",454.9,1,yxxchh
7097,16734096,"Cem Ali Görmez","2026-09-06 10:48:37",454.7,2,cemaligrmez
7098,16892976,"Tony He","2026-09-16 19:21:18",454.5,2,tonyyang0504
7099,16892644,ElKnilcho,"2026-09-14 19:01:37",454.5,2,elknilcho
7100,16638967,"Jenny Luo","2026-08-01 23:55:07",454.4,2,"jennyluo96,kyeoh92"
7101,16711918,"Pavel Filin","2026-08-13 05:23:28",454.2,2,pavelfilin
7102,16621572,"Abdulazeez AbdulMumeen","2026-08-05 10:59:27",454.0,2,ayobeen
7103,16669168,"Kingsley Jide","2026-08-31 21:30:18",454.0,2,kingsleyjide
7104,16690793,"MOHAMMAD ALRASHED","2026-08-08 18:33:34",453.9,2,mohammadalrashed
7105,16655783,KonaKonaz,"2026-08-04 09:36:57",453.8,2,konakonaz
7106,16665647,hr15de,"2026-08-28 10:00:50",453.8,2,hr15de
7107,16804803,"01000110 01010101 01000011 01001011 00100000 01011001 01001111 01010101 00100001","2026-09-14 16:38:59",453.8,1,f01010101
7108,16897148,"Ikrame Ibn Hayoun","2026-09-15 14:26:06",453.6,2,ikrameibnhayoun
7109,16691704,"Rahman Aliyev","2026-09-10 17:59:57",453.6,2,rahman4li
7110,16693522,shadycoderalltime,"2026-08-22 14:00:16",453.6,2,shadycoderalltime
7111,16669117,"Shrikant Lambe","2026-08-10 23:31:50",453.4,2,shrikantlambe
7112,16840624,Deepakexplores,"2026-09-11 17:51:43",453.4,2,deepakexplores
7113,16661194,"Sandeep Vanapalli","2026-08-04 15:37:06",453.3,2,mrleaf
7114,16659080,VENKY,"2026-08-07 17:22:03",453.3,2,venkateshthatha
7115,16663594,"NGU BLACK SANTA","2026-08-05 15:23:10",453.2,2,ngublacksanta
7116,16668093,Sai_Dattu,"2026-08-07 07:35:01",453.1,2,saidattu2003
7117,16691761,"Evie Barker","2026-08-15 13:40:05",452.9,2,eviebarker
7118,16658520,drownedsnake,"2026-08-05 01:03:22",452.7,2,makerplay
7119,16734601,sweetlesson,"2026-08-18 00:40:55",452.7,2,sweetlesson
7120,16661014,manu,"2026-08-16 04:45:12",452.7,2,manupandit
7121,16682906,Masiki,"2026-09-05 13:55:54",452.6,2,blackseed
7122,16676327,shu10038,"2026-09-14 12:07:16",452.0,2,shu10038
7123,16698141,Zippo,"2026-08-16 05:44:18",452.0,2,gagemerrick
7124,16715033,"Colton Byers","2026-08-17 10:41:50",452.0,2,coltonbyers
7125,16853895,sailohith07,"2026-09-08 10:49:11",451.9,2,sailohith07
7126,16856112,"Thomas White","2026-09-08 19:39:13",451.9,1,leopardguy
7127,16644765,MoeCode,"2026-09-12 16:46:28",451.8,2,syrianeagle
7128,16765863,MADUPU.SRINIDHI,"2026-09-05 10:31:08",451.8,2,madupusrinidhi
7129,16656989,Crunchex,"2026-08-29 10:52:11",451.7,2,"asmo04,chinmaysoni48,codencry"
7130,16676482,GitLyf,"2026-08-16 12:47:59",451.5,2,"jaideva30,rohithkrishnaak"
7131,16696939,"Keaton Zang","2026-08-10 21:24:20",451.4,1,keatonzang
7132,16908403,"Stepan Ivanov","2026-09-16 19:29:14",451.4,1,stepanivanov233
7133,16662167,"Tara Singh Kharwad","2026-08-05 17:13:10",451.3,2,tarasi7261
7134,16713557,kaggri-kal-chal,"2026-09-16 18:53:51",451.3,2,"nainikaanish,shrivastavaaryan"
7135,16719460,"Amon #2","2026-08-15 12:40:41",451.0,2,ezjameng
7136,16845679,"Wenhai Tang (raisin)","2026-09-07 03:33:14",450.7,1,wenhaitangraisin
7137,16692373,"Ornevis Montero","2026-08-20 01:59:43",450.6,2,ornevisbolaosmontero
7138,16731790,"A random farmer","2026-08-18 02:19:53",450.5,1,hinatatokuda
7139,16728945,"Suryansh Kulshreshtha","2026-09-01 14:39:14",450.5,2,"busyfellow,suryanshkulshreshtha"
7140,16683316,moonriver0922,"2026-08-11 07:04:11",450.5,2,moonriver0922
7141,16698029,"Meet Vachhani","2026-08-10 18:34:55",450.1,2,meetvachhani7
7142,16661539,"Ilia Mironov","2026-08-09 13:51:47",450.0,1,millcool
7143,16823197,Cowabunga,"2026-09-14 21:48:48",449.9,2,ameripreye
7144,16668810,ZZZZGOD,"2026-08-07 19:11:09",449.7,2,zzzzgod
7145,16785932,"Thomas Yi","2026-09-04 00:33:06",449.6,2,tyyslashd
7146,16670155,Kiznaiver,"2026-08-23 14:27:19",449.4,2,kiznaiver
7147,16666873,"linli duan","2026-08-12 15:06:42",449.3,2,linliduan
7148,16773264,LA28,"2026-09-03 19:44:02",449.2,2,saisreelasyaappali
7149,16792630,Vipluv1,"2026-09-04 20:32:56",449.2,2,vipluv1
7150,16658521,"Vishal Dhariwal","2026-08-08 11:43:36",449.0,2,user412
7151,16708409,toshiconner,"2026-08-12 06:30:06",448.9,2,toshiconner
7152,16662896,"Adrian Dubois","2026-09-12 22:49:02",448.9,2,adriandubois
7153,16759239,SunYaoXi,"2026-08-27 09:32:42",448.8,2,sunyaoxi
7154,16675000,"Carl Bell","2026-09-16 20:55:33",448.8,2,allegedcarlbell
7155,16695828,rihiRule,"2026-08-11 13:40:24",448.8,2,rihirule
7156,16807636,"Liu Panfeng","2026-09-05 00:30:20",448.6,2,liupanfeng
7157,16669945,"Turab Zaidi","2026-08-07 13:27:44",448.6,2,turabzaidi
7158,16634911,onlytimeknows,"2026-08-22 12:31:11",448.4,2,onlytimeknows
7159,16717051,"Chirag Hosdurga","2026-08-13 13:38:41",448.3,2,chiraghosdurga
7160,16661786,Nagaraju,"2026-08-10 01:53:04",448.3,2,orugantn
7161,16657520,"Joel De la Cruz Fuertes","2026-08-12 16:33:48",448.2,2,joeldcf
7162,16786351,"Pradeep P","2026-09-14 16:39:50",448.1,2,pradeeppuranam
7163,16735934,"Uday Kiran003","2026-08-18 06:23:18",447.9,1,udaykiran003
7164,16696959,"Joe Filfli","2026-08-11 10:47:03",447.8,2,joefilfli
7165,16677047,LINOXYR,"2026-08-15 13:13:58",447.8,2,linoxyr
7166,16658678,"Manav Aghera","2026-09-06 18:16:28",447.7,2,manavaghera
7167,16675215,"Viljen Apalset Vassbø","2026-08-06 22:24:44",447.5,2,viljenapalsetvassb
7168,16679872,"Kirby Won","2026-08-19 16:47:21",447.1,2,kirbywon
7169,16721942,"Daniel Rodriguez Bothe","2026-08-18 16:57:00",446.7,2,danielrodriguezbothe
7170,16723614,"James Atteh","2026-09-12 06:28:17",446.7,2,jamesatteh
7171,16726882,"Albert Yu","2026-08-17 00:01:53",446.7,2,yukinying
7172,16853371,JIAWEILI0001,"2026-09-10 05:05:16",446.4,2,jiaweili0001
7173,16744018,"ZK Adam","2026-08-27 17:40:04",446.3,2,zkadam
7174,16665966,aj000,"2026-09-11 09:21:27",446.3,2,anishjagdaleaj
7175,16655820,"Cory Tortorici","2026-08-08 15:20:42",446.2,2,corytortorici
7176,16670090,"Gianpaolo Nettis","2026-08-24 08:42:07",446.1,2,rakes7
7177,16751979,"Sasha Sam","2026-08-27 20:02:46",446.1,2,sashasam
7178,16652661,"Petru-Mihai Craciun","2026-08-05 14:55:07",446.1,2,petrumihaicraciun
7179,16829367,"quant park","2026-09-15 10:29:07",445.9,2,quantpark
7180,16683761,"Chiefmen749 Aris","2026-08-10 07:42:42",445.9,2,saysplayz
7181,16815817,haiy_qq,"2026-09-04 01:41:26",445.9,2,haiyqq
7182,16675631,"Aswini Gowda","2026-08-10 05:37:33",445.6,2,aswinigowda
7183,16623503,"D Mohith","2026-08-01 01:06:22",445.4,2,dmohith
7184,16707437,"Ivan Plekhanov","2026-08-11 12:03:11",445.3,1,nnob0dy
7185,16880393,flower_s,"2026-09-14 15:37:50",445.2,2,flower244140625
7186,16728345,ron,"2026-09-13 00:49:44",445.2,2,romart
7187,16671665,"Kobata Sota","2026-08-06 07:17:03",445.2,1,kobatasota
7188,16638953,"Joe Young","2026-08-03 19:23:13",445.0,2,jsphyg
7189,16664004,"Me, Myself, and I","2026-08-11 03:57:46",445.0,2,notlunarxd
7190,16876642,Gruberx,"2026-09-14 07:24:35",444.6,2,gruberx
7191,16751796,"Leo Pallorina","2026-08-23 14:06:17",444.6,2,lelelsp
7192,16706184,"Lingaraju Saikumar","2026-08-16 11:51:34",444.5,2,lingarajusaikumar
7193,16796102,yiliang,"2026-08-31 12:55:20",444.5,2,yilianglv
7194,16729155,WangZihao5649,"2026-08-24 02:32:08",444.4,2,wangzihao5649
7195,16721530,revv0o,"2026-08-15 13:58:34",444.4,2,revv0o
7196,16639764,CortexExplorer,"2026-08-23 13:03:06",444.3,2,cortexexplorer
7197,16904318,"wofi poria","2026-09-16 17:51:12",443.9,2,wofiporia
7198,16660923,naganikshith,"2026-08-06 08:01:09",443.6,2,naganikshith
7199,16693255,"Carlos Hideo Yamaguchi","2026-08-10 00:59:12",443.6,2,carloshy
7200,16702200,"ANGAD JANGIR","2026-08-11 02:01:38",443.6,2,angadjangir
7201,16729086,samanyu,"2026-08-23 10:13:11",443.1,2,samanyu1808
7202,16735012,"Shuvam Swapnil Dash","2026-08-28 19:56:48",443.1,2,"shashwatmandal,shuvamswapnildash"
7203,16637342,SupremeWarrior108,"2026-09-16 07:51:15",443.0,2,supremewarrior108
7204,16888455,Erin,"2026-09-14 02:55:17",442.8,2,eringobyte
7205,16692782,"Andres Regino","2026-08-23 20:26:03",442.8,2,andresregino
7206,16624414,"Chaitanya Jamble","2026-07-31 05:42:10",442.7,1,chaitanyajamble
7207,16641513,"Sameer Chakravedi","2026-08-15 16:06:11",442.6,2,sameerchakravedi
7208,16702980,GCSudarshanReddy,"2026-08-15 17:32:06",442.5,2,gcsudarshanreddy
7209,16725757,AchyutKishore123,"2026-09-16 03:03:57",442.4,2,achyutkishore123
7210,16750435,"Oleksandr Zalievskyi","2026-08-23 18:34:59",442.1,2,sashaworker
7211,16714240,"The Shovel","2026-08-26 03:21:18",442.1,2,"astapasta0,qotqat"
7212,16663259,erush,"2026-09-08 03:16:44",441.9,2,erushia
7213,16662079,"Farrukh Hussain","2026-09-08 11:36:07",441.6,2,farrukhhussai
7214,16885346,"Michael Handal","2026-09-13 16:23:03",441.6,1,michaelhandal
7215,16762881,Yuki0x80,"2026-09-16 14:54:55",441.5,1,saiyuki1919
7216,16852845,quantumgeek,"2026-09-12 06:54:58",441.1,2,yk1598
7217,16666447,"Shuaib ayad Jasim Jasim","2026-08-06 20:51:47",441.1,2,shuaibayadjasimjasim
7218,16660073,"Mahad Kakooza","2026-09-06 20:30:18",440.8,2,mahadkakooza
7219,16798347,"Mr Michael Chung","2026-09-14 19:39:17",440.7,2,mrmichaelchung
7220,16795330,"Alejandro Villacampa","2026-09-02 17:32:11",440.3,2,avillacampa
7221,16666878,aaronykchen,"2026-08-17 15:06:13",440.2,2,aaronyukuchen
7222,16630896,OpenBuilder,"2026-08-08 12:09:06",440.2,2,weijunguo
7223,16775069,JWlKIM,"2026-08-26 23:22:43",440.1,2,jwlkim
7224,16890098,"Binief Ta","2026-09-14 14:08:36",439.7,2,biniefta
7225,16665152,"Ahmed Karim","2026-08-17 11:32:15",439.6,2,versusic
7226,16743032,"Sabarishvar S S","2026-09-03 17:49:08",439.5,1,sabarishvarss
7227,16906705,"Gaurav Vyas","2026-09-16 19:23:41",439.4,2,ctogaurav
7228,16660484,"Waiswa Geoffrey","2026-08-31 08:29:58",439.4,2,waiswageoffrey
7229,16675232,"Rafif Ariq Rabbani","2026-08-27 19:37:32",439.2,2,rafifariqrabbani
7230,16668095,Menna_Allah_Samy12,"2026-08-15 15:04:56",439.2,2,mennaallahsamy12
7231,16715404,"karthik reddy","2026-09-04 01:34:50",439.2,2,karthikreddyp
7232,16726285,Dhananjay,"2026-08-15 18:48:20",439.2,2,dhananjaylakkawar
7233,16820596,Karina,"2026-09-16 11:36:45",439.1,1,karinajoey
7234,16773032,fecrescencio22,"2026-09-02 21:07:10",438.9,2,fecrescencio22
7235,16654175,abhiv142,"2026-08-11 13:22:03",438.8,2,abhiv142
7236,16668368,"Waleed Hasan","2026-08-12 01:42:22",438.8,2,whasan
7237,16630020,"Piotr Gabrys","2026-08-09 16:53:59",438.8,2,piotrekga
7238,16759916,"Jeevith G","2026-08-23 06:58:50",438.7,2,jeevithg090
7239,16675340,"SHAURYA SHARMA","2026-09-03 00:57:48",438.5,2,shauryas555
7240,16633984,"Mongkhon Hatit","2026-08-04 11:58:56",437.8,2,mongkolhatit
7241,16726765,"Ali Al-Killidar","2026-08-16 09:47:37",437.6,1,alialkillidar
7242,16658500,"abhinav rai1","2026-08-18 17:24:56",437.4,1,abhinavrai1
7243,16668331,"Maitreya Mohapatra","2026-09-10 20:52:30",437.3,2,maitreyamohapatra
7244,16736432,"Sarthak #2","2026-08-18 12:33:53",437.2,2,srthkdixit
7245,16662985,DanTheDataScienceMan,"2026-08-05 17:40:06",437.2,1,danthedatascienceman
7246,16660317,esgranja,"2026-08-04 18:58:48",436.8,1,esgranja
7247,16754552,Touyu,"2026-09-09 18:55:09",436.8,1,yutoaoki
7248,16713061,Yuk!,"2026-08-16 10:59:12",436.7,2,mitsuyukiokamura
7249,16696993,healer2408,"2026-08-15 07:10:57",436.5,2,healer2408
7250,16694497,Kawai,"2026-08-23 18:33:10",436.4,2,"lavendermoon19,sumitwod"
7251,16659269,"Bedirhan Dinçer","2026-08-10 20:26:46",436.3,2,bedirhandiner
7252,16659558,Ayuroshbo,"2026-09-16 13:29:24",436.2,2,ayuroshbo
7253,16656951,"[Deleted] 6015b650-8e16-4705-8036-db40bdd2d353","2026-08-04 09:08:05",436.1,1,del=084ea76838ad756b
7254,16742009,"Mutyam kavyanjali","2026-08-19 10:25:06",436.0,1,mutyamkavyanjali
7255,16661966,Rocket,"2026-08-29 18:05:35",436.0,2,"aarchie4,nick16541,siddharthdongardive"
7256,16656627,"Soykot Podder","2026-08-14 05:39:06",436.0,2,diptopodder
7257,16653998,www1727,"2026-09-15 16:45:05",435.8,2,www1727
7258,16656579,"Riad Rayhan","2026-08-15 06:40:35",435.7,2,riadrayhan
7259,16691790,"Akshay Sawant","2026-08-08 19:33:14",435.6,2,akshaysawant8983
7260,16658051,SethuMadhavan004,"2026-08-09 09:38:27",435.6,2,sethumadhavan004
7261,16805621,"DIVYANSH KUMAR SINGH CHAUHAN","2026-09-02 04:04:53",435.6,2,capdiv
7262,16676256,"Kotaro Nakamura","2026-08-11 22:18:41",435.5,2,kotaroma
7263,16649339,"华东 朱","2026-09-16 19:43:54",435.4,2,mgdbzny
7264,16768262,"Brayan Miranda G","2026-08-26 19:40:15",435.1,2,brayanmirandag
7265,16760377,"Yuxuan Qian","2026-08-29 23:45:28",435.0,2,yuxuanqian
7266,16804231,illegalplumbing,"2026-09-16 02:55:22",435.0,2,illegalplumbing
7267,16700627,"Benedict Ebito Boyubie","2026-08-10 11:03:38",435.0,1,bboyubie
7268,16659939,"Mouafak Dakhlaoui","2026-09-05 13:26:34",435.0,2,sharmoul
7269,16706843,"yh z","2026-08-11 09:32:56",434.6,1,yhz123456
7270,16827781,c1626343198,"2026-09-04 14:50:37",434.5,2,c1626343198
7271,16666132,andres555,"2026-08-28 14:36:21",434.4,2,"andres555,violalin"
7272,16669164,コノウイ,"2026-09-16 13:29:31",434.3,2,nickhu0414
7273,16662095,"Buzz shocker","2026-09-13 20:28:48",434.2,2,buzzshocker
7274,16656023,JD_Mello,"2026-09-06 01:41:52",434.1,2,jdmello
7275,16717420,"Muhammad Yasir Sarwar","2026-08-13 14:40:09",434.1,2,muhammadyasirsarwar
7276,16716636,"Mahamane Lawaly","2026-08-13 10:22:51",434.1,1,mahamanelawaly
7277,16663258,sawe,"2026-09-16 09:10:13",433.9,2,boiihhh
7278,16862542,"Mitchell Luciana","2026-09-15 03:06:15",433.9,2,mitchellluciana
7279,16664406,"MURDER GOOSE","2026-08-05 09:45:33",433.9,2,ujjwalar
7280,16659018,"Ramziddin Toxirov","2026-08-11 04:58:03",433.8,2,ramziddintoxirov
7281,16728839,Mharfe,"2026-09-06 23:26:08",433.7,2,mharfe
7282,16797045,"Carl Pang","2026-09-08 23:21:35",433.7,1,carlpang
7283,16634016,"Adrien Thomas","2026-09-13 16:40:18",433.6,2,adrienthomas
7284,16758987,"Irtaza Ahmed Khan","2026-09-08 06:38:25",433.5,2,yrrebeere
7285,16662726,"Juan Carlos González Aguilar","2026-08-14 19:54:48",433.4,2,juancg
7286,16796474,"Chaitanya Mundhe ","2026-09-13 12:27:10",433.2,2,chaitanyamundhe
7287,16693307,"Vlad Gavrilov","2026-08-09 04:00:29",433.1,2,vladgavrilov
7288,16738351,"Haidar Faruqi","2026-08-25 05:00:00",432.7,2,haidarfaruqi
7289,16686796,"Harinath Reddy A","2026-08-23 21:23:45",432.6,2,harynath
7290,16659659,"michael J king","2026-09-15 07:11:18",432.5,2,michaeljking
7291,16668241,"Shreyansh Kanotra","2026-08-08 19:56:15",432.5,2,shreyanshkanotra
7292,16661751,"Shailaja J","2026-08-12 14:51:15",432.4,1,shailajaj
7293,16655316,Nader,"2026-08-10 14:49:21",432.4,2,naderamin
7294,16890511,"Alex Solonsky","2026-09-14 08:57:30",432.3,1,alexsolonsky
7295,16706054,"ErrorX Info","2026-08-20 11:30:03",432.2,2,"errorxinfo,shyampatel47"
7296,16716657,"Jasti Phani","2026-08-19 08:38:00",432.1,1,jastiphani
7297,16840668,"Aratrika Ruhal","2026-09-13 23:35:13",432.1,2,aratrikaruhal
7298,16665988,"Ronel maamoc","2026-08-31 09:37:13",432.1,2,ronelmaamoc
7299,16774592,"Oliad Dandana","2026-08-27 09:28:20",432.0,2,olidan
7300,16705640,"Dongre Laxman","2026-08-12 12:36:29",431.5,2,dongrelaxman
7301,16702935,"Defne Demir","2026-08-11 18:27:36",431.4,2,defnedemir
7302,16663815,"Tetsuya Sasaki","2026-09-05 00:00:30",431.0,2,sasakitetsuya
7303,16802750,"[Deleted] fafa60dd-8026-43cc-b656-34ca4625ef7d","2026-09-01 12:22:13",430.7,1,del=e2a734cecd171934
7304,16669703,AnubhavBhadani142,"2026-08-15 06:32:19",430.5,2,anubhavbhadani142
7305,16719679,ZhiruiLuo,"2026-08-25 15:52:57",430.4,1,zhirluo
7306,16669170,AsadUsmanFAST,"2026-08-05 22:37:33",430.1,2,asadusmanfast
7307,16728394,"Aisultan Davletkan","2026-08-16 13:01:38",429.9,1,aisdav
7308,16671911,"Dwi Eflatino","2026-08-16 10:44:17",429.9,2,eflatino
7309,16763523,"Nam Khánh Lê","2026-09-02 06:28:44",429.9,2,"khanhss,khimbodoi"
7310,16845067,"Vineet Gupta","2026-09-14 09:08:20",429.8,1,"graceydugar,vineetgupta2023"
7311,16811013,"Sara Vahidestakhri","2026-09-03 00:32:07",429.8,1,saravahidestakhri
7312,16658535,khanna.rohit5,"2026-08-10 05:00:31",429.7,2,khannarohit5
7313,16662589,"Arunagirinadan Sudharshan","2026-09-06 07:07:50",429.5,2,sudhanaruna
7314,16640814,"Kritika Adhikari","2026-08-07 09:25:26",429.5,2,kritikaadhikari
7315,16750931,"Antonio Rotundo","2026-08-27 12:52:58",429.5,2,antoniorotundo2
7316,16699436,"Oluwaseun O Adeya","2026-08-23 01:22:24",429.3,2,oluwaseunoadeya
7317,16695095,"Jayanth Chowdary","2026-08-22 17:50:39",429.3,2,jayanthchowdary24
7318,16670464,halfpintcider,"2026-09-16 08:50:31",429.2,2,"amoghdeshpande2021,visspric7"
7319,16663976,"wangyang denis","2026-08-12 06:26:08",428.8,2,wangyangdenis
7320,16726052,"Peter Mugoya","2026-08-27 04:32:50",428.4,2,petermugoya
7321,16623528,"Faijur Rahaman","2026-08-20 09:40:07",428.3,2,faijurrahaman
7322,16726168,"Shrey Modi","2026-08-15 19:42:14",428.2,2,shreymodi2
7323,16655997,tanatet8,"2026-09-05 11:00:05",428.1,2,tanatet8
7324,16685615,Spectra,"2026-08-07 16:14:32",428.1,2,thomaskressig
7325,16854332,kotaross,"2026-09-09 15:18:06",427.9,2,kotaross
7326,16712259,geqiulin,"2026-08-13 04:46:11",427.7,2,geqiulin
7327,16656156,"Kshitij aucharmal","2026-08-06 04:35:27",427.6,2,narutoaucharmal
7328,16719296,Mr.TtT_Games,"2026-08-14 04:58:39",427.5,2,mrtttgames
7329,16674278,"Niels de Gier","2026-08-07 15:57:04",427.5,2,nielsdegier
7330,16690299,"EL GORRIM MOHAMED","2026-09-01 10:59:10",427.5,2,elgorrimmohamed
7331,16629201,"GUILLERMO REY PANIAGUA","2026-08-01 16:41:58",427.4,2,guillermoreypaniagua
7332,16664129,"Mr M 8641","2026-08-06 18:57:45",427.4,2,mrm8641
7333,16671773,"Sawyer Lundberg","2026-08-07 03:33:23",427.3,2,sawyerlundberg
7334,16885124,"LABHESH YAWALKAR","2026-09-13 07:45:34",427.3,1,labheshyawalkar
7335,16675043,malibu_orange,"2026-09-05 13:27:13",426.9,2,malibuorange
7336,16666479,"Prajwal Nivangune","2026-08-09 18:33:51",426.8,2,prajwalnivangune
7337,16898808,katoue,"2026-09-16 21:47:46",426.7,2,katoue
7338,16808233,"Yash Hingane","2026-09-04 12:53:43",426.2,2,yashhingane
7339,16825489,"Monishwar S","2026-09-06 17:28:12",426.2,1,monishwar2718
7340,16670475,Adib,"2026-08-06 02:02:27",426.2,2,adibemohamed
7341,16723779,Matheubern,"2026-09-07 02:24:32",426.1,2,matheubern
7342,16632841,AGG,"2026-09-05 18:33:20",426.0,2,aleixgim
7343,16701064,KMishra011,"2026-08-20 20:30:34",425.8,2,kmishra011
7344,16725349,"Saj Patel","2026-08-15 21:55:42",425.8,2,sajpatel15
7345,16865650,Azhi,"2026-09-10 09:02:01",425.7,1,azh1sdad
7346,16698570,MurphyIIVan,"2026-08-10 03:35:41",425.6,2,murphyiivan
7347,16663804,"Fredy Meyer","2026-08-05 20:19:51",425.6,2,alexmeyerm
7348,16675462,bkcoban,"2026-08-07 18:22:48",425.6,2,bkcoban
7349,16793657,Xin_T,"2026-08-30 16:48:11",425.5,1,xint666
7350,16783050,"Charles Chen","2026-09-07 06:24:21",425.4,2,charles2580
7351,16666066,Khush3e,"2026-09-16 23:20:51",425.3,2,khush3e
7352,16665228,Jason_Qian,"2026-08-05 16:00:43",425.3,2,jasonqia
7353,16897491,"Santipab Tongchan","2026-09-15 14:39:58",425.2,1,santipabtongchan
7354,16667759,"Nafis Fuad Shahid","2026-08-05 19:21:39",425.1,2,nafisfuadshahidd
7355,16723411,CaZen,"2026-08-15 10:48:16",425.0,2,cathzwah
7356,16753895,Andrew98,"2026-08-22 13:10:58",424.9,2,vitem98
7357,16663055,jainish_d24ce180,"2026-08-10 13:54:40",424.9,2,jainishshah35
7358,16686954,"Davie Mdumuka","2026-08-09 19:40:56",424.6,1,daviemdumuka
7359,16662089,"Alonso Gallego Pacho","2026-08-27 13:27:36",424.6,2,alonsogallegopacho
7360,16858944,Ashish_G_A,"2026-09-10 20:54:56",424.5,2,ashishga
7361,16684776,"D Rithika","2026-08-10 18:36:30",424.3,2,drithika
7362,16622943,"Erwin Huizenga","2026-09-06 15:04:57",424.3,2,erwinh
7363,16761319,Yuvraj,"2026-08-23 07:29:44",424.3,1,yuvrajkr01
7364,16890562,Names231,"2026-09-14 16:08:48",424.2,2,names231
7365,16676397,Rohan_Joshi6404,"2026-08-13 13:58:56",424.1,2,rohanjoshi6404
7366,16777612,"zebra G","2026-08-27 15:46:59",424.1,1,zebrag
7367,16784400,K_DHEERAJ_11,"2026-08-31 02:58:38",424.1,2,kdheeraj11
7368,16700685,"Preeti Dhotmal","2026-08-27 11:25:29",424.0,2,preetidhotmal
7369,16708896,"Alberto Scinetti","2026-08-13 19:18:11",423.9,2,albertoscinetti
7370,16639916,BloomBerry,"2026-08-12 12:38:31",423.8,2,kagglepalandata
7371,16713723,"Jyot Buch","2026-08-12 23:09:41",423.7,2,jyotbuch
7372,16681209,AgenticBuilder,"2026-08-13 18:44:29",423.7,2,gau2112
7373,16732041,"Vallapu Nandini","2026-08-17 10:22:47",423.6,1,nandinivallapu
7374,16848309,"Angela Wu","2026-09-09 03:56:03",423.4,1,angelawurx
7375,16669434,"Saugat Kannojia","2026-08-07 11:45:47",423.4,2,saugatkannojia
7376,16640810,まさやん,"2026-08-12 15:22:53",423.1,2,masayam1234
7377,16657712,"samuel job Adeola ","2026-09-04 23:18:57",423.0,2,samueljobadeola
7378,16892255,"Jegors Čemisovs","2026-09-14 18:31:10",422.9,1,fortemate
7379,16831179,"Andrey Baranov","2026-09-10 15:10:38",422.9,2,baranov
7380,16670387,"Oracle69 AI","2026-09-12 00:48:38",422.9,2,princeadewaleadewumi
7381,16668522,"Moatez Litaiem","2026-08-06 16:57:54",422.8,2,moatezlitaiem04
7382,16864670,"Takahiro Cho","2026-09-10 04:55:10",422.8,1,takahirocho
7383,16665040,"Arnav Yashlaha","2026-08-05 05:44:26",422.5,2,arnavyashlaha
7384,16631609,dlougen,"2026-08-04 16:40:03",422.5,2,dlougen
7385,16632503,"Wei Hsiang Lin111","2026-08-01 07:42:33",422.4,2,weihsianglin111
7386,16671670,"Karla Ziegler","2026-08-08 21:14:37",422.2,2,karlaziegler
7387,16621518,jaccobian,"2026-08-29 08:11:50",422.1,2,harshraj22
7388,16675385,Apex🦾,"2026-08-14 18:00:17",422.0,2,"raghadabdullara,renadahmadalamri,zzainh"
7389,16792685,李明,"2026-08-31 00:46:42",422.0,2,liming2026good
7390,16712906,"Sharad Garg","2026-08-13 14:54:43",421.9,2,sharadgarg
7391,16658366,kuroneko,"2026-08-04 10:43:29",421.8,2,kurorosuke
7392,16717912,"Anu Kumari","2026-08-13 18:03:07",421.8,1,anuk16020
7393,16623582,yunsuxiaozi,"2026-08-01 13:59:57",421.4,2,yunsuxiaozi
7394,16660515,"pooja sandali","2026-08-08 05:51:03",421.3,2,poojasandali
7395,16655891,"Yukihito Ikoma","2026-08-27 03:55:41",421.1,2,yikoma
7396,16633786,tuannm3812,"2026-08-28 08:00:42",421.0,2,tuannm3812
7397,16716702,"majjati khalid ","2026-08-19 14:12:32",421.0,2,khalidma
7398,16660287,BhatNasir,"2026-08-04 16:29:18",420.8,2,nasir94
7399,16623631,SeaEag1e,"2026-07-31 06:26:17",420.7,1,seaeag1e
7400,16839457,HugoLee_dreamer,"2026-09-14 01:18:31",420.5,2,hugoleedreamer
7401,16786328,"DanishGW School","2026-09-02 03:50:19",420.3,2,danishgwschool
7402,16757351,SaiVenkatesh,"2026-09-05 10:30:00",420.2,2,nothingnew
7403,16621243,"Jesse Bullard","2026-09-14 16:01:59",420.0,2,jessebullard
7404,16623135,mohduwaishchaudhary,"2026-07-30 22:05:45",419.7,2,muwaish5
7405,16739939,crescent_star,"2026-09-09 04:42:10",419.5,2,cenzop
7406,16662319,ethan.ai,"2026-08-13 18:16:35",419.3,2,ethanai
7407,16772511,"Max Gläser","2026-08-26 23:39:34",419.2,1,maxglser
7408,16768174,lambdap,"2026-09-06 13:25:29",419.0,2,lambdap
7409,16672292,"KARTIKEY PANWAR","2026-08-06 05:46:16",418.9,2,kartikeypanwar
7410,16882682,"BALQEES GHWANMEH","2026-09-16 20:39:36",418.7,2,balqeesghwanmeh
7411,16738441,"Moritz Huber","2026-08-30 21:00:10",418.6,2,moritzhuber
7412,16664514,"Henry Adjanor tetteh","2026-08-12 00:43:41",418.5,2,henryadjanortetteh
7413,16834632,casua132,"2026-09-05 07:56:17",418.4,1,casua132
7414,16854266,もふもふ神,"2026-09-12 16:26:42",418.4,2,mohumohukami
7415,16875479,"Debasish Gorai","2026-09-16 18:41:56",418.4,2,debasishgorai
7416,16663104,Sohan,"2026-08-23 14:42:40",418.1,2,sohansinghrawat
7417,16659459,"Akandé Philippe ABIODOUN","2026-08-06 11:58:09",417.9,2,vrmelo
7418,16659588,"Priya J","2026-08-14 05:57:46",417.9,2,priyaj21
7419,16657054,"ömer umut güngör","2026-08-05 06:10:22",417.8,2,merumutgngr
7420,16644023,"Yiğit Efe Albaş","2026-08-02 18:34:39",417.7,1,yiitefealba
7421,16656608,"Jeffrey Dilley","2026-08-04 15:40:08",417.7,1,jeffreydilley
7422,16709337,"Chris Turnbull","2026-08-11 22:15:57",417.6,2,christurnbull
7423,16701885,"Mehdi L.","2026-08-13 13:41:14",417.0,2,lmehdi
7424,16673583,"Priyanshu Jha","2026-08-16 08:10:08",416.4,2,codewithjha
7425,16855885,"Shinonome Seiga","2026-09-10 05:10:04",416.3,1,shinonomeseiga
7426,16780101,jjjhoon,"2026-08-28 04:04:26",416.0,2,jjjhoon
7427,16857871,SHP123SHP,"2026-09-10 03:20:57",416.0,2,shp123shp
7428,16706516,"Mohit Khade13","2026-08-26 16:03:22",415.9,2,mohitkhade13
7429,16895464,WilsonPzx,"2026-09-15 12:36:20",415.9,2,wilsonpzx
7430,16657545,"Deepak Singh","2026-08-11 13:50:31",415.9,2,vihaannegi
7431,16624935,"Anjana mohan","2026-08-01 06:06:39",415.8,2,anjanamohan13
7432,16690352,"Aled von Oppell","2026-09-16 19:15:41",415.7,2,aledgvonoppell
7433,16664818,"B M Dimpu Shree","2026-08-21 10:51:22",415.7,2,bmdimpushree
7434,16660413,Ritesh-2006,"2026-08-21 10:21:53",415.6,2,ritesh2006
7435,16778939,"Stepan Antonov","2026-08-27 07:59:30",415.6,1,stepanantonov
7436,16735580,"Dhiya Nachimuthu","2026-08-30 06:13:38",415.5,2,dhiyanachimuthu
7437,16860003,"Aatif Sayyad","2026-09-10 21:31:13",415.4,2,aatifsayyad
7438,16732340,"BJ Kim","2026-08-19 15:17:16",415.2,2,doitdoit80
7439,16805176,"Hritvika Tawde","2026-09-13 11:22:46",415.1,2,hritvikatawde
7440,16806568,"Mumtaz Ahmad Maitla","2026-09-15 08:15:34",415.0,2,mumtazahmadmaitla
7441,16658202,"SNAEHATH P","2026-08-06 13:51:15",414.7,2,snaehath
7442,16624879,indira,"2026-07-31 06:52:02",414.7,2,inansia
7443,16671913,res67,"2026-08-07 16:22:30",414.5,2,junyeanyap
7444,16732395,"Nikita Antonov","2026-08-23 08:33:03",414.4,2,nantonov
7445,16711374,Jascha,"2026-08-13 11:22:30",414.3,2,lippja
7446,16701713,"Максим Хованский","2026-08-10 14:35:38",414.2,1,yeezynaizi
7447,16818498,"AARYAN VISHAL","2026-09-07 11:53:23",414.1,2,aaryanvishal
7448,16664064,lookapmaka,"2026-08-10 17:19:05",414.0,2,lookapmaka
7449,16761148,Deku,"2026-08-23 13:36:57",414.0,1,piyushsharma5654
7450,16661659,"Ivan Zagorulko","2026-08-05 10:53:13",414.0,2,normaldaki278
7451,16678819,"Digant Kathiriya","2026-08-07 02:07:51",413.9,2,digantkathiriya
7452,16719603,"sravan Tirumala","2026-08-14 03:05:43",413.8,1,sravantirumala
7453,16850232,"Kharchenko Bogdan","2026-09-09 18:57:16",413.8,2,kharchenkobogdan
7454,16665470,KanakoS,"2026-08-18 13:13:58",413.5,2,kanakos
7455,16690197,"Ankit Kushwaha_06","2026-08-18 08:10:12",413.5,2,ankitkushwaha06
7456,16716299,Biwaaa67,"2026-08-13 19:57:06",413.3,1,biwaaa67
7457,16689344,"Shalini Gangrade","2026-08-09 13:17:30",413.1,2,shalinig1
7458,16717679,mureee,"2026-09-10 05:46:33",413.1,2,"hosyan3279,mureee54"
7459,16847947,"Phongwit Sri","2026-09-14 04:24:54",413.1,2,phongwitsri
7460,16678298,"RITIK CHAUDHRY","2026-08-10 13:34:35",412.9,2,ritikchaudhry13
7461,16727022,Saharkh99,"2026-09-01 00:18:26",412.7,2,saharkh99
7462,16759765,"Ososanwo Idris Olaitan","2026-09-11 18:38:06",412.7,2,ososanwoidrisolaitan
7463,16638704,"Lee Yen Fei","2026-09-01 03:31:45",412.3,2,leeyenfei
7464,16675900,"Pranav Advani","2026-08-23 14:43:09",412.3,2,pranavadvani
7465,16716589,"Shaik Adilazeez","2026-08-13 09:29:44",412.2,1,shaikadilazeez
7466,16784030,"Pooja Gera","2026-09-02 15:10:47",412.1,2,poojagera00
7467,16667615,"Zayd Mulani","2026-08-08 23:05:57",411.9,2,zaydmulani
7468,16695177,"Ajith Bagali","2026-08-15 12:23:37",411.8,2,ajithbagali
7469,16685904,KavYaHD,"2026-08-10 13:02:45",411.8,2,kavyahd
7470,16709179,"SATENDRA SINGH","2026-09-09 15:39:20",411.8,2,satendrasingh9876
7471,16758093,_student,"2026-08-23 22:21:25",411.7,2,drvtalan
7472,16880350,喜欢逢坂大河,"2026-09-16 08:36:54",411.6,2,yhsno69
7473,16681441,"Lamiaa Al-bdrani","2026-08-07 04:25:50",411.4,1,lamiaaalbdrani
7474,16790718,"Carlos Alves","2026-09-02 04:29:42",411.4,2,carlosone
7475,16796572,"Phan Van Hieu ","2026-08-31 14:23:03",411.2,2,phnvnh
7476,16774921,"conor lowth","2026-08-28 10:46:42",411.0,2,conorlowth
7477,16691891,"Gagan Thakur","2026-08-16 04:36:51",410.2,2,gaganthakur2006
7478,16657574,harikrishnacs,"2026-08-04 12:28:53",410.0,2,harikrishnacs
7479,16661453,"Disleve Kanku","2026-08-14 15:32:51",409.9,2,dislevekanku
7480,16666944,"Meghnath S","2026-08-11 01:56:22",409.7,2,meghnaths
7481,16661276,Middle,"2026-09-14 04:43:00",409.3,2,aydagul
7482,16794302,bettta11,"2026-09-04 23:25:27",409.3,1,bettta11
7483,16669102,Ritik,"2026-08-07 18:11:13",409.3,2,xritikx
7484,16661717,"Yaswanth Ippili","2026-08-06 11:32:13",409.0,2,yaswanthippili
7485,16666257,"Shijian Wen","2026-08-06 09:40:44",409.0,2,shijianwen
7486,16758681,"Sahil suman","2026-08-26 16:26:13",408.7,2,gruntingtorch
7487,16729351,vlad.shorodok,"2026-08-16 18:05:09",408.6,2,vladshorodok
7488,16630662,Akshatjhawar777,"2026-08-05 12:18:30",408.1,2,akshatjhawar777
7489,16666958,TinkerBotics,"2026-08-05 20:29:19",408.0,2,salosojaedwin
7490,16747782,"Muhammad Agam Febryan","2026-08-29 18:22:04",407.8,2,muhammadagamfebryan
7491,16658304,"KETHAVATH Aadarsh","2026-08-05 21:00:45",407.6,2,kethavathaadarsh
7492,16660228,"Ochuwa Pearl Isa","2026-08-06 09:29:36",407.1,2,pearlisa
7493,16673009,CruelShow,"2026-09-13 10:36:40",406.9,2,cruelshow
7494,16693087,osprey2k,"2026-09-09 02:34:27",406.7,2,osprey2k
7495,16808705,Danielaijdkx,"2026-09-03 11:29:34",406.2,1,danielaijdkx
7496,16653006,"anthony mbadiwe ikeme","2026-08-18 09:08:02",406.1,2,anthonymbadiweikeme
7497,16729669,HYPEREUCLIDEAN,"2026-08-19 07:47:48",406.1,2,hypereuclidean
7498,16750743,"Nagimov Timur","2026-08-20 21:10:30",406.0,2,nagimovtimur
7499,16741746,"Ahmed Harfoush","2026-08-19 09:47:45",405.9,1,ahmed1harfoush
7500,16664512,oggyiu,"2026-09-01 07:46:10",405.8,1,oggyiu
7501,16658498,cheesama,"2026-08-04 23:36:18",405.8,2,cheesama
7502,16623054,"Max Bond ABE","2026-08-15 22:43:34",405.2,1,maxbondabe
7503,16661990,"Olaoluwa Abiodun","2026-08-05 14:57:07",405.2,2,laoluwaa
7504,16757336,Stevejustin,"2026-08-31 04:18:31",405.0,2,stevejustin
7505,16723301,mayukistarry,"2026-08-15 02:20:13",404.9,2,mayukistarry
7506,16666334,UnderBlade,"2026-08-05 09:56:11",404.8,2,"athillazaidan,kurtmikhael"
7507,16809998,chzCharbs,"2026-09-15 08:14:49",404.2,2,chzcharbel
7508,16670188,orivael,"2026-08-05 21:20:17",404.1,2,orivael
7509,16679904,"Joshua Bensemann","2026-09-12 12:08:09",403.8,2,qazcat
7510,16663286,"Fan Wang","2026-08-10 21:12:40",403.6,2,wangfan420
7511,16733886,LuisMV8,"2026-09-12 17:01:10",403.3,2,luismv8
7512,16855738,"Anuj Gupta","2026-09-09 07:38:48",403.3,2,anuj6540
7513,16867501,aueurm,"2026-09-11 05:07:13",403.1,2,aueurm
7514,16671532,"Yuri Nakayama","2026-08-13 11:34:55",403.0,2,yurinakayama
7515,16757017,"William Green","2026-09-05 01:33:23",402.9,1,dskswu
7516,16840626,"Christopher Márquez","2026-09-12 22:23:02",402.8,2,christophermrqz1174
7517,16875657,"Валерия Захарова","2026-09-12 23:53:56",402.8,2,melomanpanda
7518,16679850,AryaGarg23,"2026-08-09 03:33:14",402.5,2,aryagarg23
7519,16790615,"Suryansh Vashisth","2026-08-31 10:38:54",402.5,2,songoku2005
7520,16691565,"Blu cky","2026-08-09 19:13:27",402.4,2,llmdablucky
7521,16656902,"Ram Chandra Gupta","2026-08-05 10:18:41",402.4,2,ramchandra142
7522,16664454,"Naga Vinay Avvaru","2026-08-05 07:04:44",402.4,2,anagavinay
7523,16709299,"Divyanshu Choudhary","2026-09-04 13:13:32",402.4,2,divyanshuchoudhary25
7524,16710241,"Julien Serbanescu","2026-08-12 14:32:50",402.2,2,julienserbanescu
7525,16726616,9Hash,"2026-08-19 19:08:01",402.2,2,hashimrazi
7526,16685164,cleanledger,"2026-08-07 13:38:23",402.2,2,cleanledger
7527,16695627,"Xu Lou","2026-08-09 13:01:23",401.9,2,xuxiaozhou666
7528,16809202,amano,"2026-09-03 13:44:49",401.8,2,amanoshotaro
7529,16715097,"Yusuf Yavuz","2026-08-13 00:25:40",401.7,1,yusufyavuzz
7530,16689286,"Telman Yusifov","2026-08-09 07:08:46",401.6,2,yusifovtelman
7531,16705696,"TS Farmer","2026-08-13 11:22:09",401.4,2,"shivangkainth,tusharsekhri27"
7532,16716670,"Aremanda Yasaswini","2026-08-13 09:27:46",401.4,1,aremandayasaswini
7533,16848262,Philedo,"2026-09-12 14:33:59",401.2,2,philedo
7534,16802028,Dong,"2026-09-11 03:53:23",401.0,2,protostar
7535,16749503,ally,"2026-08-23 11:48:49",400.9,2,phamngoclinh
7536,16659720,Project_Kurukshetra,"2026-08-16 05:01:34",400.7,2,"chaitanyaterli05,lavanyayandapalli"
7537,16802866,"Antonio Di Cecco","2026-09-01 18:37:02",400.7,1,antdic
7538,16668268,"Kunal Rout","2026-08-06 05:48:25",400.7,2,charlotte26
7539,16714425,sileza,"2026-08-13 12:57:35",400.3,1,azelis
7540,16689349,"Adunola Abdulrahman","2026-08-10 17:38:47",400.3,2,adunolaabdulrahman
7541,16660899,"Clarence Trinidad","2026-09-16 18:28:20",400.1,2,claree007
7542,16716585,"tejaswini kakollu","2026-08-13 09:12:37",399.7,1,tejaswinikakollu
7543,16758192,"Dev Monk","2026-08-29 14:03:22",399.6,2,devmonk63
7544,16715912,"Hiroshi Sakiyama","2026-08-14 13:22:19",399.5,2,hiroshisakiyama
7545,16660929,ttkk,"2026-08-12 16:39:58",399.4,1,optimavia
7546,16661633,"Joseph Garcia","2026-08-19 16:28:08",399.3,2,josephpgar
7547,16666596,"Daumas Benjamin","2026-09-03 10:05:38",399.0,2,daumasbenjamin
7548,16734431,"Maxwell Herron","2026-08-19 02:06:34",398.9,2,maxwellherron
7549,16662646,"Jay Parsana","2026-08-09 18:07:10",398.8,2,jay051
7550,16796834,"Harsh Gupta #2","2026-09-09 19:20:48",398.6,2,harshgupta0415
7551,16662964,"Tim Ogilvie","2026-08-13 13:18:59",398.6,2,timogilvie
7552,16777871,嵇禄lugent,"2026-09-01 00:00:35",398.5,2,lugent
7553,16689877,Amr_Said1233,"2026-08-08 08:48:28",398.4,1,amrsaid1233
7554,16851939,"Naoya Mieno","2026-09-11 06:19:02",398.3,2,naoyamieno
7555,16660318,"Aiman Al-Shalfi","2026-09-14 12:39:08",398.1,2,aimanalshalfi
7556,16783870,郭一贤,"2026-08-29 07:22:41",398.1,2,guoyixian2
7557,16638383,"Yunus Emre Sarıduman","2026-08-12 12:57:08",398.0,2,emresariduman
7558,16839419,"Gunratna borkar","2026-09-05 23:32:33",398.0,2,gunratnaborkar
7559,16690812,zhangkai_0121,"2026-08-09 01:40:21",397.3,2,zhangkai0121
7560,16658227,Gugu888,"2026-08-14 04:27:57",397.2,2,gugu888
7561,16665959,"Lourenz Baliber","2026-08-18 00:34:06",396.9,1,lourenz
7562,16663981,"Steven Pun","2026-08-07 01:59:52",396.8,2,stevenpunn
7563,16747544,OliverYip,"2026-08-25 06:01:07",396.6,2,oliveryip
7564,16735307,"Ayush Dhabsa_real","2026-09-10 09:13:50",396.6,1,ayushdhabsareal
7565,16662162,"THE predict","2026-08-13 21:18:25",396.2,2,vikaspal505
7566,16768884,z y f 007,"2026-08-31 05:39:35",396.2,2,zyf007
7567,16890222,"Borisov Emilian","2026-09-14 19:14:12",396.1,2,emili123
7568,16849620,rgbweston,"2026-09-07 18:00:17",396.0,1,rgbweston
7569,16710244,Bytemindd,"2026-08-26 10:20:45",395.8,2,"daisy023,sruthikanv,thasneemj,uthayanandhini,vajraparameswari"
7570,16876529,"Νικόλαος Μπριάκος","2026-09-16 19:04:11",395.6,2,bnikos
7571,16674012,ahankesumah,"2026-08-16 07:34:05",395.5,2,ahankesumah
7572,16880664,"Nodir Xamdamov","2026-09-15 10:37:08",395.5,2,nodirxamdamov
7573,16639727,"Andres Mohali","2026-08-13 23:03:25",395.4,2,mohax3
7574,16730589,山谷知輝,"2026-09-02 02:03:05",395.4,2,tomokiyamaya
7575,16662081,Ayush_Bhaskar_25323010,"2026-08-08 19:49:56",395.4,2,ayushbhaskar25323010
7576,16731832,jackee777,"2026-09-10 18:23:16",395.4,2,jackee777
7577,16693098,broken_gpu,"2026-08-30 10:07:27",395.3,2,brokengpu
7578,16695479,Anandhasabesan,"2026-08-09 13:50:37",395.2,1,anandhasabesan
7579,16669229,"Kayvan Sinha","2026-08-11 15:23:35",395.1,2,kayvansinha
7580,16664401,"Pranav Premchand","2026-08-05 03:07:24",395.1,1,pranavpremchand
7581,16657063,"those how","2026-08-04 07:50:57",395.0,2,thosehow
7582,16654258,"Ashray Bagde","2026-08-13 08:13:00",395.0,2,ashrayaaaaa
7583,16809931,"john crick","2026-09-16 02:07:20",394.7,2,johncrick
7584,16663990,"OURNO PAPA SALIF","2026-08-07 23:18:43",394.7,2,belfiremine
7585,16658882,"toukali samir","2026-08-07 13:43:05",394.4,2,toukalisamir
7586,16856809,"Mateusz Kuzniar","2026-09-08 22:14:50",394.4,2,mateuszkuzniar
7587,16663674,"Mason Mahar","2026-08-30 04:00:17",394.1,2,masonmahar
7588,16706257,dlv,"2026-08-13 11:11:14",394.1,2,ducott1
7589,16755264,wsdsby,"2026-08-21 15:16:42",394.1,2,wsdsby
7590,16712796,"Kumar Saurabh","2026-09-11 09:02:40",394.0,2,bakakaka
7591,16779823,"Jean Dem","2026-08-31 12:38:41",393.9,2,jeandem
7592,16898204,"MAHESH ISHRAN","2026-09-16 11:17:44",393.9,1,iitm21f1003346
7593,16738335,"Xuzhou Dong","2026-08-20 14:39:16",393.9,2,xuzhoudong
7594,16752444,zama,"2026-08-25 04:31:12",393.8,2,zamami
7595,16686411,NeoCodes.Dev,"2026-08-23 23:53:10",393.8,2,neocodesdev
7596,16778127,Nimmokumar,"2026-09-11 13:37:45",393.7,1,nimmokumar
7597,16641665,huangjunjia,"2026-08-04 14:12:26",393.7,2,huangjunjia777
7598,16667987,"Kunj Kansara","2026-08-05 13:41:26",393.7,1,kunjkansara
7599,16705300,T3485D5T,"2026-09-03 08:20:18",393.5,2,"danijelbilalli,t3485d5t"
7600,16696384,Sisu16,"2026-08-13 20:13:27",393.3,2,sisu16
7601,16660852,"K VISHALINI","2026-08-13 06:59:27",393.2,2,kvishalini
7602,16625770,"Đức Trung Trần","2026-08-24 11:01:33",392.9,2,ctrungtrn
7603,16671714,"Donnell Layne","2026-08-07 15:40:35",392.8,2,jupiter1127
7604,16759225,"Andrea Jordan Paro","2026-08-24 11:24:14",392.8,2,andreajordanparo
7605,16770085,AllenCheng329,"2026-08-25 10:05:43",392.5,1,allencheng329
7606,16677950,"Rounak Laddha","2026-08-15 01:47:41",392.4,1,rounakladdha
7607,16747683,"Jianyu Lin","2026-08-27 13:05:05",392.3,1,jianyulin1999
7608,16888733,"Sébastien Callegari","2026-09-14 03:49:42",392.3,1,sbastiencallegari
7609,16707987,"Big Balls Entertainment","2026-08-12 10:18:24",392.2,2,"pavivin,semenkolesnikov"
7610,16676726,"Manaswi Bansal","2026-08-16 06:28:05",392.0,2,manaswibansal
7611,16685207,"Koushik Thummu","2026-08-07 18:15:47",391.9,2,koushikthummu
7612,16658960,"Amit Kumar","2026-08-06 05:44:30",391.8,2,anmitkumar
7613,16666216,missss,"2026-08-06 06:49:00",391.8,2,missssb
7614,16668479,"Muneera Mahjabeen","2026-09-15 03:45:05",391.7,2,muneeramahjabeen
7615,16712633,"Andy Andy","2026-08-13 08:11:38",391.6,2,andy3373
7616,16729708,msmsuman,"2026-09-06 11:11:45",391.5,2,msmsumanmuskan
7617,16728897,kaba777,"2026-09-14 14:43:55",391.5,2,kaba777
7618,16702771,n_samii,"2026-08-14 01:20:08",391.4,2,nsamii
7619,16723569,"Trishanth Mellimi","2026-08-15 07:09:55",391.2,2,trishanthmellimi
7620,16667177,"Raunak Phull","2026-08-10 11:14:44",391.1,2,raunakphull4
7621,16669218,"Shaik Sabiya","2026-08-12 09:15:22",391.0,2,shaiksabiya55
7622,16658512,fatariq,"2026-08-10 21:18:35",390.9,2,fatariq
7623,16784379,超级陆战队,"2026-08-29 14:43:33",390.7,2,luyi61227
7624,16657438,"Udit Aggarwal1","2026-08-08 19:09:27",390.4,2,uditaggarwal1
7625,16726569,"Andrey Balvaneda","2026-08-17 20:59:45",390.3,2,andreybalvaneda
7626,16689970,"Константин Паращук","2026-08-08 09:15:08",390.3,1,kangchenxi
7627,16892509,"Konko M","2026-09-14 18:52:34",390.2,2,konkomaji
7628,16732355,"Nagesh gite","2026-09-06 07:44:05",390.1,2,"kuberb,nageshgite,vasugupta1121"
7629,16890029,"Siqing Jing","2026-09-15 02:53:04",389.9,2,siqingjing
7630,16717447,zhiyue666,"2026-09-10 09:01:07",389.9,2,zhiyue666
7631,16867865,"ADITYA RAJ","2026-09-13 08:16:10",389.8,2,adityaraj2026yp
7632,16664450,"Fritz Adelbertus","2026-08-10 01:13:44",389.8,1,fritzadelbertus
7633,16697627,abinandhan03,"2026-09-01 10:38:15",389.8,2,abinandhan03
7634,16891519,SongShijieCC305,"2026-09-14 16:03:59",389.7,2,songshijiecc305
7635,16658519,"David kinyanjui","2026-08-31 07:10:00",389.3,2,davidkinyanjui
7636,16692825,"Saad Arain","2026-08-09 12:27:08",389.3,2,saad451
7637,16670257,RonitKhanna333,"2026-08-12 12:22:11",388.9,2,ronitkhanna333
7638,16673310,dffzno1,"2026-08-14 01:44:55",388.9,2,joyzip
7639,16634352,"sovit karki","2026-08-12 17:21:13",388.9,2,sovitkarki
7640,16660294,"Mohamed Amadu Bangura","2026-08-04 16:14:07",388.4,1,mohamedamadubangura
7641,16664617,BarkeviousBingo,"2026-08-19 04:34:59",388.3,2,barkeviousbingo
7642,16759115,chabinhwang,"2026-08-22 14:33:59",388.3,1,chabinhwang
7643,16666590,"Hoàng Anh Tú","2026-08-12 23:59:58",388.2,2,anhtu9999
7644,16662791,"Shiva Neshan yuva","2026-08-15 18:39:16",388.1,2,shivaneshanyuva
7645,16656919,Sumaiya,"2026-09-09 18:09:44",388.1,2,ayeshasummaiyya
7646,16641330,"Takuya Yoshimi","2026-08-04 05:16:22",387.8,2,tkyysm
7647,16790076,Jessewudao,"2026-09-04 16:54:58",387.7,1,"jessewudao,zongruixie"
7648,16764608,messibeatgravity,"2026-08-24 05:34:05",387.7,1,messibeatgravity
7649,16669516,GorgeousCookie,"2026-08-06 09:17:13",387.7,2,axellindqvist
7650,16656932,"Thivvin Raj","2026-08-13 03:53:35",387.7,2,thivvinraj
7651,16730060,"Enzo Pio","2026-08-21 16:44:03",387.7,2,enzopio
7652,16721615,"Dai Dai","2026-09-08 07:59:14",387.6,2,jumpingdaidai
7653,16684225,"Aum Savaliya","2026-08-10 20:10:02",387.4,2,aumsavaliya
7654,16668523,Bumblerrr,"2026-08-06 19:46:02",387.4,2,bumblerrr
7655,16668673,"kyran sinha","2026-08-14 14:21:34",387.3,2,kyransinha
7656,16717522,kyunyoung,"2026-08-14 07:16:00",386.6,2,kyunyoung
7657,16658367,"Prachii Sonii","2026-08-31 17:28:45",386.6,2,prachiisonii
7658,16763938,"joel paul","2026-08-26 02:05:07",386.4,2,joelpaulf
7659,16773370,"Nishant #1","2026-08-26 06:11:42",386.2,1,nishanttomar110
7660,16662267,"Fahim Montasir","2026-08-10 16:15:10",386.1,2,fahimmontasir
7661,16685412,Praveen8775,"2026-08-25 20:24:00",386.1,2,praveen8775
7662,16716488,"Will Henderson290","2026-08-14 13:27:25",386.0,1,willhenderson290
7663,16755029,"Jashan Bajwa","2026-08-22 12:56:30",385.9,2,jashanbajwa
7664,16799743,"Luc Tellier","2026-09-05 08:31:17",385.5,1,luctellier
7665,16668286,"Sabari V","2026-08-15 14:38:41",385.4,2,sabari112005
7666,16845314,ryvhii,"2026-09-16 08:35:14",385.3,2,ryvhii
7667,16704985,"Ethan Marchisano","2026-08-24 21:36:54",385.2,2,ethanmarchisano
7668,16670565,"Grant Biellak","2026-08-05 22:52:01",385.1,2,grantbiellak
7669,16629742,yun,"2026-08-15 09:10:21",384.7,2,yuyumarupython
7670,16675093,"Nikhil Srivastava","2026-08-15 08:47:12",384.6,2,nikhilsrivastavark
7671,16891781,"mohamed saafan","2026-09-14 14:54:04",384.5,2,mohamedsaafan
7672,16733318,"Anuj Bolewar","2026-08-18 11:11:01",384.4,2,anujbolewar
7673,16761784,"Ghaith Kammoun","2026-08-24 21:19:54",384.4,2,ghaithkammoun
7674,16625418,"Hariprasanth Paranjothy","2026-08-01 05:52:19",384.3,2,hariprasanth8
7675,16727480,MSAM,"2026-09-07 13:43:02",384.2,2,arashdeepsinghmaan
7676,16717797,"patan hashmi","2026-08-13 15:02:52",384.2,1,patanhashmi
7677,16685625,"silvan ion","2026-08-08 13:05:39",384.1,2,john1one
7678,16721948,ziszim,"2026-08-26 14:38:30",384.0,2,ziszim
7679,16793944,"Grupo 808","2026-08-30 22:36:59",383.8,1,grupo808
7680,16677761,"Rithuraj Nambiar","2026-08-06 18:11:41",383.6,2,rithurajnambiar
7681,16652230,BorisSpider,"2026-08-13 11:34:46",383.6,2,borisspider
7682,16723273,"Bradley ZODOME","2026-08-19 07:06:18",383.1,2,bradleyzodome
7683,16677804,"Pravin Takpire","2026-08-11 08:17:51",382.9,2,pravintakpire
7684,16666275,HeatS33ker,"2026-08-15 14:37:36",382.6,2,byronokou
7685,16727326,AhmedMousaHassan2510,"2026-08-17 12:56:01",382.6,2,ahmedmousahassan2510
7686,16722122,Abhas20,"2026-08-19 10:02:51",382.6,2,abhas20
7687,16629476,NOOBS,"2026-08-09 19:58:48",382.3,2,"patelkrishna8,sakshamranawade,shravanideshpande25"
7688,16831875,"Hamza Mughrabi","2026-09-06 19:10:53",382.1,2,hamzamughrabi
7689,16770758,"Maor talker","2026-08-26 20:18:59",382.0,2,maortalker20
7690,16688381,"Teresa Fitzgerald","2026-09-13 21:02:07",381.9,2,teresafitzgerald
7691,16668592,"Ashutosh jatav","2026-08-09 13:34:45",381.6,2,ghost1412
7692,16665449,AgroVisionAI,"2026-08-11 19:52:49",381.4,2,"aishwaryvarshney,bhuppisharma,kirtisharmaphd,pragyasingh59,priyasingh0590"
7693,16710417,"Aryant Jadhav","2026-08-15 18:57:18",381.4,2,aryantjadhav
7694,16669176,"Karakam Sridevi","2026-08-11 07:44:48",381.3,2,karakamsridevi
7695,16661331,"John Wessel","2026-09-16 20:01:14",381.1,2,johnwessel
7696,16691753,"Jan Moilanen","2026-08-09 12:02:17",381.1,2,janmoilanen
7697,16640901,"Kian Maghsoodi","2026-08-20 23:01:51",381.0,2,kizmodo
7698,16691027,"Jelle Maas","2026-08-08 14:58:19",381.0,2,jellemaas
7699,16808646,"Yimeng Wang","2026-09-08 06:33:38",380.9,2,yimengwang0814
7700,16779769,"Pravin jeyavel","2026-09-14 05:39:48",380.8,2,pravinjeyavel
7701,16658286,"Jatin Gujarathi","2026-09-03 08:43:39",380.8,2,jatingujarathi
7702,16888334,"Ohene A","2026-09-14 17:36:00",380.6,2,pamo12
7703,16757338,Dewakaran,"2026-08-22 05:34:35",380.6,1,dewakaran
7704,16791546,fatimakhlid,"2026-09-10 21:00:33",380.5,2,fatimakhlid
7705,16828390,Yuhuping,"2026-09-04 11:22:14",380.4,1,yuhuping
7706,16870467,wentingyun,"2026-09-11 10:21:01",380.4,1,wentingyun
7707,16653728,"Iswar Patra","2026-09-01 02:46:09",379.9,2,iswarpatra
7708,16651157,StupidXie,"2026-09-16 00:03:45",379.7,2,stupidxie
7709,16745485,"Thamires dos Santos ","2026-09-16 01:24:54",379.3,2,thasantos
7710,16785676,Bilal11122,"2026-08-29 08:15:46",379.3,1,bilal11122
7711,16696439,VaraPrabha,"2026-08-10 04:36:00",379.2,2,galiveetipoornima
7712,16667959,"Fourth Quadrant","2026-09-11 16:09:51",379.2,2,flynnfei
7713,16668141,"Soichiro Mochizuki","2026-08-07 22:13:36",379.1,2,soichiromochizuki
7714,16654947,"Ömer Hüseynov","2026-08-08 22:06:03",378.9,2,omarhuseynov
7715,16637762,"Greek olive oil","2026-08-09 19:56:48",378.8,2,alexanderchar
7716,16844410,ナポレオン,"2026-09-07 15:46:40",378.8,2,naporeondesu
7717,16771187,FernandoRB,"2026-08-26 15:53:49",378.8,2,fernandorb
7718,16902856,"Laura Vanegas Torres","2026-09-16 02:46:35",378.7,2,lauravanegastorres
7719,16735593,"timur tytrin","2026-08-18 07:37:46",378.6,2,timurtiutrin
7720,16638938,Light&Thunder,"2026-08-09 06:39:19",378.6,2,yerne39
7721,16733007,"Not Found","2026-08-17 16:32:16",378.5,4,"ammarkhan05,zainabirfanansari"
7722,16794153,"harshita harshita","2026-08-31 17:47:11",378.1,2,harshitaharshitaaaa
7723,16771216,"Hugo Ponce","2026-08-25 17:54:30",378.1,2,hugoskn
7724,16687699,jegazhu,"2026-08-13 22:25:15",378.1,2,jegazhu
7725,16660489,"Luca Lullo","2026-08-05 20:21:38",378.1,2,lucalullo
7726,16803129,hdttnk,"2026-09-02 14:13:00",377.9,2,hdttnk
7727,16675324,"Attempt Seven","2026-08-10 10:13:50",377.9,2,attemptseven
7728,16671512,"Darren Grendi","2026-08-10 00:38:51",377.9,1,darrengrendi
7729,16630772,"Mitsuhiro Iizuka","2026-08-04 10:31:00",377.6,2,mitsuhiroiizuka
7730,16881853,Sleepyman,"2026-09-15 09:22:24",377.5,2,alishakeri1
7731,16662577,"Shreyash Suryawanshi","2026-09-02 19:42:31",377.4,2,shreyashsuryawanshi
7732,16758663,"Light In","2026-08-22 19:18:51",377.2,2,lightin45
7733,16633475,betagammashtrit,"2026-08-29 16:24:03",377.2,2,betagammashtrit
7734,16714166,"Naman Malik","2026-09-12 00:06:39",377.2,2,"adenijielijah,anapau11,marydata,namanmalik81714"
7735,16662854,"NISCHAY SANJAY JIWANKAR 23115098","2026-08-13 05:38:18",376.8,2,nischay2908
7736,16665460,"Shubham kumar jha","2026-08-23 07:36:36",376.6,2,shubhamjhakr
7737,16689718,HumsAuraTech,"2026-08-21 17:11:42",376.6,2,humaima03
7738,16684677,"Sean Southwick","2026-08-27 14:45:32",376.4,2,seansouthwick
7739,16628521,arai9953,"2026-08-24 22:46:57",376.2,2,arai9953
7740,16722757,"Sebastian Adamatzky","2026-08-14 19:10:23",376.1,2,sebastianadamatzky
7741,16690029,Nitesh_Prajapati2569,"2026-09-15 07:04:17",376.1,2,niteshprajapati2569
7742,16739447,"Jacob Stambaugh","2026-08-19 17:53:29",375.7,2,jacobstambaugh
7743,16639624,"Nishanth Rajan","2026-08-02 03:25:35",374.8,2,nishanthrajandev
7744,16793391,"Muhammad Ussman","2026-09-15 20:17:40",374.7,2,muhammadussman
7745,16625011,"Heng Yu","2026-08-18 06:30:56",374.5,1,megalobox1
7746,16882081,Aabualella,"2026-09-13 00:58:37",374.4,1,aabualella
7747,16716594,"U Anand Williams","2026-08-13 09:19:09",374.4,1,uanandwilliams
7748,16794088,"Felipe Colombarolli","2026-08-31 00:46:32",374.3,2,felipecolombarolli
7749,16661095,"AAYUSHMAAN PATEL","2026-08-09 08:16:53",374.1,2,aayushmaanpatel
7750,16723096,Shabuuu,"2026-09-16 18:30:35",374.0,2,shabuuu
7751,16622097,"Garrick C.P.","2026-08-10 18:12:06",373.8,2,garrickchinnis
7752,16757236,"Erlanda Miko P","2026-08-23 07:02:01",373.8,2,snneva
7753,16655689,花朝,"2026-08-05 04:10:02",373.7,2,xhxyyds
7754,16794871,IMosia,"2026-09-14 04:49:49",373.6,2,ivanmosiagin
7755,16867305,Prikat,"2026-09-15 19:03:36",373.5,2,prikat
7756,16795163,"Nguyễn Đỉnh","2026-09-14 05:05:43",373.5,2,nguyendinh1507
7757,16681188,"Tresor Mufalme.","2026-08-08 09:29:05",373.2,2,tresormufalme
7758,16628404,theken,"2026-08-09 12:19:19",373.2,2,theken
7759,16794285,Penelope.pnlp,"2026-09-01 15:38:43",373.1,2,penelopepnlp
7760,16638343,"Phong Khoi","2026-08-04 12:20:52",372.9,2,phongkhoi
7761,16679392,Dickie,"2026-08-09 09:05:10",372.8,2,dickieho
7762,16685649,YUYUTA,"2026-08-09 05:39:50",372.7,2,yuyuta
7763,16661002,"Eliyas sk","2026-09-02 12:32:51",372.7,2,eliyassk
7764,16656860,SamReiswig,"2026-09-02 04:04:09",372.5,1,sreiswig
7765,16716322,zhaimh,"2026-08-14 02:43:21",372.4,2,zhaimh
7766,16779805,"Ákos Blaschek","2026-09-01 17:21:44",372.4,2,kosblaschek
7767,16677747,"Yuvraj Bhatt","2026-08-10 08:38:11",372.3,2,bhattyuvraj22
7768,16649794,"Wanzhu Zhao","2026-08-04 13:04:05",372.3,2,wanzhuzhaora
7769,16769491,"Ivan Ternovskiy","2026-09-07 08:44:15",372.1,2,aristophanivan
7770,16658219,"Deepesh Pankaj","2026-08-15 05:58:07",372.1,2,deepeshpankaj
7771,16655737,Dharshini,"2026-08-08 15:00:05",371.7,2,dharshini1812
7772,16696800,"VEER GOMA","2026-08-14 15:42:47",371.3,2,novaxoxo
7773,16654213,"Hojin Jang","2026-08-20 09:59:20",371.3,2,hojinjang
7774,16665400,FieldOps,"2026-08-10 16:16:03",371.3,2,sycpr1me
7775,16662197,"Zehra Basaral","2026-08-07 10:42:57",371.2,2,zehrabaaral
7776,16655652,Emergence,"2026-08-10 03:21:04",371.2,2,daylighth
7777,16690947,"Veiled Star","2026-08-10 13:36:49",371.0,2,veiledstar
7778,16770270,"salthiel nishimwe","2026-08-25 10:45:23",371.0,2,salthielnishimwe
7779,16668696,Fabian,"2026-09-03 15:52:06",370.9,1,fabiantoh98
7780,16709754,"Simon Preuss","2026-08-12 16:39:55",370.8,2,simonpreuss01
7781,16718662,Safin,"2026-08-22 17:50:27",370.4,2,safinlynx
7782,16876354,A_Mose,"2026-09-12 08:57:15",370.4,2,mmameh
7783,16721529,"Danny De Bree","2026-08-20 09:46:36",370.1,1,dannydebree
7784,16682869,"Sepideh Rahmati","2026-09-14 09:43:57",370.1,2,sepidehrahmati
7785,16680015,"Khôi Trương","2026-08-10 01:11:55",370.0,1,kiykhoi
7786,16654758,f--n,"2026-09-06 13:37:43",369.8,1,a17442473
7787,16656946,"Sambit Padhan","2026-08-05 10:10:10",369.8,2,sambitpadhan
7788,16841549,"Ayush Kumar #4","2026-09-06 03:30:02",369.5,2,akyushumar
7789,16848598,"Work 3","2026-09-12 09:26:57",369.5,2,nanisriram
7790,16657883,jps,"2026-08-06 08:36:04",369.4,2,jahaziel
7791,16745497,"Handsome Heretic","2026-08-21 19:14:30",369.4,2,handsomeheretic
7792,16674725,"rajan jha","2026-08-13 12:05:42",369.2,2,rajan1673
7793,16667105,"Vikram Tiwari","2026-08-10 11:12:26",369.2,2,vikramtiwari
7794,16668431,"Harshpreet Singh #2","2026-08-06 01:06:28",369.2,1,harshpreetsingh45
7795,16658817,"Andrew Glez","2026-08-04 12:10:17",369.1,1,andgos
7796,16668159,ABDELGHANY,"2026-08-12 11:04:36",369.1,2,abdelghanyrageh
7797,16709519,"p pxl16","2026-08-19 09:49:35",368.9,2,ppxl16
7798,16677470,"Saish Walavalkar02","2026-08-09 12:44:51",368.8,2,"harichaudhari1,kaiserjayin,meetramjiyani,nirbhaygajabi30,saishwalavalkar02"
7799,16728261,"Smit Deshaval","2026-08-24 17:44:12",368.7,2,smitdeshaval11
7800,16716497,xpxg,"2026-08-16 17:04:22",368.6,2,deepxchat
7801,16641140,NITISH_GOYAL1,"2026-08-27 06:42:29",368.3,2,nitishgoyal1
7802,16656190,"Akshaj Shandilya","2026-08-06 03:14:36",368.3,2,akshajshandilya
7803,16683400,"wo zhe yi sheng ru lu bo bing","2026-08-10 16:53:48",368.2,2,"ivanlo103,panckck,waijai"
7804,16653001,"Alexey Kuleshov","2026-08-04 12:07:51",368.1,2,alexkulll
7805,16661476,slowpoke,"2026-08-29 16:33:07",367.8,2,banboyechristains
7806,16693147,"Oliver Curtis1","2026-08-09 14:51:57",367.7,2,olivercurtis1
7807,16731108,"Vipparla Nandini","2026-08-17 06:29:48",367.6,1,vipparlanandini
7808,16673167,Karam96,"2026-08-08 11:40:36",367.3,2,karam96
7809,16630007,"Yuankun Liu","2026-07-31 15:48:13",367.3,2,lyk1652
7810,16634720,Thiyo,"2026-08-18 11:51:04",367.2,2,thimirajayasekara
7811,16747403,"Kanchan Chavan","2026-09-12 17:46:56",366.9,2,momovedant
7812,16653105,James,"2026-08-17 16:52:18",366.6,2,jamesquirk
7813,16657142,"Vishisht Gupta","2026-08-16 16:16:54",366.5,2,vishishtgupta
7814,16735393,Dai_Research,"2026-08-18 10:40:17",366.4,2,dairesearch
7815,16628409,"yann sadowski","2026-07-31 09:39:25",366.3,1,yannsadowski
7816,16723047,"Matheus Finger","2026-09-11 19:15:11",366.2,2,matheusfinger
7817,16726381,"Adriana Redondo","2026-08-15 19:39:41",366.0,1,adrianaredondo
7818,16634219,"Michael J Hammel","2026-08-01 11:37:10",365.8,2,michaeljhammel
7819,16700360,"Thanush Soma","2026-08-10 09:49:02",365.7,2,thanushsoma
7820,16690098,"Akshay Kashyap","2026-08-10 17:10:28",365.6,2,akshaykashyapakku
7821,16895317,MrUserm,"2026-09-16 06:35:19",365.3,2,mruserm
7822,16696419,detectivseb,"2026-08-12 10:34:45",365.2,2,detectivseb
7823,16681397,"Vishal Dubey","2026-08-11 08:51:13",365.0,2,visha1dubey
7824,16796468,suin7328,"2026-09-05 02:05:08",365.0,2,suin7328
7825,16655555,Bharath2411,"2026-09-03 07:14:26",364.8,2,bharath2411
7826,16702742,"Kavyanshu Singh","2026-08-11 10:47:02",364.7,2,kavyanshusingh
7827,16656135,"JAYASURYA R","2026-08-05 15:43:01",364.6,2,suryar261
7828,16624102,Khadersha.sk,"2026-08-03 02:45:03",364.5,2,khadershask
7829,16689017,"Mounica Challa","2026-09-15 17:38:05",364.5,2,mounicachalla
7830,16763400,"Parth Sarnobat","2026-09-15 17:09:38",364.4,2,parthsarnobat
7831,16652422,Kite,"2026-08-17 16:26:55",364.3,1,kiteyinlong
7832,16688364,"Om Raval08","2026-08-21 02:57:23",364.1,2,omraval08
7833,16655257,"Afia Animah Fosu","2026-08-04 18:21:50",364.0,2,afiaanimahfosu
7834,16670724,"Neel Patel","2026-08-14 19:33:43",363.9,2,n33lpat3l
7835,16682108,"Shadow Monarch","2026-08-17 06:45:10",363.7,2,avinashk01
7836,16666997,"Krishnamurthy Venkatasubramanian","2026-08-05 15:09:46",363.5,2,krishnamurthyvenkat
7837,16660568,Fascetta,"2026-08-07 20:48:53",363.0,2,fascetta
7838,16721675,stork8i,"2026-08-14 13:16:26",363.0,1,stork8i
7839,16643278,"Giovani Moresco","2026-08-06 05:30:45",362.9,2,giovanimoresco
7840,16780268,"SAI ESHWAR S","2026-08-29 06:26:11",362.9,1,saieshwars
7841,16890155,GSD,"2026-09-14 12:56:05",362.9,2,gsdeepakkumar
7842,16668340,"Sibi Vishnu","2026-08-08 10:35:33",362.8,2,sibivi
7843,16741512,Offenders,"2026-08-30 15:08:39",362.8,2,"karthicchockalingams,shakil2411,shehnaaz01"
7844,16817520,shreyansh0103,"2026-09-15 09:18:38",362.6,2,shreyansh0103
7845,16668091,Solidscripts.io,"2026-08-23 23:41:23",362.5,2,juancamera1
7846,16622809,"German Vdovin","2026-08-03 00:38:01",362.5,2,ertrerhtytmnbdsefdw
7847,16831106,asd1984,"2026-09-05 17:40:01",362.5,2,asd1984
7848,16646644,BeyondBirthday,"2026-08-09 06:39:01",362.4,2,near07
7849,16783322,kentaro,"2026-08-29 03:55:45",362.4,2,kentarokujo
7850,16719869,"Swamy Gadila","2026-09-15 04:28:29",362.2,1,testfridaycore2
7851,16735966,kyone,"2026-08-18 08:09:32",362.2,1,xtraky
7852,16773858,"Kundan Kumar","2026-09-12 08:08:12",362.2,2,edkundan
7853,16659394,"יוסף בש","2026-08-09 15:11:23",362.1,2,josiii123212
7854,16692710,"Baran Haydar","2026-08-12 06:56:50",362.0,2,baranhaydar
7855,16845736,Gio,"2026-09-13 14:55:18",361.9,1,giovanizanfra
7856,16741982,barry_Paddi,"2026-08-27 07:10:52",361.6,2,barrypaddi
7857,16831170,"None #2","2026-09-05 04:16:51",361.5,2,mdmorshalinemojumder
7858,16659688,Daniel,"2026-08-05 12:21:37",361.4,2,danielyazgi
7859,16654330,"Perumalla Pujitha","2026-08-12 18:09:24",361.4,2,perumallapoojitha
7860,16898498,"Prakash Bandi","2026-09-16 23:32:10",361.3,2,prakashbandi
7861,16658011,"Arooba Hanif","2026-08-05 07:24:53",361.3,2,aroobahanif
7862,16894517,kuchinwei,"2026-09-15 08:27:30",361.3,2,kuchinwei
7863,16655250,"Juan Pablo Ponce","2026-08-08 03:34:18",361.3,2,juanpabloponce28
7864,16641606,"Tanisha Sahu","2026-08-02 14:39:27",360.9,2,tanisha3
7865,16639067,"ToMY F.","2026-08-11 11:34:31",360.9,1,tomyfdev
7866,16664671,Acteus,"2026-08-06 00:01:12",360.8,2,acteus
7867,16906238,Naaz,"2026-09-16 19:05:48",360.8,2,naaz03
7868,16894000,"Vivek Silimkhan","2026-09-15 11:11:29",360.7,2,viveksilimkhan
7869,16695592,"André Luiz Pedroso","2026-08-09 11:59:19",360.4,1,andreluizpedroso
7870,16728881,Ch.Manvita,"2026-08-16 16:33:52",360.4,2,chmanvita
7871,16654808,Vishwajeet-maker,"2026-08-17 21:17:02",360.3,1,vishwajeetmaker
7872,16705401,"Nguyen Hong","2026-09-16 04:46:44",360.0,2,nguyenhongbubu
7873,16762021,Dhananjai1729,"2026-09-14 06:13:33",359.9,2,dhananjai1729
7874,16898258,"Eugene Blackman","2026-09-16 10:18:01",359.8,2,eugeneblackman
7875,16659260,hitesh,"2026-08-05 19:29:28",359.8,2,shahhs
7876,16710564,"Clarice Harijanto","2026-08-14 04:28:13",359.7,2,clariceting
7877,16801437,"Koh Saito","2026-09-05 06:01:20",359.6,1,kohsaito
7878,16666218,"sugan Chandrasekar","2026-08-16 11:02:09",359.2,2,suganchandrasekar
7879,16697694,"Adithya Thiruvalluvan","2026-08-29 17:28:42",359.2,1,forestfire7
7880,16656732,"Shivam Kashyap","2026-08-04 05:28:03",359.1,1,shiyan0090
7881,16690077,"GOMATHI PRIYA","2026-08-13 06:38:45",358.8,2,gomathipriyaraj22
7882,16657056,"Jacob Ross Piedad","2026-08-06 12:15:14",358.7,1,jacobrosspiedad
7883,16682342,"Jebez Oswald","2026-08-10 05:38:15",358.6,2,jebezoswald
7884,16668271,"Shashank Raj","2026-08-06 14:27:00",358.5,2,ssr6156
7885,16714418,AdriMonFer,"2026-09-01 12:15:21",358.5,2,adrimonfer
7886,16659533,"Pavan Desai","2026-08-10 16:29:20",358.3,2,pavancdesai
7887,16716713,"T Vamsi Krishna","2026-08-13 09:37:43",358.1,1,vamsee3763
7888,16905792,"Omar Tarek Fahmy","2026-09-16 10:59:04",358.0,1,omartarekfahmy
7889,16871894,sx2154,"2026-09-15 03:31:27",357.8,2,sx2154
7890,16673825,h_jun,"2026-08-10 06:21:12",357.8,1,lhjoon77
7891,16879578,"kabir Merakeb","2026-09-15 01:01:53",357.6,2,kmerakeb
7892,16711383,"Monika Kocianova","2026-08-14 11:01:11",357.3,2,monikakocianova
7893,16740197,Winssk,"2026-08-27 01:55:06",357.2,2,winssk
7894,16866482,"Sunday Ibidapo","2026-09-10 21:46:49",357.0,1,sundayibidapo
7895,16862308,"Furkan CAT","2026-09-10 15:07:24",356.8,2,furkancat
7896,16694575,"Aloise Mutune","2026-09-15 07:09:07",356.6,2,aloisemutune
7897,16692427,"Infy ","2026-08-09 20:48:09",356.6,2,infydes
7898,16758426,"Attique Ansari","2026-08-22 11:50:42",356.5,2,attiqueansari
7899,16666353,"Pal Savani","2026-09-14 19:01:01",356.4,2,palsavani
7900,16659234,"MARY RAISA P","2026-08-27 07:06:43",356.2,2,"harinimala21,maryraisap,saha0102"
7901,16657687,"Siddardha Shayini","2026-09-15 12:52:57",356.2,2,siddardhashayini3
7902,16663738,"Handre Bezuidenhout","2026-08-04 23:27:08",355.8,2,handrebezuidenhout
7903,16715416,"Md. Adnan","2026-09-16 14:30:30",355.8,2,mdadnan96
7904,16883375,"Sam Robin Singh E","2026-09-14 22:42:51",355.8,2,samrobinsinghe
7905,16659523,"Ahmad Khidir","2026-08-27 22:33:31",355.6,1,ahmadkhidir
7906,16665980,cshara,"2026-08-06 08:41:16",355.5,2,cshara
7907,16674394,"Ishant Mittal","2026-08-08 09:24:57",355.4,2,ishantmittal95
7908,16661891,BALLEN1337,"2026-08-04 19:22:30",355.3,2,ballen1337
7909,16666115,"Iam Intolerable","2026-08-06 07:48:28",355.3,2,iamintolerable
7910,16669725,chosunghwan,"2026-08-06 03:52:24",355.2,1,chosunghwan
7911,16777515,Abhimanyu21,"2026-08-27 13:33:38",355.0,2,abhimanyu21
7912,16670988,"Pavle Skoric","2026-08-21 21:34:32",354.7,1,pavleskoric
7913,16624029,"Miguel Angel Rodriguez Fonseca","2026-08-07 03:55:38",354.7,2,miguelangelrodriguez
7914,16668471,Broomva,"2026-08-05 14:57:35",354.6,1,broomva
7915,16624990,"Tanjim Ahmed Kingshu","2026-08-02 07:05:52",354.6,2,tanjimahmedkingshu
7916,16732936,"Kateryna Dudko","2026-08-25 12:15:40",354.4,2,dudkiina
7917,16661191,"Yudha Eka Saputra","2026-08-04 19:28:31",354.4,2,yudhaekasaputra
7918,16785821,"Naresh Meena","2026-08-28 21:24:31",354.3,1,nareshmeena12
7919,16715988,"Hsyn Kskn","2026-09-03 12:08:15",354.1,2,hsynkskn
7920,16661351,"Adekojo Adeyemi","2026-08-04 15:25:52",353.8,1,adekojoadeyemi
7921,16855459,"Shune Lae lae Khaing","2026-09-11 17:55:19",353.4,2,shunfloryn
7922,16660246,taqnik,"2026-08-08 11:54:39",353.4,2,taqnik
7923,16738563,"Amrutha H","2026-09-16 13:19:31",353.1,2,amr13utha
7924,16735080,"SARTHAK PATIL","2026-09-02 19:23:03",353.0,2,sarthakpatil23
7925,16859646,Andy2009,"2026-09-09 12:12:02",353.0,2,andy2009
7926,16690775,"Prasanna Raut","2026-08-08 20:41:38",352.9,2,prasannaraut
7927,16666577,"Jatin khandelwal112","2026-08-05 11:26:41",352.3,2,jatinkhandelwal112
7928,16665996,AVATAR3905,"2026-08-06 18:14:01",352.3,2,avatar3905
7929,16778526,starkhushi,"2026-08-27 07:01:28",352.3,2,starkhushi
7930,16668012,"Aleksander Iżemski","2026-08-05 20:52:54",352.2,2,aizemski
7931,16654788,bumbum,"2026-08-14 12:59:51",352.2,2,krzysztoff1
7932,16632620,"[Deleted] d9d74cbb-c76e-4fbb-a4bf-35e25b48627d","2026-08-08 16:00:16",352.2,2,del=c21e6a8a03ad3b3c
7933,16659410,TTH,"2026-08-07 08:21:16",352.1,2,tthungdz
7934,16662967,"Amalio Gomez","2026-08-04 22:07:16",351.9,1,amaliogomez
7935,16686716,"menna hassanM","2026-08-28 21:49:51",351.8,2,mennahassanm
7936,16701060,"Paula Jimenez","2026-08-22 16:18:37",351.4,2,paulajimenez
7937,16752067,neuroxaker,"2026-08-22 14:50:32",351.2,2,neuroxaker
7938,16683087,qiuchenglong,"2026-08-07 09:25:48",350.9,2,qiuchenglong
7939,16706276,MitulbhBhatia,"2026-08-18 04:02:38",350.9,2,mitulbhbhatia
7940,16676974,"Deveshwar U","2026-08-31 01:10:42",350.9,2,deveshwaru
7941,16676416,"Abhishek Mishra","2026-08-10 10:09:30",350.8,2,abhishekmishra23
7942,16730191,rRTZZZ,"2026-08-17 02:43:14",350.8,2,rrtzzz
7943,16724976,Soham,"2026-08-18 11:28:07",350.7,2,soham308
7944,16711573,"Sushmitha Vasantha","2026-08-13 09:08:29",350.7,1,sushmithavasantha
7945,16662428,"Sonu kumar","2026-08-24 05:18:49",350.6,2,sonukumar9142
7946,16735751,"Hasan Taşkın","2026-08-24 19:36:02",350.6,2,hasantaskin
7947,16635130,Pongsaky,"2026-08-01 12:56:02",350.3,2,gantanch
7948,16659312,qwertyDmitry,"2026-08-05 13:44:24",350.2,2,qwertydmitry
7949,16732873,"Yash Rana","2026-08-18 04:57:04",350.2,2,yashrana24
7950,16810051,Reddi_twelve,"2026-09-03 23:26:30",350.2,1,redditwelve
7951,16739702,"Vasantha Kumar552","2026-08-19 07:22:10",350.2,2,vasanthakumar552
7952,16763255,"I P Tharun Gowda","2026-09-16 17:24:11",349.9,2,iptharungowda
7953,16641294,YogeshG22,"2026-08-03 17:58:51",349.8,2,yogeshg22
7954,16768551,"AAYUSHMAAN SINHA","2026-08-25 02:43:00",349.6,2,aayushmaansinha
7955,16795677,"Carol bright","2026-08-31 09:30:28",349.4,2,carolbright
7956,16666056,"sarthak gupta1303","2026-08-05 11:01:04",349.3,2,"sarthakgupta1303,sathviktummalapenta"
7957,16749568,"Nana Hung","2026-08-23 02:17:34",349.2,2,nanahung
7958,16716649,"Meghana Busse","2026-08-13 09:33:08",349.0,1,meghanabusse
7959,16660397,Divyansh82Raj,"2026-08-04 15:01:28",348.9,2,divyansh82raj
7960,16794431,"Yash Apps","2026-09-08 04:12:52",348.4,2,yashwanthgajji
7961,16715576,bhavnachavda21,"2026-09-15 11:36:11",348.2,2,bhavnachavda21
7962,16769110,tianlululing,"2026-08-26 13:09:45",348.2,2,tianlululing
7963,16767037,"Yubraj Sigdel","2026-08-24 15:45:56",348.2,1,yubraj11
7964,16786280,Shambhavi21,"2026-09-06 17:20:56",348.2,2,shambhavi21
7965,16713366,BANKAI,"2026-08-16 15:24:28",348.0,2,igors97
7966,16658319,"Huỳnh Nguyễn Trọng Tín","2026-08-06 06:23:40",347.7,2,tnhunhnguyntrng
7967,16802128,"vaman soni","2026-09-02 10:08:49",347.3,1,vamansoni
7968,16870360,"Tedi Septiana","2026-09-14 06:57:54",347.1,2,tediseptiana
7969,16692906,CodeZee,"2026-08-09 19:50:49",347.0,2,codewithzaeem
7970,16655919,"Tạ Minh Lễ","2026-08-04 06:46:45",346.9,2,tminhl
7971,16691667,jeremyllll,"2026-08-12 03:30:26",346.9,2,jeremyllll
7972,16798974,huangbin,"2026-09-16 21:17:04",346.1,2,huangbin1
7973,16656472,angusdddsa,"2026-08-04 06:04:22",346.0,2,angusdddsa
7974,16711497,"Korvi sai kumar","2026-08-13 08:02:21",345.9,1,korvisaikumar
7975,16623678,Mahog,"2026-09-15 07:37:31",345.8,2,mahoganybuttstrings
7976,16729572,"Aswin Ramanathan","2026-08-17 16:17:38",345.6,1,aswinramanathan
7977,16709165,"Yooraj Gole","2026-08-13 18:10:17",345.6,1,yoorajgole
7978,16661390,"Raúl García Gómez","2026-08-04 17:04:39",345.6,2,corso138
7979,16759407,"Giovanni Colpani","2026-08-22 17:02:37",345.6,2,giovannicolpani
7980,16660980,"João Marcelo Curi","2026-08-05 18:31:19",345.3,2,joomarcelocuri
7981,16792188,anisotropies,"2026-09-12 05:25:04",345.2,2,achan31
7982,16851029,john01234,"2026-09-08 04:57:12",345.0,2,john01234
7983,16743604,KeswaniRohit,"2026-08-22 17:19:18",345.0,2,keswanirohit
7984,16734894,"MP Gamimg","2026-08-26 14:47:08",344.6,2,okadahiroshi
7985,16845081,"Sera Ria Gomes","2026-09-10 12:28:43",344.5,2,serariagomes
7986,16677732,"Alessandro Mermali","2026-08-06 20:52:35",344.5,2,alessandromermali
7987,16674977,BarbateP,"2026-09-16 11:07:31",344.5,2,barbatep
7988,16672020,"Arum Puri ","2026-08-18 14:03:33",344.4,2,arumpuri
7989,16683075,"Manuel lasarte León","2026-09-04 10:27:02",344.4,2,manuellasarte
7990,16877927,"EFE ULKER","2026-09-12 00:13:05",344.1,2,efeulker
7991,16682632,Sebastiaan,"2026-08-27 18:24:40",344.0,2,sebastiaanreinders
7992,16774954,Ye_xz233,"2026-08-26 15:35:23",343.9,2,yexz233
7993,16691936,"Adhar Chaudhari 07","2026-08-09 08:13:35",343.6,2,adharchaudhari07
7994,16671519,"Mandhati Sai ganesh","2026-08-06 06:36:45",343.4,2,mandhatisaiganesh
7995,16896549,"Nived P A","2026-09-15 16:39:35",343.4,2,nivedpa
7996,16728571,hasibirok0,"2026-09-06 01:16:24",343.4,2,hasibirok0
7997,16731458,"Arthur Baygildin","2026-08-17 10:06:55",342.8,1,arthurbaygildin
7998,16811407,"Souta Wakatsuki","2026-09-15 19:51:30",342.8,2,souwaka
7999,16694264,"Vansh Visariya","2026-08-10 09:00:11",342.6,2,vanshvisariya
8000,16762854,J8young,"2026-08-26 13:52:54",342.4,1,j8young
8001,16690183,ankit8924praj,"2026-08-14 15:43:56",342.3,2,ankit8924praj
8002,16867163,"Harikesh Shukla","2026-09-14 05:04:51",342.2,2,harikeshshukla
8003,16655729,"Arnab Mallick","2026-08-04 02:41:48",342.0,2,arnabmallick24
8004,16894573,VISHWAPRIYAI,"2026-09-15 12:55:19",342.0,2,vishwapriyai
8005,16658733,luoqiuy,"2026-08-04 10:46:04",342.0,2,luo912
8006,16723046,"Pedro Joás","2026-09-11 14:59:09",341.9,2,pedrojos
8007,16654407,"Serendeep Rudraraju","2026-09-04 03:17:43",341.9,2,serendeeprudraraju
8008,16701902,"Matthew Souza Chong","2026-08-11 05:58:50",341.8,2,matthewsouzachong
8009,16770232,MinhTran2346,"2026-09-07 14:12:04",341.3,2,minhtran2346
8010,16655811,"Duy Trần","2026-08-04 08:23:27",341.3,1,duyqtrn
8011,16777607,"je nap","2026-08-30 01:56:28",341.3,2,johnenapoles
8012,16885604,"Shashank Kalled","2026-09-16 10:53:52",341.3,2,"shashankkalled,tridiv14"
8013,16658452,Hillclimber,"2026-09-13 01:50:22",341.3,2,driessmit1
8014,16658320,"Justin Eight","2026-08-27 07:29:52",341.2,2,justineight
8015,16623405,nbarlow,"2026-08-12 20:01:08",341.1,2,nickbarlow
8016,16660992,"Vishnu Vardhan Dumpala","2026-08-05 18:17:30",341.1,1,vishnuvardhandumpala
8017,16654688,"Terrell Millz","2026-08-10 16:08:33",341.1,2,terrellmillz
8018,16656480,"Dip Biswas","2026-08-07 04:35:56",341.0,2,dipjacobiswas
8019,16844246,"CS Abhinay","2026-09-16 05:42:02",340.9,2,csabhinay
8020,16730679,"Hoàng Trọng Hiếu","2026-09-13 08:32:32",340.9,2,hongtrnghiu
8021,16635243,MlMlDev34,"2026-08-01 11:26:52",340.8,2,mlmldev34
8022,16727044,"Kai Leisten","2026-08-16 10:19:42",340.7,2,kaileisten
8023,16665252,"Harsh Katara","2026-08-05 06:51:14",340.6,1,harshkatara
8024,16670812,"Brian Toman","2026-08-09 15:56:22",340.6,2,briantoman
8025,16904289,"farmer zefeng","2026-09-16 15:33:37",340.6,2,zefengai
8026,16865101,"Hanlinh ","2026-09-11 03:58:09",340.6,2,hanlinh227
8027,16762424,AuroraXXiiaa,"2026-09-10 15:57:10",340.4,2,auroraxxiiaa
8028,16660436,turkenm,"2026-08-06 13:03:36",340.4,2,turkenm
8029,16732296,"duong nguyen","2026-08-20 14:51:38",340.0,1,duongnguyen161
8030,16662874,"Dev Shah","2026-08-08 01:52:52",339.9,2,imdevshah11
8031,16789486,TanjiahaoXX,"2026-08-29 07:47:37",339.8,1,tanjiahaoxx
8032,16660099,Desireog71,"2026-08-08 15:01:19",339.7,2,desireog71
8033,16807668,kilariHemalatha,"2026-09-05 04:33:19",339.3,1,kilarihemalatha
8034,16683136,"Stefano Ciaci","2026-08-16 14:47:29",339.0,2,stefanovcciaci
8035,16665360,"Ayush Bhadauria","2026-08-19 11:11:51",338.7,2,ayushbhadauria50
8036,16683178,soulasin,"2026-08-07 14:32:26",338.7,2,soulasin
8037,16715791,CustardApple47,"2026-09-06 11:34:26",338.5,2,custardapple47
8038,16660369,"Dev MCP","2026-08-04 12:59:09",338.4,1,nishant2905
8039,16666171,"JD Crew","2026-08-06 12:52:58",337.7,2,"abhijnanpodder,ahsafabid"
8040,16624235,appu2431,"2026-08-11 15:56:41",337.5,2,appu2431
8041,16636643,"Babul Kumar","2026-08-02 07:46:50",337.2,2,babulkumar07
8042,16659415,PincheCabrón,"2026-08-17 17:34:01",337.2,2,pinchecabrn
8043,16783863,"Vivek Vardhan Reddy","2026-08-31 06:14:34",337.1,2,vivekvardhanreddy77
8044,16682454," Vandanaa R","2026-09-02 09:48:24",337.0,2,vandanaar
8045,16710906,Krunal.ix,"2026-08-12 07:06:58",336.9,1,krunalix
8046,16623739,SarsaShen,"2026-08-05 07:12:00",336.6,2,sarsashen
8047,16658897,"Teja Pattem","2026-08-07 10:42:44",336.6,2,tejapattem
8048,16765805,"sayyad karimun","2026-08-25 10:14:26",336.5,1,sayyadkarimun
8049,16688859,"Muhammad Fayaz Khan","2026-08-08 06:36:02",336.2,2,mfayazkhan
8050,16658116,Emmy,"2026-09-15 13:07:46",336.1,2,emmyone
8051,16652805,"Rodrigo Batista da Silva","2026-08-13 13:35:19",336.0,2,eurodrigobatista
8052,16689841,Pavani2325,"2026-08-08 10:00:56",335.9,2,pavani2325
8053,16850246,"Makarand Gokhale","2026-09-14 12:20:03",335.8,2,makarandgokhale
8054,16698739,"Sahrul Adicandra","2026-08-11 04:06:08",335.6,2,sahruladicandra
8055,16657658,"Esther Usman","2026-08-25 23:45:50",335.0,2,estherusman
8056,16665907,"Jonathan Saina","2026-09-15 23:12:31",334.8,2,jonathansaina
8057,16662856,"Pranjal Arya","2026-09-11 09:30:08",334.6,2,pranjalaryaa
8058,16690166,"Niteshwar Mishra","2026-08-08 10:02:22",334.2,2,niteshwarmishra
8059,16754141,SicilyTing,"2026-09-08 14:53:25",334.1,2,sicilyting
8060,16769212,"jason vetter","2026-08-25 05:48:22",334.1,1,jasonvetter
8061,16686332,毛治钦,"2026-09-01 05:05:37",333.9,2,maozhiqinf
8062,16661551,SimonAx,"2026-08-10 09:41:59",333.6,2,simonaxel
8063,16740191,"Arjun Dhillon","2026-08-19 15:15:57",333.4,2,arjundhillon07
8064,16868034,"Vivek Teja","2026-09-14 19:25:09",333.3,1,vivektejaraju
8065,16662659,"Chiziterem Eze","2026-08-11 12:20:48",333.3,2,chiziteremeze
8066,16843393,"Rizki Syawaldi","2026-09-06 15:42:28",332.8,1,rizkisyawaldi
8067,16694673,"B T Chinmayi","2026-08-27 19:47:10",332.5,2,btchinmayi
8068,16784712,SIDDpat,"2026-08-30 08:13:50",332.5,2,siddpat
8069,16896794,Cidoai,"2026-09-16 17:32:34",332.4,2,cidoai
8070,16633737,nrg,"2026-08-04 20:19:50",332.0,1,nargizaskarbekkyzy
8071,16660658,Shlok_Sharma0001,"2026-08-19 09:31:48",331.9,2,shloksharma0001
8072,16672138,mostafa69ca,"2026-08-06 05:03:43",331.4,1,mostafa69ca
8073,16670600,"Leon Lum","2026-08-20 14:58:27",330.4,2,leonlum
8074,16866140,Mantis,"2026-09-11 04:49:40",330.4,2,orchidmantis
8075,16673152,"Arijit Raj","2026-08-06 08:23:14",330.4,2,arijitraj02
8076,16686700,"Hakkı selim Ak","2026-08-07 17:06:03",330.2,1,hakkselimak
8077,16660996,"Thịnh Nguyễn Chí Tiến","2026-08-08 01:49:40",329.8,2,thnhnguynchtin
8078,16838913,LunaT2,"2026-09-05 09:10:21",329.7,1,lunat2
8079,16666033,"Shota Takano","2026-09-12 23:15:51",329.6,2,shotatakano
8080,16677312,"Kavuri Sravya","2026-08-19 02:33:01",329.4,2,kavurisravya
8081,16712257,Banarto,"2026-08-13 07:49:16",329.3,1,banarto
8082,16655446,"Ismael Omar Leonidas Hurtado Vargas","2026-08-04 00:07:01",329.3,1,ihurtadov
8083,16719709,Rishiii360,"2026-08-18 03:46:23",329.3,2,rishiii360
8084,16700876,"Oyegoke Emmanuel","2026-09-04 11:32:28",329.1,2,oyegokeemmanuel
8085,16628296,NoxMetenis,"2026-08-15 17:54:03",329.0,1,avasgaire
8086,16896207,"Bùi Cao Trí","2026-09-15 16:17:43",329.0,1,bicaotr
8087,16729246,"Ayodeji Akinola","2026-08-29 19:45:30",329.0,2,ayodejiakinola
8088,16678653,Wzjj98,"2026-08-06 19:31:39",328.5,1,wzjj98
8089,16682345,Gordy,"2026-08-31 07:39:13",328.4,2,gordyii
8090,16716476,lnssan,"2026-08-20 13:05:18",328.0,2,lukanilssandmayr
8091,16698591,FestusKipkoech,"2026-08-28 18:58:28",327.8,2,festuskipkoech
8092,16721533,"Lakshya Sharma","2026-08-16 06:01:34",327.6,2,lakshyasharma007
8093,16672168,"Justin Rutkowski","2026-09-13 08:13:41",327.4,2,justinrutkowski
8094,16657729,"Kandregula V S S V P Krishna Murthy","2026-08-08 15:29:35",327.4,2,kkandregula
8095,16881765,"aakriti & tanya","2026-09-16 18:16:38",327.4,2,"aakritiinchaos,tanyac1"
8096,16838645,"Deepak #2","2026-09-06 10:20:54",327.3,2,deepakup85
8097,16725769,NikunjMakhija_,"2026-08-19 13:01:57",327.2,2,nikunjmak
8098,16858795,"Радик Владимирович Хорошев","2026-09-10 07:59:02",327.1,2,rodionkh
8099,16662495,Earth,"2026-08-15 10:54:03",327.1,2,earthearth
8100,16675218,데미안과마루,"2026-08-18 14:16:13",327.1,2,siver3
8101,16664469,"Thorlapati Nikhil","2026-08-11 19:11:09",327.1,2,thorlapatinikhil
8102,16702052,"Beny Pratama Putra","2026-08-12 16:18:20",327.0,2,benypratamaputra
8103,16700187,"adrian purnama","2026-08-10 10:50:45",326.8,1,adrianpurnama
8104,16654348,rkeshwani,"2026-08-07 16:17:49",326.5,2,rkeshwani
8105,16713319,"David Tilman","2026-08-12 18:56:13",326.5,2,davidtilman
8106,16658450,"Krish Singh","2026-08-05 16:11:00",326.5,2,krishsingh2283
8107,16823229,aper,"2026-09-05 08:42:58",326.3,2,todaya
8108,16691813,Hyezir4,"2026-08-10 08:36:47",326.0,2,hyezir4
8109,16681638,aadi_065_,"2026-09-14 05:38:37",325.8,2,aadi065
8110,16675048,Wizard_King,"2026-08-06 19:35:41",325.5,2,anshumanrayy
8111,16670881,"Amir Y. Sajjadi","2026-08-05 23:56:26",325.5,1,amirysajjadi
8112,16661068,ZeViX,"2026-09-08 06:29:42",325.5,2,"codinggeek101,vedantkhete"
8113,16681177,"Ivan Kevin Garcia Hernandez","2026-08-17 19:25:34",325.4,2,jedilgh
8114,16665661,Ikhbar,"2026-08-05 09:50:57",325.3,2,ikhbar
8115,16653903,Manav2805,"2026-08-04 09:25:08",324.8,2,manav2805
8116,16757557,BitxWolf,"2026-08-22 19:06:48",324.7,2,bitxwolf
8117,16668453,"Kawish Hassan","2026-08-05 16:51:03",324.6,2,kawishhassan
8118,16764868,y129besan,"2026-09-05 23:47:35",324.3,2,y129besan
8119,16751311,JoangHZ,"2026-08-21 09:18:57",324.1,2,joanghz
8120,16630545,"GAURAV PARKHEDKAR","2026-08-01 07:00:23",323.8,2,gauravparkhedkar
8121,16655621,xia0910,"2026-08-08 11:03:21",323.6,2,xia0910
8122,16658391,"Jack #2","2026-09-15 16:46:57",323.6,2,jack1233
8123,16794729,Copperford,"2026-09-08 00:41:27",322.9,2,copperford
8124,16690055,"Prem Kumar","2026-09-02 05:56:28",322.9,2,premkumar099
8125,16655875,PLLZ,"2026-08-17 01:11:41",322.7,2,pllzzz
8126,16738581,"mr moradi1","2026-08-18 14:31:26",322.4,1,mrmoradi1
8127,16693821,"DARSHAN A","2026-08-11 18:02:26",322.4,2,ad12345kag
8128,16682229,"mayuri sarangi","2026-08-29 14:03:36",322.3,2,mayurisarangi
8129,16854519,nmw,"2026-09-09 15:23:56",322.3,2,rubikkaggle
8130,16797284,Alice7371,"2026-08-31 17:58:22",322.2,1,alice7371
8131,16778327,WangYingChen,"2026-08-28 03:11:28",321.6,1,wangyingchen
8132,16778585,Deepa,"2026-09-11 11:13:56",321.5,2,deepa42639
8133,16659865,Rithikaaaaah,"2026-08-17 07:09:08",321.1,2,rithikaaaah
8134,16667406,"Abdulrahman AlAsali","2026-08-05 13:20:41",320.7,1,abdulrahmanalasali
8135,16661690,codefusiondu,"2026-08-06 04:53:25",320.7,2,codefusiondu
8136,16690514,"Aditya #3","2026-08-09 06:29:48",320.4,1,a0x1ab
8137,16705294,"zhenf Liu","2026-08-11 07:51:06",320.4,2,zhenfliu
8138,16690163,"Abhay Upadhyay","2026-08-08 18:05:54",320.4,2,abhay18s
8139,16633330,"danielle Ange","2026-08-12 16:26:03",320.3,2,danielleange
8140,16682559,"Punit Pritam Mohanty","2026-08-11 06:21:03",320.3,2,punitpritammohanty
8141,16666719,helenkwok,"2026-09-12 06:53:13",320.1,2,helenkwok
8142,16661212,AnkitRaj4004,"2026-08-23 13:17:37",320.0,2,ankitraj4004
8143,16660341,"Nefise Aybar","2026-08-04 12:37:29",320.0,2,nefiseaybar
8144,16662491,Rudra070311,"2026-08-11 17:06:39",319.8,2,rudra070311
8145,16763916,"Mohamed Nchourupouo","2026-08-24 09:28:47",319.6,2,mohamednchourupouo
8146,16734670,Sparsh,"2026-08-22 01:48:51",319.5,2,sparshsinha24
8147,16672689,"Yusuf Yemez","2026-08-06 06:51:07",319.4,1,yusufyemez
8148,16683421,"Ruchita Yadav","2026-08-13 18:09:54",319.1,2,ruchitayadav20
8149,16687403,"Raja Sai Vardhan","2026-08-09 08:19:22",318.9,2,rajasaivardhan
8150,16682262,"Pardeep Singh","2026-09-01 11:01:27",318.8,2,pardeep06
8151,16728465,"Abdurrahman Assegaf","2026-08-16 12:13:15",318.7,2,amanshop
8152,16661012,"Tesfahun Feleke","2026-09-12 12:42:39",318.5,2,tesfahunfeleke
8153,16723487,RoboDavo,"2026-08-19 00:36:17",318.3,2,robertdavidson1911
8154,16664718,Vedika_,"2026-08-11 18:28:09",318.2,1,lighjt
8155,16689923,Dhinesh,"2026-08-09 08:39:37",318.1,2,dhineshwarrs
8156,16659975,"Rahul Sain","2026-08-05 18:54:58",318.0,2,rahulsain2001
8157,16706181,"Juvenal Pedro Baptista","2026-08-16 14:58:40",317.7,2,juvenalpedrobaptista
8158,16646076,"Ajeet Krishnasamy","2026-08-04 19:52:27",317.7,2,ajeetkrish
8159,16650070,"jakub slavíček","2026-08-04 12:58:40",317.6,2,jakubslavicek
8160,16663351,MiguelS,"2026-08-07 15:25:29",316.9,2,lordm758
8161,16845020,AGI,"2026-09-16 18:45:40",316.8,2,"guusadema,tgroen3"
8162,16657159,"Amey Malpurkar","2026-08-11 07:35:27",316.6,2,"ameymalpurkar,siddheshsadarao"
8163,16746121,Nononoi,"2026-08-21 07:18:02",316.4,1,nononoi
8164,16830884,"Khalil hafni","2026-09-14 23:51:56",316.4,1,hafnix
8165,16664218,"Nguyen Vu Tue Khang","2026-08-24 03:32:10",316.1,2,nguyenvutuekhang
8166,16711348,ticoraph,"2026-08-21 18:55:56",315.9,2,ticoraph
8167,16684308,Itsside_jay,"2026-08-07 11:46:48",315.8,1,itssidejay
8168,16692084,"Kaggri Farmers","2026-08-29 19:47:29",315.3,2,"jayant99acharya,satvikkolluru"
8169,16664147,JordanM10,"2026-08-05 19:54:08",315.2,1,jordanm10
8170,16681801,majj,"2026-08-11 03:07:46",315.1,2,m313786372
8171,16765997,"Diya Sharma","2026-09-13 18:08:07",314.9,2,diyasharmanexa
8172,16685996,"Universal Entropy","2026-08-07 16:22:28",314.7,1,fennerjw
8173,16659696,"Lakshyaraj Singh Rathore","2026-09-05 18:47:32",314.5,2,lakshyarajrtm
8174,16757233,"Tet Toe Wai","2026-08-24 07:51:45",313.9,1,tettoewai
8175,16657145,"Shudipto Trafder","2026-08-04 19:25:24",313.5,1,iamsdt
8176,16660308,zhangzhenman,"2026-08-25 06:14:26",313.5,1,zhangzhenman
8177,16652970,"Abhay sarkar","2026-08-05 14:40:05",313.4,1,abhaysarkarai
8178,16791786,BladeOffline,"2026-08-30 03:42:42",313.4,1,bladeoffline
8179,16732315,"Filip Chladek","2026-08-17 13:37:38",313.3,2,filipchladek
8180,16795802,Kk,"2026-09-09 08:50:14",313.2,1,cudamax
8181,16784538,"mou1234568 fdsfds","2026-08-28 18:05:29",312.3,2,mou1234568fdsfds
8182,16664072,"victor aguilera","2026-09-16 13:04:15",312.0,2,viaguilera
8183,16792780,"Sreekar Reddy","2026-09-01 15:33:38",311.8,2,eshured
8184,16879958,Sash.a,"2026-09-12 18:09:09",311.6,1,smashaza
8185,16755632,"Adarsh Yadav","2026-08-21 16:34:37",311.3,1,adarsh12yadav
8186,16747086,Karma_350234,"2026-08-20 09:56:52",311.3,1,karma350234
8187,16757689,YanXiaohan666,"2026-09-14 03:29:51",311.3,2,yanxiaohan666
8188,16839939,Lemonabc,"2026-09-05 12:56:42",311.1,1,lemonabc
8189,16623161,"Charles Kalaba","2026-08-08 13:06:02",310.6,2,charleskalaba
8190,16696061,Mingyuan2002,"2026-08-28 17:15:00",310.2,2,mingyuan2002
8191,16855181,Komal_Rani,"2026-09-08 16:39:15",310.0,2,komalvinayak
8192,16859269,BAILW,"2026-09-09 13:47:08",309.9,1,baimatubama
8193,16657891,"Joshua Kinnah","2026-08-07 23:00:45",309.8,2,joshuakinnah
8194,16656351,"Triet Ho","2026-08-07 07:27:33",309.7,2,trietho247
8195,16728948,L3MG,"2026-08-16 21:17:06",309.4,2,lemgyy
8196,16732280,"Akarsh kumar shukla","2026-08-18 20:38:35",309.4,1,akarshkumarshukla
8197,16785111,"JEFFREY KIRUBA J ","2026-08-28 18:07:41",309.4,1,jeffreykirubaj
8198,16652899,Isha,"2026-08-22 05:51:50",309.0,2,aarohi20
8199,16671959,"Sintu Verma","2026-08-09 05:44:56",309.0,2,sintuverma
8200,16686789,Hay-gent,"2026-09-07 05:37:52",308.8,2,"alagusuriyas,gayathrisrimai"
8201,16659493,"Ori Glisko","2026-08-09 14:27:44",308.8,2,origlisko
8202,16662403,"ulaş özen","2026-08-05 19:49:16",308.3,2,ulazen
8203,16671566,renmin517,"2026-08-17 07:31:19",307.9,2,renmin517
8204,16659453,"Ishwar Rathod","2026-08-06 03:29:27",307.9,2,ishwarrathodofficial
8205,16707118,"DEVEN BAGADE","2026-08-11 11:24:10",307.6,2,devenbagade
8206,16656506,"Piyush Harde","2026-08-04 12:54:26",307.6,2,piyushharde
8207,16794647,"Michael Cahill","2026-09-01 07:46:28",307.4,2,michael1232
8208,16818690,"Arionchen TitanTeam","2026-09-04 08:52:16",307.1,2,arionchentitanteam
8209,16800468,Vaishnavi,"2026-09-01 11:13:30",306.7,1,vaishnavisri09
8210,16667033,"Geethika Sandireddy","2026-08-15 07:04:31",306.7,2,geethikasandireddy
8211,16662054,"phantom of shubh","2026-08-11 07:54:46",306.6,1,shubhamkumar123490
8212,16813582,Soham_7391,"2026-09-16 09:59:13",306.6,2,soham7391
8213,16623730,"Ethan Higgins","2026-07-31 02:25:21",306.5,2,ethanhigginz
8214,16676302,Arnav,"2026-08-08 06:10:01",306.2,2,arnav03101
8215,16805109,"иван астахов","2026-09-10 21:30:35",306.1,2,iastakhov
8216,16709522,"Sanjay Dilip","2026-09-14 01:31:50",306.0,2,sanjaydilip
8217,16876167,"kjl jkl","2026-09-15 05:32:50",305.8,2,kjljkl
8218,16637025,kodalien,"2026-08-10 15:21:00",305.4,2,kodalien
8219,16661639,"Jayanth Kumar D","2026-08-06 13:36:46",305.4,2,jayanthkumard
8220,16628190,Horizonx30,"2026-08-09 18:06:56",305.2,2,horizonx30
8221,16707092,"Asharani Sahu","2026-08-11 11:19:08",305.0,1,asharanisahu
8222,16721849,ayushai8714,"2026-08-28 09:36:41",304.5,2,ayushai8714
8223,16713082,"Siyam Molla","2026-09-06 08:06:43",304.2,2,siyammolla
8224,16882973,"Omar Tarek Abdelkader Ahmed El Belbeisy","2026-09-12 22:59:07",303.3,2,patmux
8225,16672670,RonTroy,"2026-08-13 04:46:15",303.2,2,rontroy
8226,16653054,Khongor2424,"2026-08-03 15:32:17",303.2,2,khongorkikaik21
8227,16725135,"clement cg","2026-08-19 07:54:00",303.1,2,clementcg
8228,16726021,"The Farm Game","2026-09-02 13:23:00",303.0,2,"tacostew,thomasbower6"
8229,16661290,"Kelian Esteve","2026-08-04 14:33:13",303.0,1,kelianesteve
8230,16621557,"Vijay Krishna Lanka","2026-08-26 01:20:53",302.8,2,vijaykrishnalanka
8231,16633982,Nikunj1375,"2026-08-07 08:40:29",302.8,2,nikunj1375
8232,16641866,"Prem Gandhi","2026-08-06 19:48:18",302.7,2,gprem352
8233,16660473,"Owen M Kelley","2026-08-10 00:53:11",302.7,2,owenmkelley
8234,16666639,"Dheeraj Pranav","2026-08-24 19:38:42",302.6,1,dheerajpranav
8235,16668464,Mauro,"2026-08-05 15:57:27",302.1,2,ilmaurino
8236,16766823,suikkee,"2026-09-02 05:05:50",302.0,1,suikkee
8237,16624553,"Abiram Bharathi S.A","2026-09-08 11:40:32",302.0,2,abirambharathisa
8238,16654430,"Rishoban Y","2026-08-07 13:46:37",301.9,1,rishoban
8239,16716592,"Poma Mikhail","2026-09-10 09:08:04",301.8,2,ambisinistra
8240,16669535,sakshitantak,"2026-08-08 05:16:32",301.5,2,sakshitantak
8241,16690882,"Meet P. Shah","2026-09-05 04:32:03",301.3,2,meet47
8242,16791680,"Surja Sarker","2026-09-04 12:12:24",300.9,2,surjasarker
8243,16665758,"Oladipo Bashir","2026-08-31 10:23:51",300.9,1,oladipobashir
8244,16758856,"Ali Zaib","2026-08-27 20:12:02",300.6,2,alizaib001
8245,16663600,"Adrián Flores","2026-08-05 00:38:36",299.9,2,foward2892
8246,16667042,"Adarsh Mukundan","2026-08-07 17:12:28",299.2,1,aadarshmukundan
8247,16720606,Williamtime,"2026-08-17 03:11:34",299.1,2,williamtime
8248,16678521,"Arina Nevolina","2026-08-06 20:31:22",298.8,1,nevolinaa
8249,16882182,":T Eh?","2026-09-13 09:16:32",298.7,1,goulustis
8250,16868524,"Chutayu Adhittayawong","2026-09-11 03:30:13",298.6,2,arteezy009
8251,16678362,"Mitiku Yohannes","2026-08-07 00:00:37",297.4,2,mitiku
8252,16808492,"beginner's luck","2026-09-06 02:32:36",297.3,1,"naohs01,tropicalbanana"
8253,16668166,Pikachu,"2026-08-05 14:52:15",297.1,2,"arpankumarsinha,phantomboy69,subhojitpaul2006"
8254,16655315,SL,"2026-08-13 01:50:18",297.0,2,xndr007
8255,16785050,"MITHIL J URK26CS7067","2026-08-28 18:29:14",296.7,1,mithiljurk26cs7067
8256,16765570,"Akhand Soni","2026-08-24 12:47:42",296.4,1,akhandsoni
8257,16856778,"Johnathan King","2026-09-16 02:57:28",296.2,2,johnathanking1278
8258,16784605,"Iniyan M D R","2026-08-28 13:53:22",296.2,1,iniyanmdr
8259,16687151,harshi101,"2026-08-08 06:32:37",296.1,2,harshi101
8260,16762084,"Krishna Lokhande","2026-08-23 14:08:48",296.0,1,krishnalokhande8080
8261,16683970,"Zakhar Homyakov","2026-08-07 11:14:41",296.0,2,zakharhomyakov
8262,16690187,"Amrita Singh","2026-08-08 10:34:51",296.0,2,amrita004
8263,16777489,"Yousef Elbaz","2026-08-27 11:18:54",296.0,1,yousefelbaz
8264,16634769,Fivingone,"2026-08-03 03:47:43",295.9,2,fivingone
8265,16632319,Valentin,"2026-07-31 21:14:24",295.7,1,vaha94
8266,16736202,杨雨灿,"2026-09-08 00:51:59",295.6,2,yucanyang
8267,16658725,"syed jawad","2026-08-17 08:49:32",295.4,1,syedjawad663
8268,16748410,Lemons,"2026-08-21 19:44:07",295.4,1,takahiromatoba
8269,16847927,"Laiba Hameed","2026-09-12 09:00:51",294.8,2,laibahameed08
8270,16682623,"Aditya Paul","2026-08-14 12:44:45",294.3,2,adityapaul634
8271,16767173,AgriNexus,"2026-09-12 12:58:54",294.3,2,rashmirajput0102
8272,16660543,"BUTUH DUIT","2026-08-06 07:39:16",294.1,2,abulkahfi
8273,16668559,Goups,"2026-08-22 09:11:46",293.9,2,hervrenard
8274,16658357,heetmehta18,"2026-08-07 13:30:40",293.7,2,heetmehta0000
8275,16908873,KelOliHar,"2026-09-16 23:39:46",293.6,1,kelolihar
8276,16660529,Imaanga,"2026-08-10 11:41:21",293.0,2,imaangababy
8277,16661955,Bingos,"2026-08-05 11:43:07",292.4,2,bingos
8278,16667700,"Omar Mohammad","2026-08-05 15:52:54",292.3,2,omarmohammadw
8279,16707228,"Milind Bansal","2026-08-11 11:45:00",292.2,1,milindbansal18
8280,16684223,"Aayush Shah","2026-08-13 17:57:28",292.1,2,aayushshah265
8281,16858604,"Ye Naing","2026-09-10 02:42:59",291.5,2,yenaing
8282,16662861,"Chirag Tutlani","2026-08-04 19:13:05",291.4,1,chiragtutlani
8283,16845556,"li Insomenia","2026-09-07 04:07:10",291.4,2,liinsomenia
8284,16761681,"Ming Myung","2026-08-24 05:12:56",291.2,2,vanhaminhquan
8285,16796258,"Lanzhi Jiao","2026-09-03 08:31:13",290.7,1,lanzhijiao
8286,16686950,"Kittikhun Pachana","2026-08-08 00:16:11",290.7,2,kittikhunpachana
8287,16659581,"isah ridwan","2026-08-07 09:02:00",290.5,2,isahridwan
8288,16784225,sulala,"2026-08-29 08:51:26",290.4,2,sulala
8289,16631989,"VIDIT SHRIMALI","2026-07-31 17:13:46",290.4,1,viditshrimali
8290,16761731,"James Hu","2026-08-23 17:50:28",289.9,1,cnjameshu
8291,16840506,"Jayanth Earla","2026-09-10 16:46:21",289.7,2,jayanthearla
8292,16772354,"Gleidistony Mendes","2026-08-28 17:50:07",289.6,1,gleidistonymendes
8293,16675037,"Stanislav Pashkov","2026-08-08 20:50:16",289.3,2,stanislavpashkov
8294,16895472,codeWS,"2026-09-16 11:40:02",289.1,1,codews
8295,16651668,Haiku,"2026-08-05 06:28:54",289.0,2,yangjiefu
8296,16654253,"Gaius K Biju","2026-08-03 18:51:18",288.8,2,gaiuskbiju
8297,16765329,"Bart Woz","2026-08-31 14:18:24",288.5,2,bartwoz
8298,16652397,"Aniket Kumar","2026-08-06 13:29:50",288.4,2,kalkiavatar3
8299,16707179,"Achintya Rai","2026-08-12 11:15:16",288.4,2,achintyarai
8300,16658065,"Parul Mittal","2026-08-06 13:55:51",288.1,1,pisces83
8301,16673753,hmmmSure,"2026-09-15 18:13:47",288.1,2,gerardnitt
8302,16662913,"IYAMPAYE ribert","2026-08-04 19:01:38",287.9,1,iyampayeribert
8303,16672982,"Enes Aytaç","2026-08-14 12:12:24",287.8,2,enesayta
8304,16790545,Adnane,"2026-09-01 02:18:09",287.7,2,adnaneel
8305,16712089,"yui seya","2026-08-12 12:17:02",287.6,2,yuiseya
8306,16629403,Galza98,"2026-07-31 10:09:02",287.2,1,galza98
8307,16739918,POLAROID_86,"2026-08-18 21:56:04",286.8,2,polaroid86
8308,16773545,faithk7u,"2026-08-31 21:57:43",286.5,2,faithk7u
8309,16661213,"Daniel Siersleben","2026-08-05 12:53:41",286.0,1,danielsiersleben
8310,16659698,"Duy Anh Nguyễn","2026-08-07 10:23:27",285.8,1,duyanhnguyn
8311,16698562,Kyoko004,"2026-08-11 04:38:18",285.7,1,kyoko004
8312,16839430,EliaSav,"2026-09-06 15:33:34",285.2,2,eliasav
8313,16658941,Matts6591,"2026-08-17 07:59:36",285.1,1,mathwithmatt
8314,16713204,Mohamedg,"2026-08-24 23:15:06",285.0,2,mohamedgcroesus
8315,16740795,Yanshaoo2026,"2026-08-19 08:40:17",284.2,1,yanshaoo2026
8316,16659060,Pratham3gewg,"2026-08-06 18:26:51",284.0,2,pratham3gewg
8317,16669576,"zarnab waheed","2026-08-17 19:20:34",283.8,2,zarnabwaheed
8318,16683284,"Haha Farming","2026-08-07 14:38:04",283.1,1,"akshitharamesh,harinir1423"
8319,16757098,"Tharun kumar Jaya kumar","2026-08-30 02:29:39",282.9,1,tharunkumarjayakumar
8320,16624246,"xu j1ayang","2026-08-11 05:12:47",282.6,2,xuj1ayang
8321,16743603,tanmoypal11,"2026-08-19 15:19:36",282.5,1,tanmoypal11
8322,16865663,GauravPramodJain,"2026-09-10 09:44:04",282.4,1,gauravpramodjain
8323,16754845,"LG Music","2026-08-21 22:48:01",281.8,1,lgmusic
8324,16658383,"SIVA S","2026-09-16 05:59:02",281.8,2,codingmaster24
8325,16889340,aryansaini1612,"2026-09-15 04:04:12",281.4,1,aryansaini1612
8326,16660579,mayank,"2026-08-06 14:41:12",281.4,2,mayank921
8327,16691354,"Vedika Gupta","2026-08-08 14:20:25",281.2,1,vedikagupta0
8328,16730653,"Daham Dissanayake","2026-08-21 03:17:15",281.0,1,"dahamdissanayake,dinuginimnara"
8329,16698920,"Rishabh Bhartiya","2026-08-12 13:48:26",280.6,2,rishabhbhartiya
8330,16748712,"Amit Kumar Gupta","2026-08-21 13:33:00",280.4,2,eramitg
8331,16753817,Karmers,"2026-09-04 14:46:31",280.3,2,"prasenjittadake,swapnilpatil2737"
8332,16697373,"Sumit Bhattacharjee","2026-08-29 18:29:11",280.3,2,sumitbhattacharjee
8333,16697283,Puranjay02,"2026-09-10 07:09:06",280.1,2,puranjay02
8334,16666316,adityakr1001,"2026-08-05 09:33:41",280.0,1,adityakr1001
8335,16772388,XiaozhenWu2002,"2026-08-29 16:21:55",280.0,2,xiaozhenwu2002
8336,16849173,"Sarvajith Adyanthaya","2026-09-07 16:51:17",279.9,1,sarvajithadyanthaya
8337,16658620,"Dina Chettouh","2026-08-04 09:13:27",279.7,2,dinachettouh
8338,16666512,RexHuang936,"2026-08-07 08:51:41",279.4,2,rexhuang936
8339,16682422,"SABBIR HOSSAIN 2029","2026-08-16 14:23:24",279.3,2,sabbirhossain2029
8340,16658676,"Abdul Roheem Abdul Warith","2026-08-04 18:59:04",279.2,1,albasoliyy
8341,16652276,Phare111,"2026-08-04 15:09:55",279.0,1,phare111
8342,16661469,"Qiqi Xie","2026-08-06 20:53:32",278.8,2,qiqixie123
8343,16689926,"Yongxiang Zhao #2","2026-08-12 03:33:27",278.6,2,yongxiangzhao
8344,16668333,VishalVivek,"2026-08-07 09:46:17",278.5,1,vishal14332
8345,16676084,"Abir Majdi","2026-08-24 00:24:35",278.3,2,abirmajdi
8346,16656881,"Eugene Nyondo","2026-08-30 22:33:50",278.2,2,eugenenyondo
8347,16658990,"Muhammad Burhan SE-45-02","2026-08-07 04:26:18",278.1,2,muhammadburhanse4502
8348,16774471,"Seymour Schmidt","2026-09-16 10:56:11",278.1,2,angrybread
8349,16661879,"Pham Truc","2026-08-07 07:21:46",277.8,1,genti1206
8350,16809426,"The Nafl","2026-09-10 11:20:55",277.5,2,nafalrust
8351,16814858,"Sankalp Patidar","2026-09-15 08:57:20",277.5,2,sankalppatidar
8352,16654306,Shubham,"2026-08-03 19:09:40",277.2,2,sanjayshubham24
8353,16659387,dharssshiniii,"2026-08-04 09:48:15",276.8,1,dharssshiniii
8354,16864283,"Nguyễn Cường","2026-09-10 05:03:59",276.6,2,nguyncngo
8355,16676305,JTHEFROG,"2026-08-08 12:09:45",276.3,2,joshyuasa
8356,16755664,"Shivam Rajdev","2026-09-04 19:28:36",276.2,2,shivamrajdev
8357,16665114,"Francesco Benincasa","2026-08-05 09:56:52",275.9,2,francescobenincasa
8358,16684168,"Roaya Saed","2026-08-10 14:36:20",275.8,1,roayasaed
8359,16655003,"Paramjeet Kaur","2026-08-04 21:09:02",275.6,1,kauxp26
8360,16658795,"Case Seller","2026-08-30 06:46:45",275.4,2,caseseller
8361,16732746,MSG_Encrypted,"2026-09-11 23:47:57",275.2,2,msghais
8362,16756768,"Sayeed Ibrahim","2026-08-22 01:32:12",275.1,2,sayeedibrahim
8363,16656595,"Sithija Amarathunga","2026-08-04 10:09:50",275.1,2,sithijaamarathunga
8364,16712086,"Zubair Shafi","2026-08-16 23:23:04",274.8,2,zubairshafi5050
8365,16663253,"Albert Benjamin Asare","2026-08-06 19:29:05",274.7,2,albertbenjaminasare
8366,16659247,cindrella_18,"2026-09-13 08:56:24",274.7,2,"ankithraj30,neharaj1518"
8367,16711610,cc_z_kaggle,"2026-08-12 09:33:23",274.5,1,cczkaggle
8368,16643303,sigireddyBalasai,"2026-09-12 11:40:23",274.5,2,sigireddybalasai
8369,16885028,"wen yimeng","2026-09-13 09:26:04",274.1,1,wenyimeng
8370,16649650,"Ashish Barnawal","2026-08-11 04:08:04",274.0,1,klein4
8371,16662105,PunnatatJAY,"2026-08-04 16:22:50",273.6,1,punnatatjay
8372,16670185,"Odilon Yehouenou","2026-08-13 20:23:58",273.2,2,odilonyehouenou
8373,16675981,"Luca R","2026-09-13 08:39:57",273.2,2,luck058
8374,16630438,"Aayush Bansal","2026-09-16 14:40:32",273.1,1,aayushbansal0330
8375,16748206,ArtlexYang,"2026-08-25 08:43:28",273.1,1,artlexyang
8376,16842088,"Hrithik Reddy","2026-09-07 09:46:01",272.8,1,hrithik22122
8377,16689933,"Anjali Shah","2026-08-17 09:30:28",272.6,2,anjalishah0306
8378,16882689,Soodari,"2026-09-12 21:56:31",272.4,2,soodari
8379,16654290,"Srinivasa Ranga","2026-09-16 20:48:34",272.1,2,srinivasaranga
8380,16672325,Ispagiytiy,"2026-08-06 08:58:30",271.8,2,ispagiytiy
8381,16756174,"Mateo Coelho","2026-09-02 19:10:01",271.8,2,mathsco
8382,16785434,"Caik Franco","2026-08-28 18:05:21",271.7,1,caikfranco
8383,16660144,"Léandre ELISHA","2026-08-09 12:25:44",271.7,2,landreelisha
8384,16655734,dworld,"2026-08-05 04:13:18",271.3,2,jagdishhalde
8385,16665243,"Harshit Jha","2026-08-05 13:40:16",271.3,2,harshitjha28
8386,16664157,"Runjie Zhu","2026-08-10 11:49:13",271.2,1,damiendesolei
8387,16684191,"Patel Aryan D","2026-08-10 07:36:13",271.1,2,patelaryand
8388,16862181,"M chetin","2026-09-12 18:51:14",270.9,2,cetin95
8389,16807657,Dechant,"2026-09-14 08:39:17",270.8,1,dechant
8390,16690161,"Sudipto Event","2026-08-11 09:25:00",270.7,2,sudiptoevent
8391,16759726,Phoenix,"2026-08-22 19:43:10",270.6,1,seanht1
8392,16841154,Kinjal,"2026-09-05 22:13:51",270.6,2,kinjalparmar5009
8393,16686645,Ornaat,"2026-09-09 10:43:27",270.5,2,ornaat
8394,16663459,"Cristian Yeanpaul Palomino Calderon","2026-08-06 04:14:17",270.2,2,dawo0t
8395,16649074,nanato,"2026-08-28 04:27:29",270.2,1,nanato
8396,16660957,CREVATEC,"2026-08-11 09:30:33",270.0,2,"olakunleolalekan,samueloladeji"
8397,16665461,"Krishna Golwala","2026-08-24 18:39:08",269.9,2,krishnagolwala
8398,16783872,"Soupau Lev","2026-09-01 09:50:33",269.8,1,olivierauffret
8399,16659804,"Gashahun Demise","2026-08-04 13:23:20",269.7,2,gashahundemiset
8400,16691322,"Anita rai98765","2026-08-16 19:05:43",269.4,2,anitarai98765
8401,16669523,Jackson55171,"2026-08-05 18:21:00",268.8,2,jackson55171
8402,16703295,Yuting,"2026-08-13 20:42:16",268.8,2,yutinghanuxd
8403,16697712,"Daniel Hebenstreit","2026-09-06 11:53:20",268.7,2,danielhebenstreit
8404,16746682,"julio cesar valencia","2026-09-09 20:37:35",268.6,1,juliocesarvalencia
8405,16669411,"Atta Ullah","2026-08-10 13:28:30",268.6,2,attaullahqau
8406,16760903,"Derrick Lace","2026-08-23 04:23:40",268.5,2,derricklace
8407,16707941,ニイエチカイン,"2026-08-14 15:28:42",268.5,2,j4ck99
8408,16656198,N9uy3nPham,"2026-08-06 10:56:04",268.4,2,n9uy3npham
8409,16741555,"Rushikesh Shirwalkar","2026-08-19 11:02:46",268.0,2,rushikeshshirwalkar
8410,16713601,"Omar spok","2026-08-19 13:27:13",267.9,2,omarspok
8411,16671827,"Shourya Gupta","2026-09-13 06:48:36",267.8,2,siriuspotter
8412,16740800,"Shiva Sai","2026-08-19 03:54:27",267.7,1,shivasai846
8413,16653997,"Alekya Valapushetty","2026-08-05 13:52:08",267.7,2,alekyavalapushetty
8414,16762045,ADV,"2026-08-23 13:28:56",267.6,1,shuntianjiang
8415,16780106,"Mirangga Jakti","2026-09-09 20:05:22",267.5,2,miranggajakti
8416,16718890,"Andy Symonds","2026-08-19 23:04:11",267.4,2,andyivanhoe
8417,16684875,"Amitrakshar Mukherjee","2026-08-07 13:21:32",267.3,2,amitraksharmukherjee
8418,16785789,"Mateus Sousa do Carmo","2026-08-28 21:23:10",267.3,2,mateaadsaf
8419,16907577,"Дмитрий Витальевич","2026-09-16 23:28:31",266.7,2,mtkrqt
8420,16740506,Growingduck,"2026-09-02 03:18:21",266.3,2,jaeminkang2021
8421,16729884,"Chaimaa Matrag","2026-09-05 19:51:34",266.0,2,chaimaamatrag
8422,16658783,"Devesh Choudhury","2026-08-07 17:08:33",265.8,2,deveshchoudhury
8423,16623823,"Julieta Rubis","2026-07-31 04:45:53",265.8,2,julietarubis
8424,16668032,pat999,"2026-08-08 08:30:58",265.7,2,pat999
8425,16657426,"M.Mukunda Reddy","2026-08-17 06:18:11",265.4,2,mmukundareddy
8426,16708091,"Dipak Kumar Samanta","2026-08-11 15:17:04",265.3,1,dipak889
8427,16672767,"FasterYouChase FasterIRun","2026-08-09 13:15:12",265.2,2,icoguser
8428,16655813,minerppdy,"2026-08-04 06:06:58",265.2,1,minerppdy
8429,16661231,"R Ajay Kumar12","2026-08-04 14:12:11",265.0,1,rajaykumar12
8430,16656692,"kinza aftab 714","2026-08-04 05:43:51",264.8,2,kinzaaftab714
8431,16676007,"Lao KENAO","2026-08-15 01:15:48",264.5,2,laokenao
8432,16690494,StevenBeyen,"2026-08-13 07:55:32",264.4,2,beyensteven
8433,16701041,"Meet Babariya","2026-08-10 14:21:06",264.4,1,meetbabariya
8434,16665614,MesonLabs,"2026-08-11 06:17:27",264.3,1,mesonlabs
8435,16677517,justnyoike,"2026-08-10 01:12:56",264.2,2,justnyoike
8436,16659374,"[Deleted] 8f7327b9-2576-439b-bd6e-3f5fde366ebe","2026-08-04 10:12:44",264.0,1,del=8b215115eb53cbc1
8437,16724204,chestnut,"2026-08-21 02:15:17",264.0,2,yskkrbysh
8438,16750033,davidw001,"2026-08-20 17:13:07",263.8,1,davidw001
8439,16663869,CYBER_TECH99,"2026-08-05 01:40:15",263.8,2,cybertech99
8440,16736084,"Kaishang Zhang","2026-09-02 13:41:28",263.5,2,kaishangzhang
8441,16669314,"Editor Jugnu AI","2026-09-06 08:31:32",263.5,2,editorjugnuai
8442,16658489,小出和見,"2026-08-13 23:23:04",263.4,2,kzmk8d
8443,16679467,"Ahmed Zedan","2026-08-18 00:28:27",263.2,2,ahmedzedan11
8444,16657777,"sandeep kumar","2026-08-04 11:41:21",263.1,2,sandeep088
8445,16639684,Rubel,"2026-08-05 18:49:11",263.0,2,rubel01
8446,16657378,doteeee,"2026-08-14 11:43:40",262.6,2,narendra
8447,16665719,"[Armenia] Narek Petrosyan1","2026-08-05 07:49:34",262.6,1,narekpetrosyan1
8448,16790483,"ivo nahuel jasinskas","2026-08-29 14:08:28",262.3,1,ivonahueljasinskas
8449,16661587,"Debashis Mohapatra","2026-08-05 09:05:50",262.3,2,debashismohapatra
8450,16670004,Zinc-Eater,"2026-08-19 22:50:41",262.1,2,zans7331
8451,16688231,"Antoine Matemane Mahirwe","2026-08-10 19:40:15",262.1,2,antoinemah
8452,16772089,"Ana Riquele","2026-08-26 18:11:38",262.1,2,anariquele
8453,16684535,Moonlight,"2026-09-07 14:16:17",261.9,2,rajesh1joc
8454,16678647,"Zorawar Singh","2026-08-06 19:55:53",261.9,2,zorawarsingh677
8455,16632795,"vishwottam kudekar","2026-08-05 18:19:02",261.8,1,vishwottamkudekar
8456,16795353,BlurreA,"2026-08-31 06:42:30",261.7,1,blurrea
8457,16748092,Luckshith,"2026-08-20 12:59:43",261.7,2,luckshith
8458,16676501,"[Deleted] cf820879-5b51-45ff-9f0a-1d88833299b5","2026-08-08 08:32:10",261.5,2,kamraanmulani
8459,16680789,Marouane,"2026-08-15 02:41:18",261.1,2,marouanealahyane
8460,16666574,"hrishit prakash","2026-08-05 13:26:37",260.9,2,hrishitprakash
8461,16683428,"Darsh Jilka","2026-08-19 09:03:08",260.6,2,darshjilka
8462,16725104,ManasviVarma,"2026-08-23 10:20:35",260.6,1,manasvivarma
8463,16771048,"Aditya Pawar","2026-08-25 16:55:04",260.5,1,aditya22102001
8464,16761994,"Talha Sayyad faim","2026-08-23 11:32:37",260.4,1,talhasayyadfaim
8465,16891082,"surya prakash Nayak2","2026-09-14 10:56:23",260.4,1,suryaprakashnayak2
8466,16671302,"Pratish Chaudhary","2026-08-10 00:35:01",260.1,1,pratishchaudhary
8467,16655159,"Marcel Relaford","2026-08-13 01:26:26",260.1,1,marcelrelaford
8468,16658888,NovaBytes,"2026-08-06 07:06:34",260.0,2,"drashtisingh14,kjjkjjk3107"
8469,16677629,"XIE Jintao","2026-08-06 18:47:28",260.0,2,xiejintao
8470,16658567,"Sharif Mohamed (1)","2026-08-04 13:16:47",259.8,1,sharifmohamed1
8471,16625775,liubingxin205,"2026-08-15 06:29:40",259.8,2,"hongjuw,liubingxin205"
8472,16755126,"David ter Kuile","2026-08-21 14:01:59",259.6,2,davidterkuile
8473,16822994,"Peter Danilov","2026-09-03 18:16:23",259.6,1,pndanilov
8474,16790137,sinchir0,"2026-08-30 12:52:05",259.6,1,sinchir0
8475,16784952,"Adria Barreto","2026-08-28 16:06:57",259.5,1,adriabarreto
8476,16666553,DevChheda26,"2026-08-05 09:53:22",259.5,1,devchheda26
8477,16733204,"Sompalli Akhil Kumar","2026-08-18 10:14:08",259.4,2,sompalliakhilkumar
8478,16706312,"shabbar taj","2026-08-11 16:35:57",259.3,2,shabbartaj
8479,16740950,Shaw,"2026-08-23 10:07:14",259.1,2,shaw06
8480,16889852,"Abdikaliq osman","2026-09-16 00:48:05",258.6,2,abdikaliqosman
8481,16643821,"arnav chaturvedi123","2026-08-02 22:16:08",258.5,2,arnavchaturvedi123
8482,16696266,"Pandarasamy Arjunan (Samy)","2026-08-09 14:16:03",258.3,1,samy101
8483,16656679,"Sadiqa Bibi","2026-08-27 09:52:29",258.3,2,sadiqabibidata
8484,16841277,"Luis Garza Gonzalez","2026-09-08 05:07:26",258.2,2,luisgarzagonzalez
8485,16759675,TianKitty,"2026-08-27 04:43:06",257.6,1,tiankitty
8486,16641331,ushi,"2026-08-05 13:33:18",257.6,1,yuki508
8487,16711673,losingself,"2026-08-12 09:07:45",257.4,1,level14taken
8488,16660450,"prashant prakash","2026-08-08 09:45:36",257.3,2,prashantprakash28
8489,16695733,"Imad Zaanine","2026-08-11 02:11:15",256.9,2,imadzaanine
8490,16723065,"Kaio Castro","2026-08-28 17:24:26",256.8,1,kaiocastro
8491,16738539,"Sharath S","2026-08-21 05:19:45",256.7,2,akicodes
8492,16852383,"Ahmed Mostafa #2","2026-09-08 06:46:03",256.7,2,republic966
8493,16796678,ka,"2026-08-31 16:16:03",256.7,1,kandruszek
8494,16708480,"Omar M.Moustafa","2026-08-11 18:55:58",256.6,2,omarmmoustafa
8495,16819370,"István Csik","2026-09-03 13:39:36",256.5,2,istvncsik
8496,16627717,da_pond,"2026-07-31 08:33:57",256.3,1,dapond
8497,16673369,Frame,"2026-08-06 07:59:47",255.9,1,rainorwang
8498,16728350,fajarnadeem808,"2026-08-16 13:07:59",255.9,2,fajarnadeem808
8499,16744954,charley8,"2026-08-22 06:23:36",255.9,2,charley8
8500,16677788,DorianCo,"2026-08-06 18:10:06",255.8,2,dorianco
8501,16663191,"Arnav Anand","2026-08-04 19:53:08",255.8,1,arnavair27
8502,16654293,"Jatin N. Soni","2026-08-18 09:59:05",255.5,2,jatinsoni111
8503,16762459,GNR_network,"2026-08-23 13:59:19",255.5,1,gnrnetwork
8504,16660471,"Obsessed Beings","2026-08-24 16:44:48",255.4,2,"meur99,muhammedsaeed315,obsessedbeing,studentwork01"
8505,16707372,"zidu cheng","2026-08-11 13:30:40",255.4,1,ziducheng
8506,16821068,"Danila Goncharenko","2026-09-03 15:22:12",255.3,2,danilegovich
8507,16723075,"Cauã Freitas","2026-08-28 17:35:54",255.2,1,cauafreitas
8508,16661157,Shenlai,"2026-09-16 13:20:55",255.2,2,shenlai
8509,16659001,"Tim Wanjohi","2026-08-12 11:43:16",255.1,2,timwanjohi
8510,16758007,stoicsatvik,"2026-08-22 12:37:48",255.0,1,stoicsatvik
8511,16849556,"Peter Bull","2026-09-08 12:41:45",254.9,2,peterbull
8512,16683998,"Mahoraga save me","2026-08-07 22:09:22",254.6,2,yqngyv
8513,16724743,"Dr. James Gambrah","2026-08-17 08:48:47",254.6,2,jamesgambrah
8514,16667063,"Amiksha S","2026-08-09 15:16:49",254.5,1,amikshas
8515,16695937,Ryckiii,"2026-08-09 13:03:24",254.3,1,ryckiii
8516,16676991,"Jack Hopkins","2026-08-19 19:11:37",253.9,2,jackhopkins
8517,16635098,"Charvi Upreti","2026-08-15 05:43:59",253.8,1,charviupreti
8518,16856961,"Victor Egbo","2026-09-10 08:38:48",253.5,2,victoregbo
8519,16780915,"Aravind S","2026-09-16 10:37:26",253.4,2,aravind20061981
8520,16785175,SonOfNike,"2026-08-28 17:20:58",253.4,1,sonofnike
8521,16737009,"Alexandre Pedrosa","2026-09-03 07:42:20",253.0,1,alexandrepedrosai
8522,16809584,"Kinnal Rutu","2026-09-02 15:01:01",252.9,2,kinnalrutu
8523,16818924,"super penguin king","2026-09-03 12:35:44",252.7,1,superpenguinking
8524,16665704,"Sreesanth M S","2026-08-05 07:12:05",252.6,1,sreesanthms
8525,16658152,MingSUN007,"2026-08-04 13:46:29",252.3,2,mingsun007
8526,16714263,Lmfm24,"2026-08-12 20:38:01",251.9,2,lmfm24
8527,16633833,"mohammad javad Kamali","2026-08-19 05:13:42",251.8,1,mohammadjavadkamali
8528,16637845,"Hadjmohamd Seif","2026-08-08 21:47:53",251.8,2,hadjmohamdseif
8529,16882350,akacome,"2026-09-12 18:32:37",251.6,1,akacome
8530,16655786,leavts,"2026-08-04 02:35:50",251.3,1,leavts
8531,16654067,DataForge,"2026-08-05 10:19:25",251.3,2,"chanduchandini,goriparthiramatulasi,srilakshmipanitini,suryachakradhar"
8532,16727383,"Minchul Shin","2026-08-20 07:50:37",251.2,1,nashory
8533,16728249,"Ahmet Kiraz","2026-08-17 07:23:30",250.9,1,ahmetqiraz
8534,16654318,"Aryan Raj Ayush","2026-08-23 08:34:14",250.8,1,aryanrajayush
8535,16724512,"Diw Gupta","2026-08-21 13:45:51",250.8,1,diwgupta
8536,16774202,Wrs,"2026-08-26 09:21:40",250.6,1,wrsarch
8537,16659203,"Praful Nayak","2026-08-05 08:17:06",250.5,2,prafulnayak2003
8538,16831820,"Raihan Saladin","2026-09-12 17:21:34",250.5,2,raihansaladin
8539,16699790,Aryanpal07,"2026-08-16 12:28:53",250.2,1,aryanpal07
8540,16712844,"ray hengbo","2026-09-01 03:35:31",250.1,1,rayhengbo
8541,16662353,"LAYAL ALNASHMI","2026-09-12 11:37:55",250.0,2,waitups
8542,16675104,"khwaja Moula'Ali","2026-08-06 11:30:49",250.0,1,khwajamoulaali
8543,16782747,goodgreen,"2026-08-28 04:30:23",249.9,1,goodgreen
8544,16707519,"Pradnya Khanse","2026-08-11 12:52:07",249.7,1,pradnyakhanse
8545,16809620,"Mohamed Alaa Elboraay","2026-09-02 19:11:42",249.6,2,mohamedalaa10
8546,16689903,wangbohuan,"2026-08-08 09:35:12",249.5,2,wangbohuan
8547,16758090,"JOYMIE TALICUAD","2026-08-22 10:07:40",249.3,1,joymietalicuad
8548,16691583,Caleb,"2026-08-09 14:32:52",249.2,2,collev
8549,16662039,"Ajat Rosadi","2026-08-04 16:58:10",249.1,2,ajatrosadi
8550,16723467,"Vladas Verkelis","2026-08-15 14:23:42",248.8,1,vlaveris
8551,16885658,mio114,"2026-09-13 14:05:56",248.4,2,mio114
8552,16686316,"Ali mohon","2026-08-07 16:16:43",248.4,2,alimohon
8553,16645300,szyulian,"2026-08-04 04:42:36",248.2,1,szyulian
8554,16644398,Nurkan123,"2026-08-16 21:20:24",248.2,2,nurkan123
8555,16687891,qklent,"2026-08-09 19:44:12",248.2,1,qklent
8556,16670674,"Foodle Jang","2026-08-19 22:14:34",247.8,2,foodlejang
8557,16660291,"Abhijit Rajkumar","2026-08-04 13:27:44",247.7,2,abhijitrajkumar
8558,16712990,shreyaaaaa9,"2026-08-12 16:17:06",247.1,1,shreyaaaaa9
8559,16745293,Harvey,"2026-08-22 04:20:10",247.0,2,celestia0113
8560,16850036,Sumzali083,"2026-09-07 19:23:11",246.9,1,sumzali083
8561,16669756,AlgSaid,"2026-08-05 18:54:07",246.9,1,imabdallah
8562,16663066,"Mithun Kore","2026-08-29 19:18:28",246.9,1,mithunkore
8563,16880785,"CHIDANANDA G L","2026-09-12 11:18:48",246.7,2,chidanandagl
8564,16723726,"Erika Worrall","2026-08-15 23:09:17",246.6,1,erikaworrall
8565,16678355,"Tanuj Saxena","2026-08-07 10:10:24",246.4,2,tanujsaxena
8566,16725615,carside,"2026-08-29 04:49:31",246.0,1,carside118
8567,16748882,gsv,"2026-08-20 16:13:45",245.9,1,ram1o1
8568,16676003,franck,"2026-08-06 14:59:55",245.5,2,bakura
8569,16666383,"Sindhi Vishal","2026-08-14 10:46:32",245.1,2,sindhivishal
8570,16769754,daguniang,"2026-08-26 00:44:59",244.9,2,daguniang
8571,16661810,AGNES33,"2026-08-16 19:09:18",244.9,2,agnes33
8572,16887893,"Sridhar C","2026-09-13 20:12:56",244.8,2,sridharchinnasamy
8573,16662048,"Deekshitha Prabhakar","2026-08-06 18:15:45",244.6,2,deekshithaprabhakar
8574,16894802,"phus sea","2026-09-15 16:23:01",244.5,2,phussea
8575,16768453,phicis8911,"2026-09-16 00:41:21",244.0,2,phicis8911
8576,16670506,"Juan Andres Bravo Mejia","2026-08-05 21:40:17",244.0,1,juanandresbravomejia
8577,16659280,"yahaya zayyan","2026-08-04 10:51:16",243.9,1,yahayazayyan
8578,16773557,"Rudra kalyan","2026-08-26 09:08:54",243.5,2,rk1144
8579,16698399,liuzhangzhen,"2026-08-10 09:49:23",243.4,1,liuzhangzhen
8580,16768507,"Dhanush Ballanki","2026-08-25 00:33:27",242.8,1,dhanushballanki
8581,16632881,"Brisa Marina","2026-08-07 16:13:15",242.7,1,brisamarina
8582,16684908,"Nidal Saleh","2026-08-08 14:08:20",242.6,2,nidalsaleh
8583,16749514,"M Harini","2026-08-20 16:43:59",242.5,1,rvmharini
8584,16756743,"Ismail Alli Adekunle","2026-08-21 22:59:18",242.5,1,ismailalliadekunle
8585,16790992,"Matthew Knyazev","2026-08-29 17:53:40",242.4,1,matthewknyazev
8586,16658644,"Hitarth Pandey","2026-08-09 03:04:42",242.4,1,hitarthpandey
8587,16659900,"Abu Bakr","2026-08-04 18:30:29",242.2,2,mohamed32010
8588,16701143,macneil,"2026-08-14 14:53:54",242.1,2,macneil
8589,16687620,Goktug1,"2026-08-24 21:03:56",242.0,2,goktug1
8590,16653941,"Sachin Kumar Kushwaha","2026-08-11 08:45:11",241.9,2,sachinkumarkushwaha
8591,16660321,syafanidwina,"2026-08-05 00:41:33",241.9,1,syafanidwina
8592,16792392,pansya,"2026-08-30 08:13:58",241.9,1,pansya
8593,16712979,"Yusuke Tsukuda","2026-08-12 14:58:39",241.8,1,yusuketsukuda
8594,16881244,"Atharva Govind Salunke","2026-09-14 04:58:42",241.7,2,atharvagovindsalunke
8595,16698987,"Shree Ashok L","2026-09-01 05:16:16",241.5,2,"praneelbaskar,rishivarathan,santhoshkumarp24,shreeashok72"
8596,16750526,"Marcel Biezunski","2026-09-05 16:44:52",241.5,1,marcelbiezunski
8597,16822259,"Craig Goldswain","2026-09-07 14:52:01",241.4,2,craiggoldswain
8598,16893490,"Thales Galuchi","2026-09-16 21:40:18",241.3,2,thalesgaluchi
8599,16690286,imunderthetree,"2026-08-08 12:25:51",241.1,2,imunderthetree
8600,16793148,"Hoàng Trung Nguyễn","2026-09-01 08:08:00",241.1,2,hongtrungnguyn
8601,16633483,"benkerrouche abdelbasset","2026-08-07 16:11:50",240.9,1,bassetkerouche
8602,16844343,"Gotovtsev Artyom","2026-09-14 10:57:52",240.7,1,artemgotovtsev
8603,16655508,bigsea,"2026-08-04 01:31:58",240.7,2,sakamakihiromi
8604,16861601,aliksey,"2026-09-11 17:22:46",240.5,2,aliksey
8605,16657440,Lz7_129,"2026-08-04 15:26:01",240.3,1,lz7129
8606,16806577,ShinYAM1002,"2026-09-06 17:33:20",240.2,1,shinyam1002
8607,16762081,VKAUL3,"2026-08-23 12:09:08",240.0,1,vkaul3
8608,16662603,"Shem Gikunda","2026-08-06 17:24:48",239.9,1,shemgikunda
8609,16725288,mustafasadiqi,"2026-08-15 12:26:35",239.7,1,mustafasadiqi
8610,16798369,"Olabode James","2026-09-01 20:40:53",239.4,1,olabodejames
8611,16662066,"Yug Savalia","2026-08-06 19:06:26",239.4,1,"priyankagarg19,yugsavalia"
8612,16667691,alexanderctrl,"2026-08-18 10:10:51",239.1,2,alexanderctrl
8613,16667684,"Tim Neale","2026-08-06 13:01:12",239.1,1,timothyjneale
8614,16654853,"Saketh Rao","2026-08-03 21:43:14",238.8,1,sakethrao
8615,16845903,"Tsubasa Hizono","2026-09-07 05:47:46",238.6,2,tsubasahizono
8616,16665701,ManuelWick-Eckl,"2026-08-27 16:01:18",238.5,2,manuelw
8617,16667365,"leul dereje","2026-08-08 06:54:54",238.4,2,leuldereje
8618,16666027,CropBOTS,"2026-08-13 16:12:42",238.3,2,"anshultickoo,itsmepooja,manuakumar,sapnajain115"
8619,16632145,kazuki_kazukazu,"2026-07-31 14:53:13",238.3,1,kazukikazukazu
8620,16621290,"Muhammad Ahsan","2026-07-30 17:35:00",238.1,2,ahsanneural
8621,16681959,"shun takinami","2026-08-07 05:43:47",237.9,1,shuntakinami
8622,16664863,zzzhhcc,"2026-08-13 06:15:42",237.7,2,zzzhhcc
8623,16840189,"Sneha yadav","2026-09-16 03:29:32",237.6,1,sneha463
8624,16659703,"Ananya #2","2026-08-04 12:00:26",237.5,1,ananyax8
8625,16830761,Skarmory,"2026-09-04 13:05:56",237.4,1,syarnorke
8626,16635610,JeffFosterUK,"2026-08-01 17:16:52",237.3,2,jefffosteruk
8627,16751488,Klixel,"2026-08-21 03:35:28",237.2,1,klixel
8628,16623099,"Bovard Doerschuk-Tiberi","2026-07-30 21:04:23",237.0,1,bovard
8629,16762167,"Arkoday Roychowdhury","2026-08-24 01:29:19",236.6,2,arkodayroychowdhury
8630,16802203,"Sadaf Mughees","2026-09-11 15:16:39",236.5,2,sadafmughees
8631,16862268,"Vishal Harry","2026-09-12 21:26:48",236.3,2,vshr777
8632,16811524,PeiyuQian,"2026-09-11 16:00:55",236.1,2,peiyuqian
8633,16680521,"Luis Enrique Dalmau","2026-09-04 09:45:18",236.1,2,luisenriquedalmau
8634,16654314,Mahamudul_Hassan_8012,"2026-08-03 18:33:07",235.9,2,mahamudulhassan8012
8635,16779857,0x74,"2026-09-03 14:03:17",235.9,1,i0x74i
8636,16898240,jimmy5566,"2026-09-15 17:41:24",235.7,1,jimmy5566
8637,16663003,devzohaib,"2026-08-04 21:27:30",235.6,1,devzohaib
8638,16733752,Abhi,"2026-08-17 19:34:16",235.4,1,zeroday19
8639,16655762,"Idrisse Moundhir","2026-09-05 08:21:45",235.2,1,idrissemoundhir
8640,16664199,SomyaSingh_07,"2026-09-16 17:10:14",234.8,2,somyasingh07
8641,16710929,"Pooja Divekar","2026-08-16 08:22:48",234.7,1,poojadivekar123
8642,16719618,Javierrcs,"2026-08-14 13:16:05",234.7,1,javierrcs
8643,16644210,"حسنين ساجد","2026-08-07 22:08:44",234.6,2,kutghngf98687er
8644,16744545,"Aditya Kumar Singh 013","2026-08-19 18:45:42",233.8,1,adityakumarsingh013
8645,16659572,"ABHILASH PRAHARAJ","2026-08-04 11:24:21",233.5,1,abhilashpraharaj
8646,16907973,"Ishaku Yusuf Maina","2026-09-16 18:50:28",233.2,1,ishakuyusufmaina
8647,16653319,"Md. Rasel Meya","2026-08-06 14:42:18",233.0,2,raselmeya
8648,16687574,"Yash Raghuvanshi","2026-08-07 22:09:38",232.8,2,yashraghuvanshi25
8649,16700992,Abhishek_1355,"2026-08-25 09:17:08",232.6,1,abhishek1355
8650,16739908,"Asfam Parvez Kawser","2026-09-10 09:42:54",232.1,2,asfamparvezkawser
8651,16655292,"Ingrid Fellah","2026-08-04 06:31:35",232.1,2,ingvor
8652,16761134,mash3gt,"2026-08-23 06:10:12",231.1,1,shiroguitar
8653,16667550,"Oseni Sakariyau Oluwadamilare ","2026-08-23 10:05:56",231.1,2,sakabambam
8654,16633342,farm75,"2026-08-03 14:03:14",230.6,2,sakthi75
8655,16684891,SARTHAK,"2026-08-14 19:07:26",230.6,1,s4rth4k01
8656,16780411,K.Satwik,"2026-08-27 16:23:04",230.3,2,ksatwik3220
8657,16675956,"Hassan Alghamoudi","2026-08-10 02:36:36",230.1,2,hassanabdulhafid
8658,16668654,"Zharkyn Makhanbet","2026-08-10 18:28:08",229.9,1,imadparadoxi
8659,16623846,"masatoshi hiraki","2026-07-31 07:52:39",229.9,2,masatoshihiraki
8660,16708246,StudyForUse01,"2026-08-11 16:58:19",229.7,1,studyforuse01
8661,16706134,NK11FC,"2026-08-25 11:30:00",228.0,2,nk11fc
8662,16725537,"Ayan Bashir Sheikh","2026-08-15 18:02:07",227.8,2,ayanbashirsheikh
8663,16809006,Ilya,"2026-09-02 13:23:05",226.9,1,zhukov
8664,16654256,"KONGARA PRASANTH","2026-08-04 03:40:27",226.8,2,prasanth2008
8665,16870461,Fumi,"2026-09-16 09:21:15",226.4,2,cheersbeer
8666,16762162,"Shota Hirao","2026-08-23 12:34:05",226.2,1,shotahirao
8667,16760920,"Román Eliezer Pérez Ríos","2026-08-31 18:07:43",225.7,2,perezrios
8668,16782525,"Ashish Mittal","2026-08-28 05:27:46",225.2,2,ashish1502g
8669,16685128,"Rohan Hake","2026-08-10 12:48:36",224.2,2,rohanhake
8670,16689364,"Udbhav Purwar","2026-08-11 10:12:00",223.9,1,udbhavpurwar
8671,16784360,"Suraj Kumar","2026-09-08 10:20:42",223.9,2,suraj99km
8672,16687514,Dark_1926,"2026-08-07 20:30:33",223.4,1,dark1926
8673,16624000,Leneen,"2026-08-31 16:02:47",223.2,1,leneen
8674,16682051,"Noorjahan Siddiqui","2026-08-10 09:33:35",222.9,2,noorjahansiddiqui
8675,16895750,"charles Ndemo","2026-09-16 13:27:43",222.9,2,charlesndemo
8676,16625043,"Ivan Litvak","2026-09-16 16:36:06",222.6,2,trydotatwo
8677,16711840,OverfitMilkCake,"2026-08-13 06:36:21",222.5,1,overfitmilkcake
8678,16639692,"Nirmal Patel","2026-08-06 03:05:27",222.3,2,nirmalpatel02
8679,16671342,"Danh Nguyen 1303","2026-08-09 14:47:52",222.3,1,danhnguyen1303
8680,16656515,"Rushal Manandhar","2026-08-06 04:15:01",222.2,1,rushalmanandhar
8681,16716407,"Ibrahim Adamu Anka","2026-08-13 09:01:38",221.2,2,ibrahimadamuanka
8682,16866478,aktk,"2026-09-10 16:43:56",221.1,2,aniltk
8683,16744221,Dizzy1829,"2026-08-29 04:15:48",220.8,1,dizzy1829
8684,16732342,"Viktor Antonov","2026-08-18 10:22:32",220.7,1,viktorantonov
8685,16656900,Hxrsh09,"2026-08-10 14:39:46",220.6,2,hxrsh09
8686,16728152,"Kenji Tai","2026-08-16 18:27:33",219.8,2,kenjitai
8687,16697020,"Hossam elden Mohamed","2026-08-15 01:13:51",219.6,2,hossameldenmohamed
8688,16750285,LeEmperor,"2026-08-22 04:36:18",218.6,2,leemperor
8689,16701138,superpig,"2026-08-19 09:43:31",218.3,1,geniussuperpig
8690,16632724,"Sayan Dutta","2026-08-04 07:47:42",218.2,1,sayan1507
8691,16696952,tronxz8,"2026-09-09 13:51:31",218.0,1,tronxz8
8692,16717555,"Mariem GLIOUEZ","2026-09-10 15:21:07",217.4,1,mariemgliouez
8693,16655364,AmirElite,"2026-09-16 21:41:44",217.1,2,amirelite
8694,16654244,"Saad Nanawala","2026-08-03 18:17:33",216.8,1,saadnanawala
8695,16799132,"Marlon Vasquez","2026-09-01 08:07:31",216.5,2,vexmeavf
8696,16656633,N25H03A1028,"2026-08-05 05:18:45",216.1,1,pardhusadhu
8697,16859770,"Praful Tiwari1","2026-09-14 10:37:58",216.1,1,prafultiwari1
8698,16867344,"shayan yadegaridehkordi","2026-09-12 17:05:44",215.9,1,shayanyadegari32
8699,16656287,sandip_shaw123,"2026-08-05 10:02:07",215.8,1,sandipshaw123
8700,16698886,pied_piper,"2026-08-10 14:11:15",215.2,2,ahanhalder
8701,16716386,"Dev Marya","2026-08-13 09:26:18",214.7,1,devmarya
8702,16777986,小雨姑娘,"2026-08-27 21:51:19",214.5,2,skewcy
8703,16658761,!Aman212,"2026-08-04 12:10:28",214.5,2,aman9142424
8704,16743329,"Daniel Obioma emenike","2026-09-11 12:32:22",214.5,2,danielobiomaemenike
8705,16668506,"Louie Tang","2026-08-08 06:56:52",214.3,2,louietang
8706,16636540,"Burkova Nastia","2026-08-01 13:34:02",214.2,2,"burkovanastia,ellvalerie"
8707,16669060,Twansss,"2026-08-15 04:37:59",213.9,2,twansss
8708,16660309,"Hazem Mahmoud Elsayd","2026-08-04 16:34:31",213.8,2,hazemmahmoudelsaid
8709,16760392,Владимир,"2026-08-23 00:19:23",213.5,1,vgkuvshinov
8710,16660930,"Chung Ching Yeh","2026-08-04 14:44:34",213.3,2,chungchingyeh
8711,16663658,oriolgalceran,"2026-09-16 05:10:58",213.1,2,oriolgalceran
8712,16712395,"Zuohong Pan","2026-08-12 12:15:40",213.1,1,pshuaibi
8713,16794720,"paola hernandez55","2026-08-31 04:19:31",213.1,1,paolahernandez55
8714,16700832,Blitz,"2026-08-10 11:37:18",213.1,1,premshinde
8715,16735735,Rishabh@1304,"2026-09-12 10:08:51",213.0,2,rishabh1304
8716,16702060,Mcusac,"2026-08-13 19:42:54",213.0,1,mcusac
8717,16789570,wyananwyanan,"2026-09-16 03:05:19",212.3,2,wyananwyanan
8718,16658311,zkskhurram,"2026-08-05 07:59:40",212.3,2,zkskhurram
8719,16659910,"Shraddha Kumbhar","2026-08-07 09:55:58",211.7,2,raj113
8720,16844194,小林周人,"2026-09-06 15:52:14",211.6,2,kobashu
8721,16663438,"Varun Prajapati","2026-08-08 21:54:54",211.5,2,"krunalasari,varun2206"
8722,16668024,"Igor Burkov","2026-08-07 04:35:37",211.5,2,igorburkov
8723,16661969,"Raja T","2026-09-16 13:09:28",211.3,2,rajathiagaraj
8724,16751141,DeadJed,"2026-08-26 11:10:40",211.2,2,deadjed
8725,16851731,"Amar 5454","2026-09-14 10:28:42",211.1,2,amar5454
8726,16723404,"Mahdi Al Hajji","2026-08-20 02:13:12",210.9,2,mhh1430hacker
8727,16659283,"DILEEP POTHULA","2026-08-08 06:43:15",210.7,2,dileeppothula
8728,16670747,"Aryan Kumar Chaudhary","2026-08-11 22:46:05",210.4,2,"aryankumarchaudhary,rakshitmundra"
8729,16657525,"Alae Lakhdar","2026-08-05 08:10:49",209.5,1,alaelakhdar
8730,16668379,dccgps,"2026-08-08 05:44:36",209.4,1,dccgps
8731,16623274,Mhmda81,"2026-08-03 00:10:04",209.3,2,mhmda81
8732,16666414,salyamq,"2026-08-05 16:41:38",209.1,1,salyamq
8733,16660749,"PavanK Saketh","2026-08-04 13:38:48",209.0,2,pavanksaketh
8734,16674093,"Hoàng Trần Đặng Minh","2026-08-06 08:54:38",208.9,1,hongtrnngminh
8735,16685568,Secertive,"2026-08-08 17:59:52",208.8,1,secretiveplotter1863
8736,16688190,"Win M","2026-08-08 00:28:18",208.8,1,winmet
8737,16778545,Mizunooo,"2026-09-10 10:16:12",208.7,2,mizunooo
8738,16677786,"[Deleted] aec7dc1f-59cb-486f-998a-d2407e297536","2026-08-26 13:39:08",208.7,2,del=0fde9ba2630fee3c
8739,16639615,rickzai,"2026-09-01 05:37:21",208.5,2,rickzai
8740,16687337,"sravani kamjula","2026-08-07 19:38:39",208.4,2,sravanikamjula
8741,16831130,"Khushar Pal","2026-09-06 15:21:15",208.4,2,khusharpal
8742,16791131,"Maria Carolina BRAY","2026-09-16 20:12:15",208.3,2,mariacarolinabray
8743,16730086,HanaGhanem,"2026-08-16 23:44:56",207.9,1,hanaghanem
8744,16663913,"Aanaa Kaliil","2026-08-05 15:15:31",207.2,2,aanaakaliil
8745,16672284,"Dhruv | AI/ML Engineer in Progress","2026-08-07 06:55:13",207.1,1,dhruvdipakchudasama
8746,16661689,"David Rao","2026-08-04 18:27:01",207.1,1,davidrao63
8747,16675428,"Farhan Khairullah","2026-08-09 16:22:00",207.1,2,farhankhairullah06
8748,16669473,"William Bickelmann","2026-08-05 17:47:13",206.9,1,williambickelmann
8749,16744461,"Adiratna Kamble","2026-08-21 22:05:13",206.8,1,adiratnakamble
8750,16651507,jappanini,"2026-08-03 09:14:04",205.9,1,jappanini
8751,16897489,"East Kowloon","2026-09-16 16:15:46",205.7,2,"haydenmlh,veron0611"
8752,16633133,Holeneckles,"2026-09-16 17:15:47",204.9,2,holeneckles
8753,16657628,Hamo,"2026-08-07 12:00:21",204.1,2,mohamed2223
8754,16682689,HenryRichardson1,"2026-08-07 10:00:12",204.0,1,henryrichardson1
8755,16749225,"Hisyam Prasetyo","2026-08-27 11:26:07",204.0,2,hisyamprasetyo
8756,16885565,"Shiva Rupan S","2026-09-13 11:19:14",203.6,1,shivarupan20me
8757,16663910,"Shivram Nekkanti","2026-08-07 14:38:04",202.6,1,shivramnekkanti
8758,16654482,SarahShams,"2026-08-14 16:36:06",202.3,2,sarahshams
8759,16663333,"Iago Moura e Moreira","2026-08-04 20:05:06",201.7,1,iagomouraemoreira
8760,16661252,"Andrzej Walczak","2026-08-05 09:46:19",201.7,2,andrzej1983
8761,16826118,shishuyang11,"2026-09-04 06:50:04",201.1,1,shishuyang11
8762,16668438,"Sahil Suman","2026-08-16 17:09:20",200.8,1,sahilmanavraunak
8763,16858512,lkjmo123,"2026-09-09 06:45:18",200.7,1,lkjmo123
8764,16769470,HaHHYbYY,"2026-08-26 07:52:33",200.3,1,hahhybyy
8765,16841294,"Annu Rana1","2026-09-09 18:12:34",200.1,1,annurana1
8766,16692652,"Harsith R","2026-08-08 20:26:56",200.0,1,chiefofpredicitions
8767,16768568,Nour102006,"2026-08-27 04:46:00",199.7,2,nour102006
8768,16697628,"Yash Sharma","2026-08-17 15:33:32",199.7,2,yashsharma42
8769,16773358,yogeshgoudapatil,"2026-08-27 14:59:13",199.6,2,yogeshgoudapatil
8770,16662108,nhkien,"2026-08-05 06:52:18",199.5,2,nhkien
8771,16741239,"fjf 1asd","2026-08-19 08:46:31",198.9,1,fjf1asd
8772,16723262,"Tiago OliveiraLL","2026-08-28 18:22:12",198.7,1,tiagooliveirall
8773,16639465,"Gabriel Aguiar Leao","2026-08-02 00:23:49",197.3,1,"gabrielaguiarleao,marcositta"
8774,16897043,"Suyog Dahal","2026-09-15 12:57:27",197.2,1,uzumakidahal
8775,16717586,wangjialu2333,"2026-08-15 09:29:36",197.0,1,wangjialu2333
8776,16665463,Seendon,"2026-08-06 19:19:25",196.9,2,informationminer
8777,16658898,"SRI shiva","2026-09-16 04:42:25",196.8,2,srishiva
8778,16817626,"Jaya Singh","2026-09-15 13:30:37",196.7,2,jayasingh12
8779,16655482,Apoorv007,"2026-08-04 01:55:41",196.4,1,apoorv007
8780,16666037,"Matheus Marques","2026-08-06 06:03:28",196.3,2,mathmarquesbr
8781,16656771,"thushara bandara","2026-08-07 04:13:43",195.9,2,dushyanthibandara
8782,16656196,"Vishwash Golakiya","2026-08-27 01:07:00",195.4,1,vishwashgolakiya
8783,16709957,"Lei Gao","2026-08-12 04:03:42",195.2,1,leigao31
8784,16668048,"Gazi Sayem Uddin Samir","2026-08-05 14:29:51",194.9,2,gazisayemuddinsamir
8785,16660146,4Solver,"2026-08-08 02:06:19",194.7,2,msfbiolinhares
8786,16679713,"John william Vicente 🇧🇷","2026-08-07 00:38:57",194.2,1,chrollo079
8787,16706557,"Nurullah Gundogdu","2026-08-11 17:52:07",194.0,2,nurullahgundogdu
8788,16724325,Melancholian,"2026-08-15 06:43:12",193.5,1,kasaneru
8789,16769114,angayoung,"2026-08-25 07:22:00",193.5,1,joaga0603
8790,16889817,"Om Patelxyz","2026-09-14 07:04:40",192.9,2,ompatelxyz
8791,16677328,"Eng. Husnain","2026-08-08 13:13:23",192.4,2,enghusnain
8792,16891040,"Nasri Siwar","2026-09-16 20:03:28",192.0,2,sassounasri
8793,16684237,Zen_0910,"2026-08-07 17:07:02",191.8,1,zendeptrai
8794,16681610,"team maccy","2026-08-07 20:27:06",191.7,1,robertgama
8795,16661494,"Arulmaniyan Rajavel","2026-08-22 13:46:58",191.5,2,arulmaniyanrajavel
8796,16663448,"Adel I.","2026-08-07 12:55:44",191.2,2,adelid
8797,16860921,jayjayfff,"2026-09-10 01:25:36",191.1,2,jayjayfff
8798,16807557,coolz,"2026-09-09 06:35:51",191.0,2,cooolz
8799,16644360,Mathous,"2026-08-02 20:28:00",190.7,1,mathisdac
8800,16823341,"Agnieszka Sobala","2026-09-03 20:15:55",190.3,1,agnieszkasobala
8801,16623131,"Liam Carrig Newsam","2026-08-04 00:00:03",190.2,1,liamcarrignewsam
8802,16807010,cjsrudals,"2026-09-13 08:33:47",190.0,2,cjsrudals
8803,16679470,"GamaL Mahmoud","2026-08-08 13:33:52",189.8,2,gamalmahmoudtaha
8804,16785398,"Vitória Freitas","2026-08-28 20:07:12",189.0,1,vitoriafreitas13
8805,16869551,"Adrien ple","2026-09-11 12:48:34",188.8,2,adrienple
8806,16724242,"Romash Koirala","2026-08-20 11:34:14",188.4,1,romashkoirala
8807,16871895,"Sahil Raval","2026-09-15 10:57:48",188.3,1,sahilraval1311
8808,16667238,"Srija ganguluri","2026-08-07 10:14:48",188.2,1,srijaganguluri
8809,16652159,Boson328,"2026-08-04 10:06:13",188.0,1,boson328
8810,16713329,qrcodeTH,"2026-08-13 08:22:40",187.7,2,thanaphumsaywonin
8811,16664315,happy_boy_2007,"2026-08-12 09:04:40",187.6,1,happyboy2007
8812,16665371,"Kevoh Mutwiri","2026-08-24 19:31:27",186.7,2,kevohmutwiri
8813,16738778,"DILIP BAVISKAR","2026-09-13 09:12:49",185.5,2,dilipbdilipb
8814,16698307,AnasAl7,"2026-08-10 13:08:08",185.5,2,anasal7
8815,16693318,meow3301,"2026-08-09 02:33:34",184.0,2,meow3301
8816,16802035,"sanchit atre","2026-09-01 09:31:07",184.0,2,sanchitatre
8817,16653906,swaroop41,"2026-08-04 05:53:29",183.6,2,swaroop41
8818,16683903,Saju,"2026-08-17 11:31:45",182.9,1,sajutr
8819,16740263,"Scott Weeden","2026-09-15 23:41:42",182.6,2,scottweeden
8820,16838890,"Yisher Xia","2026-09-05 16:09:13",182.1,1,yisherxia
8821,16676992,NIDHIHEER01,"2026-08-16 17:09:00",182.0,1,nidhiheer01
8822,16656278,"Bhuvaneshwari Rebba","2026-08-04 09:20:36",181.9,1,bhuvaneshwarirebba
8823,16893966,"Nguyễn Thái Duy","2026-09-15 08:12:14",181.8,1,nguyenthaiduytgu
8824,16663945,anyasri,"2026-08-18 03:52:31",181.7,2,anyasri
8825,16692568,"Muhammed Gulfam Toor","2026-08-13 19:04:32",181.6,2,gultoor
8826,16674390,yangluo1,"2026-08-08 01:31:08",181.4,2,yangluo1
8827,16832928,"Ilgar Gurbanov","2026-09-10 12:41:23",181.2,2,ilgargurbanov57
8828,16656954,"Marwan Elmetwally","2026-08-04 05:56:29",181.1,2,marwanelmetwally
8829,16770924,rohit,"2026-09-12 05:08:35",181.0,2,rohitsrinivasan31
8830,16877079,"Saptak Banerjee","2026-09-11 19:09:58",180.8,1,saptakbanerjee123
8831,16662630,"M.mohamed Muhasir","2026-08-05 18:25:39",180.5,2,mmohamedmuhasir
8832,16658033,"sanjay Ghalagi","2026-08-27 15:29:34",180.4,2,sanjayghalagi
8833,16895191,"Oluwatobi Ojekanmi","2026-09-16 12:53:27",180.4,2,oluwatobiojekanmi
8834,16659929,"MAMADOU LY (LY BOUSSO 45)","2026-08-13 11:43:25",180.3,2,mamadoulylybousso45
8835,16654827,"ADITYA KUMAR MISHRA","2026-08-03 20:07:22",179.7,1,aditya1kumarmishra
8836,16717600,"Collistus Kibe","2026-08-21 22:13:38",179.7,2,collistuskibe
8837,16701106,moshito,"2026-08-10 14:13:58",179.7,2,"danamaulana123,moshito,naufaldhiaulhaq01"
8838,16635248,eosphor,"2026-08-01 09:46:59",179.6,2,eosphor
8839,16794292,"Taylor Clark","2026-09-15 06:27:56",179.4,2,taylorclark637
8840,16756875,"Meryem Kevser Keskin","2026-09-01 21:30:35",179.4,2,meryemkevserkeskin
8841,16668018,"DAVID CHEW HL","2026-08-06 06:36:34",179.3,2,davidchewhl
8842,16736759,"Lavesh Kadam","2026-08-18 10:55:05",179.0,1,laveshk314
8843,16632418,"Bretokce 3amich","2026-08-07 12:18:26",178.6,2,bretokce3amich
8844,16662933,"Marcelo Pereira","2026-08-19 01:14:40",177.7,2,marcekkusrp
8845,16663525,"Eric Hilary Smith","2026-09-16 19:15:20",177.1,2,erichilarysmith
8846,16657892,"Boonanan namna","2026-08-17 04:36:04",177.0,1,boonanannamna
8847,16656210,"Sanjay Suthraye","2026-08-04 14:55:13",176.9,2,sanjaysuthraye96
8848,16784431,"Régis Meyssonnier","2026-08-28 14:47:27",176.6,1,rgismeyssonnier
8849,16681895,Akshar,"2026-08-07 06:16:19",175.4,2,aks0625
8850,16713002,"Adithya M","2026-08-13 15:42:17",175.4,2,adithya3907
8851,16630725,"vaibhav vyas","2026-08-06 10:56:52",174.9,2,vaibhavvyas0
8852,16743630,TRP,"2026-09-01 17:06:48",174.7,2,tejratanpaulrocky
8853,16658693,leehuilong,"2026-08-06 12:49:22",174.5,2,leehuilong
8854,16691502,"DILANE FOGUE KAMGA","2026-08-08 15:20:05",174.5,1,dilanekamga
8855,16632111,"Arda Çiftçi","2026-08-04 20:03:37",174.5,2,ardaciftci
8856,16670462,"Talha Kayar","2026-08-15 15:24:03",174.4,2,talhakayar
8857,16889278,"Ari Kurniawan92","2026-09-14 08:32:53",174.1,1,arikurniawan92
8858,16690112,"Ayush Tripathi","2026-08-17 09:03:03",173.3,2,ayushtripathi112
8859,16731142,yshinok,"2026-09-16 23:32:47",173.2,2,yukishinohara0114
8860,16657578,raushancoursework,"2026-08-05 06:54:51",172.9,1,raushancoursework
8861,16750391,"Batuhan Yerebasmaz","2026-08-20 18:34:21",172.8,2,batuhanyerebasmaz
8862,16660978,"Maksym Khavil","2026-08-04 13:43:48",172.5,1,maksymkhavil
8863,16633551,"Subarno Sen","2026-08-25 04:42:35",172.5,2,lordfiftyfive
8864,16715354,"Alyssa Clark","2026-08-14 02:52:26",172.3,2,a1yssaclark
8865,16663334,"sameer mughal","2026-08-29 20:12:57",172.0,2,sameermughal109
8866,16697339,"Muhammad Safwan Ahmad Saffi","2026-08-15 00:28:21",171.9,2,safwanahmadsaffi
8867,16668495,Herisitraka,"2026-08-05 17:16:28",171.7,2,herisitraka
8868,16719771,"Oleg Papulov","2026-09-12 11:31:22",171.6,2,olegpapulov
8869,16654098,"Mohd Zaki","2026-08-26 01:46:45",171.6,2,mdzaki08
8870,16840168,"gratefully dumb","2026-09-09 16:11:57",171.3,1,gratefullydumb
8871,16690188,Anurag,"2026-08-08 10:20:42",171.3,2,kumaranu2007
8872,16793392,"reda elkrouchni","2026-09-02 16:16:05",171.2,2,redaelkrouchni2
8873,16727681,JanV123,"2026-09-06 05:37:07",171.1,2,janv123
8874,16658440,"Gloria Lourelynn S","2026-08-04 15:16:09",170.9,1,glorialourelynn
8875,16752120,"Görkem Tuğ","2026-08-24 10:45:35",170.9,2,grkemtu
8876,16658401,"Aryan Lonare","2026-08-04 09:55:47",170.8,2,aryandyalullonare
8877,16729010,"karan sankhe","2026-08-16 15:15:45",170.1,2,karansankhe1356
8878,16854169,"[Deleted] fe7af88d-d80f-4441-a8c5-3cca6b980e41","2026-09-09 12:41:02",170.1,2,del=0749851e202390c3
8879,16730380,"FOKRUL ISLAM LECTURER","2026-08-19 01:56:28",170.1,2,fokrulislamlecturer
8880,16748453,LINJINYAN,"2026-09-06 14:25:23",169.9,2,linjinyan
8881,16653462,"Ruchi Scott","2026-08-12 12:19:19",169.8,2,ruchiscott
8882,16685093,"Huzaifa Inam","2026-08-07 13:47:15",169.6,2,huzaifainam
8883,16654124,"Aditya Kumar Singh","2026-08-05 09:57:29",169.6,2,adityq121608
8884,16773333,"Abdullah javed Javed","2026-09-05 03:13:57",169.6,2,abdullahjavedjaved
8885,16680858,"Harshul Gupta","2026-08-21 04:40:05",169.3,2,harshulgupta77
8886,16629441,Sofia_Gilka,"2026-08-01 07:45:58",169.1,2,sofiagilka
8887,16670777,"Aman Yitbark","2026-08-13 05:43:27",168.9,1,amanyitbark
8888,16657306,"Krunal Chavda","2026-08-07 21:38:11",168.8,2,krunalchavda21
8889,16875898,"Sai Krishna Pakkir","2026-09-11 17:30:49",168.7,2,saikrishnapakkir
8890,16633003,"K Mukhiya ","2026-08-01 12:09:51",168.7,2,kmukhiya
8891,16890196,hello518123,"2026-09-14 08:51:52",168.4,1,hello518123
8892,16654384,"Alladi Sai Kalyan Raman 24BCE1509","2026-08-30 09:33:11",168.4,2,alladisaikalyanraman
8893,16688165,"David @ Koantek","2026-08-25 23:53:17",168.3,2,artificialbrilliance
8894,16724995,dice1494,"2026-08-16 08:51:34",168.3,1,dice1494
8895,16657462,"CROP CODERS","2026-08-10 18:00:28",168.3,2,"dhanvanthraj,raghavan9944,shanmugam666,sitha2345,sumaiyahibrahim"
8896,16623563,"Jocelyn Dumlao","2026-09-01 02:35:54",168.2,2,jocelyndumlao
8897,16659271,Hamish,"2026-08-12 12:48:51",168.1,2,hamishdickson
8898,16669142,"Jaclyn Agee","2026-08-07 15:21:06",167.9,2,jaclynagee
8899,16793648,Sarda___,"2026-08-30 16:51:21",167.8,2,brainnotfound3
8900,16734896,pattikamo,"2026-08-27 10:52:28",167.7,2,pattikamo
8901,16690433,"Amar Amar Gupta","2026-08-15 10:08:37",167.5,2,amaramargupta
8902,16677403,bababoy,"2026-08-15 14:55:17",167.4,2,adrienrenard
8903,16802348,Shergill_17,"2026-09-01 11:17:15",167.4,2,shergill17
8904,16785085,"THEEPAN S.S","2026-08-28 16:35:39",167.3,2,theepanss
8905,16664586,"Owen Lim","2026-08-05 05:42:25",167.2,2,owenlim45
8906,16686834,Kaabbil,"2026-08-09 16:14:49",167.1,2,"dr3aking,kaabbil"
8907,16864193,"[Deleted] b3063c6b-024a-4ece-902e-6edde232fe9f","2026-09-10 06:27:50",167.0,2,del=d26e59586a26ce18
8908,16670662,"Gina Lee","2026-08-11 22:45:21",166.8,2,ginaleegdm
8909,16697466,"hunain shahid","2026-08-11 06:12:38",166.7,2,hunainshahid230
8910,16671985,"vishal waghchaure","2026-08-07 09:25:36",166.6,2,vishalwaghchaure
8911,16655573,"Probablyaphilosopher ","2026-08-16 00:01:40",166.4,2,probablyaphilosopher
8912,16667231,bettsy,"2026-08-05 12:12:35",166.2,2,bettsy
8913,16712562,"Sagar Singh","2026-08-17 09:28:26",166.0,2,acrejzz
8914,16657227,"Anusha Marla","2026-08-04 07:05:53",165.9,2,anushamarla
8915,16666706,baijiachang,"2026-08-05 11:04:21",165.9,1,baijiachang
8916,16658522,"Amna khanii23","2026-08-07 05:15:47",165.6,2,amnakhanii23
8917,16863892,brunoarpa,"2026-09-10 02:43:09",165.6,1,brunoarpa
8918,16672322,"khalil ur Rehman","2026-08-13 05:10:03",165.4,2,khalilurehman
8919,16657344,"Ombayo fredrick","2026-08-04 14:04:04",165.3,2,ombayofredrick
8920,16671232,"sms tcil","2026-08-07 13:03:30",165.3,1,smstcil
8921,16656164,"Justin Schomer","2026-08-09 09:05:59",165.2,2,fathersecurity
8922,16780986,Azizbek,"2026-09-01 14:26:45",165.2,2,miracle88
8923,16777407,"Fahrur Rozzi","2026-08-26 23:01:52",165.2,1,frozzi18
8924,16757671,xxxxc47,"2026-08-22 08:25:52",165.2,1,xxxxc47
8925,16663265,"Darlington Ayakazi","2026-08-04 20:26:08",165.1,1,darlingtonayakazi
8926,16641277,Zenieverse,"2026-08-30 05:09:04",164.9,2,zenieverse
8927,16688288,"Ojo Oluwadamilare","2026-08-08 01:43:30",164.7,2,ojooluwadamilare
8928,16707062,"G DOLANARASIMHA","2026-08-11 12:18:02",164.6,2,gdolanarasimha
8929,16664875,SaiSujitPunukollu,"2026-08-05 05:46:11",164.5,1,saisujitpunukollu
8930,16843225,"Tobenna Okeke","2026-09-06 12:09:22",164.4,2,tobezzi
8931,16690195,"Manshi Shukla","2026-08-08 10:12:24",164.2,2,manshishukla
8932,16632458,"RAMAN BANSAL","2026-08-24 04:35:56",164.2,1,ramanbansal
8933,16722089,"Saidjon Ramazonov","2026-08-16 05:51:50",164.1,2,saidjonramazonov
8934,16784932,"Shefali Pradhan","2026-08-29 10:03:30",164.1,2,shefalipradhan
8935,16723289,"Caio Saboia","2026-08-28 18:24:29",164.1,1,caiosaboia
8936,16662099,"The Algorithmist","2026-08-04 23:41:59",163.7,2,riyagheewala
8937,16725990,"Parth Tomar","2026-08-24 12:35:45",163.7,2,parthtomar193
8938,16712568,"Tanvi Dobariya","2026-08-14 17:39:52",163.7,1,tanvidobariya
8939,16660285,"Sawan Kohli","2026-08-06 13:11:44",163.4,2,sawankohli
8940,16676026,"Bedashree Swarupa Das","2026-08-06 14:14:21",163.1,1,ashokkumardasbedashr
8941,16667968,ChronosData,"2026-08-18 14:25:43",162.9,2,codex5843
8942,16814946,"Bekama Regasa Negewo","2026-09-03 07:30:36",162.9,1,bekamaregasanegewo
8943,16658635,"Deepak Kumar ","2026-08-05 02:38:29",162.8,2,deepak2026ml
8944,16630041,"Devi prashad tripathi","2026-08-03 17:56:58",162.8,1,deviprashadtripathi
8945,16662557,"Naman Sudershan","2026-08-05 13:21:08",162.8,2,namansudershan
8946,16723068,"Clara Lima Silva","2026-08-21 21:39:57",162.4,1,claralimasilva
8947,16662083,ihabkaggle,"2026-08-07 00:42:33",162.3,2,ihabkaggle
8948,16661447,"Sibel Özbek","2026-08-04 20:50:27",162.2,1,sibelzbek
8949,16662803,"Ashish Gawade","2026-08-04 19:11:19",162.0,2,ashishgawade
8950,16637099,tobhull,"2026-09-09 01:58:40",162.0,2,tobhull
8951,16756868,"Anisha Maurya","2026-09-05 19:29:41",161.9,2,anishamaurya
8952,16697143,"Jeisa Mathew","2026-09-06 13:04:00",161.1,2,jeisamathew
8953,16799001,"Trịnh Quang Minh","2026-09-01 05:16:32",160.8,1,trnhquangminh140
8954,16778908,"PATIL ADITYA PANDURANG","2026-09-01 17:34:33",160.7,1,"jagdalepranavsagar,patiladityapandurang,pavankadam7005"
8955,16658577,farmercode261,"2026-09-12 03:26:38",160.6,2,hifnikhakim
8956,16739102,"Mithulya Kumarapeli","2026-08-30 03:53:39",160.2,1,sandalim
8957,16683577,"Ankush Kumar M","2026-08-07 13:19:05",160.1,2,ankushkumarm
8958,16624973,"Mrunmayee Kulkarni","2026-07-31 06:16:46",160.0,1,kulmrun
8959,16715896,新木,"2026-08-18 05:25:46",159.8,1,sunchief
8960,16667886,"Ubaid ur rehman 0345","2026-08-05 15:23:12",159.8,2,ubaidurrehman0345
8961,16777666,Lithops1112,"2026-09-05 08:20:21",159.7,2,lithops1112
8962,16662334,"Andres Beltran","2026-08-04 22:58:11",159.6,2,andresbeltran05
8963,16629426,"Abdullah Qureshi","2026-07-31 10:00:44",158.8,2,abdullahqureshi120
8964,16737641,"PATIL ATHARV VIJAYKUMAR","2026-09-07 05:35:17",158.8,2,"atharv095022,patilsarthakvilas,sonuretusharsuresh"
8965,16730922,"Shengyuan Yin","2026-09-13 08:07:37",158.7,2,flaming0
8966,16634761,"CHARHBILI Moad","2026-08-07 13:44:23",158.5,1,charhbilimoad
8967,16697716,ZEO,"2026-08-09 19:43:41",158.4,1,anuppatil29
8968,16729148,"Marco M","2026-08-16 22:51:36",158.1,1,marcoms1000
8969,16658362,MHaurel,"2026-08-09 15:32:45",157.7,1,hetax17
8970,16658969,"Yuri Maslov","2026-08-04 10:11:45",157.4,1,yurimaslov
8971,16664458,"Prantik Chandra","2026-08-05 05:47:10",157.0,1,prantikchandra
8972,16714589,xinsu9898,"2026-08-16 22:26:49",156.7,1,xinsu9898
8973,16625029,Hilarus,"2026-08-01 15:59:02",156.4,2,hilagbag
8974,16740144,Salmon,"2026-08-21 12:55:13",156.3,2,shin3110
8975,16827437,kaedehs33-max,"2026-09-08 03:06:50",156.2,1,kaedehs33max
8976,16705360,Elahi,"2026-08-18 05:49:00",156.0,2,mmelahi
8977,16718139,"shah jatin","2026-09-14 15:40:49",155.8,2,shahjatin
8978,16861721,"SJ Gamsyy","2026-09-11 09:40:23",155.8,2,sjgamsyy
8979,16640468,"Sohangkumar Patel","2026-08-26 15:00:44",155.7,2,samsamurai
8980,16690199,"Lavkush Yadav","2026-08-08 10:20:55",155.3,1,lavkushyadavcse
8981,16665223,"Sawon Mitra","2026-09-06 17:13:28",155.2,2,sawonmitra
8982,16689844,IchikaHoshino,"2026-09-16 12:59:26",155.2,2,htunkhi
8983,16669311,Schoki,"2026-08-17 22:26:49",155.2,2,jensdnisch
8984,16680419,"Tech Changer","2026-08-17 12:31:58",154.8,1,johnbibin
8985,16662662,"Joaquim Jose1","2026-08-04 17:57:03",154.3,1,joaquimjose1
8986,16721941,"Rita Ohabuenyi","2026-08-14 12:57:37",154.1,2,ritaohabuenyi
8987,16904721,"Creeper Thánh","2026-09-16 06:35:52",153.9,1,creeperthnh
8988,16752481,"Thanh Toan","2026-08-21 08:33:13",153.9,2,tonnglthnh
8989,16775493,"JOE DEVA JERRY D ","2026-08-26 15:41:55",153.7,1,joedevajerryd
8990,16661500,"yagnit sutariya","2026-08-04 15:34:39",153.3,1,yagnitsutariya
8991,16662269,"KAMLESH KUMAR POKHARNA","2026-08-06 17:25:51",153.2,2,kamleshkumarpokharna
8992,16679979,Pranav6657,"2026-08-07 02:40:48",153.0,1,pranav6657
8993,16659062,"MOHAMMAD SUBHAN PASHA","2026-08-17 07:14:09",152.6,1,mohammadsubhanpasha
8994,16659036,"Mohammed Kaif","2026-08-04 10:41:22",152.2,2,mkaif001
8995,16701997,zran1t,"2026-08-15 14:10:18",151.7,2,zran1t
8996,16713896,"Quantum Fusion","2026-08-14 12:12:34",151.6,1,gugurobotics
8997,16669346,"Jalpesh Vasa","2026-09-15 08:54:46",150.6,2,"deep1812,jalpeshvasa"
8998,16730745,"Aymerou Yaya Koné","2026-09-16 04:57:31",149.9,2,aymerouyayakon
8999,16858886,twispur,"2026-09-09 07:38:09",149.5,1,twispur
9000,16885883,"Stepan Kobaidze","2026-09-16 18:12:28",149.4,2,stepankobaidze
9001,16841612,"Jordan #2","2026-09-10 16:51:25",149.1,2,jordantay
9002,16705490,"KASTHURI DEVI M","2026-08-13 10:42:42",148.8,2,kasthuridevim
9003,16654363,"NIKHIL YADAV","2026-08-17 21:20:32",148.3,2,nikhilyadav232223
9004,16677081,"Brandon Gaston","2026-08-12 23:49:58",148.0,1,mushmon
9005,16886819,"Rebecca Shirievo","2026-09-16 17:29:07",147.7,2,rebeccashirievo
9006,16718605,"صفاء عبد الرقيب","2026-09-06 19:27:10",146.6,2,bssgirl
9007,16884753,God111,"2026-09-13 05:22:00",146.6,1,god111
9008,16754111,"Kalpana Patki","2026-08-22 16:05:10",146.5,1,kalpanapatki
9009,16795043,"SONU RAUT","2026-09-05 11:51:59",145.5,2,sonuraut
9010,16675863,"Habib ullah","2026-09-14 15:58:27",145.1,2,habibullah123456789
9011,16793536,yukko08,"2026-09-14 16:37:04",142.0,1,yukko08
9012,16658189,"Zale John","2026-08-26 00:48:24",141.1,2,zalejohn
9013,16756344,"Pasindu Perera","2026-08-21 19:21:11",140.7,1,amavinperera
9014,16662859,"Mohamed Zahran","2026-08-05 04:41:56",140.5,1,zrnking2012
9015,16904320,"Flying Duck","2026-09-16 07:04:29",139.4,1,dreame1
9016,16621565,"salih chindo","2026-08-12 19:45:58",138.9,1,salihchindo
9017,16707146,kaganou,"2026-08-11 13:19:53",138.6,1,kaganou
9018,16777923,Sho,"2026-09-15 13:55:53",138.1,2,shoito08190904
9019,16681056,"Aryan Jhingan","2026-08-11 18:53:48",136.7,2,aryanjhingan
9020,16731986,Vugar3,"2026-08-17 10:51:29",136.4,2,vuqarxudvrdyev001342
9021,16847667,"Tushar Barman","2026-09-12 20:30:34",135.1,2,tusharbarman
9022,16662123,hannhu40022,"2026-08-04 18:45:07",134.7,2,hannhu40022
9023,16662714,"Amilcar Rodriguez","2026-09-01 04:22:39",134.6,2,amilcarskt
9024,16771841,"Panagiotis Alimisis","2026-09-14 19:04:58",134.5,2,palimisis6
9025,16737040,"Joseph Djian","2026-09-09 10:30:17",133.4,2,djian55
9026,16756264,query_stop,"2026-08-27 00:24:14",133.0,2,jaared
9027,16868591,"Lucas A. Rizzieri","2026-09-11 00:22:41",132.8,2,lucasarizzieri
9028,16727876,"Harrison Wachira","2026-08-16 08:50:03",132.6,1,harrisonwachira254
9029,16640323,"KOUSHIK KUMAR DINDA","2026-08-29 01:55:31",132.6,2,koushikkumardinda
9030,16674774,"Dine ALASSANE","2026-08-07 05:53:28",132.4,2,dinealassane
9031,16691729,"ADOLF FAUSTINE","2026-08-18 02:42:39",132.3,2,adolffaustine
9032,16712406,"L Sangeetha","2026-08-18 01:56:24",131.7,2,lsangeetha
9033,16662230,"Angus Mc Gregor","2026-08-13 21:25:46",131.6,2,angusmcgregor
9034,16686902,"Aaditya Jain","2026-09-14 06:22:21",130.9,2,aadityajain2312
9035,16713435,"Visruti Patidar","2026-08-16 11:18:23",130.9,2,visrutipatidar
9036,16886704,"mohammed alshokry","2026-09-15 14:06:43",130.3,2,mohammedalshokry
9037,16670547,"Maduako Prince","2026-08-05 22:53:03",130.1,2,maduakoprince
9038,16748612,"Priyadharshini B","2026-08-24 12:06:18",130.0,1,priyadh29
9039,16743822,Surya,"2026-08-19 16:21:21",129.8,1,suryapandian
9040,16775483,"Parv Malav","2026-08-26 16:20:27",129.8,2,parvmalav
9041,16755329,SBedrosian123@,"2026-08-21 15:07:41",129.6,1,sbedrosian123
9042,16717094,"[Deleted] 3efc3b54-b875-4c05-8e11-1214498e2853","2026-08-13 12:30:26",129.1,1,del=386289f87b91311f
9043,16756887,"Rushika S","2026-09-13 12:26:14",128.3,1,rushikas
9044,16658299,"Bakar Prabowo!","2026-09-05 08:14:32",128.0,2,"galihrattn,kingki19,ranggacarkawan"
9045,16782192,"Marcelo Correa","2026-08-28 04:15:07",127.8,1,mvcorrea
9046,16680165,"Radwa ALkalifa","2026-08-23 08:39:37",127.3,2,radwahamada
9047,16659871,"Abel Kpoton","2026-08-04 20:41:20",127.1,2,abelkpoton
9048,16656815,"Atharva S. Naladkar","2026-08-06 06:46:40",126.6,2,atharvasnaladkar
9049,16621770,"Rudraksh Zodage","2026-07-30 20:07:49",126.3,2,rudrakshzodage
9050,16716402,"Shashvat Singham","2026-08-13 10:56:39",125.8,1,shashvatsingham
9051,16656643,"Willetta Dettore","2026-08-05 15:33:52",124.8,2,willettadettore
9052,16662142,"Adnan Khan","2026-08-30 06:22:52",124.6,2,iamadnankhan313
9053,16657486,"Turhan TAS","2026-08-10 09:21:40",124.1,1,turhantas
9054,16725070,"Mehak Iftikhar","2026-08-15 13:21:30",123.9,2,mehakiftikhar
9055,16623094,"Claudia Arias Gonzalez","2026-09-15 20:41:42",123.8,2,claudiaariasgonzalez
9056,16653934,"Ayomide Abdulrahmon","2026-08-03 19:22:32",123.4,2,ayomideabdulrahmon
9057,16656235,"Zain Ul Abideen Samo","2026-08-06 15:22:02",123.2,2,zainulabideensamo
9058,16683220,Kongali,"2026-08-10 01:24:37",122.7,2,kongali
9059,16660342,"Adapa Gopireddy","2026-08-04 12:49:43",122.4,1,adapagopireddy
9060,16841368,lware5829,"2026-09-05 20:57:52",122.4,1,lware5829
9061,16690499,SuperAI@2615,"2026-08-11 16:42:48",122.3,2,superai2615
9062,16658297,"Charishma Pillapalem","2026-08-11 12:46:56",122.2,2,charishmapillapalem
9063,16659582,"Srikanth Adivanna","2026-08-04 11:25:45",121.9,1,srikanthadivanna
9064,16670368,"Gary Gitton","2026-08-19 17:03:04",121.0,2,garygitton
9065,16662547,"hiteshsinh solanki","2026-08-05 07:59:16",120.1,2,hiteshsinhsolanki2
9066,16662809,"Chukwu Excellent","2026-08-08 22:06:34",119.9,2,chukwuexcellent
9067,16668691,BeltusTebid,"2026-08-05 16:01:45",119.8,1,beltustebid
9068,16661098,"Muhammad aufa azmi","2026-08-04 15:18:35",119.3,2,muhammadaufaazmi
9069,16679847,"Julio Contreras","2026-08-21 20:29:09",118.7,2,juliocontreras
9070,16723091,"Naiely Silva","2026-08-28 00:53:34",118.4,1,naielysilva
9071,16674328,daniel,"2026-08-06 09:34:23",118.1,1,dkamgamegasoft
9072,16765566,DIYANSH_JAIN7,"2026-09-03 10:56:38",117.9,1,diyanshjain7
9073,16662295,"benja cooper","2026-08-04 17:41:28",117.7,2,benjacooper
9074,16762458,"Promise Matorofa","2026-08-24 10:00:04",117.6,2,promisematorofa
9075,16794281,"adilio freitas","2026-08-30 22:25:36",117.5,1,adiliofreitas
9076,16626218,"Srishti Gauraha","2026-08-08 05:40:23",117.5,1,srishtigauraha
9077,16656685,"Shravani Hibare","2026-08-05 10:15:36",116.8,2,shrahib4725
9078,16636855,"Wynn Koo","2026-08-01 14:03:04",116.7,1,yongfenggg
9079,16657561,Roshdibenrojo83,"2026-08-04 07:19:05",116.4,2,roshdibenrojo83
9080,16626159,"Cảnh Đinh Tiến","2026-08-02 09:17:36",116.0,2,tourist110406
9081,16659840,"Dasari Giri Gabrelu","2026-08-05 13:41:11",115.7,2,giridasari
9082,16659041,"uma mahesh23","2026-08-04 11:50:03",114.7,2,umamahesh23
9083,16623660,"Taylor S. Amarel","2026-07-31 23:36:48",114.6,1,taylorsamarel
9084,16735064,"Harshada Thorat 129","2026-08-18 03:58:34",113.3,1,harshadathorat129
9085,16654509,"Shruti Kondabathula","2026-08-07 18:17:56",113.3,2,shrutikondabathula
9086,16661160,"Roobhasridevi P","2026-08-04 14:31:22",113.2,1,roobhasridevi
9087,16731873,"Abhishek Singh Solanki","2026-08-19 07:24:47",112.8,1,realabhi5hek
9088,16848578,"Tuấn Anh","2026-09-09 04:28:16",112.3,2,tuananhdata
9089,16659097,noril09,"2026-08-04 11:56:35",111.5,2,noril09
9090,16719809,"Milanto FR","2026-08-14 05:37:48",111.2,2,milantofr
9091,16641109,zzgtylors,"2026-08-06 06:21:50",111.1,2,zzgtylors
9092,16746655,"Charan Reddy321","2026-08-25 06:27:38",110.6,1,charanreddy321
9093,16633511,"joshan gladston","2026-08-01 01:19:57",110.4,2,joshangladston
9094,16707468,"SBJ 2205","2026-08-12 09:59:33",109.2,1,sbj2205
9095,16654556,anjipoo,"2026-08-05 15:33:04",108.7,2,anjana0812
9096,16891184,rbjp557,"2026-09-16 09:03:57",108.5,2,rbjp557
9097,16755807,PokeTrader,"2026-09-16 16:52:46",108.2,2,poketrader
9098,16657303,"Tejas Tiwari","2026-08-04 07:32:17",107.5,1,tejaat
9099,16659308,Attaerabi,"2026-08-05 07:52:52",105.2,2,attaerabi
9100,16706591,"Poorvi Shetty","2026-09-16 13:00:05",105.1,2,poorvishetty1
9101,16744618,"Roberth Douglas UFC","2026-08-27 16:33:10",104.9,2,roberthdouglasufc
9102,16726311,"Prince Diwakar","2026-08-16 12:55:18",104.9,2,princediwaker
9103,16662455,"Nenavath Shashi","2026-08-04 18:04:52",104.8,2,nenavathshashi
9104,16662243,"Cepeda Braxton","2026-08-04 19:31:54",104.8,2,cepedabraxton
9105,16658695,"Muskan Zahid","2026-08-04 14:14:02",104.0,2,artificial52
9106,16670552,"Harsh Chaudhary ml","2026-08-05 22:16:25",102.3,1,harshchaudharyml
9107,16621519,Ᏸ𐍂Ꭷ,"2026-07-30 17:30:30",101.0,2,dheerajkannaujiya
9108,16676977,"Akash Babu","2026-09-04 06:45:03",101.0,2,akashbabu17
9109,16659451,anero98,"2026-08-22 20:47:29",100.7,2,anero98
9110,16658666,"VMax Agents","2026-08-04 10:57:49",100.7,1,"akhiildheep,mithun5353"
9111,16760025,DEBI,"2026-09-16 18:55:44",99.9,2,"mayarabdelfattah,omarelmaghraby03"
9112,16654559,"Kerem Ali AVCIOĞLU","2026-08-03 19:28:49",99.4,2,keremaliavciolu
9113,16735323,"Souvik Routh","2026-08-18 04:30:21",99.0,1,souvikrouth
9114,16677441,"ERREGUI YOUSSEF","2026-08-06 18:02:39",98.8,2,erreguiyoussef
9115,16656240,"SACHIN KUMAR","2026-08-10 03:13:24",96.9,2,sackm123
9116,16743241,"Adhvaith KS","2026-09-02 14:30:35",95.9,1,adhvaithks
9117,16623953,"Denuwan Wijesinghe","2026-08-01 07:57:04",94.8,2,denuwanwijesinghe
9118,16665079,"Maguluri Keerthi","2026-08-05 06:16:03",94.8,2,magulurikeerthi
9119,16798631,dzlabs,"2026-09-01 09:57:10",93.7,2,dzlabs
9120,16691542,Tushar_SVC,"2026-08-11 04:12:09",93.3,2,tusharsvc
9121,16663161,"Pial Mahmud","2026-08-17 10:38:21",93.2,2,pialgroup
9122,16654711,"Rupam Bhattacharjee1","2026-08-14 16:43:07",92.7,1,rupambhattacharjee1
9123,16769234,"Akshar #2","2026-09-03 09:38:13",92.4,2,aksharzala
9124,16867360,kagg24293,"2026-09-11 08:19:36",92.1,2,kagg24293
9125,16667489,"Cornol Lieto","2026-08-05 12:31:14",91.6,1,lietocornol
9126,16660340,"pawan sondhiya","2026-08-07 06:22:38",90.9,2,pawansondhiya
9127,16663277,"Mariana Mejía","2026-08-24 23:58:54",89.0,2,marianameja
9128,16656485,stunningvn,"2026-09-08 07:40:44",88.8,2,dedquoc
9129,16707084,"3G 🐮🍺","2026-09-16 20:06:23",88.8,2,dfgtde
9130,16700316,"Pranav Waghmare","2026-08-11 16:29:05",88.3,1,waghmarepranav6
9131,16666273,"Wondu Zerihun","2026-09-08 07:55:57",87.6,2,zerihun369
9132,16665345,saurabh10june,"2026-08-05 11:53:47",85.9,2,saurabh10june
9133,16857111,tfcygv,"2026-09-09 00:09:00",82.7,2,tfcygv
9134,16803074,"fumihito mori","2026-09-01 14:00:16",81.2,1,fumihitomori
9135,16858278,"Sukma Ramadhan A","2026-09-12 13:22:49",80.4,2,sukmaramadhana
9136,16730854,src,"2026-09-14 06:56:17",80.2,2,skthtu
9137,16661419,"Shivansh Soni","2026-08-04 15:08:01",80.2,2,shivanshsonii
9138,16663897,jayaBhavagan,"2026-08-05 19:34:36",79.9,1,jayabhavagan
9139,16735237,"YASH CHIMAN","2026-08-18 04:20:24",79.6,1,yashchiman
9140,16666836,"Emir Ayvaz","2026-08-07 05:57:00",79.4,2,emirayvaz
9141,16693819,"Hossein Shad Manaman","2026-08-12 03:14:58",78.7,2,hosseinshadmanaman
9142,16633018,purelilyth,"2026-08-20 19:43:09",78.2,2,purelilyth
9143,16770096,Program,"2026-09-14 11:35:12",76.8,2,panagiotapanora
9144,16808545,"Qinyong Wang","2026-09-02 11:53:03",76.8,2,magicwqy
9145,16846758,"Harish More","2026-09-07 07:44:25",76.8,2,harishmore812
9146,16728931,Sathwik2006,"2026-08-16 14:25:36",76.6,2,sathwik2006
9147,16785053,"Rinosh Bethala","2026-08-28 17:52:26",75.6,1,rinoshbethala
9148,16678283,"Ajinkya Digurkar","2026-08-21 10:56:03",75.3,2,"ajinkyadigurkar,sakshiagrawal8818"
9149,16710773,Openaiskrip,"2026-08-12 07:54:38",75.1,2,openaiskrip
9150,16657055,RedKiwi,"2026-08-05 05:57:34",74.9,2,tnmthai
9151,16848280,"Oladipupo Olapoju","2026-09-08 00:24:32",73.5,2,pupoolapoju
9152,16667773,ShashankJha,"2026-08-11 15:41:47",72.4,2,shankinfy
9153,16660886,"Dr.Eldirdiri Fadol ","2026-08-05 05:30:48",71.5,2,dreldirdirifadol
9154,16655748,revathip,"2026-08-06 06:00:14",71.2,2,revathiprakash
9155,16698958,"Shanjaya SK","2026-08-28 15:25:11",70.6,1,"payuu03,shanjayask"
9156,16881964,"Vipeen Kumar","2026-09-16 13:58:16",70.1,2,vipeen
9157,16835282,nico23t,"2026-09-07 14:18:22",70.1,2,nico23t
9158,16666072,Abinash,"2026-08-05 15:07:52",69.9,2,abinashsinha1726
9159,16680428,"Surabhi veda","2026-08-07 01:49:35",69.8,1,surabhiveda
9160,16663406,"Elshan Kazim","2026-08-16 08:38:43",68.8,1,elsnkazm
9161,16730708,ysakuragi,"2026-08-19 01:30:12",67.8,1,ysakuragi
9162,16656777,"Salam Alqerem","2026-08-31 10:59:33",66.7,2,salamalqerem
9163,16659675,"M.Athallah Rafif Aldera","2026-08-06 12:40:14",66.0,2,mathallahrafifaldera
9164,16724806,rin2401,"2026-08-15 09:39:51",64.7,1,rin2401
9165,16773448,"Qamar usman","2026-09-15 17:38:37",64.1,2,qamarmath
9166,16736939,"Flandre 29","2026-08-26 08:23:01",64.1,2,flandre29
9167,16867026,"Aashish Bagmar","2026-09-11 05:14:45",63.8,2,aashishbagmar
9168,16658100,"Nanda Riansyah","2026-08-04 08:55:54",62.8,2,nandariansyah
9169,16761007,"Pankaj Nakhat","2026-08-23 11:48:21",62.7,2,pankajnakhat
9170,16668599,"Hafsa Anwaar","2026-08-05 17:43:21",62.6,2,hafsaanwaar
9171,16716562,"Ananya Maurya","2026-08-13 10:01:25",62.1,2,ananyamaurya
9172,16789546,"lsm jii","2026-08-29 08:48:51",60.9,2,lsmjii
9173,16698953,Locked_in_hell,"2026-08-13 18:31:55",59.0,2,stealthknight
9174,16661711,"Wild Star217","2026-08-30 18:00:18",58.3,2,wildstar217
9175,16714335,"Jake Mordan","2026-09-06 22:35:04",58.1,1,jakemordan
9176,16794173,"Kamran Arshad","2026-08-31 07:19:49",57.9,2,kamranarshad
9177,16785477,"ASHMIL P URK25CS7129","2026-08-28 18:26:11",53.2,1,ashmilpurk25cs7129
9178,16714192,"Nishanth Palugula","2026-08-14 06:51:09",52.6,2,nishanthpalugula
9179,16794052,"Sarthak Mishra","2026-09-10 09:04:26",52.3,2,"aarushverma04,pg541425,sarthak25b15310182,yadavup50"
9180,16684847,"M.Harshavardhan Raju","2026-08-09 16:15:49",51.2,2,mharshavardhanraju
9181,16761521,"Artificial Silicon","2026-08-29 10:17:46",50.3,1,artificialsilicon
9182,16654087,Gabriela_Fernandes4,"2026-08-04 19:12:33",50.1,1,gabrielafernandes4
9183,16640594,Win2207,"2026-08-07 12:05:07",49.5,2,win2207
9184,16723050,"Ítalo Albuquerque","2026-09-11 18:32:23",48.0,2,taloalbuquerque
9185,16673372,"Hadyan Adira","2026-08-14 03:16:30",47.5,2,hadyanadira
9186,16679410,"Leke Glean","2026-08-07 17:29:04",46.4,2,lekeglean
9187,16667339,"Victor Chege","2026-09-01 13:56:51",46.2,2,victorchege0
9188,16644474,"Vihaan Ahluwalia","2026-08-05 13:16:21",45.3,2,vihaanahluwalia
9189,16858496,"Aziz Alqwm","2026-09-16 06:00:09",44.6,2,azizalqwm
9190,16716079,shaurya_pandey@19,"2026-08-13 09:27:49",43.4,2,shauryapandey19
9191,16633932,omikbop,"2026-08-02 12:36:52",41.4,2,omikbop
9192,16719441,Gatranova,"2026-08-14 04:11:54",41.0,2,rafiabiyyuairlangga
9193,16705637,"Vedant Ghodekar","2026-08-11 05:28:57",40.4,1,vedantghodekar
9194,16731524,"Tsyrenov Mergen","2026-08-17 09:42:39",39.3,1,tsyrenovmergen
9195,16780027,rotto,"2026-09-01 13:18:33",36.2,2,pirotototo4023
9196,16675209,lavica,"2026-08-11 13:23:03",34.5,2,lavica
9197,16675819,RohitS001,"2026-08-11 18:05:54",33.9,2,rohits001
9198,16624064,"Hemant Ahlawat","2026-07-31 15:52:56",33.5,2,happyahlawat
9199,16868098,"Arya Patil","2026-09-11 08:00:49",32.6,1,shutterstack
9200,16656753,"TAMAL SINGHA ROY","2026-08-05 07:57:48",32.2,2,tamalsingharoy
9201,16784650,LukasM1,"2026-08-28 14:15:24",31.0,1,lukasm1
9202,16660161,"Antimo Carlino","2026-09-08 19:09:46",29.9,2,antimocarlino
9203,16771156,"Ronald Ayamba","2026-08-25 19:16:26",28.8,1,ronaldayamba
9204,16839644,Mikhail,"2026-09-06 06:52:57",28.2,1,mih2501py
9205,16792786,"Fusion Flux","2026-09-07 06:29:03",27.3,1,mithilleshkumar
9206,16665139,"Siddharaj Kulkarni","2026-08-16 05:23:21",25.7,2,siddharajkulkarni
9207,16633250,Myst19,"2026-08-03 13:25:15",25.7,2,jakeschweikhart
9208,16852322,"Harshit Varma45","2026-09-08 03:54:30",23.6,1,harshitvarma45
9209,16644519,"Shambhu Shekhar Sinha","2026-08-12 18:55:43",23.5,2,shambhushekharsinha
9210,16662721,"Manish Sharma","2026-08-12 17:44:16",21.0,2,themihirsharma
9211,16687628,ruchit,"2026-08-28 11:22:16",18.1,1,ruchitkhade
9212,16708290,"Hrishikesh Thakare","2026-08-12 14:45:08",16.5,1,hrishikeshthakare
9213,16778494,"Agda Niya","2026-08-28 06:43:07",15.6,2,agdaniya
9214,16676428,wayzhengong27,"2026-08-08 06:34:59",14.2,2,"kkkuek,wayzhengong27"
9215,16669011,"Siddiqui Rehan Ahmed Furqan","2026-08-07 05:24:38",12.9,2,siddiquirehanahmed
9216,16811344,"Vineeth Nannuri","2026-09-10 05:19:07",9.5,2,vineethnannuri
9217,16696104,"Harshit Meesari","2026-08-09 14:31:00",8.0,1,harshitmeesari
9218,16673732,"Async Null","2026-08-06 16:55:26",7.3,1,asyncnull
9219,16721495,"404 Crop Not Found","2026-09-01 08:45:29",7.1,2,"aiprojector,boazx15"
9220,16632413,"Varun Patil","2026-07-31 18:41:34",6.5,1,varunpatil262005
9221,16891699,Sriram102,"2026-09-15 04:49:02",5.9,1,sriram102
9222,16654026,"joju shaji","2026-08-09 16:36:43",5.3,2,jojushaji
9223,16720136,"Roaring Cotton","2026-09-15 20:07:58",4.4,2,daviddavidelijah
9224,16662922,BrandonDucar,"2026-09-12 23:12:40",3.5,2,brandonducar
9225,16661152,"Dr.Abdulbaset Musleh","2026-08-19 20:09:26",2.2,2,drabdulbasetaledresi
9226,16657568,"Manpreet Singh","2026-08-08 13:45:41",1.5,2,manpreet1994
9227,16658745,"Shabby farms 2.0","2026-08-16 03:10:28",-1.6,2,rahulk5418
9228,16780318,"Piyush Darinda","2026-08-27 17:28:07",-4.7,2,piyushdarinda
9229,16689555,"kelvin waruingi","2026-08-09 22:45:23",-6.1,2,kelvinwaruingi
9230,16721567,"Neeraj Sharma","2026-09-04 07:21:50",-8.0,1,neerajsharma897
9231,16664822,"Prateek Singh","2026-08-05 05:30:22",-9.9,2,pra73ek
9232,16732320,"Malik Muhammad Arbaz","2026-08-18 13:05:51",-10.7,1,malikmuhammadarbaz
9233,16659501,Duckey,"2026-08-04 13:02:16",-11.5,2,bokangletsapo
9234,16885473,Razazazazaza,"2026-09-15 13:23:00",-16.9,2,razazazazaza
9235,16674526,"Imdadul hasan hamim","2026-08-13 07:32:37",-17.1,1,imdadulhasanhamim
9236,16780057,"Njabulo Hope Makana","2026-09-15 19:38:45",-19.4,2,njabulohopemakana
9237,16654404,"Madhan Sidmal","2026-08-11 21:28:45",-21.1,2,madhansidmal
9238,16809774,farmci,"2026-09-02 16:59:50",-22.0,1,ermismel
9239,16624666,"Avik Das","2026-08-21 08:57:10",-23.8,2,avikdas567
9240,16676890,luciferingstar256,"2026-08-20 15:40:55",-25.5,1,luciferingstar256
9241,16790678,Pujolaras,"2026-09-03 14:45:14",-29.3,1,pujolaras
9242,16679250,srskat,"2026-08-16 08:26:30",-34.5,2,srskat
9243,16731488,"James Kimani","2026-08-27 13:18:20",-36.3,1,jaykim122
9244,16644439," علي ساجد","2026-08-02 21:40:07",-37.4,2,jdvdjdv97171ushd
9245,16659057,"Jolvin James","2026-08-07 08:04:22",-38.9,2,jolvinjames
9246,16735078,"SUDHANSHU PATIL","2026-08-18 04:37:33",-41.9,2,sudhanshupatil10
9247,16689681,"Prakash Rajan","2026-08-09 16:37:56",-43.4,2,prakashai
9248,16885774,"Adama Savadogo","2026-09-14 17:34:16",-44.5,2,adamasavadogo
9249,16792531,"subash jayakumar","2026-08-30 20:14:56",-45.1,2,subashjayakumar
9250,16622991,"Fedor Grigorev","2026-08-27 15:30:57",-53.3,1,fedorgrigorev
9251,16755427,"Daksh Jain","2026-08-21 15:18:57",-57.5,1,dakshu081
9252,16758417,AthulJenson,"2026-08-22 14:21:26",-58.2,1,athuljenson
9253,16663728,"Al'Humairah Ali","2026-08-10 17:28:01",-59.5,1,alhumairahali
9254,16805234,Ryuzaki2325,"2026-09-01 19:44:54",-60.5,1,ryuzaki2325
9255,16721501,αίνιγμα,"2026-09-14 07:00:52",-63.8,2,"muditnagori09,shahidnadaf001"
9256,16629006,ymym_tymblack,"2026-08-22 09:44:39",-69.7,2,ymymtymblack
9257,16709661,sapphirey,"2026-09-07 11:21:05",-76.3,2,sapphirey
9258,16683041,Abhishektyagi649,"2026-08-07 08:37:09",-82.1,2,abhishektyagi649
9259,16713011,"Tasmayu Swain","2026-08-14 15:49:35",-84.4,1,tasmayuswain
9260,16731829,"Alexandra Tricia","2026-08-19 07:03:33",-92.0,2,alexandratricia
9261,16657035,"Christvin Mathew","2026-08-04 08:55:56",-98.4,2,christvinmathew
9262,16685888,LeulYT,"2026-08-10 05:35:44",-99.0,2,leulyt
9263,16808566,"contemporary dance","2026-09-02 22:44:14",-101.0,2,shigeria
9264,16675801,"Neeraj Jha","2026-08-06 13:43:18",-109.8,1,neerajjha1996
9265,16889642,"calvin Grimm","2026-09-14 06:15:04",-111.8,1,calvingrimm
9266,16719181,SaltyCode,"2026-08-16 04:56:22",-150.6,1,saltycode
9267,16660261,"YO_ONE CHAUHAN","2026-08-08 23:49:54",-170.5,2,yoonechauhan
9268,16695221,"Muhammad Daud Abbas","2026-08-12 20:04:32",-174.0,2,muhammaddaudabbas
9269,16794008,HyperPlanz,"2026-08-31 13:08:38",-176.2,2,domiandr000
9270,16724138,"Tuna Xiao","2026-09-07 15:05:12",-178.2,1,tunaxiao
9271,16668701,"Nihal Jamadar","2026-08-09 04:28:26",-182.5,2,nihaljamadar313
9272,16659881,SantosR,"2026-09-08 14:27:04",-184.7,2,santosr
9273,16665495,"sai chand Boppudi","2026-08-07 04:19:58",-189.9,2,saichandboppudi
9274,16728276,"ROHAAN ASIF","2026-08-16 11:20:59",-190.2,2,ordinarydev007
9275,16659864,"Twin Titans","2026-08-08 07:50:33",-192.4,2,"sivahokage,solaisararaju"
9276,16717416,"Timofey Kalyak","2026-08-20 07:04:06",-193.4,1,timofeytweaky
9277,16692837,"Sai Uttam Gite","2026-08-09 11:36:32",-199.5,1,saiuttamgite
